Basic Details,,,,,,Customer Focus,,,Utility Characteristics,,Narrative Highlights and References,,,,Select Tariff Characteristics,,,,,,
State,Utility,Tariff or Service Rule,Status,Year,Last Updated in DELTa,Sector or Segment,Minimum Demand (MW),Minimum Load Factor,Utility Type,ISO/RTO,Narrative Highlights,Docket(s) Link,Final Decision Link,Tariff or Service Rule Link,Contract Term,Load Ramp-Up Period,Minimum Bill as a % of Contract Capacity,Financial Assurance & Contributions,Customer Pays Utility Study Costs,Contract Modification Provisions,Energy Transition Provisions
Alabama,Alabama Power,Rate BTAL: Business Time Advantage – Large,Approved,2025,2025-07 July,Large-Load Customers,0.5,Not Specified,Investor-Owned,"No, but is part of SEEM as a subsidiary of Southern Co.","On January 7, 2025, the Alabama Public Service Commission (PSC) approved Alabama Power's request to modify Rate BTAL Business Time Advantage - Large. The rate is an optional TOU price plan for large business customers with a minimum metered monthly demand of 500 kW (for customers metered and billed on a kVA rate, 625 kVA) at least twice in the previous 12 months. The revised tariff includes language indicating Alabama Power's right to negotiate terms, conditions, and arrangements for supplying customer loads of more than 30,000 kVa of capacity, subject to PSC approval.",Docket No. U-5024,Order,Rate BTAL: Business Time Advantage – Large,5 Years,Not Specified,75%,Not Specified,Not Specified,"Notice to Change or Exit
","TOU Pricing

"
Arizona,Arizona Public Service,Extra High Load Factor (XHLF) Rate,Proposed / Pending,2025,2025-07 July,Large-Load Customers,5,92%,Investor-Owned,"No, but is part of CAISO's WEIM","This information is derived from the proposed tariff, which is subject to regulatory approval.
Arizona Public Service (APS) filed a new rate case application on June 13, 2025. APS proposed a new cost allocation method that would result in directly assigning new generation costs to serve growth based on the level of increased load each class experiences. The increased generation costs incurred by APS to serve high load factor customers like data centers would be recovered specifically from those customers. 

APS also proposed changes to its XHLF Tariff to ensure that it has reasonable cost recovery terms and conditions in place that recognize and address the different needs and unique risks that these specific high load factor customers present. In this row, we summarize proposed provisions to the XHLF Tariff. Note: Currently, the XHLF tariff is optional for customers with monthly maximum demand of 5,000 kW or more and a 92% load factor or higher during 9 of 12 prior months. The proposed changes include making this tariff available to any customer whose monthly maximum demand is 5,000 kW or more at a single premise, and making it required for new and existing data center customers, and for other ""similarly situated large-use customers requiring the procurement of new generation resources to serve their load and such generation is not already in APS' resource plan as of June 2025...""",Docket No. E-01345A-25-0105,Decision Pending,Tariff Pending,Specified in Electric Supply Agreement (ESA),Not Specified,Not Specified,"CIAC

",Not Specified,Not Specified,Optional ESA Terms
Arizona,Salt River Project,E-67 Price Plan for Large Extra High Load Factor Substation Large General Service,Approved,2025,2025-07 July,Large-Load Customers,20,Not Specified,Public Power,"No, but is part of CAISO's WEIM","On February 27, 2025, Salt River Project's (SRP) publicly elected Board of Directors approved changes and adjustments to its price plans that will go into effect in the November 2025 billing cycle. Some of the approved changes are designed to help SRP shield existing customers from paying for the costs to serve expected significant load growth driven by various very large-load customers. This includes modifications to the E-67 price plan which are designed to ensure that SRP recovers the costs incurred to provide customer-requested capacity, even in the event that customer load does not materialize. Under the approved changes, new Large Load Accounts must be placed on the E-67 price plan and pay a demand charge based on the greater of their actual demand or 80% of their forecasted load. Large Load Accounts are defined as having a load of 20 MW or more, or which are reasonably expected to achieve a load of 20 MW or more within five years of the date on which the account first takes service from SRP.",Docket Not Included,Decision Not Included,E-67: Price Plan for Large Extra High Load Factor Substation Large General Service,Not Specified,Not Specified,80%,"Optional Reimbursement to Expedite Development
",Not Specified,Not Specified,"TOU Pricing
Optional Clean Energy Riders
Optional Interruptible Load Rider

"
Arkansas,Arkansas Electric Cooperative Corporation,Transmission Extension of Facilities Tariff (TEOF),Approved,2025,2025-11 November,Large-Load Customers,50,Not Specified,Cooperative,"SPP, MISO","On August 26, 2025, the Arkansas Public Service Commission approved Arkansas Electric Cooperative Corporation (AECC)'s new Transmission Extension of Facilities Tariff (TEOF), as originally filed in May, 2025. AECC designed TEOF as a mechanism to recover costs of anticipated required transmission upgrades and extensions to serve the rising number and unique nature of new interconnection requests that several of its 17 member cooperatives have received from ""power-intensive users"" (PIUs). Customers requesting service under this tariff would enter into a service agreement with an AECC member cooperative or be subject to a member cooperative's tariffs within the allocated service territory where the interconnection will occur. Some AECC member cooperatives may need to develop their own tariffs to pass through benefits and expenses to the PIU. AECC defines an PIU as a retail customer with a demand exceeding 50 MW, either as a single user or aggregated load. Under the TEOF, AECC would collect transmission costs from relevant member cooperatives, which could collect the cost from PIUs. The tariff is designed to capture and directly assign additional transmission expenses to PIUs while maintaining reliability and affordability for all member cooperatives and end-users. AECC noted that PIU customers seek higher-voltage interconnection than AECC's typical investments for average-load customers, making PIU costs higher (e.g., as high as $7 million / line mile) than average (e.g., $2 million / line mile).  Provisions include Contribution In Aid of Construction and a proposed Transmission Reimbursement Agreement to facilitate payments.",Docket No. 25-031-TF,Order,Schedule Transmission Extension of Facilities Tariff (TEOF),Not Specified,Not Specified,Not Specified,"CIAC

","CIAC factors in interconnection study costs

",Not Specified,Not Specified
Arkansas,Entergy Arkansas,Rate Schedule No. 69: Large Power High Density Service (LPHDS),Proposed / Pending,2023,2026-03 March,Cryptocurrency Customers,Not Specified,Not Specified,Investor-Owned,MISO,"Existing tariff in effect; revisions pending regulatory approval.
Entergy Arkansas' Rate Schedule No. 69, Large Power High Density Service (LPHDS), effective December 31, 2023, incorporated modifications to existing Rate Schedule No. 6., Large General Service (LGS), to better align terms of service with the requirements and characteristics of customers with cryptocurrency mining operations (See Docket No. 22-032-TF). Cryptocurrency customers must take service under Rate Schedule No. 69 and must enter into a separate Large Power High Load Density Service Agreement for Interruptible Service. The LPHDS rate includes provisions for firm contract demand, security deposits, and load modification requirements during specified restricted hours. Entergy Arkansas provides an annual report to the Arkansas Public Service Commission on the crypto miner customers taking service under this tariff along with data and information about load curtailments. Reports are filed in Docket No. 22-032-TF.

In its February 27, 2026 general rate case (See Docket No. 26-001-U), Entergy proposed renaming Rate Schedule No. 69 (LPHDS) to No. 10 (LPHLDS) and adding interruption provisions requiring at least 30 minutes’ notice and setting seasonal limits on interruptions by both MISO and Entergy.",Docket No. 26-001-U,Order,Rate Schedule No. 69: Large Power High Load Density Service (LPHLDS),1 Year,Not Specified,Not Specified,"Security Deposit
CIAC
Surety Bond for Costs of Failure to Curtail Load

",Not Specified,"Contract Capacity Changes
Notice to Change or Exit
Interruptible Service Agreement Changes","Separate Interruptible Service Agreement
"
Arkansas,Southwest Arkansas Electric Cooperative,Industrial Power (IP-4),Approved,2026,2026-03 March,General Commercial & Industrial Customers,10 MVA,98%,Cooperative,"SPP, MISO","On March 10, 2026, the Arkansas Public Service Commission approved Southwest Arkansas Electric Cooperative Coorporation's new Industrial Power rate for industrial customers up to 50 MW requiring transformer capacity over 10,000 kVA. The rate includes a monthly customer charge, a demand charge based on measured peak demand, and an energy charge. The minimum bill is the customer charge. Billing demand is based on either 1) the maximum kW demand during any 15-minute interval in the billing period or 2) 90% of the maximum measured demand established during the previous 12 months; there would also be a 98% minimum power factor, in line with the Cooperative's existing power factors.

The application notes that the tariff is beholden to the Cooperative's existing Extension of Facilities Policy. This includes finacial security via a surety bond, irrevocable letter of credit, parent guaranty, or other acceptable mechanism. It also includes a facilities charge to recover costs not collected through Contribution-In-Aid-Of-Construction.",Docket No. 25-076-TF,Order,Tariff Not Published,Not Specified,Not Specified,Not Specified,Not Specified,Not Specified,Not Specified,Not Specified
Arkansas,Southwestern Electric Power Company,Large Load Service Option,Approved,2026,2026-03 March,Large-Load Customers,0.5,40%,Investor-Owned,SPP,"In March 2025, as part of a general rate case, SWEPCO proposed revisions to one of the options included in its economic development rider. Under the proposal, SWEPCO would no longer list ""server farms and information technology-related companies"" as an example of businesses and industries eligible for service under Option 2, which is available for customers receiving service under the Lighting and Power rate schedule and bringing new loads of 200 kW or more. The proposal does not include changes for Option 1, which is available for new loads of 500kW or more, or significant expansions of existing load in excess of 500kW incremental load, or for resumption of service to loads of a minimum of 500kW which have been inactive for 12 months or more, and take service under the Lighting and Power rate or the Large Lighting and Power rate (10,000 kW or greater). The availability of Option 1 is at the sole discretion of the utility; SWEPCO will not accept new applications for service under Option 1 when its forecasts indicate that additional generating capacity will be needed within a three-year period. SWEPCO filed a settlement agreement on November 7, 2025, which did not mention the proposed changes, only amending filing deadlines under the rider. On January 23, 2026, the Arkansas Public Service Commission filed an order approving the settlement agreement in full. SWEPCO's compliance tariffs did include the originally proposed changes, removing mention of server farms and information technology-related companies and clarifying that Option 1 is at its sole discretion; the compliance tariffs also integrated the filing deadlines from the settlement.",Docket No. 25-003-U,Order,Large Load Service Option,5 Years,Not Specified,Not Specified,Not Specified,Not Specified,Notice to Change or Exit,Not Specified
California,Pacific Gas & Electric,Electric Rule No. 30: Retail Service Transmission Facilities,Proposed / Pending,2024,2025-07 July,General Commercial & Industrial Customers,Not Specified,Not Specified,Investor-Owned,CAISO,"This information is derived from the proposed tariff, which is subject to regulatory approval.
On November 21, 2024, Pacific Gas & Electric (PG&E) applied for approval of Electric Rule No. 30, designed for new customers requesting retail electric service at transmission-level voltages. In January 2025, PG&E filed a motion for authority to implement Rule No. 30 on an interim basis pending the outcome of this proceeding. CPUC issued a proposed decision on June 20, 2025. In the application, PG&E explains that it is receiving a growing number of new service requests at the transmission level, many of which are from data centers (alongside universities, manufacturing, industrial, and EV-charging customers). PG&E has established electric rules for new interconnections to the distribution system, but when a customer applies for transmission-level retail electric service, PG&E and the customer are required to negotiate unique interconnection terms. PG&E anticipates that Rule No. 30 will address all future requests. Rule No. 30 provides transmission-level customers with an opportunity to lower their overall costs and includes financial protections for existing customers. ",Docket No. A-24-11-007,Decision Pending,Tariff Pending,Not Specified,"10 Years

",Not Specified,"CIAC
Advances
Self-Build Options
Other Customer Contributions",Advances include design,Not Specified,Not Specified
Colorado,Black Hills Energy,Economic Development Rate (EDR),Proposed / Pending,2025,2026-03 March,General Commercial & Industrial Customers,3,Not Specified,Investor-Owned,"No, but is joining SPP in 2026.","This information is derived from the proposed tariff, which is subject to regulatory approval.
On November 25, 2025, Black Hills Energy proposed a new economic development tariff for Large Power Service customers who 1) will add at least 3 MW of load in a new or existing location in the utility's territory and 2) demonstrate that the cost of electricity is a critical consideration in deciding where to locate a facility. The 3 MW minimum is based on the maximum 15-minute integrated measured demand during a billing period; the minimum bill is based on 3 MW. For each MW of minimum load over 40 MW, the customer would be billed at the standard rate. The rider would offer a 30% discount to base rate energy and demand charges and would be exempt from certain adjustment riders. The standard contract term is 10 years; contract terms 10-25 years would require regulatory approval. Loads up to 40 MW would not require regulatory approval; loads over 40 MW would require regulatory approval. Customers must fund any necessary T&D extensions under the utility's line extension policies and any generation asset acquired specifically to serve the customer; Black Hills is also amending its line extension policies to exclude Economic Development Rate customers from allowances.

Black Hills filed a settlement agreement on February 19, 2026, which would approve the tariff with modifications. The tariff would be limited to 100 MW, at which point Black Hills must request a regulatory variance; the cap would reset when Black Hills updates its marginal capacity costs. Participants would receive the 30% discount and be exempt from the Transmission Cost Adjustment rider, but must still pay the Demand Side Management Cost Adjustment, Renewable Energy Standard Adjustment, and Clean Energy Plan Rider. Participants must perform at least one system benefit activity: maintain a load factor above system average, maintain a favorable load shape, subscribe to the interruptible load tariff, install behind-the-meter renewable energy or storage, install demand-side management measures, contribute to a low-income program, install electric vehicle charging, obtain LEED certification, or implement a customer-designed measure that provides system benefits. Customers not enrolled in the tariff would be held harmless and not responsible for any costs incurred on behalf of participants.",Docket No. 25A-0500E,Settlement Agreement ,Tariff Pending,10 Years,Not Specified,Not Specified,"Cost of New Facilities
",Not Specified,Not Specified,Customer Agrees to Provide System Benefits
Colorado,Colorado Springs Utilities,Industrial Service - Large Load (ELL),Approved,2026,2026-03 March,Large-Load Customers,10,Not Specified,Public Power,"No, but is joining SPP in 2026.","On October 28, 2025, the Colorado Springs City Council passed an ordinance approving municipally-owned Colorado Springs Utilities' (CSU) proposed 2026 operating budget and rate plan, including a new Industrial Service - Large Load tariff (ELL). Tariff ELL applies to customers whose maximum demand over the last 12 billing periods was at least 10 MW, or is expected to grow to 10 MW over the next 120 billing periods. Customers will take service under a Large Load Service Agreement (LLSA) subject to both utility and potential future RTO provisions and requirements. Tariff ELL outlines a minimum 10-year initial contract term, potential for load flexibility, and various procedural and financial provisions. Customers are responsible for the costs of transmission upgrades, line extensions triggered by their project, and any market-based capacity and energy required beyond CSU's resources. Additional terms include collateral requirements; minimum billing demand during the initial 10-year LLSA period; and contract exit terms. Tariff ELL is expected to go into effect on January 1, 2026. Once CSU joins the Southwest Power Pool (SPP) in April 2026, service under ELL will be contigent upon partipation in SPP and compliance with the wholesale market's rules. ",Annual Operating Budget,City Council Ordinance No. 25-79,Industrial Service – Large Load (ELL),10 Years,Not Specified,100% in Initial Term,Collateral Requirement,RTO Study and Interconnection Costs,"Contract Capacity Changes
Notice to Change or Exit
Change or Exit Fees
Collateral Requirement Waiver",Not Specified
Delaware,Delmarva Power,General Service - Large Demand Rate,Proposed / Pending,2025,2026-03 March,Large-Load Customers,25,Not Specified,Investor-Owned,PJM,"This information is derived from the proposed tariff, which is subject to regulatory approval.
On October 15, 2025, the Delaware Public Service Commission issued an order opening a docket to require Delmarva Power & Light to promulgate a large load tariff for customers that will use a monthly maximum demand of 25 MW or greater and further requiring the tariff to be in place before interconnecting any large load customers who were not already interconnected by September 3, 2025.

On December 19, 2025, Delmarva Power proposed a new service class, General Service - Large Demand (GS-LD) for large demand customers with a monthly maximum demand of 25 MW or greater, in alignment with the Commission's October 2025 order. However, the utility recommends that the Commission consider aligning the threshold with the 50 MW definition which it proposed concurrently in a new large load customer definition (Rules and Regulations, Docket No. 25-0826). The utility notes the same structure for GS-LD as existing tariff GS-T (General Service - Transmission), including the hourly priced service, minimum demand, metering, peak hours, billing demand, and minimum charge.",Docket No. 25-0826,Decision Pending,Tariff Pending,1 Year,Not Specified,Not Specified,Not Specified,Not Specified,Not Specified.,Not Specified
Delaware,Delmarva Power,Rules and Regulations,Proposed / Pending,2025,2026-03 March,Large-Load Customers,50,Not Specified ,Investor-Owned,PJM,"This information is derived from the proposed tariff, which is subject to regulatory approval.
On October 15, 2025, the Delaware Public Service Commission issued an order opening a docket to require Delmarva Power & Light to promulgate a large load tariff for customers that will use a monthly maximum demand of 25 MW or greater and further requiring the tariff to be in place before interconnecting any large load customers who were not already interconnected by September 3, 2025.

On December 19, 2025, Delmarva Power proposed revisions to its Rules and Regulations applicable to large load customers, including a new definition of large load customers as those with projected new load or load additions of at least 50 MW over a 10 year load ramp period. Through a cash deposit for engineering reviews, applicants must pay for the costs of a system impacts analysis and a subsquent detailed engineering analysis. The revisions additionally require a deposit for long lead time equipment, financial assurances for expected distribution extension costs, and a transmission security agreement. Deposts over $2 million must be backed by a letter of credit.",Docket No. 25-0826,Decision Pending,Service Rules Pending,Not Specified,10 Years,Not Specified,"Deposit
Letter of Credit 
Transmission Security Agreement",Study Costs,Not Specified,Not Specified
Florida,Duke Energy Florida,Large Load Customer Policy including Large Load Customer Agreement,Proposed / Pending,2025,2025-11 November,Large-Load Customers,100,Not Specified,Investor-Owned,No,"This information is derived from the proposed tariff, which is subject to regulatory approval.
Supplementing the proposed LLC-1, described above, Duke Energy also proposed that all large-load customers with a Peak Contract Demand reasonably expected to meet or exceed a Monthly Maximum Demand of 100,000 kW of firm load during a 15-20 year contract term would be subject to a new Large Load Customer Policy (LLCP) and would execute a corresponding Large Load Customer Agreement (LLCA). Together, the LLCP and LLCA would add terms and conditions designed to protect other retail customers from bearing the cost burden of potential future stranded or underutilized assets. 

The LLCP would require applicable customers to enter into a LLCA, kept on file with the Florida Public Service Commission and specifying provisions for electric service, including, but not limited to. load characteristics, customer-specific terms, applicable construction cost recovery terms, and other service details. Proposed LLCA terms include a non-refundable system impact study fees. The LLCA would also include a 75%-85% minimum bill, long minimum contract term (at least 15 years but no more than 20 years), 2- to 5-year exit notice period, exit fees commensurate with the level of project maturity at termination, security (letter of credit, cash, or parent guarantee), and other related provisions.",Docket No. 20250113,Decision Pending,Service Rules Pending,15 Years,Yes (Optional; Included in Contract Term),75% - 85%,"Letter of Credit, Cash Security, or Parent Guaranty
CIAC  
Full Cost to Extend Service (Refundable)",System Impact Study Fee,"Annual Revisions to Financial Assurance Requirement
Exit Notice Period
Exit Fee",Not Specified
Florida,Duke Energy Florida,Rate Schedule LLC-1: Large Load Customer General Service Optional High Load Factor Rate,Proposed / Pending,2025,2025-11 November,Large-Load Customers,1,Not Specified,Investor-Owned,No,"This information is derived from the proposed tariff, which is subject to regulatory approval.
On September 5, 2025, Duke Energy filed a petition with the Florida Public Service Commission seeking approval of a new Large Load Customer General Service Optional High Load Factor Rate (LLC-1). The LLC-1 tariff is optional for non-residential customers with a billing demand of 1,000 kW or more at transmission voltage of 230 kV or higher. It includes minimum 36-month service terms, restrictions on rider eligibility, and specific billing demand and contract requirements. Customers with demand of 50 MW or greater may be required to provide additional assurances, though existing sites as of December 31, 2024, are exempt from requirements beyond general service rules. Under the proposal, LLC-1 would become effective in January 2028. 

Additionally, the utility proposed that all large load customers with a Peak Contract Demand reasonably expected to meet or exceed a Monthly Maximum Demand of 100,000 kW of firm load during the contract term would be subject to the new and accompanying Large Load Customer Policy (LLCP) and would execute a corresponding Large Load Customer Agreement (LLCA).",Docket No. 20250113,Decision Pending,Tariff Pending,3 Years,Not Specified,75%,"Financial and/or Performance and Credit Assurance, if 50 MW or more",Not Specified,Contract Capacity Changes,Not Specified
Florida,Florida Power & Light,Large Load Contract Service-1 (LLCS-1) and Large Load Contract Service-2 (LLCS-2),Approved,2025,2026-03 March,Large-Load Customers,50,85%,Investor-Owned,No,"On February 28, 2025, as part of its 2025 general rate case filing with the Florida Public Service Commission, Florida Power and Light Company (FPL) proposed two new rate schedules, Large Load Contract Service One (LLCS-1) and Large Load Contract Service Two (LLCS-2), to support the integration of substantial new customer loads. LLCS-1 is capped at 3,000 MW and available only in three designated zones near Sunbreak in St. Lucie County, Tesoro in Martin County, and Sugar in Palm Beach County, areas chosen for their proximity to FPL’s 500 kilovolt transmission infrastructure and suitability for new generation. The schedule includes a stated rate for incremental generation capacity, which will be updated in future rate proceedings, and will close to new load once the 3,000 megawatt limit is reached. LLCS-2 offers similar service to customers outside the LLCS-1 zones but does not include a megawatt cap or a fixed rate for incremental generation; instead, charges will vary based on the specific infrastructure needed to serve each customer’s load, offering geographic flexibility in exchange for cost variability. 

On August 20, 2025, FPL and other stakeholders filed a joint stipulation and settlement agreement. If approved, the agreement would take effect on January 1, 2026, and remain in place through December 31, 2029, or until new base rates are established. The proposed settlement includes approval of LLCS-1 and LLCS-2, with key modifications including a higher minimum load (50 MW), reduced minimum take-or-pay demand charge (70%), revisions to financial assurance requirements, and other proposed changes. The settlement agreement was approved by the Commission on November 20, 2025.",Docket No. 20250011 ,Order,Large Load Contract Service-1 (LLCS-1) and Large Load Contract Service-2 (LLCS-2),20 Years,Negotiated With Customer,70%,"CIAC
Parent Guranty, Letter of Credit, Surety Bond, or Collateral Security",Study Costs,"Notice to Change or Exit
Change or Exit Fees",Not Specified
Georgia,Georgia Power,Rules and Regulations,Approved,2025,2025-11 November,Large-Load Customers,100,Not Specified,Investor-Owned,No,"On January 28, 2025, Georgia Power received approval from the Georgia Public Service Commission for amendments to its electric service rules and regulations with additional terms for customers with a peak demand of at least 100 MW, enacted in general rules as well as transmission and wholesale distribution line extension and service regulations. The amendments grant the utility discretion to impose longer contract terms than are stated in the large-load customer's applicable tariff; implement minimum billing; and require performance and credit provisions. These are collectively designed to build upon existing cost recovery mechanisms for site-specific costs (vis a vis contributions in aid of construction, and upfront payments) to protect other customers and ensure effective cost recovery of new upstream generation, transmission and distribution costs to serve large-load customers. Georgia Power is adjusting several existing tariffs to reflect these approved amended Rules and Regulations. Pursuant to the Commission's approval order, Georgia Power also will file proposed large-load customer contracts for Commission review at least 30 days prior to execution, for at least the first 12 executed large-load contracts. ",Docket No. 44280,Order,Rules and Regulations,15 years,Not Specified,Individual Customer Contract Terms,"Performance and Credit Assurance
CIAC
Upfront Capacity Charge",Not Specified,Exit Fee,Not Specified
Idaho,Idaho Power,Schedule 20: Speculative High-Density Load,Approved,2024,2025-07 July,Large-Load Customers,2,Not Specified,Investor-Owned,"No, but is part of CAISO's WEIM","Idaho Power's Schedule 20, effective January 1, 2024, applies to customers with speculative high-density loads—such as cryptocurrency mining operations—that exhibit high energy use density and demand. These customers are subject to interruptible service during summer peak hours. The tariff aims to ensure that energy and infrastructure costs are appropriately recovered from high-risk, high-load customers.

Schedule 20 contains three rates and contract options. It is applicable to customers whose energy usage at one point of delivery exceeds 2,000 kWh per billing period, three or more times in 12 months. It is also applicable to and may be mandatory for customers who ""have the ability to relocate quickly in response to short-term economic signals and meet four or more of..."" seven criteria related to load and financial characteristics. Customers with >20,000 kW demand are ineligble and must make special contract arrangements.

Schedule 20 rates and contract options include:
Speculative High-Density Load Large Power Service Rates-- mandatory for customers registering metered demand >=1,000 kW three or more of the most recent 12 billing periods;
Speculative High-Density Load Large General Service Rates-- for customers that have not registered metered demand >=1,000 kW more than twice during the most recent 12 billing periods;
Applicable customers may optionally take service under a special contract for firm electric demand of 10 MW to 20 MW.",Case No. IPC-E-21-37,Order,Schedule 20: Speculative High-Density Load,Not Specified,Not Specified,Not Specified,Not Specified,"Study Costs

",Not Specified,"TOU Pricing
Interruptible Load

"
Illinois,Commonwealth Edison,Revisions to General Terms & Conditions (GT&C),Proposed / Pending,2025,2026-03 March,Large-Load Customers,50,Not Specified,Investor-Owned,PJM,"This information is derived from the proposed tariff, which is subject to regulatory approval.
On June 23, 2025, Commonwealth Edison Company (ComEd) proposed several revisions to its General Terms & Conditions (GT&C), collectively designed to memorialize existing practices and create new ones to ensure that new service requests by large demand applicants and customers, ""neither harm, nor unjustly shift costs to, other customers."" 

Proposed revisions include: define large projects/customers as those requesting revised or new service equal to or over 50 MW in 10 calendar years of service; use deposits or security to ensure recovery of engineering costs of large demand project applications; facilitate the procurement of long-lead materials in ways that do not place cost and risk on other consumers; memorialize utility requirements for applicant letter of credit, as well as utility practices related to transmission revenue requirements and to conducting ""cluster"" studies for multiple applicants in a joint process. 

On December 3, 2025, the administrative law judge filed a proposed order recommending that the Commission approve ComEd's proposed GT&C revisions as outlined above, except for minor language modifications that would clarify and mandate the proposed transmission revenue requirements. ",Docket No. P2025-0677 ,Decision Pending,Tariff Pending,Not Specified,"10 Years

",Not Specified,"Materials Deposit
Collateral Security
Transmission Revenue Security

","Study Costs

",Not Specified,Not Specified
Illinois,Commonwealth Edison,Rider DE -- Distribution System Extensions,Proposed / Pending,2025,2026-03 March,Large-Load Customers,50,Not Specified,Investor-Owned,PJM,"This information is derived from the proposed tariff, which is subject to regulatory approval.
On June 23, 2025, Commonwealth Edison Company (ComEd) proposed revisions to Rider DE that clarify requirements and procedures for large load customers' new service requests, requesting an effective date of August 7, 2025. In its filing to the Illinois Commerce Commission, ComEd explained that the revisions are designed to help ensure that such requests, ""neither harm, nor unjustly shift costs to, other customers."" Proposed revisions include deposits or security to ensure recovery of on-property distribution costs, in addition to off-property extension distribution costs; and revisions to the definition of and conditions for a letter of credit or nonrefundable payment to provide standard electric services. While applicable to all customers seeking new or expanded service, ComEd notes that for customers expected to require 50MW or more within 10 years, the proposal includes a customer deposit for utility facilities on customer premises. Applicable customers with a deposit amount of $2 million or more would be required to provide a qualifying Acceptable Letter of Credit in lieu of a deposit. 

On December 3, 2025, the administrative law judge filed a proposed order finding that ComEd's revisions to Rider DE are just, reasonable, and should be adopted.",Docket No. P2025-0679 ,Decision Pending,Tariff Pending,Not Specified,"10 Years

",Not Specified,"Deposit
Letter of Credit
Credit Evaluation 
Risk Screening","Study Costs

",Security Reductions or Release,Not Specified
Indiana,Indiana Michigan Power,Industrial Power – Tariff I.P.,Approved,2025,2025-07 July,Large-Load Customers,70,Not Specified,Investor-Owned,PJM,"On July 19, 2024, Indiana Michigan Power filed a petition for approval to update its industrial power tariff to incorporate terms to accommodate large load customers. The parties filed a settlement agreement on November 22, 2024. The settlement agreement applies to customers with loads of 70 MW or more at an individual plant or 150 MW at aggregated premises, includes a contract term of not less than 12 years, adopts the increased collateral requirement proposed by the utility but with an exception for customers with a high credit rating, and allows customers to reduce their load by more than 20% with payment of an exit fee. The settlement also requires the utility to work with the settling parties to develop a Clean Transition Tariff that will allow participants to support investment in carbon-free resources. On February 19, 2025, the Indiana Utility Regulatory Commission issued a final order approving the settlement agreement with modifications related to Commission oversight of contract exits.",Docket No. 46097,Order,Industrial Power – Tariff I.P.,12 Years,"5 Years
(Distinct from initial contract term)",80%,"Credit Rating
Collateral Requirement

","Study Costs

","Contract Capacity Changes
Notice to Change or Exit
Change or Exit Fees",Settling Parties to Develop Separate Clean Transition Tariff
Iowa,Alliant Energy,Rider ICR - Individual Customer Rate,Approved,2024,2025-09 September,Large-Load Customers,25,80%,Investor-Owned,MISO,"The purpose of Rider ICR is to attract large incremental high load factor and highly flexible customer loads that provide net benefits to the Company’s Iowa customers, while ensuring other customers are not harmed due to the addition of the incremental customer load. Rider ICR offers service to customers with a metered demand of 25 MW or greater, and which either expect a load factor of at least 80% and an annual energy sales of at least 175,000 MWh, or can demonstrate ability to reduce load and meet applicable MISO Load Modifying Resource requirements. Participation is subject to Alliant's evaluation of the customer’s operation and the expected impacts to the Company and existing retail customers, with customers encouraged to notify the utility of intentions to seek this rate at least one year in advance of expecting to receive service. The rate has a minimum service term of 5 years, which may be greater based on the customer's operation and the impacts on the utility. It contains measures separating power supply costs and revenues and third-party transmission charges for ICR customers in order to not impose them on non-ICR customers. The rate includes a penalty for insufficient load control, an excess facilities charge, and a reactive demand charge.",Docket Not Included,Decision Not Included,Rider ICR – Individual Customer Rate,5 Years,Not Specified,Not Specified,Credit Support Such As Performance Guarantee or Letter of Credit,Not Specified,Contract Capacity Changes,Optional Demand Response Rider
Kansas,Evergy Kansas Central,Large Load Power Service (LLPS),Approved,2025,2026-03 March,Large-Load Customers,75,Not Specified,Investor-Owned,SPP,"On February 11, 2025, Evergy Kansas Metro, Evergy Kansas South, and Evergy Kansas Central filed an application for approval of a Large Load Power Service rate plan and associated tariffs. The rate plan would apply to customers with at least 100 MW of load. The proposed plan includes a system support rider (a per-kW demand charge to ensure appropriate cost recovery), as well as a minimum bill and an early termination fee. The rate plan would also include an update to line extension policies to ensure large load customers pay all of the costs necessary to serve them, and various financial security requirements. The rate plan includes optional tariffs to allow large load customers to receive bill credits for using their own capacity as Southwest Power Pool (SPP) capacity and using onsite generation to provide demand response services. The proposal also includes several tariffs to enable customers to procure renewable or carbon-free attributes.

On August 18, 2025, Evergy and stakeholders filed a unanimous settlement agreement requesting approval of the Large Load Power Service Rate Plan, accompanying new and modified tariffs, and additional tariff changes needed to implement the LLPS Rate Plan. LLPS service would be required for new customers with expected demand of 75 MW or existing customers expected to expand by 75 MW (lower than the original 100 MW threshold). The proposed settlement agreement outlines a variety of additional tariff features. On November 6, 2025, the Kansas Corporation Commission issued an order approving the settlement agreement.",Docket 25-EKME-315-TAR,Order,Large Load Power Service (LLPS),12 Years,"5 Years
",80%,"Collateral Requirement
Credit Rating",Not Specified,"Contract Capacity Changes
Notice to Change or Exit
Change or Exit Fees","Optional Clean Energy Rider
Optional Demand Response Rider"
Kansas,Evergy Kansas Metro,Large Load Power Service (LLPS),Approved,2025,2026-03 March,Large-Load Customers,75,Not Specified,Investor-Owned,SPP,"On February 11, 2025, Evergy Kansas Metro, Evergy Kansas South, and Evergy Kansas Central filed an application for approval of a Large Load Power Service rate plan and associated tariffs. The rate plan would apply to customers with at least 100 MW of load. The proposed plan includes a system support rider (a per-kW demand charge to ensure appropriate cost recovery), as well as a minimum bill and an early termination fee. The rate plan would also include an update to line extension policies to ensure large load customers pay all of the costs necessary to serve them, and various financial security requirements. The rate plan includes optional tariffs to allow large load customers to receive bill credits for using their own capacity as Southwest Power Pool (SPP) capacity and using onsite generation to provide demand response services. The proposal also includes several tariffs to enable customers to procure renewable or carbon-free attributes.

On August 18, 2025, Evergy and stakeholders filed a unanimous settlement agreement requesting approval of the Large Load Power Service Rate Plan, accompanying new and modified tariffs, and additional tariff changes needed to implement the LLPS Rate Plan. LLPS service would be required for new customers with expected demand of 75 MW or existing customers expected to expand by 75 MW (lower than the original 100 MW threshold). The proposed settlement agreement outlines a variety of additional tariff features. On November 6, 2025, the Kansas Corporation Commission issued an order approving the settlement agreement.",Docket 25-EKME-315-TAR,Order,Large Load Power Service (LLPS),12 Years,"5 Years
",80%,"Collateral Requirement
Credit Rating

",Not Specified,"Contract Capacity Changes
Notice to Change or Exit
Change or Exit Fees","Optional Clean Energy Rider
Optional Demand Response Rider"
Kansas,Evergy Kansas South,Large Load Power Service (LLPS),Approved,2025,2026-03 March,Large-Load Customers,75,Not Specified,Investor-Owned,SPP,"On February 11, 2025, Evergy Kansas Metro, Evergy Kansas South, and Evergy Kansas Central filed an application for approval of a Large Load Power Service rate plan and associated tariffs. The rate plan would apply to customers with at least 100 MW of load. The proposed plan includes a system support rider (a per-kW demand charge to ensure appropriate cost recovery), as well as a minimum bill and an early termination fee. The rate plan would also include an update to line extension policies to ensure large load customers pay all of the costs necessary to serve them, and various financial security requirements. The rate plan includes optional tariffs to allow large load customers to receive bill credits for using their own capacity as Southwest Power Pool (SPP) capacity and using onsite generation to provide demand response services. The proposal also includes several tariffs to enable customers to procure renewable or carbon-free attributes.

On August 18, 2025, Evergy and stakeholders filed a unanimous settlement agreement requesting approval of the Large Load Power Service Rate Plan, accompanying new and modified tariffs, and additional tariff changes needed to implement the LLPS Rate Plan. LLPS service would be required for new customers with expected demand of 75 MW or existing customers expected to expand by 75 MW (lower than the original 100 MW threshold). The proposed settlement agreement outlines a variety of additional tariff features. On November 6, 2025, the Kansas Corporation Commission issued an order approving the settlement agreement.",Docket 25-EKME-315-TAR,Order,Large Load Power Service (LLPS),12 Years,"5 Years
",80%,"Collateral Requirement
Credit Rating

",Not Specified,"Contract Capacity Changes
Notice to Change or Exit
Change or Exit Fees","Optional Clean Energy Rider
Optional Demand Response Rider"
Kentucky,Kentucky Power,Industrial General Service (I.G.S),Approved,2025,2025-11 November,Large-Load Customers,150,Not Specified,Investor-Owned,PJM,"On March 18 2025, the Kentucky Public Service Commission approved Kentucky Power's request to add new Special Terms and Conditions for large-load customers to its Tariff I.G.S. (Industrial General Service). Tariff I.G.S. remains available to any customer with contract demands of at least 1,000 KW. The approved new terms, catalogued in this entry, apply only to new commercial and industrial customers with contract demands of at least 150 MW and to existing customers that add 150 MW or more of incremental load. The terms catalogued in this entry are intended to protect the utility's existing customers from costs that it is required to incur to serve large-load customers. These include 20-year contract terms ending only upon five years’ notice from the customer; a requirement to make a one-time payment equal to five years’ minimum billing to the utility in the event of a permanent closure of the customer’s facility prior to the end of the 20-year term; a requirement of minimum monthly billing demand of at least 90% of the greater of the customer’s on-peak contract capacity, or the highest monthly billing demand in the past 11 months, or the maximum demand during the billing month; and a requirement that the customer provide sufficient collateral equal to 24 times the customers’ previous maximum monthly non-fuel bill, with the collateral amount to be reviewed and updated as necessary under the terms of the proposed tariff.",Docket No. 2024-00305,Order,Industrial General Service (I.G.S),20 Years,Not Specified,90%,"Collateral Requirement
Credit Rating

",Not Specified,"Notice to Change or Exit
Change or Exit Fees",Not Specified
Kentucky,Kentucky Utilities Company,Extremely High Load Factor Service (EHLF),Approved,2025,2026-03 March,Large-Load Customers,50 MVA,85%,Investor-Owned,No,"On May 30, 2025, Kentucky Utilities filed a rate case including an application for approval of a new Extremely High Load Factor Service tariff for customers with a contract capacity greater than 100 MVA and an expected load factor above 85%. Kentucky Utilities and Louisville Gas and Electric Company filed a Stipulation on October 20, 2025 in which the utilities agreed to modify the proposed tariff to reduce the minimum contract capacity to 50 MVA, clarify that it applies only to new customers, and clarify that customers cannot circumvent the minimum capacity threshold by siting multiple smaller facilities. The utilities also committed to working with EHLF customers to accommodate customers' renewable energy goals or use of demand-side management, energy efficiency, and battery storage. The Public Service Commission issued an order in February 2026, adopting the stipulation.",Docket No. 2025-00113,Order,Extremely High Load Factor Service (EHLF),15 Years,To be specified in the Electric Service Agreement,80%,"Collateral Requirement
Credit Rating

",Not Specified,"Notice to Change or Exit
Change or Exit Fees",Not Specified
Kentucky,Louisville Gas & Electric,Extremely High Load Factor Service (EHLF),Approved,2025,2026-03 March,Large-Load Customers,50 MVA,85%,Investor-Owned,No,"On May 30, 2025, Louisville Gas and Electric filed a rate case including an application for approval of a new Extremely High Load Factor Service tariff for customers with a contract capacity greater than 100 MVA and an expected load factor above 85%. Kentucky Utilities and Louisville Gas and Electric Company filed a Stipulation on October 20, 2025 in which the utilities agreed to modify the proposed tariff to reduce the minimum contract capacity to 50 MVA, clarify that it applies only to new customers, and clarify that customers cannot circumvent the minimum capacity threshold by siting multiple smaller facilities. The utilities also committed to working with EHLF customers to accommodate customers' renewable energy goals or use of demand-side management, energy efficiency, and battery storage. The Public Service Commission issued an order in February 2026, adopting the stipulation.",Docket No. 2025-00114,Order,Extremely High Load Factor Service (EHLF),15 Years,To be specified in the Electric Service Agreement,80%,"Collateral Requirement
Credit Rating

",Not Specified,"Notice to Change or Exit
Change or Exit Fees",Not Specified
Michigan,Consumers Energy,Large General Service Primary Demand (Rate GPD),Approved,2025,2026-03 March,Large-Load Customers,100,Not Specified,Investor-Owned,MISO,"On February 7, 2025, Consumers Energy proposed revising Rate GPD to add provisions specific to data center customers with a load of 100 MW or more. In its application Consumers Energy noted that at the time of application, its economic development pipeline included 15 GW of load from prospective data centers-- composed of requests from more than 30 data center leads. The proposed provisions include authorization for an administrative fee of up to $100,000 (""to ensure that potential data center customers cover the costs associated with their project development""), a 15-year minimum contract term, a monthly minimum billing demand equal to 80% of the contract capacity, authorization for a one-time reduction to a data center's contract capacity (at the discretion of Consumers), authorization to suspend service if the customer' usage exceeds contract capacity by more than 1 MW, a financial security provision, and an exit fee. Consumers Energy would file an annual report annual report documenting its service to data center customers.

On November 6, 2025, the Michigan Public Service Commission issued an order approving Consumers Energy revision to the Rate GDP. The Commission clarified that the provision should not single out data centers and should encompass all large loads with 100 MW or more. The default collateral provision is 50% of the total minimum monthly charges multiplied by the number of months remaining on the full term of the contract. The commission found that fees associated with this provision are better discussed in its next rate case filed after the conclusion of Case No. U 21870.",Docket No. U-21859,Order,Large General Service Primary Demand (Rate GPD),15 Years,"5 Years

",80%,"Collateral Requirement

",Not Specified,"Contract Capacity Changes
Change or Exit Fees

",Not Specified
Michigan,DTE Electric,XL High Load Factor Rate,Approved,2025,2026-03 March,Large-Load Customers,50,75%,Investor-Owned,MISO,"DTE Electric's XL High Load Factor Rate is available to very large customers taking service at primary, sub-transmission, or transmission voltage who commit to a contracted capacity of at least 50 MW of new, incremental load. Customers must use that power consistently, maintaining an average annual load factor of at least 75% of their contracted capacity for the duration of service on the rate. The contract has a minimum term of 15 years, after which it continues month-to-month until ended by mutual consent or 12 months' written notice from either party. Contract capacity cannot be reduced during the term without mutual agreement, and any reduction may not drop below the minimum required capacity or load factor thresholds. The rate is not available to serve data center loads, and service is subject to interruption by agreement or advance notice.",Docket No. U-21534,Order,XL High Load Factor Rate,15 Years,Not Specified,Not Specified,Not Specified,Not Specified,"Contract Capacity Changes
Notice to Change or Exist",Interruptible Load
Michigan,Indiana Michigan Power,Tariff LP (Large Power),Proposed / Pending,2025,2025-11 November,Large-Load Customers,50,Not Specified,Investor-Owned,PJM,"This information is derived from the proposed tariff, which is subject to regulatory approval.
On October 20, 2025, Indiana Michigan Power Company (I&M) requested the Michigan Public Service Commission approve changes to I&M's Tariff LP (Large Power), in light of the magnitude and unique load profile of potential large load customers. The tariff would remain available to any customer with monthly billing demand of 600 MW or over. The proposed new Special Terms and Conditions for large-load customers, catalogued in this entry, apply only to customers whose contract capacity is greater than or equal to 50 MW or may grow to over 50 MW in aggregate across premises 1 MW or larger. Initial contract term, load ramp, load ramp period, contract capacity, and other terms of service under this Tariff would be defined in the Electric Services Agreement(s). I&M's proposal includes conditions of service including, among other things, an initial contract term no less than 15 years plus an optional load ramp period up to 5 years. ",Docket No. U-21986,Decision Pending,Tariff Pending,15 Years,5 Years (Optional; Distinct from initial contract term),90%,"CIAC for Temporary Service
Collateral Requirement
Credit Rating
","Interconnection Study Fee
","Contract Capacity Changes
Notice to Change or Exit
Change or Exit Fee",Not Specified
Minnesota,Minnesota Power,Large Power Service (LP Tariff),Proposed / Pending,2026,2026-03 March,Large-Load Customers,10,Not Specified,Investor-Owned,MISO,"This information is derived from the proposed tariff, which is subject to regulatory approval.
On February 18, 2026, Allete Company d/b/a Minnesota Power filed a proposal to accommodate very large customers within its existing Large Power Service Schedule (LP Tariff). Under the revised tariff, large industrial customers with identified new load growth of at least 10 MW would enter into a negotiated energy service agreement (ESA) with the utility. Each ESA is subject to the applicable regulatory review process and approval by the Minnesota Public Utilities Commission and will be tailored to the specific customer, defining the full scope of commitments. A large power surcharge applies to new customers whose Firm Demand exceeds 50 MW within any 24-month period, or to existing customers whose Firm Demand increases by more than 50 MW within any 24-month period. 

According to Minnesota Statutes § 216B.1622, Subdivision 1, the Commission must issue an order by December 15, 2026, defining the characteristics of a very large customer class or subclass for each electric public utility.",Docket No. 26-126,Decision Pending,Tariff Pending,10 Years,Not Specified,Not Specified,Large Power Surcharge,Not Specified,Not Specified,Not Specified
Minnesota,Otter Tail Power,Super Large General Service,Approved,2022,2025-07 July,Large-Load Customers,25,80%,Investor-Owned,MISO,"Otter Tail Power's Super Large General Service rate is available to greenfield customers who demonstrate an expected metered demand of at least 25 MW at a single metering point, an expected load factor of at least 80%, and expected energy usage (sales) of at least 175,000 MWh over 12 consecutive billing months. This rate is designed to attract new large and high-load-factor customer loads that provide net benefits to the utility's customers and communities. The marginal cost estimates that form the basis of this rate are designed to capture the marginal/incremental costs the utility expects to incur serving the customer's load; any additional unanticipated costs will be recovered through riders applied to the customer. Service under this rate requires an electric service agreement with a minimum term of five years.",Docket No. E-017/GR-20-719,Order,Super Large General Service,5 Years,Not Specified,Not Specified,"Subject to Line Extension Policy's Minimum Revenue Guarantee 

",Not Specified,Not Specified,Not Specified
Minnesota,Xcel Energy,Large General Time of Day Service,Proposed / Pending,2025,2025-11 November,Large-Load Customers,100,Not Specified,Investor-Owned,MISO,"This information is derived from the proposed tariff, which is subject to regulatory approval.
On July 16, 2025, Xcel Energy filed a proposal for a new, mandatory, Large General Time of Day Service tariff and associated customer sub-class within its existing Demand rate class. This proposal was required in Xcel Energy's 2024-2040 Integrated Resource Plan settlement order and follows a new Minnesota state law (H.F. 16, 2025) on clarifying service to very large customers. The tariff would be required for customers with new electric demand of at least 100 MW after the tariff becomes effective. It would be open to all industries, but Xcel Energy's application noted that customer interest in this level of service comes “almost exclusively” from data centers. Qualifying demand would be determined by an interconnection agreement, subject to a minimum 15-year contract term (including optional 5-year load ramp). Customers would provide and regularly update non-binding five-year rolling energy and demand forecasts. An Incremental Cost Test would be required prior to service. According to the utility, base rates would emphasize cost recovery through demand charges (vs. energy charges). The utility also proposes a Form Electric Service Agreement to detail the specific terms and conditions governing service to the customer. While this is not a peak load curtailment rate, customers would be required to install interrupting equipment at the transmission level and allow utility control during grid instability events. Xcel Energy would file customers’ projected demand, energy, incremental costs, revenues, and benefits to system customers, and ESAs with the Commission.",Docket No. 25-289,Decision Pending,Tariff Pending,15 years,5 Years,75%,"Minimum On-Peak Demand Charges
Credit Support",Not Specified,"Contract Capacity Changes
Change or Exit Fee
Capacity Reassignment","Environmental Improvement Rider
Interruptible Service Equipment
TOU Pricing"
Minnesota,Xcel Energy,Large Peak Controlled Time of Day Service,Proposed / Pending,2025,2025-11 November,Large-Load Customers,100,Not Specified,Investor-Owned,MISO,"This information is derived from the proposed tariff, which is subject to regulatory approval.
On July 16, 2025, Xcel Energy filed a proposal for a new Large Peak Controlled Time of Day Service tariff, introducing it as an optional interruptible rate that customers could elect instead of the “Large General Time of Day Service” tariff proposed in the same docket. Customers with at least 100 MW of demand would be required to take service under one of these two tariffs; those with at least 3 MW of controllable demand could elect the Large Peak Controlled Time of Day Service Tariff. The proposals were required in Xcel Energy's 2024-2040 Integrated Resource Plan settlement order and follow a new Minnesota state law (H.F. 16, 2025) on clarifying service to very large customers.  Participating customers would agree to reduce their electricity usage upon the Company’s request (peak demand or high energy prices) in exchange for a discounted rate reflecting the cost savings of reduced peak period consumption. Qualifying demand would be determined by an interconnection agreement, subject to a minimum 15-year contract term (including optional 5-year load ramp). An Incremental Cost Test would be required prior to service under this tariff. Customers would be required to provide five-year rolling energy and demand forecasts and twice-a-year updates. Early termination would require at least 12 months' notice and require the customer to pay an exit fee. The utility also proposes a Form Electric Service Agreement that details the specific terms and conditions governing service to the customer.",Docket No. 25-289,Decision Pending,Tariff Pending,15 years,5 years,75%,"Transmission Infrastructure Costs
Minimum On-Peak Demand Charges
Credit Support ",Not Specified,"Contract Capacity Changes
Change or Exit Fee
Capacity Reassignment","Environmental Improvement Rider
Interruptible Service Equipment
Interruptible Load
TOU Pricing"
Missouri,Ameren Missouri,Large Load Customer Service (“LLCS”) Rate,Approved,2025,2026-03 March,Large-Load Customers,75,Not Specified,Investor-Owned,MISO,"On November 24, 2025, the Missouri Public Service Commission issed an order approving a settlement agreement, and approving Ameren Missouri's application for a new Large Load Customer Service Rate. New facilities with a monthy peak load forecast of at least 75 MW may participate at either a standard rate or an alternative 4 season demand and TOU rate. The Plan is also designed to meet the large load customers’ unique needs. It would include new programs like a Renewable Solutions Program, Nuclear Energy Credits Program, Clean Capacity Advancement Program, and Clean Energy Choice Program.",Docket No. ET-2025-0184,Order ,Large Load Customer Service Rate,12 Years + Up to 5 Year Load Ramp Period,"5 Years

",80%,"Credit Rating
Collateral Requirement
Cost Stabilization Rider",Not Specified,"Notice to Change or Exit
Change or Exit Fees",Optional Clean Energy Riders
Missouri,Evergy Missouri Metro,Large Load Power Service (LLPS) Rate Plan and Associated Tariffs,Approved,2026,2026-03 March,Large-Load Customers,75,Not Specified,Investor-Owned,SPP,"On November 13, 2025, Evergy Missouri Metro and Evergy Missouri West's application for approval of a Large Load Power Service (LLPS) rate plan was approved. The LLPS rate would apply to customers with loads of over 75 MW taking service at a substation or transmission-level voltage. LLPS customers would need to pay a system support rider to contribute to the affordability and reliability of the grid, as well as a minimum bill. LLPS would also include an update to line extension policies to ensure large load customers pay all of the costs necessary to serve them, and various financial security requirements. The service agreement would be active for a minimum of a 5 year ramp-up period plus 12 years. It would also include a 36 month termination notification requirement with an exit fee and an early termination fee for exits without the 36 month notification. ",Docket No. EO-2022-0061 ,Decision Not Included,Special High-Load Factor Market Rate Schedule (MKT),12 Years + Up to 5 Year Load Ramp Period,"5 Years

",80%,"Credit Rating
Collateral Requirement

",Not Specified,"Contract Capacity Changes
Notice to Change or Exit
Change or Exit Fees

",Optional Clean Energy Riders
Missouri,Evergy Missouri Metro,Special High-Load Factor Market Rate Schedule (MKT),Approved,2023,2025-07 July,Large-Load Customers,100,85%,Investor-Owned,SPP,"Evergy Missouri Metro and Evergy Missouri West both offer a Special High-Load Factor Market Rate Schedule (MKT). Evergy developed and proposed the tariff to meet the needs of high load factor customers which had been approaching the utility, many of which were data centers and which had the potential to be much larger and more consistent loads than those the utility was serving at the time. The tariff provides an energy rate based on day-ahead hourly prices observed in the Southwest Power Pool (SPP), with other elements based on incremental cost to serve these customers. Individual rate elements and specific terms and conditions for a customer are based on the customer project and cost of service, and memorialized in an associated Special High-Load Factor Market Rate Contract, to be filed with the commission for review and approval prior to the time each customer receives service under Schedule MKT. Non-participating customers are held harmless for any deficiency in Evergy's revenues or any stranded investment or costs associated with serving a high-load factor customer under the tariff.",Docket No. EO-2025-0154,Order,Large Load Power Service (LLPS) Rate Plan and Associated Tariffs,5 Years (Max.),"5 Years
","Individual Customer Contract Terms

","Individual Customer Contract Terms

",Not Specified,"Notice to Change or Exit

",Not Specified
Missouri,Evergy Missouri West,Large Load Power Service (LLPS) Rate Plan and Associated Tariffs,Approved,2025,2026-03 March,Large-Load Customers,75,Not Specified,Investor-Owned,SPP,"On November 13, 2025, Evergy Missouri West and Evergy Missouri Metro's application for approval of a Large Load Power Service (LLPS) rate plan was approved. The LLPS rate would apply to customers with loads of over 75 MW taking service at a substation or transmission-level voltage. LLPS customers would need to pay a system support rider to contribute to the affordability and reliability of the grid, as well as a minimum bill. LLPS would also include an update to line extension policies to ensure large load customers pay all of the costs necessary to serve them, and various financial security requirements. The service agreement would be active for a minimum of a 5 year ramp-up period plus 12 years. It would also include a 36 month termination notification requirement with an exit fee and an early termination fee for exits without the 36 month notification. ",Docket No. EO-2022-0061 ,Decision Not Included,Special High-Load Factor Market Rate Schedule (MKT),12 Years + Up to 5 Year Load Ramp Period,"5 Years

",80%,"Credit Rating
Collateral Requirement

",Not Specified,"Contract Capacity Changes
Notice to Change or Exit
Change or Exit Fees

",Optional Clean Energy Riders
Missouri,Evergy Missouri West,Special High-Load Factor Market Rate Schedule (MKT),Approved,2023,2025-07 July,Large-Load Customers,100,85%,Investor-Owned,SPP,"Evergy Missouri Metro and Evergy Missouri West both offer a Special High-Load Factor Market Rate Schedule (MKT). Evergy developed and proposed the tariff to meet the needs of high load factor customers which had been approaching the utility, many of which were data centers and which had the potential to be much larger and more consistent loads than those the utility was serving at the time. The tariff provides an energy rate based on day-ahead hourly prices observed in the Southwest Power Pool (SPP), with other elements based on incremental cost to serve these customers. Individual rate elements and specific terms and conditions for a customer are based on the customer project and cost of service, and memorialized in an associated Special High-Load Factor Market Rate Contract, to be filed with the commission for review and approval prior to the time each customer receives service under Schedule MKT. Non-participating customers are held harmless for any deficiency in Evergy's revenues or any stranded investment or costs associated with serving a high-load factor customer under the tariff.",Docket No. EO-2025-0154,Order,Large Load Power Service (LLPS) Rate Plan and Associated Tariffs,5 Years (Max.),"5 Years
","Individual Customer Contract Terms

","Individual Customer Contract Terms

",Not Specified,"Notice to Change or Exit

",Not Specified
Montana,Flathead Electric Cooperative,Administrative Policy E&O 337 – High Density Loads,Approved,2024,2025-09 September,Large-Load Customers,Not Specified,Not Specified,Cooperative,"No, but is within the balancing authority areas of BPA and WAPA","Flathead Electric Cooperative describes High Density Loads (HDL) as any new, existing, or expanding facilities that require a significant amount of power at a constant rate, such as agricultural grow operations, data centers, and cryptocurrency mining. Customer premises with an energy usage intensity of 250 kWh/ft²/year or more are subject to several line extension policies and fee schedules.

E&O Administrative Policy 337, High Density Loads, is designed to provide a fair and consistent method for charging and administering fees for utility extensions to serve high density loads regardless of size. The policy includes requirements for a prospective HDL member to inform the Cooperative of the specific load size, type of load density, and location as part of its service request; to adhere to applicable line extension policies and financial requirements, and to pay an Upfront Capacity Charge before commencing construction. HDL members are responsible for all line extension costs and upgrades from service to distribution substation. To cover investigation and enforcement costs and loss of useful life in the event of overloaded power equipment, the Cooperative charges Unauthorized Use of Service fees.
",Docket Not Included,Decision Not Included,Administrative Policy E&O 337 – High Density Loads,Not Specified,Not Specified,Not Specified,"Upfront Capacity Charge
Customer Line Extension Costs",Feasibility & Interconnection Study Fees,Not Specified,Not Specified
Montana,NorthWestern Energy,General Service Substation/Transmission Level Electric Delivery Service,Approved,2025,2025-07 July,Large-Load Customers,5,Not Specified,Investor-Owned,"No, but is part of CAISO's WEIM","Schedule GSEDS-2 is available to all service served either directly from a transmission line, or directly from a substation that is served from such a transmission line for customers receiving supply under the Electricity Supply Service schedule or through a contract with a competitive electric supplier. Customers with a peak demand of greater than 5 MW are required to execute a written contract for service. All customers taking service under this schedule must be metered with systems capable of recording hourly usage. Additionally, customers may be required to pay for installing and removing all of the facilities required to supply seasonal and short-term service and will be required to pay the costs of installing and removing all facilities required for rendering temporary service. ",Docket Not Included,Decision Not Included,Schedule No. GSEDS-2 - General Service Substation/Transmission Level Electric Delivery Service,Not Specified,Not Specified ,Not Specified,"Cost of Facilities for Seasonal, Short-Term, or Temporary Service
",Not Specified,Not Specified,Not Specified
Nebraska,Omaha Public Power District,Rate Schedule No. 261M: Large Power -- High-Voltage Transmission Level -- Market Energy,Approved,2026,2026-03 March,Large-Load Customers,20,Not Specified,Public Power,SPP,"Omaha Public Power District's Rate Schedule No. 261M is available to customers with a minimum demand of at least 20 MW if served at 161,000 volts or at least 200 MW if served at 345,000 volts. The rate schedule includes requirements to substantiate customer ramp-up to the minimum demand within 18 months of establishing service, monthly service charge, minimum billing demand of 20 MW or 200 MW depending on interconnection voltage, hourly nodal energy charge for purchases from the Southwest Power Pool, late payment charges, and gross revenue charge to recover payment in lieu of taxes. Demand is calculated based on metered usage during the initial 18 months of service, with minimum demand calculations thereafter. For utility planning purposes, participating customers notify OPPD of their expected monthly demand at least one week in advance.",Docket Not Included,Decision Not Included,Rate 261M - Large Power - High Voltage Transmission Level - Market Energy,Not Specified,18 Months,20 MW or 200 MW (based on interconnection voltage),Not Specified,Not Specified,Not Specified,Not Specified
Nevada,NV Energy,Schedule No. CTT: Clean Transition Tariff,Approved,2025,2025-07 July,Large-Load Customers,5,Not Specified,Investor-Owned,Currently part of CAISO's WEIM,"In March 2025, the Public Utilities Commission of Nevada (PUCN) approved NV Energy's (Sierra Pacific Power and NV Power) new Clean Transition Tariff (CTT), which is designed for existing, fully-bundled, large-load customers who wish to voluntarily source dedicated new clean energy resources from the utility. NV Energy will own and dispatch the new resources, and retire (or transfer to the customer to retire) Renewable Portfolio Standard credits from the facility. 

Under the CTT, NV Energy and a participating customer (with an annual average hourly load of 5 MW or more) would contract for new renewable electricity resources through an Energy Supply Agreement (ESA). The PUCN will review each ESA, considering whether it is in the public interest and whether non-participating customers experience increased costs or forego any benefits (i.e., savings) as a result. ESAs -- including the planned new renewable resources -- will be filed within or at the same time as NV Energy's Integrated Resource Plans. Each ESA contract length will equal the term life of the new facility, with provisions for early termination fees. NV Energy has agreed to seek approval of the base CTT Model in its next IRP or IRP amendment.",Docket No. 24-05022 (Nevada Power),Order,Tariff Not Published,Term length to match lifetime of new clean energy facility,Not Specified,Not Specified,Not Specified,Not Specified,"Provisions Set in ESA

","Clean Transition Tariff ESA
"
New York,New York Municipal Power Agency,"Rider A - Rates and Charges for High Density Load (""HDL"") Service",Approved,2022,2025-07 July,Large-Load Customers,0.3,Not Specified,Joint Action Agency,"NYMPA is a joint action agency formed by 35 municipalities, which participate in NYISO","New York Municipal Power Agency (NYMPA) is a joint action agency of 35 municipal electric utilities in New York state. In June 2018, the New York Public Service Commission approved NYMPA's Rider A for customers with high density load (HDL), such as cryprocurrency miners and data centers. Historically, NYMPA members met most of their supply needs through lower-cost electricity from the New York Power Authority and purchased additional supply on the open market as needed. To accommodate increasing requests for service from cryptocurrency mining customers, members were increasingly purchasing electricity from the open market. Because the member utilities recover costs of supplemental power from all customers, the increase in energy prices caused by providing service to the HDL customers resulted in increased energy costs for all customers of impacted municipalities. Additionally, members faced cost recovery challenges noting that HDCs could begin operating in existing buildings with little to no upfront costs, and could later easily relocate, creating a unique risk of uncollectable costs. The Rider A Order established terms and conditions for providing service to HDL customers. 
",Case 18-E-0126,Decision Not Included,"Rider A - Rates and Charges for High Density Load (""HDL"") Service",10 Years (Refund Period),Not Specified,Not Specified,"Cost of New Facilities
Bill Deposit

","Study Costs

",Security Reductions or Release,Not Specified
North Carolina,Duke Energy Carolinas,Schedule HLF: High Load Factor ,Approved,2025,2025-07 July,Large-Load Customers,1,Not Specified,Investor-Owned,"No, but is part of SEEM","Schedule HLF is available to non-residential customers with a minimum of demand of 1 MW and located at a single, contiguous site. The rate structure consists of a basic customer charge, a flat energy (kWh) charge and a demand charge (per kW of billing demand) that varies by service level. Fixed costs are primarily recovered through the demand charge, which is comparatively higher than the demand charges in the utility's other large general service tariffs.",Docket Not Included,Decision Not Included,Schedule HLF: High Load Factor ,1 Year,"1 Year

",75%,Not Specified,Not Specified,"Change or Exit Fees

",Not Specified
North Carolina,Duke Energy Progress,Large General Service (High Load Factor) Schedule LGS-HLF,Approved,2024,2025-07 July,Large-Load Customers,1,Not Specified,Investor-Owned,"No, but is part of SEEM","Schedule LGS-HLF is available to non-residential customers with a minimum of demand of 1,000 kW; service is supplied to the customer's premises at one point of delivery through a single meter. The rate structure consists of a basic customer charge, a flat energy (kWh) charge and a flat demand (kW) charge. Fixed costs are primarily recovered through the demand charge, which is comparatively higher than the demand charges in the utility's other large general service tariffs.",Docket Not Included,Decision Not Included,Large General Service (High Load Factor) Schedule LGS-HLF,1 Year,Not Specified,75%,Not Specified,Not Specified,Not Specified,Not Specified
North Dakota,Otter Tail Power,Super Large General Service,Approved,2018,2025-09 September,Large-Load Customers,25,80%,Investor-Owned,MISO,"Otter Tail Power's Super Large General Service rate is available to greenfield customers who demonstrate an expected metered demand of at least 25 MW at a single metering point, an expected load factor of at least 80%, and expected energy usage (sales) of at least 175,000 MWh over 12 consecutive billing months. This rate is designed to attract new large and high-load-factor customer loads that provide net benefits to the utility's customers and communities. The marginal cost estimates that form the basis of this rate are designed to capture the marginal/incremental costs the utility expects to incur serving the customer's load (marginal energy costs, additional generation capacity, added network capacity, and others). Any additional unanticipated costs will be recovered through riders applied to the customer. Service under this rate requires an electric service agreement with a minimum term of five years.",Docket Not Included,Decision Not Included,Super Large General Service,5 Years,Not Specified,Not Specified,"Subject to Line Extension Policy's Minimum Revenue Guarantee 

",Not Specified,Not Specified,Energy Efficiency Audit
Ohio,AEP Ohio,Schedule DCT (Data Center Tariff),Approved,2025,2026-03 March,Data Center Customers,25,Not Specified,Investor-Owned,PJM,"In Docket No. 24-0508-EL-ATA, AEP Ohio filed an application on May 13, 2024, to create a new customer class for data centers exceeding 25 MW. A settlement agreement was adopted by the Public Utilities Commission of Ohio (PUCO) on July 9, 2025, establishing the utility's Data Center Tariff (Schedule DCT), which includes a 12-year term (4-year ramp plus 8 years), a minimum billing demand of at least 85% of contract capacity or peak demand over the prior 11 months, and allowing AEP Ohio to suspend service if usage exceeds the contracted level by more than 1 MW. AEP Ohio filed a revised tariff on July 11, 2025, which includes a new definition of ""customer"" that encompasses a financial sponsor co-signing the agreement. Consistent with a stipulation PUCO adopted, the tariff also specifies that loads over 25 MW that already signed agreements prior to the effective date of the new tariff are ""grandfathered"" so long as their load does not expand by more than 25 MW. PUCO issued a final order approving the revised tariff on July 23, 2025.

On November 3, 2025, the Ohio Manufacturers' Energy Group (OMAEG) filed a Notice of Appeal to the Supreme Court of Ohio in response to PUCO's data center tariff approval, initiating Case No. 2025-1458. In its appeal, OMAEG claimed that PUCO's tariff approval was unjust, unreasonable, and unlawful and that the data center tariff is discriminatory.

On January 7, 2025, AEP Ohio filed a general rate case with revisions to Schedule DCT to clarify requirements for existing customers, outlining that existing load that does not increase its contract capacity by more than 25 MW is subject to the terms of its existing contract and collateral requirements (See Docket No. 25-0392-EL-AIR). Existing load that signs a new electric service agreement to expand its contract capacity by more than 25 MW is considered new load. If the new load expansion is separately metered, the separately metered original load can continue to be considered existing load.",Docket No. 25-0392-EL-AIR,Order,Schedule DCT (Data Center Tariff),8 Years + Up to 4 Year Load Ramp Period,"4 years

",85%,"Credit Rating
Collateral Requirement

","Study Fee

","Notice to Change or Exit
Change or Exit Fees
Security Reductions or Release",Not Specified
Oklahoma,Public Service Company of Oklahoma,Large Power and Light (LPL),Proposed / Pending,2026,2026-03 March,General Commercial & Industrial Customers,10,Not Specified,Investor-Owned,SPP,"This information is derived from the proposed tariff, which is subject to regulatory approval.
As part of a general rate case filed on January 2, 2026, Public Service Company of Oklahoma proposed new special terms and conditions (T&C) for new large load customers (10 MW or more) taking service as of January 1, 2026, under its existing Large Power and Light tariff. Minimum contract term and exit notice period would be tiered by size (10 MW to 75 MW; over 75 MW). Any of these new large customers could take an optional load ramp period of five years. In the time between contract and service, customers would pay a monthly $4.88/kW system contribution charge based on the average demand expected in their first year of service. The proposed tariff also sets monthly billing demand at no less than 80% of contracted capacity and a post-service collateral requirement equal to 24 times previous maximum monthly non-fuel bill plus outstanding direct interconnection investments (recomputed annually). Exit fees would equal the remaining minimum bill for the rest of the contract.",Docket No. PUD2025-000075,Decision Pending,Tariff Pending,"10 - 75 MW: 2 years
75+ MW: 10 years ",5 Years,80%,"Collateral Requirement
Creditworthiness
Pre-Service Capacity Charge",Not Specified,"Notice to Change or Exit
Change or Exit Fees",Not Specified
Oregon,Pacific Power,Rule 13 (R13): Line Extensions-- Capacity Reservation Charge and Excess Demand Charge,Approved,2025,2025-07 July,Large-Load Customers,50,Not Specified,Investor-Owned,Currently part of CAISO's WEIM,"Pacific Power updated several of its line extension conditions and definitions as part of a general rate case filed February 14, 2024 and approved by the Oregon Public Utility Commission on February 24, 2025. This includes two charges that apply to very large customers beginning July 1, 2025.

The Capacity Reservation Charge (Rule 13, Sheet R13-1) ensures adequate cost recovery from customers using less power than they reserved. It is a per-kW charge that Pacific Power may apply to monthly bills for excess reserved capacity, allowing for a 10% buffer. This charge applies to customers with total expected loads exceeding 50,000 kW. It is designed to recover the Federal Energy Regulatory Commission (FERC) transmission function revenue requirements to meet the customer's anticipated peak demand, plus a percentage of fixed generation costs reflecting the utility's costs to meet planning reserve margins incorporating the customer's forecast peak load.

The Excess Demand Charge (Rule 13, Sheet R13-2) is a mechanism to recover costs of any unexpected market purchases needed to meet customer demand beyond what was reserved. It is a per-kW charge that Pacific Power may apply when a customer's total load exceeds forecasts stipulated in written agreements. It is designed to ensure that customers do not underestimate their needed load and operate their facilities within the bounds of their load request.",Docket No. UE 433 ,Decision Not Included,Rule 13 (R13): Line Extensions-- Capacity Reservation Charge and Excess Demand Charge,Not Specified,Not Specified,Not Specified,Not Specified,Not Specified,Contract Capacity Changes,Not Specified
Oregon,Pacific Power,Schedule 401 – Service to New Large Energy Use Facilities,Proposed / Pending,2025,2026-03 March,Data Center Customers,20,Not Specified,Investor-Owned,Currently part of CAISO's WEIM,"This information is derived from the proposed tariff, which is subject to regulatory approval.
On October 2, 2025, Pacific Power filed a request for approval of a new rate schedule, Service to New Large Energy Use Facilities (Schedule 401; See Docket No. ADV 1790). The rate would be applicable to a new customer class of New Large Energy Use Facilities, which (1) require load or have reserved capacity of 20 MW or greater and (2) primarily provide computing infrastructure, data processing, and web services as described under code 518210 of the 2022 North American Industry Classification System. These definitions follow from Oregon HB 3546, which took effect on June 16, 2025. The bill mandates that a new large-load tariff allocate costs in a manner that is fair and proportional to the cost of serving the customer and mitigates cost-shifting. Pacific Power proposes to make the tariff mandatory for new customers, and existing customers that require significant additional utility investment or cost after June 16, 2026. Customers taking service under this rate would have a written Large Energy Use Facility Agreement with the utility, specifying the terms, conditions, and rates for service. The agreement would specific a term of at least 10 years and would be subject to Commission approval. Pacific Power proposed to address implementation of HB 3546 for Large Energy Use Facilities that do not require significant new costs or investments in its next general rate case. (The original proposal was filed in Docket No. ADV 1790; the docket was closed as all filings have been moved to Docket No. UE 463.) ",Docket No. UE 463,Decision Pending,Tariff Pending,10 years,Not Specified,Individual Customer Contract Terms,"Credit, Deposit, or Security
Application Fee
CIAC",Not Specified,Not Specified,Service Cannot Preclude Utility Efforts to Meet Clean Energy Targets
Oregon,Portland General Electric ,Schedule 55: Green Energy Affinity Rider,Approved,2019,2025-07 July,Large-Load Customers,10,Not Specified,Investor-Owned,Currently part of CAISO's WEIM,"Portland General Electric’s (PGE) Green Energy Affinity Rider (GEAR) is a voluntary program that gives large non-residential customers a way to get 100 percent of their electricity from new renewable energy sources. Customers can either let Portland General Electric choose and procure the renewable resources for them through the PGE Supply Option, or they can propose their own project, like a solar or wind PPA, and have the utility facilitate the purchase under the Customer Supply Option. In both cases, the renewable energy must be newly developed and located within the broader Western U.S. grid region.

Customers who participate receive credits on their bill based on the energy and capacity value the project brings to the grid, but they are also responsible for any additional costs such as project expenses or administrative fees. These costs are not passed on to non-participating customers. The Oregon Public Utility Commission oversees the program and reviews each set of projects and rates before they are approved. Overall, GEAR gives large customers a flexible way to meet clean energy goals directly through Portland General Electric without having to leave the utility or manage their own energy project.",Docket No. UM 1953 ,Order,Schedule 55 - Large Nonresidential Green Energy Affinity Rider (GEAR),5 to 20 Years,Not Specified,Not Specified,Not Specified,Not Specified,Not Specified,Clean Energy
Pennsylvania,PPL Utilities,"Schedule LP-5: Large General Service at 69,000 Volts or Higher",Proposed / Pending,2025,2026-03 March,Large-Load Customers,Not Specified,Not Specified,Investor-Owned,PJM,"This information is derived from the proposed tariff, which is subject to regulatory approval.
On October 5, 2025, as a part of its general rate case, PPL proposed making revisions to Rate Schedule LP-5 to mirror what the company claims it is currently requiring in its electric service agreement process with large customers. These provisions include minimum load guarantees of 80% of contracted load until service commitment is satisfied, load ramp schedules for a 5 year term, and security instruments for line extension costs in the form of a credit, surety bond, parent guarantee, or other acceptable instrument.",Docket No. R-2025-3057164,Decision Pending,Tariff Pending,1 Year,5 years,80%,"Letter of Credit, Surety Bond, Parent Guarantee
Cost of New Facilities",Not Specified,Not Specified,Not Specified
Pennsylvania,PPL Utilities,Schedule LP-6,Proposed / Pending,2026,2026-03 March,Large-Load Customers,50,Not Specified,Investor-Owned,PJM,"This information is derived a settlement agreement modifying an initially proposed tariff, which is subject to regulatory approval.
On October 5, 2025, as a part of its general rate case, PPL proposed making revisions to Rate Schedule LP-5 to mirror what the company claims it is currently requiring in its electric service agreement process with large customers. In a settlement filed on March 13, 2026, the company proposed further changes it would be willing to make in its treatment of large load customers, including additional modifications to its initial subrebuttal testimony proposal. These include creating a new LP-6 rate class applicable to customers with a peak demand of 50 MW for a single facility or 75 MW in aggregate, where Electric Service Agreements (ESA) must include the following conditions: An initial 10-year minimum term, and an initial load ramp schedule for the first five years. ESAs require security equal to the cost of upgrades that are needed to serve the customer, placed into rate base, and recovered through transmission rates (known as the ""Rate Base Security Obligation""). Security could take several forms such as a letter of credit, parent guarantee, or other acceptable instrument. Once the Rate Base Obligation has been satisfied, customers pay a rate based on a minimum bill based on 80% of the load provided in the load ramp schedule for the first five years and 50% in the second five years. CIAC is required for directly assignable transmission and distribution upgrades. Finally, there is an exit fee equal to the lesser of equal to the greater of the remaining minimum load guarantee obligation or the remaining Rate Base Security Obligation.",Docket No. R-2025-3057164,Settlement Agreement ,Tariff Pending,10 Years,Up to 5 Years,"80%: Years 1-5
50%: Years 6-10","Letter of Credit or Parent Guarantee
CIAC",Not Specified,Change or Exit Fees,Interruptible Service Incentives 
Pennsylvania,Statewide,Model Tariff for Customers at or Over 50 MW Individually or 100 MW in the Aggregate (Large Load Customer),Proposed / Pending,2025,2026-03 March,Large-Load Customers,50,Not Specified,N/A,PJM (if utilities adopt the proposed model tariff),"This information is derived from a tentative order on a model tariff, which is subject to regulatory approval.
The Pennsylvania Public Utilities Commission directed its Staff to conduct an en banc hearing concerning interconnection and tariffs for large load customers and to develop a proposed model tariff for Commission review. The model tariff would be available to all electric distribution companies and would represent a preferred set of best practices based on the perspectives shared with the Commission. On November 6, 2025, Staff filed a tentative order including the proposed model tariff. The proposed tariff defines Large Load Customers as 50 MW individually or 100 MW in the aggregate. The tariff outlines a minimum contract length of 5 years and a load ramp up to 5 years. It includes a minimum demand charge of 80% of contracted demand and minimum load that is either the greater of (1) 80% of the contracted capacity or (2) 80% of the highest previously established monthly billing demand. Collateral requirements must be provided to cover network improvement costs and interconnection facilities costs, and may be provided in the form of a guarantee from the ultimate parent company, a letter of credit, or cash. The tariff further outlines an exit fee equal to the greater of (1) the difference between applicable costs and revenues received from the large load customer or (2) the nominal value of the remaining minimal charge for the lost capacity in excess of the allowed 20%. The customer may avoid the exit fee if the customer reduces demand by up to 20% of its initial contract term within the greater of (1) five years or (2) the length of the initial contract term with sufficient notice. Customers must pay for full planning studies and interconnection studies. Customers must make an annual contribution to the company's hardship fund and are subject to a fee for interconnection facilities costs and network improvement costs through CIAC. The tariff outlines options for interruptible service subject to a written offer by PPL, as well as potential for reduced minimum demand charges and/or standby charges for customers bringing their own onsite generation",Docket No. M-2025-3054271,Decision Pending,Model Tariff Pending,5 Years,Up to 5 Years,80%,"Guarantee from the Ultimate Parent or a Corporate Affiliate (subject to credit rating or liquidity requirements), Letter of Credit, or Cash   
CIAC",Study Costs,"Notice to Change or Exit
Change or Exit Fees
Security Reductions or Release","Interruptible Service Incentives
Onsite Generation Incentives"
South Carolina,Duke Energy Carolinas,Service Regulations,Approved,2026,2026-03 March,Large-Load Customers,50,Not Specified,Investor-Owned,No,"Duke Energy Carolinas filed a rate case proposal in July 2025, which included proposed modifications to its Service Regulations to account for large load customers. The changes include adding language to address minimum billing when a customer requests termination, enabling enhanced performance criteria for large loads, clarifying  pro-ration practices, and detailing a customer’s responsibility with respect to costs for rights of way and clearing for overhead to underground conversions.

In November 2025, Duke Energy Carolinas filed a Large Load Stipulation with the South Carolina Public Service Commission in which it agreed to work with the stipulating parties to file a petition with the Commission requesting that a generic docket be opened for the purpose of evaluating issues associated with new large load additions. The Commission issued an order in December 2025 approving the Large Load Stipulation and allowing Duke Energy Carolinas to implement its proposed service regulations in the near term. ",Docket No. 2025-172-E,Order,Service Regulations,Not Specified,Not Specified,Not Specified,Individual customer contract terms,Not Specified,Net present value of monthly minimum bills for remaining terms of agreement based on 50% of contract demand,Not Specified
South Dakota,Black Hills Power,Blockchain Interruptible Service (BCIS),Approved,2026,2026-03 March,Large-Load Customers,10,Not Specified,Investor-Owned,"No, but is joining CAISO's WEIM in 2026","On January 29, 2026, the South Dakota Public Utilities Commission approved a settlement, allowing Black Hills Power to implement a Blockchain Interruptible Service (BCIS) Tariff, to serve new interruptible loads of 10 MW or greater. Participating customers will be required to enter into a BCIS Agreement, which includes the follow provisions:  mimimum and maximum terms of two and five years, respectively; pricing terms subject to renegotiation at least every three years; identification of specific customer costs for any required infrastructure necessary to serve the customer load; and negotiated service interruption provisions. The BCIS Tariff replaced Black Hills Power's originally proposed Economic Flexible Load Service (EFLS) Tariff.",Docket No. EL25-019,Order,Tariff Not Published,2 to 5 Years,Not Specified,Not Specified,Deposit or Credit Support,Not Specified,"Pricing Terms Subject to Renegotiation

",Interruptible Load
South Dakota,Otter Tail Power,Super Large General Service,Approved,2019,2025-09 September,Large-Load Customers,25,80%,Investor-Owned,MISO,"Otter Tail Power's Super Large General Service rate is available to greenfield customers who demonstrate an expected metered demand of at least 25 MW at a single metering point, an expected load factor of at least 80%, and expected energy usage (sales) of at least 175,000 MWh over 12 consecutive billing months. This rate is designed to attract new large and high-load-factor customer loads that provide net benefits to the utility's customers and communities. The marginal cost estimates that form the basis of this rate are designed to capture the marginal/incremental costs the utility expects to incur serving the customer's load (marginal energy costs, additional generation capacity, added network capacity, and others). Any additional unanticipated costs will be recovered through riders applied to the customer. Service under this rate requires an electric service agreement with a minimum term of five years.",Docket Not Included,Decision Not Included,Super Large General Service,5 Years,Not Specified,Not Specified,"Subject to Line Extension Policy's Minimum Revenue Guarantee 

",Not Specified,Not Specified,Energy Efficiency Audit
Texas,El Paso Electric,Economic Development Rate Riders for a New Data Center-- Rate Schedule No. 33A: Large Economic Development Rate,Approved,2025,2026-03 March,Data Center Customers,50,90%,Investor-Owned,"No, joining SPP Markets+","On July 31, 2025, the Public Utility Commission of Texas approved El Paso Electric Company's request for an economic development rate rider for a specific new data center planning to locate in its service area that anticipates a significantly larger demand and higher power factor than EPE has historically served. Recognizing the expected operational and cost of service differences between the new customer and existing ones, EPE proposed two new new rates to supplement its existing economic development tariff (Rate Schedule No. 33). These rates-- Large Economic Development Rate and the Medium Economic Development Rate-- are modified versions of EPE's Large Power Service tariff. The tariffs do not name the specific data center, but are applicable to data centers that are eligible for the standard Economic Development Rate Rider. This entry summarizes the ""Rate Schedule No. 33A: Large Economic Development Rate"" rider, for data center customers who highest measured demand exceeds 50,000 kW.",Docket No. 56903,Order,Schedule No. 33A Large Economic Development Service Rate,5 Years (Max.),Not Specified,"80% 
(Prior Billing Demand)
",Not Specified,Not Specified,Not Specified,Interruptible Load Option
Texas,El Paso Electric,Economic Development Rate Riders for a New Data Center-- Rate Schedule No. 33B: Medium Economic Development Rate,Approved,2025,2026-03 March,Data Center Customers,0.6,Not Specified,Investor-Owned,"No, joining SPP Markets+","On July 31, 2025, the Public Utility Commission of Texas approved El Paso Electric Company's request for an economic development rate rider for a specific new data center planning to locate in its service area that anticipates a significantly larger demand and higher power factor than EPE has historically served. Recognizing the expected operational and cost of service differences between the new customer and existing ones, EPE proposed two new new rates to supplement its existing economic development tariff (Rate Schedule No. 33). These rates-- Large Economic Development Rate and the Medium Economic Development Rate-- are modified versions of EPE's Large Power Service tariff. The tariffs do not name the specific data center, but are applicable to data centers that are eligible for the standard Economic Development Rate Rider. This entry summarizes the ""Rate Schedule No. 33B: Medium Economic Development Rate"" rider, for data center customers whose highest measured demand over the past 12 months was at least 600 kW and whose demand did not exceed 50,000 kW in two consecutive months.",Docket No. 56903,Order,Schedule No. 33B Medium Economic Development Service Rate,5 Years (Max.),Not Specified,"80% 
(Prior Billing Demand)
",Not Specified,Not Specified,Not Specified,Interruptible Load Option
Texas,Southwestern Electric Power Company,Electric Service – Large Load (ES-LL Contract),Proposed / Pending,2025,2025-11 November,Large-Load Customers,75.0,Not Specified,Investor-Owned,SPP,"This information is derived from the proposed tariff, which is subject to regulatory approval.
On October 3, 2025, Southwestern Electric Power Company (SWEPCO) filed for approval of a new standard-form electric service contract for large-load customers taking service under its approved tariffs, which would be called an Electric Service – Large Load Contract (ES-LL Contract). The proposed ES-LL Contract would apply to any customer with a contract capacity 75 MW or higher at one facility or in aggregate. SWEPCO noted in its application that its existing Contract for Electric Service is not designed to provide the types of protections needed to manage risks associated with anticipated large loads, but that the new provisions in the ES-LL Contract would help by coming into effect if the customer fails to meet its expected load ramp, suddenly drops usage, or terminates service. Proposed terms include a/an: ramp period, full operations period, billing period, minimim billing demand provision, minimum billing energy provision, initial contract term, automatic renewal provision, termination contract fee, and collateral requirement. ",Docket No. 58964,Decision Pending,Tariff Pending,12 Years,Negotiable,Redacted in Proposal,Collateral Requirement,Not Specified,"Change or Exit Fees
Notice to Change or Exit
",Not Specified
Texas,Texas-New Mexico Power,Primary Service - Substation,Proposed / Pending,2025,2026-03 March,General Commercial & Industrial Customers,Not Specified,Not Specified,Investor-Owned,ERCOT,"This information is derived from the proposed tariff, which is subject to regulatory approval.
As part of a general rate case filed on November 14, 2025, Texas-New Mexico Power proposed a new Primary Service Substation rate class, carved out from the existing Primary Interval Data Recording (IDR) rate. The IDR rate is for customers connected to primary distribution, all of whom have the same delivery rate. The rate allows customers who design, build, and maintain their own distribution infrastructure — typically large industrial users like oil and gas producers and data centers — to receive a lower rate than other primary IDR customers, since their self-sufficient buildouts reduce dependence on TNMP's broader distribution system. Separation of this rate class from the existing primary IDR rate would affect approximately nine existing customers.",Docket No. 58796,Decision Pending,Service Rules Pending,Not Specified,Not Specified,Not Specified,CIAC,Not Specified,Not Specified,Not Specified
Utah,Rocky Mountain Power,Electric Service Regulation No. 12: Line Extensions,Approved,2025,2025-11 November,Large-Load Customers,50 MVA,Not Specified,Investor-Owned,Currently part of CAISO's WEIM,"In RMP’s general rate case (Docket No. 24-035-04), initially filed in June 2024 and amended in August, the company proposed introducing two new charges for large line extensions: a Capacity Reservation Charge (CRC) and an Excess Damage Charge (EDC). These charges were intended to address discrepancies between reserved and actual usage, as well as usage exceeding contracted amounts. RMP also proposed treating certain line extensions as speculative or requiring special contracts, suggesting that some projects could be denied service. In addition, the utility proposed classifying line extension facilities as either network upgrades or direct-assigned facilities, affecting cost allocation between the utility and its customers.

A settlement filed on January 14, 2025, eliminated the proposed CRC and EDC. In their place, modifications were made to the existing monthly On-Peak Power Charge and a new Excess Power Charge was introduced. These changes apply to large customers with significant reserved capacity and are designed to better align charges with actual demand. The settlement was approved by the Commission in an order issued on April 25, 2025.

Separately, in August 2024, the Utah Division of Public Utilities requested that the Public Service Commission open a docket (24-035-43) to investigate and solicit public comment on Rocky Mountain Power’s (RMP) Electric Service Regulation No. 12 (Line Extensions). The request was prompted by numerous complaints regarding the limitations, delays, and costs associated with the utility’s current line extension practices for large new loads. In August 2025, the Commission stated that it will take no further action until its rulemaking proceeding, 25-R318-01, is complete.",Docket No. 24-035-04 ,Decision Not Included,Electric Service Regulation No. 12: Line Extensions,5 Years,"Load Ramp Allowed, but Not Codified in Service Rule",Not Specified,"Credit Rating
Collateral Requirement

",Not Specified,Not Specified,Not Specified
Virginia,Appalachian Power,Schedule L.P.S. (Large Power Service),Proposed / Pending,2025,2025-07 July,Large-Load Customers,100,Not Specified,Investor-Owned,PJM,"This information is derived from the proposed tariff, which is subject to regulatory approval.
On March 24, 2025, Appalachian Power proposed revisions to the terms and conditions of its existing Large Power Service rate (Schedule L.P.S.), which is available to customers with average meter demands exceeding 1 MW. The existing tariff includes additional requirements for customers with demands exceeding 2.5 MW. The proposed revisions would create additional requirements for new large additions of 100 MW or greater at an individual site, or 150 MW or greater on an aggregated basis. Specifically, the new terms and conditions would include a contract term for an initial period of 12 years, a minimum five-year notice period to discontinue or modify service, an 80% monthly minimum billing demand, and a higher minimum amount of collateral a customer must provide. Customers are subject to a minimum monthly charge; the formula for calculating this charge appears in the tariff.",Docket No. PUR-2025-00057,Decision Pending,Tariff Pending,12 Years,"5 Years 
(Distinct from Initial Contract Term)

",80%,"Credit Rating
Collateral Requirement

",Not Specified,"Contract Capacity Changes
Notice to Change or Exit
Change or Exit Notice Fee",Not Specified
Virginia,Dominion Energy Virginia,Rate Schedule GS-5: High Load/Load Factor Service,Approved,2025,2025-11 November,Large-Load Customers,25,75%,Investor-Owned,PJM,"As part of its application for a 2025 biennial review of rates, terms and conditions, Virginia Electric and Power Company (Dominion Energy) proposed creating both a new ""High Load"" customer class and Rate Schedule GS-5: High Load/Load Factor Service. High Load customers would have contracted or measured demand of 25 MW or more, and an expected or actual load factor of 75% or higher. GS-5 would include terms such as a 14-year minimum contract term (inclusive of optional 4-year ramp-up period), minimum demand charges, deposit and credit requirements, and provisions for capacity reassignment and exit fees.  In the same application, Dominion Energy also proposed adding related High Load customer terms to several of its general service and market-rate tariffs (Schedules 6, 6-TS, GS-3, GS-4, MBR, SCR, and Schedule 10). On August 28, 2025, several data center companies filed a joint proposal for modifications to several of these terms. The Commission approved the new rate schedule in November 2025.",Docket No. PUR-2024-00114,Order,Schedule CFG: Carbon-Free or Renewable Generation Supply Service (Experimental),14 Years,4 Years (Optional; Included in Contract Term),"Distribution Demand Charge: 85%
Transmission Demand Charge: 85%
Generation Demand Charge: 60%
",Collateral Requirement,Not Specified,"Contract Capacity Reductions
Notice to Change or Exit
Capacity Reassignment
Exit Fee
Collateral Changes",TOU Pricing
Virginia,Dominion Energy Virginia,Schedule CFG: Carbon-Free or Renewable Generation Supply Service (Experimental),Approved,2025,2025-07 July,General Commercial & Industrial Customers,Not Specified,Not Specified,Investor-Owned,PJM,"In December 2024, Virginia's State Corporation Commission approved Dominion Energy's application to create a voluntary, experimental tariff to support carbon-free and renewable energy generation for its non-residential customers. The Carbon-Free or Renewable Generation Supply Service (Schedule CFG) allows non-residential customers to purchase the net energy output from carbon-free or renewable energy resources and their environmental attributes in an amount up to 100% of their energy needs. Participating energy facilities must have a nameplate capacity of 1,000 kW or more, and will be sourced either by Dominion Energy itself or through a contract with a third-party. 

No more than 50 customers can elect service under this schedule; after that, the schedule will not be available. Participation is available on a voluntary basis for any customer receiving service on a variety of existting non-residential schedules, including those for small, intermediate, and large customers.",Case No. PUR-2025-00058,Order,Tariff Not Published,To coincide with term of CFG Agreement,Not Specified,Not Specified,Not Specified,Not Specified,Not Specified,"Renewable Generation
Carbon-Free Generation"
Virginia,Mecklenburg Electric Cooperative,Schedule LPS-U: Large Power Service,Proposed / Pending,2025,2026-03 March,Large-Load Customers,5,Not Specified,Cooperative,PJM,"This information is derived from the proposed tariff, which is subject to regulatory approval.
In August 2025, Mecklenburg Electric Cooperative filed an application to implement a Large Power Service Rate Schedule (LPS-U), a new tariff for customers with a demand of 5 MW or more. Customers who require new dedicated facilities will be required to pay 100% contribution-in-aid-of-construction. Customers must also provide a security deposit consistent with the cooperative’s terms and conditions to avoid the possibility of shifting costs to the cooperative’s other members. Additional terms apply to customers with a demand in excess of 25 MW. ",Case No. PUR-2025-00160,Decision Pending,Tariff Pending,Not Specified,Not Specified,Not Specified,"CIAC
Collateral Requirement Deposit.",Not Specified,Not Specified,Not Specified
Virginia,Northern Virginia Electric Cooperative,Schedule HV-2: Large Power Dedicated Facilities Contract Service,Approved,2023,2025-11 November,Large-Load Customers,Not Specified,85%,Cooperative,PJM,"Northern Virginia Electric Cooperative (NOVEC) filed an application in September 2018 for approval to implement a new Large Power Dedicated Facilities Contract Service (Schedule, HV-2). Schedule HV-2 was designed to provide similar options for service to very large customers as are currently available under the Cooperative's current Schedule HV-1, which has been available since 1999, but with certain changes made to ensure that Schedule HV-2 is appropriate for providing service to the very large loads that will qualify for service under Schedule HV-2.  
",Docket No. PUR-2018-00165,Order,Schedule HV-2: Large Power Dedicated Facilities Contract Service,Negotiable,Not Specified,"65 MW or 45 MW, times a ramp-up percentage specified in contract",Not Specified,Not Specified,Not Specified,Not Specified
Virginia,Rappahannock Electric Cooperative,Schedule LP-DF: Large Power Dedicated Facilities Rate Schedule,Proposed / Pending,2025,2025-09 September,Large-Load Customers,25,75%,Cooperative,PJM,"This information is derived from the proposed tariff, which is subject to regulatory approval.
In February 2025, Rappahannock Electric Cooperative (REC) gained approval from the Virginia State Corporation Commission (VA SCC) to form a series of for-profit subsidiaries to help it serve new ""exceptionally-sized customers."" Under the arrangement, the affiliates will obtain power supply and provide it to REC on a wholesale basis; REC would then deliver it to customers on a retail basis. In March 2025, REC requested approval for a new Schedule LP-DF: Large Power Dedicated Facilities Rate Schedule to structure this service. Schedule LP-DF would be mandatory for all eligible new large, high load factor customers served by multi-tenant (colocation) data centers that lease space to other organizations, as well as other ""dedicated distribution facilities."" Schedule LP-DF is designed to recover the full cost of obtaining power supply and providing distribution service to these customers, including a delivery service charge and service charge (both on the basis of per-MVA installed), excess facilities charge, and a pass-through of power supply costs. Customers taking service under the tariff would be responsible for any additional facilities needed to prevent interference to transmission or distribution systems. REC states that it designed charges based on forecasts for customers that will begin taking service in the next two years, and that it will monitor the rate and request adjustments if necessary as additional Schedule LP-DF customers come online. 

In April 2025, VA SCC granted REC's request to place Schedule LP-DF into effect on an interim basis, subject to refund, on and after July 1, 2025. Comments and investigations have been ongoing. In August 2025, VA SCC staff filed findings and recommendations for the State Corporation Commission’s consideration; these can be found within the docket link.",Case No. PUR-2025-00048,Decision Pending,Tariff Pending,Negotiable,Not Specified,Not Specified,"CIAC
Collateral Requirement
Credit Collateral Support",Not Specified,Contract Capacity Changes,Not Specified
Virginia,Shenandoah Valley Electric Cooperative,Schedule LPD-2: Large Power Dedicated Facilities Contract Service ,Proposed / Pending,2025,2025-11 November,General Commercial & Industrial Customers,40,Not Specified,Cooperative,PJM,"This information is derived from the proposed tariff, which is subject to regulatory approval.
On October 17, 2025, Shenandoah Valley Electric Cooperative (SVEC) filed an application for approval to implement a Large Power Dedicated Facilities Contract Service rate schedule (Schedule LPD-2) to replace its existing Large Power Dedicated Facilities Contract Service (Schedule LPD-1). There are currently no customers taking service under LPD-1. Schedule LPD-2 will be available to new large load consumers with an expected metered load of 40,000 kW or higher served at a voltage of 20kV or higher through dedicated facilities. LPD-2 is intended to meet large-load customers' distribution and power supply requirements, to recover the full cost of providing such service, and mitigate the financial and operational risks associated with serving large-load consumers. Consumers' costs would reflect market-based rates, including wholesale market prices for power purchases, and all capacity and transmission charges incurred by the cooperative to serve them. New customers that meet LPD-2 eligibility criteria are required to take service under it; accordingly, SVEC also proposed revisions to two other non-residential rate schedules that clarify this. SVEC also filed-- for informational purposes-- corresponding revisions to its Terms and Conditions of Service approved by the SVEC Board of Directors that it intends to implement in conjunction with Schedule LPD-2. ",Docket No. PUR-2025-00190,Decision Pending,Tariff Pending,Negotiable,Negotiable,Not specified,"Collateral Requirement
Credit Rating
CIAC
Deposit for Temporary Service",Not Specified,Not Specified,Not Specified
Washington,Chelan County Public Utility District,Rate Schedule 36: Data Centers and Similar Loads,Approved,2025,2025-09 September,Data Center Customers,Not Specified,Not Specified,Public Power,"No, but are participating in Phase 2 of SPP's Markets+","Rate Schedule 36, Data Centers and Similar Loads, applies to high-energy-use computing and data processing operations—such as data centers, hosting services, cryptocurrency mining, and blockchain—that meet specific operational and technical characteristics. Available throughout most of Chelan County (with some geographic exceptions noted in the tariff), service requires a contract and upfront capital charge based on load size. Customers are subject to monthly basic, demand, and energy charges, with differentiated rates by demand. Loads over 3 MW require custom contracts. The schedule includes provisions for demand exceedance penalties, market-based energy pricing, load variability, and service interruption prioritization. Strict load reporting and compliance requirements apply.",Docket Not Included,Decision Not Included,Schedule 36 (Data Centers and Similiar Loads),Not Specified,Not Specified,0.9,"Demand Overage Measures
Deposit
Upfront Capital Charge",Not Specified,"Contract Capacity Reductions
Security Reduction or Release
Notice to Change or Exit",Interruptible Service
Washington,Grant County Public Utility District,Schedule No. 17 (Evolving Industries),Approved,2018,2026-03 March,Cryptocurrency Customers,0,75%,Public Power,"No, but are participating in Phase 2 of SPP's Markets+","Grant County PUD’s Rate Schedule No. 17 – Evolving Industry Service applies to high-risk, high-impact industries whose electricity use is large or volatile. It includes higher, risk-adjusted rates—tiered for small (<200 kW) and large (≥200 kW) customers—to protect other ratepayers from potential stranded costs. Eligibility is reviewed every two years, and customers must disclose if they qualify. The schedule was created in response to surging cryptocurrency mining demand and continues to cover industries with similar risk profiles. A new version of tariff will become effective on April 1, 2026, and will include a temporary stabalization charge of $0.005/kWh.",Docket Not Included,Decision Not Included,Schedule No. 17 (Evolving Industry),Not Specified,Not Specified,"75%
(Prior Billing Demand)",Not Specified,Not Specified,Not Specified,Not Specified
West Virginia,Appalachian Power Company and Wheeling Power Company,Schedule L.C.P. (Large Capacity Power Service) and Schedule I.P. (Industrial Power Service),Approved,2025,2025-07 July,Large-Load Customers,100,60%,Investor-Owned,PJM,"On March 25, 2025, the Public Service Commission approved a stipulation that adopted revisions to Appalachian Power Company’s existing Large Capacity Power (LCP) and Industrial Power (IP) tariffs. The revisions took effect on January 1, 2025 and apply to new load and expansions of existing load that is greater than or equal to 100 MW at an individual site or 150 MW on an aggregated basis. The revisions establish a minimum contract term of 12 years. A large load customer may designate a load ramp period of up to 5 years, after which point the mandatory 12 year period will commence.

Large load customers must provide collateral in a form acceptable to the utility based upon the creditworthiness of the customer. The amount of collateral provided must be equal to 24 times the Large Load Customer’s previous maximum monthly non-fuel bill. Large load customers may reduce their contract capacity at any time after the first 5 years of the Initial Contract Term by up to 20% by giving the utility at least 42 months written notice. Customers may terminate their contract or reduce their contract capacity beyond 20% at any time after the first 5 years of the Initial Contract Term by giving the utility at least 42 months written notice and paying an exit fee.",Docket No. 24-0611-E-T-PW,Order,Schedule L.C.P. and Schedule I.P.,12 Years,"Up to 5 Years
(Distinct from Contract Term)
",0.8,"Credit Rating
Collateral Requirement

",Not Specified,"Contract Capacity Reductions
Notice to Change or Exit
Change or Exit Fees
Security Reduction or Release",Not Specified
Wisconsin,We Energies,Very Large Customer (VLC) Tariff and Bespoke Resources Tariff,Proposed / Pending,2025,2025-07 July,Large-Load Customers,500,Not Specified,Investor-Owned,MISO,"This information is derived from the proposed tariff, which is subject to regulatory approval.
On March 31, 2025, Wisconsin Electric Power (We Energies) filed an application for approval of two new tarffs: a Very Large Customer (VLC) Tariff and a Bespoke Resources Tariff. The VLC tariff would be available to customers with 500 MW or more of new load. The Bespoke Resources tariff would allow VLC customers to subscribe to specific generation resources and pay for their proportional share of those resources, preventing generation costs from being shifted to general ratepayers. VLC customers must pay for any remaining balance on bespoke resources in the event of early termination of their contracts. The VLC Tariff contains a monthly minimum bill.",Docket No. 6630-TE-113,Decision Pending,Tariff Pending,"10 Years (VLC tariff)

Agreements under any associated Bespoke Resources Tariff would be effective for the depreciable life of the resource, with exceptions for wind and solar",Not Specified,Not Specified,"Payment and Cancellation Agreement for Bespoke Resources

",Not Specified,"Payment and Cancellation Agreement for Bespoke Resources
Capacity Reassignment",Not Specified
Wyoming,"Cheyenne Light, Fuel and Power Company",Schedule BCIS - Blockchain Interruptible Service,Approved,2023,2025-11 November,Cryptocurrency Customers,10,Not Specified,Investor-Owned,"No, but is joining CAISO's WEIM in 2026","Cheyenne Light Fuel, and Power Company (d/b/a Black Hills Energy)'s Schedule BCIS - Blockchain Interruptible Service applies to new customers with interruptible load, interconnected with the utility's system and expected to be 10 MW or greater. The utility and customer enter into a negotiated Blockchain Interruptible Service Agreement, specifying rates, terms, and conditions of service and filed confidentially with the Wyoming Public Service Commission. BCIS customers' rates are developed using a fixed cost per kilowatt-hour (kWh) for market-procured energy, with no demand charges. Agreements include a two-year minimum term, price renegotiation at least every three years, provisions for utility service interruptions (e.g., hours of interruptions per year), and requirements for customer credit support. The tariff outlines how costs and benefits associated with BCIS service are assigned to the utility, BCIS customers, and other retail customers.",Docket Not Included,Decision Not Included,Schedule BCIS: Blockchain Interruptible Service,2 Years,Not Specified,Not Specified,Credit Support,Not Specified,Pricing Terms Subject to Renegotiation,Interruptible Service
Wyoming,"Cheyenne Light, Fuel and Power Company",Schedule LPCS - Large Power Contract Service,Approved,2024,2026-03 March,Large-Load Customers,18,Not Specified,Investor-Owned,"No, but is joining CAISO's WEIM in 2026","Cheyenne Light Fuel, and Power Company (d/b/a Black Hills Energy)'s Schedule LPCS - Large Power Contract Service applies to new or existing large-load customers interconnected with the utility's system and able to transfer at least 5 MW onto Schedule LPCS while maintaining at least 13-MW on Cheyenne Light's retail ICS or ITS Rate Schedules. Originally designed to support expansion of a Cheyenne, WY Microsoft data center, Schedule LPCS provides a framework for serving large-loads' retail capacity and energy needs while insulating existing retail customers from the added costs. Customers must satisfy capacity requirements through eligible customer-owned, utility-owned, or procured resources to provide back-up service for the customer's load and to maintain the reliability of the back-up service. ",Docket No. 14242,Decision Not Included,Schedule LPCS: Large Power Contract Service,Not Specified,Not Specified,Not Specified,"Credit Support
Capacity Resource Costs
Transmission Costs",Not Specified,Notice to Change or Exit,"Battery Storage (Capacity Resource)
Renewable Generation PPA"
Wyoming,Rocky Mountain Power,"Schedule 33 (Partial Requirements Service: Large General Service - 1,000 kW and Over)",Approved,2025,2025-07 July,Large-Load Customers,1,Not Specified,Investor-Owned,Currently part of CAISO's WEIM,"Customers requiring supplementary, back-up, maintenance or excess service in addition to regular electric requirements obtained from any service other than the utility may take service under this schedule. Monthly billing will be based on the sum of basic, on-peak supplementary facilities, supplementary load size, on-peak supplementary demand, back-up facilities, back-up demand, scheduled maintenance, excess demand, supplementary and back-up energy, and reactive power chargers",Docket Not Included,Decision Not Included,"Schedule 33: Partial Requirements Service: Large General Service - 1,000 kW and Over",3 Years,Not Specified,Not Specified,Not Specified,Not Specified,Not Specified,Not Specified