data_year,utility_number,utility_name,ownership,short_form,state,ba_code,number_amr_automated_meter_reading_residential,number_amr_automated_meter_reading_commercial,number_amr_automated_meter_reading_industrial,number_amr_automated_meter_reading_transportation,number_amr_automated_meter_reading_total,number_ami_advanced_metering_infrastructure_residential,number_ami_advanced_metering_infrastructure_commercial,number_ami_advanced_metering_infrastructure_industrial,number_ami_advanced_metering_infrastructure_transportation,number_ami_advanced_metering_infrastructure_total,number_home_area_network_residential,number_home_area_network_commercial,number_home_area_network_industrial,number_home_area_network_transportation,number_home_area_network_total,number_standard_non_amr_ami_meters_residential,number_standard_non_amr_ami_meters_commercial,number_standard_non_amr_ami_meters_industrial,number_standard_non_amr_ami_meters_transportation,number_standard_non_amr_ami_meters_total,total_numbers_of_meters_residential,total_numbers_of_meters_commercial,total_numbers_of_meters_industrial,total_numbers_of_meters_transportation,total_numbers_of_meters_total,energy_served_ami_mwh_residential,energy_served_ami_mwh_commercial,energy_served_ami_mwh_industrial,energy_served_ami_mwh_transportation,energy_served_ami_mwh_total,customers_with_daily_digital_access_residential,customers_with_daily_digital_access_commercial,customers_with_daily_digital_access_industrial,customers_with_daily_digital_access_transportation,customers_with_daily_digital_access_total,customers_with_direct_load_control_residential,customers_with_direct_load_control_commercial,customers_with_direct_load_control_industrial,customers_with_direct_load_control_transportation,customers_with_direct_load_control_total
2024,34.0,City of Abbeville - (SC),Municipal,Y,SC,DUK,3061,473,0,,3534,0,0,0,,0,,,,,,,,,,,3061.0,473.0,0.0,0.0,3534.0,0,0,0,,0,,,,,,,,,,
2024,55.0,City of Aberdeen - (MS),Municipal,,MS,TVA,0,0,0,0,0,0,19,2,0,21,0,0,0,0,0,2592,717,0,0,3309,2592.0,736.0,2.0,0.0,3330.0,0,758.74,127260,0,128018.74,0,0,0,0,0,0,0,0,0,0
2024,84.0,A & N Electric Coop,Cooperative,,MD,PJM,0,0,0,0,0,253,42,0,0,295,0,0,0,0,0,0,0,0,0,0,253.0,42.0,0.0,0.0,295.0,2226,568,0,0,2794,253,42,0,0,295,0,0,0,0,0
2024,84.0,A & N Electric Coop,Cooperative,,VA,PJM,0,0,0,0,0,33096,4238,7,0,37341,0,0,0,0,0,0,0,0,0,0,33096.0,4238.0,7.0,0.0,37341.0,368014,172568,165067,0,705649,33096,4238,7,0,37341,0,0,0,0,0
2024,87.0,City of Ada - (MN),Municipal,Y,MN,MISO,875,215,70,,1160,,,,,,,,,,,,,,,,875.0,215.0,70.0,0.0,1160.0,,,,,,,,,,,,,,,
2024,97.0,Adams Electric Coop,Cooperative,Y,IL,MISO,,,,,,11544,237,,,11781,,,,,,,,,,,11544.0,237.0,0.0,0.0,11781.0,110831,57382,,,168213,,,,,,,,,,
2024,108.0,Adams-Columbia Electric Coop,Cooperative,,WI,MISO,,,,,,35910,2518,1027,,39455,,,,,,,,,,,35910.0,2518.0,1027.0,0.0,39455.0,265097,92563,241188,,598848,35910,2518,1027,,39455,,,,,
2024,118.0,"Adams Rural Electric Coop, Inc",Cooperative,Y,OH,PJM,,,,,,7309,439,,,7748,,,,,,,,,,,7309.0,439.0,0.0,0.0,7748.0,90760,23552,,,114312,,,,,,,,,,
2024,122.0,Village of Arcade - (NY),Municipal,Y,NY,NYIS,3782,487,15,,4284,,,,,,,,,,,,,,,,3782.0,487.0,15.0,0.0,4284.0,,,,,,,,,,,,,,,
2024,123.0,City of Adel- (GA),Municipal,Y,GA,SOCO,,,,,0,2454,654,,,3108,,,,,,,,,,,2454.0,654.0,0.0,0.0,3108.0,30345,153834,,,184179,,,,,,,,,,
2024,149.0,City of Afton- (IA),Municipal,Y,IA,MISO,398,74,,,472,,,,,0,,,,,,,,,,,398.0,74.0,0.0,0.0,472.0,,,,,,,,,,,,,,,
2024,150.0,Adrian Public Utilities Comm,Municipal,Y,MN,MISO,,,0,,0,553,144,,,697,,,,,,,,,,,553.0,144.0,0.0,0.0,697.0,6631,5422,0,,12053,,,,,,,,,,
2024,155.0,Agralite Electric Coop,Cooperative,,MN,MISO,,,,,,4333,436,628,,5397,,,,,,,,,,,4333.0,436.0,628.0,0.0,5397.0,68617,68440,105823,,242880,4333,436,628,,5397,3291,371,628,,4290
2024,157.0,Town of Advance - (IN),Municipal,Y,IN,MISO,,,,,,308,10,,,318,,,,,,,,,,,308.0,10.0,0.0,0.0,318.0,3451,591,,,4042,,,,,,,,,,
2024,162.0,Aiken Electric Coop Inc,Cooperative,,SC,SC,,,,,0,49460,3364,15,,52839,,,,,,,,,,,49460.0,3364.0,15.0,0.0,52839.0,650960,142543,200397,,993900,49460,3364,,,52824,,,,,
2024,174.0,Aitkin Public Utilities Comm,Municipal,Y,MN,MISO,,,,,,1537,308,55,,1900,,,,,,,,,,,1537.0,308.0,55.0,0.0,1900.0,11762,5886,17248,,34896,,,,,,,,,,
2024,176.0,Ajo Improvement Co,Investor Owned,,AZ,AZPS,821,210,0,0,1031,,,,,,,,,,,,,,,,821.0,210.0,0.0,0.0,1031.0,,,,,,,,,,,,,,,
2024,182.0,City of Akron - (IA),Municipal,Y,IA,MISO,705,145,45,,895,,,,,,,,,,,,,,,,705.0,145.0,45.0,0.0,895.0,,,,,,,,,,,,,,,
2024,183.0,Village of Akron - (NY),Municipal,Y,NY,NYIS,1455,196,35,,1686,,,,,,,,,,,,,,,,1455.0,196.0,35.0,0.0,1686.0,,,,,,,,,,,,,,,
2024,191.0,Alamo Power District No 3,Political Subdivision,Y,NV,NEVP,,,,,0,192,65,,,257,,,,,,,,,,,192.0,65.0,0.0,0.0,257.0,2445,6245,,,8690,,,,,,,,,,
2024,192.0,Akiachak Native Community Electric,Cooperative,Y,AK,NA,193,58,,,251,,,,,0,,,,,,,,,,,193.0,58.0,0.0,0.0,251.0,,,,,,,,,,,,,,,
2024,195.0,Alabama Power Co,Investor Owned,,AL,SOCO,,,,,,1332513,183841,6091,,1522445,,,,,,,,,,,1332513.0,183841.0,6091.0,0.0,1522445.0,18058325,12988325,20811755,,51858405,1330782,,,,1330782,,,,,
2024,198.0,City of Alton,Municipal,Y,IA,MISO,460,137,,,597,,,,,,,,,,,,,,,,460.0,137.0,0.0,0.0,597.0,,,,,,,,,,,,,,,
2024,202.0,Town of Black Creek - (NC),Municipal,Y,NC,CPLE,736,53,,,789,,,,,,,,,,,,,,,,736.0,53.0,0.0,0.0,789.0,,,,,,,,,,,,,,,
2024,207.0,Alameda Municipal Power,Municipal,,CA,CISO,,,,,,33156,4006,,,37162,,,,,,116,46,,,162,33272.0,4052.0,0.0,0.0,37324.0,131324,219463,,,350787,,,,,,,,,,
2024,213.0,Alaska Electric Light & Power Co.,Investor Owned,,AK,NA,15443,2404,237,,18084,,,,,,,,,,,127,55,4,,186,15570.0,2459.0,241.0,0.0,18270.0,,,,,,,,,,,2227,28,,,2255
2024,219.0,Alaska Power and Telephone Co,Investor Owned,,AK,NA,5737,2719,,,8456,,,,,,,,,,,,,,,,5737.0,2719.0,0.0,0.0,8456.0,,,,,,,,,,,,,,,
2024,221.0,"Alaska Village Elec Coop, Inc",Cooperative,,AK,NA,7689,3829,,,11518,,,,,,,,,,,,,,,,7689.0,3829.0,0.0,0.0,11518.0,,,,,,,,,,,,,,,
2024,228.0,City of Albany - (MO),Municipal,Y,MO,SWPP,821,160,,,981,,,,,,,,,,,,,,,,821.0,160.0,0.0,0.0,981.0,,,,,,,,,,,,,,,
2024,229.0,City of Albany - (IL),Municipal,Y,IL,MISO,471,11,1,,483,,,,,,,,,,,,,,,,471.0,11.0,1.0,0.0,483.0,,,,,,,,,,,,,,,
2024,230.0,Albany Utility Board,Municipal,,GA,SOCO,1935,1036,8,,2979,28433,3350,10,,31793,,,,,,,,,,,30368.0,4386.0,18.0,0.0,34772.0,322668,373598,330,,696596,20297,,,,20297,,,,,
2024,232.0,City of Albemarle - (NC),Municipal,,NC,DUK,11218,2308,12,,13538,0,,,,0,,,,,,30,17,,,47,11248.0,2325.0,12.0,0.0,13585.0,,,,,,,,,,,,,,,
2024,240.0,Albemarle Electric Member Corp,Cooperative,,NC,PJM,,,,,0,12728,1117,25,,13870,,,,,,,,,,,12728.0,1117.0,25.0,0.0,13870.0,187141,34972,6942,,229055,12728,1117,25,,13870,,,,,
2024,241.0,Albertville Municipal Utilities Board,Municipal,,AL,TVA,0,0,0,0,0,8318,2393,15,0,10726,0,0,0,0,0,0,0,0,0,0,8318.0,2393.0,15.0,0.0,10726.0,124264,194750,333519,0,652533,8318,2393,15,0,10726,0,0,0,0,0
2024,261.0,AGC Division of APGI Inc,Investor Owned,,IN,MISO,,,5,,5,,,,,,,,,,,,,,,,0.0,0.0,5.0,0.0,5.0,,,,,,,,,,,,,,,
2024,276.0,Alcorn County Elec Power Assn,Cooperative,,MS,TVA,0,0,0,0,0,14965,4209,7,0,19181,0,0,0,0,0,0,0,0,0,0,14965.0,4209.0,7.0,0.0,19181.0,214981,156737,259874,0,631592,0,0,0,0,0,0,0,0,0,0
2024,282.0,Village of Arcadia - (OH),Municipal,Y,OH,PJM,255,49,3,,307,,,,,,,,,,,,,,,,255.0,49.0,3.0,0.0,307.0,,,,,,,,,,,,,,,
2024,295.0,City of Alexandria - (MN),Municipal,,MN,MISO,,,1,,1,8758,1706,227,,10691,,,,,,,,,,,8758.0,1706.0,228.0,0.0,10692.0,76955,32821,164363,,274139,8758,1706,227,,10691,,,,,
2024,296.0,"Alfalfa Electric Coop, Inc",Cooperative,,KS,SWPP,,,,,,205,670,55,,930,,,,,,,,,,,205.0,670.0,55.0,0.0,930.0,3583,4593,12621,,20797,,,,,,,,,,
2024,296.0,"Alfalfa Electric Coop, Inc",Cooperative,,OK,SWPP,,,,,,2630,4294,612,,7536,,,,,,,,,,,2630.0,4294.0,612.0,0.0,7536.0,46434,37743,301906,,386083,,,,,,,,,,
2024,298.0,City of Alexandria - (LA),Municipal,,LA,MISO,6485,1063,1,,7549,,,,,,,,,,,12389,2850,4,,15243,18874.0,3913.0,5.0,0.0,22792.0,,,,,,,,,,,,,,,
2024,305.0,Alger-Delta Coop Electric Assn,Cooperative,,MI,MISO,2015,76,1,0,2092,7802,446,0,0,8248,,,,,,0,0,0,0,0,9817.0,522.0,1.0,0.0,10340.0,41009,10199,0,0,51208,9817,495,1,0,10313,,,,,
2024,307.0,Algoma Utility Comm,Municipal,,WI,MISO,1378,241,0,0,1619,276,159,2,0,437,,,,,,0,0,0,0,0,1654.0,400.0,2.0,0.0,2056.0,1831,14367,5869,0,22067,276,159,1,0,436,,,,,
2024,308.0,City of Acworth - (GA),Municipal,Y,GA,SOCO,6300,966,,,7266,,,,,0,,,,,,,,,,,6300.0,966.0,0.0,0.0,7266.0,,,,,0,,,,,,,,,,
2024,309.0,City of Algona - (IA),Municipal,Y,IA,SWPP,,,,,,3056,755,20,,3831,,,,,,,,,,,3056.0,755.0,20.0,0.0,3831.0,27843,27191,68480,,123514,,,,,,,,,,
2024,329.0,"Allamakee-Clayton El Coop, Inc",Cooperative,Y,IA,MISO,,,,,,9454,509,,,9963,,,,,,,,,,,9454.0,509.0,0.0,0.0,9963.0,116441,15388,,,131829,,,,,,,,,,
2024,367.0,City of Alliance- (NE),Municipal,Y,NE,SWPP,4377,1098,10,,5485,,,,,,,,,,,,,,,,4377.0,1098.0,10.0,0.0,5485.0,,,,,,,,,,,,,,,
2024,392.0,Alpena Power Co,Investor Owned,,MI,MISO,13763,3018,,,16781,,,,,,,,,,,,11,3,,14,13763.0,3029.0,3.0,0.0,16795.0,,,,,,,,,,,,,,,
2024,406.0,City of Altamont - (IL),Municipal,Y,IL,MISO,1305,158,0,,1463,,,,,,,,,,,,,,,,1305.0,158.0,0.0,0.0,1463.0,,,,,,,,,,,,,,,
2024,407.0,Altamaha Electric Member Corp,Cooperative,,GA,SOCO,,,,,,19628,1984,258,,21870,,,,,,,,,,,19628.0,1984.0,258.0,0.0,21870.0,236866,332113,8400,,577379,19628,1984,258,,21870,,,,,
2024,416.0,City of Altus - (OK),Municipal,,OK,SWPP,,,,,0,8167,1268,8,,9443,,,,,,,,,,,8167.0,1268.0,8.0,0.0,9443.0,104947,64630,39809,,209386,,,,,,,,,,
2024,471.0,Amana Society Service Co,Investor Owned,,IA,MISO,717,314,1,0,1032,,,,,,,,,,,,,,,,717.0,314.0,1.0,0.0,1032.0,,,,,,,,,,,,,,,
2024,554.0,City of Ames - (IA),Municipal,,IA,MISO,9338,1075,,,10413,,,,,,,,,,,15249,2232,6,,17487,24587.0,3307.0,6.0,0.0,27900.0,,,,,,,,,,,10484,170,,,10654
2024,562.0,Amicalola Electric Member Corp,Cooperative,,GA,SOCO,,,,,0,,,,,0,,,,,0,50799,6149,,,56948,50799.0,6149.0,0.0,0.0,56948.0,,,,,0,,,,,0,,,,,0
2024,571.0,City of Amory,Municipal,,MS,TVA,2822,1134,3,0,3959,0,0,0,0,0,0,0,0,0,0,0,0,0,0,0,2822.0,1134.0,3.0,0.0,3959.0,0,0,0,0,0,0,0,0,0,0,0,0,0,0,0
2024,577.0,City of Alcoa Utilities,Municipal,,TN,TVA,0,0,0,0,0,28183,4543,1,0,32727,0,0,0,0,0,0,0,0,0,0,28183.0,4543.0,1.0,0.0,32727.0,410299,261925,1098,0,673322,0,0,0,0,0,0,0,0,0,0
2024,588.0,Anadarko Public Works Authority,Municipal,Y,OK,SWPP,,,,,0,1739,350,,,2089,,,,,,,,,,,1739.0,350.0,0.0,0.0,2089.0,29273,7310,,,36583,,,,,,,,,,
2024,590.0,City of Anaheim - (CA),Municipal,,CA,CISO,,,,,0,93759,16778,271,,110808,,,,,,575,3,,,578,94334.0,16781.0,271.0,0.0,111386.0,528917,710744,762523,,2002184,,,,,,,,,,
2024,604.0,City of Andalusia,Municipal,,AL,,,,,,,3605,1068,2,,4675,,,,,,,,,,,3605.0,1068.0,2.0,0.0,4675.0,42321,59566,218731,,320618,,,,,,,,,,
2024,636.0,City of Anderson - (IN),Municipal,,IN,PJM,,,,,,29533,3875,58,,33466,,,,,,,,,,,29533.0,3875.0,58.0,0.0,33466.0,295778,264981,278140,,838899,,,,,,,,,,
2024,682.0,City of Anita - (IA),Municipal,Y,IA,MISO,345,78,0,,423,0,0,0,,0,,,,,,,,,,,345.0,78.0,0.0,0.0,423.0,0,0,0,,0,,,,,,,,,,
2024,689.0,Connexus Energy,Cooperative,,MN,MISO,,,,,,134095,12112,433,,146640,,,,,,255,0,0,,255,134350.0,12112.0,433.0,0.0,146895.0,1242625,624680,183925,,2051230,134095,12112,433,,146640,,,,,
2024,690.0,City of Bardstown - (KY),Municipal,Y,KY,LGEE,,,,,,3450,1370,20,,4840,,,,,,,,,,,3450.0,1370.0,20.0,0.0,4840.0,42619,54878,83024,,180521,,,,,,,,,,
2024,691.0,City of Anoka,Municipal,,MN,MISO,11646,1336,22,,13004,,,,,,,,,,,,,,,,11646.0,1336.0,22.0,0.0,13004.0,,,,,,,,,,,,,,,
2024,694.0,Anza Electric Coop Inc,Cooperative,Y,CA,WALC,0,0,0,,0,2640,0,0,,2640,,,,,,,,,,,2640.0,0.0,0.0,0.0,2640.0,32007,0,0,,32007,,,,,,,,,,
2024,695.0,City of Ansley - (NE),Municipal,Y,NE,SWPP,265,81,,,346,,,,,,,,,,,,,,,,265.0,81.0,0.0,0.0,346.0,,,,,,,,,,,,,,,
2024,700.0,City of Anthon - (IA),Municipal,Y,IA,SWPP,322,50,,,372,,,,,,,,,,,,,,,,322.0,50.0,0.0,0.0,372.0,,,,,,,,,,,,,,,
2024,701.0,City of Anthony - (KS),Municipal,Y,KS,SWPP,1524,344,7,,1875,,,,,,,,,,,,,,,,1524.0,344.0,7.0,0.0,1875.0,,,,,,,,,,,,,,,
2024,719.0,Town of Apex- (NC),Municipal,,NC,CPLE,26527,,,,26527,3279,1972,,,5251,,,,,,,,,,,29806.0,1972.0,0.0,0.0,31778.0,35610,109744,,,145354,,,,,,,,,,
2024,723.0,City of Aplington,Municipal,Y,IA,MISO,482,66,,,548,,,,,,,,,,,,,,,,482.0,66.0,0.0,0.0,548.0,,,,,,,,,,,,,,,
2024,727.0,Appalachian Electric Coop,Cooperative,,TN,TVA,0,0,0,0,0,43709,7650,7,0,51366,0,0,0,0,0,0,0,0,0,0,43709.0,7650.0,7.0,0.0,51366.0,640950,248037,83719,0,972706,43709,7650,7,0,51366,0,0,0,0,0
2024,733.0,Appalachian Power Co,Investor Owned,,VA,PJM,116,40,1,,157,467883,81911,1923,,551717,,,,,,193,61,55,,309,468192.0,82012.0,1979.0,0.0,552183.0,5805259,3461984,3757391,,13024634,443629,81769,1903,,527301,3448,,,,3448
2024,733.0,Appalachian Power Co,Investor Owned,,WV,PJM,138,14,1,,153,351212,66767,2489,,420468,,,,,,29,264,139,,432,351379.0,67045.0,2629.0,0.0,421053.0,4304846,2257145,2335319,,8897310,336042,66512,2034,,404588,1330,,,,1330
2024,750.0,Arab Electric Coop Inc,Cooperative,,AL,TVA,0,0,0,0,0,14062,2861,2,0,16925,0,0,0,0,0,0,0,0,0,0,14062.0,2861.0,2.0,0.0,16925.0,208955,100727,4003,0,313685,14062,2861,2,0,16925,0,0,0,0,0
2024,752.0,City of Arapahoe - (NE),Municipal,Y,NE,SWPP,498,167,27,,692,,,,,,,,,,,,,,,,498.0,167.0,27.0,0.0,692.0,,,,,,,,,,,,,,,
2024,765.0,City of Arcadia - (WI),Municipal,Y,WI,MISO,1416,240,62,,1718,,,,,,,,,,,,,,,,1416.0,240.0,62.0,0.0,1718.0,,,,,,,,,,,,,,,
2024,768.0,City of Arcanum - (OH),Municipal,Y,OH,PJM,1502,130,27,,1659,,,,,0,,,,,,,,,,,1502.0,130.0,27.0,0.0,1659.0,,,,,,,,,,,,,,,
2024,789.0,Town of Argos,Municipal,Y,IN,MISO,877,131,,,1008,,,,,,,,,,,,,,,,877.0,131.0,0.0,0.0,1008.0,,,,,,,,,,,,,,,
2024,792.0,City of Argyle - (WI),Municipal,Y,WI,MISO,413,92,5,,510,,,,,,,,,,,,,,,,413.0,92.0,5.0,0.0,510.0,,,,,,,,,,,,,,,
2024,803.0,Arizona Public Service Co,Investor Owned,,AZ,AZPS,126453,14573,461,,141487,1256767,139975,2462,,1399204,,,,,,,,,,,1383220.0,154548.0,2923.0,0.0,1540691.0,15848288,12326749,1082350,,29257387,,,,,,,,,,
2024,814.0,Entergy Arkansas LLC,Investor Owned,,AR,MISO,66,1,,,67,631513,164403,42496,,838412,,,,,,5736,1141,1833,1,8711,637315.0,165545.0,44329.0,1.0,847190.0,7662035,5753638,9712180,,23127853,,,,,,,,,,
2024,817.0,Arkansas Valley Elec Coop Corp,Cooperative,,AR,SWPP,,,,,,54372,4147,48,,58567,,,,,,,,,,,54372.0,4147.0,48.0,0.0,58567.0,721279,186217,280289,,1187785,54372,4147,48,,58567,,,,,
2024,817.0,Arkansas Valley Elec Coop Corp,Cooperative,,OK,SWPP,,,,,,4250,516,,,4766,,,,,,,,,,,4250.0,516.0,0.0,0.0,4766.0,57453,31479,,,88932,4250,516,,,4766,,,,,
2024,828.0,City of Arlington - (MN),Municipal,Y,MN,MISO,983,140,0,,1123,,,,,0,,,,,,,,,,,983.0,140.0,0.0,0.0,1123.0,,,,,,,,,,,,,,,
2024,831.0,City of Arlington - (SD),Municipal,Y,SD,SWPP,382,59,,,441,,,,,0,,,,,,,,,,,382.0,59.0,0.0,0.0,441.0,,,,,,,,,,,,,,,
2024,887.0,"Arrowhead Electric Coop, Inc",Cooperative,Y,MN,MISO,1,,,,1,5594,579,7,,6180,,,,,,,,,,,5595.0,579.0,7.0,0.0,6181.0,43422,20882,5680,,69984,,,,,,,,,,
2024,902.0,Town of Ashburnham - (MA),Municipal,Y,MA,ISNE,2986,198,21,,3205,,,,,,,,,,,,,,,,2986.0,198.0,21.0,0.0,3205.0,,,,,,,,,,,,,,,
2024,906.0,Town of Ashland,Municipal,Y,NH,ISNE,133,9,3,,145,1655,21,,,1676,,,,,,,,,,,1788.0,30.0,3.0,0.0,1821.0,1655,21,0,,1676,,,,,,,,,,
2024,907.0,City of Ashland - (OR),Municipal,Y,OR,PACW,10856,1330,195,,12381,,,,,,,,,,,,,,,,10856.0,1330.0,195.0,0.0,12381.0,,,,,,,,,,,,,,,
2024,918.0,City of Aspen- (CO),Municipal,Y,CO,PSCO,,,,,,2132,990,0,,3122,,,,,,,,,,,2132.0,990.0,0.0,0.0,3122.0,26073,44246,0,,70319,,,,,,,,,,
2024,925.0,"Ashley Chicot Elec Coop, Inc",Cooperative,Y,AR,MISO,,,,,,1985,271,417,,2673,,,,,,,,,,,1985.0,271.0,417.0,0.0,2673.0,24654,11565,12325,,48544,,,,,,,,,,
2024,942.0,Atchison-Holt Electric Coop,Cooperative,Y,IA,AECI,,,,,0,1085,70,45,,1200,,,,,,,,,,,1085.0,70.0,45.0,0.0,1200.0,11609,3974,661,,16244,,,,,,,,,,
2024,942.0,Atchison-Holt Electric Coop,Cooperative,Y,MO,AECI,,,,,,2201,243,179,,2623,,,,,,,,,,,2201.0,243.0,179.0,0.0,2623.0,20918,18019,31689,,70626,,,,,,,,,,
2024,944.0,City of Athens - (AL),Municipal,,AL,TVA,12301,1769,0,0,14070,34665,4373,14,0,39052,0,0,0,0,0,4019,1980,0,0,5999,50985.0,8122.0,14.0,0.0,59121.0,354143.21,24166.32,463426,0,841735.53,0,0,0,0,0,0,0,0,0,0
2024,947.0,Athens Utility Board,Municipal,,TN,TVA,0,0,0,0,0,0,0,7,0,7,0,0,0,0,0,11651,2468,0,0,14119,11651.0,2468.0,7.0,0.0,14126.0,0,0,328142,0,328142,0,0,0,0,0,0,0,0,0,0
2024,963.0,Atlantic City Electric Co,Investor Owned,,NJ,PJM,,571,,,571,499458,58554,,,558012,,,,,,7029,6625,538,,14192,506487.0,65750.0,538.0,0.0,572775.0,3537856,6644,,,3544500,,,,,,,,,,
2024,965.0,Atlantic Municipal Utilities,Municipal,Y,IA,MISO,,,,,0,3849,836,2,,4687,,,,,,,,,,,3849.0,836.0,2.0,0.0,4687.0,41000,49641,91629,,182270,,,,,,,,,,
2024,993.0,Auburn Board of Public Works,Municipal,Y,NE,SWPP,1859,713,1,,2573,,,,,,,,,,,,,,,,1859.0,713.0,1.0,0.0,2573.0,,,,,,,,,,,,,,,
2024,994.0,City of Auburn - (IN),Municipal,,IN,PJM,,,,,,6813,1008,119,0,7940,,,,,,,,,,,6813.0,1008.0,119.0,0.0,7940.0,64148,28735,256272,0,349155,,,,,,,,,,
2024,995.0,City of Auburn - (IA),Municipal,Y,IA,MISO,140,24,,,164,,,,,,,,,,,,,,,,140.0,24.0,0.0,0.0,164.0,,,,,,,,,,,,,,,
2024,998.0,City of Augusta - (KS),Municipal,Y,KS,SWPP,2856,204,21,,3081,969,124,2,,1095,,,,,,,,,,,3825.0,328.0,23.0,0.0,4176.0,54,53,1,,108,,,,,,,,,,
2024,1002.0,City of Aurelia - (IA),Municipal,Y,IA,MISO,446,60,12,,518,,,,,,,,,,,,,,,,446.0,60.0,12.0,0.0,518.0,,,,,,,,,,,,,,,
2024,1004.0,City of Aurora - (SD),Municipal,Y,SD,SWPP,512,16,1,,529,,,,,,,,,,,,,,,,512.0,16.0,1.0,0.0,529.0,,,,,,,,,,,,,,,
2024,1009.0,City of Austin - (MN),Municipal,,MN,MISO,203,26,,,229,10550,1243,3,,11796,,,,,,,,,,,10753.0,1269.0,3.0,0.0,12025.0,76013,123301,123984,,323298,10550,1214,,,11764,5202,,,,5202
2024,1015.0,Austin Energy,Municipal,,TX,ERCO,0,468,2,0,470,507291,54001,73,0,561365,0,0,0,0,0,0,116,52,0,168,507291.0,54585.0,127.0,0.0,562003.0,5074192,5202657,554544,0,10831393,507291,54586,127,0,562004,0,0,0,0,0
2024,1024.0,City of Ava - (MO),Municipal,Y,MO,AECI,344,192,13,,549,1250,335,45,,1630,,,,,,,,,,,1594.0,527.0,58.0,0.0,2179.0,10826,19129,29650,,59605,,,,,,,,,,
2024,1028.0,Town of Avilla - (IN),Municipal,Y,IN,PJM,1083,112,21,,1216,,,,,,,,,,,,,,,,1083.0,112.0,21.0,0.0,1216.0,,,,,,,,,,,,,,,
2024,1036.0,Town of Ayden - (NC),Municipal,Y,NC,CPLE,,,,,,4128,640,1,,4769,,,,,,,,,,,4128.0,640.0,1.0,0.0,4769.0,50549,27811,30167,,108527,,,,,,,,,,
2024,1046.0,City of Aztec - (NM),Municipal,Y,NM,WACM,55,11,0,,66,2710,483,0,,3193,,,,,,,,,,,2765.0,494.0,0.0,0.0,3259.0,15689,12077,0,,27766,,,,,,,,,,
2024,1050.0,City of Azusa,Municipal,,CA,CISO,,,,,,15599,1948,46,,17593,,,,,,,,,,,15599.0,1948.0,46.0,0.0,17593.0,89136,83492,61391,,234019,,,,,,,,,,
2024,1062.0,BARC Electric Coop Inc,Cooperative,Y,VA,PJM,10,6,,,16,12314,767,,,13081,,,,,,,,,,,12324.0,773.0,0.0,0.0,13097.0,126960,40431,,,167391,,,,,,,,,,
2024,1080.0,City of Badger - (SD),Municipal,Y,SD,MISO,,,,,0,71,12,,,83,,,,,,,,,,,71.0,12.0,0.0,0.0,83.0,1064,321,,,1385,,,,,,,,,,
2024,1101.0,Bagley Public Utilities Comm,Municipal,Y,MN,MISO,862,215,72,,1149,,,,,,,,,,,,,,,,862.0,215.0,72.0,0.0,1149.0,,,,,,,,,,,,,,,
2024,1148.0,City of Baldwin City- (KS),Municipal,Y,KS,SWPP,,,,,,1813,242,,,2055,,,,,,,,,,,1813.0,242.0,0.0,0.0,2055.0,17510,16401,,,33911,,,,,,,,,,
2024,1149.0,Baldwin County El Member Corp,Cooperative,,AL,SOCO,,,,,0,83005,8363,,,91368,,,,,,,,,,,83005.0,8363.0,0.0,0.0,91368.0,1121292,537247,,,1658539,,,,,,,,,,
2024,1167.0,Baltimore Gas & Electric Co,Investor Owned,,MD,PJM,24681,2382,0,0,27063,1208373,133699,0,0,1342072,,,,,,0,0,6215,3,6218,1233054.0,136081.0,6215.0,3.0,1375353.0,12376012,14219974,0,0,26595986,941031,69222,0,0,1010253,290551,,,,290551
2024,1169.0,Bailey County Elec Coop Assn,Cooperative,,TX,SWPP,,,,,0,3348,860,4923,,9131,,,,,,,,,,,3348.0,860.0,4923.0,0.0,9131.0,25258,68865,248195,,342318,,,,,,,,,,
2024,1170.0,Bamberg Board of Public Works,Municipal,Y,SC,SC,19,62,2,,83,1641,355,1,,1997,,,,,,,,,,,1660.0,417.0,3.0,0.0,2080.0,18545,14885,2158,,35588,,,,,,,,,,
2024,1172.0,Bancroft Municipal Utilities,Municipal,Y,IA,MISO,510,105,6,,621,,,,,,,,,,,,,,,,510.0,105.0,6.0,0.0,621.0,,,,,,,,,,,,,,,
2024,1175.0,"Bandera Electric Coop, Inc",Cooperative,,TX,ERCO,,,,,0,35346,6612,65,,42023,,,,,,,,,,,35346.0,6612.0,65.0,0.0,42023.0,498494,189317,18566,,706377,,,,,,,,,,
2024,1176.0,City of Bandon - (OR),Municipal,Y,OR,BPAT,3691,1149,3,,4843,,,,,,,,,,,,,,,,3691.0,1149.0,3.0,0.0,4843.0,,,,,,,,,,,,,,,
2024,1179.0,Versant Power,Investor Owned,,ME,ISNE,0,0,0,0,0,108906,19883,60,0,128849,,,,,0,184,31,0,0,215,109090.0,19914.0,60.0,0.0,129064.0,655754,570490,214854,0,1441098,,,,,,,,,,
2024,1179.0,Versant Power,Investor Owned,,ME,NBSO,102,58,0,0,160,28757,7424,13,0,36194,,,,0,0,61,5,0,0,66,28920.0,7487.0,13.0,0.0,36420.0,174265,157963,159763,0,491991,,,,,,,,,,
2024,1181.0,Village of Bangor - (WI),Municipal,Y,WI,MISO,1421,467,4,,1892,,,,,,,,,,,,,,,,1421.0,467.0,4.0,0.0,1892.0,,,,,,,,,,,,,,,
2024,1192.0,City of Banning - (CA),Municipal,Y,CA,CISO,,,,,0,12086,1197,75,,13358,,,,,,,,,,,12086.0,1197.0,75.0,0.0,13358.0,75399,35139,34958,,145496,,,,,,,,,,
2024,1196.0,Village of Baraga - (MI),Municipal,,MI,MISO,555,254,0,0,809,0,2,0,0,2,,,,,,0,0,0,0,0,555.0,256.0,0.0,0.0,811.0,0,4949,0,0,4949,555,254,0,0,809,,,,,
2024,1205.0,City of Bardwell - (KY),Municipal,Y,KY,LGEE,376,108,0,,484,0,0,0,,0,,,,,,,,,,,376.0,108.0,0.0,0.0,484.0,,,0,,0,,,,,,,,,,
2024,1208.0,Town of Bargersville - (IN),Municipal,Y,IN,MISO,3295,338,25,,3658,,,,,,,,,,,,,,,,3295.0,338.0,25.0,0.0,3658.0,,,,,,,,,,,,,,,
2024,1233.0,City of Barnesville - (MN),Municipal,Y,MN,MISO,158,6,,,164,1236,131,19,,1386,,,,,,,,,,,1394.0,137.0,19.0,0.0,1550.0,13749,1773,3300,,18822,,,,,,,,,,
2024,1251.0,Barron Electric Coop,Cooperative,,WI,MISO,,,,,,20678,322,220,,21220,,,,,,,,,,,20678.0,322.0,220.0,0.0,21220.0,190990,27975,87706,,306671,,,,,,6432,12,53,,6497
2024,1273.0,"Bartlett Electric Coop, Inc",Cooperative,,TX,ERCO,0,0,0,0,0,11527,3726,0,0,15253,0,0,0,0,0,0,0,0,0,0,11527.0,3726.0,0.0,0.0,15253.0,188623,58796,0,0,247419,11527,3726,0,0,15253,0,0,0,0,0
2024,1278.0,City of Barron - (WI),Municipal,Y,WI,MISO,1520,307,32,,1859,,,,,,,,,,,,,,,,1520.0,307.0,32.0,0.0,1859.0,,,,,,,,,,,,,,,
2024,1279.0,Barry Electric Coop,Cooperative,Y,MO,AECI,,,,,,8702,1289,3,,9994,,,,,,,,,,,8702.0,1289.0,3.0,0.0,9994.0,120915,40704,16329,,177948,,,,,,,,,,
2024,1283.0,Bartholomew County Rural E M C,Cooperative,,IN,MISO,,,,,0,11427,731,12,0,12170,,,,,,,,,,,11427.0,731.0,12.0,0.0,12170.0,155960,47841,225890,0,429691,11427,731,2,0,12160,,,,,
2024,1300.0,City of Bartow - (FL),Municipal,,FL,FPC,825,659,28,,1512,,,,,,,,,,,10788,871,259,,11918,11613.0,1530.0,287.0,0.0,13430.0,,,,,,,,,,,,,,,
2024,1301.0,"Barton County Elec Coop, Inc",Cooperative,Y,MO,AECI,,,,,0,6143,640,73,,6856,,,,,,,,,,,6143.0,640.0,73.0,0.0,6856.0,84841,16047,62839,,163727,,,,,,,,,,
2024,1307.0,Basin Electric Power Coop,Cooperative,,ND,SWPP,,,,,,,,1,,1,,,,,,,,,,,0.0,0.0,1.0,0.0,1.0,,,1170657,,1170657,,,,,,,,,,
2024,1324.0,City of Bastrop - (TX),Municipal,Y,TX,ERCO,,,,,,2291,652,,,2943,,,,,,,,,,,2291.0,652.0,0.0,0.0,2943.0,29580,48761,,,78341,,,,,,,,,,
2024,1325.0,City of Batavia - (IL),Municipal,,IL,PJM,10015,1123,10,,11148,,,,,0,,,,,,5,224,21,,250,10020.0,1347.0,31.0,0.0,11398.0,,,,,,,,,,,,,,,
2024,1343.0,Bath Electric Gas & Water,Municipal,Y,NY,NYIS,3782,610,24,,4416,,,,,,,,,,,,,,,,3782.0,610.0,24.0,0.0,4416.0,,,,,,,,,,,,,,,
2024,1346.0,City of Battle Creek- (NE),Municipal,Y,NE,SWPP,495,66,,,561,,,,,0,,,,,,,,,,,495.0,66.0,0.0,0.0,561.0,,,,,0,,,,,,,,,,
2024,1366.0,City of Bay City - (MI),Municipal,,MI,MISO,,,,,,18028,2205,133,,20366,,,,,,,,,,,18028.0,2205.0,133.0,0.0,20366.0,124579,131259,53589,,309427,,,,,,,,,,
2024,1367.0,"Bayfield Electric Coop, Inc",Cooperative,Y,MI,MISO,,,,,0,68,,,,68,,,,,,,,,,,68.0,0.0,0.0,0.0,68.0,155,,,,155,,,,,,,,,,
2024,1367.0,"Bayfield Electric Coop, Inc",Cooperative,Y,WI,MISO,,,,,,10555,94,,,10649,,,,,,,,,,,10555.0,94.0,0.0,0.0,10649.0,66510,11620,,,78130,,,,,,,,,,
2024,1374.0,City of Bayard - (NE),Municipal,Y,NE,WACM,499,80,5,,584,,,,,,,,,,,,,,,,499.0,80.0,5.0,0.0,584.0,,,,,,,,,,,,,,,
2024,1417.0,"Beartooth Electric Coop, Inc",Cooperative,Y,MT,NWMT,,,,,0,5921,535,1,,6457,,,,,,,,,,,5921.0,535.0,1.0,0.0,6457.0,57068,11622,1699,,70389,,,,,,,,,,
2024,1417.0,"Beartooth Electric Coop, Inc",Cooperative,Y,WY,NWMT,,,,,,469,88,,,557,,,,,,,,,,,469.0,88.0,0.0,0.0,557.0,5244,2606,,,7850,,,,,,,,,,
2024,1427.0,City of Beatrice - (NE),Municipal,Y,NE,SWPP,,,,,,6450,637,,,7087,,,,,,,,,,,6450.0,637.0,0.0,0.0,7087.0,70141,109777,,,179918,,,,,,,,,,
2024,1434.0,Beaver City Corporation,Municipal,Y,UT,PACE,,,,,,1403,394,6,,1803,,,,,,,,,,,1403.0,394.0,6.0,0.0,1803.0,11166,21677,3900,,36743,,,,,,,,,,
2024,1456.0,Town of Bedford - (VA),Municipal,Y,VA,PJM,5975,939,24,,6938,,,,,,,,,,,,,,,,5975.0,939.0,24.0,0.0,6938.0,,,,,,,,,,,,,,,
2024,1458.0,"Beauregard Electric Coop, Inc",Cooperative,,LA,MISO,,,,,,40051,4455,4,,44510,,,,,,,,,,,40051.0,4455.0,4.0,0.0,44510.0,598074,176294,704923,,1479291,40051,4455,4,,44510,,,,,
2024,1519.0,City of Bellville - (TX),Municipal,Y,TX,ERCO,2099,518,0,,2617,0,0,0,,0,,,,,,,,,,,2099.0,518.0,0.0,0.0,2617.0,0,0,0,,0,,,,,,,,,,
2024,1522.0,Village of Belmont - (WI),Municipal,Y,WI,MISO,491,87,9,,587,,,,,,,,,,,,,,,,491.0,87.0,9.0,0.0,587.0,,,,,,,,,,,,,,,
2024,1523.0,Town of Belmont - (MA),Municipal,Y,MA,ISNE,2,,,,2,10954,873,,,11827,,,,,,,,,,,10956.0,873.0,0.0,0.0,11829.0,73682,48943,,,122625,,,,,,,,,,
2024,1525.0,City of Beloit - (KS),Municipal,Y,KS,SWPP,1801,469,33,,2303,,,,,,,,,,,,,,,,1801.0,469.0,33.0,0.0,2303.0,,,,,,,,,,,,,,,
2024,1529.0,"Beltrami Electric Coop, Inc",Cooperative,,MN,MISO,,,,,,28040,1816,17,,29873,,,,,,,,,,,28040.0,1816.0,17.0,0.0,29873.0,275547,147717,70,,423334,20732,1615,17,,22364,7308,200,0,,7508
2024,1554.0,City of Benkelman - (NE),Municipal,Y,NE,SWPP,478,120,20,,618,,,,,,,,,,,,,,,,478.0,120.0,20.0,0.0,618.0,,,,,,,,,,,,,,,
2024,1571.0,Town of Benson - (NC),Municipal,Y,NC,CPLE,0,7,0,,7,1743,432,3,,2178,,,,,,,,,,,1743.0,439.0,3.0,0.0,2185.0,17938,19733,1030,,38701,,,,,,,,,,
2024,1573.0,City of Benson - (MN),Municipal,Y,MN,MISO,1219,46,0,,1265,572,209,126,,907,,,,,,,,,,,1791.0,255.0,126.0,0.0,2172.0,2369,1251,951,,4571,,,,,,,,,,
2024,1578.0,Benton County,Municipal,,TN,TVA,0,0,0,0,0,8775,1886,3,0,10664,0,0,0,0,0,0,0,0,0,0,8775.0,1886.0,3.0,0.0,10664.0,112158,53806,27312,0,193276,8775,1886,3,0,10664,0,0,0,0,0
2024,1579.0,PUD No 1 of Benton County,Political Subdivision,,WA,BPAT,,,,,,50072,6770,985,,57827,,,,,,,,,,,50072.0,6770.0,985.0,0.0,57827.0,732971,564214,511637,,1808822,50072,6770,985,,57827,,,,,
2024,1581.0,City of Benton - (AR),Municipal,,AR,MISO,,,,,,12969,1554,6,0,14529,,,,,,3,226,1,0,230,12972.0,1780.0,7.0,0.0,14759.0,147620,79325,33572,,260517,12972,1777,7,0,14756,,,,,
2024,1582.0,City of Benton - (KY),Municipal,,KY,TVA,0,0,0,0,0,1889,680,1,0,2570,0,0,0,0,0,0,0,0,0,0,1889.0,680.0,1.0,0.0,2570.0,23554,30935,15345,0,69834,0,0,0,0,0,0,0,0,0,0
2024,1586.0,City of Bentonville - (AR),Municipal,,AR,SWPP,,,,,,25103,3921,,,29024,,,,,,,,,,,25103.0,3921.0,0.0,0.0,29024.0,287396,448206,,,735602,,,,,,,,,,
2024,1591.0,"Big Country Electric Coop, Inc",Cooperative,,TX,ERCO,,,,,,9448,3452,695,,13595,,,,,,1,,,,1,9449.0,3452.0,695.0,0.0,13596.0,88422,255720,1274,,345416,9448,3452,695,,13595,,,,,0
2024,1601.0,City of Beresford,Municipal,Y,SD,SWPP,,,,,,995,237,16,,1248,,,,,,,,,,,995.0,237.0,16.0,0.0,1248.0,9631,6132,25599,,41362,,,,,,,,,,
2024,1604.0,Village of Bergen - (NY),Municipal,Y,NY,NYIS,572,93,11,,676,,,,,,,,,,,,,,,,572.0,93.0,11.0,0.0,676.0,,,,,,,,,,,,,,,
2024,1613.0,Berkeley Electric Coop Inc,Cooperative,,SC,SC,,,,,,117706,18480,10,,136196,,,,,,,,,,,117706.0,18480.0,10.0,0.0,136196.0,1575297,3386125,41761,,5003183,115117,18121,10,,133248,,,,,
2024,1615.0,Town of Berlin - (MD),Municipal,Y,MD,PJM,64,37,,,101,,2,,,2,,,,,,,,,,,64.0,39.0,0.0,0.0,103.0,,1413,,,1413,,,,,,,,,,
2024,1618.0,Borough of Berlin - (PA),Municipal,Y,PA,PJM,1100,107,1,,1208,,,,,,,,,,,,,,,,1100.0,107.0,1.0,0.0,1208.0,,,,,,,,,,,,,,,
2024,1625.0,Benton Rural Electric Assn,Cooperative,,WA,BPAT,,,,,,10,7,2,,19,,,,,,13412,1638,1384,,16434,13422.0,1645.0,1386.0,0.0,16453.0,185,31648,28568,,60401,,,,,,,,,,
2024,1640.0,City of Bessemer Utilities,Municipal,,AL,TVA,0,0,0,0,0,0,0,1,0,1,0,0,0,0,0,9378,1764,0,0,11142,9378.0,1764.0,1.0,0.0,11143.0,0,0,9433,0,9433,0,0,0,0,0,0,0,0,0,0
2024,1647.0,City of Bethany - (MO),Municipal,Y,MO,SPA,0,0,,,0,1543,384,,,1927,,,,,,,,,,,1543.0,384.0,0.0,0.0,1927.0,15862,418,,,16280,,,,,,,,,,
2024,1671.0,Big Flat Electric Coop Inc,Cooperative,Y,MT,NWMT,1846,229,,,2075,,,,,,,,,,,,,,,,1846.0,229.0,0.0,0.0,2075.0,,,,,,,,,,,,,,,
2024,1675.0,Big Horn Rural Electric Co,Cooperative,Y,MT,WACM,36,34,1,,71,,,,,,,,,,,,,,,,36.0,34.0,1.0,0.0,71.0,,,,,,,,,,,,,,,
2024,1675.0,Big Horn Rural Electric Co,Cooperative,Y,WY,WACM,3228,441,409,,4078,,,,,,,,,,,,,,,,3228.0,441.0,409.0,0.0,4078.0,,,,,,,,,,,,,,,
2024,1683.0,"Big Horn County Elec Coop, Inc",Cooperative,Y,MT,NWMT,,,,,,3086,566,3,,3655,,,,,,,,,,,3086.0,566.0,3.0,0.0,3655.0,3533,1548,451,,5532,,,,,,,,,,
2024,1683.0,"Big Horn County Elec Coop, Inc",Cooperative,Y,WY,NWMT,,,,,,278,28,,,306,,,,,,,,,,,278.0,28.0,0.0,0.0,306.0,330,67,,,397,,,,,,,,,,
2024,1702.0,City of Biggs - (CA),Municipal,Y,CA,CISO,768,63,11,,842,0,0,0,,0,,,,,,,,,,,768.0,63.0,11.0,0.0,842.0,0,0,0,,0,,,,,,,,,,
2024,1708.0,Big Sandy Rural Elec Coop Corp,Cooperative,,KY,PJM,11574,1028,9,,12611,,,,,,,,,,,,,,,,11574.0,1028.0,9.0,0.0,12611.0,,,,,,,,,,,,,,,
2024,1723.0,"Big Bend Electric Coop, Inc",Cooperative,,WA,BPAT,0,0,0,0,0,5841,2059,2511,0,10411,0,0,0,0,0,0,0,0,0,0,5841.0,2059.0,2511.0,0.0,10411.0,115719,124100,342029,0,581848,5841,2059,2511,0,10411,0,0,0,0,0
2024,1736.0,Blachly-Lane County Coop El Assn,Cooperative,Y,OR,BPAT,3268,368,31,,3667,,,,,,,,,,,,,,,,3268.0,368.0,31.0,0.0,3667.0,,,,,,,,,,,,,,,
2024,1738.0,Bonneville Power Administration,Federal,,OR,BPAT,,1,,,1,,,,,,,,,,,,,,,,0.0,1.0,0.0,0.0,1.0,,,,,,,,,,,,,,,
2024,1738.0,Bonneville Power Administration,Federal,,WA,BPAT,,51,15,,66,,,,,,,,,,,,,,,,0.0,51.0,15.0,0.0,66.0,,,,,,,,,,,,,,,
2024,1753.0,City of Biwabik - (MN),Municipal,Y,MN,MISO,1,,,,1,518,92,,,610,,,,,,,,,,,519.0,92.0,0.0,0.0,611.0,3277,2225,,,5502,,,,,,,,,,
2024,1763.0,"Black River Electric Coop, Inc - (SC)",Cooperative,,SC,SC,,,,,,30610,4210,13,,34833,,,,,,,,,,,30610.0,4210.0,13.0,0.0,34833.0,462168,133573,126348,,722089,,,,,,,,,,
2024,1764.0,Black Diamond Power Co,Investor Owned,,WV,PJM,3479,454,,,3933,,,,,,,,,,,,,,,,3479.0,454.0,0.0,0.0,3933.0,,,,,,,,,,,,,,,
2024,1769.0,"Black Hills Electric Coop, Inc",Cooperative,,SD,SWPP,,1,,,1,9227,1954,96,0,11277,,,,,,,,,,,9227.0,1955.0,96.0,0.0,11278.0,122760,35989,2221,,160970,9227,1954,96,0,11277,,,,,
2024,1775.0,Black River Electric Coop - (MO),Cooperative,,MO,AECI,,,,,0,21575,3979,,,25554,,,,,,,,2,,2,21575.0,3979.0,2.0,0.0,25556.0,286283,138800,,,425083,21575,3979,,,25554,,,,,
2024,1776.0,City of Black River Falls,Municipal,,WI,MISO,3,0,0,0,3,2321,573,1,0,2895,,,,,,4,0,0,0,4,2328.0,573.0,1.0,0.0,2902.0,18375,33742,479,0,52596,2321,564,1,0,2886,,,,,
2024,1780.0,Black Warrior Elec Member Corp,Cooperative,,AL,SOCO,20053,6593,2,,26648,,,,,,,,,,,,,,,,20053.0,6593.0,2.0,0.0,26648.0,,,,,,,,,,,,,,,
2024,1795.0,Town of Blackstone - (VA),Municipal,Y,VA,PJM,1768,258,9,,2035,,,,,,,,,,,,,,,,1768.0,258.0,9.0,0.0,2035.0,,,,,,,,,,,,,,,
2024,1818.0,City of Blaine - (WA),Municipal,Y,WA,PSEI,3291,579,11,,3881,,,,,,,,,,,,,,,,3291.0,579.0,11.0,0.0,3881.0,,,,,,,,,,,,,,,
2024,1823.0,Borough of Blakely - (PA),Municipal,Y,PA,PJM,,,,,0,3415,279,43,,3737,,,,,,,,,,,3415.0,279.0,43.0,0.0,3737.0,21353,2891,9480,,33724,,,,,,,,,,
2024,1826.0,City of Blakely - (GA),Municipal,Y,GA,SOCO,1178,295,,,1473,1190,157,5,,1352,,,,,,,,,,,2368.0,452.0,5.0,0.0,2825.0,12947,2110,13245,,28302,,,,,,,,,,
2024,1832.0,Village of Blanchester - (OH),Municipal,Y,OH,PJM,1967,258,1,,2226,,,,,,,,,,,,,,,,1967.0,258.0,1.0,0.0,2226.0,,,,,,,,,,,,,,,
2024,1839.0,City of Blanding - (UT),Municipal,Y,UT,PACE,1302,379,0,,1681,147,0,0,,147,,,,,,,,,,,1449.0,379.0,0.0,0.0,1828.0,749,0,0,,749,,,,,,,,,,
2024,1857.0,Block Island Utility District,Political Subdivision,,RI,ISNE,0,,,,0,1629,380,,,2009,,,,,,,,,,,1629.0,380.0,0.0,0.0,2009.0,7576,7148,,,14724,1629,380,,,2009,,,,,
2024,1866.0,Bloomer Electric & Water Co,Municipal,Y,WI,MISO,,,,,,1830,330,52,,2212,,,,,,,,,,,1830.0,330.0,52.0,0.0,2212.0,17703,30624,17106,,65433,,,,,,,,,,
2024,1869.0,City of Bloomfield - (IA),Municipal,Y,IA,AECI,1117,197,8,,1322,,,,,,,,,,,,,,,,1117.0,197.0,8.0,0.0,1322.0,,,,,,,,,,,,,,,
2024,1871.0,City of Blooming Prairie - (MN),Municipal,Y,MN,MISO,713,16,,,729,,,,,,,,,,,,,,,,713.0,16.0,0.0,0.0,729.0,,,,,,,,,,,,,,,
2024,1876.0,City of Blountstown - (FL),Municipal,Y,FL,SOCO,33,16,,,49,,,,,,,,,,,,,,,,33.0,16.0,0.0,0.0,49.0,,,,,,,,,,,,,,,
2024,1883.0,Blue Earth Light & Water,Municipal,Y,MN,MISO,1657,262,62,,1981,,,,,,,,,,,,,,,,1657.0,262.0,62.0,0.0,1981.0,,,,,,,,,,,,,,,
2024,1884.0,BENCO Electric Cooperative,Cooperative,,MN,MISO,,,1,,1,18361,1556,17,,19934,,,,,,,,,,,18361.0,1556.0,18.0,0.0,19935.0,207575,90692,78948,,377215,18361,1556,17,,19934,,,,,
2024,1886.0,Blue Grass Energy Coop Corp,Cooperative,,KY,PJM,,,,,,60641,3199,16,,63856,,,,,,,,,,,60641.0,3199.0,16.0,0.0,63856.0,849399,191732,360852,,1401983,60641,3199,16,,63856,8617,,,,8617
2024,1889.0,Blue Ridge Elec Member Corp - (NC),Cooperative,,NC,DUK,,,,,,71926,8829,7,,80762,,,,,,,,,,,71926.0,8829.0,7.0,0.0,80762.0,749928,260865,101301,,1112094,71926,8829,7,,80762,,,,,
2024,1890.0,Blue Ridge Electric Coop Inc - (SC),Cooperative,,SC,DUK,,,,,,67553,5301,59,,72913,,,,,,,,,,,67553.0,5301.0,59.0,0.0,72913.0,810672,199683,154713,,1165068,,,,,,,,,,
2024,1891.0,Blue Ridge Mountain EMC - (GA),Cooperative,,GA,TVA,0,0,0,0,0,30599,8225,0,0,38824,0,0,0,0,0,0,0,0,0,0,30599.0,8225.0,0.0,0.0,38824.0,341281,180820,0,0,522101,30599,8225,0,0,38824,0,0,0,0,0
2024,1891.0,Blue Ridge Mountain EMC - (GA),Cooperative,,NC,TVA,0,0,0,0,0,15879,4360,1,0,20240,0,0,0,0,0,0,0,0,0,0,15879.0,4360.0,1.0,0.0,20240.0,175796,49566,25511,0,250873,15879,4360,1,0,20240,0,0,0,0,0
2024,1892.0,"Bluebonnet Electric Coop, Inc",Cooperative,,TX,ERCO,112207,17753,1572,,131532,1683,2,2,,1687,,,,,,,,,,,113890.0,17755.0,1574.0,0.0,133219.0,,,,,,,,,,,,,,,
2024,1896.0,City of Bluffton - (IN),Municipal,,IN,PJM,,,,,,,,,,,,,,,,5007,1013,34,,6054,5007.0,1013.0,34.0,0.0,6054.0,,,,,,,,,,,,,,,
2024,1898.0,"Bon Homme Yankton El Assn, Inc",Cooperative,Y,SD,SWPP,3484,647,2,,4133,,,,,,,,,,,,,,,,3484.0,647.0,2.0,0.0,4133.0,,,,,,,,,,,,,,,
2024,1913.0,City of Boerne,Municipal,Y,TX,ERCO,,,,,,5186,1356,,,6542,,,,,,,,,,,5186.0,1356.0,0.0,0.0,6542.0,66697,89615,,,156312,,,,,,,,,,
2024,1936.0,Bolivar Energy Authority,Municipal,,TN,TVA,0,0,0,0,0,8929,2519,1,0,11449,0,0,0,0,0,0,0,0,0,0,8929.0,2519.0,1.0,0.0,11449.0,124099,77047,18493,0,219639,8929,2519,1,0,11449,0,0,0,0,0
2024,1955.0,City of Bridgeport Utilities - (NE),Municipal,Y,NE,SWPP,721,192,0,,913,,,,,,,,,,,,,,,,721.0,192.0,0.0,0.0,913.0,,,,,,,,,,,,,,,
2024,1956.0,City of Bonners Ferry,Municipal,Y,ID,BPAT,2506,400,7,,2913,,,,,,,,,,,,,,,,2506.0,400.0,7.0,0.0,2913.0,,,,,,,,,,,,,,,
2024,1970.0,Village of Boonville - (NY),Municipal,Y,NY,NYIS,271,30,0,,301,2047,208,17,,2272,,,,,,,,,,,2318.0,238.0,17.0,0.0,2573.0,23677,4117,9634,,37428,,,,,,,,,,
2024,1987.0,Town of Bostic - (NC),Municipal,Y,NC,DUK,185,20,,,205,,,,,,,,,,,,,,,,185.0,20.0,0.0,0.0,205.0,,,,,,,,,,,,,,,
2024,1997.0,City of Boscobel - (WI),Municipal,,WI,MISO,0,0,0,0,0,1454,335,1,0,1790,,,,,,0,0,0,0,0,1454.0,335.0,1.0,0.0,1790.0,11590,26061,4314,0,41965,1448,333,1,0,1782,,,,,
2024,2001.0,Boone Electric Coop,Cooperative,,MO,AECI,,,,,,36584,1340,6,,37930,,,,,,,,,,,36584.0,1340.0,6.0,0.0,37930.0,429513,99157,42439,,571109,33806,1344,0,,35150,,,,,
2024,2008.0,City of Boulder City - (NV),Municipal,,NV,WALC,7234,1011,4,0,8249,,,,,,,,,,,,,,,,7234.0,1011.0,4.0,0.0,8249.0,,,,,,,,,,,,,,,
2024,2010.0,City of Bountiful,Municipal,,UT,PACE,15709,1658,,,17367,,,,,,,,,,,,,1,,1,15709.0,1658.0,1.0,0.0,17368.0,,,,,,,,,,,,,,,
2024,2049.0,"Bowie-Cass Electric Coop, Inc",Cooperative,,TX,SWPP,34526,5298,8,,39832,,,,,,,,,,,,,,,,34526.0,5298.0,8.0,0.0,39832.0,,,,,,,,,,,,,,,
2024,2050.0,City of Bowie - (TX),Municipal,Y,TX,ERCO,,,,,,2494,668,3,,3165,,,,,,,,,,,2494.0,668.0,3.0,0.0,3165.0,29008,23220,18982,,71210,,,,,,,,,,
2024,2054.0,City of Bowling Green - (OH),Municipal,,OH,PJM,,,,,,12884,1694,74,,14652,,,,,,2,8,3,,13,12886.0,1702.0,77.0,0.0,14665.0,98728,47774,298035,,444537,13068,1703,0,,14771,767,19,0,,786
2024,2056.0,City of Bowling Green - (KY),Municipal,,KY,TVA,0,0,0,0,0,27181,5331,5,0,32517,0,0,0,0,0,0,0,0,0,0,27181.0,5331.0,5.0,0.0,32517.0,290316,465487,108410,0,864213,27177,5329,5,0,32511,0,0,0,0,0
2024,2086.0,Town of Boylston - (MA),Municipal,Y,MA,ISNE,2409,,,,2409,,,,,,,,,,,,,,,,2409.0,0.0,0.0,0.0,2409.0,,,,,,,,,,,,,,,
2024,2089.0,Bozrah Light & Power Company,Municipal,,CT,ISNE,0,,,,0,2599,256,8,0,2863,,,,,0,0,5,3,0,8,2599.0,261.0,11.0,0.0,2871.0,24294,8006,130867,0,163167,,,,,,,,,,
2024,2120.0,Village of Brainard - (NE),Municipal,Y,NE,SWPP,192,31,5,,228,,,,,,,,,,,,,,,,192.0,31.0,5.0,0.0,228.0,,,,,,,,,,,,,,,
2024,2135.0,City of Brady - (TX),Municipal,Y,TX,ERCO,27,5,0,,32,2368,628,0,,2996,,,,,,,,,,,2395.0,633.0,0.0,0.0,3028.0,27621,26499,0,,54120,,,,,,,,,,
2024,2138.0,Brainerd Public Utilities,Municipal,,MN,MISO,,,,,0,6959,1349,,,8308,,,,,,,,,,,6959.0,1349.0,0.0,0.0,8308.0,52218,278324,,,330542,,,,,,,,,,
2024,2144.0,Town of Braintree - (MA),Municipal,,MA,ISNE,,,,,0,14039,2725,5,,16769,,,,,,,,,,,14039.0,2725.0,5.0,0.0,16769.0,119085,185048,18339,,322472,,,,,,,,,,
2024,2183.0,City of Breda - (IA),Municipal,Y,IA,MISO,231,57,16,,304,,,,,,,,,,,,,,,,231.0,57.0,16.0,0.0,304.0,,,,,,,,,,,,,,,
2024,2188.0,City of Breese - (IL),Municipal,Y,IL,MISO,2222,348,0,,2570,,,,,,,,,,,,,,,,2222.0,348.0,0.0,0.0,2570.0,,,,,,,,,,,,,,,
2024,2192.0,Bremen Electric Light & Power Co,Municipal,Y,IN,MISO,2020,,,,2020,,,,,,,,,,,,,,,,2020.0,0.0,0.0,0.0,2020.0,,,,,,,,,,,,,,,
2024,2194.0,City of Brenham - (TX),Municipal,,TX,ERCO,5952,1412,24,,7388,,,,,,,,,,,,,,,,5952.0,1412.0,24.0,0.0,7388.0,,,,,,,,,,,,,,,
2024,2205.0,Village of Brewster - (OH),Municipal,Y,OH,PJM,,,,,,899,50,11,,960,,,,,,,,,,,899.0,50.0,11.0,0.0,960.0,8834,1668,42026,,52528,,,,,,,,,,
2024,2206.0,City of Brewster - (MN),Municipal,Y,MN,MISO,218,47,3,,268,,,,,,,,,,,,,,,,218.0,47.0,3.0,0.0,268.0,,,,,,,,,,,,,,,
2024,2210.0,City of Bridgeport - (TX),Municipal,Y,TX,ERCO,,,,,,1911,467,,,2378,,,,,,,,,,,1911.0,467.0,0.0,0.0,2378.0,25809,28551,,,54360,,,,,,,,,,
2024,2212.0,"Broad River Electric Coop, Inc",Cooperative,,NC,DUK,482,8,,,490,,,,,,,,,,,,,,,,482.0,8.0,0.0,0.0,490.0,,,,,,,,,,,,,,,
2024,2212.0,"Broad River Electric Coop, Inc",Cooperative,,SC,DUK,23140,1297,11,,24448,,,,,,,,,,,,,,,,23140.0,1297.0,11.0,0.0,24448.0,,,,,,,,,,,,,,,
2024,2215.0,"Bridger Valley Elec Assn, Inc",Cooperative,Y,UT,WACM,,,,,,1950,225,31,,2206,,,,,,,,,,,1950.0,225.0,31.0,0.0,2206.0,9388,4913,546,,14847,,,,,,,,,,
2024,2215.0,"Bridger Valley Elec Assn, Inc",Cooperative,Y,WY,WACM,,,4,,4,3762,848,194,,4804,,,,,,,,,,,3762.0,848.0,198.0,0.0,4808.0,40417,27263,18923,,86603,,,,,,,,,,
2024,2220.0,Brigham City Corporation,Municipal,Y,UT,PACE,7610,1031,1,,8642,,,,,0,,,,,,,,,,,7610.0,1031.0,1.0,0.0,8642.0,,,,,,,,,,,,,,,
2024,2247.0,City of Bristol - (TN),Municipal,,TN,TVA,0,0,0,0,0,21592,579,4,0,22175,0,0,0,0,0,8030,4233,4,0,12267,29622.0,4812.0,8.0,0.0,34442.0,338196,8856,68005,0,415057,21592,579,4,0,22175,17699,0,0,0,17699
2024,2248.0,Bristol Virginia Utilities,Municipal,,VA,TVA,0,0,0,0,0,13633,2849,3,0,16485,0,0,0,0,0,0,0,0,0,0,13633.0,2849.0,3.0,0.0,16485.0,195777,178798,71743,0,446318,13633,2849,3,0,16485,0,0,0,0,0
2024,2270.0,City of Bronson,Municipal,Y,KS,SWPP,113,12,,,125,,,,,,,,,,,,,,,,113.0,12.0,0.0,0.0,125.0,,,,,,,,,,,,,,,
2024,2272.0,Village of Brocton - (NY),Municipal,Y,NY,NYIS,834,33,,,867,,,,,,,,,,,,,,,,834.0,33.0,0.0,0.0,867.0,,,,,,,,,,,,,,,
2024,2273.0,Brodhead Water & Lighting Comm,Municipal,,WI,MISO,0,0,0,0,0,1533,309,1,0,1843,,,,,,0,0,0,0,0,1533.0,309.0,1.0,0.0,1843.0,12628,13944,4248,0,30820,1545,309,1,0,1855,,,,,
2024,2277.0,City of Broken Bow - (NE),Municipal,Y,NE,SWPP,2067,632,7,,2706,,,,,,,,,,,,,,,,2067.0,632.0,7.0,0.0,2706.0,,,,,,,,,,,,,,,
2024,2285.0,City of Brookings - (SD),Municipal,,SD,WACM,10516,1558,167,0,12241,0,0,0,0,0,0,0,0,0,0,3,4,4,0,11,10519.0,1562.0,171.0,0.0,12252.0,,,,0,0,0,0,0,0,0,0,0,0,0,0
2024,2287.0,City of Brooklyn - (IA),Municipal,Y,IA,MISO,694,117,5,,816,,,,,,,,,,,,,,,,694.0,117.0,5.0,0.0,816.0,,,,,,,,,,,,,,,
2024,2304.0,Town of Brookston - (IN),Municipal,Y,IN,MISO,748,,,,748,,,,,,,,,,,,,,,,748.0,0.0,0.0,0.0,748.0,,,,,,,,,,,,,,,
2024,2316.0,Brown County Rural Elec Assn,Cooperative,Y,MN,MISO,,,,,,2988,635,4,,3627,,,,,,,,,,,2988.0,635.0,4.0,0.0,3627.0,61835,36243,31670,,129748,,,,,,,,,,
2024,2354.0,Brown-Atchison E C A Inc,Cooperative,Y,KS,SWPP,,,,,,2749,542,,,3291,,,,,,,,,,,2749.0,542.0,0.0,0.0,3291.0,29473,18143,,,47616,,,,,,,,,,
2024,2394.0,Burke-Divide Electric Coop Inc,Cooperative,,ND,SWPP,,,,,0,1789,347,1354,,3490,,,,,,,2,3,,5,1789.0,349.0,1357.0,0.0,3495.0,39715,14244,155283,,209242,1789,347,1354,,3490,,,,,
2024,2409.0,Brownsville Public Utilities Board,Municipal,,TX,ERCO,10455,385,,,10840,0,,,,0,,,,,,40139,7548,,,47687,50594.0,7933.0,0.0,0.0,58527.0,,,,,,,,,,,,,,,
2024,2411.0,City of Brownsville,Municipal,,TN,TVA,0,0,0,0,0,0,0,3,0,3,0,0,0,0,0,4067,1351,0,0,5418,4067.0,1351.0,3.0,0.0,5421.0,0,0,75259,0,75259,0,0,0,0,0,0,0,0,0,0
2024,2412.0,City of Brownton - (MN),Municipal,Y,MN,MISO,,,,,,381,58,,,439,,,,,,,,,,,381.0,58.0,0.0,0.0,439.0,3347,997,,,4344,,,,,,,,,,
2024,2423.0,City of Brundidge - (AL),Municipal,Y,AL,SOCO,,,,,,1002,229,8,,1239,,,,,,,,,,,1002.0,229.0,8.0,0.0,1239.0,10907,29991,6887,,47785,,,,,,,,,,
2024,2439.0,City of Bryan - (OH),Municipal,Y,OH,PJM,,,,,0,5067,689,34,,5790,,,,,,,,,,,5067.0,689.0,34.0,0.0,5790.0,46228,22599,9598,,78425,,,,,,,,,,
2024,2442.0,City of Bryan - (TX),Municipal,,TX,ERCO,,,,,,58284,10387,14,,68685,,,,,,,,,,,58284.0,10387.0,14.0,0.0,68685.0,788907,665412,161336,,1615655,58284,10387,14,,68685,,,,,
2024,2485.0,City of Buffalo - (MN),Municipal,Y,MN,MISO,0,0,0,,0,183,5,0,,188,,,,,,,,,,,183.0,5.0,0.0,0.0,188.0,904,45,0,,949,,,,,,,,,,
2024,2487.0,City of Buford,Municipal,,GA,SOCO,2230,707,24,,2961,,,,,,,,,,,1141,510,10,,1661,3371.0,1217.0,34.0,0.0,4622.0,,,,,,,,,,,,,,,
2024,2502.0,"Buckeye Rural Elec Coop, Inc",Cooperative,,OH,PJM,,,,,,16349,2265,88,,18702,,,,,,,,,,,16349.0,2265.0,88.0,0.0,18702.0,205052,18933,9523,,233508,,,,,,,,,,
2024,2507.0,City of Burbank Water and Power,Municipal,,CA,LDWP,,,,,0,46044,6998,,,53042,,,,,,113,,,,113,46157.0,6998.0,0.0,0.0,53155.0,258346,680097,,,938443,37236,4710,,,41946,,,,,
2024,2545.0,City of Burley - (ID),Municipal,Y,ID,BPAT,4307,977,12,,5296,,,,,0,,,,,,,,,,,4307.0,977.0,12.0,0.0,5296.0,,,,,0,,,,,,,,,,
2024,2547.0,City of Burlingame - (KS),Municipal,Y,KS,SWPP,592,83,0,,675,,,,,,,,,,,,,,,,592.0,83.0,0.0,0.0,675.0,,,,,,,,,,,,,,,
2024,2548.0,City of Burlington Electric - (VT),Municipal,,VT,ISNE,379,10,1,0,390,17240,3969,9,0,21218,5,0,0,0,5,58,16,0,0,74,17677.0,3995.0,10.0,0.0,21682.0,86757,167649,64907,0,319313,17240,3969,9,0,21218,0,0,0,0,0
2024,2551.0,City of Burlington - (KS),Municipal,Y,KS,SWPP,,,,,,1322,373,1,,1696,,,,,,,,,,,1322.0,373.0,1.0,0.0,1696.0,13032,15124,2148,,30304,,,,,,,,,,
2024,2559.0,City of Burnet - (TX),Municipal,Y,TX,ERCO,,,,,,2582,778,1,,3361,,,,,,,,,,,2582.0,778.0,1.0,0.0,3361.0,33052,43825,10922,,87799,,,,,,,,,,
2024,2599.0,Burt County Public Power Dist,Political Subdivision,Y,NE,SWPP,,,,,0,3484,315,500,,4299,,,,,,,,,,,3484.0,315.0,500.0,0.0,4299.0,57332,26139,7089,,90560,,,,,,,,,,
2024,2600.0,City of Burt,Municipal,Y,IA,MISO,246,61,,,307,,,,,,,,,,,,,,,,246.0,61.0,0.0,0.0,307.0,,,,,,,,,,,,,,,
2024,2609.0,City of Burwell - (NE),Municipal,Y,NE,SWPP,568,170,,,738,,,,,0,,,,,,,,,,,568.0,170.0,0.0,0.0,738.0,,,,,0,,,,,,,,,,
2024,2634.0,City of Bushnell - (IL),Municipal,Y,IL,MISO,1324,4,0,,1328,0,0,0,,0,,,,,,,,,,,1324.0,4.0,0.0,0.0,1328.0,0,0,0,,0,,,,,,,,,,
2024,2641.0,"Butler Rural El Coop Assn, Inc - (KS)",Cooperative,Y,KS,SWPP,,,,,0,6857,937,11,,7805,,,,,,,,,,,6857.0,937.0,11.0,0.0,7805.0,105555,20703,31115,,157373,,,,,,,,,,
2024,2643.0,Butler Public Power District - (NE),Political Subdivision,,NE,SWPP,,,,,,4774,610,1184,,6568,,,,,,,,,,,4774.0,610.0,1184.0,0.0,6568.0,65668,38920,107000,,211588,4774,610,1184,,6568,0,0,833,,833
2024,2647.0,City of Butler - (MO),Municipal,Y,MO,SWPP,,,,,0,1938,442,3,,2383,,,,,,,,,,,1938.0,442.0,3.0,0.0,2383.0,18726,19359,5385,,43470,,,,,,,,,,
2024,2650.0,Borough of Butler - (NJ),Municipal,Y,NJ,PJM,,,,,0,10356,1508,,,11864,,,,,,,,,,,10356.0,1508.0,0.0,0.0,11864.0,105201,49929,,,155130,,,,,,,,,,
2024,2651.0,Butler Rural Electric Coop Inc - (OH),Cooperative,,OH,PJM,,,,,,11374,463,8,,11845,,,,,,,,,,,11374.0,463.0,8.0,0.0,11845.0,181115,15520,13828,,210463,,,,,,,,,,
2024,2652.0,Butler County Rural Elec Coop - (IA),Cooperative,,IA,SWPP,,,,,0,5305,10,1375,,6690,,,,,,,,7,,7,5305.0,10.0,1382.0,0.0,6697.0,63458,21,213587,,277066,3898,10,1202,,5110,,,,,
2024,2655.0,"Butte Electric Coop, Inc",Cooperative,Y,SD,WACM,,,,,0,6059,970,236,,7265,,,,,,,,,,,6059.0,970.0,236.0,0.0,7265.0,71899,39408,4672,,115979,,,,,,,,,,
2024,2678.0,C & L Electric Coop Corp,Cooperative,,AR,MISO,20000,2251,10,,22261,,,,,,,,,,,,,,,,20000.0,2251.0,10.0,0.0,22261.0,,,,,,,,,,,,,,,
2024,2726.0,City of Cabool - (MO),Municipal,Y,MO,AECI,,,,,,968,277,16,,1261,,,,,,,,,,,968.0,277.0,16.0,0.0,1261.0,9294,5787,22013,,37094,,,,,,,,,,
2024,2773.0,City of Cairo - (GA),Municipal,Y,GA,SOCO,0,0,0,,0,3853,530,11,,4394,,,,,,,,,,,3853.0,530.0,11.0,0.0,4394.0,48664,46756,36277,,131697,,,,,,,,,,
2024,2774.0,CMS Electric Coop Inc,Cooperative,,KS,SWPP,3198,2601,86,,5885,,,,,,,,,,,,,,,,3198.0,2601.0,86.0,0.0,5885.0,,,,,,,,,,,,,,,
2024,2776.0,Cairo Public Utility Company,Municipal,Y,IL,MISO,,,1,,1,,,,,,,,,,,,,,,,0.0,0.0,1.0,0.0,1.0,,,,,,,,,,,,,,,
2024,2810.0,City of Caledonia - (MN),Municipal,Y,MN,MISO,1362,232,86,,1680,,,,,,,,,,,,,,,,1362.0,232.0,86.0,0.0,1680.0,,,,,,,,,,,,,,,
2024,2812.0,City of Calhoun - (GA),Municipal,,GA,SOCO,,,,,,4944,1290,20,,6254,,,,,,,,,,,4944.0,1290.0,20.0,0.0,6254.0,50099,71728,238785,,360612,,,,,,,,,,
2024,2849.0,Central Electric Power Assn - (MS),Cooperative,,MS,TVA,0,0,0,0,0,0,3,5,0,8,0,0,0,0,0,30905,8059,3,0,38967,30905.0,8062.0,8.0,0.0,38975.0,0,25090.53,176322.29,0,201412.82,0,0,0,0,0,0,0,0,0,0
2024,2851.0,City of California - (MO),Municipal,Y,MO,MISO,2080,241,73,,2394,,,,,,,,,,,,,,,,2080.0,241.0,73.0,0.0,2394.0,,,,,,,,,,,,,,,
2024,2890.0,City of Camden,Municipal,Y,SC,CPLE,10246,1427,,,11673,,,,,,,,,,,,,,,,10246.0,1427.0,0.0,0.0,11673.0,,,,,,,,,,,,,,,
2024,2900.0,City of Cameron,Municipal,Y,MO,AECI,,,,,,2928,515,9,,3452,,,,,,,,,,,2928.0,515.0,9.0,0.0,3452.0,31213,28950,16350,,76513,,,,,,,,,,
2024,2903.0,Canoochee Electric Member Corp,Cooperative,,GA,SOCO,10398,450,846,,11694,13782,,,,13782,,,,,,11,,,,11,24191.0,450.0,846.0,0.0,25487.0,139320,,,,139320,24180,450,846,,25476,,,,,
2024,2911.0,"Canadian Valley Elec Coop, Inc",Cooperative,,OK,SWPP,,,,,,24605,2745,11,,27361,,,,,,,,,,,24605.0,2745.0,11.0,0.0,27361.0,377977,216425,223000,,817402,24605,2745,11,,27361,,,,,
2024,2955.0,Canby Utility Board,Municipal,Y,OR,PGE,5376,643,12,,6031,2208,184,3,,2395,,,,,,,,,,,7584.0,827.0,15.0,0.0,8426.0,34456,22357,8065,,64878,,,,,,,,,,
2024,2960.0,"Caney Fork Electric Coop, Inc",Cooperative,,TN,TVA,0,0,0,0,0,29631,6254,3,0,35888,0,0,0,0,0,0,0,0,0,0,29631.0,6254.0,3.0,0.0,35888.0,412293,135795,65012,0,613100,29631,6254,3,0,35888,0,0,0,0,0
2024,2961.0,"Caney Valley El Coop Assn, Inc",Cooperative,Y,KS,SWPP,,,,,,3552,1640,,,5192,,,,,,,,,,,3552.0,1640.0,0.0,0.0,5192.0,32529,27214,,,59743,,,,,,,,,,
2024,2974.0,Canton Municipal Utilities,Municipal,Y,MS,MISO,,,,,,4381,374,,,4755,,,,,,,,,,,4381.0,374.0,0.0,0.0,4755.0,51143,20002,,,71145,,,,,,,,,,
2024,2982.0,Cape Hatteras Elec Member Corp,Cooperative,Y,NC,PJM,,,,,0,7066,1086,,,8152,,,,,,,,,,,7066.0,1086.0,0.0,0.0,8152.0,94842,35867,,,130709,,,,,,,,,,
2024,2985.0,"Capital Electric Coop, Inc",Cooperative,,ND,SWPP,,,,,,19530,2935,61,,22526,,,,,,,,,,,19530.0,2935.0,61.0,0.0,22526.0,237167,147812,1096,,386075,19530,2935,61,,22526,1123,6,5,,1134
2024,2986.0,"Cam Wal Electric Coop, Inc",Cooperative,Y,SD,SWPP,2257,210,119,,2586,,,,,,,,,,,,,,,,2257.0,210.0,119.0,0.0,2586.0,,,,,,,,,,,,,,,
2024,2998.0,"Carbon Power & Light, Inc",Cooperative,Y,WY,WACM,,,,,,5544,1120,59,,6723,,,,,,,,,,,5544.0,1120.0,59.0,0.0,6723.0,45296,53822,20780,,119898,,,,,,,,,,
2024,3008.0,Village of Carey - (OH),Municipal,Y,OH,PJM,0,0,0,,0,1766,186,8,,1960,,,,,,,,,,,1766.0,186.0,8.0,0.0,1960.0,18597,10556,61879,,91032,,,,,,,,,,
2024,3029.0,City of Carlisle- (IA),Municipal,Y,IA,MISO,1334,186,58,,1578,,,,,,,,,,,,,,,,1334.0,186.0,58.0,0.0,1578.0,,,,,,,,,,,,,,,
2024,3037.0,City of Carlyle - (IL),Municipal,Y,IL,MISO,,,,,,1764,316,,,2080,,,,,,,,,,,1764.0,316.0,0.0,0.0,2080.0,15002,15828,,,30830,,,,,,,,,,
2024,3040.0,City of Carmi - (IL),Municipal,Y,IL,MISO,0,0,0,,0,2427,637,4,,3068,,,,,,,,,,,2427.0,637.0,4.0,0.0,3068.0,22408,16486,7133,,46027,,,,,,,,,,
2024,3046.0,Duke Energy Progress - (NC),Investor Owned,,NC,CPLE,2620,416,4,0,3040,1372477,224727,3689,0,1600893,,,,,,2648,1575,283,0,4506,1377745.0,226718.0,3976.0,0.0,1608439.0,16260867,13244462,7179246,0,36684575,1356079,217915,2775,,1576769,,,,,
2024,3046.0,Duke Energy Progress - (NC),Investor Owned,,SC,CPLE,253,75,0,0,328,147688,33750,655,0,182093,,,,,,572,197,53,0,822,148513.0,34022.0,708.0,0.0,183243.0,1982963,1618630,2074625,0,5676218,143713,32671,422,0,176806,,,,,
2024,3075.0,Carroll County - (TN),Municipal,,TN,TVA,0,0,0,0,0,12344,3225,2,0,15571,0,0,0,0,0,0,0,0,0,0,12344.0,3225.0,2.0,0.0,15571.0,177621,107426,194048,0,479095,12344,3225,1,0,15570,0,0,0,0,0
2024,3076.0,"Carroll Electric Coop, Inc - (OH)",Cooperative,Y,OH,PJM,,,,,0,10805,1105,6,,11916,,,,,,,,,,,10805.0,1105.0,6.0,0.0,11916.0,122731,15428,13761,,151920,,,,,,,,,,
2024,3081.0,Carroll Electric Member Corp - (GA),Cooperative,,GA,SOCO,,,,,0,53299,2851,40,,56190,,,,,,,,,,,53299.0,2851.0,40.0,0.0,56190.0,767238,139499,274301,,1181038,53299,2851,40,,56190,,,,,
2024,3082.0,Carrollton Board of Public Wks,Municipal,Y,MO,SWPP,1436,,,,1436,,,,,,,,,,,,,,,,1436.0,0.0,0.0,0.0,1436.0,,,,,,,,,,,,,,,
2024,3093.0,Carroll Electric Coop Corp - (AR),Cooperative,,AR,SWPP,,,,,,101154,6914,49,,108117,,,,,,,,3,,3,101154.0,6914.0,52.0,0.0,108120.0,1320033,443350,204424,,1967807,68988,5174,43,,74205,,,,,
2024,3093.0,Carroll Electric Coop Corp - (AR),Cooperative,,MO,SWPP,,,,,,12109,1014,,,13123,,,,,,,,,,,12109.0,1014.0,0.0,0.0,13123.0,130620,26360,,,156980,7272,732,,,8004,,,,,
2024,3107.0,Carteret-Craven El Member Corp,Cooperative,,NC,CPLE,,,,,0,38858,4278,,,43136,,,,,,,,,,,38858.0,4278.0,0.0,0.0,43136.0,469633,139782,,,609415,38858,4278,,,43136,3202,,,,3202
2024,3108.0,City of Cartersville - (GA),Municipal,,GA,SOCO,,,,,,153,,,,153,,,,,,6558,1468,5,,8031,6711.0,1468.0,5.0,0.0,8184.0,1982,,,,1982,,,,,,,,,,
2024,3113.0,City of Carthage - (MO),Municipal,,MO,SWPP,,,,,,7106,1119,26,,8251,,,,,,,,,,,7106.0,1119.0,26.0,0.0,8251.0,78868,61500,139595,,279963,,,,,,,,,,
2024,3136.0,City of Cascade Locks - (OR),Municipal,Y,OR,BPAT,854,210,,,1064,,,,,,,,,,,,,,,,854.0,210.0,0.0,0.0,1064.0,,,,,,,,,,,,,,,
2024,3138.0,"Cavalier Rural Elec Coop, Inc",Cooperative,Y,ND,MISO,1434,611,,,2045,,,,,,,,,,,,,,,,1434.0,611.0,0.0,0.0,2045.0,,,,,,,,,,,,,,,
2024,3153.0,City of Casey - (IL),Municipal,Y,IL,MISO,1521,291,3,,1815,3,,,,3,,,,,,,,,,,1524.0,291.0,3.0,0.0,1818.0,24,,,,24,,,,,,,,,,
2024,3156.0,Village of Cashton - (WI),Municipal,Y,WI,MISO,529,91,28,,648,,,,,,,,,,,,,,,,529.0,91.0,28.0,0.0,648.0,,,,,,,,,,,,,,,
2024,3164.0,Village of Castile - (NY),Municipal,Y,NY,NYIS,543,77,14,,634,,,,,,,,,,,,,,,,543.0,77.0,14.0,0.0,634.0,,,,,,,,,,,,,,,
2024,3168.0,City of Castroville - (TX),Municipal,Y,TX,ERCO,,,,,,1169,139,,,1308,,,,,,,,,,,1169.0,139.0,0.0,0.0,1308.0,626,41,,,667,,,,,,,,,,
2024,3186.0,City of Cavalier - (ND),Municipal,Y,ND,MISO,702,172,,,874,,,,,,,,,,,,,,,,702.0,172.0,0.0,0.0,874.0,,,,,,,,,,,,,,,
2024,3203.0,Cedar Falls Utilities,Municipal,,IA,MISO,0,0,0,0,0,10753,1657,41,0,12451,0,0,0,0,0,6929,586,207,0,7722,17682.0,2243.0,248.0,0.0,20173.0,83858,435602,1641,0,521101,0,0,0,0,0,0,0,0,0,0
2024,3205.0,Cedar-Knox Public Power Dist,Political Subdivision,,NE,SWPP,,,,,0,5556,772,1373,,7701,,,,,,,2,,,2,5556.0,774.0,1373.0,0.0,7703.0,92243,130229,41841,,264313,,,,,,,,,,
2024,3208.0,Cedarburg Light & Water Comm,Municipal,,WI,MISO,0,0,0,0,0,6149,951,1,0,7101,,,,,,4,0,0,0,4,6153.0,951.0,1.0,0.0,7105.0,45135,48200,11847,0,105182,6063,946,1,0,7010,,,,,
2024,3216.0,City of Celina - (OH),Municipal,,OH,PJM,,,,,,,,,,,,,,,,7557,897,14,,8468,7557.0,897.0,14.0,0.0,8468.0,,,,,,,,,,,,,,,
2024,3222.0,Central Alabama Electric Coop,Cooperative,,AL,SOCO,,,,,,45036,2380,4,,47420,,,,,,,,,,,45036.0,2380.0,4.0,0.0,47420.0,628803,100391,8952,,738146,6285,,,,6285,6546,,,,6546
2024,3226.0,"Central Rural Electric Cooperative, Inc",Cooperative,,OK,AECI,593,,,,593,19057,4948,4,,24009,,,,,,,,,,,19650.0,4948.0,4.0,0.0,24602.0,344241,247180,12052,,603473,,,,,,,,,,
2024,3227.0,City of Center - (CO),Municipal,Y,CO,PSCO,741,137,28,,906,,,,,,,,,,,,,,,,741.0,137.0,28.0,0.0,906.0,,,,,,,,,,,,,,,
2024,3235.0,City of Central City,Municipal,Y,NE,SWPP,319,16,0,,335,0,0,0,,0,,,,,,,,,,,319.0,16.0,0.0,0.0,335.0,0,0,0,,0,,,,,,,,,,
2024,3236.0,"Central Electric Coop, Inc - (SD)",Cooperative,,SD,WACM,6483,688,180,0,7351,,,,,,,,,,,,,,,,6483.0,688.0,180.0,0.0,7351.0,,,,,,,,,,,,,,,
2024,3240.0,Central Electric Coop Inc - (OR),Cooperative,,OR,BPAT,,,,,,34562,3193,1109,,38864,,,,,,,,1,,1,34562.0,3193.0,1110.0,0.0,38865.0,570582,139184,107080,,816846,34562,3193,1109,,38864,,,,,
2024,3245.0,"Central Florida Elec Coop, Inc",Cooperative,,FL,SEC,,,,,,32757,3312,911,,36980,,,,,,14,,,,14,32771.0,3312.0,911.0,0.0,36994.0,412058,104426,72824,,589308,32757,3312,911,,36980,,,,,
2024,3248.0,Central Georgia El Member Corp,Cooperative,,GA,SOCO,,,,,,61155,5437,107,,66699,,,,,,,436,,,436,61155.0,5873.0,107.0,0.0,67135.0,939245,200546,334806,,1474597,61155,5437,107,,66699,,,,,
2024,3249.0,Central Hudson Gas & Elec Corp,Investor Owned,,NY,NYIS,167629,117,,,167746,1192,215,,,1407,,,,,,128544,22339,861,,151744,297365.0,22671.0,861.0,0.0,320897.0,9536,8733,,,18269,,,,,,,,,,
2024,3250.0,Central Electric Membership Corp. - (NC),Cooperative,,NC,CPLE,22071,2541,14,,24626,,,,,,,,,,,,,,,,22071.0,2541.0,14.0,0.0,24626.0,,,,,,,,,,,,,,,
2024,3264.0,Central Lincoln People's Ut Dt,Political Subdivision,,OR,BPAT,,,,,0,35902,5418,204,,41524,,,,,,2,,,,2,35904.0,5418.0,204.0,0.0,41526.0,426809,175177,590406,,1192392,,,,,,,,,,
2024,3265.0,Cleco Power LLC,Investor Owned,,LA,MISO,,,,,,251927,42956,502,,295385,,,,,,58,,,,58,251985.0,42956.0,502.0,0.0,295443.0,3677087,2824748,2274844,,8776679,,,,,,,,,,
2024,3266.0,Central Maine Power Co,Investor Owned,,ME,ISNE,0,0,0,0,0,591772,78493,1602,0,671867,,,,,,3159,299,58,,3516,594931.0,78792.0,1660.0,0.0,675383.0,3849566,3098859,1218383,0,8166808,,,,,,,,,,
2024,3268.0,Central Missouri Elec Coop Inc,Cooperative,,MO,AECI,,,,,,11167,364,2,,11533,,,,,,,,1,,1,11167.0,364.0,3.0,0.0,11534.0,182465,30985,2192,,215642,9497,341,3,,9841,,,,,
2024,3273.0,"Central New Mexico El Coop, Inc",Cooperative,,NM,PNM,,,,,0,19126,1647,249,,21022,,,,,,,,,,,19126.0,1647.0,249.0,0.0,21022.0,134301,51915,78907,,265123,,,,,,,,,,
2024,3278.0,AEP Texas Central Company,Investor Owned,,TX,ERCO,14,,,,14,784637,122743,6924,,914304,,,,,,63,128,197,,388,784714.0,122871.0,7121.0,0.0,914706.0,10645700,9650710,8626385,,28922795,784120,122579,6900,,913599,,,,,
2024,3282.0,"Central Texas Elec Coop, Inc",Cooperative,,TX,ERCO,,,,,,39569,4043,3981,,47593,,,,,,,,,,,39569.0,4043.0,3981.0,0.0,47593.0,509400,77510,278655,,865565,,,,,,,,,,
2024,3287.0,"Central Valley Elec Coop, Inc",Cooperative,,NM,SWPP,,,,,0,6150,4680,4394,,15224,,,,,,,,1,,1,6150.0,4680.0,4395.0,0.0,15225.0,86800,42791,782036,,911627,6150,4680,4394,,15224,,,,,
2024,3291.0,Central Virginia Electric Coop,Cooperative,,VA,PJM,34893,4652,28,,39573,,,,,,,,,,,,,,,,34893.0,4652.0,28.0,0.0,39573.0,,,,,,34893,4652,28,,39573,,,,,
2024,3293.0,Central Wisconsin Elec Coop,Cooperative,Y,WI,MISO,0,0,0,,0,8079,696,6,,8781,,,,,,,,,,,8079.0,696.0,6.0,0.0,8781.0,58051,24996,12943,,95990,,,,,,,,,,
2024,3295.0,City of Centralia - (WA),Municipal,,WA,BPAT,9068,1557,134,,10759,,,,,,,,,,,,,,,,9068.0,1557.0,134.0,0.0,10759.0,,,,,,,,,,,,,,,
2024,3296.0,City of Centralia - (MO),Municipal,Y,MO,MISO,0,0,0,,0,2328,120,0,,2448,,,,,,,,,,,2328.0,120.0,0.0,0.0,2448.0,24403,3643,0,,28046,,,,,,,,,,
2024,3314.0,"Chariton Valley Elec Coop, Inc",Cooperative,Y,IA,AECI,,,,,,5065,1221,6,,6292,,,,,,,,,,,5065.0,1221.0,6.0,0.0,6292.0,55186,30133,9961,,95280,,,,,,,,,,
2024,3315.0,"Charles Mix Electric Assn, Inc",Cooperative,Y,SD,SWPP,2295,365,0,,2660,,,,,,,,,,,,,,,,2295.0,365.0,0.0,0.0,2660.0,,,,,,,,,,,,,,,
2024,3323.0,Town of Chalmers - (IN),Municipal,Y,IN,MISO,299,54,0,,353,,,,,,,,,,,,,,,,299.0,54.0,0.0,0.0,353.0,,,,,,,,,,,,,,,
2024,3329.0,Borough of Chambersburg,Municipal,,PA,PJM,,,,,,,,,,,,,,,,9914,1783,21,0,11718,9914.0,1783.0,21.0,0.0,11718.0,,,,,,,,,,,,,,,
2024,3355.0,City of Chanute,Municipal,,KS,SWPP,,,,,,,,,,,,,,,,4556,917,94,,5567,4556.0,917.0,94.0,0.0,5567.0,,,,,,,,,,,,,,,
2024,3356.0,City of Ceylon - (MN),Municipal,Y,MN,MISO,,,,,0,192,45,,,237,,,,,,,,,,,192.0,45.0,0.0,0.0,237.0,1768,501,,,2269,,,,,,,,,,
2024,3366.0,City of Chapman - (KS),Municipal,Y,KS,SWPP,584,92,0,,676,,,,,,,,,,,,,,,,584.0,92.0,0.0,0.0,676.0,,,,,,,,,,,,,,,
2024,3373.0,City of Chappell - (NE),Municipal,Y,NE,SWPP,610,166,,,776,,,,,,,,,,,,,,,,610.0,166.0,0.0,0.0,776.0,,,,,,,,,,,,,,,
2024,3400.0,City of Chaska - (MN),Municipal,,MN,MISO,,,,,0,10953,1042,109,,12104,,,,,,1,3,0,,4,10954.0,1045.0,109.0,0.0,12108.0,85042,210310,124897,,420249,,,,,,,,,,
2024,3405.0,Village of Chatham - (IL),Municipal,Y,IL,MISO,6187,276,7,,6470,,,,,,,,,,,,,,,,6187.0,276.0,7.0,0.0,6470.0,,,,,,,,,,,,,,,
2024,3408.0,City of Chattanooga - (TN),Municipal,,GA,TVA,0,0,0,0,0,10366,1066,2,0,11434,0,0,0,0,0,0,0,0,0,0,10366.0,1066.0,2.0,0.0,11434.0,146590,46950,46345,0,239885,0,0,0,0,0,0,0,0,0,0
2024,3408.0,City of Chattanooga - (TN),Municipal,,TN,TVA,0,0,0,0,0,164417,24691,63,0,189171,0,0,0,0,0,0,0,0,0,0,164417.0,24691.0,63.0,0.0,189171.0,2190871,2142926,1230085,0,5563882,0,0,0,0,0,0,0,0,0,0
2024,3413.0,PUD No 1 of Chelan County,Political Subdivision,,WA,CHPD,582,108,43,,733,42128,7715,1458,,51301,,,,,,,4160,,,4160,42710.0,11983.0,1501.0,0.0,56194.0,756154,441821,290052,,1488027,,6,24,,30,,,,,
2024,3420.0,City of Cheney - (WA),Municipal,Y,WA,AVA,3555,376,7,,3938,2850,0,0,,2850,,,,,,,,,,,6405.0,376.0,7.0,0.0,6788.0,23459,,,,23459,,,,,,,,,,
2024,3426.0,Cherokee Electric Coop - (AL),Cooperative,,AL,TVA,0,0,0,0,0,18830,7734,2,0,26566,0,0,0,0,0,0,0,0,0,0,18830.0,7734.0,2.0,0.0,26566.0,252438,118484,29752,0,400674,18830,7734,2,0,26566,0,0,0,0,0
2024,3435.0,"Cherry-Todd Electric Coop, Inc",Cooperative,Y,NE,SWPP,,,,,0,832,29,247,,1108,,,,,,,,,,,832.0,29.0,247.0,0.0,1108.0,8191,7510,20745,,36446,,,,,,,,,,
2024,3435.0,"Cherry-Todd Electric Coop, Inc",Cooperative,Y,SD,SWPP,,,,,,3522,377,130,,4029,,,,,,,,,,,3522.0,377.0,130.0,0.0,4029.0,57405,36211,9313,,102929,,,,,,,,,,
2024,3436.0,Cherryland Electric Coop Inc,Cooperative,,MI,MISO,,,,,,36623,3120,467,,40210,,,,,,,,,,,36623.0,3120.0,467.0,0.0,40210.0,282656,113954,9458,,406068,26255,2279,328,,28862,,,,,
2024,3437.0,City of Cherryville - (NC),Municipal,Y,NC,DUK,,,,,,2193,369,6,,2568,,,,,,,,,,,2193.0,369.0,6.0,0.0,2568.0,22108,22504,4540,,49152,,,,,,,,,,
2024,3447.0,Town of Chester,Municipal,Y,MA,ISNE,663,77,23,,763,,,,,,,,,,,,,,,,663.0,77.0,23.0,0.0,763.0,,,,,,,,,,,,,,,
2024,3459.0,City of Chewelah,Municipal,Y,WA,AVA,1198,138,,,1336,,,,,,,,,,,,,,,,1198.0,138.0,0.0,0.0,1336.0,,,,,,,,,,,,,,,
2024,3461.0,Cheyenne Light Fuel & Power,Investor Owned,,WY,WACM,,,,,,39954,5434,2,0,45390,,,,,,,,,,,39954.0,5434.0,2.0,0.0,45390.0,279321,1742799,167240,0,2189360,,,,,,,,,,
2024,3470.0,Cherokee County Elec Coop Assn - (TX),Cooperative,,TX,ERCO,0,0,0,,0,22024,1739,3,,23766,,,,,,2,0,,,2,22026.0,1739.0,3.0,0.0,23768.0,286577,58533,124503,,469613,22024,1739,,,23763,,,,,
2024,3475.0,City of Chickamauga,Municipal,,GA,TVA,0,0,0,0,0,831,142,0,0,973,0,0,0,0,0,0,0,0,0,0,831.0,142.0,0.0,0.0,973.0,10264,11428,0,0,21692,0,0,0,0,0,0,0,0,0,0
2024,3477.0,City of Chicopee - (MA),Municipal,,MA,ISNE,,,,,,22703,2721,30,,25454,,,,,,514,27,6,,547,23217.0,2748.0,36.0,0.0,26001.0,190327,120440,101305,,412072,,,,,,,,,,
2024,3478.0,Cimarron Electric Coop,Cooperative,,OK,SWPP,,,,,,15258,4321,13,,19592,,,,,,,,,,,15258.0,4321.0,13.0,0.0,19592.0,177210,383554,177170,,737934,15258,4321,13,,19592,,,,,
2024,3486.0,Chillicothe Municipal Utils,Municipal,Y,MO,SWPP,,,,,,3767,796,27,,4590,,,,,,,,,,,3767.0,796.0,27.0,0.0,4590.0,40701,44785,6849,,92335,,,,,,,,,,
2024,3495.0,Chimney Rock Public Power Dist,Political Subdivision,Y,NE,WACM,1974,1021,326,,3321,,,,,,,,,,,,,,,,1974.0,1021.0,326.0,0.0,3321.0,,,,,,,,,,,,,,,
2024,3498.0,Chippewa Valley Electric Coop,Cooperative,Y,WI,MISO,,,,,,7312,591,34,,7937,,,,,,,,,,,7312.0,591.0,34.0,0.0,7937.0,81671,20485,1175,,103331,,,,,,,,,,
2024,3502.0,"Choctawhatche Elec Coop, Inc",Cooperative,,FL,,0,0,0,0,0,58032,9406,2,0,67440,0,0,0,0,0,38,1,0,0,39,58070.0,9407.0,2.0,0.0,67479.0,707089,212504,15644,0,935237,57070,9407,2,0,66479,1030,0,0,0,1030
2024,3503.0,"Choptank Electric Cooperative, Inc",Cooperative,,MD,PJM,,,,,,50634,6127,216,,56977,,,,,,63,5,,,68,50697.0,6132.0,216.0,0.0,57045.0,675797,233894,122804,,1032495,50634,6127,216,,56977,,,,,
2024,3522.0,Chugach Electric Assn Inc,Cooperative,,AK,CEA,,7,,,7,99558,16264,5,,115827,,,,,,1,26,,,27,99559.0,16297.0,5.0,0.0,115861.0,595940,1049249,53338,,1698527,97048,16201,5,,113254,,,,,
2024,3525.0,Village of Churchville - (NY),Municipal,Y,NY,NYIS,1036,109,,,1145,,,,,,,,,,,,,,,,1036.0,109.0,0.0,0.0,1145.0,,,,,,,,,,,,,,,
2024,3527.0,Choctaw Electric Coop Inc,Cooperative,,OK,SWPP,,,,,,21483,315,,,21798,,,,,,,,2,,2,21483.0,315.0,2.0,0.0,21800.0,304160,110863,,,415023,21483,315,0,,21798,,,,,
2024,3535.0,City of Cimarron - (KS),Municipal,Y,KS,SWPP,931,177,0,,1108,0,0,0,,0,,,,,,,,,,,931.0,177.0,0.0,0.0,1108.0,0,0,0,,0,,,,,,,,,,
2024,3542.0,Duke Energy Ohio Inc,Investor Owned,,OH,PJM,55,2,0,,57,705124,66823,2912,,774859,,,,,,1722,1408,90,,3220,706901.0,68233.0,3002.0,0.0,778136.0,7447511,7446321,4341584,,19235416,262768,19962,295,,283025,,,,,
2024,3597.0,Citizens Electric Co - (PA),Investor Owned,,PA,PJM,,,,,,5963,1171,40,,7174,,,,,,,,,,,5963.0,1171.0,40.0,0.0,7174.0,81723,25889,43289,,150901,5963,1171,40,,7174,,,,,
2024,3600.0,Citizens Electric Corporation - (MO),Cooperative,,MO,MISO,0,0,0,0,0,24826,2817,120,0,27763,,,,,,,,7,,7,24826.0,2817.0,127.0,0.0,27770.0,292472,90081,116984,,499537,,,,,,,,,,
2024,3634.0,City of Nixa - (MO),Municipal,Y,MO,SWPP,7807,482,39,,8328,,,,,,,,,,,,,,,,7807.0,482.0,39.0,0.0,8328.0,,,,,,,,,,,,,,,
2024,3641.0,"Claiborne Electric Coop, Inc",Cooperative,,LA,MISO,,,,,,21437,2638,97,,24172,,,,,,1,,2,,3,21438.0,2638.0,99.0,0.0,24175.0,290216,80672,220973,,591861,,,,,,,,,,
2024,3644.0,PUD No 1 of Clallam County,Political Subdivision,,WA,BPAT,12092,1002,,,13094,18059,2091,1,,20151,,,,,,434,401,,,835,30585.0,3494.0,1.0,0.0,34080.0,271382,104144,19771,,395297,17137,1264,,,18401,,,,,
2024,3647.0,City of Claremore,Municipal,,OK,SWPP,,,,,,11709,1335,137,,13181,,,,,,57,,,,57,11766.0,1335.0,137.0,0.0,13238.0,126500,31396,116290,,274186,,,,,,,,,,
2024,3660.0,PUD No 1 of Clark County - (WA),Political Subdivision,,WA,BPAT,219461,16670,0,,236131,,,,,,,,,,,16,3719,30,,3765,219477.0,20389.0,30.0,0.0,239896.0,,,,,,,9,22,,31,0,0,0,,0
2024,3687.0,Clark Energy Coop Inc - (KY),Cooperative,,KY,PJM,,,,,,26203,2142,2,,28347,,,,,,,,,,,26203.0,2142.0,2.0,0.0,28347.0,328940,91902,13891,,434733,,,,,,,,,,
2024,3701.0,Clark Electric Coop - (WI),Cooperative,Y,WI,MISO,,,,,0,9554,142,,,9696,,,,,,,,,,,9554.0,142.0,0.0,0.0,9696.0,135099,77128,,,212227,,,,,,,,,,
2024,3702.0,Clarksdale Public Utilities,Municipal,Y,MS,MISO,,,,,,4967,1176,4,,6147,,,,,,,,,,,4967.0,1176.0,4.0,0.0,6147.0,55159,39300,11385,,105844,,,,,,,,,,
2024,3704.0,City of Clarksville - (TN),Municipal,,TN,TVA,0,0,0,0,0,75953,9358,3,0,85314,0,0,0,0,0,0,0,0,0,0,75953.0,9358.0,3.0,0.0,85314.0,1021858,575059,69522,0,1666439,75953,9358,0,0,85311,0,0,0,0,0
2024,3705.0,Clarksville Connected Utilities,Municipal,,AR,SWPP,3913,868,63,,4844,,,,,0,,,,,,42,0,0,,42,3955.0,868.0,63.0,0.0,4886.0,,,,,,,,,,,,,,,
2024,3712.0,Clay County Electric Coop Corp - (AR),Cooperative,,AR,MISO,,,,,,10523,2779,14,,13316,,,,,,,,,,,10523.0,2779.0,14.0,0.0,13316.0,111277,83420,92833,,287530,10523,2779,14,,13316,,,,,
2024,3712.0,Clay County Electric Coop Corp - (AR),Cooperative,,MO,MISO,,,,,,48,5,,,53,,,,,,,,,,,48.0,5.0,0.0,0.0,53.0,500,141,,,641,48,5,,,53,,,,,
2024,3716.0,Clay-Union Electric Corp,Cooperative,Y,SD,SWPP,3337,211,349,,3897,,,,,,,,,,,,,,,,3337.0,211.0,349.0,0.0,3897.0,,,,,,,,,,,,,,,
2024,3722.0,Clarke Electric Coop Inc - (IA),Cooperative,Y,IA,MISO,0,0,0,,0,5424,328,3,,5755,,,,,,,,,,,5424.0,328.0,3.0,0.0,5755.0,69838,33543,7353,,110734,,,,,,,,,,
2024,3726.0,Clay Electric Coop Inc - (IL),Cooperative,Y,IL,MISO,,,,,,2983,284,,,3267,,,,,,,,,,,2983.0,284.0,0.0,0.0,3267.0,36058,15047,,,51105,,,,,,,,,,
2024,3731.0,Town of Clayton - (NC),Municipal,Y,NC,CPLE,,,,,,8492,654,,,9146,,,,,,,,,,,8492.0,654.0,0.0,0.0,9146.0,87955,32471,,,120426,,,,,,,,,,
2024,3735.0,City of Colman - (SD),Municipal,Y,SD,SWPP,366,32,13,,411,,,,,,,,,,,,,,,,366.0,32.0,13.0,0.0,411.0,,,,,,,,,,,,,,,
2024,3739.0,Clearwater Power Company,Cooperative,Y,ID,AVA,,,,,0,9794,795,3,,10592,,,,,,,,,,,9794.0,795.0,3.0,0.0,10592.0,136161,28328,18634,,183123,,,,,,,,,,
2024,3739.0,Clearwater Power Company,Cooperative,Y,OR,BPAT,,,,,,145,32,0,,177,,,,,,,,,,,145.0,32.0,0.0,0.0,177.0,1363690,429891,0,,1793581,,,,,,,,,,
2024,3739.0,Clearwater Power Company,Cooperative,Y,WA,AVA,,,,,,902,154,1,,1057,,,,,,,,,,,902.0,154.0,1.0,0.0,1057.0,11164569,3576577,6597939,,21339085,,,,,,,,,,
2024,3755.0,Cleveland Electric Illum Co,Investor Owned,,OH,PJM,26810,1732,125,2,28669,270972,34059,508,7,305546,51,210,136,0,397,391834,49419,343,5,441601,689616.0,85210.0,976.0,14.0,775816.0,2172486,2742783,3694021,18900,8628190,269146,32215,433,1,301795,0,0,0,0,0
2024,3757.0,"Clay Electric Cooperative, Inc - (FL)",Cooperative,,FL,SEC,0,0,0,0,0,170896,22460,34,0,193390,,,,,,283,313,,,596,171179.0,22773.0,34.0,0.0,193986.0,2491478,712985,429338,0,3633801,,,,,,,,,,
2024,3758.0,City of Cleveland - (TN),Municipal,,TN,TVA,0,0,0,0,0,29331,4999,18,0,34348,0,0,0,0,0,0,0,0,0,0,29331.0,4999.0,18.0,0.0,34348.0,388347,376139,254629,0,1019115,29303,4996,18,0,34317,0,0,0,0,0
2024,3762.0,City of Cleveland - (OH),Municipal,,OH,PJM,64914,8729,23,,73666,0,0,0,,0,,,,,,,,,,,64914.0,8729.0,23.0,0.0,73666.0,,,,,,,,,,,,,,,
2024,3764.0,Clearwater-Polk Elec Coop Inc,Cooperative,Y,MN,MISO,,,,,,6464,295,,,6759,,,,,,,,,,,6464.0,295.0,0.0,0.0,6759.0,57438,10290,,,67728,,,,,,,,,,
2024,3774.0,City of Clewiston,Municipal,Y,FL,FPC,31,251,1,,283,3537,388,,,3925,,,,,,,,,,,3568.0,639.0,1.0,0.0,4208.0,52517,45603,,,98120,,,,,,,,,,
2024,3804.0,Clinton Combined Utility Sys,Municipal,Y,SC,DUK,200,100,,,300,3680,335,9,,4024,,,,,,,,,,,3880.0,435.0,9.0,0.0,4324.0,25233,21001,24724,,70958,,,,,,,,,,
2024,3806.0,"Clinton County Elec Coop, Inc",Cooperative,Y,IL,MISO,0,0,0,,0,5322,927,,,6249,,,,,,,,,,,5322.0,927.0,0.0,0.0,6249.0,75345,61829,,,137174,,,,,,,,,,
2024,3812.0,City of Clinton - (TN),Municipal,,TN,TVA,0,0,0,0,0,26230,5106,10,0,31346,0,0,0,0,0,0,0,0,0,0,26230.0,5106.0,10.0,0.0,31346.0,373990,183352,247931,0,805273,26230,5106,0,0,31336,1019,0,0,0,1019
2024,3813.0,Village of Clinton - (MI),Municipal,Y,MI,MISO,1287,181,20,,1488,,,,,,,,,,,,,,,,1287.0,181.0,20.0,0.0,1488.0,,,,,,,,,,,,,,,
2024,3814.0,City of Clintonville - (WI),Municipal,Y,WI,MISO,2378,464,25,,2867,,,,,,,,,,,,,,,,2378.0,464.0,25.0,0.0,2867.0,,,,,,,,,,,,,,,
2024,3824.0,Clyde Light & Power,Municipal,,OH,PJM,,,,,,,,,,,,,,,,2776,346,10,,3132,2776.0,346.0,10.0,0.0,3132.0,,,,,,,,,,,,,,,
2024,3828.0,Cloverland Electric Co-op,Cooperative,,MI,MISO,36124,9761,8,0,45893,0,0,0,0,0,0,0,0,0,0,0,24,0,0,24,36124.0,9785.0,8.0,0.0,45917.0,0,0,0,0,0,0,0,0,0,0,0,0,0,0,0
2024,3839.0,Coahoma Electric Power Assn,Cooperative,Y,MS,MISO,6104,2255,11,,8370,,,,,,,,,,,,,,,,6104.0,2255.0,11.0,0.0,8370.0,,,,,,,,,,,,,,,
2024,3841.0,Coast Electric Power Assn - (MS),Cooperative,,MS,SOCO,0,0,0,0,0,79804,8309,0,0,88113,0,0,0,0,0,8,0,7,0,15,79812.0,8309.0,7.0,0.0,88128.0,1227971,447918,0,0,1675889,80383,7730,0,0,88113,0,0,0,0,0
2024,3843.0,Coastal Electric Member Corp - (GA),Cooperative,,GA,SOCO,,,,,,20559,3414,5,,23978,,,,,,,,,,,20559.0,3414.0,5.0,0.0,23978.0,310505,86559,175213,,572277,20559,3414,5,,23978,,,,,
2024,3844.0,"Coastal Electric Coop, Inc - (SC)",Cooperative,Y,SC,SC,,,,,,11364,1404,11,,12779,,,,,,,,,,,11364.0,1404.0,11.0,0.0,12779.0,144845,21779,6638,,173262,,,,,,,,,,
2024,3850.0,"Codington-Clark Elec Coop, Inc",Cooperative,Y,SD,SWPP,,,,,,5370,292,,,5662,,,,,,,,,,,5370.0,292.0,0.0,0.0,5662.0,77992,84398,,,162390,,,,,,,,,,
2024,3855.0,Columbia Power System - (TN),Municipal,,TN,TVA,0,0,0,0,0,31166,5409,2,0,36577,0,0,0,0,0,0,0,0,0,0,31166.0,5409.0,2.0,0.0,36577.0,406984,316202,174592,0,897778,31166,5409,2,0,36577,0,0,0,0,0
2024,3881.0,City of Cody,Municipal,Y,WY,WACM,6116,1347,,,7463,,,,,,,,,,,,,,,,6116.0,1347.0,0.0,0.0,7463.0,,,,,,,,,,,,,,,
2024,3892.0,City of Coffeyville - (KS),Municipal,,KS,SWPP,,,,0,0,4723,1006,10,0,5739,,,,,,,,1,,1,4723.0,1006.0,11.0,0.0,5740.0,49147,60638,65334,,175119,,,,,,,,,,
2024,3900.0,City of Coggon - (IA),Municipal,Y,IA,MISO,321,59,0,,380,0,0,0,,0,,,,,,,,,,,321.0,59.0,0.0,0.0,380.0,,,,,,,,,,,,,,,
2024,3913.0,City of Colby - (KS),Municipal,Y,KS,SWPP,2356,626,203,,3185,,,,,,,,,,,,,,,,2356.0,626.0,203.0,0.0,3185.0,,,,,,,,,,,,,,,
2024,3915.0,Coldwater Board of Public Util,Municipal,,MI,MISO,0,0,0,0,0,6393,1369,67,0,7829,,,,,,,,,,,6393.0,1369.0,67.0,0.0,7829.0,44059,41953,389221,0,475233,6393,1369,67,,7829,0,0,0,0,0
2024,3916.0,Cobb Electric Membership Corp,Cooperative,,GA,SOCO,,,,,,200297,23451,63,,223811,,,,,,304,9,,,313,200601.0,23460.0,63.0,0.0,224124.0,2705826,1250223,144838,,4100887,200601,23460,63,,224124,,,,,
2024,3931.0,Coles-Moultrie Electric Coop,Cooperative,,IL,MISO,,,,,,12843,1163,13,,14019,0,0,0,,0,0,2,,,2,12843.0,1165.0,13.0,0.0,14021.0,113570,50185,35779,,199534,8456,1107,13,,9576,0,0,0,,0
2024,3938.0,"Coleman County Elec Coop, Inc",Cooperative,Y,TX,ERCO,,,,,,7703,1347,62,,9112,,,,,,,,,,,7703.0,1347.0,62.0,0.0,9112.0,65795,21764,164217,,251776,,,,,,,,,,
2024,3939.0,City of College Park - (GA),Municipal,,GA,SOCO,,,,,,7925,1008,,,8933,,,,,,,,,,,7925.0,1008.0,0.0,0.0,8933.0,77270,476181,,,553451,,,,,,,,,,
2024,3940.0,City of College Station - (TX),Municipal,,TX,ERCO,0,0,,,0,42353,4269,,,46622,0,0,,,0,0,8,,,8,42353.0,4277.0,0.0,0.0,46630.0,479801,456623,,,936424,42995,4054,,,47049,0,0,,,0
2024,3986.0,City of Collinsville - (OK),Municipal,Y,OK,SWPP,,,,,,3314,326,11,,3651,,,,,,,,,,,3314.0,326.0,11.0,0.0,3651.0,34779,13952,9912,,58643,,,,,,,,,,
2024,3989.0,City of Colorado Springs - (CO),Municipal,,CO,WACM,249,88,0,0,337,217052,42408,1538,0,260998,0,0,0,0,0,0,0,0,0,0,217301.0,42496.0,1538.0,0.0,261335.0,1650595,1224952,1862393,0,4737940,216771,42408,1503,0,260682,0,0,0,0,0
2024,3990.0,Colorado River Indian Irr Proj,Federal,Y,AZ,WALC,280,55,,,335,1267,268,,,1535,,,,,,,,,,,1547.0,323.0,0.0,0.0,1870.0,17127,30377,,,47504,,,,,,,,,,
2024,3990.0,Colorado River Indian Irr Proj,Federal,Y,CA,WALC,414,48,,,462,1286,101,,,1387,,,,,,,,,,,1700.0,149.0,0.0,0.0,1849.0,14241,2712,,,16953,,,,,,,,,,
2024,4003.0,City of Colton - (CA),Municipal,,CA,CISO,5874,811,131,,6816,10433,1066,114,,11613,0,0,0,,0,1165,436,34,,1635,17472.0,2313.0,279.0,0.0,20064.0,65915,38670,60324,,164909,,,,,,,,,,
2024,4005.0,"Columbia Basin Elec Cooperative, Inc",Cooperative,Y,OR,BPAT,1467,204,0,,1671,2888,446,13,,3347,,,,,,,,,,,4355.0,650.0,13.0,0.0,5018.0,28973,21063,17067,,67103,,,,,,,,,,
2024,4007.0,City of Columbia City - (IN),Municipal,Y,IN,PJM,0,,,,0,5008,,,,5008,,,,,,,,,,,5008.0,0.0,0.0,0.0,5008.0,95959,,,,95959,,,,,,,,,,
2024,4040.0,Calhoun County Elec Coop Assn,Cooperative,Y,IA,MISO,,,,,,1638,23,,,1661,,,,,,,,,,,1638.0,23.0,0.0,0.0,1661.0,29318,6137,,,35455,,,,,,,,,,
2024,4041.0,"Columbia Rural Elec Assn, Inc",Cooperative,,OR,BPAT,,,,,,44,24,61,,129,,,,,,,,,,,44.0,24.0,61.0,0.0,129.0,873,94,5121,,6088,44,24,61,,129,,,,,
2024,4041.0,"Columbia Rural Elec Assn, Inc",Cooperative,,WA,BPAT,,,,,,4339,1668,520,,6527,,,,,,,,,,,4339.0,1668.0,520.0,0.0,6527.0,59980,81835,228253,,370068,4339,1668,520,,6527,,,,,
2024,4045.0,City of Columbia - (MO),Municipal,,MO,MISO,45664,8025,132,,53821,,,,,,,,,,,7,,,,7,45671.0,8025.0,132.0,0.0,53828.0,,,,,,,,,,,,,,,
2024,4063.0,Co-Mo Electric Coop Inc,Cooperative,,MO,AECI,,,,,0,31119,2279,1,,33399,,,,,,,,,,,31119.0,2279.0,1.0,0.0,33399.0,399938,66541,11275,,477754,31119,2279,1,,33399,,,,,
2024,4065.0,City of Columbus - (OH),Municipal,,OH,PJM,4012,35,0,0,4047,3476,483,54,0,4013,0,0,0,0,0,7709,2968,485,0,11162,15197.0,3486.0,539.0,0.0,19222.0,23449,15656,64254,0,103359,0,0,0,0,0,0,0,0,0,0
2024,4068.0,City of Columbus - (MS),Municipal,,MS,TVA,0,0,0,0,0,8842,3722,4,0,12568,0,0,0,0,0,0,0,0,0,0,8842.0,3722.0,4.0,0.0,12568.0,120690,204942,37207,0,362839,0,0,0,0,0,0,0,0,0,0
2024,4071.0,"Columbus Electric Coop, Inc",Cooperative,Y,AZ,PNM,,,,,,456,60,6,,522,,,,,,,,,,,456.0,60.0,6.0,0.0,522.0,3019,587,1697,,5303,,,,,,,,,,
2024,4071.0,"Columbus Electric Coop, Inc",Cooperative,Y,NM,PNM,,,,,,3822,1145,71,,5038,,,,,,,,,,,3822.0,1145.0,71.0,0.0,5038.0,27850,44192,31571,,103613,,,,,,,,,,
2024,4073.0,City of Columbus - (WI),Municipal,,WI,MISO,0,0,0,0,0,2480,449,3,0,2932,,,,,,1,4,0,0,5,2481.0,453.0,3.0,0.0,2937.0,19092,24225,31988,0,75305,2459,444,3,0,2906,,,,,
2024,4078.0,City of Comanche - (OK),Municipal,Y,OK,SWPP,,,,,,674,127,5,,806,,,,,,,,,,,674.0,127.0,5.0,0.0,806.0,7734,2996,1561,,12291,,,,,,,,,,
2024,4110.0,Commonwealth Edison Co,Investor Owned,,IL,PJM,0,0,0,0,0,3862787,443721,16346,163,4323017,3862787,443721,16346,163,4323017,3977,62,0,0,4039,3866764.0,443783.0,16346.0,163.0,4327056.0,26931078,28970475,26761301,412036,83074890,,,,,,389841,,,,389841
2024,4117.0,Community Electric Coop,Cooperative,Y,VA,PJM,0,0,0,,0,9919,2044,5,,11968,,,,,,,,,,,9919.0,2044.0,5.0,0.0,11968.0,172627,25556,6765,,204948,,,,,,,,,,
2024,4146.0,Concho Valley Elec Coop Inc,Cooperative,,TX,ERCO,0,0,0,0,0,12064,2213,1841,0,16118,,,,,,,,,,,12064.0,2213.0,1841.0,0.0,16118.0,136295,25895,434321,0,596511,12060,2213,1841,0,16114,0,0,0,0,0
2024,4147.0,Town of Concord - (MA),Municipal,Y,MA,ISNE,298,218,,,516,7424,537,,,7961,,,,,,,,,,,7722.0,755.0,0.0,0.0,8477.0,144063,10420,,,154483,,,,,,,,,,
2024,4150.0,City of Concord - (NC),Municipal,,NC,DUK,317,108,5,,430,29540,4217,55,,33812,,,,,,,,,,,29857.0,4325.0,60.0,0.0,34242.0,357228,424490,154868,,936586,,,,,,,,,,
2024,4153.0,"Concordia Electric Coop, Inc",Cooperative,,LA,MISO,,,,,,11797,1722,183,,13702,,,,,,,,,,,11797.0,1722.0,183.0,0.0,13702.0,135202,45798,9389,,190389,,,,,,,,,,
2024,4160.0,Callaway Electric Cooperative,Cooperative,,MO,AECI,,,,,,12647,883,,,13530,,,,,,,,,,,12647.0,883.0,0.0,0.0,13530.0,175061,49865,,,224926,,,,,,,,,,
2024,4176.0,Connecticut Light & Power Co,Investor Owned,,CT,ISNE,1207537,115090,3217,2,1325846,,,,,,,,,,,,,,,,1207537.0,115090.0,3217.0,2.0,1325846.0,,,,,,,25,22,,47,23308,2,1,,23311
2024,4226.0,Consolidated Edison Co-NY Inc,Investor Owned,,NY,NYIS,5977,2632,,2,8611,3105328,599842,,19,3705189,,,,,,18169,7710,10324,,36203,3129474.0,610184.0,10324.0,21.0,3750003.0,13599197,27659596,,111363,41370156,,,,,,,,,,
2024,4237.0,Consolidated Electric Coop,Cooperative,,MO,AECI,,,,,0,7649,579,87,,8315,,,,,,,,,,,7649.0,579.0,87.0,0.0,8315.0,115909,29945,84733,,230587,7649,579,87,,8315,,,,,
2024,4247.0,Consolidated Water Power Co,Investor Owned,,WI,MISO,0,9,41,0,50,81,19,0,0,100,0,0,0,0,0,0,4,0,0,4,81.0,32.0,41.0,0.0,154.0,629,716,0,0,1345,0,0,0,0,0,0,0,0,0,0
2024,4254.0,Consumers Energy Co - (MI),Investor Owned,,MI,MISO,,,,,0,1660920,233245,148,,1894313,,,,,,8661,3654,1345,,13660,1669581.0,236899.0,1493.0,0.0,1907973.0,12460258,7346404,84819,,19891481,1657843,235287,1362,,1894492,154472,608,,,155080
2024,4262.0,Cooke County Elec Coop Assn,Cooperative,,TX,ERCO,,,,,0,15866,2105,6,,17977,,,,,0,,,,,0,15866.0,2105.0,6.0,0.0,17977.0,220350,126177,51431,,397958,15886,2105,,,17991,,,,,0
2024,4265.0,Continental Divide El Coop Inc,Cooperative,,NM,PNM,11409,2995,,,14404,8923,,,,8923,8923,,,,8923,50,0,5,,55,20382.0,2995.0,5.0,0.0,23382.0,8923,,,,8923,,,,,,,,,,
2024,4280.0,Conway Corporation,Municipal,,AR,MISO,,,,,,30979,3161,100,,34240,,,,,,,,,,,30979.0,3161.0,100.0,0.0,34240.0,366220,257739,277336,,901295,,,,,,,,,,
2024,4294.0,City of Cookeville - (TN),Municipal,,TN,TVA,0,0,0,0,0,69,42,1,0,112,0,0,0,0,0,15877,3795,3,0,19675,15946.0,3837.0,4.0,0.0,19787.0,357.43,44601.06,22477.11,0,67435.59,0,0,0,0,0,0,0,0,0,0
2024,4295.0,Comanche County Elec Coop Assn,Cooperative,,TX,ERCO,,,,,0,7359,10698,95,,18152,,,,,,,,,,,7359.0,10698.0,95.0,0.0,18152.0,100698,430743,46226,,577667,7359,10698,95,,18152,,,,,
2024,4296.0,"Cookson Hills Elec Coop, Inc",Cooperative,,OK,AECI,,,,,,17551,1390,112,,19053,,,,,,,,,,,17551.0,1390.0,112.0,0.0,19053.0,243938,35111,37394,,316443,17551,1390,112,,19053,,,,,
2024,4304.0,City of Corwith - (IA),Municipal,Y,IA,MISO,140,53,0,,193,,,,,0,,,,,,,,,,,140.0,53.0,0.0,0.0,193.0,,,,,0,,,,,,,,,,
2024,4317.0,"Coos-Curry Electric Coop, Inc",Cooperative,,OR,BPAT,,,,,0,15806,2218,430,,18454,,,,,,,,,,,15806.0,2218.0,430.0,0.0,18454.0,180123,90035,56649,,326807,13768,1690,262,,15720,,,,,
2024,4327.0,Coosa Valley Electric Coop Inc,Cooperative,,AL,SOCO,,,,,,15612,2693,124,,18429,,,,,,,,,,,15612.0,2693.0,124.0,0.0,18429.0,227025,31744,66365,,325134,,,,,,,,,,
2024,4329.0,"Copper Valley Elec Assn, Inc",Cooperative,Y,AK,NA,,,,,,3136,877,,,4013,,,,,,,,,,,3136.0,877.0,0.0,0.0,4013.0,15973,67745,,,83718,,,,,,,,,,
2024,4346.0,Cooperative L&P Assn Lake County,Cooperative,Y,MN,MISO,,,,,,7355,598,1,,7954,,,,,,,,,,,7355.0,598.0,1.0,0.0,7954.0,56613,17768,21539,,95920,,,,,,,,,,
2024,4356.0,Colorado River Comm of Nevada,State,,NV,NEVP,,,,,0,,14,,,14,,,,,,,,,,,0.0,14.0,0.0,0.0,14.0,,757910,,,757910,,,,,0,,,,,
2024,4362.0,Corn Belt Energy Corporation,Cooperative,,IL,MISO,34683,2497,3,,37183,,,,,,,,,,,,,,,,34683.0,2497.0,3.0,0.0,37183.0,,,,,,,,,,,,,,,
2024,4365.0,Town of Cornelius - (NC),Municipal,Y,NC,DUK,3474,535,0,,4009,,,,,,,,,,,,,,,,3474.0,535.0,0.0,0.0,4009.0,,,,,,,,,,,,,,,
2024,4369.0,City of Cornell,Municipal,Y,WI,MISO,490,61,2,,553,,,,,,,,,,,,,,,,490.0,61.0,2.0,0.0,553.0,,,,,,,,,,,,,,,
2024,4373.0,Cornhusker Public Power Dist,Political Subdivision,,NE,SWPP,7331,544,2454,0,10329,0,0,0,0,0,0,0,0,0,0,54,13,9,0,76,7385.0,557.0,2463.0,0.0,10405.0,0,0,0,0,0,0,0,0,0,0,0,0,0,0,0
2024,4375.0,City of Corning - (IA),Municipal,Y,IA,MISO,847,296,0,,1143,0,0,0,,0,,,,,,,,,,,847.0,296.0,0.0,0.0,1143.0,0,0,0,,0,,,,,,,,,,
2024,4390.0,City of Corona - (CA),Municipal,,CA,CISO,1279,548,9,,1836,,,,,,,,,,,,,,,,1279.0,548.0,9.0,0.0,1836.0,,,,,,,,,,,,,,,
2024,4401.0,"Cotton Electric Coop, Inc",Cooperative,,OK,SWPP,0,0,0,0,0,19696,4019,29,0,23744,,,,,,,,,,,19696.0,4019.0,29.0,0.0,23744.0,308793,205491,348631,0,862915,19696,4019,29,0,23744,0,0,0,0,0
2024,4414.0,City of Coulee Dam - (WA),Municipal,Y,WA,BPAT,535,67,,,602,,,,,,,,,,,,,,,,535.0,67.0,0.0,0.0,602.0,,,,,,,,,,,,,,,
2024,4429.0,City of Covington - (IN),Municipal,Y,IN,MISO,1482,168,22,,1672,,,,,,,,,,,,,,,,1482.0,168.0,22.0,0.0,1672.0,,,,,,,,,,,,,,,
2024,4430.0,"Covington Electric Coop, Inc",Cooperative,,AL,SOCO,,,,,,23281,1394,8,,24683,,,,,,,,,,,23281.0,1394.0,8.0,0.0,24683.0,316974,65311,23724,,406009,23281,1394,8,,24683,2539,,,,2539
2024,4432.0,Coweta-Fayette El Member Corp,Cooperative,,GA,SOCO,0,0,0,,0,83001,6631,62,0,89694,0,0,0,0,0,0,0,0,0,0,83001.0,6631.0,62.0,0.0,89694.0,1229803,318998,180387,0,1729188,83001,6631,62,,89694,0,0,0,0,0
2024,4433.0,City of Covington - (GA),Municipal,,GA,SOCO,,,,,,,,,,,,,,,,12459,2008,9,,14476,12459.0,2008.0,9.0,0.0,14476.0,,,,,,,,,,,,,,,
2024,4437.0,City of Covington - (TN),Municipal,,TN,TVA,0,0,0,0,0,0,0,0,0,0,0,0,0,0,0,3727,983,3,0,4713,3727.0,983.0,3.0,0.0,4713.0,0,0,0,0,0,0,0,0,0,0,0,0,0,0,0
2024,4442.0,PUD No 1 of Cowlitz County,Political Subdivision,,WA,BPAT,,,,,,48343,5636,32,,54011,,,,,,38,,,,38,48381.0,5636.0,32.0,0.0,54049.0,768514,378239,2991042,,4137795,29856,3812,24,,33692,,,,,
2024,4459.0,Cozad Board of Public Works,Municipal,Y,NE,SWPP,2099,386,68,,2553,,,,,,,,,,,,,,,,2099.0,386.0,68.0,0.0,2553.0,,,,,,,,,,,,,,,
2024,4471.0,Craig-Botetourt Electric Coop,Cooperative,Y,VA,PJM,,,,,,6508,446,,,6954,,,,,,,,,,,6508.0,446.0,0.0,0.0,6954.0,69055,10823,,,79878,,,,,,,,,,
2024,4471.0,Craig-Botetourt Electric Coop,Cooperative,Y,WV,PJM,,,,,,431,62,,,493,,,,,,,,,,,431.0,62.0,0.0,0.0,493.0,2670,462,,,3132,,,,,,,,,,
2024,4508.0,"Crawfordsville Elec, Lgt & Pwr",Municipal,,IN,MISO,1998,,,,1998,6696,1474,89,,8259,,,,,,,,,,,8694.0,1474.0,89.0,0.0,10257.0,65302,38468,250942,,354712,,,27,,27,,,,,0
2024,4509.0,Craighead Electric Coop Corp,Cooperative,,AR,MISO,25326,6243,1236,,32805,,,,,0,,,,,,,,,,,25326.0,6243.0,1236.0,0.0,32805.0,,,,,0,,,,,,,,,,
2024,4524.0,"Crawford Electric Coop, Inc",Cooperative,,MO,AECI,,,,,,19775,1752,3,,21530,,,,,,,,,,,19775.0,1752.0,3.0,0.0,21530.0,262433,49209,3301,,314943,19775,1752,3,,21530,,,,,
2024,4527.0,City of Crete,Municipal,Y,NE,SWPP,,,3,,3,,,,,,,,,,,,,,,,0.0,0.0,3.0,0.0,3.0,,,,,,,,,,,,,,,
2024,4538.0,Crisp County Power Comm,Political Subdivision,,GA,SOCO,,,,,0,9196,2814,50,,12060,,,,,,,25,4,,29,9196.0,2839.0,54.0,0.0,12089.0,139593,107482,102762,,349837,9196,2814,50,,12060,,,,,
2024,4562.0,City of Croswell - (MI),Municipal,Y,MI,MISO,,,,,,1079,189,,,1268,,,,,,,,,,,1079.0,189.0,0.0,0.0,1268.0,7737,6777,,,14514,,,,,,,,,,
2024,4577.0,Crow Wing Cooperative Power & Light Comp,Cooperative,,MN,MISO,,,,,,58615,3095,228,,61938,,,,,,,,,,,58615.0,3095.0,228.0,0.0,61938.0,433747,142396,108623,,684766,39565,1476,87,,41128,6714,210,84,,7008
2024,4604.0,City of Crystal Falls,Municipal,,MI,MISO,0,0,0,0,0,1393,296,,0,1689,,,,,,0,0,0,0,0,1393.0,296.0,0.0,0.0,1689.0,7342,8993,0,0,16335,1330,273,0,0,1603,,,,,
2024,4607.0,City of Cuba City,Municipal,,WI,MISO,979,154,0,0,1133,0,0,0,0,0,,,,,,0,1,0,0,1,979.0,155.0,0.0,0.0,1134.0,0,0,0,0,0,0,0,0,0,0,,,,,
2024,4608.0,City of Cuba - (MO),Municipal,Y,MO,AECI,1609,268,16,,1893,,,,,,,,,,,,,,,,1609.0,268.0,16.0,0.0,1893.0,,,,,,,,,,,,,,,
2024,4610.0,City of Cuero - (TX),Municipal,Y,TX,ERCO,,,,,0,3305,623,5,,3933,,,,,,,,,,,3305.0,623.0,5.0,0.0,3933.0,44486,41682,9767,,95935,,,,,,,,,,
2024,4617.0,Cullman Power Board,Municipal,,AL,TVA,0,0,0,0,0,7049,2026,3,0,9078,0,0,0,0,0,0,0,0,0,0,7049.0,2026.0,3.0,0.0,9078.0,90546,164614,19807,0,274967,7049,2026,3,0,9078,0,0,0,0,0
2024,4618.0,"Cullman Electric Coop, Inc",Cooperative,,AL,TVA,0,0,0,0,0,39779,8619,14,0,48412,0,0,0,0,0,0,0,0,0,0,39779.0,8619.0,14.0,0.0,48412.0,591417,244981,274103,0,1110501,39771,8470,13,0,48254,0,0,0,0,0
2024,4619.0,Town of Culpeper- (VA),Municipal,Y,VA,PJM,4912,928,15,,5855,,,,,,,,,,,,,,,,4912.0,928.0,15.0,0.0,5855.0,,,,,,,,,,,,,,,
2024,4622.0,"Cumberland Valley Electric, Inc.",Cooperative,,KY,PJM,,,,,0,22478,1627,77,,24182,,,,,,,,,,,22478.0,1627.0,77.0,0.0,24182.0,292418,143506,82738,,518662,22478,1627,77,,24182,203,,,,203
2024,4622.0,"Cumberland Valley Electric, Inc.",Cooperative,,TN,PJM,,,,,,78,,,,78,,,,,,,,,,,78.0,0.0,0.0,0.0,78.0,734,,,,734,78,,,,78,,,,,
2024,4624.0,Cumberland Elec Member Corp,Cooperative,,TN,TVA,0,0,0,0,0,100585,11899,28,0,112512,0,0,0,0,0,0,0,0,0,0,100585.0,11899.0,28.0,0.0,112512.0,1643858,565206,670899,0,2879963,100585,11899,28,0,112512,0,0,0,0,0
2024,4632.0,Cuming County Public Pwr Dist,Political Subdivision,Y,NE,SWPP,,,,,,2817,386,717,,3920,,,,,,,,,,,2817.0,386.0,717.0,0.0,3920.0,48003,20179,32509,,100691,,,,,,,,,,
2024,4661.0,City of Curtis - (NE),Municipal,Y,NE,SWPP,513,210,0,,723,,,,,,,,,,,,,,,,513.0,210.0,0.0,0.0,723.0,,,,,,,,,,,,,,,
2024,4671.0,Custer Public Power District,Political Subdivision,,NE,SWPP,0,0,0,0,0,4707,1277,5062,0,11046,,,,,,,,,,,4707.0,1277.0,5062.0,0.0,11046.0,74178,51368,107359,0,232905,,,,,,,,,,
2024,4675.0,Cuivre River Electric Coop Inc,Cooperative,,MO,AECI,0,0,0,0,0,72974,1346,233,0,74553,0,0,0,0,0,0,0,0,0,0,72974.0,1346.0,233.0,0.0,74553.0,1108303,50072,236182,0,1394557,72974,1346,233,0,74553,0,0,0,0,0
2024,4683.0,City of Cuyahoga Falls - (OH),Municipal,,OH,PJM,24241,2235,199,0,26675,,,,,,,,,,,108,0,0,0,108,24349.0,2235.0,199.0,0.0,26783.0,,,,,,,,,,,,,,,
2024,4704.0,"DS&O Electric Cooperative, Inc.",Cooperative,Y,KS,SWPP,,,,,,7301,1213,3,,8517,,,,,,,,,,,7301.0,1213.0,3.0,0.0,8517.0,91208,32555,10611,,134374,,,,,,,,,,
2024,4715.0,Dahlberg Light & Power Co,Investor Owned,,WI,MISO,,,,,,,,,,,,,,,,10939,1272,33,0,12244,10939.0,1272.0,33.0,0.0,12244.0,,,,,,0,,,,0,,,,,
2024,4717.0,Dakota Valley Elec Coop Inc,Cooperative,,ND,MISO,5759,489,741,0,6989,,,,,,,,,,,,,,,,5759.0,489.0,741.0,0.0,6989.0,,,,,,,,,,,2720,84,95,0,2899
2024,4720.0,Dakota Energy Coop Inc,Cooperative,,SD,WACM,,,,,,3224,406,8,,3638,,,,,,,,,,,3224.0,406.0,8.0,0.0,3638.0,62251,47095,154215,,263561,3224,406,8,,3638,,,,,
2024,4739.0,Town of Dallas - (NC),Municipal,Y,NC,DUK,3379,459,9,,3847,,,,,,,,,,,,,,,,3379.0,459.0,9.0,0.0,3847.0,,,,,,,,,,,,,,,
2024,4743.0,"Consumers Power, Inc",Cooperative,,OR,BPAT,,,,,0,18751,4496,522,,23769,,,,,,,,,,,18751.0,4496.0,522.0,0.0,23769.0,264443,104148,42198,,410789,18751,4496,522,,23769,,,,,
2024,4744.0,Dalton Utilities,Municipal,,GA,SOCO,13482,4316,224,,18022,,,,,,,,,,,,,,,,13482.0,4316.0,224.0,0.0,18022.0,,,,,,,,,,,,,,,
2024,4791.0,City of Danville - (IA),Municipal,Y,IA,MISO,382,48,0,,430,0,0,0,,0,,,,,,,,,,,382.0,48.0,0.0,0.0,430.0,0,0,0,,0,,,,,,,,,,
2024,4794.0,City of Danville - (VA),Municipal,,VA,PJM,0,0,0,,0,38539,5319,35,,43893,0,0,0,,0,1,3,1,,5,38540.0,5322.0,36.0,0.0,43898.0,450788,282355,236945,,970088,37780,5171,28,,42979,0,0,0,,0
2024,4796.0,"Darke Rural Electric Coop, Inc",Cooperative,Y,OH,PJM,,,,,,4921,239,1,,5161,,,,,,,,,,,4921.0,239.0,1.0,0.0,5161.0,82839,43702,1782,,128323,,,,,,,,,,
2024,4799.0,Darlington Light & Power Co,Municipal,Y,IN,MISO,583,101,,,684,,,,,,,,,,,,,,,,583.0,101.0,0.0,0.0,684.0,,,,,,,,,,,,,,,
2024,4836.0,City of David City,Municipal,Y,NE,SWPP,,,,,,1254,243,25,,1522,,,,,,,,,,,1254.0,243.0,25.0,0.0,1522.0,14736,6720,13594,,35050,,,,,,,,,,
2024,4848.0,Daviess Martin County R E M C,Cooperative,,IN,MISO,0,0,0,0,0,8276,559,3,0,8838,0,0,0,0,0,0,0,0,0,0,8276.0,559.0,3.0,0.0,8838.0,121109,31743,251524,0,404376,7975,551,3,0,8529,484,0,0,0,484
2024,4911.0,Dawson Power District,Political Subdivision,,NE,SWPP,,,,,,16076,1523,5858,,23457,,,,,,4,,,,4,16080.0,1523.0,5858.0,0.0,23461.0,245239,71276,234786,,551301,,,,,,,,,,
2024,4919.0,City of Dayton - (IA),Municipal,Y,IA,MISO,455,7,0,,462,,,,,,,,,,,,,,,,455.0,7.0,0.0,0.0,462.0,,,,,,,,,,,,,,,
2024,4920.0,City of Dayton - (TN),Municipal,,TN,TVA,0,0,0,0,0,9053,2356,5,0,11414,0,0,0,0,0,0,0,0,0,0,9053.0,2356.0,5.0,0.0,11414.0,116633,91097,91526,0,299256,9053,2356,5,0,11414,0,0,0,0,0
2024,4922.0,Dayton Power & Light Co,Investor Owned,,OH,PJM,76107,3921,8,,80036,398210,42065,1016,1,441292,,,,,,7122,14593,659,9,22383,481439.0,60579.0,1683.0,10.0,543711.0,4377244,3406397,2183361,307,9967309,,,,,,,,,,
2024,4939.0,"Deaf Smith Electric Coop, Inc",Cooperative,,TX,SWPP,,,,,0,5333,1522,8457,,15312,,,,,,,,,,,5333.0,1522.0,8457.0,0.0,15312.0,55734,150741,600401,,806876,5333,1522,8457,,15312,,,,,
2024,4958.0,Decatur Utilities,Municipal,,AL,TVA,0,0,0,0,0,22820,4104,11,0,26935,0,0,0,0,0,0,0,0,0,0,22820.0,4104.0,11.0,0.0,26935.0,320833,304667,532532,0,1158032,22820,4104,11,0,26935,0,0,0,0,0
2024,4960.0,Decatur County Rural E M C,Cooperative,,IN,MISO,,,,,,8088,213,6,,8307,,,,,,,,,,,8088.0,213.0,6.0,0.0,8307.0,113442,37182,200436,,351060,8088,213,6,,8307,,,,,
2024,4975.0,Deep East Texas Elec Coop Inc,Cooperative,,TX,MISO,,,,,,40379,4847,25,,45251,,,,,,,,,,,40379.0,4847.0,25.0,0.0,45251.0,483986,203246,136951,,824183,,,,,,,,,,
2024,5015.0,Delano Municipal Utilities,Municipal,Y,MN,MISO,0,0,0,,0,2681,172,88,,2941,,,,,,,,,,,2681.0,172.0,88.0,0.0,2941.0,21992,5780,38114,,65886,,,,,,,,,,
2024,5021.0,Delaware County Elec Coop Inc,Cooperative,Y,NY,NYIS,23,,,,23,5434,67,2,,5503,,,,,,,,,,,5457.0,67.0,2.0,0.0,5526.0,47,6,25,,78,,,,,,,,,,
2024,5027.0,Delmarva Power,Investor Owned,,DE,PJM,0,25,0,,25,304029,38214,109,,342352,,,,,,15,3,0,,18,304044.0,38242.0,109.0,0.0,342395.0,3465217,3569298,998464,,8032979,,,,,,262638,16380,,,279018
2024,5027.0,Delmarva Power,Investor Owned,,MD,PJM,0,,,,0,187825,29479,83,,217387,,,,,,654,15,0,,669,188479.0,29494.0,83.0,0.0,218056.0,2320276,1805340,348811,,4474427,,,,,,35083,1020,,,36103
2024,5036.0,City of Delta - (CO),Municipal,Y,CO,WACM,2575,657,0,,3232,433,41,0,,474,,,,,,,,,,,3008.0,698.0,0.0,0.0,3706.0,6272,1716,0,,7988,,,,,,,,,,
2024,5056.0,City of Denison - (IA),Municipal,Y,IA,SWPP,2801,735,71,,3607,,,,,,,,,,,,,,,,2801.0,735.0,71.0,0.0,3607.0,,,,,,,,,,,,,,,
2024,5063.0,City of Denton - (TX),Municipal,,TX,ERCO,,,,,0,60967,7516,190,,68673,,,,,,13,,,,13,60980.0,7516.0,190.0,0.0,68686.0,706692,351061,614906,,1672659,,,,,,,,,,
2024,5070.0,Delaware Electric Cooperative,Cooperative,,DE,PJM,0,0,0,0,0,104812,13486,317,0,118615,0,0,0,0,0,27,2,0,0,29,104839.0,13488.0,317.0,0.0,118644.0,1297141,260292,4692,0,1562125,104785,13486,317,0,118588,1150,4084,0,0,5234
2024,5078.0,"Denton County Elec Coop, Inc",Cooperative,,TX,ERCO,,,,,,298661,22046,2940,,323647,,,,,,73,4,59,,136,298734.0,22050.0,2999.0,0.0,323783.0,4306345,652775,1344499,,6303619,,,,,,,,,,
2024,5086.0,Delta Montrose Electric Assn,Cooperative,,CO,WACM,,,,,,32575,4053,265,,36893,,,,,,,,,,,32575.0,4053.0,265.0,0.0,36893.0,280040,143282,118410,,541732,,,,,,,,,,
2024,5096.0,Village of Deshler - (OH),Municipal,Y,OH,PJM,0,0,0,,0,811,149,12,,972,,,,,,,,,,,811.0,149.0,12.0,0.0,972.0,8167,2176,3854,,14197,,,,,,,,,,
2024,5109.0,DTE Electric Company,Investor Owned,,MI,MISO,,,,,0,2378580,216145,1500,6,2596231,,,,,,7565,103,14,,7682,2386145.0,216248.0,1514.0,6.0,2603913.0,15034080,16185290,8554762,5478,39779610,,,,,,,,,,
2024,5111.0,City of Detroit Lakes - (MN),Municipal,Y,MN,MISO,,,,,,6496,1535,109,,8140,,,,,,,,,,,6496.0,1535.0,109.0,0.0,8140.0,67586,34619,78939,,181144,,,,,,,,,,
2024,5148.0,City of Dickson,Municipal,,TN,TVA,0,0,0,0,0,30808,8154,20,0,38982,0,0,0,0,0,0,0,0,0,0,30808.0,8154.0,20.0,0.0,38982.0,455401,252454,140180,0,848035,30808,8154,20,0,38982,0,0,0,0,0
2024,5154.0,City of Dighton - (KS),Municipal,Y,KS,SWPP,707,127,,,834,,,,,,,,,,,,,,,,707.0,127.0,0.0,0.0,834.0,,,,,,,,,,,,,,,
2024,5155.0,City of Dike,Municipal,Y,IA,MISO,443,50,0,,493,,,,,,,,,,,,,,,,443.0,50.0,0.0,0.0,493.0,,,,,,,,,,,,,,,
2024,5175.0,Dixie Electric Power Assn - (MS),Cooperative,,MS,MISO,,,,,,37803,3657,23,,41483,,,,,,,,,,,37803.0,3657.0,23.0,0.0,41483.0,546187,197875,91800,,835862,37803,3657,23,,41483,,,,,
2024,5202.0,Dixie Electric Membership Corp - (LA),Cooperative,,LA,MISO,18484,0,0,0,18484,92191,7906,539,0,100636,0,0,0,0,0,0,0,0,0,0,110675.0,7906.0,539.0,0.0,119120.0,1409561,211980,282790,0,1904331,110675,7906,539,0,119120,0,0,0,0,0
2024,5204.0,Dixie Electric Coop - (AL),Cooperative,,AL,SOCO,,,,,,22053,4686,34,,26773,,,,,,1,11,,,12,22054.0,4697.0,34.0,0.0,26785.0,311920,187150,100948,,600018,,,,,,,,,,
2024,5309.0,City of Dothan - (AL),Municipal,,AL,SOCO,0,0,0,0,0,26747,5414,9,0,32170,0,0,0,0,0,5,0,0,0,5,26752.0,5414.0,9.0,0.0,32175.0,377200,404400,166069,0,947669,26747,5414,6,0,32167,0,0,0,0,0
2024,5325.0,City of Douglas,Municipal,,GA,SOCO,82,4,4,,90,4042,1800,,,5842,,,,,,,,,,,4124.0,1804.0,4.0,0.0,5932.0,56929,276987,,,333916,,,,,,,,,,
2024,5326.0,PUD No 1 of Douglas County,Political Subdivision,,WA,DOPD,19715,1992,536,,22243,,,,,,,,,,,,,,,,19715.0,1992.0,536.0,0.0,22243.0,,,,,,,,,,,,,,,
2024,5327.0,Douglas Electric Coop - (OR),Cooperative,Y,OR,BPAT,0,0,0,,0,9819,715,12,,10546,,,,,,,,,,,9819.0,715.0,12.0,0.0,10546.0,128748,1691,4977,,135416,,,,,,,,,,
2024,5328.0,"Douglas Electric Coop, Inc",Cooperative,Y,SD,SWPP,726,94,,,820,,,,,,,,,,,,,,,,726.0,94.0,0.0,0.0,820.0,,,,,,,,,,,,,,,
2024,5334.0,"Doniphan Elec Coop Assn, Inc",Cooperative,Y,KS,SWPP,,,,,,1402,186,4,,1592,,,,,,,,,,,1402.0,186.0,4.0,0.0,1592.0,14906,2884,281,,18071,,,,,,,,,,
2024,5335.0,City of Dover - (DE),Municipal,,DE,PJM,21601,3485,40,,25126,,,,,,,,,,,,,,,,21601.0,3485.0,40.0,0.0,25126.0,,,,,,,,,,,,,,,
2024,5336.0,City of Dover - (OH),Municipal,,OH,PJM,122,9,,,131,4284,788,102,,5174,,,,,,1391,151,,,1542,5797.0,948.0,102.0,0.0,6847.0,22740,16928,99699,,139367,,,,,,,,,,
2024,5343.0,City of Dowagiac,Municipal,Y,MI,PJM,2238,806,29,,3073,,,,,,,,,,,,,,,,2238.0,806.0,29.0,0.0,3073.0,,,,,,,,,,,,,,,
2024,5354.0,City of Drain - (OR),Municipal,Y,OR,BPAT,344,73,12,,429,317,24,2,,343,,,,,,,,,,,661.0,97.0,14.0,0.0,772.0,5222,191,6,,5419,,,,,,,,,,
2024,5394.0,Dubois Rural Electric Coop Inc,Cooperative,,IN,MISO,,,,,,13417,982,93,,14492,,,,,,2,,,,2,13419.0,982.0,93.0,0.0,14494.0,168138,19641,102774,,290553,13417,982,93,,14492,551,,,,551
2024,5399.0,Duck River Elec Member Corp,Cooperative,,TN,TVA,0,0,0,0,0,71342,13828,15,0,85185,0,0,0,0,0,0,0,0,0,0,71342.0,13828.0,15.0,0.0,85185.0,1154607,525914,282324,0,1962845,71219,13823,11,0,85053,0,0,0,0,0
2024,5402.0,City of Due West - (SC),Municipal,Y,SC,DUK,400,88,,,488,,,,,,,,,,,,,,,,400.0,88.0,0.0,0.0,488.0,,,,,,,,,,,,,,,
2024,5416.0,"Duke Energy Carolinas, LLC",Investor Owned,,NC,DUK,7262,1576,7,,8845,1949863,306408,5223,30,2261524,,,,,,1931,269,14,,2214,1959056.0,308253.0,5244.0,30.0,2272583.0,22362081,23954099,11718362,12388,58046930,1919372,309224,4446,1,2233043,,,,,
2024,5416.0,"Duke Energy Carolinas, LLC",Investor Owned,,SC,DUK,251,125,2,,378,586399,104377,1883,,692659,,,,,,1365,44,3,,1412,588015.0,104546.0,1888.0,0.0,694449.0,7029845,6027208,8089402,,21146455,568586,103936,1500,,674022,,,,,
2024,5417.0,Dunn County Electric Coop,Cooperative,,WI,MISO,,,,,0,9482,1108,6,,10596,,,,,,,,,,,9482.0,1108.0,6.0,0.0,10596.0,106993,50910,52495,,210398,9482,1108,6,,10596,3527,390,,,3917
2024,5429.0,City of Duncan - (OK),Municipal,Y,OK,SWPP,,,,,0,7410,1440,52,,8902,,,,,,,,,,,7410.0,1440.0,52.0,0.0,8902.0,86409,56882,27364,,170655,,,,,,,,,,
2024,5438.0,"Duncan Valley Elec Coop, Inc",Cooperative,Y,AZ,WALC,1906,287,,,2193,,,,,,,,,,,,,,,,1906.0,287.0,0.0,0.0,2193.0,,,,,,,,,,,,,,,
2024,5438.0,"Duncan Valley Elec Coop, Inc",Cooperative,Y,NM,WALC,245,30,,,275,,,,,0,,,,,,,,,,,245.0,30.0,0.0,0.0,275.0,,,,,,,,,,,,,,,
2024,5442.0,Borough of Duncannon - (PA),Municipal,Y,PA,PJM,233,36,,,269,,,,,,,,,,,,,,,,233.0,36.0,0.0,0.0,269.0,,,,,,,,,,,,,,,
2024,5480.0,Town of Danvers,Municipal,,MA,ISNE,11581,1546,349,,13476,,,,,0,,,,,,13,3,0,,16,11594.0,1549.0,349.0,0.0,13492.0,,,,,,,,,,,,,,,
2024,5487.0,Duquesne Light Co,Investor Owned,,PA,PJM,4,43,2,,49,550380,62327,1380,13,614100,,,,,,60,,,,60,550444.0,62370.0,1382.0,13.0,614209.0,4029736,4916467,2457581,13660,11417444,,,,,,,,,,
2024,5509.0,City of Dyersburg,Municipal,,TN,TVA,0,0,0,0,0,9475,2590,10,0,12075,0,0,0,0,0,0,0,0,0,0,9475.0,2590.0,10.0,0.0,12075.0,129756,138532,104658,0,372946,9475,2590,10,0,12075,0,0,0,0,0
2024,5529.0,City of Durant - (IA),Municipal,Y,IA,MISO,794,121,33,,948,,,,,,,,,,,,,,,,794.0,121.0,33.0,0.0,948.0,,,,,,,,,,,,,,,
2024,5531.0,Enerstar Power Corp,Cooperative,Y,IL,MISO,5190,103,,,5293,,,,,,,,,,,,,,,,5190.0,103.0,0.0,0.0,5293.0,,,,,,,,,,,,,,,
2024,5535.0,Egyptian Electric Coop Assn,Cooperative,,IL,MISO,13707,1758,,,15465,,,,,,,,,,,,,,,,13707.0,1758.0,0.0,0.0,15465.0,,,,,,,,,,,,,,,
2024,5551.0,City of Eagle River - (WI),Municipal,,WI,MISO,0,0,0,0,0,1061,534,0,0,1595,,,,,,0,0,0,0,0,1061.0,534.0,0.0,0.0,1595.0,6024,23076,0,0,29100,1055,531,0,0,1586,,,,,
2024,5574.0,East Central Energy,Cooperative,,MN,MISO,0,0,0,0,0,55203,6584,183,0,61970,,,,,,47,5,1,0,53,55250.0,6589.0,184.0,0.0,62023.0,543046,261297,102895,0,907238,,,,,,,,,,
2024,5574.0,East Central Energy,Cooperative,,WI,MISO,0,0,0,0,0,5181,388,0,0,5569,,,,,,1,0,0,0,1,5182.0,388.0,0.0,0.0,5570.0,46409,6613,0,0,53022,,,,,,,,,,
2024,5575.0,City of East Grand Forks - (MN),Municipal,Y,MN,MISO,,,,,,3932,557,5,,4494,,,,,,,,,,,3932.0,557.0,5.0,0.0,4494.0,37149,34315,89570,,161034,,,,,,,,,,
2024,5578.0,East Mississippi Elec Pwr Assn,Cooperative,,MS,TVA,0,0,0,0,0,9885,3351,0,0,13236,0,0,0,0,0,0,0,0,0,0,9885.0,3351.0,0.0,0.0,13236.0,126541,91099,0,0,217640,9885,3351,0,0,13236,0,0,0,0,0
2024,5582.0,City of East Point - (GA),Municipal,,GA,SOCO,16365,1507,,,17872,,,,,,,,,,,,,,,,16365.0,1507.0,0.0,0.0,17872.0,,,,,,,,,,,,,,,
2024,5585.0,Eastern Illinois Elec Coop,Cooperative,,IL,MISO,,0,,,0,11115,2370,14,,13499,,,,,,,,,,,11115.0,2370.0,14.0,0.0,13499.0,165027,51770,19230,,236027,,,,,,,,,,
2024,5588.0,East-Central Iowa Rural Elec Coop,Cooperative,,IA,MISO,,,,,0,7368,1850,6,,9224,,,,,,,,,,,7368.0,1850.0,6.0,0.0,9224.0,119049,58457,36964,,214470,7368,1850,6,,9224,,,,,
2024,5598.0,East Central Oklahoma Elec Coop Inc,Cooperative,,OK,AECI,,,,,,33358,4080,,,37438,,,,,,,1,,,1,33358.0,4081.0,0.0,0.0,37439.0,456285,203551,,,659836,33358,4080,,,37438,,,,,
2024,5605.0,Eastern Iowa Light & Power Coop,Cooperative,,IA,MISO,,,,,,20749,3304,17,,24070,,,,,,,,,,,20749.0,3304.0,17.0,0.0,24070.0,282367,77757,204507,,564631,,,,,,,,,,
2024,5609.0,Eastern Maine Electric Coop,Cooperative,,ME,NBSO,69,12,0,0,81,10734,2412,30,0,13176,,,,,,0,0,0,0,0,10803.0,2424.0,30.0,0.0,13257.0,64840,23263,13908,0,102011,10734,2412,30,0,13176,,,,,
2024,5625.0,Easton Utilities Comm,Municipal,,MD,PJM,8514,2399,,,10913,,,,,,,,,,,76,1,,,77,8590.0,2400.0,0.0,0.0,10990.0,,,,,,,,,,,,,,,
2024,5630.0,City of Eaton Rapids - (MI),Municipal,Y,MI,MISO,,,,,0,2938,260,11,,3209,,,,,,,,,,,2938.0,260.0,11.0,0.0,3209.0,17622,24961,45483,,88066,,,,,,,,,,
2024,5632.0,Eau Claire Electric Coop,Cooperative,Y,WI,MISO,10,0,0,,10,13285,858,10,,14153,,,,,,,,,,,13295.0,858.0,10.0,0.0,14163.0,137956,43171,22938,,204065,,,,,,,,,,
2024,5644.0,"Edisto Electric Coop, Inc",Cooperative,,SC,SC,,,,,,15421,5863,33,,21317,,,,,,,,,,,15421.0,5863.0,33.0,0.0,21317.0,225535,56887,101092,,383514,,,,,,,,,,
2024,5655.0,Edinburgh Municipal Utilities,Municipal,Y,IN,MISO,281,237,9,,527,2265,73,23,,2361,,,,,,,,,,,2546.0,310.0,32.0,0.0,2888.0,20773,6853,37334,,64960,,,,,,,,,,
2024,5656.0,Edgecombe-Martin County E M C,Cooperative,,NC,PJM,,,,,0,10716,1089,13,,11818,,,,,,,,,,,10716.0,1089.0,13.0,0.0,11818.0,146098,43033,19724,,208855,,,,,,,,,,
2024,5661.0,City of Edmond - (OK),Municipal,,OK,SWPP,,,,,,38717,5352,,,44069,,,,,,,,,,0,38717.0,5352.0,0.0,0.0,44069.0,536722,389655,,,926377,39532,4929,,,44461,,,,,
2024,5692.0,City of Eitzen - (MN),Municipal,Y,MN,MISO,,,,,0,175,19,5,,199,,,,,,,,,,,175.0,19.0,5.0,0.0,199.0,1352,301,312,,1965,,,,,,,,,,
2024,5701.0,El Paso Electric Co,Investor Owned,,NM,EPE,4500,783,6,0,5289,105390,13112,78,0,118580,,,,,,10,66,26,,102,109900.0,13961.0,110.0,0.0,123971.0,636954,376502,79802,,1093258,,,,,,,,,,
2024,5701.0,El Paso Electric Co,Investor Owned,,TX,EPE,44677,4411,20,,49108,287049,35875,248,,323172,,,,,,31,766,81,,878,331757.0,41052.0,349.0,0.0,373158.0,1562882,1021810,976146,,3560838,,,,,,,,,,
2024,5729.0,Electrical Dist No8 Maricopa,Political Subdivision,,AZ,AZPS,,,,,,,,,,,,,,,,,,695,,695,0.0,0.0,695.0,0.0,695.0,,,,,,,,,,,,,,,
2024,5730.0,City of Elberton,Municipal,Y,GA,SOCO,2811,1052,3,,3866,677,,,,677,,,,,,,,,,,3488.0,1052.0,3.0,0.0,4543.0,677,,,,677,,,,,,,,,,
2024,5732.0,City of Elbow Lake - (MN),Municipal,Y,MN,MISO,647,162,,,809,,,,,0,,,,,,,,,,,647.0,162.0,0.0,0.0,809.0,,,,,,,,,,,,,,,
2024,5742.0,Eldridge City Utilities,Municipal,Y,IA,MISO,2541,201,11,,2753,,,,,,,,,,,,,,,,2541.0,201.0,11.0,0.0,2753.0,,,,,,,,,,,,,,,
2024,5744.0,City of Electra - (TX),Municipal,Y,TX,SWPP,,,,,,1018,183,,,1201,,,,,,,,,,,1018.0,183.0,0.0,0.0,1201.0,12905,6600,,,19505,,,,,,,,,,
2024,5760.0,City of Elizabeth City - (NC),Municipal,,NC,CPLE,2,21,,,23,11364,2109,,,13473,,,,,,,,,,,11366.0,2130.0,0.0,0.0,13496.0,152058,131707,,,283765,,,,,,,,,,
2024,5763.0,City of Elizabethton - (TN),Municipal,,TN,TVA,0,0,0,0,0,23344,3707,2,0,27053,0,0,0,0,0,0,0,0,0,0,23344.0,3707.0,2.0,0.0,27053.0,317055,162229,33605,0,512889,0,0,0,0,0,0,0,0,0,0
2024,5771.0,City of Elk Point,Municipal,Y,SD,SWPP,844,190,12,,1046,,,,,,,,,,,,,,,,844.0,190.0,12.0,0.0,1046.0,,,,,,,,,,,,,,,
2024,5773.0,City of Elk River,Municipal,,MN,MISO,6830,1365,230,,8425,4946,95,0,,5041,,,,,,,,,,,11776.0,1460.0,230.0,0.0,13466.0,4975,414,0,,5389,,,,,,,,,,
2024,5777.0,City of Elkhorn - (WI),Municipal,Y,WI,MISO,9,85,11,,105,4192,730,19,,4941,,,,,,,,,,,4201.0,815.0,30.0,0.0,5046.0,31048,30322,29334,,90704,,,,,,,,,,
2024,5780.0,Elkhorn Rural Public Pwr Dist,Political Subdivision,,NE,SWPP,,,,,,6146,778,3297,,10221,,,,,,0,3,7,,10,6146.0,781.0,3304.0,0.0,10231.0,105401,39037,124590,,269028,6146,778,3297,,10221,,,1641,,1641
2024,5794.0,Town of Elkton,Municipal,Y,VA,PJM,931,198,,,1129,,,,,,,,,,,,,,,,931.0,198.0,0.0,0.0,1129.0,,,,,,,,,,,,,,,
2024,5802.0,City of Ellinwood - (KS),Municipal,Y,KS,SWPP,,,,,,1053,164,,,1217,,,,,,,,,,,1053.0,164.0,0.0,0.0,1217.0,8954,5989,,,14943,,,,,,,,,,
2024,5828.0,Borough of Ellwood City - (PA),Municipal,Y,PA,PJM,3532,474,8,,4014,,,,,,,,,,,,,,,,3532.0,474.0,8.0,0.0,4014.0,,,,,,,,,,,,,,,
2024,5832.0,Elmhurst Mutual Power & Light Co,Cooperative,,WA,BPAT,12349,617,,,12966,3061,168,,,3229,,,,,,,,,,,15410.0,785.0,0.0,0.0,16195.0,39781,1046,,,40827,,,,,,,,,,
2024,5834.0,City of Elroy - (WI),Municipal,Y,WI,MISO,665,132,2,,799,,,,,,,,,,,,,,,,665.0,132.0,2.0,0.0,799.0,,,,,,,,,,,,,,,
2024,5841.0,City of Ely - (MN),Municipal,Y,MN,MISO,,,,,,1959,420,20,,2399,,,,,,,,,,,1959.0,420.0,20.0,0.0,2399.0,19416,16828,2942,,39186,,,,,,,,,,
2024,5850.0,City of Emerson - (NE),Municipal,Y,NE,SWPP,,,,,,393,42,,,435,,,,,,,,,,,393.0,42.0,0.0,0.0,435.0,6206,63,,,6269,,,,,,,,,,
2024,5860.0,Empire District Electric Co,Investor Owned,,AR,SWPP,,,,,0,4917,853,10,,5780,,,,,,13,6,,,19,4930.0,859.0,10.0,0.0,5799.0,54185,33659,76102,,163946,,,,,,,,,,
2024,5860.0,Empire District Electric Co,Investor Owned,,KS,SWPP,,,,,,8395,1495,43,,9933,,,,,,17,4,6,,27,8412.0,1499.0,49.0,0.0,9960.0,103007,56197,57689,,216893,,,,,,,,,,
2024,5860.0,Empire District Electric Co,Investor Owned,,MO,SWPP,,,,,,144785,25516,250,,170551,,,,,,252,49,23,,324,145037.0,25565.0,273.0,0.0,170875.0,1754794,1565407,847678,,4167879,,,,,,,,,,
2024,5860.0,Empire District Electric Co,Investor Owned,,OK,SWPP,,,,,,3893,985,9,,4887,,,,,,8,3,1,,12,3901.0,988.0,10.0,0.0,4899.0,48507,39311,67089,,154907,,,,,,,,,,
2024,5862.0,"Empire Electric Assn, Inc",Cooperative,,CO,WACM,,,,,0,12886,2823,135,,15844,,,,,,13,1,3,,17,12899.0,2824.0,138.0,0.0,15861.0,109164,98231,1955,,209350,12886,2823,135,,15844,,,,,
2024,5862.0,"Empire Electric Assn, Inc",Cooperative,,UT,WACM,,,,,,946,351,5,,1302,,,,,,0,1,0,,1,946.0,352.0,5.0,0.0,1303.0,7608,9580,15,,17203,946,351,5,,1302,,,,,
2024,5875.0,Village of Endicott - (NY),Municipal,Y,NY,NYIS,,,,,,2785,264,42,,3091,,,,,,,,,,,2785.0,264.0,42.0,0.0,3091.0,26993,11051,11622,,49666,,,,,,,,,,
2024,5896.0,Town of Enfield - (NC),Municipal,Y,NC,PJM,1020,223,,,1243,,,,,,,,,,,,,,,,1020.0,223.0,0.0,0.0,1243.0,,,,,,,,,,,,,,,
2024,5905.0,Excelsior Electric Member Corp,Cooperative,,GA,SOCO,0,0,0,,0,23422,1611,412,,25445,0,0,0,,0,0,0,0,,0,23422.0,1611.0,412.0,0.0,25445.0,333979,183285,30314,,547578,,,,,,,,226,,226
2024,5919.0,City of Enterprise - (KS),Municipal,Y,KS,SWPP,376,49,6,,431,0,0,0,,0,,,,,,,,,,,376.0,49.0,6.0,0.0,431.0,,,,,,,,,,,,,,,
2024,5929.0,"Fairfield Electric Coop, Inc",Cooperative,,SC,SC,32397,1818,17,,34232,,,,,,,,,,,,,,,,32397.0,1818.0,17.0,0.0,34232.0,,,,,,,,,,,,,,,
2024,5930.0,Village of Fairport - (NY),Municipal,,NY,NYIS,16423,1602,11,0,18036,,,,,,,,,,,,,,,,16423.0,1602.0,11.0,0.0,18036.0,,,,,,,,,,,,,,,
2024,5932.0,City of Ephraim - (UT),Municipal,Y,UT,PACE,,,,,,2342,329,9,,2680,,,,,,,,,,,2342.0,329.0,9.0,0.0,2680.0,15248,19945,1612,,36805,,,,,,,,,,
2024,5935.0,Borough of Ephrata - (PA),Municipal,Y,PA,PJM,,,,,,5899,822,15,,6736,,,,,,,,,,,5899.0,822.0,15.0,0.0,6736.0,68284,66300,3809,,138393,,,,,,,,,,
2024,5957.0,City of Erie - (KS),Municipal,Y,KS,SWPP,0,0,0,,0,472,159,2,,633,,,,,,,,,,,472.0,159.0,2.0,0.0,633.0,4377,4889,1,,9267,,,,,,,,,,
2024,5961.0,Town of Erwin - (TN),Municipal,,TN,TVA,0,0,0,0,0,7618,1387,3,0,9008,0,0,0,0,0,0,0,0,0,0,7618.0,1387.0,3.0,0.0,9008.0,92620,53274,46257,0,192151,7618,1387,3,0,9008,0,0,0,0,0
2024,5964.0,"Escambia River Elec Coop, Inc",Cooperative,,FL,SOCO,,,,,,11914,1310,,,13224,,,,,,,4,,,4,11914.0,1314.0,0.0,0.0,13228.0,179918,44595,,,224513,,,,,,,,,,
2024,5969.0,City of Escondido - (CA),Municipal,,CA,CISO,,,,,,,,,,,,,,,,,1,,,1,0.0,1.0,0.0,0.0,1.0,,,,,,,,,,,,,,,
2024,5997.0,Town of Estes Park,Municipal,Y,CO,PSCO,495,135,,,630,7953,2597,,,10550,,,,,,,,,,,8448.0,2732.0,0.0,0.0,11180.0,59416,72089,,,131505,,,,,,,,,,
2024,6008.0,City of Etowah,Municipal,,TN,TVA,0,0,0,0,0,4443,916,1,0,5360,0,0,0,0,0,0,0,0,0,0,4443.0,916.0,1.0,0.0,5360.0,60613,27440,72728,0,160781,0,0,0,0,0,0,0,0,0,0
2024,6019.0,City of Eudora - (KS),Municipal,Y,KS,SWPP,,,,,,2495,183,1,,2679,,,,,,,,,,,2495.0,183.0,1.0,0.0,2679.0,24807,11280,4355,,40442,,,,,,,,,,
2024,6022.0,City of Eugene - (OR),Municipal,,OR,BPAT,0,0,0,0,0,87170,9176,7,0,96353,0,0,0,0,0,2412,0,1174,0,3586,89582.0,9176.0,1181.0,0.0,99939.0,789762,735446,473605,0,1998813,0,0,0,0,0,0,0,0,0,0
2024,6043.0,City of Evansville,Municipal,,WI,MISO,,,,,0,3589,649,2,,4240,,,,,,,,,,0,3589.0,649.0,2.0,0.0,4240.0,28402,27375,9282,,65059,3806,659,2,,4467,,,,,
2024,6052.0,City of Evergreen - (AL),Municipal,Y,AL,SOCO,,,,,0,1454,344,3,,1801,,,,,,,,,,,1454.0,344.0,3.0,0.0,1801.0,16977,24166,8193,,49336,,,,,,,,,,
2024,6112.0,"Farmers Electric Coop, Inc - (IA)",Cooperative,Y,IA,MISO,,,,,0,5726,180,4,,5910,,,,,,,,,,,5726.0,180.0,4.0,0.0,5910.0,64091,14855,44937,,123883,,,,,,,,,,
2024,6127.0,City of Fairbank - (IA),Municipal,Y,IA,MISO,505,82,,,587,,,,,,,,,,,,,,,,505.0,82.0,0.0,0.0,587.0,,,,,,,,,,,,,,,
2024,6130.0,City of Fairburn - (GA),Municipal,Y,GA,SOCO,3051,437,,,3488,,,,,,,,,,,,,,,,3051.0,437.0,0.0,0.0,3488.0,,,,,,,,,,,,,,,
2024,6132.0,City of Fairbury,Municipal,Y,NE,SWPP,3007,576,8,,3591,,,,,,,,,,,,,,,,3007.0,576.0,8.0,0.0,3591.0,,,,,,,,,,,,,,,
2024,6138.0,City of Fairfax - (MN),Municipal,Y,MN,MISO,596,154,4,,754,,,,,,,,,,,,,,,,596.0,154.0,4.0,0.0,754.0,,,,,,,,,,,,,,,
2024,6141.0,City of Fairfield- (IL),Municipal,Y,IL,MISO,,,,,,2690,569,0,,3259,,,,,,,,,,,2690.0,569.0,0.0,0.0,3259.0,29672,28426,0,,58098,,,,,,,,,,
2024,6145.0,City of Fairhope - (AL),Municipal,Y,AL,SOCO,5282,888,83,,6253,716,13,5,,734,,,,,,,,,,,5998.0,901.0,88.0,0.0,6987.0,6511,442,48,,7001,,,,,,,,,,
2024,6149.0,City of Ellensburg - (WA),Municipal,,WA,BPAT,8796,1361,9,,10166,,,,,,,,,,,3,9,,,12,8799.0,1370.0,9.0,0.0,10178.0,,,,,,,,,,,,,,,
2024,6151.0,Fairmont Public Utilities Comm,Municipal,Y,MN,MISO,20,13,0,,33,4756,844,242,,5842,,,,,,,,,,,4776.0,857.0,242.0,0.0,5875.0,35932,48871,53749,,138552,,,,,,,,,,
2024,6152.0,City of Fairview - (OK),Municipal,Y,OK,SWPP,,,,,0,1344,423,22,,1789,,,,,,,,,,,1344.0,423.0,22.0,0.0,1789.0,15503,15759,91,,31353,,,,,,,,,,
2024,6154.0,Fairview City Corporation,Municipal,Y,UT,PACE,865,79,2,,946,,,,,,,,,,,,,,,,865.0,79.0,2.0,0.0,946.0,,,,,,,,,,,,,,,
2024,6168.0,Farmers Electric Coop - (IA),Cooperative,Y,IA,MISO,873,29,,,902,,,,,,,,,,,,,,,,873.0,29.0,0.0,0.0,902.0,,,,,,,,,,,,,,,
2024,6169.0,Fall River Rural Elec Coop Inc,Cooperative,,ID,BPAT,,,,,0,15433,2792,,,18225,,,,,,,,,,,15433.0,2792.0,0.0,0.0,18225.0,215953,118799,,,334752,15433,2792,,,18225,,,,,
2024,6169.0,Fall River Rural Elec Coop Inc,Cooperative,,MT,BPAT,,,,,0,1508,572,,,2080,,,,,,,,,,,1508.0,572.0,0.0,0.0,2080.0,18145,34105,,,52250,1508,572,,,2080,,,,,
2024,6169.0,Fall River Rural Elec Coop Inc,Cooperative,,WY,BPAT,,,,,,341,67,,,408,,,,,,,,,,,341.0,67.0,0.0,0.0,408.0,9330,7134,,,16464,341,67,,,408,,,,,
2024,6172.0,City of Fallon - (NV),Municipal,Y,NV,NEVP,1049,112,,,1161,2778,354,,,3132,,,,,,,,,,,3827.0,466.0,0.0,0.0,4293.0,22263,33395,,,55658,,,,,,,,,,
2024,6173.0,Fannin County Electric Coop,Cooperative,,TX,ERCO,,,,,0,11712,429,31,,12172,,,,,,,,,,,11712.0,429.0,31.0,0.0,12172.0,163036,59069,460,,222565,11712,429,31,,12172,,,,,
2024,6175.0,City of Falls City - (NE),Municipal,Y,NE,SWPP,2101,542,5,,2648,,,,,,,,,,,,,,,,2101.0,542.0,5.0,0.0,2648.0,,,,,,,,,,,,,,,
2024,6178.0,City of Falmouth - (KY),Municipal,Y,KY,LGEE,873,178,3,,1054,,,,,,,,,,,,,,,,873.0,178.0,3.0,0.0,1054.0,,,,,,,,,,,,,,,
2024,6181.0,"Farmers Electric Coop, Inc - (MO)",Cooperative,,MO,AECI,,,,,,12451,1181,9,,13641,,,,,,,,,,,12451.0,1181.0,9.0,0.0,13641.0,162047,40227,76136,,278410,12451,1181,9,,13641,,,,,
2024,6182.0,"Farmers Electric Coop, Inc - (TX)",Cooperative,,TX,ERCO,,,,,,86445,9620,32,,96097,86437,9616,23,,96076,46,6448,0,,6494,86491.0,16068.0,32.0,0.0,102591.0,1248625,251090,186864,,1686579,84006,9620,23,,93649,,,,,
2024,6183.0,"Fayette Electric Coop, Inc",Cooperative,,TX,ERCO,14150,2057,,,16207,,,,,,,,,,,,7,16,,23,14150.0,2064.0,16.0,0.0,16230.0,,,,,,,,,,,,,,,
2024,6192.0,City of Farmer City - (IL),Municipal,Y,IL,MISO,956,130,39,,1125,,,,,,,,,,,,,,,,956.0,130.0,39.0,0.0,1125.0,,,,,,,,,,,,,,,
2024,6194.0,Farmers Rural Electric Coop Corp - (KY),Cooperative,,KY,PJM,,,,,,24887,1991,2,,26880,,,,,,2,15,4,,21,24889.0,2006.0,6.0,0.0,26901.0,292519,77105,18064,,387688,24887,1991,2,,26880,1281,,,,1281
2024,6198.0,"Farmers Electric Coop, Inc - (NM)",Cooperative,,NM,SWPP,10221,1882,1526,,13629,,,,,,,,,,,37,0,6,,43,10258.0,1882.0,1532.0,0.0,13672.0,,,,,,,,,,,,,,,
2024,6203.0,City of Farmersville - (TX),Municipal,Y,TX,ERCO,,,,,,1274,303,16,,1593,,,,,,,,,,,1274.0,303.0,16.0,0.0,1593.0,15568,11979,3208,,30755,,,,,,,,,,
2024,6204.0,City of Farmington - (NM),Municipal,,NM,WACM,18437,2995,7,0,21439,0,,,,0,,,,,,17553,6115,0,0,23668,35990.0,9110.0,7.0,0.0,45107.0,0,,,,0,,,,,,,,,,
2024,6205.0,City of Farmington - (MO),Municipal,,MO,MISO,6543,871,34,,7448,,,,,,,,,,,707,99,146,,952,7250.0,970.0,180.0,0.0,8400.0,,,,,,,,,,,,,,,
2024,6206.0,Farmers Electric Coop Corp - (AR),Cooperative,Y,AR,MISO,,,,,,4661,,,,4661,,,,,,,,,,,4661.0,0.0,0.0,0.0,4661.0,80695,,,,80695,,,,,,,,,,
2024,6209.0,Town of Farmville - (NC),Municipal,Y,NC,CPLE,,,,,0,2603,496,,,3099,,,,,,,,,,,2603.0,496.0,0.0,0.0,3099.0,30087,16822,,,46909,,,,,,,,,,
2024,6210.0,City of Farnhamville - (IA),Municipal,Y,IA,MISO,243,54,,,297,,,,,,,,,,,,,,,,243.0,54.0,0.0,0.0,297.0,,,,,,,,,,,,,,,
2024,6234.0,City of Fayetteville,Municipal,,TN,TVA,0,0,0,0,0,16667,2793,5,0,19465,0,0,0,0,0,0,0,0,0,0,16667.0,2793.0,5.0,0.0,19465.0,254558,125196,95041,0,474795,16667,2793,5,0,19465,0,0,0,0,0
2024,6235.0,Fayetteville Public Works Commission,Municipal,,NC,CPLE,,,,,,75987,9426,22,,85435,,,,,,,,,,,75987.0,9426.0,22.0,0.0,85435.0,885025,694522,364666,,1944213,,,,,,,,,,
2024,6258.0,Federated Rural Electric Assn,Cooperative,,IA,MISO,,,,,0,53,,4,,57,,,,,,,,,,,53.0,0.0,4.0,0.0,57.0,829,,98,,927,,,,,,,,,,
2024,6258.0,Federated Rural Electric Assn,Cooperative,,MN,MISO,,,,,,5727,1255,4,,6986,,,,,,,,,,,5727.0,1255.0,4.0,0.0,6986.0,83557,71286,274396,,429239,,,4,,4,,,,,
2024,6272.0,"FEM Electric Assn, Inc",Cooperative,Y,SD,SWPP,0,0,0,,0,1830,334,5,,2169,,,,,,,,,,,1830.0,334.0,5.0,0.0,2169.0,34110,43275,89057,,166442,,,,,,,,,,
2024,6274.0,City of Fennimore - (WI),Municipal,Y,WI,MISO,,,,,,1291,265,48,,1604,,,,,,,,,,,1291.0,265.0,48.0,0.0,1604.0,9758,4635,11274,,25667,,,,,,,,,,
2024,6276.0,Town of Ferdinand - (IN),Municipal,Y,IN,MISO,708,87,69,,864,21,15,8,,44,,,,,,,,,,,729.0,102.0,77.0,0.0,908.0,13,7,57,,77,,,,,,,,,,
2024,6297.0,PUD No 1 of Ferry County,Political Subdivision,Y,WA,BPAT,0,0,0,,0,1355,347,23,,1725,,,,,,,,,,,1355.0,347.0,23.0,0.0,1725.0,8239,4499,24832,,37570,,,,,,,,,,
2024,6316.0,Fillmore City Corporation,Municipal,Y,UT,PACE,,,,,,1047,259,8,,1314,,,,,,,,,,,1047.0,259.0,8.0,0.0,1314.0,9312,14429,13301,,37042,,,,,,,,,,
2024,6335.0,"Firelands Electric Coop, Inc",Cooperative,Y,OH,PJM,,,,,0,8731,528,,,9259,,,,,,,,,,,8731.0,528.0,0.0,0.0,9259.0,121644,25324,,,146968,,,,,,,,,,
2024,6342.0,First Electric Coop Corp,Cooperative,,AR,MISO,,,,,,95175,7003,1779,,103957,,,,,,,,3,,3,95175.0,7003.0,1782.0,0.0,103960.0,1332404,225602,186585,,1744591,95175,7003,1781,,103959,5907,,473,,6380
2024,6369.0,Fishers Island Utility Co Inc,Investor Owned,,NY,ISNE,0,0,0,0,0,0,0,0,0,0,0,0,0,0,0,657,113,0,0,770,657.0,113.0,0.0,0.0,770.0,0,0,0,0,0,0,0,0,0,0,0,0,0,0,0
2024,6374.0,Fitchburg Gas & Elec Light Co,Investor Owned,,MA,ISNE,,1,,,1,27893,4268,30,,32191,,,,,,,,,,,27893.0,4269.0,30.0,0.0,32192.0,164121,94604,177234,,435959,,,,,,,,,,
2024,6380.0,Fitzgerald Wtr Lgt & Bond Comm,Municipal,Y,GA,SOCO,,,,,0,625,10,,,635,,,,,,,,,,,625.0,10.0,0.0,0.0,635.0,20556,329,,,20885,,,,,,,,,,
2024,6390.0,City of Flandreau,Municipal,Y,SD,MISO,,,,,,1300,112,,,1412,,,,,,,,,,,1300.0,112.0,0.0,0.0,1412.0,19165,12981,,,32146,,,,,,,,,,
2024,6395.0,Flathead Electric Coop Inc,Cooperative,,MT,BPAT,296,83,,,379,63021,12485,97,,75603,,,,,,,,,,,63317.0,12568.0,97.0,0.0,75982.0,911034,480818,219676,,1611528,63021,12485,97,,75603,,,,,
2024,6411.0,Flint Electric Membership Corp,Cooperative,,GA,SOCO,,,,,,83739,12181,787,,96707,,,,,,,,,,,83739.0,12181.0,787.0,0.0,96707.0,1267066,515721,193993,,1976780,83739,12181,787,,96707,,,,,
2024,6417.0,City of Flora - (IL),Municipal,Y,IL,MISO,0,0,0,,0,2275,403,16,,2694,,,,,,,,,,,2275.0,403.0,16.0,0.0,2694.0,21981,18944,61857,,102782,,,,,,,,,,
2024,6422.0,City of Florence - (AL),Municipal,,AL,TVA,27284,10325,0,0,37609,14310,362,8,0,14680,0,0,0,0,0,0,0,0,0,0,41594.0,10687.0,8.0,0.0,52289.0,31762,25940,117919,0,175621,14310,362,0,0,14672,0,0,0,0,0
2024,6424.0,Florence Utility Comm,Municipal,,WI,MISO,471,0,0,0,471,996,220,0,0,1216,,,,,,10,0,0,0,10,1477.0,220.0,0.0,0.0,1697.0,2881,5552,0,0,8433,996,193,0,0,1189,,,,,
2024,6425.0,Flora Utilities,Municipal,Y,IN,PJM,,,,,0,1075,148,46,,1269,,,,,,,,,,,1075.0,148.0,46.0,0.0,1269.0,4630,1349,1383,,7362,,,,,,,,,,
2024,6427.0,City of Floresville,Municipal,,TX,ERCO,,,,,,15788,2118,0,0,17906,,,,,,9,,,,9,15797.0,2118.0,0.0,0.0,17915.0,245853,129723,,,375576,,,,,,,,,,
2024,6431.0,"Flint Hills Rural E C A, Inc",Cooperative,Y,KS,SWPP,,,,,0,5865,759,33,,6657,,,,,,,,,,,5865.0,759.0,33.0,0.0,6657.0,55495,26072,1168,,82735,,,,,,,,,,
2024,6442.0,Fleming-Mason Energy Coop Inc,Cooperative,,KY,PJM,,,,,0,23660,2303,,,25963,,,,,,,,6,,6,23660.0,2303.0,6.0,0.0,25969.0,286661,135943,0,,422604,23660,2303,6,,25969,,,,,
2024,6443.0,"Florida Keys El Coop Assn, Inc",Cooperative,,FL,FPL,,,,,,28815,5175,532,,34522,,,,,,,,,,,28815.0,5175.0,532.0,0.0,34522.0,463854,99661,212323,,775838,28815,5175,532,,34522,,,,,
2024,6452.0,Florida Power & Light Co,Investor Owned,,FL,FPL,29,6,0,,35,5382807,675639,16825,,6075271,,,,,,24985,17771,156,1,42913,5407821.0,693416.0,16981.0,1.0,6118219.0,70498682,46871069,754959,,118124710,5236277,653302,15594,1,5905174,632104,17275,90,,649469
2024,6455.0,"Duke Energy Florida, LLC",Investor Owned,,FL,FPC,28,10,0,0,38,1827293,212259,1674,,2041226,,,,,,1931,131,0,0,2062,1829252.0,212400.0,1674.0,0.0,2043326.0,22019235,15791832,3286894,0,41097961,0,271,104,0,375,433000,271,104,0,433375
2024,6457.0,Florida Public Utilities Co,Investor Owned,,FL,JEA,14813,1769,,,16582,0,0,,,0,,,,,,14062,3243,4,,17309,28875.0,5012.0,4.0,0.0,33891.0,,,,,,,,,,,,,,,
2024,6491.0,Foley Board of Utilities,Municipal,,AL,SOCO,34326,4769,3,,39098,16628,2544,,,19172,,,,,,,,,,,50954.0,7313.0,3.0,0.0,58270.0,492926,99040,,,591966,,,,,,,,,,
2024,6496.0,City of Fonda - (IA),Municipal,Y,IA,MISO,41,5,2,,48,300,10,,,310,,,,,,,,,,,341.0,15.0,2.0,0.0,358.0,300,10,,,310,,,,,,,,,,
2024,6501.0,City of Fontanelle - (IA),Municipal,Y,IA,MISO,428,26,,,454,3,,,,3,,,,,,,,,,,431.0,26.0,0.0,0.0,457.0,41,,,,41,,,,,,,,,,
2024,6509.0,Town of Fort Laramie- (WY),Municipal,Y,WY,WACM,152,6,,,158,,,,,,,,,,,,,,,,152.0,6.0,0.0,0.0,158.0,,,,,,,,,,,,,,,
2024,6579.0,City of Forest City- (IA),Municipal,Y,IA,MISO,1762,332,0,,2094,,,,,,,,,,,,,,,,1762.0,332.0,0.0,0.0,2094.0,,,,,,,,,,,,,,,
2024,6580.0,Town of Forest City,Municipal,Y,NC,DUK,3269,983,17,,4269,,,,,,,,,,,,,,,,3269.0,983.0,17.0,0.0,4269.0,,,,,,,,,,,,,,,
2024,6582.0,City of Forest Grove,Municipal,,OR,BPAT,10195,901,85,0,11181,,,,,,,,,,,173,3,58,0,234,10368.0,904.0,143.0,0.0,11415.0,,,,,,,,,,,,,,,
2024,6598.0,City of Forsyth - (GA),Municipal,Y,GA,SOCO,2105,194,,,2299,,,,,,,,,,,,,,,,2105.0,194.0,0.0,0.0,2299.0,,,,,,,,,,,,,,,
2024,6604.0,City of Fort Collins - (CO),Municipal,,CO,PSCO,,,,,0,70656,8768,13,,79437,256,,,,256,147,1,,,148,70803.0,8769.0,13.0,0.0,79585.0,526924,477256,453613,,1457793,70656,8768,13,,79437,5750,,,,5750
2024,6608.0,Fort Loudoun Electric Coop,Cooperative,,TN,TVA,0,0,0,0,0,30527,5756,4,0,36287,0,0,0,0,0,0,0,0,0,0,30527.0,5756.0,4.0,0.0,36287.0,491103,145628,46817,0,683548,30527,5756,4,0,36287,0,0,0,0,0
2024,6609.0,City of Fort Meade - (FL),Municipal,Y,FL,FPC,2435,321,1,,2757,,,,,,,,,,,,,,,,2435.0,321.0,1.0,0.0,2757.0,,,,,,,,,,,,,,,
2024,6610.0,City of Fort Morgan,Municipal,,CO,PSCO,3973,904,1,0,4878,2026,230,0,0,2256,,,,,,,,,,,5999.0,1134.0,1.0,0.0,7134.0,19565,14861,0,0,34426,,,,,,,,,,
2024,6611.0,Fort Belknap Electric Coop Inc,Cooperative,Y,TX,ERCO,4710,1522,,,6232,,,,,,,,,,,,,,,,4710.0,1522.0,0.0,0.0,6232.0,,,,,,,,,,,,,,,
2024,6612.0,Fort Payne Improvement Authority,Municipal,,AL,TVA,0,0,0,0,0,6922,2056,7,0,8985,0,0,0,0,0,0,0,0,0,0,6922.0,2056.0,7.0,0.0,8985.0,96984,134765,79431,0,311180,6922,2056,7,0,8985,0,0,0,0,0
2024,6615.0,City of Fort Pierre - (SD),Municipal,Y,SD,SWPP,1119,295,,,1414,,,,,,,,,,,,,,,,1119.0,295.0,0.0,0.0,1414.0,,,,,,,,,,,,,,,
2024,6616.0,Fort Pierce Utilities Authority,Municipal,,FL,FMPP,16,7,,,23,24412,5226,,,29638,,,,,,16,0,,,16,24444.0,5233.0,0.0,0.0,29677.0,126227,233147,,,359374,24412,5226,,,29638,,,,,
2024,6617.0,Fort Valley Utility Comm,Municipal,Y,GA,SEPA,2652,441,7,,3100,1456,242,2,,1700,,,,,,,,,,,4108.0,683.0,9.0,0.0,4800.0,23532,25032,24777,,73341,,,,,,,,,,
2024,6627.0,City of Fosston - (MN),Municipal,Y,MN,MISO,501,140,8,,649,,,,,,,,,,,,,,,,501.0,140.0,8.0,0.0,649.0,,,,,,,,,,,,,,,
2024,6638.0,City of Fountain,Municipal,,CO,PSCO,443,11,,,454,18019,1079,,,19098,,,,,,,,,,,18462.0,1090.0,0.0,0.0,19552.0,153335,84291,,,237626,,,,,,17242,1048,,,18290
2024,6640.0,Four County Elec Member Corp,Cooperative,,NC,CPLE,,,,,,30807,4610,7,,35424,,,,,,,,,,,30807.0,4610.0,7.0,0.0,35424.0,459787,236798,280756,,977341,30807,4610,7,,35424,,,,,
2024,6641.0,4-County Electric Power Assn,Cooperative,,MS,TVA,0,0,0,0,0,41076,10184,8,0,51268,0,0,0,0,0,0,0,0,0,0,41076.0,10184.0,8.0,0.0,51268.0,597902,321662,192010,0,1111574,41076,10184,8,0,51268,0,0,0,0,0
2024,6707.0,City of Frankfort - (IN),Municipal,,IN,MISO,7774,1605,56,,9435,,,,,,,,,,,2,7,,,9,7776.0,1612.0,56.0,0.0,9444.0,,,,,,,,,,,,,,,
2024,6708.0,City of Frankfort - (KY),Municipal,,KY,LGEE,,0,0,,0,17200,4727,41,,21968,,,,,,,,,,,17200.0,4727.0,41.0,0.0,21968.0,207471,279961,174757,,662189,,,,,,,,,,
2024,6709.0,Easley Combined Utility System,Municipal,,SC,DUK,14,,,,14,15756,1640,1,,17397,,,,,,2,,,,2,15772.0,1640.0,1.0,0.0,17413.0,184323,117280,3154,,304757,15772,1640,1,,17413,,,,,
2024,6710.0,Town of Edenton - (NC),Municipal,Y,NC,CPLE,,5,4,,9,,,,,,,,,,,,,,,,0.0,5.0,4.0,0.0,9.0,,,,,,,,,,,,,,,
2024,6711.0,Village of Frankfort - (NY),Municipal,Y,NY,NYIS,1655,138,39,,1832,,,,,,,,,,,,,,,,1655.0,138.0,39.0,0.0,1832.0,,,,,,,,,,,,,,,
2024,6715.0,City of Franklin - (VA),Municipal,Y,VA,PJM,,,,,,4954,768,0,,5722,,,,,,,,,,,4954.0,768.0,0.0,0.0,5722.0,69431,64766,0,,134197,,,,,,,,,,
2024,6716.0,PUD No 1 of Franklin County,Political Subdivision,,WA,BPAT,,,,,,27340,2032,331,,29703,,,,,,48,,1,,49,27388.0,2032.0,332.0,0.0,29752.0,395920,435005,272400,,1103325,27340,2032,331,,29703,,,,,
2024,6717.0,Franklin Electric Coop - (AL),Cooperative,,AL,TVA,5979,2012,0,0,7991,0,0,3,0,3,0,0,0,0,0,0,0,0,0,0,5979.0,2012.0,3.0,0.0,7994.0,0,0,45050,0,45050,0,0,0,0,0,0,0,0,0,0
2024,6718.0,City of Franklin - (KY),Municipal,,KY,TVA,0,0,0,0,0,4561,1299,4,0,5864,0,0,0,0,0,0,0,0,0,0,4561.0,1299.0,4.0,0.0,5864.0,54766,51880,117986,0,224632,4561,1299,4,0,5864,0,0,0,0,0
2024,6722.0,Franklin Rural Electric Coop - (IA),Cooperative,Y,IA,MISO,,,,,,1964,530,6,,2500,,,,,,,,,,,1964.0,530.0,6.0,0.0,2500.0,25800,27402,21862,,75064,,,,,,,,,,
2024,6723.0,City of Franklin - (NE),Municipal,Y,NE,SWPP,429,153,7,,589,,,,,,,,,,,,,,,,429.0,153.0,7.0,0.0,589.0,,,,,,,,,,,,,,,
2024,6750.0,City of Frederick - (OK),Municipal,Y,OK,SWPP,,,,,,3,,,,3,,,,,,,,,,,3.0,0.0,0.0,0.0,3.0,53,,,,53,,,,,,,,,,
2024,6758.0,City of Fredericksburg - (TX),Municipal,Y,TX,ERCO,,,,,,4646,1234,,,5880,,,,,,,,,,,4646.0,1234.0,0.0,0.0,5880.0,55252,81342,,,136594,,,,,,,,,,
2024,6761.0,City of Fredericktown - (MO),Municipal,Y,MO,SWPP,0,0,0,,0,1914,228,14,,2156,,,,,,,,,,,1914.0,228.0,14.0,0.0,2156.0,23377,17602,3533,,44512,,,,,,,,,,
2024,6762.0,City of Fredonia - (KS),Municipal,Y,KS,SWPP,942,324,,,1266,,,,,,,,,,,,,,,,942.0,324.0,0.0,0.0,1266.0,,,,,,,,,,,,,,,
2024,6764.0,Village of Freeburg - (IL),Municipal,Y,IL,MISO,2022,237,1,,2260,,,,,,,,,,,,,,,,2022.0,237.0,1.0,0.0,2260.0,,,,,,,,,,,,,,,
2024,6775.0,Village of Freeport - (NY),Municipal,,NY,NYIS,,,,,,,,,,,,,,,,13353,1966,,,15319,13353.0,1966.0,0.0,0.0,15319.0,,,,,,,,,,,,,,,
2024,6779.0,City of Fremont - (NE),Municipal,,NE,SWPP,14077,1972,573,,16622,,,,,0,,,,,,,,,,,14077.0,1972.0,573.0,0.0,16622.0,,,,,,,,,,,,,,,
2024,6780.0,Town of Fremont - (NC),Municipal,Y,NC,CPLE,687,112,0,,799,,,,,,,,,,,,,,,,687.0,112.0,0.0,0.0,799.0,,,,,,,,,,,,,,,
2024,6782.0,Freeborn Mower Electric Cooperative,Cooperative,,IA,MISO,,,,,0,6,,,,6,6,,,,6,,,,,,6.0,0.0,0.0,0.0,6.0,101,,,,101,6,,,,6,1,,,,1
2024,6782.0,Freeborn Mower Electric Cooperative,Cooperative,,MN,MISO,,,,,,18135,3353,36,,21524,18135,3353,36,,21524,3,6,6,,15,18138.0,3359.0,42.0,0.0,21539.0,181528,112627,109929,,404084,17842,3377,27,,21246,580,64,0,,644
2024,6784.0,French Broad Elec Member Corp,Cooperative,,NC,CPLE,,,,,,35464,3665,5,,39134,,,,,,19,226,,,245,35483.0,3891.0,5.0,0.0,39379.0,326857,103220,84738,,514815,5504,104,,,5608,,,,,
2024,6784.0,French Broad Elec Member Corp,Cooperative,,TN,TVA,,,,,,993,73,,,1066,,,,,,2,,,,2,995.0,73.0,0.0,0.0,1068.0,8890,810,,,9700,115,2,,,117,,,,,
2024,6804.0,Frontier Power Company,Cooperative,Y,OH,PJM,8323,865,,,9188,,,,,,,,,,,,,,,,8323.0,865.0,0.0,0.0,9188.0,,,,,,,,,,,,,,,
2024,6839.0,City of Fulton - (MO),Municipal,Y,MO,AECI,,,,,,4591,946,21,,5558,,,,,,,,,,,4591.0,946.0,21.0,0.0,5558.0,48509,43196,54827,,146532,,,,,,,,,,
2024,6840.0,City of Fulton - (KY),Municipal,,KY,TVA,0,0,0,0,0,1188,424,1,0,1613,0,0,0,0,0,0,0,0,0,0,1188.0,424.0,1.0,0.0,1613.0,13639,20603,16980,0,51222,1188,8,0,0,1196,0,0,0,0,0
2024,6848.0,Fulton County Rural E M C,Cooperative,Y,IN,MISO,,,,,0,4849,1034,292,,6175,,,,,,,,,,,4849.0,1034.0,292.0,0.0,6175.0,67171,80538,4321,,152030,,,,,,,,,,
2024,6894.0,City of Gaffney - (SC),Municipal,,SC,DUK,229,637,3,,869,6085,692,19,,6796,,,,,,,,,,,6314.0,1329.0,22.0,0.0,7665.0,69771,25410,43849,,139030,,,,,,,,,,
2024,6907.0,City of Greendale,Municipal,Y,IN,MISO,1929,260,22,,2211,,,,,,,,,,,,,,,,1929.0,260.0,22.0,0.0,2211.0,,,,,,,,,,,,,,,
2024,6909.0,Gainesville Regional Utilities,Municipal,,FL,GVL,,,,,,0,145,12,,157,,,,,,92968,11384,0,,104352,92968.0,11529.0,12.0,0.0,104509.0,0,225215,176908,,402123,,,,,,,,,,
2024,6923.0,City of Gallatin - (TN),Municipal,,TN,TVA,10610,2978,0,0,13588,12594,771,3,0,13368,0,0,0,0,0,0,0,0,0,0,23204.0,3749.0,3.0,0.0,26956.0,155943.29,65181.07,192056,0,413180.36,0,0,0,0,0,0,0,0,0,0
2024,6924.0,City of Gallatin - (MO),Municipal,Y,MO,SWPP,,,,,,794,143,,,937,,,,,,,,,,,794.0,143.0,0.0,0.0,937.0,8909,4704,,,13613,,,,,,,,,,
2024,6930.0,City of Gallup - (NM),Municipal,Y,NM,PNM,52,1842,,,1894,8497,70,,,8567,,,,,,,,,,,8549.0,1912.0,0.0,0.0,10461.0,51128,16271,,,67399,,,,,,,,,,
2024,6941.0,City of Garden City,Municipal,,KS,SWPP,,,,,,10449,1064,461,,11974,,,,,,,,,,,10449.0,1064.0,461.0,0.0,11974.0,86418,93217,134771,,314406,,,,,,10449,0,0,,10449
2024,6949.0,City of Gardner - (KS),Municipal,Y,KS,SWPP,0,0,0,,0,9459,556,8,,10023,,,,,,,,,,,9459.0,556.0,8.0,0.0,10023.0,103093,51040,7848,,161981,,,,,,,,,,
2024,6950.0,Garland Light & Power Company,Cooperative,Y,WY,WACM,2141,47,132,,2320,,,,,,,,,,,,,,,,2141.0,47.0,132.0,0.0,2320.0,,,,,,,,,,,,,,,
2024,6957.0,"Garkane Energy Coop, Inc",Cooperative,,AZ,WALC,1401,412,,,1813,,,,,0,,,,,,,,,,,1401.0,412.0,0.0,0.0,1813.0,,,,,0,1401,412,,,1813,,,,,
2024,6957.0,"Garkane Energy Coop, Inc",Cooperative,,UT,WACM,11653,2478,1,,14132,,,,,0,,,,,,,,,,,11653.0,2478.0,1.0,0.0,14132.0,,,,,0,11653,2478,1,,14132,,,,,
2024,6958.0,City of Garland - (TX),Municipal,,TX,ERCO,69421,6908,8,,76337,,,,,,,,,,,,,,,,69421.0,6908.0,8.0,0.0,76337.0,,,,,,,,,,,,,,,
2024,6970.0,City of Garrett,Municipal,Y,IN,PJM,3100,,,,3100,0,,,,0,,,,,,,,,,,3100.0,0.0,0.0,0.0,3100.0,,,,,,,,,,,,,,,
2024,6993.0,City of Gas City - (IN),Municipal,Y,IN,PJM,2905,394,,,3299,,,,,,,,,,,,,,,,2905.0,394.0,0.0,0.0,3299.0,,,,,,,,,,,,,,,
2024,7024.0,Gascosage Electric Coop,Cooperative,,MO,AECI,9253,930,2,,10185,,,,,,,,,,,,,,,,9253.0,930.0,2.0,0.0,10185.0,,,,,,,,,,,,,,,
2024,7027.0,City of Gastonia - (NC),Municipal,,NC,DUK,27142,1541,2,0,28685,,,,,,,,,,,1592,2697,104,0,4393,28734.0,4238.0,106.0,0.0,33078.0,,,,,,,,,,,,,,,
2024,7084.0,City of Declo - (ID),Municipal,Y,ID,BPAT,112,13,10,,135,,,,,,,,,,,,,,,,112.0,13.0,10.0,0.0,135.0,,,,,,,,,,,,,,,
2024,7090.0,GreyStone Power Corporation,Cooperative,,GA,SOCO,28259,8682,255,,37196,113831,4528,1,,118360,,,,,,78,2,0,,80,142168.0,13212.0,256.0,0.0,155636.0,1584917,215095,4,,1800016,,,,,,,,,,
2024,7095.0,City of Geneseo - (IL),Municipal,Y,IL,MISO,3213,572,10,,3795,,,,,,,,,,,,,,,,3213.0,572.0,10.0,0.0,3795.0,,,,,,,,,,,,,,,
2024,7096.0,City of Geneva- (IL),Municipal,,IL,PJM,8689,1576,20,,10285,,,,,,,,,,,2,,,,2,8691.0,1576.0,20.0,0.0,10287.0,,,,,,,,,,,,,,,
2024,7100.0,Village of Genoa - (OH),Municipal,Y,OH,PJM,1111,36,3,,1150,,,,,,,,,,,,,,,,1111.0,36.0,3.0,0.0,1150.0,,,,,,,,,,,,,,,
2024,7128.0,City of Georgetown - (SC),Municipal,Y,SC,SC,,,,,,4278,1162,,,5440,,,,,,,,,,,4278.0,1162.0,0.0,0.0,5440.0,42695,63195,,,105890,,,,,,,,,,
2024,7129.0,City of Georgetown - (TX),Municipal,,TX,ERCO,7,,,,7,29897,3124,38,,33059,,,,,,,,,,,29904.0,3124.0,38.0,0.0,33066.0,324449,347997,118481,,790927,29897,3124,38,,33059,,,,,
2024,7130.0,Town of Georgetown - (MA),Municipal,Y,MA,ISNE,,,,,,3106,384,30,,3520,,,,,,,,,,,3106.0,384.0,30.0,0.0,3520.0,31206,6518,9975,,47699,,,,,,,,,,
2024,7131.0,Village of Georgetown - (OH),Municipal,Y,OH,PJM,,,,,,1960,263,,,2223,,,,,,,,,,,1960.0,263.0,0.0,0.0,2223.0,23432,17636,,,41068,,,,,,,,,,
2024,7140.0,Georgia Power Co,Investor Owned,,GA,SOCO,,,,,,2452468,323492,10546,1,2786507,,,,,,20,17571,5,,17596,2452488.0,341063.0,10551.0,1.0,2804103.0,29199811,34195354,23724066,151669,87270900,2452488,341063,10551,1,2804103,38745,,,,38745
2024,7149.0,City of Gering - (NE),Municipal,Y,NE,WACM,4371,595,42,,5008,,,,,,,,,,,,,,,,4371.0,595.0,42.0,0.0,5008.0,,,,,,,,,,,,,,,
2024,7174.0,Gibson Electric Members Corp,Cooperative,,KY,TVA,0,0,0,0,0,2527,885,1,0,3413,0,0,0,0,0,0,0,0,0,0,2527.0,885.0,1.0,0.0,3413.0,35374,33166,12593,0,81133,2527,885,1,0,3413,0,0,0,0,0
2024,7174.0,Gibson Electric Members Corp,Cooperative,,TN,TVA,0,0,0,0,0,29331,6508,8,0,35847,0,0,0,0,0,0,0,0,0,0,29331.0,6508.0,8.0,0.0,35847.0,450469,215316,156161,0,821946,29331,6508,8,0,35847,0,0,0,0,0
2024,7184.0,City of Giddings - (TX),Municipal,Y,TX,ERCO,2173,683,,,2856,,,,,,,,,,,,,,,,2173.0,683.0,0.0,0.0,2856.0,,,,,,,,,,,,,,,
2024,7200.0,City of Gilman City - (MO),Municipal,Y,MO,SWPP,170,31,,,201,,,,,,,,,,,,,,,,170.0,31.0,0.0,0.0,201.0,,,,,,,,,,,,,,,
2024,7222.0,City of Gillette - (WY),Municipal,,WY,WAUW,13833,2714,,,16547,0,0,,,0,,,,,,229,42,,,271,14062.0,2756.0,0.0,0.0,16818.0,,,,,,,,,,,,,,,
2024,7249.0,City of Giltner - (NE),Municipal,Y,NE,SWPP,202,38,6,,246,,,,,,,,,,,,,,,,202.0,38.0,6.0,0.0,246.0,,,,,,,,,,,,,,,
2024,7257.0,City of Girard - (KS),Municipal,Y,KS,SWPP,1257,184,69,,1510,,,,,,,,,,,,,,,,1257.0,184.0,69.0,0.0,1510.0,,,,,,,,,,,,,,,
2024,7262.0,"Glacier Electric Coop, Inc",Cooperative,Y,MT,NWMT,,,,,,6042,1910,7,,7959,,,,,,,,,,,6042.0,1910.0,7.0,0.0,7959.0,72206,79051,19757,,171014,,,,,,,,,,
2024,7264.0,"Glades Electric Coop, Inc",Cooperative,,FL,SEC,,,,,,14456,3557,519,,18532,,,,,,,,,,,14456.0,3557.0,519.0,0.0,18532.0,190738,42708,110139,,343585,14456,3557,519,,18532,,,,,
2024,7265.0,City of Gladstone,Municipal,,MI,MISO,403,63,0,0,466,1936,285,,0,2221,,,,,,0,0,0,0,0,2339.0,348.0,0.0,0.0,2687.0,8434,7671,0,0,16105,2339,348,0,0,2687,,,,,
2024,7270.0,City of Glasgow - (KY),Municipal,,KY,TVA,0,0,0,0,0,5644,1971,3,0,7618,0,0,0,0,0,0,0,0,0,0,5644.0,1971.0,3.0,0.0,7618.0,64990,139257,9528,0,213775,5644,1875,3,0,7522,0,0,0,0,0
2024,7292.0,Glencoe Light & Power Comm,Municipal,,MN,MISO,,,,,,2585,385,4,0,2974,,,,,,,,,,,2585.0,385.0,4.0,0.0,2974.0,20983,169714,27476,0,218173,,,,,,,,,,
2024,7294.0,City of Glendale - (CA),Municipal,,CA,LDWP,,,,,,77563,13395,32,,90990,1286,14,,,1300,31,4,,,35,77594.0,13399.0,32.0,0.0,91025.0,382936,576712,22759,,982407,,,,,,,,,,
2024,7295.0,City of Glidden - (IA),Municipal,Y,IA,MISO,592,113,7,,712,,,,,,,,,,,,,,,,592.0,113.0,7.0,0.0,712.0,,,,,,,,,,,,,,,
2024,7300.0,City of Glenwood Springs - (CO),Municipal,Y,CO,PSCO,14,,,,14,5277,1443,,,6720,,,,,,,,,,,5291.0,1443.0,0.0,0.0,6734.0,45456,92016,,,137472,,,,,,,,,,
2024,7303.0,Raccoon Valley Electric Cooperative,Cooperative,Y,IA,MISO,,,,,,2287,496,,,2783,,,,,,,,,,,2287.0,496.0,0.0,0.0,2783.0,41778,86540,,,128318,,,,,,,,,,
2024,7311.0,Village of Glouster - (OH),Municipal,Y,OH,PJM,824,134,16,,974,,,,,,,,,,,,,,,,824.0,134.0,16.0,0.0,974.0,,,,,,,,,,,,,,,
2024,7318.0,"Goldenwest Electric Coop, Inc",Cooperative,Y,MT,SWPP,845,16,,,861,,,,,0,,,,,,,,,,,845.0,16.0,0.0,0.0,861.0,,,,,0,,,,,,,,,,
2024,7318.0,"Goldenwest Electric Coop, Inc",Cooperative,Y,ND,SWPP,725,77,,,802,,,,,0,,,,,,,,,,,725.0,77.0,0.0,0.0,802.0,,,,,0,,,,,,,,,,
2024,7353.0,Golden Valley Elec Assn Inc,Cooperative,,AK,NA,,,,,,40675,6905,583,,48163,,,,,,,,,,,40675.0,6905.0,583.0,0.0,48163.0,288667,118991,819779,,1227437,40675,6905,583,,48163,40675,6905,583,,48163
2024,7368.0,City of Goldthwaite - (TX),Municipal,Y,TX,ERCO,962,221,151,,1334,,,,,,,,,,,,,,,,962.0,221.0,151.0,0.0,1334.0,,,,,,,,,,,,,,,
2024,7370.0,City of Gonzales - (TX),Municipal,Y,TX,ERCO,66,,,,66,2332,597,4,,2933,,,,,,,,,,,2398.0,597.0,4.0,0.0,2999.0,33237,30158,24885,,88280,,,,,,,,,,
2024,7374.0,City of Goodland - (KS),Municipal,Y,KS,SWPP,2180,454,63,,2697,0,0,0,,0,,,,,,,,,,,2180.0,454.0,63.0,0.0,2697.0,0,0,0,,0,,,,,,,,,,
2024,7411.0,City of Gothenburg - (NE),Municipal,Y,NE,SWPP,1783,415,16,,2214,,,,,,,,,,,,,,,,1783.0,415.0,16.0,0.0,2214.0,,,,,,,,,,,,,,,
2024,7424.0,Gowrie Municipal Utilities,Municipal,Y,IA,MISO,479,129,0,,608,,,,,,,,,,,,,,,,479.0,129.0,0.0,0.0,608.0,,,,,,,,,,,,,,,
2024,7450.0,Grady Electric Membership Corp,Cooperative,,GA,SOCO,,,,,,19283,995,253,,20531,,,,,,,,,,,19283.0,995.0,253.0,0.0,20531.0,260280,51150,4691,,316121,19283,995,253,,20531,,,,,
2024,7456.0,Graham County Electric Coop Inc,Cooperative,Y,AZ,WALC,0,0,0,,0,7256,757,491,,8504,,,,,,,,,,,7256.0,757.0,491.0,0.0,8504.0,78810,18153,41800,,138763,,,,,,,,,,
2024,7460.0,Goodhue County Coop Elec Assn,Cooperative,Y,MN,MISO,,,,,0,6367,107,,,6474,,,,,,,,,,,6367.0,107.0,0.0,0.0,6474.0,90022,2879,,,92901,,,,,,,,,,
2024,7480.0,City of Granbury - (TX),Municipal,Y,TX,ERCO,6,42,0,,48,2874,730,0,,3604,,,,,,,,,,,2880.0,772.0,0.0,0.0,3652.0,30243,49050,0,,79293,,,,,,,,,,
2024,7483.0,City of Grand Haven - (MI),Municipal,,MI,MISO,,,,,,13231,1760,126,,15117,,,,,,,,,,,13231.0,1760.0,126.0,0.0,15117.0,87946,85759,98639,,272344,13231,1760,126,,15117,,,,,
2024,7484.0,"Grand Electric Coop, Inc",Cooperative,Y,MT,SWPP,,,,,0,16,,,,16,,,,,,,,,,,16.0,0.0,0.0,0.0,16.0,154,,,,154,,,,,,,,,,
2024,7484.0,"Grand Electric Coop, Inc",Cooperative,Y,SD,SWPP,,,,,0,4647,600,,,5247,,,,,,,,,,,4647.0,600.0,0.0,0.0,5247.0,42531,40383,,,82914,,,,,,,,,,
2024,7487.0,City of Grand Marais - (MN),Municipal,Y,MN,MISO,,,,,,1126,336,,,1462,,,,,,,,,,,1126.0,336.0,0.0,0.0,1462.0,20,10,,,30,,,,,,,,,,
2024,7489.0,Grand Rapids Public Util Comm,Municipal,Y,MN,MISO,0,0,0,,0,6139,1454,17,,7610,,,,,,,,,,,6139.0,1454.0,17.0,0.0,7610.0,46842,88758,18750,,154350,,,,,,,,,,
2024,7490.0,Grand River Dam Authority,State,,OK,SWPP,,6,9,,15,,51,124,,175,,,,,,,,,,,0.0,57.0,133.0,0.0,190.0,,4714,4265294,,4270008,,,,,,,,,,
2024,7494.0,City of Granite Falls - (MN),Municipal,Y,MN,MISO,1323,235,9,,1567,,,,,,,,,,,,,,,,1323.0,235.0,9.0,0.0,1567.0,,,,,,,,,,,,,,,
2024,7515.0,City of Grantville - (GA),Municipal,Y,GA,SOCO,926,81,,,1007,,,,,,,,,,,,,,,,926.0,81.0,0.0,0.0,1007.0,,,,,,,,,,,,,,,
2024,7548.0,PUD No 1 of Grays Harbor County,Political Subdivision,,WA,BPAT,40320,4918,16,,45254,,,,,,,,,,,,2,4,,6,40320.0,4920.0,20.0,0.0,45260.0,,,,,,,,,,,,,,,
2024,7558.0,Grayson Rural Electric Coop Corp,Cooperative,,KY,PJM,,,,,,14429,1166,2,,15597,,,,,,,,,,,14429.0,1166.0,2.0,0.0,15597.0,164405,93035,28163,,285603,14429,1166,2,,15597,464,,,,464
2024,7559.0,"Grayson-Collin Elec Coop, Inc",Cooperative,,TX,ERCO,104,10,,,114,90360,5045,,,95405,,,,,,,,,,,90464.0,5055.0,0.0,0.0,95519.0,1227327,271672,,,1498999,90360,5045,,,95405,,,,,
2024,7561.0,"Greenbelt Electric Coop, Inc",Cooperative,,TX,ERCO,,,,,,3912,825,926,,5663,,,,,,,,,,,3912.0,825.0,926.0,0.0,5663.0,28403,22177,158623,,209203,,,,,,,,,,
2024,7563.0,Grand Valley Power,Cooperative,,CO,PSCO,,,,,,17252,2230,191,,19673,,,,,,16,,,,16,17268.0,2230.0,191.0,0.0,19689.0,164051,73225,11598,,248874,17252,2230,191,,19673,,,,,
2024,7593.0,City of Green Cove Springs,Municipal,Y,FL,FMPP,,51,,,51,3760,755,,,4515,,,,,,,,,,,3760.0,806.0,0.0,0.0,4566.0,90680,18208,,,108888,,,,,,,,,,
2024,7600.0,Village of Green Island - (NY),Municipal,Y,NY,NYIS,1454,127,22,,1603,,,,,,,,,,,,,,,,1454.0,127.0,22.0,0.0,1603.0,,,,,,,,,,,,,,,
2024,7601.0,Green Mountain Power Corp,Investor Owned,,VT,ISNE,,,,,,232581,46858,121,,279560,232581,46858,121,,279560,7807,770,5,,8582,240388.0,47628.0,126.0,0.0,288142.0,1542328,1447610,979616,,3969554,226675,48745,74,,275494,,,,,
2024,7624.0,Village of Greene - (NY),Municipal,Y,NY,NYIS,1116,115,41,,1272,,,,,,,,,,,,,,,,1116.0,115.0,41.0,0.0,1272.0,,,,,,,,,,,,,,,
2024,7625.0,City of Greeneville - (TN),Municipal,,TN,TVA,32459,8198,19,0,40676,0,0,0,0,0,0,0,0,0,0,0,0,0,0,0,32459.0,8198.0,19.0,0.0,40676.0,0,0,0,0,0,32388,8163,18,0,40569,0,0,0,0,0
2024,7626.0,City of Greenfield - (IA),Municipal,Y,IA,MISO,934,232,7,,1173,,,,,,,,,,,,,,,,934.0,232.0,7.0,0.0,1173.0,,,,,,,,,,,,,,,
2024,7627.0,City of Greenfield - (IN),Municipal,,IN,MISO,6,50,9,,65,11781,1137,1,,12919,,,,,,,,,,,11787.0,1187.0,10.0,0.0,12984.0,109720,76305,8887,,194912,11781,1137,10,,12928,,,,,
2024,7633.0,Village of Greenup - (IL),Municipal,Y,IL,MISO,0,0,0,,0,678,0,0,,678,,,,,,,,,,,678.0,0.0,0.0,0.0,678.0,9096,,,,9096,,,,,,,,,,
2024,7634.0,City of Greenville - (TX),Municipal,,TX,ERCO,0,0,0,0,0,11148,1663,0,0,12811,0,0,0,0,0,3666,856,6,0,4528,14814.0,2519.0,6.0,0.0,17339.0,14,16,0,0,30,860,0,0,0,860,0,0,0,0,0
2024,7639.0,Greenville Utilities Comm,Municipal,,NC,CPLE,68613,8848,2718,,80179,,31,16,,47,,,,,,,,,,,68613.0,8879.0,2734.0,0.0,80226.0,,209906,353545,,563451,,11,1,,12,18852,,,,18852
2024,7646.0,Greenwood CPW,Municipal,,SC,DUK,8053,2087,,,10140,2087,209,,,2296,,,,,,1613,693,,,2306,11753.0,2989.0,0.0,0.0,14742.0,23984,1502,,,25486,,,,,,,,,,
2024,7650.0,Village of Greenwood - (NE),Municipal,Y,NE,SWPP,332,7,10,,349,,,,,,,,,,,,,,,,332.0,7.0,10.0,0.0,349.0,,,,,,,,,,,,,,,
2024,7651.0,Greenwood Utilities Comm,Municipal,,MS,MISO,,,,,,7204,1678,5,,8887,,,,,,,,,,,7204.0,1678.0,5.0,0.0,8887.0,93069,121515,35884,,250468,,,,,,,,,,
2024,7654.0,Greer Commission of Public Wks,Municipal,,SC,DUK,118,10173,,,10291,24775,241,,,25016,,,,,,,,,,,24893.0,10414.0,0.0,0.0,35307.0,243863,4662,,,248525,,0,,,0,,,,,
2024,7665.0,Village of Gresham - (WI),Municipal,Y,WI,MISO,,,,,,1051,191,,,1242,,,,,,,,,,,1051.0,191.0,0.0,0.0,1242.0,756,21964,,,22720,,,,,,,,,,
2024,7677.0,City of Gridley - (CA),Municipal,Y,CA,CISO,189,18,,,207,,,,,,,,,,,,,,,,189.0,18.0,0.0,0.0,207.0,,,,,,,,,,,,,,,
2024,7679.0,City of Griffin - (GA),Municipal,,GA,SOCO,,,,,,13594,2399,24,,16017,,,,,,,,,,0,13594.0,2399.0,24.0,0.0,16017.0,161378,161690,89710,,412778,,,,,,,,,,
2024,7712.0,City of Groton - (SD),Municipal,Y,SD,SWPP,,,,,,650,107,,,757,,,,,,,,,,,650.0,107.0,0.0,0.0,757.0,11108,4371,,,15479,,,,,,,,,,
2024,7715.0,Town of Groton - (MA),Municipal,Y,MA,ISNE,,,,,,4712,429,,,5141,,,,,,,,,,,4712.0,429.0,0.0,0.0,5141.0,46420,26145,,,72565,,,,,,,,,,
2024,7716.0,Groton Dept of Utilities - (CT),Municipal,,CT,ISNE,,,,,0,13032,1154,24,0,14210,,,,,,41,46,0,0,87,13073.0,1200.0,24.0,0.0,14297.0,105024,90903,184750,0,380677,0,0,0,0,0,0,0,0,0,0
2024,7719.0,Borough of Grove City - (PA),Municipal,Y,PA,PJM,2556,428,8,,2992,,,,,0,,,,,,,,,,,2556.0,428.0,8.0,0.0,2992.0,,,,,,,,,,,,,,,
2024,7720.0,"Grundy Electric Coop, Inc",Cooperative,Y,IA,AECI,216,9,0,,225,0,0,0,,0,,,,,,,,,,,216.0,9.0,0.0,0.0,225.0,0,0,0,,0,,,,,,,,,,
2024,7720.0,"Grundy Electric Coop, Inc",Cooperative,Y,MO,AECI,6079,648,3,,6730,0,0,0,,0,,,,,,,,,,,6079.0,648.0,3.0,0.0,6730.0,0,0,0,,0,,,,,,,,,,
2024,7723.0,Town of Groveland - (MA),Municipal,Y,MA,ISNE,,,,,,2691,281,50,,3022,,,,,,,,,,,2691.0,281.0,50.0,0.0,3022.0,23004,2347,8826,,34177,,,,,,,,,,
2024,7732.0,City of Grove City,Municipal,Y,MN,MISO,352,65,7,,424,,,,,,,,,,,,,,,,352.0,65.0,7.0,0.0,424.0,,,,,,,,,,,,,,,
2024,7750.0,Guthrie County Rural E C A,Cooperative,Y,IA,MISO,,,,,,4853,100,7,,4960,,,,,,,,,,,4853.0,100.0,7.0,0.0,4960.0,70529,11288,83289,,165106,,,,,,,,,,
2024,7752.0,Guadalupe Valley Elec Coop Inc,Cooperative,,TX,ERCO,,,,,0,92189,10544,1048,,103781,,,,,,,,,,,92189.0,10544.0,1048.0,0.0,103781.0,1324456,366237,1219504,,2910197,,,,,,,,,,
2024,7785.0,"Gulf Coast Electric Coop, Inc",Cooperative,,FL,SOCO,,,,,,21361,1448,,,22809,,,,,,,,,,,21361.0,1448.0,0.0,0.0,22809.0,303738,73796,,,377534,11091,,,,11091,,,,,
2024,7787.0,Gunnison County Elec Assn.,Cooperative,Y,CO,WACM,,,,,,10205,1522,,,11727,,,,,,,,,,,10205.0,1522.0,0.0,0.0,11727.0,83018,37443,,,120461,,,,,,,,,,
2024,7826.0,City of Gunnison - (CO),Municipal,Y,CO,WACM,3763,895,,,4658,,,,,,,,,,,,,,,,3763.0,895.0,0.0,0.0,4658.0,,,,,,,,,,,,,,,
2024,7827.0,Guntersville Electric Board,Municipal,,AL,TVA,0,0,0,0,0,4875,2042,5,0,6922,0,0,0,0,0,0,0,0,0,0,4875.0,2042.0,5.0,0.0,6922.0,71438,90107,84609,0,246154,2617,0,0,0,2617,0,0,0,0,0
2024,7864.0,Grundy County Rural Elec Coop,Cooperative,Y,IA,MISO,,,,,0,1722,541,4,,2267,,,,,,,,,,,1722.0,541.0,4.0,0.0,2267.0,41335,51728,3794,,96857,,,,,,,,,,
2024,7870.0,H-D Electric Coop Inc,Cooperative,Y,MN,SWPP,,,,,,7,,4,,11,,,,,,,,,,,7.0,0.0,4.0,0.0,11.0,141,,16,,157,,,,,,,,,,
2024,7870.0,H-D Electric Coop Inc,Cooperative,Y,SD,SWPP,,,,,,3014,297,500,,3811,,,,,,,,,,,3014.0,297.0,500.0,0.0,3811.0,62048,59927,4994,,126969,,,,,,,,,,
2024,7887.0,Habersham Electric Membership Corp,Cooperative,,GA,SOCO,,,,,0,34990,2627,17,,37634,,,,,,21,,,,21,35011.0,2627.0,17.0,0.0,37655.0,444843,95280,10816,,550939,34990,2627,17,,37634,,,,,
2024,7891.0,Guernsey-Muskingum El Coop Inc,Cooperative,,OH,PJM,,,,,,,,,,,,,,,,15289,1879,10,,17178,15289.0,1879.0,10.0,0.0,17178.0,,,,,,,,,,,,,,,
2024,7907.0,City of Hagerstown - (IN),Municipal,Y,IN,MISO,961,174,4,,1139,,,,,,,,,,,,,,,,961.0,174.0,4.0,0.0,1139.0,,,,,,,,,,,,,,,
2024,7908.0,Hagerstown Light Department,Municipal,,MD,PJM,,,,,,314,32,1,,347,,,,,,14785,2560,51,,17396,15099.0,2592.0,52.0,0.0,17743.0,3441,1071,1292,,5804,,,,,,,,,,
2024,7958.0,City of Hallettsville - (TX),Municipal,Y,TX,ERCO,1205,238,0,,1443,,,,,,,,,,,,,,,,1205.0,238.0,0.0,0.0,1443.0,,,,,,,,,,,,,,,
2024,7977.0,City of Hamilton - (OH),Municipal,,OH,PJM,26964,2852,75,0,29891,,,,,,,,,,,,,,,,26964.0,2852.0,75.0,0.0,29891.0,,,,,,0,0,0,0,0,,,,,0
2024,7978.0,Halifax Electric Member Corp,Cooperative,Y,NC,CPLE,,,,,,11014,1373,1,,12388,,,,,,,,,,,11014.0,1373.0,1.0,0.0,12388.0,127580,47908,19035,,194523,,,,,,,,,,
2024,7979.0,Hamilton County Elec Coop Assn,Cooperative,,TX,ERCO,,,,,,19594,798,,,20392,,,,,,,,,,,19594.0,798.0,0.0,0.0,20392.0,231024,31170,,,262194,19594,798,,,20392,,,,,
2024,8000.0,NineStar Connect,Cooperative,,IN,MISO,,,,,,17770,1084,82,,18936,,,,,,,,,,,17770.0,1084.0,82.0,0.0,18936.0,263797,49559,23383,,336739,,,,,,,,,,
2024,8022.0,City of Hampton - (GA),Municipal,Y,GA,SOCO,,,,,0,2635,164,,,2799,,,,,,,,,,,2635.0,164.0,0.0,0.0,2799.0,32692,6933,,,39625,,,,,,,,,,
2024,8034.0,Hancock-Wood Electric Coop Inc,Cooperative,,OH,PJM,0,0,0,,0,11230,2349,12,,13591,,,,,,,,,,,11230.0,2349.0,12.0,0.0,13591.0,146926,101735,103817,,352478,,,,,,,,,,
2024,8055.0,City of Hannibal - (MO),Municipal,,MO,MISO,,,,,,7639,1069,90,0,8798,,,,,,,,,,,7639.0,1069.0,90.0,0.0,8798.0,77551,27458,118666,0,223675,7639,1069,90,0,8798,,,,,
2024,8083.0,City of Harbor Springs - (MI),Municipal,Y,MI,MISO,2901,968,8,,3877,,,,,,,,,,,,,,,,2901.0,968.0,8.0,0.0,3877.0,,,,,,,,,,,,,,,
2024,8122.0,Harlan Municipal Utilities - (IA),Municipal,Y,IA,MISO,2326,376,164,,2866,,,,,,,,,,,,,,,,2326.0,376.0,164.0,0.0,2866.0,,,,,,,,,,,,,,,
2024,8131.0,City of Harmony - (MN),Municipal,Y,MN,MISO,528,132,4,,664,103,22,,,125,,,,,,,,,,,631.0,154.0,4.0,0.0,789.0,739,1741,,,2480,,,,,,,,,,
2024,8147.0,City of Harriman - (TN),Municipal,,TN,TVA,0,0,0,0,0,9335,1986,1,0,11322,0,0,0,0,0,0,0,0,0,0,9335.0,1986.0,1.0,0.0,11322.0,123988,63606,68619,0,256213,9335,1986,1,0,11322,0,0,0,0,0
2024,8179.0,Harrison County Rural E M C,Cooperative,,IN,MISO,,,19,,19,23213,1451,,,24664,,,,,,8,,,,8,23221.0,1451.0,19.0,0.0,24691.0,351824,80264,,,432088,23213,1451,,,24664,,,,,
2024,8183.0,Harmon Electric Assn Inc,Cooperative,Y,OK,SWPP,2296,857,24,,3177,,,,,,,,,,,,,,,,2296.0,857.0,24.0,0.0,3177.0,,,,,,,,,,,,,,,
2024,8183.0,Harmon Electric Assn Inc,Cooperative,Y,TX,SWPP,328,163,,,491,,,,,0,,,,,,,,,,,328.0,163.0,0.0,0.0,491.0,,,,,0,,,,,,,,,,
2024,8192.0,"Harrison Rural Elec Assn, Inc",Cooperative,Y,WV,PJM,,,,,0,6351,687,3,,7041,,,,,,,,,,,6351.0,687.0,3.0,0.0,7041.0,61477,24595,5026,,91098,,,,,,,,,,
2024,8198.0,City of Harrisonburg - (VA),Municipal,,VA,PJM,,,,,,18083,3603,13,,21699,,,,,,6,,,,6,18089.0,3603.0,13.0,0.0,21705.0,203591,371332,113817,,688740,10397,1488,6,,11891,,,,,
2024,8199.0,City of Harrisonville - (MO),Municipal,Y,MO,SWPP,4162,517,,,4679,,,,,,,,,,,,,,,,4162.0,517.0,0.0,0.0,4679.0,,,,,,,,,,,,,,,
2024,8205.0,City of Hart Hydro - (MI),Municipal,Y,MI,MISO,,,,,0,1084,319,6,,1409,,,,,,,,,,,1084.0,319.0,6.0,0.0,1409.0,7576,15609,16976,,40161,,,,,,,,,,
2024,8209.0,City of Hartford - (AL),Municipal,Y,AL,SOCO,1211,202,3,,1416,,,,,,,,,,,,,,,,1211.0,202.0,3.0,0.0,1416.0,,,,,,,,,,,,,,,
2024,8210.0,Hart Electric Member Corp,Cooperative,,GA,SOCO,,,,,,30297,9549,23,,39869,,,,,,19,,,,19,30316.0,9549.0,23.0,0.0,39888.0,414881,199721,26200,,640802,30297,9549,23,,39869,,,,,
2024,8212.0,Hartford Electric,Municipal,,WI,MISO,3,0,0,0,3,6998,976,8,0,7982,,,,,,0,0,0,0,0,7001.0,976.0,8.0,0.0,7985.0,51874,79832,169306,0,301012,6998,966,7,0,7971,,,,,
2024,8214.0,City of Hartley - (IA),Municipal,Y,IA,SWPP,805,124,26,,955,,,,,0,,,,,,,,,,,805.0,124.0,26.0,0.0,955.0,,,,,,,,,,,,,,,
2024,8226.0,City of Hartselle,Municipal,,AL,TVA,0,0,0,0,0,0,0,2,0,2,0,0,0,0,0,4629,1124,0,0,5753,4629.0,1124.0,2.0,0.0,5755.0,0,0,28737,0,28737,0,0,0,0,0,0,0,0,0,0
2024,8240.0,Village of Haskins - (OH),Municipal,Y,OH,PJM,512,41,2,,555,,,,,,,,,,,,,,,,512.0,41.0,2.0,0.0,555.0,,,,,,,,,,,,,,,
2024,8245.0,City of Hastings - (NE),Municipal,,NE,SWPP,2056,435,7,,2498,9500,2000,113,,11613,,,,,,,,,,,11556.0,2435.0,120.0,0.0,14111.0,91353,90293,157119,,338765,,,,,,,,,,
2024,8254.0,Borough of Hatfield- (PA),Municipal,Y,PA,PJM,0,0,0,,0,1626,212,13,,1851,,,,,,,,,,,1626.0,212.0,13.0,0.0,1851.0,11052,2914,9039,,23005,,,,,,,,,,
2024,8283.0,Harrison County Rrl Elec Coop,Cooperative,Y,IA,SWPP,,,,,,3896,1171,142,,5209,,,,,,,,,,,3896.0,1171.0,142.0,0.0,5209.0,42035,15770,78135,,135940,,,,,,,,,,
2024,8287.0,Hawaii Electric Light Co Inc,Investor Owned,,HI,NA,1425,164,,,1589,74036,10246,100,,84382,,,,,,3474,671,1,,4146,78935.0,11081.0,101.0,0.0,90117.0,337762,197720,137202,,672684,74036,10381,,,84417,,,,,
2024,8288.0,City of Hawarden - (IA),Municipal,Y,IA,MISO,,,,,,1026,299,10,,1335,,,,,,,,,,,1026.0,299.0,10.0,0.0,1335.0,11314,9659,4308,,25281,,,,,,,,,,
2024,8307.0,Hawley Public Utilities Comm,Municipal,Y,MN,MISO,995,206,,,1201,,,,,,,,,,,,,,,,995.0,206.0,0.0,0.0,1201.0,,,,,,,,,,,,,,,
2024,8319.0,Heartland Power Coop,Cooperative,,IA,MISO,,,,,,4351,950,10,,5311,,,,,,,,,,,4351.0,950.0,10.0,0.0,5311.0,79791,45143,239067,,364001,4351,950,10,,5311,,,,,
2024,8319.0,Heartland Power Coop,Cooperative,,MN,MISO,,,,,,38,,,,38,,,,,,,,,,,38.0,0.0,0.0,0.0,38.0,964,,,,964,38,,,,38,,,,,
2024,8333.0,Haywood Electric Member Corp,Cooperative,,GA,DUK,,,,,0,433,6,,,439,,,,,,,,,,,433.0,6.0,0.0,0.0,439.0,3635,26,,,3661,,,,,,,,,,
2024,8333.0,Haywood Electric Member Corp,Cooperative,,NC,DUK,,,,,,29078,936,19,,30033,,,,,,,,,,,29078.0,936.0,19.0,0.0,30033.0,281201,25537,6396,,313134,,,,,,,,,,
2024,8333.0,Haywood Electric Member Corp,Cooperative,,SC,DUK,,,,,,9,5,,,14,,,,,,,,,,,9.0,5.0,0.0,0.0,14.0,58,60,,,118,,,,,,,,,,
2024,8348.0,City of Healdsburg - (CA),Municipal,Y,CA,CISO,2276,539,37,,2852,2735,545,25,,3305,,,,,,,,,,,5011.0,1084.0,62.0,0.0,6157.0,15858,25580,3737,,45175,,,,,,,,,,
2024,8366.0,Heber Light & Power Company,Municipal,Y,UT,PACE,,,,,,13882,2285,,,16167,,,,,,,,,,,13882.0,2285.0,0.0,0.0,16167.0,131051,90171,,,221222,,,,,,,,,,
2024,8428.0,City of Helper - (UT),Municipal,Y,UT,PACE,997,125,10,,1132,,,,,,,,,,,,,,,,997.0,125.0,10.0,0.0,1132.0,,,,,,,,,,,,,,,
2024,8432.0,City of Hemphill - (TX),Municipal,Y,TX,MISO,0,0,0,,0,532,0,0,,532,,,,,,,,,,,532.0,0.0,0.0,0.0,532.0,5785,0,0,,5785,,,,,,,,,,
2024,8435.0,City of Hempstead - (TX),Municipal,Y,TX,ERCO,0,0,0,,0,2219,209,0,,2428,,,,,,,,,,,2219.0,209.0,0.0,0.0,2428.0,44472,22247,0,,66719,,,,,,,,,,
2024,8447.0,Hendricks County Rural E M C,Cooperative,,IN,MISO,,,,,,37638,1047,5,,38690,,,,,,,1,,,1,37638.0,1048.0,5.0,0.0,38691.0,520530,295743,66334,,882607,37638,1046,5,,38689,549,,,,549
2024,8449.0,Henderson City Utility Comm,Municipal,,KY,MISO,,,,,,,,,,,,,,,,10354,1616,33,,12003,10354.0,1616.0,33.0,0.0,12003.0,,,,,,,,,,,,,,,
2024,8459.0,City of Henning - (MN),Municipal,Y,MN,MISO,425,122,,,547,,,,,,,,,,,,,,,,425.0,122.0,0.0,0.0,547.0,,,,,,,,,,,,,,,
2024,8466.0,Henry County Rural E M C,Cooperative,Y,IN,MISO,,,,,0,9495,166,11,,9672,,,,,,,,,,,9495.0,166.0,11.0,0.0,9672.0,133200,23915,38842,,195957,,,,,,,,,,
2024,8490.0,City of Herington - (KS),Municipal,Y,KS,SWPP,1313,,,,1313,,,,,0,,,,,,,,,,,1313.0,0.0,0.0,0.0,1313.0,,,,,0,,,,,,,,,,
2024,8493.0,City of Hermann,Municipal,Y,MO,AECI,1013,514,7,,1534,,,,,,,,,,,,,,,,1013.0,514.0,7.0,0.0,1534.0,,,,,,,,,,,,,,,
2024,8515.0,City of Hermiston,Municipal,Y,OR,BPAT,,,,,0,4761,841,2,,5604,,,,,,,,,,,4761.0,841.0,2.0,0.0,5604.0,53575,53131,340,,107046,,,,,,,,,,
2024,8517.0,City of Hertford - (NC),Municipal,Y,NC,CPLE,,1,,,1,927,276,,,1203,,,,,,,,,,,927.0,277.0,0.0,0.0,1204.0,10399,12774,,,23173,,,,,,,,,,
2024,8532.0,City of Heyburn - (ID),Municipal,Y,ID,BPAT,,,,,,1529,151,5,,1685,,,,,,,,,,,1529.0,151.0,5.0,0.0,1685.0,19227,7691,34034,,60952,,,,,,,,,,
2024,8548.0,City of Hickman,Municipal,,KY,TVA,0,0,0,0,0,821,232,0,0,1053,0,0,0,0,0,0,0,0,0,0,821.0,232.0,0.0,0.0,1053.0,9328,6661,0,0,15989,821,232,0,0,1053,0,0,0,0,0
2024,8566.0,High Plains Power Inc,Cooperative,,WY,WACM,0,0,0,0,0,12674,410,736,0,13820,0,0,0,0,0,0,0,0,0,0,12674.0,410.0,736.0,0.0,13820.0,146725,41551,688998,0,877274,12674,409,736,0,13819,0,0,0,0,0
2024,8567.0,City of Higginsville - (MO),Municipal,Y,MO,SWPP,,,,,,2129,433,71,,2633,,,,,,,,,,,2129.0,433.0,71.0,0.0,2633.0,21604,12582,17251,,51437,,,,,,,,,,
2024,8570.0,Highline Electric Assn,Cooperative,,CO,WACM,7,4,5,,16,5036,1394,2093,,8523,,,,,,4,,,,4,5047.0,1398.0,2098.0,0.0,8543.0,53744,54474,176808,,285026,1780,824,559,,3163,,,,,
2024,8570.0,Highline Electric Assn,Cooperative,,NE,WACM,,,,,,751,194,1050,,1995,,,,,,1,,,,1,752.0,194.0,1050.0,0.0,1996.0,8106,8410,61317,,77833,242,93,304,,639,,,,,
2024,8571.0,Town of High Point,Municipal,,NC,DUK,38079,,,,38079,0,,,,0,,,,,,,5926,190,,6116,38079.0,5926.0,190.0,0.0,44195.0,,,,,,,,,,,,,,,
2024,8573.0,City of Highland,Municipal,Y,IL,MISO,691,190,10,,891,5401,483,140,,6024,,,,,,,,,,,6092.0,673.0,150.0,0.0,6915.0,81958,7328,2122,,91408,,,,,,,,,,
2024,8574.0,"Jackson Electric Coop, Inc - (WI)",Cooperative,Y,WI,MISO,,,,,,9384,343,13,,9740,,,,,,,,,,,9384.0,343.0,13.0,0.0,9740.0,82738,23651,80866,,187255,,,,,,,,,,
2024,8579.0,City of Highlands - (NC),Municipal,Y,NC,DUK,2518,456,,,2974,,,,,,,,,,,,,,,,2518.0,456.0,0.0,0.0,2974.0,,,,,,,,,,,,,,,
2024,8599.0,City of Hill City,Municipal,Y,KS,SWPP,799,186,,,985,,,,,,,,,,,,,,,,799.0,186.0,0.0,0.0,985.0,,,,,,,,,,,,,,,
2024,8610.0,City of Hinton,Municipal,Y,IA,MISO,334,51,8,,393,,,,,,,,,,,,,,,,334.0,51.0,8.0,0.0,393.0,,,,,,,,,,,,,,,
2024,8620.0,"HILCO Electric Cooperative, Inc.",Cooperative,,TX,ERCO,26883,8438,0,0,35321,,,,,,,,,,,,,,,,26883.0,8438.0,0.0,0.0,35321.0,,,,,,,,,,,,,,,
2024,8628.0,City of Hillsboro - (ND),Municipal,Y,ND,MISO,867,149,0,,1016,,,,,,,,,,,,,,,,867.0,149.0,0.0,0.0,1016.0,,,,,,,,,,,,,,,
2024,8629.0,City of Hillsboro - (KS),Municipal,Y,KS,SWPP,1170,271,,,1441,,,,,,,,,,,,,,,,1170.0,271.0,0.0,0.0,1441.0,,,,,,,,,,,,,,,
2024,8631.0,Hillsdale Board of Public Wks,Municipal,Y,MI,MISO,,,,,,5181,886,23,,6090,,,,,,,,,,,5181.0,886.0,23.0,0.0,6090.0,37199,39721,35646,,112566,,,,,,,,,,
2024,8632.0,"Hill County Electric Coop, Inc",Cooperative,Y,MT,NWMT,,,,,0,3706,261,3,,3970,,,,,,,,,,,3706.0,261.0,3.0,0.0,3970.0,36288,34188,103026,,173502,,,,,,,,,,
2024,8698.0,City of Hogansville - (GA),Municipal,Y,GA,SOCO,1745,219,,,1964,,,,,,,,,,,,,,,,1745.0,219.0,0.0,0.0,1964.0,,,,,,,,,,,,,,,
2024,8699.0,Inland Power & Light Company,Cooperative,,ID,BPAT,0,0,0,,0,2110,152,2,,2264,,,,,0,5,0,0,,5,2115.0,152.0,2.0,0.0,2269.0,36933,4549,9,,41491,2110,152,2,,2264,0,0,0,,0
2024,8699.0,Inland Power & Light Company,Cooperative,,WA,BPAT,0,0,0,,0,41605,3348,504,,45457,,,,,,79,0,0,,79,41684.0,3348.0,504.0,0.0,45536.0,715220,209378,99958,,1024556,41684,3348,504,,45536,0,0,0,,0
2024,8700.0,Hohokam Irr & Drain Dist,Political Subdivision,Y,AZ,WALC,,,,,,1821,248,2,,2071,,,,,,,,,,,1821.0,248.0,2.0,0.0,2071.0,30089,16491,2277,,48857,,,,,,,,,,
2024,8703.0,City of Hoisington - (KS),Municipal,Y,KS,SWPP,1359,190,,,1549,,,,,,,,,,,,,,,,1359.0,190.0,0.0,0.0,1549.0,,,,,,,,,,,,,,,
2024,8715.0,Town of Holden - (MA),Municipal,Y,MA,ISNE,7902,484,24,,8410,,,,,0,,,,,,,,,,,7902.0,484.0,24.0,0.0,8410.0,,,,,,,,,,,,,,,
2024,8717.0,City of Holdrege,Municipal,Y,NE,SWPP,3077,715,1,,3793,,,,,,,,,,,,,,,,3077.0,715.0,1.0,0.0,3793.0,,,,,,,,,,,,,,,
2024,8723.0,City of Holland,Municipal,,MI,MISO,,,,,,26593,4674,193,,31460,,,,,,15,,,,15,26608.0,4674.0,193.0,0.0,31475.0,184884,319564,626843,,1131291,,,,,,,,,,
2024,8733.0,Village of Holley - (NY),Municipal,Y,NY,NYIS,864,112,27,,1003,,,,,,,,,,,,,,,,864.0,112.0,27.0,0.0,1003.0,,,,,,,,,,,,,,,
2024,8748.0,City of Holly Springs,Municipal,,MS,TVA,0,0,0,0,0,9399,2611,2,0,12012,0,0,0,0,0,0,0,0,0,0,9399.0,2611.0,2.0,0.0,12012.0,87102,45244,5463,0,137809,0,0,0,0,0,0,0,0,0,0
2024,8761.0,Holmes-Wayne Electric Coop Inc,Cooperative,,OH,PJM,,,,,,256,582,22,,860,,,,,,14458,2629,0,,17087,14714.0,3211.0,22.0,0.0,17947.0,3692,83324,89625,,176641,,,,,,,,,,
2024,8764.0,"Holston Electric Coop, Inc",Cooperative,,TN,TVA,0,0,0,0,0,25773,6698,16,0,32487,0,0,0,0,0,0,0,0,0,0,25773.0,6698.0,16.0,0.0,32487.0,359154,145281,269667,0,774102,25733,6698,11,0,32442,0,0,0,0,0
2024,8773.0,"Holy Cross Electric Assn, Inc",Cooperative,,CO,PSCO,,,,,,49590,11062,22,,60674,,,,,,98,70,0,,168,49688.0,11132.0,22.0,0.0,60842.0,590364,523035,60623,,1174022,45857,9793,0,,55650,,,,,
2024,8774.0,City of Holyoke - (MA),Municipal,,MA,ISNE,6656,848,3,0,7507,8495,1796,27,0,10318,,,,0,0,1,,,0,1,15152.0,2644.0,30.0,0.0,17826.0,52290,176739,1968,,230997,,,,,,,,,,
2024,8780.0,"Fox Islands Electric Coop, Inc",Cooperative,Y,ME,ISNE,,,,,,1778,348,0,,2126,,,,,,,,,,,1778.0,348.0,0.0,0.0,2126.0,7361,3209,0,,10570,,,,,,,,,,
2024,8786.0,Horry Electric Coop Inc,Cooperative,,SC,SC,86726,12280,8,,99014,,,,,,,,,,,,,,,,86726.0,12280.0,8.0,0.0,99014.0,,,,,,,,,,,,,,,
2024,8795.0,City of Homestead - (FL),Municipal,,FL,HST,19073,2090,605,,21768,6979,43,5,,7027,,,,,,,,,,,26052.0,2133.0,610.0,0.0,28795.0,113921,839,774,,115534,,,,,,,,,,
2024,8796.0,City of Hingham - (MA),Municipal,Y,MA,ISNE,9371,1193,6,,10570,,,,,,,,,,,,,,,,9371.0,1193.0,6.0,0.0,10570.0,,,,,,,,,,,,,,,
2024,8797.0,Hull Municipal Light Plant,Municipal,Y,MA,ISNE,,,,,,5889,304,,,6193,,,,,,,,,,,5889.0,304.0,0.0,0.0,6193.0,35003,12315,,,47318,,,,,,,,,,
2024,8799.0,City of Hominy - (OK),Municipal,Y,OK,SWPP,1300,80,,,1380,,,,,0,,,,,,,,,,,1300.0,80.0,0.0,0.0,1380.0,,,,,0,,,,,,,,,,
2024,8801.0,City of Hondo - (TX),Municipal,Y,TX,ERCO,,,,,,2368,451,1,,2820,,,,,,,,,,,2368.0,451.0,1.0,0.0,2820.0,33134,5698,5982,,44814,,,,,,,,,,
2024,8824.0,M J M Electric Cooperative Inc,Cooperative,Y,IL,MISO,,,,,,9573,,,,9573,,,,,,,,,,,9573.0,0.0,0.0,0.0,9573.0,132563,,,,132563,,,,,,,,,,
2024,8825.0,Town of Hookerton - (NC),Municipal,Y,NC,CPLE,389,,,,389,,,,,,,,,,,,,,,,389.0,0.0,0.0,0.0,389.0,,,,,,,,,,,,,,,
2024,8830.0,Hood River Electric Coop,Cooperative,Y,OR,BPAT,3517,292,206,,4015,,,,,,,,,,,,,,,,3517.0,292.0,206.0,0.0,4015.0,,,,,,,,,,,,,,,
2024,8840.0,City of Hope - (AR),Municipal,,AR,MISO,0,0,0,0,0,5782,1099,1,,6882,0,0,0,0,0,0,0,0,0,0,5782.0,1099.0,1.0,0.0,6882.0,63051,110380,44822,0,218253,5782,1099,1,0,6882,,,,,
2024,8846.0,City of Hopkinsville,Municipal,,KY,TVA,0,0,0,0,0,9832,3030,3,0,12865,0,0,0,0,0,0,0,0,0,0,9832.0,3030.0,3.0,0.0,12865.0,117129,126059,146284,0,389472,9822,2974,3,0,12799,0,0,0,0,0
2024,8847.0,City of Hopkinton - (IA),Municipal,Y,IA,MISO,341,56,1,,398,,,,,,,,,,,,,,,,341.0,56.0,1.0,0.0,398.0,,,,,,,,,,,,,,,
2024,8871.0,City of Horton - (KS),Municipal,Y,KS,SWPP,1043,162,3,,1208,,,,,0,,,,,,,,,,,1043.0,162.0,3.0,0.0,1208.0,,,,,,,,,,,,,,,
2024,8883.0,Houlton Water Company,Municipal,,ME,NBSO,0,0,0,0,0,0,0,0,0,0,0,0,0,0,0,3907,1511,78,,5496,3907.0,1511.0,78.0,0.0,5496.0,,,,,0,0,0,0,0,0,0,0,0,0,0
2024,8884.0,Terrebonne Parish Consol Gov't,Municipal,,LA,MISO,0,0,,,0,0,0,,,0,0,0,,,0,11218,2586,,,13804,11218.0,2586.0,0.0,0.0,13804.0,,,,,,,,,,,,,,,
2024,8896.0,City of Houston - (MO),Municipal,Y,MO,AECI,,,,,,741,272,,,1013,,,,,,,,,,,741.0,272.0,0.0,0.0,1013.0,7410,2720,,,10130,,,,,,,,,,
2024,8898.0,Houston County Elec Coop Inc,Cooperative,,TX,ERCO,,,,,,21426,1466,9,,22901,,,,,,,,,,,21426.0,1466.0,9.0,0.0,22901.0,220692,59552,129188,,409432,,,,,,,,,,
2024,8901.0,CenterPoint Energy,Investor Owned,,TX,ERCO,0,8717,2057,15,10789,2506143,316853,0,352,2823348,,,,,,141,,,,141,2506284.0,325570.0,2057.0,367.0,2834278.0,32766665,19273445,0,25414,52065524,,,,,,,,,,
2024,8911.0,Howard Electric Coop,Cooperative,Y,MO,AECI,,,,,,3557,137,,,3694,,,,,,,,,,,3557.0,137.0,0.0,0.0,3694.0,44208,8545,,,52753,,,,,,,,,,
2024,8919.0,City of Howard - (SD),Municipal,Y,SD,MISO,517,98,6,,621,,,,,,,,,,,,,,,,517.0,98.0,6.0,0.0,621.0,,,,,,,,,,,,,,,
2024,8924.0,Howard Greeley Rural P P D,Political Subdivision,Y,NE,SWPP,,,,,,3804,1382,697,,5883,,,,,,,,,,,3804.0,1382.0,697.0,0.0,5883.0,53711,26429,13879,,94019,,,,,,,,,,
2024,8934.0,"Howell-Oregon Elec Coop, Inc",Cooperative,,MO,AECI,23090,2519,122,,25731,,,,,,,,,,,11,22,,,33,23101.0,2541.0,122.0,0.0,25764.0,,,,,,,,,,,,,,,
2024,8972.0,City of Hudson - (OH),Municipal,Y,OH,PJM,6149,856,,,7005,,,,,,,,,,,,,,,,6149.0,856.0,0.0,0.0,7005.0,,,,,,,,,,,,,,,
2024,8973.0,Town of Hudson - (MA),Municipal,,MA,ISNE,0,0,0,,0,11443,1874,152,,13469,,,,,,5,27,14,,46,11448.0,1901.0,166.0,0.0,13515.0,104383,25697,66744,,196824,,,,,,,,,,
2024,9022.0,City of Hubbell- (NE),Municipal,Y,NE,SWPP,35,10,6,,51,,,,,,,,,,,,,,,,35.0,10.0,6.0,0.0,51.0,,,,,,,,,,,,,,,
2024,9023.0,City of Humboldt,Municipal,,TN,TVA,0,0,0,0,0,3529,1051,5,0,4585,0,0,0,0,0,0,0,0,0,0,3529.0,1051.0,5.0,0.0,4585.0,43266,60710,105315,0,209291,3529,1051,5,0,4585,0,0,0,0,0
2024,9087.0,Town of Huntersville - (NC),Municipal,,NC,DUK,8112,829,7,,8948,,,,,,,,,,,,,,,,8112.0,829.0,7.0,0.0,8948.0,,,,,,,,,,,,,,,
2024,9088.0,City of Huntingburg - (IN),Municipal,Y,IN,MISO,3201,476,32,,3709,,,,,,,,,,,,,,,,3201.0,476.0,32.0,0.0,3709.0,,,,,,,,,,,,,,,
2024,9094.0,City of Huntsville - (AL),Municipal,,AL,TVA,0,0,0,0,0,197537,23010,29,0,220576,0,0,0,0,0,0,0,0,0,0,197537.0,23010.0,29.0,0.0,220576.0,2779774,2168220,466766,0,5414760,197537,23010,29,0,220576,0,0,0,0,0
2024,9096.0,City of Lafayette - (LA),Municipal,,LA,MISO,,,,,0,59961,12382,,,72343,,,,,,314,14,,,328,60275.0,12396.0,0.0,0.0,72671.0,852488,1117391,,,1969879,,,,,,,,,,
2024,9124.0,Hustisford Utilities,Municipal,,WI,MISO,0,0,0,0,0,1299,291,0,0,1590,,,,,,0,0,0,0,0,1299.0,291.0,0.0,0.0,1590.0,11017,7160,0,0,18177,1315,282,0,0,1597,,,,,
2024,9128.0,Hurricane City Power,Municipal,Y,UT,PACE,8388,1321,45,,9754,,,,,,,,,,,,,,,,8388.0,1321.0,45.0,0.0,9754.0,,,,,,,,,,,,,,,
2024,9130.0,Hutchinson Utilities Comm,Municipal,,MN,MISO,,,,,,6653,1009,3,0,7665,,,,,,,,,,,6653.0,1009.0,3.0,0.0,7665.0,54495,95296,109141,0,258932,,,,,,,,,,
2024,9163.0,Hyrum City Corporation,Municipal,Y,UT,PACE,,,,,0,4117,229,2,,4348,,,,,,,,,,,4117.0,229.0,2.0,0.0,4348.0,27459,44441,39641,,111541,,,,,,,,,,
2024,9186.0,"Idaho County L&P Coop Assn, Inc",Cooperative,Y,ID,AVA,4179,361,1,,4541,,,,,,,,,,,,,,,,4179.0,361.0,1.0,0.0,4541.0,,,,,,,,,,,,,,,
2024,9187.0,City of Idaho Falls - (ID),Municipal,,ID,PACE,0,0,0,0,0,28142,4634,6,0,32782,0,0,0,0,0,0,0,0,0,0,28142.0,4634.0,6.0,0.0,32782.0,321312,383763,59060,0,764135,28142,4634,6,0,32782,0,0,0,0,0
2024,9191.0,Idaho Power Co,Investor Owned,,ID,IPCO,636,42,0,0,678,524884,75255,20082,0,620221,,,,,,232,138,104,,474,525752.0,75435.0,20186.0,0.0,621373.0,5765846,4170330,5343242,0,15279418,524884,75255,20082,0,620221,17641,,2718,,20359
2024,9191.0,Idaho Power Co,Investor Owned,,OR,IPCO,39,4,0,0,43,14049,3643,2429,0,20121,,,,,,9,19,1,0,29,14097.0,3666.0,2430.0,0.0,20193.0,186090,155385,331932,0,673407,14049,3643,2429,0,20121,190,,39,,229
2024,9200.0,Village of Ilion - (NY),Municipal,Y,NY,NYIS,3476,509,113,,4098,,,,,,,,,,,,,,,,3476.0,509.0,113.0,0.0,4098.0,,,,,,,,,,,,,,,
2024,9209.0,Illinois Rural Electric Coop,Cooperative,Y,IL,MISO,0,,,,0,10153,,,,10153,,,,,,,,,,,10153.0,0.0,0.0,0.0,10153.0,195642,,,,195642,,,,,,,,,,
2024,9216.0,Imperial Irrigation District,Political Subdivision,,CA,IID,16,6,27,,49,143020,22006,782,,165808,,,,,,15,6,0,,21,143051.0,22018.0,809.0,0.0,165878.0,1655083,1496182,73503,,3224768,,,,,,,,,,
2024,9217.0,City of Imperial,Municipal,Y,NE,SWPP,,,,,0,997,221,179,,1397,,,,,,,,,,,997.0,221.0,179.0,0.0,1397.0,11057,3261,15412,,29730,,,,,,,,,,
2024,9230.0,City of Independence - (IA),Municipal,,IA,MISO,0,0,0,0,0,2720,473,1,0,3194,,,,,,0,0,0,0,0,2720.0,473.0,1.0,0.0,3194.0,21131,37089,14770,0,72990,2719,473,1,0,3193,,,,,
2024,9231.0,City of Independence - (MO),Municipal,,MO,SWPP,,,,,,,,,,,,,,,,54655,5330,26,0,60011,54655.0,5330.0,26.0,0.0,60011.0,,,,,,,,,,,,,,,
2024,9246.0,"Indian Electric Coop, Inc",Cooperative,,OK,SWPP,14839,5655,11,,20505,,,,,,,,,,,,,,,,14839.0,5655.0,11.0,0.0,20505.0,,,,,,,,,,,,,,,
2024,9273.0,AES Indiana,Investor Owned,,IN,MISO,2,13,,,15,473931,57771,5676,,537378,,,,,,211,5,40,,256,474144.0,57789.0,5716.0,0.0,537649.0,5048000,1774000,6041000,,12863000,426636,19668,2403,,448707,66534,0,2,,66536
2024,9274.0,City of Indianola - (NE),Municipal,Y,NE,SWPP,304,50,,,354,,,,,,,,,,,,,,,,304.0,50.0,0.0,0.0,354.0,,,,,,,,,,,,,,,
2024,9275.0,Indianola Municipal Utilities,Municipal,Y,IA,MISO,7809,859,12,,8680,,,,,0,,,,,,,,,,,7809.0,859.0,12.0,0.0,8680.0,,,,,,,,,,,,,,,
2024,9292.0,Inter County Energy Coop Corp - (KY),Cooperative,,KY,PJM,,,,,,26655,1352,10,,28017,,,,,,,,,,,26655.0,1352.0,10.0,0.0,28017.0,350346,59906,173229,,583481,26655,1352,10,,28017,,,,,
2024,9324.0,Indiana Michigan Power Co,Investor Owned,,IN,PJM,2465,222,9,0,2696,421760,55630,3931,0,481321,,,,0,0,38,133,76,0,247,424263.0,55985.0,4016.0,0.0,484264.0,3290787,3329347,3590454,0,10210588,420643,55537,3912,0,480092,9983,1,0,0,9984
2024,9324.0,Indiana Michigan Power Co,Investor Owned,,MI,PJM,471,2,0,0,473,112520,18857,792,0,132169,0,0,0,0,0,3,56,24,0,83,112994.0,18915.0,816.0,0.0,132725.0,1088328,965106,691630,0,2745064,112195,18641,732,0,131568,1214,0,0,0,1214
2024,9331.0,Intercounty Electric Coop Assn - (MO),Cooperative,,MO,AECI,,,,,,29705,2061,14,,31780,,,,,,,,,,,29705.0,2061.0,14.0,0.0,31780.0,415522,69384,45130,,530036,29705,2061,14,,31780,,,,,
2024,9336.0,CORE Electric Cooperative,Cooperative,,CO,PSCO,,,,,,165087,15744,12,,180843,,,,,,,,,,,165087.0,15744.0,12.0,0.0,180843.0,1710656,856370,64652,,2631678,,,,,,,,,,
2024,9417.0,Interstate Power and Light Co,Investor Owned,,IA,MISO,9,39,68,,116,410560,81828,897,,493285,,,,,,4164,2331,355,,6850,414733.0,84198.0,1320.0,0.0,500251.0,3471590,3312245,1512323,,8296158,,173,43,,216,35445,,,,35445
2024,9422.0,J-A-C Electric Coop Inc,Cooperative,Y,TX,ERCO,4876,1108,,,5984,,,,,,,,,,,,,,,,4876.0,1108.0,0.0,0.0,5984.0,,,,,,,,,,,,,,,
2024,9425.0,Iowa Lakes Electric Coop,Cooperative,,IA,SWPP,,,,,0,9744,3429,78,,13251,,,,,,,,,,,9744.0,3429.0,78.0,0.0,13251.0,168339,130665,302706,,601710,9714,3414,78,,13206,5020,,27,,5047
2024,9431.0,Irwin Electric Membership Corp,Cooperative,Y,GA,SOCO,0,0,0,,0,10912,409,1532,,12853,,,,,,,,,,,10912.0,409.0,1532.0,0.0,12853.0,134836,21530,33102,,189468,,,,,,,,,,
2024,9442.0,Town of Ipswich - (MA),Municipal,Y,MA,ISNE,0,0,0,,0,6206,988,11,,7205,,,,,,,,,,,6206.0,988.0,11.0,0.0,7205.0,52635,35334,23973,,111942,,,,,,,,,,
2024,9475.0,Itasca-Mantrap Co-op Electrical Assn,Cooperative,,MN,MISO,,,,,,15275,1295,410,,16980,,,,,,11,0,0,,11,15286.0,1295.0,410.0,0.0,16991.0,122108,20292,141366,,283766,11200,1075,406,,12681,3447,177,362,,3986
2024,9541.0,City of Iuka - (KS),Municipal,Y,KS,SWPP,85,7,,,92,,,,,,,,,,,,,,,,85.0,7.0,0.0,0.0,92.0,,,,,,,,,,,,,,,
2024,9572.0,Village of Jackson Center - (OH),Municipal,Y,OH,PJM,,,,,,662,120,8,,790,,,,,,,,,,,662.0,120.0,8.0,0.0,790.0,6470,4432,13210,,24112,,,,,,,,,,
2024,9575.0,Jackson Energy Coop Corp - (KY),Cooperative,,KY,PJM,,,,,,49423,3857,15,,53295,,,,,,,,,,,49423.0,3857.0,15.0,0.0,53295.0,665206,139293,189286,,993785,49423,3857,15,,53295,675,,,,675
2024,9576.0,Jackson County Rural E M C - (IN),Cooperative,,IN,MISO,,,,,,24215,1160,24,,25399,,,,,,,,,,,24215.0,1160.0,24.0,0.0,25399.0,363693,50263,43890,,457846,24215,1160,24,,25399,,,,,
2024,9590.0,"Jackson Electric Coop, Inc - (TX)",Cooperative,,TX,ERCO,,,,,0,15610,1721,62,,17393,,,,,,,,,,,15610.0,1721.0,62.0,0.0,17393.0,170123,47660,764116,,981899,,,,,,,,,,
2024,9598.0,City of Jackson - (OH),Municipal,Y,OH,PJM,3432,753,11,,4196,,,,,,,,,,,,,,,,3432.0,753.0,11.0,0.0,4196.0,,,,,,,,,,,,,,,
2024,9599.0,City of Jackson - (MN),Municipal,Y,MN,MISO,,,,,,1641,286,44,,1971,,,,,,,,,,,1641.0,286.0,44.0,0.0,1971.0,13183,5970,23944,,43097,,,,,,,,,,
2024,9601.0,Jackson Electric Member Corp - (GA),Cooperative,,GA,SOCO,,,,,0,242502,22797,268,,265567,,,,,,989,38,8,,1035,243491.0,22835.0,276.0,0.0,266602.0,3577781,1572752,729613,,5880146,239558,22797,274,,262629,,,,,
2024,9603.0,City of Jackson - (MO),Municipal,Y,MO,MISO,6742,968,8,,7718,0,0,0,,0,,,,,,,,,,,6742.0,968.0,8.0,0.0,7718.0,0,0,0,,0,,,,,,,,,,
2024,9605.0,Jackson Purchase Energy Corporation,Cooperative,,KY,MISO,,,,,,23979,6722,7,,30708,,,,,,,,,,,23979.0,6722.0,7.0,0.0,30708.0,338928,471428,43136,,853492,,,,,,,,,,
2024,9612.0,City of Jackson - (TN),Municipal,,TN,TVA,0,0,0,0,0,31856,6829,34,0,38719,0,0,0,0,0,0,0,0,0,0,31856.0,6829.0,34.0,0.0,38719.0,408065,547092,691744,0,1646901,31856,6829,34,0,38719,0,0,0,0,0
2024,9613.0,City of Lebanon - (IN),Municipal,,IN,MISO,,,,,0,8076,1340,146,,9562,,,,,,,,,,,8076.0,1340.0,146.0,0.0,9562.0,76278,29665,142004,,247947,8076,1340,146,,9562,,,,,
2024,9616.0,Beaches Energy Services,Municipal,,FL,FPL,1910,,,,1910,,,,,,,,,,,28448,5618,,,34066,30358.0,5618.0,0.0,0.0,35976.0,,,,,,,,,,,,,,,
2024,9617.0,JEA,Municipal,,FL,JEA,,,,,,470564,61115,203,1,531883,,,,,,,,,,,470564.0,61115.0,203.0,1.0,531883.0,6021884,4156854,2690679,3848,12873265,470564,61115,203,1,531883,,,,,
2024,9645.0,Jamestown Board of Public Util,Municipal,,NY,NYIS,0,3,0,0,3,16329,2245,183,0,18757,0,0,0,0,0,0,419,0,0,419,16329.0,2667.0,183.0,0.0,19179.0,151529,148784,95342,0,395655,0,0,0,0,0,0,0,0,0,0
2024,9646.0,Town of Jamestown - (IN),Municipal,Y,IN,MISO,487,57,1,,545,,,,,,,,,,,,,,,,487.0,57.0,1.0,0.0,545.0,,,,,,,,,,,,,,,
2024,9650.0,City of Janesville - (MN),Municipal,Y,MN,MISO,1,,,,1,1056,151,,,1207,,,,,,,,,,,1057.0,151.0,0.0,0.0,1208.0,8140,4157,,,12297,,,,,,,,,,
2024,9664.0,City of Jasper - (TX),Municipal,Y,TX,MISO,4271,1002,,,5273,,,,,,,,,,,,,,,,4271.0,1002.0,0.0,0.0,5273.0,,,,,,,,,,,,,,,
2024,9665.0,Jasper County Rural E M C,Cooperative,,IN,MISO,,,,,0,8122,1577,1,,9700,,,,,,4,2,1,,7,8126.0,1579.0,2.0,0.0,9707.0,102021,126287,8358,,236666,7692,963,1,,8656,85,,,,85
2024,9666.0,Jay County Rural E M C,Cooperative,Y,IN,PJM,,,,,,5293,60,66,,5419,,,,,,,,,,,5293.0,60.0,66.0,0.0,5419.0,90864,6192,101276,,198332,,,,,,,,,,
2024,9667.0,City of Jasper - (IN),Municipal,,IN,MISO,285,60,4,0,349,6156,1218,176,0,7550,,,,,,,,,,,6441.0,1278.0,180.0,0.0,7899.0,59835,13575,417,0,73827,,,,,,,,,,
2024,9668.0,"Jasper-Newton Elec Coop, Inc",Cooperative,,TX,MISO,,,,,0,21180,2571,169,,23920,,,,,,,,,,,21180.0,2571.0,169.0,0.0,23920.0,275394,44456,135696,,455546,,,,,,,,,,
2024,9682.0,"Jefferson Davis Elec Coop, Inc",Cooperative,,LA,MISO,270,,,,270,,,,,,,,,,,8857,1472,126,,10455,9127.0,1472.0,126.0,0.0,10725.0,,,,,0,,,,,,,,,,
2024,9689.0,Jefferson Electric Member Corp,Cooperative,,GA,SOCO,,,,,,34485,1715,454,,36654,,,,,0,5,272,,,277,34490.0,1987.0,454.0,0.0,36931.0,455869,77024,106602,,639495,,,,,,,,,,
2024,9690.0,Jefferson Utilities,Municipal,,WI,MISO,0,0,0,0,0,1496,350,1,0,1847,,,,,,2252,309,0,0,2561,3748.0,659.0,1.0,0.0,4408.0,11143,44158,16469,0,71770,1496,350,1,0,1847,,,,,
2024,9697.0,City of Jellico,Municipal,,KY,TVA,0,0,0,0,0,1763,358,0,0,2121,0,0,0,0,0,0,0,0,0,0,1763.0,358.0,0.0,0.0,2121.0,22691,5360,0,0,28051,0,0,0,0,0,0,0,0,0,0
2024,9697.0,City of Jellico,Municipal,,TN,TVA,0,0,0,0,0,1620,669,1,0,2290,0,0,0,0,0,0,0,0,0,0,1620.0,669.0,1.0,0.0,2290.0,21527,16565,107108,0,145200,0,0,0,0,0,0,0,0,0,0
2024,9699.0,"Jemez Mountains Elec Coop, Inc",Cooperative,,NM,WALC,21968,2142,,,24110,4210,259,,,4469,,,,,0,1601,1067,9,,2677,27779.0,3468.0,9.0,0.0,31256.0,29344,10826,,,40170,,,,,,,,,,
2024,9726.0,Jersey Central Power & Lt Co,Investor Owned,,NJ,PJM,3114,1461,268,7,4850,869684,83316,942,0,953942,869684,83316,942,0,953942,179787,44001,1055,0,224843,1052585.0,128778.0,2265.0,7.0,1183635.0,5046001,1875883,78087,0,6999971,771850,76769,967,0,849586,0,0,0,0,0
2024,9732.0,City of Jetmore,Municipal,Y,KS,SWPP,444,192,,,636,,,,,,,,,,,,,,,,444.0,192.0,0.0,0.0,636.0,,,,,,,,,,,,,,,
2024,9734.0,City of Jewett City - (CT),Municipal,Y,CT,ISNE,,,,,,1899,291,,,2190,,,,,,,,,,,1899.0,291.0,0.0,0.0,2190.0,14437,8037,,,22474,,,,,,,,,,
2024,9739.0,Joe Wheeler Elec Member Corp,Cooperative,,AL,TVA,0,0,0,0,0,36973,9140,22,0,46135,0,0,0,0,0,0,0,0,0,0,36973.0,9140.0,22.0,0.0,46135.0,595913,326951,872520,0,1795384,36973,9140,22,0,46135,0,0,0,0,0
2024,9750.0,"Jo-Carroll Energy, Inc",Cooperative,,IL,MISO,,,,,0,17224,2877,79,,20180,,,,,,3,,5,,8,17227.0,2877.0,84.0,0.0,20188.0,146432,84700,78850,,309982,,,,,,1674,,,,1674
2024,9777.0,Johnson City - (TN),Municipal,,TN,TVA,0,0,0,0,0,72205,11891,13,0,84109,0,0,0,0,0,0,0,0,0,0,72205.0,11891.0,13.0,0.0,84109.0,1001670,731665,224295,0,1957630,72205,11891,0,0,84096,8458,0,0,0,8458
2024,9778.0,Johnson County Rural E M C,Cooperative,,IN,MISO,13,,,,13,28266,3167,42,,31475,,,,,,,,,,,28279.0,3167.0,42.0,0.0,31488.0,367985,116190,96748,,580923,28266,3167,42,,31475,,,,,
2024,9837.0,Jones-Onslow Elec Member Corp,Cooperative,,NC,CPLE,,,,,,79690,4632,4,,84326,,,,,,,,,,,79690.0,4632.0,4.0,0.0,84326.0,1026015,245005,35040,,1306060,79690,4632,4,,84326,,,,,
2024,9879.0,City Water and Light Plant,Municipal,,AR,MISO,2270,1056,0,,3326,32743,4560,38,,37341,,,,,,,,,,,35013.0,5616.0,38.0,0.0,40667.0,472920,262740,577644,,1313304,,,,,,,,,,
2024,9922.0,Jump River Electric Coop Inc,Cooperative,Y,WI,MISO,,,,,0,9321,764,,,10085,,,,,,,,,,,9321.0,764.0,0.0,0.0,10085.0,76654,17099,,,93753,,,,,,,,,,
2024,9936.0,Juneau Utility Comm,Municipal,,WI,MISO,0,0,0,0,0,965,227,2,0,1194,,,,,,0,0,0,0,0,965.0,227.0,2.0,0.0,1194.0,7699,20928,15959,0,44586,970,194,2,0,1166,,,,,
2024,9964.0,Kenergy Corp,Cooperative,,KY,MISO,,,17,,17,47292,12384,9,,59685,,,,,,,,,,,47292.0,12384.0,26.0,0.0,59702.0,670042,304684,81797,,1056523,,,,,,,,,,
2024,9991.0,Kandiyohi Power Coop,Cooperative,Y,MN,MISO,,,,,,10247,1148,7,,11402,,,,,,,,,,,10247.0,1148.0,7.0,0.0,11402.0,101798,47273,11829,,160900,,,,,,,,,,
2024,9996.0,City of Kansas City - (KS),Municipal,,KS,SWPP,0,0,0,0,0,60964,5863,72,0,66899,0,0,0,0,0,511,1219,8,0,1738,61475.0,7082.0,80.0,0.0,68637.0,571428,1070520,507697,0,2149645,,,,,,,,,,
2024,9999.0,Kankakee Valley Rural E M C,Cooperative,,IN,MISO,,,,,,18994,2647,12,,21653,,,,,,,,,,,18994.0,2647.0,12.0,0.0,21653.0,218432,54191,24748,,297371,18994,2647,12,,21653,,,,,
2024,10000.0,Evergy Metro,Investor Owned,,KS,SWPP,,,,,,256449,31356,871,,288676,,,,,0,5,2,9,,16,256454.0,31358.0,880.0,0.0,288692.0,2845535,3217761,225664,,6288960,244551,31291,816,,276658,14497,81,,,14578
2024,10000.0,Evergy Metro,Investor Owned,,MO,SWPP,,,,,,286071,34109,955,23,321158,,,,,,22,16,8,,46,286093.0,34125.0,963.0,23.0,321204.0,2583517,4165943,1456549,2379,8208388,273838,33460,875,1,308174,31080,161,,,31241
2024,10005.0,"Evergy Kansas South, Inc",Investor Owned,,KS,SWPP,,,,,,308480,40759,3243,,352482,,,,,,32,108,49,,189,308512.0,40867.0,3292.0,0.0,352671.0,3126984,2966191,3332876,,9426051,302476,39638,3070,,345184,21329,660,,,21989
2024,10009.0,Karnes Electric Coop Inc,Cooperative,,TX,ERCO,,,,,,13222,9416,511,,23149,,,,,,,,,,,13222.0,9416.0,511.0,0.0,23149.0,231647,640754,629504,,1501905,13222,9416,511,,23149,0,0,0,,0
2024,10012.0,Kay Electric Coop,Cooperative,,OK,SWPP,0,0,0,0,0,4371,1521,7,0,5899,0,0,0,0,0,0,0,0,0,0,4371.0,1521.0,7.0,0.0,5899.0,52805,130493,250547,0,433845,4371,1521,0,0,5892,0,0,0,0,0
2024,10019.0,FreeState Electric Coop,Cooperative,,KS,SWPP,,,,,,17514,1467,11,,18992,,,,,,,,,,,17514.0,1467.0,11.0,0.0,18992.0,222322,37159,22544,,282025,17514,1467,11,,18992,,,,,
2024,10037.0,City of Kasota - (MN),Municipal,Y,MN,MISO,347,34,,,381,,,,,,,,,,,,,,,,347.0,34.0,0.0,0.0,381.0,,,,,,,,,,,,,,,
2024,10040.0,City of Kasson,Municipal,Y,MN,MISO,450,50,,,500,2101,234,,,2335,,,,,,,,,,,2551.0,284.0,0.0,0.0,2835.0,16331,13060,,,29391,,,,,,,,,,
2024,10056.0,City of Kaukauna,Municipal,,WI,MISO,0,0,0,0,0,14716,2108,19,0,16843,,,,,,0,0,0,0,0,14716.0,2108.0,19.0,0.0,16843.0,124114,133536,356560,0,614210,14543,2056,13,0,16612,,,,,
2024,10057.0,City of Lamar - (MO),Municipal,Y,MO,AECI,3,9,1,,13,2038,500,14,,2552,,,,,,,,,,,2041.0,509.0,15.0,0.0,2565.0,20,22,11,,53,,,,,,,,,,
2024,10063.0,Kaysville City Corporation,Municipal,Y,UT,PACE,,,,,0,9921,1107,1,,11029,,,,,,,,,,,9921.0,1107.0,1.0,0.0,11029.0,113451,51775,2785,,168011,,,,,,,,,,
2024,10065.0,KBR Rural Public Power District,Political Subdivision,Y,NE,SWPP,,,,,,3383,795,830,,5008,,,,,,,,,,,3383.0,795.0,830.0,0.0,5008.0,38214,27014,41678,,106906,,,,,,,,,,
2024,10066.0,K C Electric Association,Cooperative,,CO,WACM,,,,,,3404,2560,661,,6625,,,,,,,,,,,3404.0,2560.0,661.0,0.0,6625.0,40943,121498,77042,,239483,3404,2560,661,,6625,,,,,
2024,10071.0,Kauai Island Utility Cooperative,Cooperative,,HI,NA,454,50,0,0,504,29037,5031,113,0,34181,609,0,0,0,609,654,83,0,0,737,30145.0,5164.0,113.0,0.0,35422.0,186140,113605,154218,0,453963,29037,5031,113,0,34181,0,0,0,0,0
2024,10144.0,Kennebunk Light & Power Dist,Municipal,Y,ME,ISNE,2454,190,,,2644,,,,,,,,,,,,,,,,2454.0,190.0,0.0,0.0,2644.0,,,,,,,,,,,,,,,
2024,10152.0,City of Kennett - (MO),Municipal,Y,MO,SWPP,,,,,,4540,699,255,,5494,,,,,,,,,,,4540.0,699.0,255.0,0.0,5494.0,99303,15289,5578,,120170,,,,,,,,,,
2024,10153.0,KEM Electric Coop Inc,Cooperative,Y,ND,SWPP,,,,,,2691,1058,4,,3753,,,,,,,,,,,2691.0,1058.0,4.0,0.0,3753.0,38526,34260,46203,,118989,,,,,,,,,,
2024,10170.0,"Kiamichi Electric Coop, Inc",Cooperative,,OK,AECI,18685,1835,12,,20532,,,,,,,,,,,,,,,,18685.0,1835.0,12.0,0.0,20532.0,,,,,,,,,,,,,,,
2024,10171.0,Kentucky Utilities Co,Investor Owned,,KY,LGEE,2799,777,18,,3594,386859,73688,539,,461086,386859,73688,539,,461086,63906,17565,1662,,83133,453564.0,92030.0,2219.0,0.0,547813.0,4154622,1281650,38347,,5474619,386859,73688,539,,461086,57552,663,0,,58215
2024,10171.0,Kentucky Utilities Co,Investor Owned,,VA,LGEE,1836,562,7,,2405,4892,684,0,,5576,4892,684,0,,5576,16157,3625,109,,19891,22885.0,4871.0,116.0,0.0,27872.0,9081,671,0,,9752,4892,684,0,,5576,,,,,
2024,10179.0,Kenyon Municipal Utilities,Municipal,Y,MN,MISO,903,78,5,,986,,,,,,,,,,,,,,,,903.0,78.0,5.0,0.0,986.0,,,,,,,,,,,,,,,
2024,10181.0,Keosauqua Municipal Light & Pwr,Municipal,Y,IA,SWPP,589,125,3,,717,,,,,,,,,,,,,,,,589.0,125.0,3.0,0.0,717.0,,,,,,,,,,,,,,,
2024,10210.0,Ketchikan Public Utilities,Municipal,,AK,NA,,,,,,5347,515,0,0,5862,,,,,,1214,874,14,0,2102,6561.0,1389.0,14.0,0.0,7964.0,66364,6473,0,0,72837,,,,,,,,,,
2024,10226.0,"Utility Board of the City of Key West, F",Municipal,,FL,FMPP,27264,4609,,,31873,,,,,,,,,,,,,,,,27264.0,4609.0,0.0,0.0,31873.0,,,,,,,,,,,,,,,
2024,10229.0,City of Hickman - (NE),Municipal,Y,NE,SWPP,1426,138,,,1564,,,,,,,,,,,,,,,,1426.0,138.0,0.0,0.0,1564.0,,,,,,,,,,,,,,,
2024,10243.0,City of Kiel - (WI),Municipal,Y,WI,MISO,1632,232,,,1864,,,,,,,,,,,,,,,,1632.0,232.0,0.0,0.0,1864.0,,,,,,,,,,,,,,,
2024,10260.0,City of Kimball - (NE),Municipal,Y,NE,WACM,1361,325,12,,1698,,,,,,,,,,,,,,,,1361.0,325.0,12.0,0.0,1698.0,,,,,,,,,,,,,,,
2024,10320.0,City of Kingfisher - (OK),Municipal,Y,OK,AECI,,,,,,1879,452,0,,2331,,,,,,,,,,,1879.0,452.0,0.0,0.0,2331.0,23316,28097,0,,51413,,,,,,,,,,
2024,10321.0,City of Kingman - (KS),Municipal,Y,KS,SWPP,,,,,,1552,370,14,,1936,,,,,,,,,,,1552.0,370.0,14.0,0.0,1936.0,13362,7275,16166,,36803,,,,,,,,,,
2024,10324.0,City of Kings Mountain - (NC),Municipal,Y,NC,DUK,,,,,0,4615,787,26,,5428,,,,,,,,,,,4615.0,787.0,26.0,0.0,5428.0,53195,45234,42745,,141174,,,,,,,,,,
2024,10325.0,Kings River Conservation Dist,Political Subdivision,,CA,CISO,,,,,,,1,,,1,,,,,,,,,,,0.0,1.0,0.0,0.0,1.0,,450755,,,450755,,1,,,1,,,,,
2024,10326.0,PUD No 1 of Kittitas County,Political Subdivision,Y,WA,BPAT,4541,370,268,,5179,0,0,0,,0,,,,,,,,,,,4541.0,370.0,268.0,0.0,5179.0,0,0,0,,0,,,,,,,,,,
2024,10329.0,"Kingsbury Electric Coop, Inc",Cooperative,Y,SD,SWPP,,,,,,1153,18,1,,1172,,,,,,,,,,,1153.0,18.0,1.0,0.0,1172.0,21267,5266,708,,27241,,,,,,,,,,
2024,10330.0,Town of Kingsford Heights,Municipal,Y,IN,MISO,,,,,,,,,,,,,,,,,,,,,0.0,0.0,0.0,0.0,0.0,,,,,,,,,,,,,,,
2024,10331.0,Kingsport Power Co,Investor Owned,,TN,PJM,23,,,,23,43416,6105,189,,49710,,,,,,,1,16,,17,43439.0,6106.0,205.0,0.0,49750.0,635292,372524,570924,,1578740,43150,6089,187,,49426,,,,,
2024,10345.0,City of Kinston - (NC),Municipal,,NC,CPLE,,,,,,10042,1948,12,,12002,,,,,,,,,,,10042.0,1948.0,12.0,0.0,12002.0,127937,128892,166761,,423590,10042,1945,0,,11987,,,,,
2024,10359.0,Kirbyville Light & Power Co,Municipal,Y,TX,MISO,899,114,0,,1013,,,,,0,,,,,,,,,,,899.0,114.0,0.0,0.0,1013.0,,,,,,,,,,,,,,,
2024,10370.0,City of Kirkwood - (MO),Municipal,,MO,MISO,,,,,,9084,1228,1,,10313,,,,,,,,,,,9084.0,1228.0,1.0,0.0,10313.0,96003,84685,5835,,186523,9084,1228,1,,10313,,,,,
2024,10376.0,Kissimmee Utility Authority,Municipal,,FL,FMPP,3,0,0,,3,83265,12697,48,,96010,0,0,0,,0,17,7,0,,24,83285.0,12704.0,48.0,0.0,96037.0,1069250,601542,150994,,1821786,54901,5723,0,,60624,,,,,
2024,10378.0,"Kit Carson Electric Coop, Inc",Cooperative,,NM,PNM,0,0,,,0,24861,4500,,,29361,,,,,,541,518,,,1059,25402.0,5018.0,0.0,0.0,30420.0,153159,101701,,,254860,14861,500,,,15361,,,,,
2024,10393.0,PUD No 1 of Klickitat County,Political Subdivision,,WA,BPAT,,,,,,11873,2104,254,,14231,,,,,,44,11,0,,55,11917.0,2115.0,254.0,0.0,14286.0,163556,111913,105219,,380688,,,,,,,,,,
2024,10407.0,Town of Knightstown - (IN),Municipal,Y,IN,PJM,,,,,0,1689,50,,,1739,,,,,,,,,,,1689.0,50.0,0.0,0.0,1739.0,14694,9174,,,23868,,,,,,,,,,
2024,10421.0,Knoxville Utilities Board,Municipal,,TN,TVA,0,0,0,0,0,193707,25566,24,0,219297,0,0,0,0,0,0,0,0,0,0,193707.0,25566.0,24.0,0.0,219297.0,2540563,2324105,1016780,0,5881448,193707,0,0,0,193707,0,0,0,0,0
2024,10433.0,Kodiak Electric Assn Inc,Cooperative,,AK,NA,,,,,,4744,1461,122,,6327,,,,,,,,,,,4744.0,1461.0,122.0,0.0,6327.0,39813,24379,84636,,148828,,,,,,,,,,
2024,10447.0,City of Kosciusko - (MS),Municipal,Y,MS,MISO,0,0,0,,0,2271,726,22,,3019,,,,,,,,,,,2271.0,726.0,22.0,0.0,3019.0,23645,22118,16449,,62212,,,,,,,,,,
2024,10448.0,Kosciusko County Rural E M C,Cooperative,,IN,MISO,,,,,0,17416,,1567,,18983,,,,,,19,,1,,20,17435.0,0.0,1568.0,0.0,19003.0,187331,,257240,,444571,17416,,1568,,18984,,,,,
2024,10451.0,Kotzebue Electric Assn Inc,Cooperative,,AK,NA,989,0,0,0,989,238,0,0,0,238,989,0,0,0,989,0,127,0,0,127,1227.0,127.0,0.0,0.0,1354.0,1533,0,0,0,1533,1227,0,0,0,1227,0,0,0,0,0
2024,10454.0,Kootenai Electric Cooperative,Cooperative,,ID,AVA,,,,,,31169,2655,37,0,33861,,,,,,,,,,,31169.0,2655.0,37.0,0.0,33861.0,412201,140814,27592,0,580607,,,,,,,,,,
2024,10454.0,Kootenai Electric Cooperative,Cooperative,,WA,AVA,,,,,,98,5,1,0,104,,,,,,,,,,,98.0,5.0,1.0,0.0,104.0,2377,226,0,0,2603,,,,,,,,,,
2024,10494.0,Borough of Kutztown - (PA),Municipal,Y,PA,PJM,,,,,,2236,277,5,,2518,,,,,,,,,,,2236.0,277.0,5.0,0.0,2518.0,23588,8871,9057,,41516,,,,,,,,,,
2024,10508.0,Village of L'Anse - (MI),Municipal,,MI,MISO,946,208,0,0,1154,0,0,0,0,0,,,,,,0,0,0,0,0,946.0,208.0,0.0,0.0,1154.0,0,0,0,0,0,946,208,0,0,1154,,,,,
2024,10525.0,La Farge Municipal Electric Co,Municipal,Y,WI,MISO,450,94,18,,562,,,,,,,,,,,,,,,,450.0,94.0,18.0,0.0,562.0,,,,,,,,,,,,,,,
2024,10532.0,City of La Grange - (TX),Municipal,Y,TX,ERCO,0,0,0,,0,1844,95,11,,1950,,,,,,,,,,,1844.0,95.0,11.0,0.0,1950.0,24616,1019,2833,,28468,,,,,,,,,,
2024,10536.0,City of La Junta - (CO),Municipal,Y,CO,PSCO,3035,708,57,,3800,,,,,0,,,,,,,,,,,3035.0,708.0,57.0,0.0,3800.0,,,,,,,,,,,,,,,
2024,10538.0,City of La Plata - (MO),Municipal,Y,MO,SWPP,491,77,0,,568,,,,,,,,,,,,,,,,491.0,77.0,0.0,0.0,568.0,,,,,,,,,,,,,,,
2024,10539.0,"La Plata Electric Assn, Inc",Cooperative,,CO,WACM,,,,,0,39831,6837,231,,46899,,,,,,100,3,1,,104,39931.0,6840.0,232.0,0.0,47003.0,316538,253238,265224,,835000,39831,6837,231,,46899,,,,,
2024,10542.0,La Porte City Utilities,Municipal,Y,IA,MISO,1063,149,,,1212,,,,,,,,,,,,,,,,1063.0,149.0,0.0,0.0,1212.0,,,,,,,,,,,,,,,
2024,10550.0,McCook Public Power District,Political Subdivision,Y,NE,SWPP,,,,,0,3800,316,995,,5111,,,,,,,,,,,3800.0,316.0,995.0,0.0,5111.0,29646,34002,86021,,149669,,,,,,,,,,
2024,10558.0,"LaCreek Electric Assn, Inc",Cooperative,Y,NE,WACM,,,,,,172,27,57,,256,,,,,,,,,,,172.0,27.0,57.0,0.0,256.0,2183,1371,4264,,7818,,,,,,,,,,
2024,10558.0,"LaCreek Electric Assn, Inc",Cooperative,Y,SD,WACM,,,,,,5815,775,75,,6665,,,,,,,,,,,5815.0,775.0,75.0,0.0,6665.0,72343445,44659943,6108354,,123111742,,,,,,,,,,
2024,10559.0,City of La Crosse - (KS),Municipal,Y,KS,SWPP,695,184,41,,920,,,,,,,,,,,,,,,,695.0,184.0,41.0,0.0,920.0,,,,,,,,,,,,,,,
2024,10562.0,Lagrange County Rural E M C,Cooperative,Y,IN,MISO,,,,,0,7077,212,4,,7293,,,,,,,,,,,7077.0,212.0,4.0,0.0,7293.0,65226,23963,6299,,95488,,,,,,,,,,
2024,10571.0,City of LaFayette - (GA),Municipal,Y,GA,SOCO,3690,570,,,4260,,,,,,,,,,,,,,,,3690.0,570.0,0.0,0.0,4260.0,,,,,,,,,,,,,,,
2024,10579.0,City of LaFollette,Municipal,,TN,TVA,0,0,0,0,0,19934,3418,2,0,23354,0,0,0,0,0,0,0,0,0,0,19934.0,3418.0,2.0,0.0,23354.0,253837,171619,15307,0,440763,19934,3418,2,0,23354,0,0,0,0,0
2024,10585.0,City of La Grange - (GA),Municipal,,GA,SOCO,0,0,0,,0,9776,1906,59,,11741,0,0,0,,0,2571,0,0,,2571,12347.0,1906.0,59.0,0.0,14312.0,113599,175550,197311,,486460,0,0,0,,0,0,0,0,,0
2024,10586.0,Town of La Grange - (NC),Municipal,Y,NC,CPLE,,,,,,1716,186,,,1902,,,,,,,,,,,1716.0,186.0,0.0,0.0,1902.0,16989,6477,,,23466,,,,,,,,,,
2024,10595.0,City of Lake City - (MN),Municipal,Y,MN,MISO,1298,138,,,1436,1973,48,,,2021,,,,,,,,,,,3271.0,186.0,0.0,0.0,3457.0,82949,50,,,82999,,,,,,,,,,
2024,10596.0,City of Lake Crystal - (MN),Municipal,,MN,MISO,,,,,,1069,179,,,1248,,,,,,1,,,,1,1070.0,179.0,0.0,0.0,1249.0,7993,7983,,,15976,,,,,,,,,,
2024,10599.0,"Lake Region Electric Coop, Inc - (OK)",Cooperative,,OK,AECI,,,,,,24788,1497,196,,26481,,,,,,,,,,,24788.0,1497.0,196.0,0.0,26481.0,348681,35232,77152,,461065,,,,,,,,,,
2024,10603.0,"Laclede Electric Coop, Inc",Cooperative,,MO,AECI,,,,,0,35026,3927,14,,38967,,,,,,,,,,,35026.0,3927.0,14.0,0.0,38967.0,510468,114611,22638,,647717,35026,2813,0,,37839,,,,,
2024,10605.0,Lake Mills Light & Water,Municipal,,WI,MISO,361,27,0,0,388,3694,416,0,0,4110,0,0,0,,0,79,20,0,0,99,4134.0,463.0,0.0,0.0,4597.0,25728,31571,0,0,57299,3694,416,0,0,4110,,,,,
2024,10606.0,City of Lake Mills,Municipal,Y,IA,MISO,1040,194,2,,1236,,,,,,,,,,,,,,,,1040.0,194.0,2.0,0.0,1236.0,,,,,,,,,,,,,,,
2024,10608.0,City of Lake Park - (IA),Municipal,Y,IA,MISO,532,102,18,,652,,,,,,,,,,,,,,,,532.0,102.0,18.0,0.0,652.0,,,,,,,,,,,,,,,
2024,10610.0,"Lake Placid Village, Inc - (NY)",Municipal,Y,NY,NYIS,4301,972,1,,5274,,,,,,,,,,,,,,,,4301.0,972.0,1.0,0.0,5274.0,,,,,,,,,,,,,,,
2024,10617.0,City of Lake View - (IA),Municipal,Y,IA,MISO,1194,209,32,,1435,,,,,,,,,,,,,,,,1194.0,209.0,32.0,0.0,1435.0,,,,,,,,,,,,,,,
2024,10618.0,Lake Region Electric Cooperative - (MN),Cooperative,,MN,MISO,,,,,,33992,2025,748,,36765,,,,,,,,,,,33992.0,2025.0,748.0,0.0,36765.0,325139,116245,13372,,454756,27239,2082,748,,30069,8510,544,730,,9784
2024,10620.0,City of Lake Worth Beach - (FL),Municipal,,FL,FMPP,,,,,,24475,3367,,,27842,,,,,,,,,,,24475.0,3367.0,0.0,0.0,27842.0,301807,173769,,,475576,,,,,,,,,,
2024,10623.0,City of Lakeland - (FL),Municipal,,FL,FMPP,0,0,0,0,0,121604,14851,88,0,136543,102,4,0,0,106,286,10,0,0,296,121890.0,14861.0,88.0,0.0,136839.0,1714227,905593,701589,0,3321409,121604,14851,88,0,136543,9904,1410,0,0,11314
2024,10624.0,Southern Rivers Energy,Cooperative,,GA,SOCO,,,,,,20411,1174,10,,21595,,,,,,,,,,,20411.0,1174.0,10.0,0.0,21595.0,309412,40613,25119,,375144,20411,1174,10,,21595,,,,,
2024,10625.0,"Lamb County Electric Coop, Inc",Cooperative,,TX,SWPP,,,,,,2810,1528,7296,,11634,,,,,,,,,,,2810.0,1528.0,7296.0,0.0,11634.0,36392,61242,269267,,366901,2810,1528,7296,,11634,,,,,
2024,10627.0,Lakeview Light & Power,Cooperative,,WA,BPAT,,,,,,8238,2151,49,,10438,,,,,,,,,,,8238.0,2151.0,49.0,0.0,10438.0,107115,82879,58861,,248855,,,,,,,,,,
2024,10628.0,City of Lakin - (KS),Municipal,Y,KS,SWPP,885,152,,,1037,,,,,,,,,,,,,,,,885.0,152.0,0.0,0.0,1037.0,,,,,,,,,,,,,,,
2024,10632.0,"Lake Region Electric Assn, Inc - (SD)",Cooperative,Y,SD,WACM,,,,,,2912,549,7,,3468,,,,,,,,,,,2912.0,549.0,7.0,0.0,3468.0,49945,31891,12855,,94691,,,,,,,,,,
2024,10633.0,City of Lamar - (CO),Municipal,Y,CO,PSCO,0,0,0,,0,4351,925,3,,5279,,,,,,,,,,,4351.0,925.0,3.0,0.0,5279.0,40064,42956,2500,,85520,,,,,,,,,,
2024,10649.0,Lamar County Elec Coop Assn,Cooperative,,TX,ERCO,,,,,,12935,1078,,,14013,,,,,,,,,,,12935.0,1078.0,0.0,0.0,14013.0,167869,126943,,,294812,11238,,,,11238,,,,,
2024,10656.0,City of Lampasas - (TX),Municipal,Y,TX,ERCO,4207,492,,,4699,,,,,,,,,,,,,,,,4207.0,492.0,0.0,0.0,4699.0,,,,,,,,,,,,,,,
2024,10668.0,Licking Rural Electric Inc,Cooperative,,OH,PJM,,,,,,25808,1663,84,,27555,,,,,,12,,1,,13,25820.0,1663.0,85.0,0.0,27568.0,326079,29867,68954,,424900,25808,1663,84,,27555,5373,,,,5373
2024,10669.0,Town of Landis - (NC),Municipal,Y,NC,DUK,,,,,0,3252,401,1,,3654,,,,,,,,,,,3252.0,401.0,1.0,0.0,3654.0,35298,9000,4287,,48585,,,,,,,,,,
2024,10681.0,Lane Electric Coop Inc,Cooperative,,OR,BPAT,,,,,0,12380,1092,1,,13473,,,,,,,,1,,1,12380.0,1092.0,2.0,0.0,13474.0,185173,42675,883,,228731,,,,,,,,,,
2024,10685.0,Lanesboro Public Utility Comm,Municipal,Y,MN,MISO,,,,,,468,160,,,628,,,,,,,,,,,468.0,160.0,0.0,0.0,628.0,3070,3617,,,6687,,,,,,,,,,
2024,10697.0,Lake Country Power,Cooperative,,MN,MISO,,,,,,47204,4176,3,,51383,,,,,,,,,,,47204.0,4176.0,3.0,0.0,51383.0,469478,117384,105722,,692584,47204,4176,3,,51383,,,,,
2024,10702.0,Borough of Lansdale,Municipal,Y,PA,PJM,7712,1183,21,,8916,,,,,0,,,,,,,,,,,7712.0,1183.0,21.0,0.0,8916.0,,,,,0,,,,,,,,,,
2024,10704.0,City of Lansing - (MI),Municipal,,MI,MISO,,,,,0,88612,11314,243,,100169,88769,0,0,,88769,157,60,81,,298,88769.0,11374.0,324.0,0.0,100467.0,538955,660795,502945,,1702695,113,,,,113,,,,,
2024,10713.0,City of Larned - (KS),Municipal,Y,KS,SWPP,2080,394,13,,2487,,,,,,,,,,,,,,,,2080.0,394.0,13.0,0.0,2487.0,,,,,,,,,,,,,,,
2024,10724.0,Lassen Municipal Utility District,Municipal,Y,CA,CISO,,,,,0,9010,1462,130,,10602,,,,,,,,,,,9010.0,1462.0,130.0,0.0,10602.0,17712,9842,2227,,29781,,,,,,,,,,
2024,10728.0,"Lane-Scott Electric Coop, Inc",Cooperative,Y,KS,SWPP,,,,,0,2254,2064,1398,,5716,,,,,,,,,,,2254.0,2064.0,1398.0,0.0,5716.0,23659,124229,10617,,158505,,,,,,,,,,
2024,10730.0,City of Las Animas - (CO),Municipal,Y,CO,WACM,1380,245,12,,1637,,,,,,,,,,,,,,,,1380.0,245.0,12.0,0.0,1637.0,,,,,,,,,,,,,,,
2024,10768.0,"Laurens Electric Coop, Inc",Cooperative,,SC,DUK,0,0,28,,28,57609,5458,30,,63097,,,,,,,,,,,57609.0,5458.0,58.0,0.0,63125.0,746888,232117,94115,,1073120,,,,,,,,,,
2024,10769.0,City of Laurens - (IA),Municipal,Y,IA,SWPP,655,157,8,,820,0,0,0,,0,,,,,,,,,,,655.0,157.0,8.0,0.0,820.0,,,,,,,,,,,,,,,
2024,10770.0,City of Laurinburg - (NC),Municipal,Y,NC,CPLE,0,,,,0,4593,959,7,,5559,,,,,,,,,,,4593.0,959.0,7.0,0.0,5559.0,55275,68079,4798,,128152,,,,,,,,,,
2024,10776.0,Borough of Lavallette - (NJ),Municipal,Y,NJ,PJM,2399,166,0,,2565,,,,,,,,,,,,,,,,2399.0,166.0,0.0,0.0,2565.0,,,,,,,,,,,,,,,
2024,10777.0,Town of Laverne - (OK),Municipal,Y,OK,SWPP,597,125,,,722,,,,,,,,,,,,,,,,597.0,125.0,0.0,0.0,722.0,,,,,,,,,,,,,,,
2024,10798.0,Lawrenceburg Municipal Utils,Municipal,Y,IN,MISO,,,,,0,2953,713,103,,3769,,,,,,,,,,,2953.0,713.0,103.0,0.0,3769.0,30820,13839,97785,,142444,,,,,,,,,,
2024,10799.0,City of Lawrenceburg,Municipal,,TN,TVA,0,0,0,0,0,18076,3754,8,0,21838,0,0,0,0,0,0,0,0,0,0,18076.0,3754.0,8.0,0.0,21838.0,263879,150115,73971,0,487965,18076,0,0,0,18076,0,0,0,0,0
2024,10800.0,City of Lawrenceville - (GA),Municipal,,GA,SOCO,10667,1944,2,,12613,,,,,,,,,,,,,,,,10667.0,1944.0,2.0,0.0,12613.0,,,,,,,,,,,,,,,
2024,10814.0,City of Le Sueur - (MN),Municipal,Y,MN,MISO,,,,,,1969,350,19,,2338,,,,,,,,,,,1969.0,350.0,19.0,0.0,2338.0,15066,14593,53393,,83052,,,,,,,,,,
2024,10817.0,"Lea County Electric Coop, Inc - (NM)",Cooperative,,NM,SWPP,7217,3943,11,,11171,,,,,,,,,,,,,,,,7217.0,3943.0,11.0,0.0,11171.0,,,,,,,,,,,,,,,
2024,10817.0,"Lea County Electric Coop, Inc - (NM)",Cooperative,,TX,SWPP,1989,3304,16,,5309,,,,,,,,,,,,,,,,1989.0,3304.0,16.0,0.0,5309.0,,,,,,,,,,,,,,,
2024,10830.0,City of Lebanon - (OH),Municipal,,OH,PJM,,,,,,8707,627,490,,9824,,,,,,,,,,,8707.0,627.0,490.0,0.0,9824.0,87082,16167,234136,,337385,,,,,,,,,,
2024,10832.0,City of Lebanon - (MO),Municipal,,MO,AECI,6066,1384,40,,7490,,,,,,,,,,,13,3,,,16,6079.0,1387.0,40.0,0.0,7506.0,,,,,,,,,,,,,,,
2024,10857.0,"Lee County Electric Coop, Inc - (FL)",Cooperative,,FL,FPL,0,0,0,0,0,231142,26489,0,0,257631,0,0,0,0,0,0,0,0,0,0,231142.0,26489.0,0.0,0.0,257631.0,3246831,1280542,,,4527373,223863,,,,223863,13165,,,,13165
2024,10868.0,City of Leesburg - (FL),Municipal,,FL,FPC,4,0,0,,4,24462,4416,0,,28878,0,0,0,,0,16,0,1,,17,24482.0,4416.0,1.0,0.0,28899.0,283939,215795,,,499734,0,0,0,,0,0,0,0,,0
2024,10879.0,Lehi City Corporation,Municipal,,UT,PACE,17033,1933,,,18966,10426,780,,,11206,,,,,,,,,,,27459.0,2713.0,0.0,0.0,30172.0,72352,92671,,,165023,,,,,,,,,,
2024,10906.0,City of Lenoir - (TN),Municipal,,TN,TVA,0,0,0,0,0,62455,14893,10,0,77358,0,0,0,0,0,0,0,0,0,0,62455.0,14893.0,10.0,0.0,77358.0,914831,744498,215263,0,1874592,62411,14808,1,0,77220,0,0,0,0,0
2024,10908.0,City of Lenox - (IA),Municipal,Y,IA,MISO,598,149,,,747,,,,,,,,,,,,,,,,598.0,149.0,0.0,0.0,747.0,,,,,,,,,,,,,,,
2024,10944.0,PUD No 1 of Lewis County,Political Subdivision,,WA,BPAT,608,95,3,,706,28221,4642,122,,32985,,,,,,1565,568,9,,2142,30394.0,5305.0,134.0,0.0,35833.0,,,,,,28221,4642,122,,32985,,,,,
2024,10960.0,City of Lewisburg - (TN),Municipal,,TN,TVA,282,466,0,0,748,4699,1207,8,0,5914,0,0,0,0,0,0,0,0,0,0,4981.0,1673.0,8.0,0.0,6662.0,62870,62005,160156,0,285031,0,0,0,0,0,0,0,0,0,0
2024,10961.0,City of Lewisville - (IN),Municipal,Y,IN,MISO,,,,,,189,31,1,,221,,,,,,,,,,,189.0,31.0,1.0,0.0,221.0,1874,152,74,,2100,,,,,,,,,,
2024,10962.0,Lewis County Rural E C A,Cooperative,Y,MO,AECI,,,,,,6582,802,9,,7393,,,,,,,,,,,6582.0,802.0,9.0,0.0,7393.0,75921,23687,12557,,112165,,,,,,,,,,
2024,10966.0,City of Lexington - (NC),Municipal,,NC,DUK,18302,2760,41,,21103,,,,,,,,,,,,,,,,18302.0,2760.0,41.0,0.0,21103.0,,,,,,,,,,,,,,,
2024,10967.0,City of Lexington - (NE),Municipal,,NE,SWPP,,,,,,3867,796,21,,4684,,,,,,,,,,,3867.0,796.0,21.0,0.0,4684.0,54736,43445,138556,,236737,,,,,,,,,,
2024,10968.0,City of Lexington - (TN),Municipal,,TN,TVA,0,0,0,0,0,17961,5616,7,0,23584,0,0,0,0,0,0,0,0,0,0,17961.0,5616.0,7.0,0.0,23584.0,231999,157783,36670,0,426452,17961,5616,7,0,23584,0,0,0,0,0
2024,10970.0,City of Lexington - (OK),Municipal,Y,OK,SWPP,698,117,0,,815,,,,,,,,,,,,,,,,698.0,117.0,0.0,0.0,815.0,,,,,,,,,,,,,,,
2024,10978.0,Levan Town Corporation - (UT),Municipal,Y,UT,PACE,365,12,3,,380,,,,,,,,,,,,,,,,365.0,12.0,3.0,0.0,380.0,,,,,,,,,,,,,,,
2024,10982.0,City of Liberty - (TX),Municipal,Y,TX,MISO,,,,,,2775,854,,,3629,,,,,,,,,,,2775.0,854.0,0.0,0.0,3629.0,40586,72018,,,112604,,,,,,,,,,
2024,11011.0,Licking Valley Rural E C C,Cooperative,,KY,PJM,,257,8,,265,16805,822,,,17627,,,,,,,,,,,16805.0,1079.0,8.0,0.0,17892.0,186865,27550,,,214415,,,,,,,,,,
2024,11014.0,"Lighthouse Electric Coop, Inc",Cooperative,,TX,ERCO,,,,0,0,3878,425,5197,,9500,,,,,,,,,,,3878.0,425.0,5197.0,0.0,9500.0,27406,442650,148949,,619005,0,0,0,,0,0,0,0,,0
2024,11018.0,Lincoln Electric System,Municipal,,NE,SWPP,134634,17776,174,0,152584,0,241,67,0,308,,,,,,,,,,,134634.0,18017.0,241.0,0.0,152892.0,,616809,434626,,1051435,,,,,,,,,,
2024,11019.0,Little River Electric Coop Inc,Cooperative,Y,SC,DUK,,,,,,12886,2486,,,15372,,,,,,,,,,,12886.0,2486.0,0.0,0.0,15372.0,154691,39767,,,194458,,,,,,,,,,
2024,11021.0,Lincoln County Power Dist No 1,Political Subdivision,Y,NV,NEVP,,3,,,3,1533,471,132,,2136,,,,,,,,,,,1533.0,474.0,132.0,0.0,2139.0,17780,20015,20648,,58443,,,,,,,,,,
2024,11022.0,"Lincoln Electric Coop, Inc",Cooperative,Y,MT,BPAT,,,,,0,6094,700,2,,6796,,,,,,,,,,,6094.0,700.0,2.0,0.0,6796.0,102595,26818,3593,,133006,,,,,,,,,,
2024,11035.0,City of Lincolnton - (NC),Municipal,Y,NC,DUK,0,0,0,,0,2402,461,1,,2864,,,,,,,,,,,2402.0,461.0,1.0,0.0,2864.0,26417,29127,126,,55670,,,,,,,,,,
2024,11040.0,City of Lindsborg - (KS),Municipal,Y,KS,SWPP,0,0,0,,0,1504,272,0,,1776,,,,,,,,,,,1504.0,272.0,0.0,0.0,1776.0,13283,13880,0,,27163,,,,,,,,,,
2024,11053.0,Linn County REC,Cooperative,,IA,MISO,0,0,0,0,0,30323,4214,197,0,34734,0,0,0,0,0,0,0,0,0,0,30323.0,4214.0,197.0,0.0,34734.0,309400,57442,159963,0,526805,30323,4214,197,0,34734,0,0,0,0,0
2024,11055.0,City of Linton - (IN),Municipal,Y,IN,MISO,3167,274,,,3441,,,,,,,,,,,,,,,,3167.0,274.0,0.0,0.0,3441.0,,,,,,,,,,,,,,,
2024,11058.0,City of Lindsay - (OK),Municipal,Y,OK,SPA,,,,,0,1058,310,,,1368,,,,,,,,,,,1058.0,310.0,0.0,0.0,1368.0,13370,12337,,,25707,,,,,,,,,,
2024,11064.0,Litchfield Public Utilities,Municipal,Y,MN,MISO,2814,434,40,,3288,,,,,,,,,,,,,,,,2814.0,434.0,40.0,0.0,3288.0,,,,,,,,,,,,,,,
2024,11083.0,Village of Little Valley - (NY),Municipal,Y,NY,NYIS,1135,33,0,,1168,0,0,0,,0,,,,,,,,,,,1135.0,33.0,0.0,0.0,1168.0,0,0,0,,0,,,,,,,,,,
2024,11085.0,Town of Littleton - (MA),Municipal,,MA,ISNE,,,,,,6738,809,49,,7596,,,,,,,,,,,6738.0,809.0,49.0,0.0,7596.0,68711,42493,112087,,223291,,,,,,,,,,
2024,11093.0,City of Livermore- (IA),Municipal,Y,IA,MISO,179,29,0,,208,,,,,,,,,,,,,,,,179.0,29.0,0.0,0.0,208.0,,,,,,,,,,,,,,,
2024,11103.0,City of Llano - (TX),Municipal,Y,TX,ERCO,1552,510,,,2062,,,,,,,,,,,,,,,,1552.0,510.0,0.0,0.0,2062.0,,,,,,,,,,,,,,,
2024,11118.0,Lockhart Power Co,Investor Owned,,SC,DUK,4976,1357,10,,6343,,,,,,,,,,,,,,,,4976.0,1357.0,10.0,0.0,6343.0,,,,,,,,,,,,,,,
2024,11119.0,City of Lockhart - (TX),Municipal,Y,TX,ERCO,5232,934,11,,6177,,,,,,,,,,,,,,,,5232.0,934.0,11.0,0.0,6177.0,,,,,,,,,,,,,,,
2024,11124.0,City of Lodi - (CA),Municipal,,CA,CISO,26950,4315,29,,31294,,,,,,,,,,,,,,,,26950.0,4315.0,29.0,0.0,31294.0,,,,,,,,23,,23,,,,,
2024,11125.0,City of Lodi - (WI),Municipal,,WI,MISO,0,0,0,0,0,1490,309,0,0,1799,,,,,,0,2,0,0,2,1490.0,311.0,0.0,0.0,1801.0,11224,15471,0,0,26695,1490,309,0,0,1799,,,,,
2024,11126.0,Village of Lodi - (OH),Municipal,Y,OH,PJM,1654,230,24,,1908,,,,,,,,,,,,,,,,1654.0,230.0,24.0,0.0,1908.0,,,,,,,,,,,,,,,
2024,11135.0,City of Logan - (UT),Municipal,,UT,PACE,,,,,,19445,2312,7,,21764,,,,,,,,,,,19445.0,2312.0,7.0,0.0,21764.0,117191,202489,108086,,427766,,,,,,,,,,
2024,11142.0,City of Logansport - (IN),Municipal,,IN,MISO,,,,,,,,,,0,,,,,,11350,1464,71,,12885,11350.0,1464.0,71.0,0.0,12885.0,,,,,,,,,,,,,,,
2024,11148.0,City of Lompoc - (CA),Municipal,Y,CA,CISO,13733,1464,35,,15232,,,,,,,,,,,,,,,,13733.0,1464.0,35.0,0.0,15232.0,,,,,,,,,,,,,,,
2024,11171.0,Long Island Power Authority,State,,NY,NYIS,112,1,,,113,1022894,119556,,134,1142584,1022894,119556,,134,1142584,7864,12275,,,20139,1030870.0,131832.0,0.0,134.0,1162836.0,8941117,8446098,,281587,17668802,1022894,119556,,1,1142451,63585,996,,,64581
2024,11187.0,City of Longmont,Municipal,,CO,PSCO,333,743,0,,1076,42274,5127,22,,47423,,,,,,,,,,,42607.0,5870.0,22.0,0.0,48499.0,175310,174023,43315,,392648,,,,,,,,,,
2024,11196.0,Town of Littleton - (NH),Municipal,Y,NH,ISNE,3121,584,16,,3721,40,4,0,,44,,,,,,,,,,,3161.0,588.0,16.0,0.0,3765.0,472,114,0,,586,,,,,,,,,,
2024,11200.0,"Lorain-Medina R E C, Inc",Cooperative,,OH,PJM,,,,,,15234,1594,3,,16831,,,,,,,,,,,15234.0,1594.0,3.0,0.0,16831.0,212521,46454,61966,,320941,,,,,,,,,,
2024,11203.0,Logan County Coop Power & Light,Cooperative,Y,OH,PJM,,,,,,4448,331,10,,4789,,,,,,,,,,,4448.0,331.0,10.0,0.0,4789.0,63228,13286,104587,,181101,,,,,,,,,,
2024,11204.0,Los Alamos County,Municipal,,NM,PNM,0,0,0,0,0,8910,796,0,0,9706,0,0,0,0,0,144,198,0,0,342,9054.0,994.0,0.0,0.0,10048.0,61225,36445,0,0,97670,7742,626,0,0,8368,0,0,0,0,0
2024,11205.0,Town of Lucama - (NC),Municipal,Y,NC,CPLE,0,28,0,,28,1061,62,0,,1123,,,,,,,,,,,1061.0,90.0,0.0,0.0,1151.0,14,3210,0,,3224,,,,,,,,,,
2024,11207.0,City of Muscotah,Municipal,Y,KS,SWPP,90,7,,,97,,,,,,,,,,,,,,,,90.0,7.0,0.0,0.0,97.0,,,,,,,,,,,,,,,
2024,11208.0,Los Angeles Department of Water & Power,Municipal,,CA,LDWP,528710,82316,7869,240,619135,,,,,0,,,,,,950622,54794,5115,58,1010589,1479332.0,137110.0,12984.0,298.0,1629724.0,,,,,0,,,,,0,,,,,
2024,11211.0,Lost River Electric Coop Inc,Cooperative,Y,ID,PACE,,,,,,1909,854,22,,2785,,,,,,,,,,,1909.0,854.0,22.0,0.0,2785.0,30829,53187,3209,,87225,,,,,,,,,,
2024,11222.0,Loudon Utilities Board,Municipal,,TN,TVA,0,0,0,0,0,12698,1928,11,0,14637,0,0,0,0,0,0,0,0,0,0,12698.0,1928.0,11.0,0.0,14637.0,177561,131687,239473,0,548721,0,0,0,0,0,0,0,0,0,0
2024,11228.0,Town of Louisburg - (NC),Municipal,Y,NC,CPLE,1612,494,,,2106,,,,,,,,,,,,,,,,1612.0,494.0,0.0,0.0,2106.0,,,,,,,,,,,,,,,
2024,11241.0,Entergy Louisiana LLC,Investor Owned,,LA,MISO,231,4,3,,238,1072061,256704,19102,,1347867,,,,,,7869,1228,2757,,11854,1080161.0,257936.0,21862.0,0.0,1359959.0,13987973,11867691,32289251,,58144915,,,,,,,,,,
2024,11247.0,Louisville Electric System,Municipal,,MS,TVA,0,0,0,0,0,2444,1015,3,0,3462,0,0,0,0,0,0,0,0,0,0,2444.0,1015.0,3.0,0.0,3462.0,30518,49166,46851,0,126535,0,0,0,0,0,0,0,0,0,0
2024,11249.0,Louisville Gas & Electric Co,Investor Owned,,KY,LGEE,8229,1305,2,0,9536,298585,38802,235,0,337622,298585,38802,235,0,337622,83462,13595,507,0,97564,390276.0,53702.0,744.0,0.0,444722.0,2374814,1218221,22827,0,3615862,298585,38802,235,0,337622,72396,715,0,0,73111
2024,11250.0,Loup Valleys Rural P P D,Political Subdivision,Y,NE,SWPP,,,,,,2972,535,2417,,5924,,,,,,,,,,,2972.0,535.0,2417.0,0.0,5924.0,40810,20348,81014,,142172,,,,,,,,,,
2024,11251.0,Loup River Public Power Dist,Political Subdivision,,NE,SWPP,,,,,,16391,3898,596,,20885,,,,,,,,,,,16391.0,3898.0,596.0,0.0,20885.0,239409,213715,633215,,1086339,,,,,,,,579,,579
2024,11256.0,City of Loveland - (CO),Municipal,,CO,PSCO,,,,,,36289,5323,388,,42000,,,,,,200,60,,,260,36489.0,5383.0,388.0,0.0,42260.0,165678,103458,328791,,597927,0,0,0,,0,0,0,0,,0
2024,11268.0,City of Lowell - (MI),Municipal,Y,MI,MISO,0,0,0,,0,2710,440,8,,3158,,,,,,,,,,,2710.0,440.0,8.0,0.0,3158.0,20568,23981,45337,,89886,,,,,,,,,,
2024,11272.0,"Lower Yellowstone R E A, Inc",Cooperative,,MT,WAUW,3499,726,1003,,5228,,,,,,,,,,,,,,,,3499.0,726.0,1003.0,0.0,5228.0,,,,,,,,,,,,,,,
2024,11272.0,"Lower Yellowstone R E A, Inc",Cooperative,,ND,SWPP,799,165,194,,1158,,,,,,,,,,,,,,,,799.0,165.0,194.0,0.0,1158.0,,,,,,,,,,,,,,,
2024,11273.0,Lower Valley Energy Inc,Cooperative,,ID,BPAT,,,,,0,1636,363,41,,2040,,,,,,,,,,,1636.0,363.0,41.0,0.0,2040.0,20994,4836,48369,,74199,1636,363,41,,2040,,,,,
2024,11273.0,Lower Valley Energy Inc,Cooperative,,WY,BPAT,,,,,0,22827,6028,246,,29101,,,,,,,,,,,22827.0,6028.0,246.0,0.0,29101.0,549833,272075,32626,,854534,22827,6028,246,,29101,,,,,
2024,11291.0,Lumbee River Elec Member Corp,Cooperative,,NC,CPLE,,,,,,65445,2833,16,,68294,,,,,,,,,,,65445.0,2833.0,16.0,0.0,68294.0,1012516,199424,148381,,1360321,,,,,,,,,,
2024,11292.0,City of Lubbock - (TX),Municipal,,TX,ERCO,,,,,0,95570,15360,10,,110940,,,,,,12,0,0,,12,95582.0,15360.0,10.0,0.0,110952.0,1033570,1425344,104717,,2563631,,,,,,,,,,
2024,11298.0,Lyon Rural Electric Coop,Cooperative,Y,IA,SWPP,,,,,,2218,99,,,2317,,,,,,,,,,,2218.0,99.0,0.0,0.0,2317.0,65369,56820,,,122189,,,,,,,,,,
2024,11316.0,City of Luling - (TX),Municipal,Y,TX,ERCO,2311,572,,,2883,,,,,,,,,,,,,,,,2311.0,572.0,0.0,0.0,2883.0,,,,,,,,,,,,,,,
2024,11318.0,City of Lumberton - (NC),Municipal,,NC,CPLE,,33,,,33,,,,,,,,,,,9983,1857,8,,11848,9983.0,1890.0,8.0,0.0,11881.0,,,,,,,,,,,,,,,
2024,11330.0,Town of Lusk - (WY),Municipal,Y,WY,WACM,878,162,23,,1063,,,,,,,,,,,,,,,,878.0,162.0,23.0,0.0,1063.0,,,,,,,,,,,,,,,
2024,11332.0,City of Luverne - (MN),Municipal,Y,MN,SWPP,0,0,0,,0,2072,554,8,,2634,,,,,,,,,,,2072.0,554.0,8.0,0.0,2634.0,28272,31369,19627,,79268,,,,,,,,,,
2024,11345.0,"Lyon Electric Cooperative, Inc.",Cooperative,Y,MN,SWPP,,,,,,3661,292,2,,3955,,,,,,,,,,,3661.0,292.0,2.0,0.0,3955.0,71858,19594,1421,,92873,,,,,,,,,,
2024,11355.0,"Lynches River Elec Coop, Inc",Cooperative,,SC,SC,21363,991,8,,22362,,,,,0,,,,,0,,,,,0,21363.0,991.0,8.0,0.0,22362.0,,,,,0,21363,991,8,,22362,,,,,0
2024,11364.0,"Lyntegar Electric Coop, Inc",Cooperative,,TX,SWPP,,,,,0,9021,3507,11350,,23878,,,,,,,,4,,4,9021.0,3507.0,11354.0,0.0,23882.0,121040,375771,361585,,858396,,,,,,,,,,
2024,11372.0,City of Lyons - (NE),Municipal,Y,NE,SWPP,442,128,,,570,,,,,,,,,,,,,,,,442.0,128.0,0.0,0.0,570.0,,,,,,,,,,,,,,,
2024,11376.0,Town of Lyons - (CO),Municipal,Y,CO,PSCO,,,,,,964,162,,,1126,,,,,,,,,,,964.0,162.0,0.0,0.0,1126.0,8342,4110,,,12452,,,,,,,,,,
2024,11458.0,City of Macon - (MS),Municipal,,MS,TVA,0,0,0,0,0,0,0,1,0,1,0,0,0,0,0,892,288,0,0,1180,892.0,288.0,1.0,0.0,1181.0,0,0,1214,0,1214,0,0,0,0,0,0,0,0,0,0
2024,11460.0,City of Macon - (MO),Municipal,Y,MO,AECI,29,236,32,,297,2662,413,0,,3075,,,,,,,,,,,2691.0,649.0,32.0,0.0,3372.0,25991,3394,0,,29385,,,,,,,,,,
2024,11463.0,Macon Electric Coop,Cooperative,,MO,AECI,10023,1626,,,11649,,,,,,,,,,,,,2,,2,10023.0,1626.0,2.0,0.0,11651.0,,,,,,,,,,,,,,,
2024,11470.0,City of Maddock - (ND),Municipal,Y,ND,SWPP,,,,,,295,32,,,327,,,,,,,,,,,295.0,32.0,0.0,0.0,327.0,4339,7363,,,11702,,,,,,,,,,
2024,11475.0,City of Madison - (SD),Municipal,,SD,MISO,,,,,,,,,,,,,,,,2802,452,68,0,3322,2802.0,452.0,68.0,0.0,3322.0,,,,,,,,,,,,,,,
2024,11476.0,Borough of Madison - (NJ),Municipal,Y,NJ,PJM,5927,865,,,6792,,,,,0,,,,,,,,,,,5927.0,865.0,0.0,0.0,6792.0,,,,,,,,,,,,,,,
2024,11477.0,Town of Madison - (ME),Municipal,,ME,ISNE,,,,,,,,,,,,,,,,2413,226,2,,2641,2413.0,226.0,2.0,0.0,2641.0,,,,,,,,,,,,,,,
2024,11479.0,Madison Gas & Electric Co,Investor Owned,,WI,MISO,117228,10279,1,0,127508,31203,11312,46,0,42561,0,0,0,0,0,0,0,0,0,0,148431.0,21591.0,47.0,0.0,170069.0,70188,2056280,141776,0,2268244,0,0,0,0,0,0,8,6,0,14
2024,11481.0,City of Madison - (NE),Municipal,Y,NE,SWPP,848,113,0,,961,,,,,,,,,,,,,,,,848.0,113.0,0.0,0.0,961.0,,,,,,,,,,,,,,,
2024,11482.0,City of Madison - (MN),Municipal,Y,MN,MISO,798,190,5,,993,,,,,,,,,,,,,,,,798.0,190.0,5.0,0.0,993.0,,,,,,,,,,,,,,,
2024,11488.0,Madisonville Municipal Utils,Municipal,,KY,LGEE,1126,320,5,,1451,5793,1200,,,6993,,,,,0,,,,,0,6919.0,1520.0,5.0,0.0,8444.0,7302,9165,,,16467,,,,,0,,,,,0
2024,11501.0,Magic Valley Electric Coop Inc,Cooperative,,TX,ERCO,,,,,,126402,18438,915,,145755,,,,,,,,,,,126402.0,18438.0,915.0,0.0,145755.0,1963935,292304,603427,,2859666,126402,18438,,,144840,,,1,,1
2024,11515.0,Town of Maiden - (NC),Municipal,Y,NC,DUK,1098,159,39,,1296,1,2,0,,3,,,,,,,,,,,1099.0,161.0,39.0,0.0,1299.0,10,67,,,77,,,,,,,,,,
2024,11519.0,Magnolia Electric Power Assn,Cooperative,,MS,MISO,,,,,,31070,2272,13,,33355,,,,,,,,,,,31070.0,2272.0,13.0,0.0,33355.0,409501,96208,133423,,639132,,,,,,,,,,
2024,11540.0,City of Malden - (MO),Municipal,Y,MO,SWPP,1702,422,4,,2128,,,,,,,,,,,,,,,,1702.0,422.0,4.0,0.0,2128.0,,,,,,,,,,,,,,,
2024,11560.0,City of Manassas - (VA),Municipal,,VA,PJM,,,,,,13933,2490,0,,16423,0,0,0,,0,15,186,1,,202,13948.0,2676.0,1.0,0.0,16625.0,165971,177459,,,343430,0,0,0,0,0,0,0,0,,0
2024,11568.0,Town of Manilla - (IA),Municipal,Y,IA,MISO,396,62,26,,484,,,,,,,,,,,,,,,,396.0,62.0,26.0,0.0,484.0,,,,,,,,,,,,,,,
2024,11571.0,Manitowoc Public Utilities,Municipal,,WI,MISO,,,,,,16149,2026,128,,18303,,,,,,3,,,,3,16152.0,2026.0,128.0,0.0,18306.0,107643,84651,314816,,507110,16149,1997,78,,18224,,,,,
2024,11572.0,City of Mankato - (KS),Municipal,Y,KS,SWPP,495,94,0,,589,,,,,,,,,,,,,,,,495.0,94.0,0.0,0.0,589.0,,,,,,,,,,,,,,,
2024,11586.0,Town of Mansfield - (MA),Municipal,,MA,ISNE,9386,876,261,,10523,,,,,,,,,,0,13,12,16,,41,9399.0,888.0,277.0,0.0,10564.0,,,,,,,,,,,,,,,
2024,11588.0,City of Manti - (UT),Municipal,Y,UT,PACE,,,,,,1300,120,,,1420,,,,,,,,,,,1300.0,120.0,0.0,0.0,1420.0,7473,5497,,,12970,,,,,,,,,,
2024,11589.0,"Harney Electric Coop, Inc",Cooperative,Y,NV,BPAT,,,,,0,604,773,,,1377,,,,,,,,,,,604.0,773.0,0.0,0.0,1377.0,11540,104309,,,115849,,,,,,,,,,
2024,11589.0,"Harney Electric Coop, Inc",Cooperative,Y,OR,BPAT,,,,,,954,1524,,,2478,,,,,,,,,,,954.0,1524.0,0.0,0.0,2478.0,19888,81437,,,101325,,,,,,,,,,
2024,11609.0,City of Mapleton- (IA),Municipal,Y,IA,MISO,760,222,20,,1002,,,,,,,,,,,,,,,,760.0,222.0,20.0,0.0,1002.0,,,,,,,,,,,,,,,
2024,11611.0,City of Maquoketa - (IA),Municipal,,IA,MISO,0,0,0,0,0,2805,609,5,0,3419,,,,,,0,0,0,0,0,2805.0,609.0,5.0,0.0,3419.0,23411,30453,13518,0,67382,2805,609,2,0,3416,,,,,
2024,11624.0,Town of Marblehead - (MA),Municipal,Y,MA,ISNE,,,,,,8885,1202,51,,10138,,,,,,,,,,,8885.0,1202.0,51.0,0.0,10138.0,71774,11329,15801,,98904,,,,,,,,,,
2024,11643.0,Marias River Electric Coop Inc,Cooperative,Y,MT,NWMT,,,,,,2469,1364,,,3833,,,,,,,,,,,2469.0,1364.0,0.0,0.0,3833.0,28744,46375,,,75119,,,,,,,,,,
2024,11646.0,City of Marietta - (GA),Municipal,,GA,SOCO,29322,2713,,,32035,6848,3875,,,10723,,,,,,,,,,,36170.0,6588.0,0.0,0.0,42758.0,73001,415933,,,488934,,,,,,,,,,
2024,11691.0,City of Marlow - (OK),Municipal,Y,OK,SWPP,,,,,,1967,303,17,,2287,,,,,,,,,,,1967.0,303.0,17.0,0.0,2287.0,22402,10710,3270,,36382,,,,,,,,,,
2024,11701.0,City of Marquette - (MI),Municipal,,MI,MISO,,,,,,15036,2130,,,17166,,,,,,,,,,,15036.0,2130.0,0.0,0.0,17166.0,91673,166025,,,257698,,,,,,,,,,
2024,11714.0,Marshall-De Kalb Electric Coop,Cooperative,,AL,TVA,0,0,0,0,0,17318,4055,4,0,21377,0,0,0,0,0,0,0,0,0,0,17318.0,4055.0,4.0,0.0,21377.0,257918,177757,30154,0,465829,17318,4055,4,0,21377,0,0,0,0,0
2024,11731.0,City of Marshall - (MN),Municipal,,MN,MISO,0,0,0,0,0,5854,946,101,0,6901,0,0,0,0,0,3,19,2,0,24,5857.0,965.0,103.0,0.0,6925.0,59520,80242,74553,0,214315,5854,946,101,0,6901,2717,448,32,0,3197
2024,11732.0,City of Marshall - (MO),Municipal,Y,MO,SWPP,,,,,0,5103,987,8,,6098,,,,,,,,,,,5103.0,987.0,8.0,0.0,6098.0,50610,55089,61918,,167617,,,,,,,,,,
2024,11736.0,City of Marshall - (IL),Municipal,Y,IL,MISO,2274,,,,2274,496,,,,496,,,,,,,,,,,2770.0,0.0,0.0,0.0,2770.0,4550,,,,4550,,,,,,,,,,
2024,11740.0,City of Marshfield - (WI),Municipal,,WI,MISO,,,,,0,11938,1977,54,,13969,,,,,,,,,,,11938.0,1977.0,54.0,0.0,13969.0,96545,87088,172841,,356474,,,,,,,,,,
2024,11767.0,Marshall County Rural E M C,Cooperative,Y,IN,MISO,,,,,,6371,1052,,,7423,,,,,,,,,,,6371.0,1052.0,0.0,0.0,7423.0,73700,25304,,,99004,,,,,,,,,,
2024,11770.0,City of Martinsville - (VA),Municipal,Y,VA,PJM,,,,,,6578,1154,5,,7737,,,,,,,,,,,6578.0,1154.0,5.0,0.0,7737.0,74596,65223,14736,,154555,,,,,,,,,,
2024,11788.0,Consumers Energy Coop - (IA),Cooperative,,IA,MISO,,,,,,6922,619,19,,7560,,,,,,,,,,,6922.0,619.0,19.0,0.0,7560.0,84659,28559,101506,,214724,,,,,,,,,,
2024,11789.0,Maryville Utilities,Municipal,,TN,TVA,3990,621,0,0,4611,15981,2470,11,0,18462,0,0,0,0,0,0,0,0,0,0,19971.0,3091.0,11.0,0.0,23073.0,213424,195685,263561,0,672670,0,0,0,0,0,0,0,0,0,0
2024,11790.0,City of Mascoutah - (IL),Municipal,Y,IL,MISO,2996,129,0,,3125,765,252,4,,1021,,,,,,,,,,,3761.0,381.0,4.0,0.0,4146.0,14545,11604,1102,,27251,,,,,,,,,,
2024,11804.0,Massachusetts Electric Co,Investor Owned,,MA,ISNE,1231116,145825,2330,17,1379288,13233,2548,246,,16027,,,,,,38509,21553,1245,2,61309,1282858.0,169926.0,3821.0,19.0,1456624.0,69821,110629,33968,,214418,,,,,,,,,,
2024,11811.0,Town of Massena - (NY),Municipal,,NY,NYIS,8219,1028,160,,9407,,,1,,1,,,,,,,,,,,8219.0,1028.0,161.0,0.0,9408.0,,,18212,,18212,,,,,,,,,,
2024,11824.0,Matanuska Electric Assn Inc,Cooperative,,AK,NA,,,,,,64845,6838,,,71683,,,,,,,1,,,1,64845.0,6839.0,0.0,0.0,71684.0,466931,321388,,,788319,64205,6849,,,71054,,,,,
2024,11843.0,Maui Electric Co Ltd,Investor Owned,,HI,NA,391,63,0,,454,58385,9421,143,,67949,,,,,,2926,111,15,,3052,61702.0,9595.0,158.0,0.0,71455.0,303962,181948,271321,,757231,58387,9706,,,68093,,,,,
2024,11871.0,City of Mayfield Plant Board,Municipal,,KY,TVA,0,0,0,0,0,4348,866,2,0,5216,0,0,0,0,0,0,0,0,0,0,4348.0,866.0,2.0,0.0,5216.0,45463,66428,11126,0,123017,4348,812,2,0,5162,0,0,0,0,0
2024,11892.0,Village of Mayville - (NY),Municipal,Y,NY,NYIS,916,211,1,,1128,,,,,,,,,,,,,,,,916.0,211.0,1.0,0.0,1128.0,,,,,,,,,,,,,,,
2024,11895.0,Village of Mazomanie - (WI),Municipal,Y,WI,MISO,853,106,,,959,,,,,,,,,,,,,,,,853.0,106.0,0.0,0.0,959.0,,,,,,,,,,,,,,,
2024,11910.0,McLeod Cooperative Power Assn,Cooperative,Y,MN,MISO,,,,,0,8539,681,1,,9221,,,,,,,,,,,8539.0,681.0,1.0,0.0,9221.0,103727,22187,4567,,130481,,,,,,,,,,
2024,11965.0,City of McCleary - (WA),Municipal,Y,WA,BPAT,1086,112,1,,1199,,,,,,,,,,,,,,,,1086.0,112.0,1.0,0.0,1199.0,,,,,,,,,,,,,,,
2024,11989.0,McCone Electric Coop Inc,Cooperative,Y,MT,WAUW,,,,,,4645,680,86,,5411,,,,,,,,,,,4645.0,680.0,86.0,0.0,5411.0,47807,19007,2342,,69156,,,,,,,,,,
2024,12070.0,McDonough Power Coop,Cooperative,Y,IL,MISO,4508,496,,,5004,,,,,,,,,,,,,,,,4508.0,496.0,0.0,0.0,5004.0,,,,,,,,,,,,,,,
2024,12087.0,McKenzie Electric Coop Inc,Cooperative,,MT,SWPP,25,12,80,,117,,,,,,,,,,,,,,,,25.0,12.0,80.0,0.0,117.0,,,,,,,,,,,,,,,
2024,12087.0,McKenzie Electric Coop Inc,Cooperative,,ND,SWPP,5382,7117,1165,,13664,,,,,,,,,,,,,,,,5382.0,7117.0,1165.0,0.0,13664.0,,,,,,,,,,,,,,,
2024,12090.0,"McLean Electric Coop, Inc",Cooperative,,ND,MISO,3713,469,104,0,4286,,,,,,,,,,,,,,,,3713.0,469.0,104.0,0.0,4286.0,,,,,,,,,,,,,,,
2024,12114.0,City of McGregor- (IA),Municipal,Y,IA,MISO,430,96,3,,529,,,,,,,,,,,,,,,,430.0,96.0,3.0,0.0,529.0,,,,,,,,,,,,,,,
2024,12167.0,City of McLeansboro - (IL),Municipal,Y,IL,MISO,,,,,,978,,,,978,,,,,,,,,,,978.0,0.0,0.0,0.0,978.0,4821,,,,4821,,,,,,,,,,
2024,12186.0,McMinnville Electric System,Municipal,,TN,TVA,0,0,0,0,0,6646,1659,2,0,8307,0,0,0,0,0,0,0,0,0,0,6646.0,1659.0,2.0,0.0,8307.0,78240,85186,10590,0,174016,0,0,0,0,0,0,0,0,0,0
2024,12187.0,City of McMinnville - (OR),Municipal,,OR,BPAT,11370,1769,50,0,13189,,,,,,,,,,,5820,1215,8,0,7043,17190.0,2984.0,58.0,0.0,20232.0,,,,,,,,,,,,,,,
2024,12199.0,Montana-Dakota Utilities Co,Investor Owned,,MT,SWPP,19616,5745,112,0,25473,,,,,,,,,,,,,,,,19616.0,5745.0,112.0,0.0,25473.0,,,,,,,,,,,,,,,
2024,12199.0,Montana-Dakota Utilities Co,Investor Owned,,ND,MISO,79354,14799,85,0,94238,,,,,,,,,,,,,,,,79354.0,14799.0,85.0,0.0,94238.0,,,,,,,,,,,,,,,
2024,12199.0,Montana-Dakota Utilities Co,Investor Owned,,SD,MISO,6367,2076,8,0,8451,,,,,,,,,,,,,,,,6367.0,2076.0,8.0,0.0,8451.0,,,,,,,,,,,,,,,
2024,12199.0,Montana-Dakota Utilities Co,Investor Owned,,WY,WACM,14706,2804,14,0,17524,,,,,,,,,,,,,,,,14706.0,2804.0,14.0,0.0,17524.0,,,,,,,,,,,,,,,
2024,12208.0,City of McPherson - (KS),Municipal,,KS,SWPP,0,0,0,,0,7429,1533,16,,8978,0,0,0,,0,3,2,5,,10,7432.0,1535.0,21.0,0.0,8988.0,91930,98707,161019,,351656,7429,1533,16,,8978,,,,,
2024,12227.0,Meeker Coop Light & Power Assn,Cooperative,,MN,MISO,,,,,,8572,659,128,,9359,,,,,,,,,,,8572.0,659.0,128.0,0.0,9359.0,137382,29453,32052,,198887,8572,659,128,,9359,4797,25,117,,4939
2024,12243.0,Meade County Rural E C C,Cooperative,,KY,MISO,,,,,,29248,2236,1,,31485,,,,,,,,,,,29248.0,2236.0,1.0,0.0,31485.0,341836,102306,527878,,972020,,,,,,,,,,
2024,12260.0,Mecklenburg Electric Cooperative,Cooperative,,NC,PJM,,,,,,135,3,,,138,,,,,0,,,,,,135.0,3.0,0.0,0.0,138.0,1698,7,,,1705,,,,,,,,,,
2024,12260.0,Mecklenburg Electric Cooperative,Cooperative,,VA,PJM,,,,,,30016,1889,29,,31934,,,,,,,,,,,30016.0,1889.0,29.0,0.0,31934.0,350293,1309871,191222,,1851386,,,,,,,,,,
2024,12265.0,City of Medford - (WI),Municipal,Y,WI,MISO,,,,,0,3241,609,7,,3857,,,,,,,,,,,3241.0,609.0,7.0,0.0,3857.0,3241,609,7,,3857,,,,,,,,,,
2024,12268.0,"Medina Electric Coop, Inc",Cooperative,,TX,ERCO,0,0,0,,0,30205,6325,1115,,37645,,,,,,,,,,,30205.0,6325.0,1115.0,0.0,37645.0,408889,314086,862775,,1585750,30205,6325,1115,,37645,,,,,
2024,12286.0,Melrose Public Utilities,Municipal,Y,MN,MISO,,,,,,1458,310,,,1768,,,,,,,,,,,1458.0,310.0,0.0,0.0,1768.0,19498,98085,,,117583,,,,,,,,,,
2024,12293.0,City of Memphis - (TN),Municipal,,TN,TVA,,,243,,243,360013,40928,,,400941,,,,,,20351,1507,6,,21864,380364.0,42435.0,249.0,0.0,423048.0,4930602,5747822,,,10678424,,,,,,,,,,
2024,12294.0,City of Memphis - (MO),Municipal,Y,MO,AECI,978,205,13,,1196,,,,,,,,,,,,,,,,978.0,205.0,13.0,0.0,1196.0,,,,,,,,,,,,,,,
2024,12296.0,Town of Merrimac - (MA),Municipal,Y,MA,ISNE,,,,,0,3052,202,39,,3293,,,,,,,,,,,3052.0,202.0,39.0,0.0,3293.0,23094,3017,2430,,28541,,,,,,,,,,
2024,12298.0,City of Menasha - (WI),Municipal,,WI,MISO,2528,259,0,0,2787,6081,599,12,0,6692,,,,,,0,0,0,0,0,8609.0,858.0,12.0,0.0,9479.0,39592,44127,358564,0,442283,6081,599,8,0,6688,,,,,
2024,12301.0,Nodak Electric Coop Inc,Cooperative,,ND,MISO,0,3,16,0,19,26404,0,605,0,27009,0,0,0,0,0,0,0,0,0,0,26404.0,3.0,621.0,0.0,27028.0,359518,0,234375,0,593893,20803,3,534,0,21340,0,0,0,0,0
2024,12302.0,City of Mendon - (OH),Municipal,Y,OH,PJM,310,20,,,330,,,,,,,,,,,,,,,,310.0,20.0,0.0,0.0,330.0,,,,,,,,,,,,,,,
2024,12312.0,Merced Irrigation District,Political Subdivision,,CA,CISO,,,,,,11366,1678,96,,13140,,,,,,,,,,,11366.0,1678.0,96.0,0.0,13140.0,87505,262208,167623,,517336,,,,,,,,,,
2024,12330.0,Meriwether Lewis Electric Coop,Cooperative,,TN,TVA,0,0,0,0,0,30319,6430,9,0,36758,0,0,0,0,0,0,0,0,0,0,30319.0,6430.0,9.0,0.0,36758.0,429142,215638,516157,0,1160937,30319,6430,9,0,36758,0,0,0,0,0
2024,12341.0,MidAmerican Energy Co,Investor Owned,,IA,MISO,637038,101238,1327,,739603,,,,,,,,,,,3,132,457,,592,637041.0,101370.0,1784.0,0.0,740195.0,,,,,,,,,,,,,,,
2024,12341.0,MidAmerican Energy Co,Investor Owned,,IL,MISO,73418,11738,59,,85215,,,,,,,,,,,,21,21,,42,73418.0,11759.0,80.0,0.0,85257.0,,,,,,,,,,,,,,,
2024,12341.0,MidAmerican Energy Co,Investor Owned,,SD,MISO,4232,1042,17,,5291,,,,,,,,,,,,2,8,,10,4232.0,1044.0,25.0,0.0,5301.0,,,,,,,,,,,,,,,
2024,12351.0,City of Mesa - (AZ),Municipal,,AZ,WALC,588,31,,,619,12405,1054,,,13459,,,,,,1876,1964,,,3840,14869.0,3049.0,0.0,0.0,17918.0,82387,13189,,,95576,,,,,,,,,,
2024,12377.0,Midwest Energy Cooperative - (MI),Cooperative,,IN,PJM,317,51,,,368,,,,,,,,,,,,,,,,317.0,51.0,0.0,0.0,368.0,,,,,,,,,,,,,,,
2024,12377.0,Midwest Energy Cooperative - (MI),Cooperative,,MI,PJM,29283,6319,,,35602,,,,,,,,,,,,,,,,29283.0,6319.0,0.0,0.0,35602.0,,,,,,,,,,,,,,,
2024,12377.0,Midwest Energy Cooperative - (MI),Cooperative,,OH,PJM,875,198,,,1073,,,,,,,,,,,,,,,,875.0,198.0,0.0,0.0,1073.0,,,,,,,,,,,,,,,
2024,12388.0,City of Metropolis - (IL),Municipal,Y,IL,MISO,3072,473,1,,3546,,,,,,,,,,,,,,,,3072.0,473.0,1.0,0.0,3546.0,,,,,,,,,,,,,,,
2024,12395.0,Menard Electric Coop,Cooperative,,IL,MISO,0,0,1,0,1,9048,606,1317,0,10971,0,0,0,0,0,0,0,0,0,0,9048.0,606.0,1318.0,0.0,10972.0,107126,32060,25137,0,164323,0,0,0,0,0,0,0,1317,0,1317
2024,12406.0,Miami-Cass County Rural E M C,Cooperative,Y,IN,MISO,,,,,,5809,338,7,,6154,,,,,,,,,,,5809.0,338.0,7.0,0.0,6154.0,74630,33657,67696,,175983,,,,,,,,,,
2024,12439.0,"Midstate Electric Coop, Inc",Cooperative,,OR,BPAT,,,,,,18594,2917,6,,21517,,,,,,,,,,,18594.0,2917.0,6.0,0.0,21517.0,288117,127546,37552,,453215,18594,2917,6,,21517,,,,,
2024,12450.0,Midland Power Coop,Cooperative,,IA,MISO,,,,,,14485,636,33,,15154,,,,,,8,,,,8,14493.0,636.0,33.0,0.0,15162.0,201590,60498,238479,,500567,11939,599,24,,12562,526,,,,526
2024,12452.0,Mid-South Electric Coop Assn,Cooperative,,TX,ERCO,,,,,,36472,5169,12,,41653,,,,,,13,5,0,,18,36485.0,5174.0,12.0,0.0,41671.0,543212,160797,314315,,1018324,30741,2142,8,,32891,,,,,
2024,12462.0,Mid-Carolina Electric Coop Inc,Cooperative,,SC,SC,,,,,,56463,4094,9,,60566,,,,,,,,,,,56463.0,4094.0,9.0,0.0,60566.0,776808,231506,34783,,1043097,,,,,,,,,,
2024,12463.0,"Mid-Yellowstone Elec Coop, Inc",Cooperative,Y,MT,WAUW,,,,,0,945,203,539,,1687,,,,,,,,,,,945.0,203.0,539.0,0.0,1687.0,12627,3096,9436,,25159,,,,,,,,,,
2024,12470.0,Middle Tennessee E M C,Cooperative,,TN,TVA,0,0,0,0,0,307370,36886,39,0,344295,23,0,0,0,23,0,0,0,0,0,307370.0,36886.0,39.0,0.0,344295.0,4650561,3173415,848729,0,8672705,207765,12646,11,0,220422,0,0,0,0,0
2024,12472.0,Middle Georgia El Member Corp,Cooperative,Y,GA,SOCO,,,,,,5388,1896,1310,,8594,,,,,,,,,,,5388.0,1896.0,1310.0,0.0,8594.0,76206,45976,26045,,148227,,,,,,,,,,
2024,12473.0,Town of Middleborough - (MA),Municipal,,MA,ISNE,11,2,0,0,13,14753,3214,20,0,17987,0,0,0,0,0,2,15,0,0,17,14766.0,3231.0,20.0,0.0,18017.0,139992,128988,43457,0,312437,0,0,0,0,0,0,0,0,0,0
2024,12474.0,Borough of Middletown - (PA),Municipal,Y,PA,PJM,,,,,,3918,223,90,,4231,,,,,,,,,,,3918.0,223.0,90.0,0.0,4231.0,35454,9881,21806,,67141,,,,,,,,,,
2024,12477.0,Town of Middleton - (MA),Municipal,Y,MA,ISNE,3346,665,19,,4030,,,,,,,,,,,,,,,,3346.0,665.0,19.0,0.0,4030.0,,,,,,,,,,,,,,,
2024,12478.0,Town of Middletown - (DE),Municipal,,DE,PJM,3,14,3,,20,9068,680,400,,10148,,,,,,,,,,,9071.0,694.0,403.0,0.0,10168.0,100575,8036,105366,,213977,9068,680,400,,10148,,,,,
2024,12515.0,"Midwest Electric, Inc - (OH)",Cooperative,,OH,PJM,0,0,0,0,0,10838,377,4,0,11219,0,0,0,0,0,0,0,0,0,0,10838.0,377.0,4.0,0.0,11219.0,171169,99538,23407,0,294114,9505,168,2,0,9675,0,0,0,0,0
2024,12523.0,Borough of Mifflinburg - (PA),Municipal,Y,PA,PJM,,,,,,1649,211,53,,1913,,,,,,,,,,,1649.0,211.0,53.0,0.0,1913.0,18504,2876,19787,,41167,,,,,,,,,,
2024,12524.0,Midwest Energy Inc - (KS),Cooperative,,KS,SWPP,,,,,,29832,13429,7043,0,50304,,,,,,,,,,,29832.0,13429.0,7043.0,0.0,50304.0,317121,379076,837215,0,1533412,,,,,,,,,,
2024,12532.0,City of Milan - (TN),Municipal,,TN,TVA,0,0,0,0,0,6902,1630,2,0,8534,0,0,0,0,0,0,0,0,0,0,6902.0,1630.0,2.0,0.0,8534.0,100330,62081,17572,0,179983,6902,1629,2,0,8533,0,0,0,0,0
2024,12539.0,Midwest Electric Member Corp - (NE),Cooperative,,NE,WACM,0,0,0,0,0,2389,2214,2186,0,6789,0,0,0,0,0,0,0,0,0,0,2389.0,2214.0,2186.0,0.0,6789.0,34285,39628,170879,0,244792,2389,2214,2186,0,6789,0,0,1883,0,1883
2024,12540.0,City of Milford - (DE),Municipal,,DE,PJM,0,0,0,0,0,7169,1559,12,0,8740,,,,,,,,,,,7169.0,1559.0,12.0,0.0,8740.0,79966,68432,90239,0,238637,,,,,,,,,,
2024,12541.0,City of Milford - (IA),Municipal,Y,IA,SWPP,1221,345,38,,1604,,,,,,,,,,,,,,,,1221.0,345.0,38.0,0.0,1604.0,,,,,,,,,,,,,,,
2024,12546.0,Mille Lacs Energy Cooperative,Cooperative,,MN,MISO,,,,,,18148,1420,127,,19695,,,,,,4,,,,4,18152.0,1420.0,127.0,0.0,19699.0,121995,37741,33606,,193342,13286,359,28,,13673,2559,82,4,0,2645
2024,12615.0,City of Milton-Freewater- (OR),Municipal,Y,OR,BPAT,,,,,,3367,478,67,,3912,,,,,,,,,,,3367.0,478.0,67.0,0.0,3912.0,56337,12089,19535,,87961,,,,,,,,,,
2024,12616.0,City of Milton - (WA),Municipal,Y,WA,BPAT,87,6,0,,93,3314,212,0,,3526,,,,,,,,,,,3401.0,218.0,0.0,0.0,3619.0,48539,3105,0,,51644,,,,,,,,,,
2024,12625.0,City of Minden - (LA),Municipal,Y,LA,MISO,,,,,,5142,1140,37,,6319,,,,,,,,,,,5142.0,1140.0,37.0,0.0,6319.0,58108,42350,25693,,126151,,,,,,,,,,
2024,12626.0,City of Minden - (NE),Municipal,Y,NE,SWPP,1354,252,3,,1609,,,,,,,,,,,,,,,,1354.0,252.0,3.0,0.0,1609.0,,,,,,,,,,,,,,,
2024,12627.0,City of Mindenmines - (MO),Municipal,Y,MO,SWPP,99,,,,99,,,,,,,,,,,,,,,,99.0,0.0,0.0,0.0,99.0,,,,,,,,,,,,,,,
2024,12642.0,Maquoketa Valley Rrl Elec Coop,Cooperative,,IA,MISO,,,,,,12778,6110,57,,18945,,,,,,,1,,,1,12778.0,6111.0,57.0,0.0,18946.0,140384,141770,10918,,293072,11051,6061,57,,17169,,,,,
2024,12647.0,"ALLETE, Inc.",Investor Owned,,MN,MISO,56,1,0,0,57,125840,26026,419,0,152285,0,0,0,0,0,0,0,0,0,0,125896.0,26027.0,419.0,0.0,152342.0,983242,1204248,6203291,0,8390781,125896,26027,419,0,152342,,,,,
2024,12651.0,Minnesota Valley Electric Coop,Cooperative,,MN,MISO,,,,,,52389,5237,,,57626,,,,,,2,5,,,7,52391.0,5242.0,0.0,0.0,57633.0,492180,367273,,,859453,43412,4220,,,47632,18487,245,,,18732
2024,12660.0,Village of Minster - (OH),Municipal,Y,OH,PJM,1297,158,35,,1490,0,3,17,,20,,,,,,,,,,,1297.0,161.0,52.0,0.0,1510.0,0,60,92919,,92979,,,,,,,,,,
2024,12674.0,City of Mishawaka,Municipal,,IN,PJM,24470,2749,,,27219,440,40,,,480,,,,,,479,1040,,,1519,25389.0,3829.0,0.0,0.0,29218.0,220,20,,,240,,,,,,,,,,
2024,12681.0,Mississippi County Electric Co,Cooperative,,AR,MISO,3161,722,874,,4757,,,,,,,,,,,71,57,34,,162,3232.0,779.0,908.0,0.0,4919.0,,,,,,,,,,,,,,,
2024,12685.0,Entergy Mississippi LLC,Investor Owned,,MS,MISO,21,1,1,,23,390985,128309,7567,,526861,,,,,,1791,1041,654,,3486,392797.0,129351.0,8222.0,0.0,530370.0,5462827,4956848,2260007,,12679682,,,,,,,,,,
2024,12686.0,Mississippi Power Co,Investor Owned,,MS,SOCO,156882,34507,400,0,191789,,3,23,,26,,,,,,15,,,,15,156897.0,34510.0,423.0,0.0,191830.0,0,112293,1236866,,1349159,,,,,,,,,,
2024,12692.0,"Missoula Electric Coop, Inc",Cooperative,,ID,BPAT,,,,,0,46,25,,,71,,,,,,,,,,,46.0,25.0,0.0,0.0,71.0,694,878,,,1572,46,25,,,71,,,,,
2024,12692.0,"Missoula Electric Coop, Inc",Cooperative,,MT,BPAT,,,,,,14685,1551,267,,16503,,,,,,1,,,,1,14686.0,1551.0,267.0,0.0,16504.0,189571,52803,15268,,257642,14685,1551,267,,16503,,,,,
2024,12698.0,Evergy Missouri West,Investor Owned,,MO,SWPP,,,,,,309426,41904,352,,351682,,,,,,35,282,6,,323,309461.0,42186.0,358.0,0.0,352005.0,3524820,3053908,1380416,,7959144,305548,40693,219,,346460,29114,122,,,29236
2024,12700.0,Missouri Rural Electric Coop,Cooperative,,MO,AECI,5068,572,11,,5651,,,,,,,,,,,,,,,,5068.0,572.0,11.0,0.0,5651.0,,,,,,,,,,,,,,,
2024,12706.0,Mitchell Electric Member Corp,Cooperative,,GA,SOCO,,,,,,21293,4387,,,25680,,,,,,,,,,,21293.0,4387.0,0.0,0.0,25680.0,298974,158238,,,457212,21293,4387,,,25680,,,,,
2024,12744.0,Modern Electric Water Company,Cooperative,,WA,AVA,,,,,0,9181,1748,,,10929,,,,,,,,,,,9181.0,1748.0,0.0,0.0,10929.0,102145,122895,,,225040,,,,,,,,,,
2024,12745.0,Modesto Irrigation District,Political Subdivision,,CA,BANC,,,,,0,103650,29728,139,0,133517,,,,,,,,,,,103650.0,29728.0,139.0,0.0,133517.0,1005118,855244,808929,0,2669291,,,,,,,,,,
2024,12759.0,Mohawk Municipal Comm,Municipal,Y,NY,NYIS,1317,98,,,1415,,,,,,,,,,,,,,,,1317.0,98.0,0.0,0.0,1415.0,,,,,,,,,,,,,,,
2024,12782.0,City of Monett - (MO),Municipal,,MO,SWPP,1658,732,37,,2427,2460,0,0,,2460,,,,,,,,,,,4118.0,732.0,37.0,0.0,4887.0,27783,,,,27783,,,,,,,,,,
2024,12789.0,City of Monmouth - (OR),Municipal,Y,OR,BPAT,,,,,0,4571,364,,,4935,,,,,,,,,,,4571.0,364.0,0.0,0.0,4935.0,48412,27362,,,75774,,,,,,,,,,
2024,12796.0,Monongahela Power Co,Investor Owned,,WV,PJM,90338,14613,2493,0,107444,0,0,0,0,0,0,0,0,0,0,250257,41733,4100,0,296090,340595.0,56346.0,6593.0,0.0,403534.0,0,0,0,0,0,0,5,15,0,20,0,0,0,0,0
2024,12797.0,City of Monroe - (UT),Municipal,Y,UT,PACE,1135,91,47,,1273,,,,,,,,,,,,,,,,1135.0,91.0,47.0,0.0,1273.0,,,,,,,,,,,,,,,
2024,12800.0,City of Monroe - (GA),Municipal,Y,GA,SOCO,6119,1038,,,7157,0,0,,,0,,,,,,,,,,,6119.0,1038.0,0.0,0.0,7157.0,,,,,,,,,,,,,,,
2024,12801.0,City of Monroe - (NC),Municipal,,NC,DUK,11380,2458,266,,14104,,,,,,,,,,,,33,,,33,11380.0,2491.0,266.0,0.0,14137.0,,,,,,,,,,,,,,,
2024,12803.0,"Monroe County Elec Coop, Inc",Cooperative,Y,IL,MISO,,,,,,7351,172,44,,7567,,,,,,,,,,,7351.0,172.0,44.0,0.0,7567.0,99517,11588,267,,111372,,,,,,,,,,
2024,12817.0,Mont Alto Borough,Municipal,Y,PA,PJM,,,,,,696,14,9,,719,,,,,,,,,,,696.0,14.0,9.0,0.0,719.0,8890,192,1029,,10111,,,,,,,,,,
2024,12825.0,NorthWestern Energy LLC - (MT),Investor Owned,,MT,NWMT,327079,80237,1786,,409102,,,,,,,,,,,1342,5071,487,,6900,328421.0,85308.0,2273.0,0.0,416002.0,,,,,,,,,,,,,,,
2024,12825.0,NorthWestern Energy LLC - (MT),Investor Owned,,WY,NWMT,294,389,,,683,,,,,,,,,,,,,,,,294.0,389.0,0.0,0.0,683.0,,,,,,,,,,,,,,,
2024,12839.0,City of Montezuma - (IA),Municipal,Y,IA,MISO,701,208,3,,912,,,,,,,,,,,,,,,,701.0,208.0,3.0,0.0,912.0,,,,,,,,,,,,,,,
2024,12851.0,City of Monticello - (GA),Municipal,Y,GA,SOCO,1128,201,,,1329,,,,,,,,,,,,,,,,1128.0,201.0,0.0,0.0,1329.0,,,,,,,,,,,,,,,
2024,12860.0,Morgan County Rural Elec Assn,Cooperative,,CO,WACM,,,,,,5825,2122,1617,,9564,,,,,,,,,,,5825.0,2122.0,1617.0,0.0,9564.0,71098,255922,146336,,473356,5825,2122,1617,,9564,,,,,
2024,12866.0,Moon Lake Electric Assn Inc,Cooperative,,CO,WACM,159,167,22,0,348,1366,393,119,0,1878,,,,,,,,,,,1525.0,560.0,141.0,0.0,2226.0,13902,13910,380463,0,408275,1366,393,119,0,1878,,,,,
2024,12866.0,Moon Lake Electric Assn Inc,Cooperative,,UT,WACM,348,367,162,0,877,12927,2414,1932,0,17273,,,,,,,,,,,13275.0,2781.0,2094.0,0.0,18150.0,154953,110198,285450,0,550601,12927,2414,1932,0,17273,,,,,
2024,12892.0,City of Mooreland - (OK),Municipal,Y,OK,SWPP,775,,,,775,0,,,,0,,,,,,,,,,,775.0,0.0,0.0,0.0,775.0,,,,,,,,,,,,,,,
2024,12894.0,City of Moorhead - (MN),Municipal,,MN,SWPP,18731,1651,170,0,20552,0,0,0,0,0,0,0,0,0,0,102,274,200,,576,18833.0,1925.0,370.0,0.0,21128.0,0,0,0,0,0,0,0,0,0,0,0,0,0,0,0
2024,12897.0,Moose Lake Water & Light Comm,Municipal,Y,MN,MISO,471,118,0,,589,362,141,0,,503,,,,,,,,,,,833.0,259.0,0.0,0.0,1092.0,2656,25796,0,,28452,,,,,,,,,,
2024,12899.0,Mor-Gran-Sou Electric Coop Inc,Cooperative,Y,ND,SWPP,,,,,,9145,1233,3,,10381,,,,,,,,,,,9145.0,1233.0,3.0,0.0,10381.0,91349,61090,11783,,164222,,,,,,,,,,
2024,12900.0,City of Mora - (MN),Municipal,Y,MN,MISO,1634,313,9,,1956,,,,,,,,,,,,,,,,1634.0,313.0,9.0,0.0,1956.0,,,,,,,,,,,,,,,
2024,12901.0,Mora-San Miguel Elec Coop,Cooperative,Y,NM,PNM,2,0,0,,2,11139,257,36,,11432,,,,,,,,,,,11141.0,257.0,36.0,0.0,11434.0,69980,12,886,,70878,,,,,,,,,,
2024,12915.0,Moreau-Grand Electric Coop Inc,Cooperative,Y,SD,SWPP,,,,,,6193,1011,,,7204,,,,,,,,,,,6193.0,1011.0,0.0,0.0,7204.0,58654,43032,,,101686,,,,,,,,,,
2024,12919.0,Morenci Water and Electric,Investor Owned,,AZ,WALC,2226,296,0,0,2522,,,,,,,,,,,6,100,2,0,108,2232.0,396.0,2.0,0.0,2630.0,,,,,,,,,,,,,,,
2024,12927.0,Morgan City - (LA),Municipal,Y,LA,MISO,5107,1117,,,6224,,,,,,,,,,,,,,,,5107.0,1117.0,0.0,0.0,6224.0,,,,,,,,,,,,,,,
2024,12928.0,Morgan City - (UT),Municipal,Y,UT,PACE,1544,189,,,1733,268,20,,,288,,,,,,,,,,,1812.0,209.0,0.0,0.0,2021.0,2,1,,,3,,,,,,,,,,
2024,12929.0,South Central Indiana REMC,Cooperative,,IN,MISO,,,4,,4,34901,592,7,,35500,,,,,,,,,,,34901.0,592.0,11.0,0.0,35504.0,450962,56312,17751,,525025,34901,592,11,,35504,,,,,
2024,12944.0,City of Morganton - (NC),Municipal,,NC,DUK,,,,,,,,,,,,,,,,7055,1774,39,,8868,7055.0,1774.0,39.0,0.0,8868.0,,,,,,,,,,,,,,,
2024,12988.0,City of Morristown - (TN),Municipal,,TN,TVA,0,0,0,0,0,13459,3021,29,0,16509,0,0,0,0,0,0,0,0,0,0,13459.0,3021.0,29.0,0.0,16509.0,169235,308118,446774,0,924127,13459,3021,29,0,16509,0,0,0,0,0
2024,12990.0,Consolidated Cooperative,Cooperative,,OH,PJM,,,,,0,16897,2363,12,,19272,,,,,,,,,,,16897.0,2363.0,12.0,0.0,19272.0,257472,105064,67699,,430235,16897,2363,0,,19260,,,,,
2024,13026.0,City of Moultrie - (GA),Municipal,Y,GA,SOCO,,,,,,5787,1141,13,,6941,,,,,,,,,,,5787.0,1141.0,13.0,0.0,6941.0,5787,1141,13,,6941,,,,,,,,,,
2024,13027.0,"Mountain Electric Coop, Inc",Cooperative,,NC,TVA,0,0,0,0,0,15491,4573,0,0,20064,0,0,0,0,0,0,0,0,0,0,15491.0,4573.0,0.0,0.0,20064.0,171496,98201,0,0,269697,0,0,0,0,0,0,0,0,0,0
2024,13027.0,"Mountain Electric Coop, Inc",Cooperative,,TN,TVA,0,0,0,0,0,12539,3720,3,0,16262,0,0,0,0,0,0,0,0,0,0,12539.0,3720.0,3.0,0.0,16262.0,150090,75008,96185,0,321283,0,0,3,0,3,0,0,0,0,0
2024,13032.0,Mt Carmel Public Utility Co,Investor Owned,,IL,MISO,,,,,,,,,,,,,,,,4653,848,96,,5597,4653.0,848.0,96.0,0.0,5597.0,,,,,,,,,,,,,,,
2024,13033.0,City of Mount Dora - (FL),Municipal,Y,FL,FPC,5228,961,,,6189,,,,,,,,,,,,,,,,5228.0,961.0,0.0,0.0,6189.0,,,,,,,,,,,,,,,
2024,13035.0,City of Mount Hope - (KS),Municipal,Y,KS,SWPP,,,,,,417,18,7,,442,,,,,,,,,,,417.0,18.0,7.0,0.0,442.0,4626,200,78,,4904,,,,,,,,,,
2024,13036.0,Village of Mt. Horeb - (WI),Municipal,,WI,MISO,0,0,0,0,0,3694,562,0,0,4256,,,,,,4,6,0,0,10,3698.0,568.0,0.0,0.0,4266.0,29683,27826,0,0,57509,3734,552,0,0,4286,,,,,
2024,13037.0,City of Mt Pleasant - (UT),Municipal,Y,UT,PACE,,,,,,2252,312,0,,2564,,,,,,,,,,,2252.0,312.0,0.0,0.0,2564.0,1553,1092,0,,2645,,,,,,,,,,
2024,13038.0,City of Mt Pleasant - (IA),Municipal,Y,IA,MISO,1967,493,,,2460,1444,43,,,1487,,,,,,,,,,,3411.0,536.0,0.0,0.0,3947.0,1174,22,,,1196,,,,,,,,,,
2024,13039.0,City of Mt Pleasant - (TN),Municipal,,TN,TVA,0,0,0,0,0,3524,764,6,0,4294,0,0,0,0,0,0,0,0,0,0,3524.0,764.0,6.0,0.0,4294.0,49316,32733,61876,0,143925,0,0,0,0,0,0,0,0,0,0
2024,13040.0,City of Mount Vernon - (MO),Municipal,Y,MO,SWPP,1981,939,19,,2939,,,,,,,,,,,,,,,,1981.0,939.0,19.0,0.0,2939.0,,,,,,,,,,,,,,,
2024,13044.0,City of Mountain Iron - (MN),Municipal,Y,MN,MISO,1112,82,5,,1199,,,,,,,,,,,,,,,,1112.0,82.0,5.0,0.0,1199.0,,,,,,,,,,,,,,,
2024,13048.0,City of Mountain Lake - (MN),Municipal,Y,MN,MISO,898,272,115,,1285,,,,,,,,,,,,,,,,898.0,272.0,115.0,0.0,1285.0,,,,,,,,,,,,,,,
2024,13050.0,"Mountain Parks Electric, Inc",Cooperative,,CO,WACM,,,,,,19183,3568,28,,22779,,,,,,,,,,,19183.0,3568.0,28.0,0.0,22779.0,171905,130744,41723,,344372,19183,3568,28,0,22779,,,,,
2024,13057.0,City of Mountain View - (MO),Municipal,Y,MO,AECI,,,,,0,1237,205,,,1442,,,,,,,,,,,1237.0,205.0,0.0,0.0,1442.0,17675,8824,,,26499,,,,,,,,,,
2024,13058.0,"Mountain View Elec Assn, Inc",Cooperative,,CO,WACM,44,0,0,,44,60506,4506,41,,65053,0,0,0,,0,0,0,0,,0,60550.0,4506.0,41.0,0.0,65097.0,642911,200506,138797,,982214,,,,,,,,,,
2024,13073.0,"Mt Wheeler Power, Inc",Cooperative,,NV,NEVP,5169,1710,460,0,7339,,,,,,,,,,,,,,,,5169.0,1710.0,460.0,0.0,7339.0,,,,,,,,,,,,,,,
2024,13073.0,"Mt Wheeler Power, Inc",Cooperative,,UT,NEVP,211,138,60,0,409,,,,,,,,,,,,,,,,211.0,138.0,60.0,0.0,409.0,,,,,,,,,,,,,,,
2024,13095.0,City of Mulvane - (KS),Municipal,Y,KS,SWPP,,,,,,2550,380,,,2930,,,,,,,,,,,2550.0,380.0,0.0,0.0,2930.0,26588,16844,,,43432,,,,,,,,,,
2024,13137.0,City of Murray - (UT),Municipal,,UT,PACE,17000,3238,,,20238,,,,,0,,,,,,,95,2,,97,17000.0,3333.0,2.0,0.0,20335.0,,,,,,,,,,,,,,,
2024,13138.0,City of Murray - (KY),Municipal,,KY,TVA,0,0,0,0,0,6163,1773,2,0,7938,0,0,0,0,0,0,0,0,0,0,6163.0,1773.0,2.0,0.0,7938.0,64202,147589,41987,0,253778,6163,1773,0,0,7936,0,0,0,0,0
2024,13143.0,Board of Water Electric & Communications,Municipal,,IA,MISO,5223,545,0,,5768,374,354,59,,787,,,,,,5062,992,13,,6067,10659.0,1891.0,72.0,0.0,12622.0,71424,76215,629425,,777064,,,,,,,,,,
2024,13144.0,City of Muscle Shoals,Municipal,,AL,TVA,7154,1837,4,0,8995,0,0,5,0,5,0,0,0,0,0,0,0,0,0,0,7154.0,1837.0,9.0,0.0,9000.0,0,0,78145,0,78145,0,0,0,0,0,0,0,0,0,0
2024,13145.0,Village of Muscoda - (WI),Municipal,,WI,MISO,930,203,0,0,1133,,5,3,0,8,,,,,,0,0,0,0,0,930.0,208.0,3.0,0.0,1141.0,0,1698,39472,0,41170,0,5,3,0,8,,,,,
2024,13149.0,City of Needles - (CA),Municipal,Y,CA,WALC,0,0,0,,0,2872,718,0,,3590,,,,,,,,,,,2872.0,718.0,0.0,0.0,3590.0,63933,15983,0,,79916,,,,,,,,,,
2024,13196.0,Northern Plains Electric Coop,Cooperative,,ND,MISO,16535,1789,336,,18660,,,,,,,,,,,,,,,,16535.0,1789.0,336.0,0.0,18660.0,,,,,,,,,,,6142,331,148,,6621
2024,13205.0,"New Enterprise R E C, Inc",Cooperative,Y,PA,PJM,,,,,,3423,349,22,,3794,,,,,,,,,,,3423.0,349.0,22.0,0.0,3794.0,38180,8818,16211,,63209,,,,,,,,,,
2024,13206.0,Nantucket Electric Co,Investor Owned,,MA,ISNE,13444,1840,3,,15287,,6,1,,7,,,,,,,9,,,9,13444.0,1855.0,4.0,0.0,15303.0,,184,149,,333,,,,,,,,,,
2024,13208.0,City of Naperville - (IL),Municipal,,IL,PJM,0,0,0,0,0,56117,6865,8,0,62990,56117,6865,0,,62982,0,0,0,0,0,56117.0,6865.0,8.0,0.0,62990.0,512938,609689,89472,0,1212099,56117,6865,8,0,62990,0,0,0,0,0
2024,13209.0,City of Napoleon - (OH),Municipal,Y,OH,PJM,5296,769,22,,6087,,,,,,,,,,,,,,,,5296.0,769.0,22.0,0.0,6087.0,,,,,,,,,,,,,,,
2024,13214.0,The Narragansett Electric Co,Investor Owned,,RI,ISNE,463294,54739,507,20,518560,55,559,323,,937,,,,,,823,7662,757,6,9248,464172.0,62960.0,1587.0,26.0,528745.0,3527,30680,13632,,47839,,,,,,0,82,1028,1,1111
2024,13216.0,Nashville Electric Service,Municipal,,TN,TVA,0,0,0,0,0,417640,45757,58,0,463455,0,0,0,0,0,0,0,0,0,0,417640.0,45757.0,58.0,0.0,463455.0,5115864,6069079,917818,0,12102761,0,0,0,0,0,0,0,0,0,0
2024,13219.0,City of Nashwauk - (MN),Municipal,Y,MN,MISO,,,,,0,482,77,1,,560,,,,,,,,,,,482.0,77.0,1.0,0.0,560.0,4014,3127,3380,,10521,,,,,,,,,,
2024,13227.0,Natchez Trace Elec Power Assn,Cooperative,,MS,TVA,0,0,0,0,0,12611,3614,4,0,16229,0,0,0,0,0,0,0,0,0,0,12611.0,3614.0,4.0,0.0,16229.0,170086,104438,22187,0,296711,12611,3614,4,0,16229,0,0,0,0,0
2024,13228.0,City of Natchitoches,Municipal,,LA,MISO,,,,,0,,,,,,,,,,,7234,1242,5,,8481,7234.0,1242.0,5.0,0.0,8481.0,,,,,,,,,,,,,,,
2024,13233.0,City of Neligh - (NE),Municipal,Y,NE,SWPP,869,266,,,1135,,,,,,,,,,,,,,,,869.0,266.0,0.0,0.0,1135.0,,,,,,,,,,,,,,,
2024,13292.0,Norris Electric Coop,Cooperative,,IL,MISO,18074,2213,13,,20300,,,,,,,,,,,,,,,,18074.0,2213.0,13.0,0.0,20300.0,,,,,,,,,,,,,,,
2024,13314.0,Navajo Tribal Utility Authority,State,,AZ,PACE,,,,,0,27014,3330,1,0,30345,,,,,,,,,,,27014.0,3330.0,1.0,0.0,30345.0,158835,206972,79935,0,445742,,,,,,,,,,
2024,13314.0,Navajo Tribal Utility Authority,State,,NM,PACE,,,,,,9834,940,140,,10914,,,,,,,,,,,9834.0,940.0,140.0,0.0,10914.0,60590,62451,1992,,125033,,,,,,,,,,
2024,13314.0,Navajo Tribal Utility Authority,State,,UT,PACE,,,,,,1805,242,1,,2048,,,,,,,,,,,1805.0,242.0,1.0,0.0,2048.0,12296,13451,291961,,317708,,,,,,,,,,
2024,13318.0,"Navopache Electric Coop, Inc",Cooperative,,AZ,TEPC,,,,,,40028,3619,413,,44060,,,,,,48,20,0,,68,40076.0,3639.0,413.0,0.0,44128.0,294157,69447,104004,,467608,,,,,,,,,,
2024,13318.0,"Navopache Electric Coop, Inc",Cooperative,,NM,TEPC,,,,,,202,21,3,,226,,,,,,1291,203,8,,1502,1493.0,224.0,11.0,0.0,1728.0,1097,268,175,,1540,,,,,,,,,,
2024,13332.0,"Navarro County Elec Coop, Inc",Cooperative,,TX,ERCO,18521,1566,,,20087,,,,,0,,,,,,,248,13,,261,18521.0,1814.0,13.0,0.0,20348.0,,,,,,18435,1480,,,19915,,,,,
2024,13334.0,City of Nebraska City,Municipal,Y,NE,SWPP,4809,773,14,,5596,,,,,,,,,,,,,,,,4809.0,773.0,14.0,0.0,5596.0,,,,,,,,,,,,,,,
2024,13337.0,Nebraska Public Power District,Political Subdivision,,NE,SWPP,0,0,0,0,0,74182,20776,72,0,95030,,,,,,,,,,,74182.0,20776.0,72.0,0.0,95030.0,827553,1080994,1890554,0,3799101,,,,,,,,,,
2024,13337.0,Nebraska Public Power District,Political Subdivision,,SD,SWPP,0,0,0,0,0,1062,236,0,0,1298,,,,,,,,,,,1062.0,236.0,0.0,0.0,1298.0,15584,20267,0,0,35851,,,,,,,,,,
2024,13352.0,City of Negaunee,Municipal,,MI,MISO,639,129,0,0,768,1337,158,0,0,1495,,,,,,0,0,0,0,0,1976.0,287.0,0.0,0.0,2263.0,7020,7877,0,0,14897,1976,285,0,0,2261,,,,,
2024,13380.0,City of Neodesha - (KS),Municipal,Y,KS,SWPP,,,,,,1378,284,55,,1717,,,,,,,,,,,1378.0,284.0,55.0,0.0,1717.0,11402,11096,14282,,36780,,,,,,,,,,
2024,13382.0,City of Neola - (IA),Municipal,Y,IA,MISO,185,46,,,231,,,,,,,,,,,,,,,,185.0,46.0,0.0,0.0,231.0,,,,,,,,,,,,,,,
2024,13386.0,"Nemaha-Marshall E C A, Inc",Cooperative,Y,KS,SWPP,,,,,,3419,103,42,,3564,,,,,,,,,,,3419.0,103.0,42.0,0.0,3564.0,38413,9862,461,,48736,,,,,,,,,,
2024,13387.0,"Nespelem Valley Elec Coop, Inc",Cooperative,Y,WA,BPAT,1141,398,8,,1547,,,,,,,,,,,,,,,,1141.0,398.0,8.0,0.0,1547.0,,,,,,,,,,,,,,,
2024,13388.0,Nephi City Corporation,Municipal,Y,UT,PACE,,,,,,2551,356,1,,2908,,,,,,,,,,,2551.0,356.0,1.0,0.0,2908.0,114776,16016,45,,130837,,,,,,,,,,
2024,13407.0,Nevada Power Co,Investor Owned,,NV,NEVP,,,,,,978134,127494,1562,18,1107208,,,,,,922,,,,922,979056.0,127494.0,1562.0,18.0,1108130.0,10525452,8664828,5821479,7638,25019397,712567,37504,,,750071,73243,1702,,,74945
2024,13412.0,City of New Albany - (MS),Municipal,,MS,TVA,0,0,0,0,0,8157,3161,3,0,11321,0,0,0,0,0,0,0,0,0,0,8157.0,3161.0,3.0,0.0,11321.0,113112,110561,101378,0,325051,0,0,0,0,0,0,0,0,0,0
2024,13416.0,City of New Bern - (NC),Municipal,,NC,CPLE,,,,,,21283,3672,1,,24956,,,,,,,25,3,,28,21283.0,3697.0,4.0,0.0,24984.0,240152,137183,1906,,379241,108,,,,108,12109,228,,,12337
2024,13418.0,City of New Braunfels - (TX),Municipal,,TX,ERCO,6,2,2,,10,53975,6470,16,,60461,53975,6470,16,,60461,27,0,,,27,54008.0,6472.0,18.0,0.0,60498.0,687408,484393,144468,,1316269,53975,6470,16,,60461,,,,,
2024,13420.0,Village of New Bremen - (OH),Municipal,Y,OH,PJM,,,,,,1352,292,7,,1651,,,,,,,,,,,1352.0,292.0,7.0,0.0,1651.0,14274,18653,44722,,77649,,,,,,,,,,
2024,13423.0,Town of New Carlisle- (IN),Municipal,Y,IN,MISO,844,136,,,980,,,,,,,,,,,,,,,,844.0,136.0,0.0,0.0,980.0,,,,,,,,,,,,,,,
2024,13424.0,New Castle Municipal Serv Comm,Municipal,Y,DE,PJM,,,,,,2584,340,,,2924,,,,,,,,,,,2584.0,340.0,0.0,0.0,2924.0,23607,51481,,,75088,,,,,,,,,,
2024,13437.0,City of Newbern,Municipal,,TN,TVA,0,0,0,0,0,74,24,2,0,100,0,0,0,0,0,1421,314,1,0,1736,1495.0,338.0,3.0,0.0,1836.0,1119.81,2354.65,58615.56,0,62090.03,0,0,0,0,0,0,0,0,0,0
2024,13438.0,Village of New Glarus - (WI),Municipal,,WI,MISO,0,0,0,0,0,1092,219,0,0,1311,,,,,,9,3,0,0,12,1101.0,222.0,0.0,0.0,1323.0,7856,15037,0,0,22893,1091,205,0,0,1296,,,,,
2024,13441.0,New Hampshire Elec Coop Inc,Cooperative,,NH,ISNE,,,,,,77554,11215,64,,88833,,,,,,,,,,,77554.0,11215.0,64.0,0.0,88833.0,505122,210551,82046,,797719,,,,,,,,,,
2024,13448.0,City of New Holstein - (WI),Municipal,,WI,MISO,2220,389,0,0,2609,5,15,0,0,20,,,,,,35,70,0,0,105,2260.0,474.0,0.0,0.0,2734.0,1,8281,0,0,8282,0,9,0,0,9,,,,,
2024,13466.0,City of New Lisbon,Municipal,Y,WI,MISO,889,166,24,,1079,,,,,,,,,,,,,,,,889.0,166.0,24.0,0.0,1079.0,,,,,0,,,,,,,,,,
2024,13467.0,New London Electric&Water Util,Municipal,,WI,MISO,0,0,0,0,0,3501,656,5,0,4162,,,,,,0,0,0,0,0,3501.0,656.0,5.0,0.0,4162.0,26187,35104,120190,0,181481,3501,636,5,0,4142,,,,,
2024,13468.0,New London Municipal Utilities,Municipal,Y,IA,MISO,1103,133,,,1236,,,,,,,,,,,,,,,,1103.0,133.0,0.0,0.0,1236.0,,,,,,,,,,,,,,,
2024,13470.0,City of New Madrid - (MO),Municipal,Y,MO,MISO,,,,,0,1448,256,6,,1710,,,,,,,,,,,1448.0,256.0,6.0,0.0,1710.0,22148,8946,5060,,36154,,,,,,,,,,
2024,13471.0,City of New Martinsville - (WV),Municipal,Y,WV,PJM,1338,400,0,,1738,0,0,0,,0,,,,,,,,,,,1338.0,400.0,0.0,0.0,1738.0,,,,,,,,,,,,,,,
2024,13478.0,"Entergy New Orleans, LLC",Investor Owned,,LA,MISO,27,,,,27,302319,38264,2708,,343291,,,,,,808,422,32,1,1263,303154.0,38686.0,2740.0,1.0,344581.0,2346905,2854896,392644,,5594445,,,,,,,,,,
2024,13480.0,New Prague Utilities Comm,Municipal,Y,MN,MISO,,,,,,3344,312,89,,3745,,,,,,,,,,,3344.0,312.0,89.0,0.0,3745.0,26654,5435,36292,,68381,,,,,,,,,,
2024,13481.0,City of New Richmond,Municipal,,WI,MISO,5008,720,0,0,5728,0,28,0,0,28,,,,,,2,8,,0,10,5010.0,756.0,0.0,0.0,5766.0,0,26087,0,0,26087,0,20,0,0,20,,,,,
2024,13482.0,New River Light & Power Co,State,,NC,DUK,,,,,,7255,1908,,,9163,,,,,,,,,,,7255.0,1908.0,0.0,0.0,9163.0,62263,144747,,,207010,7247,1850,,,9097,,,,,
2024,13485.0,New Smyrna Beach City of,Municipal,,FL,FPL,27879,3466,,,31345,,,,,,,,,,,,145,,,145,27879.0,3611.0,0.0,0.0,31490.0,,,,,,,,,,,,,,,
2024,13488.0,New Ulm Public Utilities Comm,Municipal,Y,MN,MISO,6338,1078,8,,7424,,,,,,,,,,,,,,,,6338.0,1078.0,8.0,0.0,7424.0,,,,,,,,,,,,,,,
2024,13489.0,Borough of New Wilmington - (PA),Municipal,Y,PA,PJM,532,156,51,,739,,,,,,,,,,,,,,,,532.0,156.0,51.0,0.0,739.0,,,,,,,,,,,,,,,
2024,13511.0,New York State Elec & Gas Corp,Investor Owned,,NY,NYIS,6,817,268,,1091,411232,53922,456,,465610,,,,,,381062,72828,776,2,454668,792300.0,127567.0,1500.0,2.0,921369.0,1881325,715748,25585,,2622658,,,,,,,,,,
2024,13519.0,City of Newark - (DE),Municipal,,DE,PJM,,,,,,11888,1492,59,,13439,,,,,,,,,,,11888.0,1492.0,59.0,0.0,13439.0,98785,73371,250502,,422658,,,,,,,,,,
2024,13520.0,"New-Mac Electric Coop, Inc",Cooperative,,MO,AECI,0,0,0,,0,19445,171,4,,19620,,,,,,,,,,,19445.0,171.0,4.0,0.0,19620.0,304731,51801,49514,,406046,19445,171,4,,19620,,,,,
2024,13521.0,City of Newberry - (FL),Municipal,Y,FL,FPC,,,,,,2546,343,13,,2902,,,,,,,,,,,2546.0,343.0,13.0,0.0,2902.0,30537,14839,1982,,47358,,,,,,,,,,
2024,13523.0,City of Newberry - (SC),Municipal,Y,SC,DUK,4504,,,,4504,,941,14,,955,,,,,,,,,,,4504.0,941.0,14.0,0.0,5459.0,,59356,56742,,116098,,,,,,,,,,
2024,13524.0,"Newberry Electric Coop, Inc",Cooperative,,SC,SC,13129,747,22,0,13898,0,0,0,0,0,0,0,0,0,0,12,3,9,0,24,13141.0,750.0,31.0,0.0,13922.0,,,,,,,,,,,,,,,
2024,13530.0,City of Newkirk - (OK),Municipal,Y,OK,SWPP,56,18,0,,74,0,0,0,,0,,,,,,,,,,,56.0,18.0,0.0,0.0,74.0,,,,,,,,,,,,,,,
2024,13547.0,"Newnan Wtr, Sewer & Light Comm",Municipal,,GA,SOCO,,,,,,9209,1840,,,11049,,,,,,,,,,,9209.0,1840.0,0.0,0.0,11049.0,99916,200124,,,300040,,,,,,,,,,
2024,13550.0,City of Newport - (TN),Municipal,,TN,TVA,0,0,0,0,0,19859,3619,6,0,23484,0,0,0,0,0,0,0,0,0,0,19859.0,3619.0,6.0,0.0,23484.0,256270,127248,145129,0,528647,19859,3461,5,0,23325,0,0,0,0,0
2024,13560.0,City of Newton - (IL),Municipal,Y,IL,MISO,1346,311,,,1657,,,,,,,,,,,,,,,,1346.0,311.0,0.0,0.0,1657.0,,,,,,,,,,,,,,,
2024,13561.0,City of Newton - (NC),Municipal,Y,NC,DUK,0,0,0,,0,4361,545,68,,4974,,,,,,,,,,,4361.0,545.0,68.0,0.0,4974.0,50120,61302,17236,,128658,,,,,,,,,,
2024,13563.0,City of Newton Falls - (OH),Municipal,Y,OH,PJM,11,40,,,51,2287,323,2,,2612,,,,,,,,,,,2298.0,363.0,2.0,0.0,2663.0,37326,4641,33,,42000,,,,,,,,,,
2024,13566.0,Newton County Rural E M C,Cooperative,Y,IN,MISO,,,,,0,1244,154,4,,1402,,,,,,,,,,,1244.0,154.0,4.0,0.0,1402.0,16521,24234,19987,,60742,,,,,,,,,,
2024,13570.0,Ninnescah Rural E C A Inc,Cooperative,Y,KS,SWPP,,,3,,3,2814,1398,,,4212,,,,,,,,,,,2814.0,1398.0,3.0,0.0,4215.0,25019,45438,,,70457,,,,,,,,,,
2024,13573.0,Niagara Mohawk Power Corp.,Investor Owned,,NY,NYIS,1013216,159093,906,1,1173216,551030,27041,361,,578432,,,,,,431,1406,328,,2165,1564677.0,187540.0,1595.0,1.0,1753813.0,1965916,2778534,1181417,,5925867,,,,,,,,,,
2024,13577.0,City of Nicholasville - (KY),Municipal,Y,KY,LGEE,2543,203,0,,2746,3818,427,9,,4254,,,,,,,,,,,6361.0,630.0,9.0,0.0,7000.0,40536,19670,61613,,121819,,,,,,,,,,
2024,13602.0,City of Niles - (OH),Municipal,,OH,PJM,0,0,0,0,0,,,,,,,,,,,11882,911,22,,12815,11882.0,911.0,22.0,0.0,12815.0,,,,,,,,,,,,,,,
2024,13604.0,City of Niles - (MI),Municipal,Y,MI,PJM,5625,785,,,6410,,,,,,,,,,,,,,,,5625.0,785.0,0.0,0.0,6410.0,,,,,,,,,,,,,,,
2024,13610.0,Niobrara Valley El Member Corp,Cooperative,Y,NE,SWPP,,,,,0,4998,1463,45,,6506,,,,,,,,,,,4998.0,1463.0,45.0,0.0,6506.0,52207,78241,29820,,160268,,,,,,,,,,
2024,13640.0,Northern Virginia Elec Coop,Cooperative,,VA,PJM,134688,14328,0,,149016,55057,4119,0,,59176,0,0,0,,0,53,300,4,,357,189798.0,18747.0,4.0,0.0,208549.0,938778,8942706,0,,9881484,55057,3762,0,,58819,55877,,0,,55877
2024,13642.0,Nome Joint Utility Systems,Municipal,Y,AK,NA,0,0,0,,0,1775,523,0,,2298,,,,,,,,,,,1775.0,523.0,0.0,0.0,2298.0,8625,20939,0,,29564,,,,,,,,,,
2024,13646.0,City of Norcross- (GA),Municipal,Y,GA,SOCO,,,,,0,4692,822,,,5514,,,,,,,,,,,4692.0,822.0,0.0,0.0,5514.0,101614,61237,,,162851,,,,,,,,,,
2024,13647.0,Noble County R E M C,Cooperative,,IN,PJM,,,,,0,10986,542,139,,11667,,,,,,,,,,,10986.0,542.0,139.0,0.0,11667.0,132778,19151,50327,,202256,,,,,,,92,,,92
2024,13651.0,Nolin Rural Electric Coop Corp,Cooperative,,KY,PJM,,,,,,35855,2884,2,,38741,,,,,,,,,,,35855.0,2884.0,2.0,0.0,38741.0,490715,119508,131740,,741963,,,,,,,,,,
2024,13664.0,Norris Public Power District,Political Subdivision,,NE,SWPP,0,0,0,0,0,18387,6524,2854,0,27765,0,0,0,0,0,0,0,0,0,0,18387.0,6524.0,2854.0,0.0,27765.0,334982,154275,611418,0,1100675,18387,6524,2854,0,27765,0,2,1695,0,1697
2024,13669.0,North Alabama Electric Coop,Cooperative,,AL,TVA,0,0,0,0,0,13099,6410,3,0,19512,0,0,0,0,0,0,0,0,0,0,13099.0,6410.0,3.0,0.0,19512.0,198549,113566,145448,0,457563,13099,6260,0,0,19359,0,0,0,0,0
2024,13675.0,Nishnabotna Valley R E C,Cooperative,Y,IA,SWPP,0,0,0,,0,4807,207,29,,5043,,,,,,,,,,,4807.0,207.0,29.0,0.0,5043.0,55004,62452,97286,,214742,,,,,,,,,,
2024,13676.0,"North Arkansas Elec Coop, Inc",Cooperative,,AR,MISO,36355,2614,9,,38978,,,,,,,,,,,,,,,,36355.0,2614.0,9.0,0.0,38978.0,,,,,,36355,2614,9,,38978,8456,,,,8456
2024,13679.0,Town of North Attleborough - (MA),Municipal,,MA,ISNE,3115,287,7,,3409,9492,874,121,,10487,,,,,,,,,,,12607.0,1161.0,128.0,0.0,13896.0,30150,9507,30073,,69730,,,,,,,,,,
2024,13684.0,Nobles Cooperative Electric,Cooperative,Y,IA,MISO,,,,,,9,1,,,10,,,,,,,,,,,9.0,1.0,0.0,0.0,10.0,169,63,,,232,,,,,,,,,,
2024,13684.0,Nobles Cooperative Electric,Cooperative,Y,MN,MISO,,,,,,5974,1084,,,7058,,,,,,,,,,,5974.0,1084.0,0.0,0.0,7058.0,90635,99794,,,190429,,,,,,,,,,
2024,13685.0,"Niobrara Electric Assn, Inc",Cooperative,Y,NE,WACM,570,219,49,,838,,,,,,,,,,,,,,,,570.0,219.0,49.0,0.0,838.0,,,,,,,,,,,,,,,
2024,13685.0,"Niobrara Electric Assn, Inc",Cooperative,Y,SD,WACM,8,8,0,,16,,,,,,,,,,,,,,,,8.0,8.0,0.0,0.0,16.0,,,,,,,,,,,,,,,
2024,13685.0,"Niobrara Electric Assn, Inc",Cooperative,Y,WY,WACM,1051,1014,118,,2183,,,,,,,,,,,,,,,,1051.0,1014.0,118.0,0.0,2183.0,,,,,,,,,,,,,,,
2024,13690.0,North Central MO Elec Coop Inc,Cooperative,Y,MO,AECI,,,,,0,4598,380,,,4978,,,,,,,,,,,4598.0,380.0,0.0,0.0,4978.0,49742,112204,,,161946,,,,,,,,,,
2024,13693.0,"North Central Elec Coop, Inc - (OH)",Cooperative,,OH,PJM,,,,,0,8433,1270,42,,9745,,,,,,,,,,,8433.0,1270.0,42.0,0.0,9745.0,119796,32032,69024,,220852,8433,1270,42,,9745,,,,,
2024,13694.0,"North Central Elec Coop, Inc - (ND)",Cooperative,,ND,MISO,6061,1526,5,0,7592,,,,,,,,,,,,,,,,6061.0,1526.0,5.0,0.0,7592.0,,,,,,,,,,,,,,,
2024,13697.0,North Central Power Co Inc,Investor Owned,,WI,MISO,,,,,,,,,,,,,,,,5049,520,5,0,5574,5049.0,520.0,5.0,0.0,5574.0,,,,,,,,,,,,,,,
2024,13698.0,North Central Public Pwr Dist,Political Subdivision,Y,NE,SWPP,,,,,0,4131,1422,1370,,6923,,,,,,,,,,,4131.0,1422.0,1370.0,0.0,6923.0,46509,36787,75069,,158365,,,,,,,,,,
2024,13700.0,North Itasca Electric Coop Inc,Cooperative,Y,MN,MISO,6598,600,,,7198,,,,,,,,,,,,,,,,6598.0,600.0,0.0,0.0,7198.0,,,,,,,,,,,,,,,
2024,13704.0,"North Western Elec Coop, Inc",Cooperative,Y,OH,PJM,0,0,0,,0,5365,690,6,,6061,,,,,,,,,,,5365.0,690.0,6.0,0.0,6061.0,75864,29007,25510,,130381,,,,,,,,,,
2024,13716.0,North Georgia Elec Member Corp,Cooperative,,GA,TVA,0,0,0,0,0,90182,16106,28,0,106316,0,0,0,0,0,0,0,0,0,0,90182.0,16106.0,28.0,0.0,106316.0,1454917,818532,181624,0,2455073,90180,15504,15,0,105699,0,0,0,0,0
2024,13718.0,City of North Little Rock - (AR),Municipal,,AR,MISO,,,,,,34984,4886,266,1,40137,,,,,,,,,,,34984.0,4886.0,266.0,1.0,40137.0,371995,194537,297819,258,864609,34984,4886,266,1,40137,,,,,
2024,13725.0,City of North Platte,Municipal,,NE,SWPP,8792,2132,4,,10928,3114,72,0,,3186,,,,,,,,,,,11906.0,2204.0,4.0,0.0,14114.0,155,4,,,159,,,,,,,,,,
2024,13730.0,City of North St Paul - (MN),Municipal,Y,MN,MISO,6203,494,,,6697,,,,,,,,,,,,,,,,6203.0,494.0,0.0,0.0,6697.0,,,,,,,,,,,,,,,
2024,13731.0,"North Star Electric Coop, Inc",Cooperative,Y,MN,MISO,,,,,,6154,806,2,,6962,,,,,,,,,,,6154.0,806.0,2.0,0.0,6962.0,66002,27764,8150,,101916,,,,,,,,,,
2024,13734.0,Northeast Oklahoma Electric Co,Cooperative,,OK,SWPP,0,0,0,0,0,37168,4113,47,0,41328,,,,,,0,0,0,0,0,37168.0,4113.0,47.0,0.0,41328.0,509520,203758,33613,0,746891,,,,,,,,,,
2024,13735.0,Northcentral Mississippi E P A,Cooperative,,MS,TVA,29136,6493,14,0,35643,0,0,0,0,0,0,0,0,0,0,0,0,0,0,0,29136.0,6493.0,14.0,0.0,35643.0,0,0,0,0,0,29136,6493,14,0,35643,0,0,0,0,0
2024,13739.0,Northeast Power,Political Subdivision,,NE,SWPP,,,,,,6846,1003,805,,8654,,,,,,,,,,,6846.0,1003.0,805.0,0.0,8654.0,109810,201291,20960,,332061,,,,,,,,,,
2024,13749.0,"NorVal Electric Cooperative, Inc",Cooperative,Y,MT,SWPP,,,,,,2290,805,775,,3870,,,,,,,,,,,2290.0,805.0,775.0,0.0,3870.0,26871,9539,14857,,51267,,,,,,,,,,
2024,13750.0,"Northern Electric Coop, Inc",Cooperative,,SD,SWPP,,,,,,5790,881,249,0,6920,,,,,,,,,,,5790.0,881.0,249.0,0.0,6920.0,138063,52760,104955,0,295778,4648,407,101,0,5156,2631,90,83,0,2804
2024,13756.0,Northern Indiana Pub Serv Co,Investor Owned,,IN,MISO,430356,59116,1854,0,491326,,,,,,,,,,,292,804,277,1,1374,430648.0,59920.0,2131.0,1.0,492700.0,,,,,,,,,,,,,,,
2024,13757.0,North Plains Electric Coop Inc,Cooperative,,TX,SWPP,3081,2678,1444,,7203,,,,,,,,,,,,,,,,3081.0,2678.0,1444.0,0.0,7203.0,,,,,,,,,,,,,,,
2024,13758.0,"Northern Lights, Inc",Cooperative,,ID,BPAT,18511,1093,5,0,19609,0,,,,0,,,,,,,,,,,18511.0,1093.0,5.0,0.0,19609.0,,,,,,,,,,,,,,,
2024,13758.0,"Northern Lights, Inc",Cooperative,,MT,BPAT,3985,296,6,0,4287,,,,,,,,,,,,,,,,3985.0,296.0,6.0,0.0,4287.0,,,,,,,,,,,,,,,
2024,13758.0,"Northern Lights, Inc",Cooperative,,WA,BPAT,14,0,0,0,14,,,,,,,,,,,,,,,,14.0,0.0,0.0,0.0,14.0,,,,,,,,,,,,,,,
2024,13762.0,"Northern Neck Elec Coop, Inc",Cooperative,,VA,PJM,,,,,0,17981,2655,,,20636,,,,,,2,12,,,14,17983.0,2667.0,0.0,0.0,20650.0,241810,31813,,,273623,17981,2517,,,20498,4479,,,,4479
2024,13777.0,Northern Rio Arriba E Coop Inc,Cooperative,Y,NM,PNM,2786,467,2,,3255,,,,,,,,,,,,,,,,2786.0,467.0,2.0,0.0,3255.0,,,,,,,,,,,,,,,
2024,13780.0,Northern States Power Co,Investor Owned,,MI,MISO,7757,1366,27,,9150,0,,,,0,,,,,,,,1,,1,7757.0,1366.0,28.0,0.0,9151.0,,,,,,,,,,,,4,,,4
2024,13780.0,Northern States Power Co,Investor Owned,,WI,MISO,33902,10967,1959,,46828,189442,28317,470,,218229,,,,,,,55,9,,64,223344.0,39339.0,2438.0,0.0,265121.0,893815,240713,188518,,1323046,,,,,,17857,975,,,18832
2024,13781.0,Northern States Power Co - Minnesota,Investor Owned,,MN,MISO,132755,48394,11141,15,192305,1121389,81934,4696,,1208019,,,,,,11,2096,319,1,2427,1254155.0,132424.0,16156.0,16.0,1402751.0,6121854,1506339,845111,,8473304,,,,,,362346,17301,40,0,379687
2024,13781.0,Northern States Power Co - Minnesota,Investor Owned,,ND,MISO,24988,7787,1214,,33989,59481,4827,118,,64426,,,,,,,34,7,,41,84469.0,12648.0,1339.0,0.0,98456.0,32939,23640,9299,,65878,,,,,,12583,582,,,13165
2024,13781.0,Northern States Power Co - Minnesota,Investor Owned,,SD,MISO,26256,6598,861,,33715,67835,6467,117,,74419,,,,,,,26,,,26,94091.0,13091.0,978.0,0.0,108160.0,237483,55597,22020,,315100,,,,,,20547,588,2,,21137
2024,13782.0,City of New Ross - (IN),Municipal,Y,IN,MISO,,,,,0,197,24,,,221,,,,,,,,,,,197.0,24.0,0.0,0.0,221.0,2024,448,,,2472,,,,,,,,,,
2024,13783.0,Northeast Louisiana Power Coop Inc.,Cooperative,,LA,MISO,,,,,,11543,3317,2895,,17755,,,,,,,,,,,11543.0,3317.0,2895.0,0.0,17755.0,192625,60475,12709,,265809,11543,3317,2895,,17755,,,,,
2024,13788.0,Northern Wasco County PUD,Political Subdivision,,OR,BPAT,0,0,0,,0,9789,500,188,,10477,0,,,,0,11,2,2,,15,9800.0,502.0,190.0,0.0,10492.0,145325,121175,1219966,,1486466,9800,502,190,,10492,0,0,0,,0
2024,13799.0,Prairie Land Electric Coop Inc,Cooperative,,KS,SWPP,,,,,0,13273,8894,2347,,24514,,,,,,,28,,,28,13273.0,8922.0,2347.0,0.0,24542.0,131438,153937,273417,,558792,13273,8894,2339,,24506,,,,,
2024,13805.0,Northwest Rural Pub Pwr Dist,Political Subdivision,Y,NE,WACM,,,,,,1462,1256,673,,3391,,,,,,,,,,,1462.0,1256.0,673.0,0.0,3391.0,22664,13653,40208,,76525,,,,,,,,,,
2024,13807.0,Northwestern Electric Coop Inc - (OK),Cooperative,,OK,SWPP,9620,2335,11,,11966,,,,,,,,,,,,,,,,9620.0,2335.0,11.0,0.0,11966.0,,,,,,9620,2335,11,,11966,,,,,
2024,13809.0,NorthWestern Energy - (SD),Investor Owned,,SD,SWPP,,,,,,51775,13602,,,65377,,,,,0,10,73,83,,166,51785.0,13675.0,83.0,0.0,65543.0,556897,663285,,,1220182,,,,,,,,,,
2024,13815.0,Northwestern Wisconsin Elec Co,Investor Owned,,MN,MISO,87,10,,,97,,,,,,,,,,,4,19,,,23,91.0,29.0,0.0,0.0,120.0,,,,,,,,,,,,,,,
2024,13815.0,Northwestern Wisconsin Elec Co,Investor Owned,,WI,MISO,12990,2017,18,,15025,,,,,,,,,,,159,26,9,,194,13149.0,2043.0,27.0,0.0,15219.0,,,,,,,,,,,,,,,
2024,13816.0,City of Northwood - (ND),Municipal,Y,ND,MISO,680,186,1,,867,,,,,,,,,,,,,,,,680.0,186.0,1.0,0.0,867.0,,,,,,,,,,,,,,,
2024,13819.0,City of Norton,Municipal,Y,KS,WACM,,,,,0,617,255,10,,882,,,,,,,,,,,617.0,255.0,10.0,0.0,882.0,8539,3529,138,,12206,,,,,,,,,,
2024,13825.0,Norwalk Third Taxing District,Municipal,Y,CT,ISNE,3398,666,40,,4104,,,,,,,,,,,,,,,,3398.0,666.0,40.0,0.0,4104.0,,,,,,,,,,,,,,,
2024,13826.0,City of Norway,Municipal,,MI,MISO,0,0,0,0,0,1923,199,0,0,2122,,,,,,72,63,0,0,135,1995.0,262.0,0.0,0.0,2257.0,12350,7561,0,0,19911,1923,199,0,0,2122,,,,,
2024,13830.0,Nueces Electric Cooperative,Cooperative,,TX,ERCO,0,0,0,0,0,18038,3199,49,0,21286,0,0,0,0,0,0,0,0,0,0,18038.0,3199.0,49.0,0.0,21286.0,274361,146854,156787,,578002,18038,3199,49,0,21286,0,0,0,0,0
2024,13831.0,City of Norwich - (CT),Municipal,,CT,ISNE,,,,,,18863,1649,14,,20526,,,,,,7,365,0,,372,18870.0,2014.0,14.0,0.0,20898.0,139392,111174,12973,,263539,,,,,,,,,,
2024,13838.0,"Northfork Electric Coop, Inc",Cooperative,Y,OK,SWPP,,,5,,5,5149,1194,227,,6570,,,,,,,,,,,5149.0,1194.0,232.0,0.0,6575.0,61865,71880,42241,,175986,,,,,,,,,,
2024,13839.0,City of Norwood - (MA),Municipal,,MA,ISNE,,,,,,13649,2131,43,,15823,,,,,,,,2,,2,13649.0,2131.0,45.0,0.0,15825.0,90086,102821,124378,,317285,,,,,,,,,,
2024,13853.0,Oahe Electric Coop Inc,Cooperative,Y,SD,SWPP,2452,708,223,,3383,,,,,,,,,,,,,,,,2452.0,708.0,223.0,0.0,3383.0,,,,,,,,,,,,,,,
2024,13870.0,"Nushagak Electric Coop, Inc",Cooperative,Y,AK,NA,1244,,,,1244,297,,,,297,,,,,,,,,,,1541.0,0.0,0.0,0.0,1541.0,11,,,,11,,,,,,,,,,
2024,13931.0,Town of Oak City - (NC),Municipal,Y,NC,PJM,,,,,,193,31,,,224,,,,,,,,,,,193.0,31.0,0.0,0.0,224.0,2315,682,,,2997,,,,,,,,,,
2024,13932.0,Village of Oak Harbor - (OH),Municipal,Y,OH,PJM,1362,215,4,,1581,,,,,,,,,,,,,,,,1362.0,215.0,4.0,0.0,1581.0,,,,,,,,,,,,,,,
2024,13933.0,City of Oak Ridge,Municipal,,TN,TVA,0,0,0,0,0,0,0,0,0,0,0,0,0,0,0,15497,2332,2,0,17831,15497.0,2332.0,2.0,0.0,17831.0,0,0,0,0,0,0,0,0,0,0,0,0,0,0,0
2024,13934.0,Ocmulgee Electric Member Corp,Cooperative,Y,GA,SOCO,11507,815,670,,12992,,,,,,,,,,,,,,,,11507.0,815.0,670.0,0.0,12992.0,,,,,,,,,,,,,,,
2024,13936.0,Oakdale Electric Coop,Cooperative,,WI,MISO,0,0,0,0,0,17027,1758,58,0,18843,0,0,0,0,0,0,0,0,0,0,17027.0,1758.0,58.0,0.0,18843.0,145217,51759,172767,0,369743,9914,0,0,0,9914,6426,0,0,0,6426
2024,13948.0,City of Oberlin - (KS),Municipal,Y,KS,SWPP,965,359,,,1324,,,,,,,,,,,,,,,,965.0,359.0,0.0,0.0,1324.0,,,,,,,,,,,,,,,
2024,13949.0,City of Oberlin - (OH),Municipal,Y,OH,PJM,2733,371,,,3104,,,,,,,,,,,,,,,,2733.0,371.0,0.0,0.0,3104.0,,,,,,,,,,,,,,,
2024,13955.0,City of Ocala,Municipal,,FL,FMPP,,,,,,45171,10888,976,,57035,,,,,,,,,,,45171.0,10888.0,976.0,0.0,57035.0,565310,215595,580635,,1361540,,,,,,,,,,
2024,13962.0,Oconee Electric Member Corp,Cooperative,,GA,SOCO,,,,,,10730,2665,10,,13405,,,,,,13,,,,13,10743.0,2665.0,10.0,0.0,13418.0,146878,38030,73479,,258387,,,,,,,,,,
2024,13963.0,Oconomowoc Utilities,Municipal,,WI,MISO,0,0,0,0,0,10224,1411,4,0,11639,,,,,,0,0,0,0,0,10224.0,1411.0,4.0,0.0,11639.0,80049,113253,26911,0,220213,9972,1400,4,0,11376,,,,,
2024,13964.0,Oconto Electric Cooperative,Cooperative,Y,WI,MISO,9712,596,20,,10328,,,,,,,,,,,,,,,,9712.0,596.0,20.0,0.0,10328.0,,,,,,,,,,,,,,,
2024,13965.0,Oconto Falls Water & Light Comm,Municipal,,WI,MISO,1,4,0,0,5,1352,336,0,0,1688,,,,,,0,0,0,0,0,1353.0,340.0,0.0,0.0,1693.0,9689,15617,0,0,25306,1353,305,0,0,1658,,,,,
2024,13971.0,City of Odessa - (MO),Municipal,Y,MO,SWPP,0,0,0,,0,2243,310,14,,2567,,,,,,,,,,,2243.0,310.0,14.0,0.0,2567.0,26794,9319,4623,,40736,,,,,,,,,,
2024,13990.0,City of Ogden - (IA),Municipal,Y,IA,MISO,986,123,,,1109,,,,,,,,,,,,,,,,986.0,123.0,0.0,0.0,1109.0,,,,,,,,,,,,,,,
2024,13993.0,City of Oglesby - (IL),Municipal,Y,IL,MISO,1397,107,3,,1507,455,67,23,,545,,,,,,,,,,,1852.0,174.0,26.0,0.0,2052.0,11312,27067,3544,,41923,,,,,,,,,,
2024,13998.0,Ohio Edison Co,Investor Owned,,OH,PJM,82435,1727,52,0,84214,247847,31981,984,0,280812,69,146,220,0,435,644188,84806,530,0,729524,974470.0,118514.0,1566.0,0.0,1094550.0,2395222,1854988,6753301,0,11003511,247615,31999,1081,0,280695,0,0,0,0,0
2024,14006.0,Ohio Power Co,Investor Owned,,OH,PJM,273192,52066,3903,,329161,1074741,131619,4236,,1210596,2073,1,,,2074,785,670,670,,2125,1348718.0,184355.0,8809.0,0.0,1541882.0,9874985,15217046,8368541,,33460572,1072405,130559,4148,,1207112,1292,,,,1292
2024,14012.0,"Ohop Mutual Light Company, Inc",Cooperative,Y,WA,BPAT,3016,166,12,,3194,1852,,,,1852,,,,,,,,,,,4868.0,166.0,12.0,0.0,5046.0,1852,,,,1852,,,,,,,,,,
2024,14015.0,Ohio Valley Electric Corp,Investor Owned,,OH,PJM,,,1,,1,,,,,,,,,,,,,,,,0.0,0.0,1.0,0.0,1.0,,,,,,,,,,,,,,,
2024,14054.0,Town of Oak Creek - (CO),Municipal,Y,CO,WACM,576,74,0,,650,,,,,,,,,,,,,,,,576.0,74.0,0.0,0.0,650.0,,,,,,,,,,,,,,,
2024,14055.0,PUD No 1 of Okanogan County,Political Subdivision,,WA,DOPD,,,,,,18158,3994,2,,22154,,,,,,,15,,,15,18158.0,4009.0,2.0,0.0,22169.0,297361,315880,13172,,626413,,,,,,,,,,
2024,14057.0,Okeene Public Works Authority,Municipal,Y,OK,SWPP,530,85,3,,618,,,,,,,,,,,,,,,,530.0,85.0,3.0,0.0,618.0,,,,,,,,,,,,,,,
2024,14062.0,Oklahoma Electric Coop Inc,Cooperative,,OK,SWPP,,,,,,58544,5523,141,,64208,,,,,,,,,,,58544.0,5523.0,141.0,0.0,64208.0,886736,312684,336865,,1536285,58544,5523,141,,64208,,,,,
2024,14063.0,Oklahoma Gas & Electric Co,Investor Owned,,AR,SWPP,0,0,0,0,0,60234,11675,392,0,72301,58372,10922,348,0,69642,1,8,0,0,9,60235.0,11683.0,392.0,0.0,72310.0,718260,810432,1055315,0,2584007,33790,6999,252,0,41041,0,0,0,0,0
2024,14063.0,Oklahoma Gas & Electric Co,Investor Owned,,OK,SWPP,0,0,0,0,0,734679,116902,9488,0,861069,722045,111268,8497,0,841810,115,60,9,0,184,734794.0,116962.0,9497.0,0.0,861253.0,9066143,12754077,7527102,0,29347322,413396,75341,5660,0,494397,0,2,1,0,3
2024,14074.0,"Okanogan County Elec Coop, Inc",Cooperative,Y,WA,BPAT,3835,320,14,,4169,,,,,,,,,,,,,,,,3835.0,320.0,14.0,0.0,4169.0,,,,,,,,,,,,,,,
2024,14078.0,City of Okolona,Municipal,,MS,TVA,0,0,0,0,0,0,0,0,0,0,0,0,0,0,0,4289,1101,0,0,5390,4289.0,1101.0,0.0,0.0,5390.0,0,0,0,0,0,0,0,0,0,0,0,0,0,0,0
2024,14103.0,City of Olive Hill - (KY),Municipal,Y,KY,PJM,969,225,,,1194,48,15,,,63,,,,,,,,,,,1017.0,240.0,0.0,0.0,1257.0,971,6743,,,7714,,,,,,,,,,
2024,14107.0,City of Olivia - (MN),Municipal,Y,MN,MISO,,,,,0,1077,200,33,,1310,,,,,,,,,,,1077.0,200.0,33.0,0.0,1310.0,10524,3249,11926,,25699,,,,,,,,,,
2024,14109.0,"Oregon Trail El Cons Coop, Inc",Cooperative,,OR,BPAT,,,,,,25997,4500,1326,,31823,,,,,,,,,,,25997.0,4500.0,1326.0,0.0,31823.0,312803,190990,171374,,675167,25997,4500,1326,,31823,,,,,
2024,14124.0,Borough of Olyphant - (PA),Municipal,Y,PA,PJM,,,,,,2417,156,9,,2582,,,,,,,,,,,2417.0,156.0,9.0,0.0,2582.0,16431,4956,1308,,22695,,,,,,,,,,
2024,14125.0,"Oneida-Madison Elec Coop, Inc",Cooperative,Y,NY,NYIS,,,,,0,2087,14,,,2101,,,,,,,,,,,2087.0,14.0,0.0,0.0,2101.0,24571,288,,,24859,,,,,,,,,,
2024,14127.0,Omaha Public Power District,Political Subdivision,,NE,SWPP,367132,48157,8,,415297,,,,,0,,,,,,217,588,226,,1031,367349.0,48745.0,234.0,0.0,416328.0,,,,,,,,,,,,,,,
2024,14132.0,City of Onawa - (IA),Municipal,Y,IA,MISO,2873,392,17,,3282,,,,,,,,,,,,,,,,2873.0,392.0,17.0,0.0,3282.0,,,,,,,,,,,,,,,
2024,14146.0,City of Opelika - (AL),Municipal,,AL,SOCO,,,,,0,13555,2371,7,,15933,,,,,,,,,,,13555.0,2371.0,7.0,0.0,15933.0,164791,223504,22776,,411071,13555,2371,7,,15933,,,,,
2024,14151.0,City of Opp - (AL),Municipal,Y,AL,SOCO,,,,,0,2684,412,110,,3206,,,,,,,,,,,2684.0,412.0,110.0,0.0,3206.0,34262,10269,19670,,64201,,,,,,,,,,
2024,14154.0,Orange & Rockland Utils Inc,Investor Owned,,NY,NYIS,0,14,0,0,14,210347,33030,90,0,243467,,,,,,1489,386,2,0,1877,211836.0,33430.0,92.0,0.0,245358.0,1698633,1854620,1626,0,3554879,0,0,0,0,0,0,0,0,0,0
2024,14156.0,Ontonagon County R E A,Cooperative,Y,MI,MISO,75,15,25,,115,4695,231,132,,5058,,,,,,,,,,,4770.0,246.0,157.0,0.0,5173.0,23169,1139,651,,24959,,,,,,,,,,
2024,14159.0,City of Orange City - (IA),Municipal,Y,IA,MISO,,,,,0,2005,297,11,,2313,,,,,,,,,,,2005.0,297.0,11.0,0.0,2313.0,22802,10383,51906,,85091,,,,,,,,,,
2024,14160.0,Orange County Rural E M C,Cooperative,Y,IN,MISO,8203,89,,,8292,,,,,,,,,,,,,,,,8203.0,89.0,0.0,0.0,8292.0,,,,,,,,,,,,,,,
2024,14164.0,City of Orangeburg - (SC),Municipal,,SC,SCEG,,,,,,20639,3710,112,,24461,,,,,,,,,,,20639.0,3710.0,112.0,0.0,24461.0,263505,252377,230843,,746725,,,,,,,,,,
2024,14170.0,Orcas Power & Light Coop,Cooperative,,WA,BPAT,13948,1995,,,15943,,,,,,,,,,,,,,,,13948.0,1995.0,0.0,0.0,15943.0,,,,,,,,,,,,,,,
2024,14172.0,City of Ord - (NE),Municipal,Y,NE,SWPP,1128,319,,,1447,,,,,,,,,,,,,,,,1128.0,319.0,0.0,0.0,1447.0,,,,,,,,,,,,,,,
2024,14175.0,"Tri-County Electric Coop, Inc (SC)",Cooperative,,SC,SC,17672,521,273,,18466,,,,,,,,,,,,,,,,17672.0,521.0,273.0,0.0,18466.0,,,,,,,,,,,,,,,
2024,14178.0,"P K M Electric Coop, Inc",Cooperative,Y,MN,MISO,,,,,,3750,313,,,4063,,,,,,,,,,,3750.0,313.0,0.0,0.0,4063.0,61672,45931,,,107603,,,,,,,,,,
2024,14192.0,Osage Valley Elec Coop Assn,Cooperative,,MO,AECI,,,,,,16945,1084,,,18029,,,,,,,,,,,16945.0,1084.0,0.0,0.0,18029.0,252446,36178,,,288624,16945,1084,,,18029,,,,,
2024,14194.0,City of Orrville - (OH),Municipal,,OH,PJM,6314,787,13,,7114,,,,,,,,,,,,,,,,6314.0,787.0,13.0,0.0,7114.0,,,,,,,,,,,,,,,
2024,14196.0,City of Ortonville - (MN),Municipal,Y,MN,MISO,1073,267,0,,1340,0,0,0,,0,,,,,,,,,,,1073.0,267.0,0.0,0.0,1340.0,0,0,0,,0,,,,,,,,,,
2024,14198.0,Price Municipal Corporation,Municipal,Y,UT,PACE,4239,493,115,,4847,,,,,0,,,,,,,,,,,4239.0,493.0,115.0,0.0,4847.0,,,,,,,,,,,,,,,
2024,14199.0,City of Osage City - (KS),Municipal,Y,KS,SWPP,1449,296,1,,1746,,,,,,,,,,,,,,,,1449.0,296.0,1.0,0.0,1746.0,,,,,,,,,,,,,,,
2024,14202.0,"Osceola Electric Coop, Inc",Cooperative,Y,IA,SWPP,,,,,0,1132,143,2,,1277,,,,,,,,,,,1132.0,143.0,2.0,0.0,1277.0,32480,41925,32425,,106830,,,,,,,,,,
2024,14203.0,City of Osawatomie - (KS),Municipal,Y,KS,SWPP,1802,267,1,,2070,,,,,0,,,,,,,,,,,1802.0,267.0,1.0,0.0,2070.0,,,,,,,,,,,,,,,
2024,14216.0,City of Osceola - (AR),Municipal,Y,AR,MISO,0,0,0,,0,3389,0,0,,3389,,,,,,,,,,,3389.0,0.0,0.0,0.0,3389.0,35727,,,,35727,,,,,,,,,,
2024,14224.0,Otero County Electric Coop Inc,Cooperative,,NM,PNM,,,,,,16448,4134,,,20582,,,,,,,,,,,16448.0,4134.0,0.0,0.0,20582.0,113297,87939,,,201236,16448,4134,,,20582,0,0,,,0
2024,14229.0,City of Ottawa - (KS),Municipal,Y,KS,SWPP,0,0,0,,0,4482,433,16,,4931,,,,,,,,,,,4482.0,433.0,16.0,0.0,4931.0,43976,39548,2612,,86136,,,,,,,,,,
2024,14232.0,Otter Tail Power Co,Investor Owned,,MN,MISO,296,418,35,0,749,62688,12607,0,0,75295,0,0,0,0,0,4439,1611,27,0,6077,67423.0,14636.0,62.0,0.0,82121.0,279077,251225,0,0,530302,0,0,0,0,0,19724,0,0,0,19724
2024,14232.0,Otter Tail Power Co,Investor Owned,,ND,MISO,83,307,5,0,395,54315,13792,3,0,68110,0,0,0,0,0,5346,1868,5,0,7219,59744.0,15967.0,13.0,0.0,75724.0,210109,228511,86,0,438706,0,0,0,0,0,17808,0,0,0,17808
2024,14232.0,Otter Tail Power Co,Investor Owned,,SD,MISO,8,66,0,0,74,12010,2892,0,0,14902,0,0,0,0,0,633,277,0,0,910,12651.0,3235.0,0.0,0.0,15886.0,83694,92537,0,0,176231,0,0,0,0,0,4013,0,0,0,4013
2024,14238.0,Ouachita Electric Coop Corp,Cooperative,,AR,MISO,,,,,,8385,614,,,8999,,,,,,6,,276,,282,8391.0,614.0,276.0,0.0,9281.0,95170,24247,,,119417,8385,614,,,8999,,,,,
2024,14245.0,Overton Power District No 5,Political Subdivision,,NV,NEVP,,,,,,15545,2945,49,,18539,,,,,,,,,,,15545.0,2945.0,49.0,0.0,18539.0,230182,122800,109749,,462731,15545,2945,49,,18539,,,,,
2024,14246.0,City of Owatonna - (MN),Municipal,,MN,MISO,,,,,,11547,1125,114,,12786,,,,,,,,,,,11547.0,1125.0,114.0,0.0,12786.0,86578,58727,236195,,381500,,,,,,6670,485,3,,7158
2024,14251.0,Owen Electric Coop Inc,Cooperative,,KY,PJM,,,,,,63965,2740,39,,66744,,,,,,19,,,,19,63984.0,2740.0,39.0,0.0,66763.0,851112,208087,1835475,,2894674,,,,,,,,,,
2024,14267.0,"Otsego Electric Coop, Inc",Cooperative,Y,NY,NYIS,,,,,,4662,313,,,4975,,,,,,,,,,,4662.0,313.0,0.0,0.0,4975.0,50048,2895,,,52943,,,,,,,,,,
2024,14268.0,City of Owensboro - (KY),Municipal,,KY,LGEE,4520,337,2,,4859,,,,,,,,,,,19236,3221,88,,22545,23756.0,3558.0,90.0,0.0,27404.0,,,,,,,3,2,,5,,,,,
2024,14275.0,City of Oxford - (MS),Municipal,,MS,TVA,0,0,0,0,0,8502,1964,0,0,10466,0,0,0,0,0,0,0,0,0,0,8502.0,1964.0,0.0,0.0,10466.0,93616,129444,0,0,223060,0,0,0,0,0,0,0,0,0,0
2024,14276.0,City of Oxford - (KS),Municipal,Y,KS,SWPP,638,,1,,639,,,,,,,,,,,,,,,,638.0,0.0,1.0,0.0,639.0,,,,,,,,,,,,,,,
2024,14277.0,Village of Oxford - (NE),Municipal,Y,NE,SWPP,417,92,,,509,,,,,,,,,,,,,,,,417.0,92.0,0.0,0.0,509.0,,,,,,,,,,,,,,,
2024,14285.0,Ozark Border Electric Coop,Cooperative,,MO,AECI,33229,7741,13,0,40983,0,0,0,0,0,0,0,0,0,0,0,5,0,0,5,33229.0,7746.0,13.0,0.0,40988.0,,,,,,33229,7746,13,0,40988,0,0,0,0,0
2024,14288.0,Ozark Electric Coop Inc - (MO),Cooperative,,MO,AECI,,,,,,31534,3756,1,,35291,,,,,,,,,,,31534.0,3756.0,1.0,0.0,35291.0,429321,102930,11147,,543398,,,,,,,,,,
2024,14289.0,Ozarks Electric Coop Corp - (AR),Cooperative,,AR,SWPP,,,,,,72076,5234,36,,77346,,,,,,,,,,,72076.0,5234.0,36.0,0.0,77346.0,889081,342357,125576,,1357014,72076,5234,36,,77346,,,,,
2024,14289.0,Ozarks Electric Coop Corp - (AR),Cooperative,,OK,SWPP,,,,,,11783,1101,6,,12890,,,,,,,,,,,11783.0,1101.0,6.0,0.0,12890.0,143757,61965,9721,,215443,11783,1101,6,,12890,,,,,
2024,14324.0,PUD No 2 of Pacific County,Political Subdivision,,WA,BPAT,2309,148,0,,2457,4821,292,,,5113,,,,,,9383,1623,1,,11007,16513.0,2063.0,1.0,0.0,18577.0,57451,12799,,,70250,,,,,,,,,,
2024,14328.0,Pacific Gas & Electric Co.,Investor Owned,,CA,CISO,1337,2998,725,0,5060,5038840,575208,100949,82,5715079,0,0,0,0,0,37690,6132,311,102,44235,5077867.0,584338.0,101985.0,184.0,5764374.0,25787483,28347456,18854146,165209,73154294,,,,,,,,,,
2024,14354.0,PacifiCorp,Investor Owned,,CA,PACW,385,45,3,0,433,34833,8819,2083,0,45735,,,,,,1490,171,38,0,1699,36708.0,9035.0,2124.0,0.0,47867.0,357133,212386,88533,0,658052,,,,,,,,,,
2024,14354.0,PacifiCorp,Investor Owned,,ID,PACE,4,0,0,0,4,75100,12336,5846,0,93282,,,,,0,88,106,43,0,237,75192.0,12442.0,5889.0,0.0,93523.0,800172,486959,677912,0,1965043,,,,,,,,,,
2024,14354.0,PacifiCorp,Investor Owned,,OR,PACW,2729,295,42,0,3066,551102,84879,9049,68,645098,,,,,,5591,1313,244,3,7151,559422.0,86487.0,9335.0,71.0,655315.0,5726450,3772547,360180,8970,9868147,,,,,,,,,,
2024,14354.0,PacifiCorp,Investor Owned,,UT,PACE,24678,2746,157,10,27591,932806,112272,7319,456,1052853,,,,,,717,1830,487,40,3074,958201.0,116848.0,7963.0,506.0,1083518.0,8333700,7277439,614063,37414,16262616,,,,,,,,,,
2024,14354.0,PacifiCorp,Investor Owned,,WA,PACW,115588,20746,5051,0,141385,,,,,0,,,,,,373,1440,495,0,2308,115961.0,22186.0,5546.0,0.0,143693.0,,,,,,,,,,,,,,,
2024,14354.0,PacifiCorp,Investor Owned,,WY,PACE,118830,24860,2068,0,145758,,,,,,,,,,,215,2896,729,0,3840,119045.0,27756.0,2797.0,0.0,149598.0,,,,,0,,,,,,,,,,
2024,14371.0,City of Paducah - (KY),Municipal,,KY,TVA,,,,,0,18863,3893,6,,22762,,,,,,,,,,,18863.0,3893.0,6.0,0.0,22762.0,201834,295270,27805,,524909,,,,,,,,,,
2024,14373.0,Page Utility Enterprises,Municipal,Y,AZ,WALC,,,,,,3486,1094,,,4580,,,,,,,,,,,3486.0,1094.0,0.0,0.0,4580.0,44188,74836,,,119024,,,,,,,,,,
2024,14381.0,City of Painesville,Municipal,,OH,PJM,0,0,0,0,0,9036,18,1,0,9055,0,0,0,0,0,1796,1757,6,0,3559,10832.0,1775.0,7.0,0.0,12614.0,71717,873,6637,0,79227,0,0,0,0,0,0,0,0,0,0
2024,14396.0,City of Palmetto - (GA),Municipal,Y,GA,SOCO,1821,222,,,2043,,,,,,,,,,,,,,,,1821.0,222.0,0.0,0.0,2043.0,,,,,,,,,,,,,,,
2024,14398.0,Palmetto Electric Coop Inc,Cooperative,,SC,SC,0,0,0,0,0,68942,11416,26,0,80384,0,0,0,0,0,0,0,0,0,0,68942.0,11416.0,26.0,0.0,80384.0,887672,471914,90949,0,1450535,68338,11650,26,0,80014,40016,5,4,0,40025
2024,14400.0,City of Palmyra - (MO),Municipal,Y,MO,SWPP,0,0,0,,0,1990,329,8,,2327,,,,,,,,,,,1990.0,329.0,8.0,0.0,2327.0,15539,10892,3606,,30037,,,,,,,,,,
2024,14401.0,City of Palo Alto - (CA),Municipal,,CA,CISO,1595,382,9,,1986,21549,1977,11,,23537,,,,,0,3194,1716,38,,4948,26338.0,4075.0,58.0,0.0,30471.0,129153,300473,21822,,451448,,,,,,,,,,
2024,14424.0,"Panola-Harrison Elec Coop, Inc",Cooperative,,LA,SWPP,8425,921,6,,9352,,,,,,,,,,,34,5,1,,40,8459.0,926.0,7.0,0.0,9392.0,,,,,,,,,,,,,,,
2024,14424.0,"Panola-Harrison Elec Coop, Inc",Cooperative,,TX,SWPP,9369,1883,5,,11257,,,,,,,,,,,25,34,2,,61,9394.0,1917.0,7.0,0.0,11318.0,,,,,,,,,,,,,,,
2024,14426.0,Panhandle Rural El Member Assn,Cooperative,Y,NE,WACM,,,,,,1688,1245,860,,3793,,,,,,,,,,,1688.0,1245.0,860.0,0.0,3793.0,29603,13723,66731,,110057,,,,,,,,,,
2024,14433.0,City of Panora - (IA),Municipal,Y,IA,MISO,566,154,20,,740,,,,,,,,,,,,,,,,566.0,154.0,20.0,0.0,740.0,,,,,,,,,,,,,,,
2024,14446.0,Paragould Municipal Utilities,Municipal,,AR,SPA,12540,200,,,12740,,,,,0,,,,,0,0,1664,39,,1703,12540.0,1864.0,39.0,0.0,14443.0,,,,,,,,,,,,,,,
2024,14451.0,Village of Pardeeville - (WI),Municipal,Y,WI,MISO,1240,147,11,,1398,,,,,,,,,,,,,,,,1240.0,147.0,11.0,0.0,1398.0,,,,,,,,,,,,,,,
2024,14455.0,City of Paris - (TN),Municipal,,TN,TVA,0,0,0,0,0,16263,6553,8,0,22824,0,0,0,0,0,0,0,0,0,0,16263.0,6553.0,8.0,0.0,22824.0,217582,185299,160316,0,563197,16263,6553,0,0,22816,0,0,0,0,0
2024,14459.0,City of Paris - (KY),Municipal,Y,KY,LGEE,3100,,,,3100,,,,,,,,,,,,,,,,3100.0,0.0,0.0,0.0,3100.0,,,,,,,,,,,,,,,
2024,14468.0,People's Cooperative Services,Cooperative,,MN,MISO,,,,,,23329,2139,157,0,25625,,,,,,,,,,,23329.0,2139.0,157.0,0.0,25625.0,226998,79521,52974,,359493,21665,2203,48,,23916,,,,,
2024,14471.0,Parke County Rural E M C,Cooperative,Y,IN,MISO,1,1,0,,2,12438,65,66,,12569,,,,,,,,,,,12439.0,66.0,66.0,0.0,12571.0,150454,11715,13532,,175701,,,,,,,,,,
2024,14474.0,City of Park River - (ND),Municipal,Y,ND,MISO,721,118,18,,857,,,,,,,,,,,,,,,,721.0,118.0,18.0,0.0,857.0,,,,,,,,,,,,,,,
2024,14489.0,City of Parker - (SD),Municipal,Y,SD,SWPP,366,19,41,,426,,,,,,,,,,,,,,,,366.0,19.0,41.0,0.0,426.0,,,,,,,,,,,,,,,
2024,14500.0,Park Electric Coop Inc,Cooperative,Y,MT,NWMT,,,,,,6424,107,415,,6946,,,,,,,,,,,6424.0,107.0,415.0,0.0,6946.0,89388,10827,93033,,193248,,,,,,,,,,
2024,14505.0,Parkland Light & Water Company,Cooperative,Y,WA,BPAT,3833,766,,,4599,,,,,,,,,,,,,,,,3833.0,766.0,0.0,0.0,4599.0,,,,,,,,,,,,,,,
2024,14512.0,Parowan City Corporation,Municipal,Y,UT,PACE,,,,,,1572,130,6,,1708,,,,,,,,,,,1572.0,130.0,6.0,0.0,1708.0,14359,6189,584,,21132,,,,,,,,,,
2024,14534.0,City of Pasadena - (CA),Municipal,,CA,CISO,58590,8480,,16,67086,,,,,,,,,,,116,34,,,150,58706.0,8514.0,0.0,16.0,67236.0,,,,,,,,,,,,,,,
2024,14537.0,Pascoag Utility District,Municipal,,RI,ISNE,4373,879,62,0,5314,,,,,,,,,,,,,,,,4373.0,879.0,62.0,0.0,5314.0,,,,,,,,,,,,,,,
2024,14543.0,Tohono O'Odham Utility Authority,Political Subdivision,Y,AZ,AZPS,1101,240,2,,1343,2972,,,,2972,,,,,,,,,,,4073.0,240.0,2.0,0.0,4315.0,31981,,,,31981,,,,,,,,,,
2024,14563.0,Pearl River Valley El Pwr Assn,Cooperative,,MS,MISO,,,,,,52077,1852,28,,53957,,,,,,,,1,,1,52077.0,1852.0,29.0,0.0,53958.0,748470,196709,123663,,1068842,,,,,0,52077,0,0,,52077
2024,14577.0,City of Paullina - (IA),Municipal,Y,IA,MISO,523,108,,,631,,,,,,,,,,,,,,,,523.0,108.0,0.0,0.0,631.0,,,,,,,,,,,,,,,
2024,14581.0,Village of Paw Paw - (MI),Municipal,Y,MI,PJM,1647,363,12,,2022,,,,,,,,,,,,,,,,1647.0,363.0,12.0,0.0,2022.0,,,,,,,,,,,,,,,
2024,14582.0,City of Pawhuska - (OK),Municipal,Y,OK,SWPP,1691,382,0,,2073,,,,,,,,,,,,,,,,1691.0,382.0,0.0,0.0,2073.0,,,,,,,,,,,,,,,
2024,14585.0,Town of Paxton - (MA),Municipal,Y,MA,ISNE,8,3,,,11,1785,167,1,,1953,,,,,,,,,,,1793.0,170.0,1.0,0.0,1964.0,17146,3526,2484,,23156,,,,,,,,,,
2024,14599.0,"Paulding-Putman Elec Coop, Inc",Cooperative,,IN,PJM,0,0,0,0,0,3851,203,7,0,4061,,,,,,,,,,,3851.0,203.0,7.0,0.0,4061.0,50892,22751,32670,0,106313,3851,203,7,0,4061,0,0,0,0,0
2024,14599.0,"Paulding-Putman Elec Coop, Inc",Cooperative,,OH,PJM,0,0,0,0,0,9176,494,8,0,9678,,,,,,,,,,,9176.0,494.0,8.0,0.0,9678.0,119032,53212,76412,0,248656,9176,494,8,0,9678,0,0,0,0,0
2024,14600.0,Payson City Corporation,Municipal,Y,UT,PACE,4948,169,0,,5117,3776,550,4,,4330,,,,,,,,,,,8724.0,719.0,4.0,0.0,9447.0,27535,37840,24409,,89784,,,,,,,,,,
2024,14602.0,Pea River Electric Coop,Cooperative,,AL,SOCO,,,,,0,14922,4835,2,,19759,,,,,0,,,,,,14922.0,4835.0,2.0,0.0,19759.0,205084,97901,20008,,322993,14922,4835,2,,19759,,,,,
2024,14605.0,City of Peabody - (MA),Municipal,,MA,ISNE,,,,,,22546,2673,1867,,27086,,,,,,,,,,,22546.0,2673.0,1867.0,0.0,27086.0,193326,31571,244352,,469249,22546,2673,1867,,27086,,,,,
2024,14606.0,"Peace River Electric Coop, Inc",Cooperative,,FL,SEC,,,,,0,57575,8626,18,,66219,,,,,,14,,,,14,57589.0,8626.0,18.0,0.0,66233.0,814931,359883,738,,1175552,57589,8626,18,,66233,,,,,
2024,14610.0,Orlando Utilities Comm,Municipal,,FL,FMPP,,,,,0,254615,33666,,,288281,,,,,,89,88,,,177,254704.0,33754.0,0.0,0.0,288458.0,1804083,4332807,,,6136890,244065,33564,,,277629,,,,,
2024,14624.0,PUD No 2 of Grant County,Political Subdivision,,WA,GCPD,,25,4,,29,42478,8073,5356,,55907,,,,,,7,,,,7,42485.0,8098.0,5360.0,0.0,55943.0,845768,3295643,1452849,,5594260,,,,,,,,,,
2024,14626.0,"Pedernales Electric Coop, Inc",Cooperative,,TX,ERCO,,,,,,405341,51822,189,,457352,,,,,,246,,,,246,405587.0,51822.0,189.0,0.0,457598.0,5797914,1760388,370182,,7928484,405587,51822,189,,457598,405587,51822,189,,457598
2024,14645.0,City of Pella - (IA),Municipal,Y,IA,MISO,3423,515,25,,3963,,,,,,,,,,,,,,,,3423.0,515.0,25.0,0.0,3963.0,,,,,,,,,,,,,,,
2024,14649.0,Planters Electric Member Corp,Cooperative,,GA,SOCO,,,,,,16385,1097,716,,18198,,,,,,,,,,,16385.0,1097.0,716.0,0.0,18198.0,222583,36177,23287,,282047,,,,,,,,,,
2024,14650.0,Village of Pemberville - (OH),Municipal,Y,OH,PJM,224,25,,,249,,,,,,,,,,,,,,,,224.0,25.0,0.0,0.0,249.0,,,,,,,,,,,,,,,
2024,14653.0,PUD No 1 of Pend Oreille County,Political Subdivision,,WA,AVA,8838,937,3,,9778,,,,,,,,,,,282,40,1,,323,9120.0,977.0,4.0,0.0,10101.0,,,,,,7070,750,4,,7824,,,,,
2024,14656.0,City of Pender - (NE),Municipal,Y,NE,SWPP,520,147,0,,667,,,,,,,,,,,,,,,,520.0,147.0,0.0,0.0,667.0,,,,,,,,,,,,,,,
2024,14659.0,Town of Pendleton - (IN),Municipal,Y,IN,MISO,0,0,0,,0,2967,434,3,,3404,,,,,,,,,,,2967.0,434.0,3.0,0.0,3404.0,33137,29626,9460,,72223,,,,,,,,,,
2024,14668.0,Peninsula Light Company,Cooperative,,WA,BPAT,,,,,,35478,138,,,35616,,,,,,,,,,,35478.0,138.0,0.0,0.0,35616.0,538073,77296,,,615369,,,,,,,,,,
2024,14712.0,Pemiscot-Dunklin Elec Coop Inc,Cooperative,Y,MO,AECI,,,,,,5146,1408,2038,,8592,,,,,,,,,,,5146.0,1408.0,2038.0,0.0,8592.0,75005,31848,47471,,154324,,,,,,,,,,
2024,14715.0,PPL Electric Utilities Corp,Investor Owned,,PA,PJM,,,,,,1306592,194073,2949,0,1503614,1480,0,0,0,1480,,,,,,1306592.0,194073.0,2949.0,0.0,1503614.0,14226624,13897227,8500095,,36623946,1295883,188515,2949,,1487347,,,,,
2024,14717.0,Pee Dee Electric Member Corp,Cooperative,,NC,CPLE,,,,,,19396,2871,5,,22272,,,,,,,,,,,19396.0,2871.0,5.0,0.0,22272.0,266304,116144,12731,,395179,19396,,,,19396,,,,,0
2024,14724.0,Pennyrile Rural Electric Coop,Cooperative,,KY,TVA,28778,4872,0,0,33650,11867,2017,26,0,13910,0,0,0,0,0,0,0,0,0,0,40645.0,6889.0,26.0,0.0,47560.0,168807.16,95232.03,368318,0,632357.19,40645,6889,26,0,47560,0,0,0,0,0
2024,14775.0,People's Electric Cooperative,Cooperative,,OK,SWPP,,,,,,14728,8422,26,,23176,,,,,,,,,,,14728.0,8422.0,26.0,0.0,23176.0,238100,232824,355260,,826184,14728,8422,26,,23176,,,,,
2024,14792.0,Borough of Perkasie - (PA),Municipal,Y,PA,PJM,3986,396,8,,4390,,,,,,,,,,,,,,,,3986.0,396.0,8.0,0.0,4390.0,,,,,,,,,,,,,,,
2024,14829.0,City of Perry - (OK),Municipal,Y,OK,SWPP,,,,,,2381,463,3,,2847,,,,,,,,,,,2381.0,463.0,3.0,0.0,2847.0,24902,23104,19615,,67621,,,,,,,,,,
2024,14839.0,City of Peru - (IN),Municipal,,IN,MISO,,,,,,9062,1517,12,,10591,,,,,,,,,,,9062.0,1517.0,12.0,0.0,10591.0,88532,73187,68191,,229910,9062,1517,12,,10591,,,,,
2024,14840.0,City of Peru - (IL),Municipal,,IL,MISO,,,,,0,4989,1090,9,,6088,,,,,,4,69,0,,73,4993.0,1159.0,9.0,0.0,6161.0,37702,76441,116967,,231110,,,,,,,,,,
2024,14856.0,Petersburg Borough - (AK),Municipal,Y,AK,NA,0,0,0,,0,435,548,0,,983,,,,,,,,,,,435.0,548.0,0.0,0.0,983.0,2863,3415,0,,6278,,,,,,,,,,
2024,14857.0,Pitt & Greene Elec Member Corp,Cooperative,Y,NC,CPLE,,,,,,7374,1790,4,,9168,,,,,,,,,,,7374.0,1790.0,4.0,0.0,9168.0,107541,68528,13076,,189145,,,,,,,,,,
2024,14864.0,Petit Jean Electric Coop Corp,Cooperative,,AR,MISO,,,,,,18776,2131,10,,20917,,,,,,,,,,,18776.0,2131.0,10.0,0.0,20917.0,212826,65557,15440,,293823,18776,2131,10,,20917,,,,,
2024,14867.0,City of Petoskey - (MI),Municipal,Y,MI,MISO,143,71,,,214,,,,,,,,,,,,,,,,143.0,71.0,0.0,0.0,214.0,,,,,,,,,,,,,,,
2024,14940.0,PECO Energy Co,Investor Owned,,PA,PJM,,106,199,62,367,1550968,97714,162913,,1811595,,,,,,,,,,,1550968.0,97820.0,163112.0,62.0,1811962.0,13822845,7585091,13841472,,35249408,,,,,,,,,,
2024,14947.0,City of Philadelphia - (MS),Municipal,,MS,TVA,0,0,0,0,0,0,0,0,0,0,0,0,0,0,0,2667,1171,1,0,3839,2667.0,1171.0,1.0,0.0,3839.0,0,0,0,0,0,0,0,0,0,0,0,0,0,0,0
2024,15016.0,Pickwick Electric Coop,Cooperative,,TN,TVA,0,0,0,0,0,16609,4889,2,0,21500,0,0,0,0,0,0,0,0,0,0,16609.0,4889.0,2.0,0.0,21500.0,243526,120660,13376,0,377562,16609,4889,2,0,21500,0,0,0,0,0
2024,15023.0,Piedmont Electric Member Corp,Cooperative,,NC,DUK,,,,,,30334,4111,3,,34448,,,,,,70,13,,,83,30404.0,4124.0,3.0,0.0,34531.0,409500,69249,22500,,501249,30210,4006,3,0,34219,6822,77,,,6899
2024,15034.0,Pierce-Pepin Coop Services,Cooperative,Y,WI,MISO,,,,,,7349,609,15,,7973,,,,,,,,,,,7349.0,609.0,15.0,0.0,7973.0,99587,22543,374,,122504,,,,,,,,,,
2024,15039.0,City of Pierce - (NE),Municipal,Y,NE,SWPP,965,246,27,,1238,,,,,,,,,,,,,,,,965.0,246.0,27.0,0.0,1238.0,,,,,,,,,,,,,,,
2024,15040.0,City of Pierre - (SD),Municipal,,SD,SWPP,,,,,,6126,1038,163,0,7327,,,,,,,,,,,6126.0,1038.0,163.0,0.0,7327.0,64789,24901,69568,0,159258,,,,,,,,,,
2024,15041.0,City of Pierz - (MN),Municipal,Y,MN,MISO,697,120,1,,818,,,,,,,,,,,,,,,,697.0,120.0,1.0,0.0,818.0,,,,,,,,,,,,,,,
2024,15043.0,City of Piggott - (AR),Municipal,Y,AR,SPA,1854,322,18,,2194,,,,,,,,,,,,,,,,1854.0,322.0,18.0,0.0,2194.0,,,,,,,,,,,,,,,
2024,15045.0,Pike County Light & Power Co,Investor Owned,,PA,NYIS,4313,240,,,4553,,,,,,,,,,,34,775,,,809,4347.0,1015.0,0.0,0.0,5362.0,,,,,,,,,,,,,,,
2024,15046.0,Town of Pikeville - (NC),Municipal,Y,NC,CPLE,,3,,,3,,,,,,,,,,,,,,,,0.0,3.0,0.0,0.0,3.0,,,,,,,,,,,,,,,
2024,15048.0,Electrical Dist No2 Pinal County,Political Subdivision,,AZ,WALC,0,0,0,0,0,5218,1014,15,,6247,,,,,,,,,,,5218.0,1014.0,15.0,0.0,6247.0,66589,147043,61078,0,274710,5218,1014,15,0,6247,0,0,0,0,0
2024,15049.0,Electrical Dist No4 Pinal County,Political Subdivision,Y,AZ,WALC,2376,288,610,,3274,,,,,,,,,,,,,,,,2376.0,288.0,610.0,0.0,3274.0,,,,,,,,,,,,,,,
2024,15051.0,City of Pine Bluffs - (WY),Municipal,Y,WY,WACM,,,,,,565,110,58,,733,,,,,,,,,,,565.0,110.0,58.0,0.0,733.0,4627,1103,4794,,10524,,,,,,,,,,
2024,15054.0,"Pioneer Rural Elec Coop, Inc - (OH)",Cooperative,,OH,PJM,,,8,,8,16310,1080,9,,17399,,,,,,,,,,,16310.0,1080.0,17.0,0.0,17407.0,251232,43929,202219,,497380,16310,1080,17,,17407,,,,,
2024,15058.0,Town of Pinetops - (NC),Municipal,Y,NC,CPLE,611,98,2,,711,,,,,,,,,,,,,,,,611.0,98.0,2.0,0.0,711.0,,,,,,,,,,,,,,,
2024,15062.0,Town of Pineville - (NC),Municipal,Y,NC,DUK,3466,669,,,4135,,,,,,,,,,,,,,,,3466.0,669.0,0.0,0.0,4135.0,,,,,,,,,,,,,,,
2024,15073.0,"Pioneer Electric Coop, Inc - (KS)",Cooperative,,KS,SWPP,0,0,0,0,0,5031,10694,625,0,16350,5031,10694,625,0,16350,1,0,0,0,1,5032.0,10694.0,625.0,0.0,16351.0,62282,328555,577679,0,968516,5031,10655,625,0,16311,0,0,0,0,0
2024,15086.0,Pioneer Power and Light Co,Investor Owned,,WI,MISO,2013,257,33,,2303,,,,,,,,,,,8,1,,,9,2021.0,258.0,33.0,0.0,2312.0,,,,,,,,,,,,,,,
2024,15095.0,City of Piqua - (OH),Municipal,,OH,PJM,0,0,0,0,0,9829,1098,16,0,10943,,,,,,,,,,,9829.0,1098.0,16.0,0.0,10943.0,87795,85197,108649,0,281641,982,1098,16,0,2096,,,,,
2024,15104.0,Borough of Pitcairn - (PA),Municipal,Y,PA,PJM,,,,,,1782,79,,,1861,,,,,,,,,,,1782.0,79.0,0.0,0.0,1861.0,9418,1530,,,10948,,,,,,,,,,
2024,15116.0,Town of Pittsboro - (IN),Municipal,Y,IN,PJM,728,70,,,798,,,,,,,,,,,,,,,,728.0,70.0,0.0,0.0,798.0,,,,,,,,,,,,,,,
2024,15134.0,City of Plankinton - (SD),Municipal,Y,SD,SWPP,,,,,,383,80,,,463,,,,,,,,,,,383.0,80.0,0.0,0.0,463.0,6553,2725,,,9278,,,,,,,,,,
2024,15138.0,"Platte-Clay Electric Coop, Inc",Cooperative,,MO,AECI,23584,3405,9,,26998,,,,,,,,,,,,,,,,23584.0,3405.0,9.0,0.0,26998.0,,,,,,,,,,,,,,,
2024,15141.0,Plateau Electric Cooperative,Cooperative,,TN,TVA,0,0,0,0,0,14331,3920,3,0,18254,0,0,0,0,0,0,0,0,0,0,14331.0,3920.0,3.0,0.0,18254.0,163330,132109,141216,0,436655,14331,3920,3,0,18254,0,0,0,0,0
2024,15145.0,City of Plattsburgh - (NY),Municipal,,NY,NYIS,8794,1400,2,,10196,,,,,,,,,,,8,3,21,,32,8802.0,1403.0,23.0,0.0,10228.0,,,,,,,,,,,,,,,
2024,15159.0,City of Plymouth - (WI),Municipal,,WI,MISO,0,0,0,0,0,7354,1401,8,0,8763,,,,,,4,1,0,0,5,7358.0,1402.0,8.0,0.0,8768.0,61636,95261,102174,0,259071,7354,1401,8,0,8763,,,,,
2024,15175.0,Pointe Coupee Elec Member Corp,Cooperative,,LA,MISO,,,,,,8255,2390,7,,10652,,,,,,,21,,,21,8255.0,2411.0,7.0,0.0,10673.0,118482,50542,42368,,211392,8255,2411,7,,10673,,,,,
2024,15180.0,City of Pocahontas - (IA),Municipal,Y,IA,MISO,1165,183,1,,1349,,,,,,,,,,,,,,,,1165.0,183.0,1.0,0.0,1349.0,,,,,,,,,,,,,,,
2024,15188.0,Polk County Rural Pub Pwr Dist,Political Subdivision,Y,NE,SWPP,,,,,0,2954,601,1375,,4930,,,,,,,,,,,2954.0,601.0,1375.0,0.0,4930.0,41406,29906,20470,,91782,,,,,,,,,,
2024,15201.0,City of Pomona - (KS),Municipal,Y,KS,SWPP,,,,,0,499,49,,,548,,,,,,,,,,,499.0,49.0,0.0,0.0,548.0,701,228,,,929,,,,,,,,,,
2024,15202.0,City of Ponca City - (OK),Municipal,,OK,SWPP,13790,2068,18,,15876,,,,,,,,,,,,,,,,13790.0,2068.0,18.0,0.0,15876.0,,,,,,,,,,,,,,,
2024,15211.0,Pontotoc Electric Power Assn,Cooperative,,MS,TVA,0,0,0,0,0,16377,4314,3,0,20694,1,0,0,0,1,0,0,0,0,0,16377.0,4314.0,3.0,0.0,20694.0,240818,140252,52042,0,433112,0,0,0,0,0,0,0,0,0,0
2024,15229.0,City of Poplar Bluff - (MO),Municipal,,MO,SWPP,,,,,,7715,1882,14,0,9611,0,0,0,0,0,0,0,0,0,0,7715.0,1882.0,14.0,0.0,9611.0,114590,155795,56466,,326851,0,0,0,0,0,0,0,0,0,0
2024,15231.0,City of Port Angeles - (WA),Municipal,,WA,BPAT,,,,,,,,,,,,,,,0,9321,1703,4,,11028,9321.0,1703.0,4.0,0.0,11028.0,,,,,,,,,,,,,,,
2024,15246.0,City of Portland - (MI),Municipal,Y,MI,MISO,,,,,0,2225,329,14,,2568,,,,,,,,,,,2225.0,329.0,14.0,0.0,2568.0,8624,4307,4263,,17194,,,,,,,,,,
2024,15248.0,Portland General Electric Co,Investor Owned,,OR,PGE,,,,,0,828857,109268,4257,1,942383,,,,,,,,,,,828857.0,109268.0,4257.0,1.0,942383.0,7731594,6433391,5097435,10202,19272622,,,,,,,,,,
2024,15257.0,"Poudre Valley REA, Inc",Cooperative,,CO,WACM,,,17,,17,49455,4993,743,,55191,3,2,,,5,132,4,,,136,49587.0,4997.0,760.0,0.0,55344.0,520390,429663,16150,,966203,,,,,,,,,,
2024,15263.0,The Potomac Edison Company,Investor Owned,,MD,PJM,43399,4892,582,0,48873,0,0,0,0,0,0,0,0,0,0,215729,27116,2018,0,244863,259128.0,32008.0,2600.0,0.0,293736.0,0,0,0,0,0,0,0,7,0,7,0,0,0,0,0
2024,15263.0,The Potomac Edison Company,Investor Owned,,WV,PJM,27163,3813,327,0,31303,0,0,0,0,0,0,0,0,0,0,111112,16045,1510,0,128667,138275.0,19858.0,1837.0,0.0,159970.0,0,0,0,0,0,0,0,5,0,5,0,0,0,0,0
2024,15270.0,Potomac Electric Power Co,Investor Owned,,DC,PJM,0,86,0,0,86,321571,29184,0,0,350755,0,0,0,0,0,1018,524,3,95,1640,322589.0,29794.0,3.0,95.0,352481.0,2561713,7882546,0,0,10444259,0,0,0,0,0,24416,0,0,0,24416
2024,15270.0,Potomac Electric Power Co,Investor Owned,,MD,PJM,0,24,0,0,24,555008,52231,0,0,607239,0,0,0,0,0,1417,827,15,71,2330,556425.0,53082.0,15.0,71.0,609593.0,5714254,8231666,0,0,13945920,0,0,0,0,0,215441,6136,0,0,221577
2024,15291.0,Prairie Energy Coop,Cooperative,,IA,SWPP,,,,,,4385,2,832,,5219,,,,,,,,,,,4385.0,2.0,832.0,0.0,5219.0,52787,124,275988,,328899,,,,,,,,,,
2024,15293.0,Powell Valley Electric Coop,Cooperative,,TN,TVA,0,0,0,0,0,21147,5384,5,0,26536,0,0,0,0,0,0,0,0,0,0,21147.0,5384.0,5.0,0.0,26536.0,259807,119103,157209,0,536119,21147,5384,5,0,26536,3640,147,0,0,3787
2024,15293.0,Powell Valley Electric Coop,Cooperative,,VA,TVA,0,0,0,0,0,6589,1817,1,0,8407,0,0,0,0,0,0,0,0,0,0,6589.0,1817.0,1.0,0.0,8407.0,86575,33596,14962,0,135133,6589,1817,1,0,8407,1430,35,0,0,1465
2024,15294.0,City of Powell - (WY),Municipal,Y,WY,WACM,2773,575,84,,3432,,,,,,,,,,,,,,,,2773.0,575.0,84.0,0.0,3432.0,,,,,,,,,,,,,,,
2024,15308.0,Plumas-Sierra Rural Elec Coop,Cooperative,Y,CA,CISO,6966,811,190,,7967,0,0,0,,0,,,,,,,,,,,6966.0,811.0,190.0,0.0,7967.0,,,,,,,,,,,,,,,
2024,15308.0,Plumas-Sierra Rural Elec Coop,Cooperative,Y,NV,CISO,454,7,2,,463,0,0,0,,0,,,,,,,,,,,454.0,7.0,2.0,0.0,463.0,,,,,,,,,,,,,,,
2024,15311.0,Prague Public Works Authority,Municipal,Y,OK,SWPP,,,,,0,1121,165,2,,1288,,,,,,,,,,,1121.0,165.0,2.0,0.0,1288.0,13520,6684,1789,,21993,,,,,,,,,,
2024,15312.0,Village of Prairie Du Sac - (WI),Municipal,,WI,MISO,0,0,0,0,0,1911,302,1,0,2214,,,,,,0,0,0,0,0,1911.0,302.0,1.0,0.0,2214.0,15161,23119,12052,0,50332,1906,305,1,0,2212,,,,,
2024,15321.0,City of Pratt- (KS),Municipal,Y,KS,SWPP,3134,677,8,,3819,433,48,0,,481,,,,,,,,,,,3567.0,725.0,8.0,0.0,4300.0,1712,900,,,2612,,,,,,,,,,
2024,15327.0,PUD No 1 of Wahkiakum County,Political Subdivision,Y,WA,BPAT,2163,632,0,,2795,0,0,0,,0,,,,,,,,,,,2163.0,632.0,0.0,0.0,2795.0,0,0,0,,0,,,,,,,,,,
2024,15334.0,Prentiss County Elec Pwr Assn,Cooperative,,MS,TVA,0,0,0,0,0,10999,3166,8,0,14173,0,0,0,0,0,0,0,0,0,0,10999.0,3166.0,8.0,0.0,14173.0,155357,109284,70502,0,335143,0,0,0,0,0,0,0,0,0,0
2024,15336.0,City of Prescott - (KS),Municipal,Y,KS,SWPP,111,11,0,,122,,,,,0,,,,,,,,,,,111.0,11.0,0.0,0.0,122.0,,,,,,,,,,,,,,,
2024,15337.0,City of Prescott - (AR),Municipal,Y,AR,MISO,,,1,,1,,,,,,,,,,,,,,,,0.0,0.0,1.0,0.0,1.0,,,,,,,,,,,,,,,
2024,15340.0,Presque Isle Elec & Gas Coop,Cooperative,,MI,MISO,,7,4,,11,31658,2120,558,,34336,,,,,,788,93,11,,892,32446.0,2220.0,573.0,0.0,35239.0,170003,38816,30640,,239459,31658,2120,558,,34336,,,,,
2024,15344.0,Polk-Burnett Electric Coop,Cooperative,,WI,MISO,,,,,,25259,1944,11,,27214,,,,,,,,,,,25259.0,1944.0,11.0,0.0,27214.0,183871,53106,93,,237070,11959,1040,,,12999,,,,,
2024,15348.0,Preston Public Utilities Comm,Municipal,Y,MN,MISO,,,,,,668,164,14,,846,,,,,,,,,,,668.0,164.0,14.0,0.0,846.0,5018,3542,5490,,14050,,,,,,,,,,
2024,15349.0,City of Preston,Municipal,,IA,MISO,521,118,0,0,639,0,0,0,0,0,,,,,,0,0,0,0,0,521.0,118.0,0.0,0.0,639.0,0,0,0,0,0,0,0,0,0,0,,,,,
2024,15356.0,Price Electric Coop Inc,Cooperative,Y,WI,MISO,,,,,0,9154,524,3,,9681,,,,,,,,,,,9154.0,524.0,3.0,0.0,9681.0,53136,8921,3738,,65795,,,,,,,,,,
2024,15371.0,Town of Princeton - (MA),Municipal,Y,MA,ISNE,1526,103,0,,1629,0,0,0,,0,,,,,,,,,,,1526.0,103.0,0.0,0.0,1629.0,0,0,,,0,,,,,,,,,,
2024,15377.0,City of Primghar - (IA),Municipal,Y,IA,MISO,492,135,,,627,,,,,,,,,,,,,,,,492.0,135.0,0.0,0.0,627.0,,,,,,,,,,,,,,,
2024,15386.0,City of Princeton - (KY),Municipal,Y,KY,LGEE,2860,882,56,,3798,,,,,,,,,,,,,,,,2860.0,882.0,56.0,0.0,3798.0,,,,,,,,,,,,,,,
2024,15387.0,Princeton Public Utils Comm,Municipal,Y,MN,MISO,0,0,0,,0,2422,403,20,,2845,,,,,,,,,,,2422.0,403.0,20.0,0.0,2845.0,16224,16229,21813,,54266,,,,,,,,,,
2024,15388.0,City of Princeton - (IL),Municipal,Y,IL,MISO,3789,721,54,,4564,,,,,,,,,,,,,,,,3789.0,721.0,54.0,0.0,4564.0,,,,,,,,,,,,,,,
2024,15410.0,Prince George Electric Coop,Cooperative,,VA,PJM,,,,,0,10948,1511,24,,12483,,,,,,6,,,,6,10954.0,1511.0,24.0,0.0,12489.0,170875,73281,117968,,362124,10954,1511,24,,12489,,,,,
2024,15419.0,PUD No 3 of Mason County,Political Subdivision,,WA,BPAT,0,0,0,0,0,33933,2431,1,0,36365,0,0,0,0,0,42,0,0,0,42,33975.0,2431.0,1.0,0.0,36407.0,461961,177258,42754,0,681973,33933,2431,1,0,36365,0,0,0,0,0
2024,15433.0,Town of Prosperity - (SC),Municipal,Y,SC,DUK,702,122,0,,824,,,,,,,,,,,,,,,,702.0,122.0,0.0,0.0,824.0,,,,,,,,,,,,,,,
2024,15444.0,Provo City Corp,Municipal,,UT,PACE,,,,,,35299,4757,0,,40056,,,,,,,,1,,1,35299.0,4757.0,1.0,0.0,40057.0,258209,384365,0,,642574,35299,4757,0,,40056,0,0,0,,0
2024,15460.0,Proctor Public Utilities Comm,Municipal,Y,MN,MISO,1418,105,4,,1527,,,,,,,,,,,,,,,,1418.0,105.0,4.0,0.0,1527.0,,,,,,,,,,,,,,,
2024,15466.0,Public Service Co of Colorado,Investor Owned,,CO,PSCO,114992,19663,8182,,142837,1280047,144537,20,,1424604,,,,,,20792,12548,114,1,33455,1415831.0,176748.0,8316.0,1.0,1600896.0,8181392,2004752,924887,,11111031,,,,,,163648,,,,163648
2024,15470.0,"Duke Energy Indiana, LLC",Investor Owned,,IN,MISO,563,33,0,0,596,811125,109183,13214,0,933522,0,0,0,0,0,2043,900,61,0,3004,813731.0,110116.0,13275.0,0.0,937122.0,9014130,8229148,9197328,,26440606,0,0,0,,0,796265,110116,2630,,909011
2024,15472.0,Public Service Co of NH,Investor Owned,,NH,ISNE,494079,80242,2681,,577002,,,,,,,,,,,94,61,3,,158,494173.0,80303.0,2684.0,0.0,577160.0,,,,,,,,,,,3042,129,,,3171
2024,15473.0,Public Service Co of NM,Investor Owned,,NM,PNM,34672,1403,,,36075,,,,,0,,,,,,473769,69122,183,,543074,508441.0,70525.0,183.0,0.0,579149.0,,,,,,,,,,,,,,,
2024,15474.0,Public Service Co of Oklahoma,Investor Owned,,OK,SWPP,215,2,0,0,217,505650,74177,6061,0,585888,5,0,0,0,5,71,7,40,0,118,505936.0,74186.0,6101.0,0.0,586223.0,6253342,6720996,5386771,0,18361109,477602,63750,5887,0,547239,13139,0,0,0,13139
2024,15477.0,Public Service Elec & Gas Co,Investor Owned,,NJ,PJM,,,,,0,1943561,260125,7779,7,2211472,,,,,,102749,24624,743,0,128116,2046310.0,284749.0,8522.0,7.0,2339588.0,12074156,21028004,3660603,317086,37079849,,,,,,,,,,
2024,15500.0,Puget Sound Energy Inc,Investor Owned,,WA,PSEI,8774,1745,87,,10606,1103813,170724,4442,1,1278980,2318,,,,2318,2071,,,,2071,1114658.0,172469.0,4529.0,1.0,1291657.0,11386089,9019268,2958744,16188,23380289,,1493,231,1,1725,35804,92,,,35896
2024,15507.0,City of Pulaski - (TN),Municipal,,TN,TVA,0,0,0,0,0,12432,2880,11,0,15323,0,0,0,0,0,0,0,0,0,0,12432.0,2880.0,11.0,0.0,15323.0,176137,107211,146930,0,430278,12432,2880,11,0,15323,0,0,0,0,0
2024,15515.0,City of Purcell - (OK),Municipal,Y,OK,SPA,,,,,,2462,534,25,,3021,,,,,,,,,,,2462.0,534.0,25.0,0.0,3021.0,26806,14798,12059,,53663,,,,,,,,,,
2024,15541.0,Borough of Quakertown - (PA),Municipal,Y,PA,PJM,,,,,0,3944,561,84,,4589,,,,,,,,,,,3944.0,561.0,84.0,0.0,4589.0,43232,14373,27253,,84858,,,,,,,,,,
2024,15619.0,City of Radford - (VA),Municipal,Y,VA,PJM,6668,859,37,,7564,,,,,0,,,,,,,,,,,6668.0,859.0,37.0,0.0,7564.0,,,,,0,,,,,,,,,,
2024,15665.0,City of Randall - (MN),Municipal,Y,MN,MISO,283,66,,,349,,,,,,,,,,,,,,,,283.0,66.0,0.0,0.0,349.0,,,,,,,,,,,,,,,
2024,15671.0,Randolph Electric Member Corp,Cooperative,,NC,CPLE,,,,,,31082,2701,6,,33789,,,,,,4,21,1,,26,31086.0,2722.0,7.0,0.0,33815.0,382507,120891,17478,,520876,31082,,,,31082,,,,,
2024,15672.0,Ralls County Electric Coop,Cooperative,Y,MO,AECI,5744,853,1,,6598,,,,,,,,,,,,,,,,5744.0,853.0,1.0,0.0,6598.0,,,,,,,,,,,,,,,
2024,15686.0,Village of Rantoul - (IL),Municipal,Y,IL,MISO,5580,468,79,,6127,,,,,0,,,,,,,,,,,5580.0,468.0,79.0,0.0,6127.0,,,,,,,,,,,,,,,
2024,15698.0,Raton Public Service Company,Municipal,Y,NM,PSCO,233,20,0,,253,3294,559,22,,3875,,,,,,,,,,,3527.0,579.0,22.0,0.0,4128.0,20090,8076,8019,,36185,,,,,,,,,,
2024,15700.0,Rayle Electric Membership Corp,Cooperative,,GA,SOCO,,,,,0,16369,3521,4,,19894,,,,,,,25,,,25,16369.0,3546.0,4.0,0.0,19919.0,218845,66838,12989,,298672,,,,,,,,,,
2024,15746.0,Red River Valley Rrl Elec Assn,Cooperative,,OK,SWPP,15852,1910,4,,17766,,,,,,,,,,,,,,,,15852.0,1910.0,4.0,0.0,17766.0,,,,,,,,,,,,,,,
2024,15748.0,Town of Reading - (MA),Municipal,,MA,ISNE,26946,2770,,,29716,769,543,,,1312,,,,,,,,,,,27715.0,3313.0,0.0,0.0,31028.0,9911,171674,,,181585,0,30,,,30,0,0,,,0
2024,15750.0,Redwood Electric Coop,Cooperative,Y,MN,MISO,384,6,0,,390,4013,1459,10,,5482,,,,,,,,,,,4397.0,1465.0,10.0,0.0,5872.0,52510,21909,10203,,84622,,,,,,,,,,
2024,15751.0,City of Readlyn - (IA),Municipal,Y,IA,MISO,344,29,0,,373,0,0,0,,0,,,,,,,,,,,344.0,29.0,0.0,0.0,373.0,,,,,,,,,,,,,,,
2024,15776.0,Central Florida Tourism Oversight District,Municipal,,FL,FPC,9,1528,,,1537,,,,,,,,,,,,26,,,26,9.0,1554.0,0.0,0.0,1563.0,,,,,,,,,,,,,,,
2024,15778.0,Town of Red Springs - (NC),Municipal,Y,NC,CPLE,,4,,,4,1449,308,4,,1761,,,,,,,,,,,1449.0,312.0,4.0,0.0,1765.0,16128,16228,3630,,35986,,,,,,,,,,
2024,15783.0,City of Redding - (CA),Municipal,,CA,BANC,5360,281,8,,5649,441,898,41,,1380,0,0,0,,0,34361,5202,291,,39854,40162.0,6381.0,340.0,0.0,46883.0,7153,203652,5287,,216092,0,0,0,,0,0,0,0,,0
2024,15793.0,Redwood Falls Public Util Comm,Municipal,Y,MN,MISO,2279,483,52,,2814,,,,,,,,,,,,,,,,2279.0,483.0,52.0,0.0,2814.0,,,,,,,,,,,,,,,
2024,15804.0,Reedsburg Utility Comm,Municipal,,WI,MISO,1,0,0,0,1,0,0,6,0,6,,,,,,4847,726,6,0,5579,4848.0,726.0,12.0,0.0,5586.0,0,0,90154,0,90154,0,0,2,0,2,,,,,
2024,15845.0,Renville-Sibley Coop Pwr Assn,Cooperative,Y,MN,MISO,,,,,,1596,277,12,,1885,,,,,,,,,,,1596.0,277.0,12.0,0.0,1885.0,31866,21114,129621,,182601,,,,,,,,,,
2024,15846.0,City of Remsen - (IA),Municipal,Y,IA,MISO,702,138,35,,875,,,,,,,,,,,,,,,,702.0,138.0,35.0,0.0,875.0,,,,,,,,,,,,,,,
2024,15860.0,City of Rensselaer - (IN),Municipal,Y,IN,MISO,842,243,16,,1101,2080,112,31,,2223,,,,,,,,,,,2922.0,355.0,47.0,0.0,3324.0,11,280,1398,,1689,,,,,,,,,,
2024,15865.0,Village of Republic - (OH),Municipal,Y,OH,PJM,272,36,,,308,0,0,0,,0,,,,,,,,,,,272.0,36.0,0.0,0.0,308.0,,,,,,,,,,,,,,,
2024,15923.0,City of Pond Creek - (OK),Municipal,Y,OK,SWPP,555,,,,555,,,,,,,,,,,,,,,,555.0,0.0,0.0,0.0,555.0,,,,,,,,,,,,,,,
2024,15938.0,Rice Lake Utilities,Municipal,Y,WI,MISO,,,,,,4959,982,135,,6076,,,,,,,,,,,4959.0,982.0,135.0,0.0,6076.0,40420,18481,91844,,150745,,,,,,,,,,
2024,15978.0,City of Richland Center - (WI),Municipal,,WI,MISO,2452,515,0,0,2967,0,7,4,0,11,,,,,,0,0,0,0,0,2452.0,522.0,4.0,0.0,2978.0,0,20980,51813,0,72793,0,7,4,0,11,,,,,
2024,15979.0,City of Richland - (WA),Municipal,,WA,BPAT,,,,,0,25428,3354,111,,28893,,,,,,45,13,0,,58,25473.0,3367.0,111.0,0.0,28951.0,376772,403317,163887,,943976,,,,,,,,,,
2024,15982.0,Town of Richlands - (VA),Municipal,Y,VA,PJM,2928,5786,,,8714,,,,,,,,,,,,,,,,2928.0,5786.0,0.0,0.0,8714.0,,,,,,,,,,,,,,,
2024,15983.0,Richland Electric Coop,Cooperative,Y,WI,MISO,0,0,0,,0,3689,208,0,,3897,,,,,,,,,,,3689.0,208.0,0.0,0.0,3897.0,33334,11044,0,,44378,,,,,,,,,,
2024,15989.0,City of Richmond - (IN),Municipal,,IN,PJM,4231,1321,130,,5682,12081,3584,,,15665,,,,,,4,4,,,8,16316.0,4909.0,130.0,0.0,21355.0,115996,47056,,,163052,,,,,,,,,,
2024,16057.0,"Rio Grande Electric Coop, Inc",Cooperative,,NM,EPE,,,,,,232,68,16,0,316,,,,,,,,,,,232.0,68.0,16.0,0.0,316.0,1785,488,419,0,2692,92,7,6,,105,,,,,
2024,16057.0,"Rio Grande Electric Coop, Inc",Cooperative,,TX,ERCO,,,,,,9298,4379,573,0,14250,,,,,,,,,,,9298.0,4379.0,573.0,0.0,14250.0,103812,131929,342551,0,578292,3706,440,217,0,4363,,,,,
2024,16060.0,Riverland Energy Cooperative,Cooperative,,WI,MISO,,,,,,21480,1200,75,,22755,,,,,,22,,,,22,21502.0,1200.0,75.0,0.0,22777.0,228450,36632,19298,,284380,18970,1077,13,,20060,,,,,
2024,16062.0,Village of Ripley - (OH),Municipal,Y,OH,PJM,928,,,,928,,,,,,,,,,,,,,,,928.0,0.0,0.0,0.0,928.0,,,,,,,,,,,,,,,
2024,16063.0,"Rita Blanca Electric Coop, Inc",Cooperative,,TX,SWPP,1595,7174,,,8769,,,,,,,,,,,,,,,,1595.0,7174.0,0.0,0.0,8769.0,,,,,,748,,,,748,,,,,
2024,16068.0,City of Rising Sun - (IN),Municipal,Y,IN,MISO,1344,269,5,,1618,,,,,,,,,,,,,,,,1344.0,269.0,5.0,0.0,1618.0,,,,,,,,,,,,,,,
2024,16082.0,City of River Falls,Municipal,,WI,MISO,4,0,0,0,4,6845,818,3,0,7666,,,,,,0,0,0,0,0,6849.0,818.0,3.0,0.0,7670.0,51215,64077,12921,0,128213,6709,792,3,0,7504,,,,,
2024,16088.0,City of Riverside - (CA),Municipal,,CA,CISO,76790,94,,,76884,23468,12145,679,,36292,,,,,,192,4,1,,197,100450.0,12243.0,680.0,0.0,113373.0,159609,416358,924683,,1500650,,,,,,,,,,
2024,16092.0,Village of Riverton - (IL),Municipal,Y,IL,MISO,1685,38,3,,1726,,,,,,,,,,,,,,,,1685.0,38.0,3.0,0.0,1726.0,,,,,,,,,,,,,,,
2024,16101.0,Roanoke Electric Member Corp,Cooperative,,NC,PJM,,,,,,12049,2059,7,,14115,,,,,,,,,,,12049.0,2059.0,7.0,0.0,14115.0,164384,63455,33080,,260919,,,,,,,,,,
2024,16105.0,City of Riverdale - (ND),Municipal,Y,ND,SWPP,256,42,,,298,,,,,,,,,,,,,,,,256.0,42.0,0.0,0.0,298.0,,,,,,,,,,,,,,,
2024,16140.0,City of Robertsdale,Municipal,Y,AL,SOCO,2185,402,57,,2644,792,74,0,,866,,,,,,,,,,,2977.0,476.0,57.0,0.0,3510.0,19504,1824,0,,21328,,,,,,,,,,
2024,16146.0,"Navasota Valley Elec Coop, Inc",Cooperative,,TX,ERCO,,,,,,19672,1789,19,,21480,,,,,,0,135,0,,135,19672.0,1924.0,19.0,0.0,21615.0,222107,83616,100392,,406115,19672,1789,19,,21480,,,,,
2024,16164.0,Roosevelt Public Power Dist,Political Subdivision,Y,NE,WACM,0,0,0,,0,2132,554,802,,3488,,,,,,,,,,,2132.0,554.0,802.0,0.0,3488.0,30728,5805,28668,,65201,,,,,,,,,,
2024,16179.0,Rochelle Municipal Utilities,Municipal,,IL,PJM,0,0,0,0,0,5854,1073,82,0,7009,0,0,0,0,0,20,0,0,0,20,5874.0,1073.0,82.0,0.0,7029.0,43761,42210,312532,0,398503,,,,,,,,,,
2024,16181.0,Rochester Public Utilities,Municipal,,MN,MISO,54943,5118,1,,60062,,,,,,,,,,,,71,,,71,54943.0,5189.0,1.0,0.0,60133.0,,,,,,,,,,,,,,,
2024,16183.0,Rochester Gas & Electric Corp,Investor Owned,,NY,NYIS,16,555,165,,736,250569,20943,174,,271686,,,,,,100896,18729,295,,119920,351481.0,40227.0,634.0,0.0,392342.0,1164429,336605,14953,,1515987,,,,,,,,,,
2024,16195.0,City of Rock Hill - (SC),Municipal,,SC,DUK,,,,,,36492,3846,40,,40378,,,,,,,1,,,1,36492.0,3847.0,40.0,0.0,40379.0,360691,403071,88057,,851819,36492,3846,40,,40378,2637,105,,,2742
2024,16196.0,Rock Energy Cooperative,Cooperative,,IL,MISO,9412,1015,23,,10450,,,,,,,,,,,,,,,,9412.0,1015.0,23.0,0.0,10450.0,,,,,,,,,,,,,,,
2024,16196.0,Rock Energy Cooperative,Cooperative,,WI,MISO,7167,395,75,,7637,,,,,,,,,,,191,15,,,206,7358.0,410.0,75.0,0.0,7843.0,,,,,,,,,,,,,,,
2024,16198.0,City of Rock Falls - (IL),Municipal,Y,IL,MISO,1447,210,0,,1657,3407,310,27,,3744,,,,,,,,,,,4854.0,520.0,27.0,0.0,5401.0,25552,9300,7573,,42425,,,,,,,,,,
2024,16206.0,Rock Rapids Municipal Utility,Municipal,Y,IA,SWPP,1181,285,9,,1475,,,,,,,,,,,,,,,,1181.0,285.0,9.0,0.0,1475.0,,,,,,,,,,,,,,,
2024,16211.0,City of Rockford- (IA),Municipal,Y,IA,MISO,404,69,,,473,,,,,,,,,,,,,,,,404.0,69.0,0.0,0.0,473.0,,,,,,,,,,,,,,,
2024,16213.0,Rockland Electric Co,Investor Owned,,NJ,PJM,,,,,0,53156,7025,20,,60201,,,,,,527,1319,,,1846,53683.0,8344.0,20.0,0.0,62047.0,441253,584018,11919,,1037190,,,,,,,,,,
2024,16213.0,Rockland Electric Co,Investor Owned,,NJ,NYIS,0,0,0,0,0,12741,1304,1,0,14046,0,0,0,0,0,126,9,0,0,135,12867.0,1313.0,1.0,0.0,14181.0,105764,108408,2212,0,216384,0,0,0,0,0,0,0,0,0,0
2024,16217.0,Village of Rockville Centre - (NY),Municipal,Y,NY,NYIS,5802,718,0,,6520,0,0,0,,0,,,,,,,,,,,5802.0,718.0,0.0,0.0,6520.0,0,0,0,,0,,,,,,,,,,
2024,16219.0,Town of Rockville - (IN),Municipal,Y,IN,MISO,1312,145,29,,1486,,,,,,,,,,,,,,,,1312.0,145.0,29.0,0.0,1486.0,,,,,,,,,,,,,,,
2024,16223.0,City of Rockwood - (TN),Municipal,,TN,TVA,0,0,0,0,0,12042,3388,5,0,15435,0,0,0,0,0,0,0,0,0,0,12042.0,3388.0,5.0,0.0,15435.0,172855,88881,26471,0,288207,12042,3388,0,0,15430,0,0,0,0,0
2024,16226.0,City of Rocky Mount - (NC),Municipal,,NC,CPLE,24335,3682,17,,28034,,,,,,,,,,,,65,21,,86,24335.0,3747.0,38.0,0.0,28120.0,,,,,,,,,,,,,,,
2024,16259.0,City of Rolla - (MO),Municipal,,MO,MISO,8131,1393,108,,9632,,,,,,,,,,,1,,,,1,8132.0,1393.0,108.0,0.0,9633.0,,,,,,,,,,,,,,,
2024,16267.0,Rolling Hills Electric Coop,Cooperative,Y,KS,SWPP,0,0,0,,0,9139,1744,566,,11449,,,,,,,,,,,9139.0,1744.0,566.0,0.0,11449.0,74206,129740,7686,,211632,,,,,,,,,,
2024,16269.0,City of Roodhouse - (IL),Municipal,Y,IL,MISO,815,109,1,,925,,,,,,,,,,,,,,,,815.0,109.0,1.0,0.0,925.0,,,,,,,,,,,,,,,
2024,16284.0,"Roseau Electric Coop, Inc",Cooperative,Y,MN,MISO,,,,,0,10476,303,3,,10782,,,,,,,,,,,10476.0,303.0,3.0,0.0,10782.0,93719,17458,29859,,141036,,,,,,,,,,
2024,16285.0,City of Roseau - (MN),Municipal,Y,MN,MISO,,,,,,1809,215,,,2024,,,,,,,,,,,1809.0,215.0,0.0,0.0,2024.0,12099,23265,,,35364,,,,,,,,,,
2024,16286.0,Rosebud Electric Coop Inc,Cooperative,,SD,SWPP,,,,,,4869,765,4,0,5638,,,,,,,,,,,4869.0,765.0,4.0,0.0,5638.0,63651,23350,757,0,87758,,,,,,,,,,
2024,16295.0,City of Roseville - (CA),Municipal,,CA,BANC,78,,1,,79,64335,7256,31,,71622,,,,,,115,,,,115,64528.0,7256.0,32.0,0.0,71816.0,542669,446943,188198,,1177810,,144,29,,173,0,0,0,0,0
2024,16325.0,Village of Rouses Point - (NY),Municipal,Y,NY,NYIS,1180,164,5,,1349,,,,,,,,,,,,,,,,1180.0,164.0,5.0,0.0,1349.0,,,,,,,,,,,,,,,
2024,16368.0,Runestone Electric Assn,Cooperative,,MN,MISO,4,,,,4,18574,846,293,,19713,,,,,,,,,,,18578.0,846.0,293.0,0.0,19717.0,192369,22261,14291,,228921,14282,818,291,,15391,6731,65,280,,7076
2024,16377.0,Town of Rowley - (MA),Municipal,Y,MA,ISNE,2643,449,19,,3111,,,,,,,,,,,,,,,,2643.0,449.0,19.0,0.0,3111.0,,,,,0,,,,,,,,,,
2024,16382.0,"Rural Electric Coop, Inc - (OK)",Cooperative,,OK,SWPP,0,0,0,0,0,9047,3545,13,0,12605,0,0,0,0,0,0,0,0,0,0,9047.0,3545.0,13.0,0.0,12605.0,125619,313625,184254,0,623498,9047,3545,13,0,12605,0,0,0,0,0
2024,16416.0,City of Rupert - (ID),Municipal,Y,ID,BPAT,,,,,0,2729,425,27,,3181,,,,,,,,,,,2729.0,425.0,27.0,0.0,3181.0,38407,50663,13254,,102324,,,,,,,,,,
2024,16420.0,Rural Electric Conven Coop - (IL),Cooperative,Y,IL,MISO,,,,,,5509,438,47,,5994,,,,,,,,,,,5509.0,438.0,47.0,0.0,5994.0,79354,18295,13855,,111504,,,,,,,,,,
2024,16438.0,City of Russell - (MA),Municipal,Y,MA,ISNE,435,33,,,468,,,,,,,,,,,,,,,,435.0,33.0,0.0,0.0,468.0,,,,,,,,,,,,,,,
2024,16440.0,City of Russell - (KS),Municipal,Y,KS,SWPP,1050,572,217,,1839,1413,53,1,,1467,,,,,,,,,,,2463.0,625.0,218.0,0.0,3306.0,22987,16759,77128,,116874,,,,,,,,,,
2024,16458.0,City of Russellville - (AL),Municipal,,AL,TVA,3890,1204,0,0,5094,0,0,2,0,2,0,0,0,0,0,0,0,0,0,0,3890.0,1204.0,2.0,0.0,5096.0,0,0,26048,0,26048,0,0,0,0,0,0,0,0,0,0
2024,16459.0,City of Russellville - (KY),Municipal,,KY,TVA,0,0,0,0,0,3092,1078,4,0,4174,0,0,0,0,0,0,0,0,0,0,3092.0,1078.0,4.0,0.0,4174.0,37234,43620,35725,0,116579,3092,1078,4,0,4174,0,0,0,0,0
2024,16461.0,"Rusk County Electric Coop, Inc",Cooperative,,TX,SWPP,,,,,,18149,5444,21,,23614,,,,,,3,,3,,6,18152.0,5444.0,24.0,0.0,23620.0,280991,97638,83981,,462610,18149,5444,21,,23614,,,,,
2024,16462.0,Town of Ruston - (WA),Municipal,Y,WA,TPWR,,,,,,563,42,,,605,,,,,,,,,,,563.0,42.0,0.0,0.0,605.0,6186,4128,,,10314,,,,,,,,,,
2024,16463.0,City of Ruston - (LA),Municipal,,LA,MISO,,,,,0,9900,1941,16,,11857,,,,,,,,,,,9900.0,1941.0,16.0,0.0,11857.0,108531,163720,25146,,297397,,,,,,,,,,
2024,16496.0,Rutherford Elec Member Corp,Cooperative,,NC,DUK,,,,,0,70743,5735,36,0,76514,,,,,,,,,,,70743.0,5735.0,36.0,0.0,76514.0,946790,179707,206080,0,1332577,70743,5735,36,0,76514,,,,,
2024,16511.0,Sac-Osage Electric Coop Inc,Cooperative,Y,MO,AECI,11248,605,16,,11869,,,,,,,,,,,,,,,,11248.0,605.0,16.0,0.0,11869.0,,,,,,,,,,,,,,,
2024,16534.0,Sacramento Municipal Util Dist,Political Subdivision,,CA,BANC,,,,,,596190,71378,2475,40,670083,0,0,0,0,0,595,55,29,0,679,596785.0,71433.0,2504.0,40.0,670762.0,4987608,3869617,1253936,26406,10137567,596785,71433,2504,1,670723,,,,,
2024,16538.0,City of Safford - (AZ),Municipal,Y,AZ,WALC,,,,,,4434,599,,,5033,,,,,,,,,,,4434.0,599.0,0.0,0.0,5033.0,44460,47479,,,91939,,,,,,,,,,
2024,16549.0,City of Salamanca - (NY),Municipal,Y,NY,NYIS,3509,130,117,,3756,,,,,,,,,,,,,,,,3509.0,130.0,117.0,0.0,3756.0,,,,,,,,,,,,,,,
2024,16555.0,Salem Electric - (OR),Cooperative,,OR,BPAT,,,,,,18026,2513,6,,20545,1,,,,1,11,,,,11,18037.0,2513.0,6.0,0.0,20556.0,192887,107269,17620,,317776,15358,1896,5,,17259,,,,,
2024,16557.0,Salem City Corporation - (UT),Municipal,Y,UT,PACE,3056,146,0,,3202,721,238,0,,959,,,,,,,,,,,3777.0,384.0,0.0,0.0,4161.0,4172,1550,0,,5722,,,,,,,,,,
2024,16558.0,City of Salem - (VA),Municipal,,VA,PJM,,,,,,11298,2152,68,0,13518,0,0,0,0,0,0,0,1,0,1,11298.0,2152.0,69.0,0.0,13519.0,124695,94573,119602,0,338870,11298,2152,68,0,13518,0,0,0,0,0
2024,16559.0,City of Salem - (MO),Municipal,Y,MO,AECI,,,,,0,2098,507,1,,2606,,,,,,,,,,,2098.0,507.0,1.0,0.0,2606.0,23315,21497,4388,,49200,,,,,,,,,,
2024,16561.0,City of Sallisaw - (OK),Municipal,Y,OK,SWPP,2622,390,1,,3013,,,,,,,,,,,,,,,,2622.0,390.0,1.0,0.0,3013.0,,,,,,,,,,,,,,,
2024,16565.0,Salmon River Electric Coop Inc,Cooperative,,ID,IPCO,,,,,,2383,471,128,0,2982,,,,,,,,,,,2383.0,471.0,128.0,0.0,2982.0,37927,21605,42779,0,102311,2383,471,128,0,2982,0,0,0,0,0
2024,16572.0,Salt River Project,Political Subdivision,,AZ,SRP,3,0,0,0,3,1135927,113384,684,1,1249996,0,0,0,0,0,823,9,0,0,832,1136753.0,113393.0,684.0,1.0,1250831.0,13661211,10365888,4462367,9961,28499427,822895,76857,45,0,899797,0,0,0,0,0
2024,16587.0,Salt River Electric Coop Corp,Cooperative,,KY,PJM,,,,,0,53479,3741,22,,57242,,,,,,,,,,,53479.0,3741.0,22.0,0.0,57242.0,770315,299184,223716,,1293215,53479,3741,22,,57242,2366,,,,2366
2024,16603.0,"San Luis Valley R E C, Inc",Cooperative,,CO,WACM,,,,,,9077,1590,2688,,13355,,,,,,,1,,,1,9077.0,1591.0,2688.0,0.0,13356.0,70637,52063,80709,,203409,,,,,,,,,,
2024,16604.0,City of San Antonio - (TX),Municipal,,TX,ERCO,1050,,,,1050,962854,57361,,,1020215,,,,,,911,308,674,,1893,964815.0,57669.0,674.0,0.0,1023158.0,8966370,8274208,,,17240578,622424,82115,,,704539,149265,29,,,149294
2024,16605.0,City of San Augustine - (TX),Municipal,Y,TX,MISO,,,,,0,12,,,,12,,,,,,,,,,,12.0,0.0,0.0,0.0,12.0,41,,,,41,,,,,,,,,,
2024,16606.0,"Santee Electric Coop, Inc",Cooperative,,SC,SC,35235,9605,15,,44855,,,,,,,,,,,,,,,,35235.0,9605.0,15.0,0.0,44855.0,,,,,,,,,,,,,,,
2024,16609.0,San Diego Gas & Electric Co,Investor Owned,,CA,CISO,38,36,28,0,102,1370032,154339,4995,283,1529649,0,0,0,0,0,2271,32,1,0,2304,1372341.0,154407.0,5024.0,283.0,1532055.0,4801811,6352910,4361669,77013,15593403,,,,,,,,,,
2024,16611.0,Access Energy Coop,Cooperative,,IA,AECI,,,,,,9205,187,29,,9421,,,,,,,,,,,9205.0,187.0,29.0,0.0,9421.0,112566,26156,283550,,422272,8679,189,25,,8893,,,,,
2024,16612.0,City & County of San Francisco,Municipal,,CA,CISO,344,1331,1,159,1835,4268,381,0,0,4649,0,0,0,0,0,2,116,0,11,129,4614.0,1828.0,1.0,170.0,6613.0,25033,32163,0,0,57196,2618,291,31,1,2941,0,0,0,0,0
2024,16613.0,Sam Houston Electric Coop Inc,Cooperative,,TX,MISO,,,,,0,86118,7164,204,,93486,,,,,,,,,,,86118.0,7164.0,204.0,0.0,93486.0,1179641,164368,506184,,1850193,86118,7164,204,,93486,,,,,
2024,16616.0,"San Isabel Electric Assn, Inc",Cooperative,,CO,WACM,23287,2745,9,,26041,,,,,,,,,,,2,,3,,5,23289.0,2745.0,12.0,0.0,26046.0,,,,,,23274,2742,12,,26028,,,,,
2024,16622.0,"San Miguel Power Assn, Inc",Cooperative,,CO,WACM,,,,,,12381,2560,81,,15022,,,,,,6,30,,,36,12387.0,2590.0,81.0,0.0,15058.0,117957,95398,1297,,214652,,,,,,,,,,
2024,16627.0,San Patricio Electric Coop Inc,Cooperative,,TX,ERCO,,,,,,10003,2467,48,,12518,,,,,,4,,,,4,10007.0,2467.0,48.0,0.0,12522.0,133687,43297,74369,,251353,10003,2467,48,,12518,,,,,
2024,16628.0,City of Sanborn - (IA),Municipal,Y,IA,SWPP,622,139,47,,808,0,0,0,,0,,,,,,,,,,,622.0,139.0,47.0,0.0,808.0,,,,,,,,,,,,,,,
2024,16629.0,Sand Mountain Electric Coop,Cooperative,,AL,TVA,0,0,0,0,0,27298,6299,4,0,33601,0,0,0,0,0,0,0,0,0,0,27298.0,6299.0,4.0,0.0,33601.0,385353,179227,67617,0,632197,27298,6299,4,0,33601,0,0,0,0,0
2024,16637.0,City of Sandersville - (GA),Municipal,,GA,SOCO,2234,597,4,,2835,,,,,0,,,,,,,,,,,2234.0,597.0,4.0,0.0,2835.0,,,,,,,,,,,,,,,
2024,16638.0,"San Bernard Electric Coop, Inc",Cooperative,,TX,ERCO,,,,,,31774,1083,6,,32863,,,,,,,,,,,31774.0,1083.0,6.0,0.0,32863.0,466463,111002,221040,,798505,,,,,,31774,1083,6,,32863
2024,16647.0,City of Sanger - (TX),Municipal,Y,TX,ERCO,197,119,1,,317,2132,269,,,2401,,,,,,,,,,,2329.0,388.0,1.0,0.0,2718.0,2682,143,,,2825,,,,,,,,,,
2024,16648.0,City of Santa Clara - (UT),Municipal,Y,UT,PACE,,,,,,3593,200,,,3793,,,,,,,,,,,3593.0,200.0,0.0,0.0,3793.0,47,11,,,58,,,,,,,,,,
2024,16649.0,Sangre De Cristo Elec Assn Inc,Cooperative,Y,CO,WACM,,,,,,13112,1455,1,,14568,,,,,,,,,,,13112.0,1455.0,1.0,0.0,14568.0,93457,33295,5237,,131989,,,,,,,,,,
2024,16655.0,City of Santa Clara - (CA),Municipal,,CA,CISO,1077,29,0,2,1108,50721,6115,995,0,57831,,,,,,1463,3213,331,0,5007,53261.0,9357.0,1326.0,2.0,63946.0,,,,,,,,,,,,,,,
2024,16674.0,Satilla Rural Elec Member Corporation,Cooperative,,GA,SOCO,,,,,,54115,5397,37,,59549,,,,,,,,,,,54115.0,5397.0,37.0,0.0,59549.0,744068,131221,284208,,1159497,,,,,,,,,,
2024,16679.0,City of Sauk Centre - (MN),Municipal,Y,MN,MISO,,,,,,1963,404,73,,2440,,,,,,,,,,,1963.0,404.0,73.0,0.0,2440.0,18519,7418,29867,,55804,,,,,,,,,,
2024,16680.0,Village of Sauk City - (WI),Municipal,Y,WI,MISO,1623,326,6,,1955,,,,,,,,,,,,,,,,1623.0,326.0,6.0,0.0,1955.0,,,,,,,,,,,,,,,
2024,16740.0,Scenic Rivers Energy Coop,Cooperative,,IL,MISO,,,,,,12,,,,12,,,,,,,,,,,12.0,0.0,0.0,0.0,12.0,139,,,,139,12,,,,12,,,,,
2024,16740.0,Scenic Rivers Energy Coop,Cooperative,,WI,MISO,,,,,,13597,169,843,,14609,,,,,,,,,,,13597.0,169.0,843.0,0.0,14609.0,182500,1258,42478,,226236,13597,169,843,,14609,,,,,
2024,16751.0,Three Rivers Electric Coop,Cooperative,,MO,AECI,,,,,,22561,1947,13,,24521,,,,,,,,,,,22561.0,1947.0,13.0,0.0,24521.0,302838,72380,26377,,401595,22561,1947,13,,24521,,,,,
2024,16759.0,"Sheridan Electric Coop, Inc",Cooperative,Y,MT,SWPP,2181,753,825,,3759,,,,,,,,,,,,,,,,2181.0,753.0,825.0,0.0,3759.0,,,,,,,,,,,,,,,
2024,16759.0,"Sheridan Electric Coop, Inc",Cooperative,Y,ND,SWPP,172,142,108,,422,,,,,,,,,,,,,,,,172.0,142.0,108.0,0.0,422.0,,,,,,,,,,,,,,,
2024,16765.0,City of Schulenburg - (TX),Municipal,Y,TX,ERCO,,,,,,1821,150,62,,2033,,,,,,,,,,,1821.0,150.0,62.0,0.0,2033.0,17645,7520,40642,,65807,,,,,,,,,,
2024,16778.0,City of Schuyler - (NE),Municipal,Y,NE,WACM,2250,417,134,,2801,,,,,,,,,,,,,,,,2250.0,417.0,134.0,0.0,2801.0,,,,,,,,,,,,,,,
2024,16780.0,Borough of Schuylkill Haven - (PA),Municipal,Y,PA,PJM,2679,344,13,,3036,,,,,,,,,,,,,,,,2679.0,344.0,13.0,0.0,3036.0,,,,,,,,,,,,,,,
2024,16788.0,Town of Scotland Neck - (NC),Municipal,Y,NC,CPLE,,7,,,7,,,,,,,,,,,,,,,,0.0,7.0,0.0,0.0,7.0,,,,,,,,,,,,,,,
2024,16805.0,SEMO Electric Cooperative,Cooperative,,MO,AECI,,,,,,10783,5473,10,,16266,,,,,,,,,,,10783.0,5473.0,10.0,0.0,16266.0,173149,87105,91488,,351742,,,,,,,,,,
2024,16829.0,City of Scottsboro - (AL),Municipal,,AL,TVA,0,0,0,0,0,7090,1639,8,0,8737,0,0,0,0,0,0,0,0,0,0,7090.0,1639.0,8.0,0.0,8737.0,99747,120941,96370,0,317058,7090,1639,8,0,8737,0,0,0,0,0
2024,16830.0,City of Scottsburg - (IN),Municipal,Y,IN,MISO,,,,,0,3174,662,32,,3868,,,,,,,,,,,3174.0,662.0,32.0,0.0,3868.0,33714,51774,2218,,87706,,,,,,,,,,
2024,16851.0,SE-MA-NO Electric Coop,Cooperative,Y,MO,AECI,6491,108,4,,6603,6491,108,4,,6603,,,,,,,,,,,12982.0,216.0,8.0,0.0,13206.0,91153,12524,10867,,114544,,,,,,,,,,
2024,16852.0,City of Seaford- (DE),Municipal,Y,DE,PJM,,,,,,3565,744,74,,4383,,,,,,,,,,,3565.0,744.0,74.0,0.0,4383.0,39984,18421,51849,,110254,,,,,,,,,,
2024,16853.0,Borough of St Clair - (PA),Municipal,Y,PA,PJM,,,,,,1772,72,,,1844,,,,,,,,,,,1772.0,72.0,0.0,0.0,1844.0,12,9,,,21,,,,,,,,,,
2024,16854.0,"Heartland Rural Elec Coop, Inc",Cooperative,Y,KS,SWPP,,,,,,9793,1595,5,,11393,,,,,,,,,,,9793.0,1595.0,5.0,0.0,11393.0,114346,38344,37292,,189982,,,,,,,,,,
2024,16864.0,Seaside Heights Municipal Utility,Municipal,Y,NJ,PJM,2585,540,,,3125,3,,,,3,,,,,,,,,,,2588.0,540.0,0.0,0.0,3128.0,3128,,,,3128,,,,,,,,,,
2024,16865.0,Sawnee Electric Membership Corporation,Cooperative,,GA,SOCO,0,0,0,0,0,181422,20433,107,0,201962,0,0,0,0,0,178,4,0,0,182,181600.0,20437.0,107.0,0.0,202144.0,2571618,974199,223443,0,3769260,181422,20433,107,0,201962,32962,6329,0,0,39291
2024,16868.0,City of Seattle - (WA),Municipal,,WA,SCL,,,,,,446569,59246,62,99,505976,,,,,,4189,7372,59,57,11677,450758.0,66618.0,121.0,156.0,517653.0,3291150,1956564,17435,28551,5293700,,185,25,2,212,,,,,
2024,16900.0,City of Seguin - (TX),Municipal,,TX,ERCO,,,,,0,8478,1477,15,,9970,,,,,,,,,,,8478.0,1477.0,15.0,0.0,9970.0,102375,111444,139646,,353465,,,,,,,,,,
2024,16914.0,Town of Selma - (NC),Municipal,Y,NC,CPLE,,8,,,8,2460,556,,,3016,,,,,,,,,,,2460.0,564.0,0.0,0.0,3024.0,28206,22789,,,50995,,,,,,,,,,
2024,16920.0,Sedgwick County El Coop Assn Inc,Cooperative,Y,KS,SWPP,,,,,,6827,1100,137,,8064,,,,,,,,,,,6827.0,1100.0,137.0,0.0,8064.0,100842,49535,3462,,153839,,,,,,,,,,
2024,16921.0,City of Seneca - (SC),Municipal,Y,SC,DUK,5951,1234,6,,7191,,,,,,,,,,,,,,,,5951.0,1234.0,6.0,0.0,7191.0,,,,,,,,,,,,,,,
2024,16922.0,City of Seneca - (KS),Municipal,Y,KS,SWPP,1012,225,66,,1303,,,,,,,,,,,,,,,,1012.0,225.0,66.0,0.0,1303.0,,,,,,,,,,,,,,,
2024,16930.0,Sequachee Valley Electric Coop,Cooperative,,TN,TVA,0,0,0,0,0,33206,6072,6,0,39284,0,0,0,0,0,0,0,0,0,0,33206.0,6072.0,6.0,0.0,39284.0,455551,270051,130459,0,856061,32583,6008,6,0,38597,0,0,0,0,0
2024,16932.0,City of Sergeant Bluff - (IA),Municipal,Y,IA,MISO,1960,191,,,2151,,,,,0,,,,,,,,,,,1960.0,191.0,0.0,0.0,2151.0,,,,,,,,,,,,,,,
2024,16949.0,Sevier County Electric System,Municipal,,TN,TVA,0,0,0,0,0,35626,27875,5,0,63506,0,0,0,0,0,0,0,0,0,0,35626.0,27875.0,5.0,0.0,63506.0,484327,1118298,55201,0,1657826,35626,27875,5,0,63506,0,0,0,0,0
2024,16951.0,Seville Board of Public Affairs,Municipal,Y,OH,PJM,1936,212,93,,2241,,,,,,,,,,,,,,,,1936.0,212.0,93.0,0.0,2241.0,,,,,,,,,,,,,,,
2024,16953.0,City of Seward - (NE),Municipal,Y,NE,SWPP,,,,,,3044,626,13,,3683,,,,,,,,,,,3044.0,626.0,13.0,0.0,3683.0,30582,36836,50475,,117893,,,,,,,,,,
2024,16955.0,City of Seward - (AK),Municipal,Y,AK,NA,2214,680,61,,2955,,,,,,,,,,,,,,,,2214.0,680.0,61.0,0.0,2955.0,,,,,,,,,,,,,,,
2024,16961.0,City of Seymour - (TX),Municipal,Y,TX,ERCO,,,,,,1311,354,26,,1691,,,,,,,,,,,1311.0,354.0,26.0,0.0,1691.0,1313,712,560,,2585,,,,,,,,,,
2024,16971.0,Shakopee Public Utilities Comm,Municipal,,MN,MISO,2,51,128,0,181,17792,777,95,0,18664,,,,,,723,600,361,,1684,18517.0,1428.0,584.0,0.0,20529.0,133377,7633,44535,0,185545,17792,777,95,,18664,,,,,
2024,17004.0,Town of Sharpsburg - (NC),Municipal,Y,NC,CPLE,715,30,,,745,,,,,,,,,,,,,,,,715.0,30.0,0.0,0.0,745.0,,,,,,,,,,,,,,,
2024,17011.0,Shawano Municipal Utilities,Municipal,,WI,MISO,4932,1007,165,,6104,,,,,,,,,,,,,,,,4932.0,1007.0,165.0,0.0,6104.0,,,,,,,,,,,,,,,
2024,17028.0,City of Sheboygan Falls - (WI),Municipal,Y,WI,MISO,4869,488,54,,5411,,,,,,,,,,,,,,,,4869.0,488.0,54.0,0.0,5411.0,,,,,,,,,,,,,,,
2024,17033.0,Sheffield Utilities,Municipal,,AL,TVA,3268,910,0,0,4178,12392,2328,8,0,14728,0,0,0,0,0,3,657,0,0,660,15663.0,3895.0,8.0,0.0,19566.0,175644,81878,319756,0,577278,12392,2328,0,0,14720,0,0,0,0,0
2024,17035.0,City of Shelbina - (MO),Municipal,Y,MO,AECI,773,225,1,,999,,,,,,,,,,,,,,,,773.0,225.0,1.0,0.0,999.0,,,,,,,,,,,,,,,
2024,17037.0,City of Shelby - (NC),Municipal,Y,NC,DUK,7300,2280,,,9580,,,,,,,,,,,,,,,,7300.0,2280.0,0.0,0.0,9580.0,,,,,,,,,,,,,,,
2024,17038.0,RushShelby Energy,Cooperative,,IN,MISO,2356,,,,2356,13545,269,13,,13827,,,,,,,,,,,15901.0,269.0,13.0,0.0,16183.0,152911,48626,185616,,387153,14761,267,13,,15041,,,,,
2024,17040.0,"Shelby Electric Coop, Inc - (IL)",Cooperative,,IL,MISO,10385,143,25,,10553,,,,,,,,,,,,1,16,,17,10385.0,144.0,41.0,0.0,10570.0,,,,,,9871,156,25,,10052,991,42,,,1033
2024,17043.0,City of Shelby - (OH),Municipal,Y,OH,PJM,5113,189,13,,5315,0,0,0,,0,,,,,,,,,,,5113.0,189.0,13.0,0.0,5315.0,0,0,0,,0,,,,,,,,,,
2024,17044.0,"Shelby Energy Coop, Inc - (KY)",Cooperative,,KY,PJM,,,,,,17437,627,12,,18076,,,,,,,,,,,17437.0,627.0,12.0,0.0,18076.0,247143,87359,136815,,471317,17437,627,12,,18076,,,,,
2024,17045.0,City of Sharon- (ND),Municipal,Y,ND,MISO,63,20,,,83,,,,,,,,,,,,,,,,63.0,20.0,0.0,0.0,83.0,,,,,,,,,,,,,,,
2024,17047.0,City of Shelbyville - (TN),Municipal,,TN,TVA,0,0,0,0,0,9877,1863,6,0,11746,0,0,0,0,0,0,0,0,0,0,9877.0,1863.0,6.0,0.0,11746.0,131389,133061,94363,0,358813,9877,1863,6,0,11746,0,0,0,0,0
2024,17066.0,Shenandoah Valley Elec Coop,Cooperative,,VA,PJM,23184,5032,43,0,28259,62020,10400,38,0,72458,,,,,,77,33,,,110,85281.0,15465.0,81.0,0.0,100827.0,868289,352843,318681,0,1539813,,,,,,,,,,
2024,17079.0,Village of Sherburne - (NY),Municipal,Y,NY,NYIS,1889,555,1,,2445,,,,,,,,,,,,,,,,1889.0,555.0,1.0,0.0,2445.0,,,,,,,,,,,,,,,
2024,17085.0,City of Sherrill - (NY),Municipal,Y,NY,NYIS,1492,,,,1492,,,,,,,,,,,,,,,,1492.0,0.0,0.0,0.0,1492.0,,,,,,,,,,,,,,,
2024,17101.0,City of Shiner - (TX),Municipal,Y,TX,ERCO,0,0,0,,0,1237,195,11,,1443,,,,,,,,,,,1237.0,195.0,11.0,0.0,1443.0,17050,7997,15884,,40931,,,,,,,,,,
2024,17127.0,Town of Shrewsbury - (MA),Municipal,,MA,ISNE,7187,398,2,,7587,8526,773,100,,9399,,,,,,,,,,,15713.0,1171.0,102.0,0.0,16986.0,74777,29561,94761,,199099,8526,773,,,9299,445,0,,,445
2024,17130.0,City of Shullsburg - (WI),Municipal,Y,WI,MISO,599,131,14,,744,,,,,,,,,,,,,,,,599.0,131.0,14.0,0.0,744.0,,,,,,,,,,,,,,,
2024,17141.0,City of Sibley - (IA),Municipal,Y,IA,MISO,1265,256,2,,1523,,,,,,,,,,,,,,,,1265.0,256.0,2.0,0.0,1523.0,,,,,,,,,,,,,,,
2024,17149.0,City of Sidney - (NE),Municipal,Y,NE,WACM,,,,,,3326,609,116,,4051,,,,,,,,,,,3326.0,609.0,116.0,0.0,4051.0,25929,9517,27533,,62979,,,,,,,,,,
2024,17166.0,Sierra Pacific Power Co,Investor Owned,,NV,NEVP,,,,,,345263,65419,1671,,412353,,,,,,1240,21,0,,1261,346503.0,65440.0,1671.0,0.0,413614.0,2716487,3467279,4721538,,10905304,239676,15298,,,254974,11482,385,,,11867
2024,17177.0,City of Sikeston - (MO),Municipal,,MO,SPA,,,,,0,7058,1669,22,,8749,,,,,,,,,,,7058.0,1669.0,22.0,0.0,8749.0,113575,122501,114137,,350213,,,,,,,,,,
2024,17184.0,City of Siloam Springs - (AR),Municipal,,AR,SWPP,35,273,180,,488,8555,681,63,,9299,,,,,,,,,,,8590.0,954.0,243.0,0.0,9787.0,88060,14860,81516,,184436,8555,,,,8555,,,,,
2024,17186.0,Village of Silver Springs - (NY),Municipal,Y,NY,NYIS,393,46,17,,456,,,,,,,,,,,,,,,,393.0,46.0,17.0,0.0,456.0,,,,,,,,,,,,,,,
2024,17252.0,Singing River Elec Cooperative,Cooperative,,AL,SOCO,,,,,,336,16,,,352,,,,,,,,,,,336.0,16.0,0.0,0.0,352.0,4898,640,,,5538,336,16,,,352,,,,,
2024,17252.0,Singing River Elec Cooperative,Cooperative,,MS,MISO,,,,,,72343,7903,15,,80261,,,,,,,,,,,72343.0,7903.0,15.0,0.0,80261.0,1046069,345789,78433,,1470291,72343,7903,15,,80261,,,,,
2024,17260.0,North West Rural Electric Coop,Cooperative,,IA,SWPP,0,0,0,0,0,9400,926,62,,10388,,,,,,,,,,,9400.0,926.0,62.0,0.0,10388.0,247896,503568,6420,,757884,,,,,,,,,,
2024,17261.0,Slope Electric Coop Inc,Cooperative,,ND,SWPP,,,,0,0,3204,590,304,0,4098,0,,,,0,,,,,,3204.0,590.0,304.0,0.0,4098.0,43295,19770,141610,0,204675,,,,,,,,,,
2024,17264.0,City of Sioux Center,Municipal,Y,IA,MISO,,,,,,2373,317,249,,2939,,,,,,,,,,,2373.0,317.0,249.0,0.0,2939.0,27534,5759,92430,,125723,,,,,,,,,,
2024,17265.0,City of Sioux Falls - (SD),Municipal,Y,SD,MISO,,,,,,1978,958,,,2936,,,,,,,,,,,1978.0,958.0,0.0,0.0,2936.0,9235,85508,,,94743,,,,,,,,,,
2024,17267.0,Sioux Valley SW Elec Coop,Cooperative,,MN,SWPP,,,,,,3370,405,122,,3897,,,,,,,,,,,3370.0,405.0,122.0,0.0,3897.0,80620,6518,48973,,136111,3370,405,122,,3897,,,,,
2024,17267.0,Sioux Valley SW Elec Coop,Cooperative,,SD,SWPP,,,,,,22213,2530,546,,25289,,,,,,,,,,,22213.0,2530.0,546.0,0.0,25289.0,330339,49192,408323,,787854,22213,2530,546,,25289,,,,,
2024,17279.0,PUD No 1 of Skamania Co,Political Subdivision,Y,WA,BPAT,,,,,0,5714,521,174,,6409,,,,,,,,,,,5714.0,521.0,174.0,0.0,6409.0,25332,2679,7800,,35811,,,,,,,,,,
2024,17280.0,Village of Skaneateles - (NY),Municipal,Y,NY,NYIS,2,,,,2,1294,254,16,,1564,,,,,,,,,,,1296.0,254.0,16.0,0.0,1566.0,13758,9147,5477,,28382,,,,,,,,,,
2024,17286.0,City of Skiatook - (OK),Municipal,Y,OK,SWPP,,,,,0,3667,535,73,,4275,,,,,,,,,,,3667.0,535.0,73.0,0.0,4275.0,42208,32425,5933,,80566,,,,,,,,,,
2024,17290.0,Slash Pine Elec Member Corp,Cooperative,Y,GA,SOCO,8557,817,13,,9387,,,,,,,,,,,,,,,,8557.0,817.0,13.0,0.0,9387.0,,,,,,,,,,,,,,,
2024,17312.0,City of Slater - (MO),Municipal,Y,MO,SWPP,865,152,6,,1023,,,,,,,,,,,,,,,,865.0,152.0,6.0,0.0,1023.0,,,,,,,,,,,,,,,
2024,17320.0,Sleepy Eye Public Utility Comm,Municipal,Y,MN,MISO,1615,332,43,,1990,,,,,,,,,,,,,,,,1615.0,332.0,43.0,0.0,1990.0,,,,,,,,,,,,,,,
2024,17324.0,Slinger Utilities,Municipal,,WI,MISO,1,0,0,0,1,2578,451,0,0,3029,,,,,,0,0,0,0,0,2579.0,451.0,0.0,0.0,3030.0,20765,21120,0,0,41885,2585,451,0,0,3036,,,,,
2024,17451.0,Town of Smithfield - (NC),Municipal,Y,NC,CPLE,,,,,,3986,1185,1,,5172,,,,,,,,,,,3986.0,1185.0,1.0,0.0,5172.0,44222,106433,1708,,152363,,,,,,,,,,
2024,17452.0,City of Smithville - (TN),Municipal,,TN,TVA,0,0,0,0,0,2408,640,3,0,3051,0,0,0,0,0,0,0,0,0,0,2408.0,640.0,3.0,0.0,3051.0,26250,44203,41750,0,112203,2408,640,2,0,3050,0,0,0,0,0
2024,17453.0,City of Smithville - (TX),Municipal,Y,TX,ERCO,,,,,,1978,352,,,2330,,,,,,,,,,,1978.0,352.0,0.0,0.0,2330.0,24998,14810,,,39808,,,,,,,,,,
2024,17457.0,Town of Smyrna - (DE),Municipal,Y,DE,PJM,141,,,,141,5588,588,161,,6337,,,,,,,,,,,5729.0,588.0,161.0,0.0,6478.0,54298,6113,49694,,110105,,,,,,,,,,
2024,17470.0,PUD No 1 of Snohomish County,Political Subdivision,,WA,BPAT,3533,249,77,0,3859,49631,6718,0,0,56349,0,0,0,0,0,293368,28486,0,0,321854,346532.0,35453.0,77.0,0.0,382062.0,563312,460788,,,1024100,346532,35453,77,0,382062,,,,,0
2024,17492.0,"Socorro Electric Coop, Inc",Cooperative,Y,NM,PNM,,,,,,10406,2719,60,,13185,,,,,,,,,,,10406.0,2719.0,60.0,0.0,13185.0,74250,73232,34702,,182184,,,,,,,,,,
2024,17493.0,City of Soda Springs - (ID),Municipal,Y,ID,PACE,1564,328,2,,1894,,,,,0,,,,,,,,,,,1564.0,328.0,2.0,0.0,1894.0,,,,,,,,,,,,,,,
2024,17512.0,Village of Solvay - (NY),Municipal,,NY,NYIS,4680,476,26,,5182,,,,,,,,,,,,,,,,4680.0,476.0,26.0,0.0,5182.0,,,,,,,,,,,,,,,
2024,17534.0,"South Alabama Elec Coop, Inc",Cooperative,,AL,SOCO,,,,,,16801,901,5,,17707,,,,,,,,,,,16801.0,901.0,5.0,0.0,17707.0,205849,49152,153956,,408957,16801,901,5,,17707,,,,,
2024,17539.0,"Dominion Energy South Carolina, Inc",Investor Owned,,SC,SCEG,4328,3837,274,,8439,697037,105812,504,,803353,,,,,,619,6,,,625,701984.0,109655.0,778.0,0.0,812417.0,8267271,5359757,204751,,13831779,696385,105812,504,,802701,,,,,
2024,17540.0,"South Central Ark El Coop, Inc",Cooperative,,AR,MISO,9410,1247,18,,10675,,,,,,,,,,,,,,,,9410.0,1247.0,18.0,0.0,10675.0,,,,,,,,,,,,,,,
2024,17543.0,South Carolina Public Service Authority,State,,SC,SC,0,0,0,0,0,186407,29957,52,0,216416,186407,29957,0,0,216364,95,0,0,0,95,186502.0,29957.0,52.0,0.0,216511.0,2088057,1931509,5994535,0,10014101,92145,10238,27,0,102410,1427,0,19,0,1446
2024,17548.0,South Central Public Pwr Dist,Political Subdivision,,NE,SWPP,0,0,0,0,0,3777,1361,3430,0,8568,0,0,0,0,0,0,0,0,0,0,3777.0,1361.0,3430.0,0.0,8568.0,61945,225222,77683,0,364850,3777,1361,3430,0,8568,0,11,1149,0,1160
2024,17550.0,South Central Electric Assn,Cooperative,,MN,MISO,0,0,0,,0,4665,1266,13,,5944,,,,,,,,,,,4665.0,1266.0,13.0,0.0,5944.0,74853,52156,100573,,227582,4665,1266,13,,5944,,,,,
2024,17560.0,Town of South Hadley - (MA),Municipal,Y,MA,ISNE,1,0,0,,1,7144,837,9,,7990,,,,,,,,,,,7145.0,837.0,9.0,0.0,7991.0,48074,15784,26384,,90242,,,,,,,,,,
2024,17561.0,South Plains Electric Coop Inc,Cooperative,,TX,ERCO,5472,2224,465,,8161,,,,,,,,,,,,,,,,5472.0,2224.0,465.0,0.0,8161.0,,,,,,,,,,,,,,,
2024,17561.0,South Plains Electric Coop Inc,Cooperative,,TX,SWPP,50701,9082,7457,,67240,,,,,,,,,,,,,,,,50701.0,9082.0,7457.0,0.0,67240.0,,,,,,,,,,,,,,,
2024,17564.0,South Kentucky Rural E C C,Cooperative,,KY,PJM,,,,,,64877,6029,477,0,71383,,,,,,,,,,,64877.0,6029.0,477.0,0.0,71383.0,783246,94108,359034,0,1236388,64877,6029,477,0,71383,,,,,
2024,17564.0,South Kentucky Rural E C C,Cooperative,,TN,PJM,,,,,,152,31,2,0,185,,,,,,,,,,,152.0,31.0,2.0,0.0,185.0,1402,671,383,0,2456,152,31,2,,185,,,,,
2024,17565.0,South Louisiana Elec Coop Assn,Cooperative,,LA,MISO,,,,,,,,,,,,,,,,16997,4305,11,,21313,16997.0,4305.0,11.0,0.0,21313.0,,,,,,,,,,,,,,,
2024,17569.0,City of South Norwalk - (CT),Municipal,Y,CT,ISNE,,,,,,6109,1208,9,,7326,,,,,,,,,,,6109.0,1208.0,9.0,0.0,7326.0,41323,47343,843,,89509,,,,,,,,,,
2024,17572.0,South River Elec Member Corp,Cooperative,,NC,CPLE,,,,,,45730,2625,2,,48357,,,,,,,,,,,45730.0,2625.0,2.0,0.0,48357.0,689832,146124,10794,,846750,,,,,,,,,,
2024,17577.0,City of South Sioux City,Municipal,,NE,SWPP,5217,1006,,,6223,,,,,,,,,,,,,,,,5217.0,1006.0,0.0,0.0,6223.0,,,,,,,,,,,,,,,
2024,17585.0,"Southeastern IL Elec Coop, Inc",Cooperative,,IL,MISO,22696,2482,28,,25206,,,,,,,,,,,,,,,,22696.0,2482.0,28.0,0.0,25206.0,,,,,,,,,,,,,,,
2024,17592.0,Southeast Colorado Power Assn,Cooperative,,CO,WACM,,,,,,8148,2765,11,,10924,,,,,,,,,,,8148.0,2765.0,11.0,0.0,10924.0,71970,136010,40269,,248249,,,,,,,,,,
2024,17593.0,"Southeast Electric Coop, Inc",Cooperative,Y,MT,WAUW,0,0,0,,0,2144,49,5,,2198,,,,,,,,,,,2144.0,49.0,5.0,0.0,2198.0,19201,3195,49776,,72172,,,,,,,,,,
2024,17593.0,"Southeast Electric Coop, Inc",Cooperative,Y,SD,SWPP,0,0,0,,0,23,0,0,,23,,,,,,,,,,,23.0,0.0,0.0,0.0,23.0,180,0,0,,180,,,,,,,,,,
2024,17593.0,"Southeast Electric Coop, Inc",Cooperative,Y,WY,WAUW,0,0,0,,0,12,2,0,,14,,,,,,,,,,,12.0,2.0,0.0,0.0,14.0,156,148,0,,304,,,,,,,,,,
2024,17599.0,Southeastern Indiana R E M C,Cooperative,,IN,MISO,26172,2343,10,,28525,,,,,,,,,,,,,,,,26172.0,2343.0,10.0,0.0,28525.0,,,,,,26172,2343,10,,28525,0,,,,0
2024,17603.0,Southeastern Electric Coop Inc - (OK),Cooperative,,OK,SWPP,,,,,,15583,1625,10,,17218,,,,,,,,,,,15583.0,1625.0,10.0,0.0,17218.0,224018,40944,189454,,454416,,,,,,,,,,
2024,17609.0,Southern California Edison Co,Investor Owned,,CA,CISO,1856,21740,3366,,26962,4801923,686739,26596,,5515258,6033,144,,,6177,16511,123,1,,16635,4820290.0,708602.0,29963.0,0.0,5558855.0,26930200,21173280,1091294,,49194774,3450115,232136,,,3682251,231489,7193,,,238682
2024,17612.0,Bear Valley Electric Service,Investor Owned,,CA,CISO,23327,1485,7,,24819,,,,,0,,,,,,,,,,,23327.0,1485.0,7.0,0.0,24819.0,,,,,0,,,,,,,,,,
2024,17631.0,Southern Illinois Elec Coop,Cooperative,Y,IL,MISO,,,,,,10686,547,2,,11235,,,,,,,,,,,10686.0,547.0,2.0,0.0,11235.0,144048,21093,9021,,174162,,,,,,,,,,
2024,17633.0,Southern Indiana Gas & Elec Co,Investor Owned,,IN,MISO,,,,,,140114,20356,113,,160583,,,,,,,,,,,140114.0,20356.0,113.0,0.0,160583.0,1423243,1161784,2233775,,4818802,,,,,,,,,,
2024,17637.0,Southern Maryland Elec Coop Inc,Cooperative,,MD,PJM,190,,,,190,161171,16141,,,177312,,,,,,139,29,,,168,161500.0,16170.0,0.0,0.0,177670.0,2199630,1234915,,,3434545,160553,16244,,,176797,7159,0,,,7159
2024,17642.0,Southern Public Power District,Political Subdivision,,NE,SWPP,0,0,0,0,0,15215,2852,9968,0,28035,0,0,0,0,0,0,0,0,0,0,15215.0,2852.0,9968.0,0.0,28035.0,236324,365095,770360,0,1371779,15215,2852,9968,0,28035,0,0,5955,0,5955
2024,17643.0,"Southern Iowa Elec Coop, Inc",Cooperative,Y,IA,AECI,,,,,0,4644,157,2,,4803,,,,,,,,,,,4644.0,157.0,2.0,0.0,4803.0,57616,9261,5550,,72427,,,,,,,,,,
2024,17646.0,"Southern Pine Elec Coop, Inc",Cooperative,,AL,SOCO,,,,,,20645,1994,28,,22667,,,,,,,,,,,20645.0,1994.0,28.0,0.0,22667.0,262751,174027,40405,,477183,20645,1994,28,,22667,,,,,
2024,17647.0,Southern Pine Electric Cooperative,Cooperative,,MS,MISO,,,,,,65176,5549,46,,70771,,,,,,,,,,,65176.0,5549.0,46.0,0.0,70771.0,911422,327403,639465,,1878290,,,,,,,,,,
2024,17668.0,City of Southport - (NC),Municipal,Y,NC,CPLE,,,,,,2962,570,0,,3532,,,,,,,,,,,2962.0,570.0,0.0,0.0,3532.0,33760,25408,0,,59168,,,,,,,,,,
2024,17671.0,Southwest Arkansas E C C,Cooperative,,AR,MISO,0,0,0,0,0,24879,3009,0,0,27888,0,0,0,0,0,0,3,4,0,7,24879.0,3012.0,4.0,0.0,27895.0,364269,139638,0,0,503907,24879,3009,4,0,27892,0,0,0,0,0
2024,17671.0,Southwest Arkansas E C C,Cooperative,,OK,MISO,0,0,0,0,0,220,17,0,0,237,0,0,0,0,0,0,0,0,0,0,220.0,17.0,0.0,0.0,237.0,2512,543,0,,3055,220,17,0,0,237,0,0,0,0,0
2024,17671.0,Southwest Arkansas E C C,Cooperative,,TX,MISO,0,0,0,0,0,1087,79,0,0,1166,0,0,0,0,0,0,0,0,0,0,1087.0,79.0,0.0,0.0,1166.0,20422,1252,0,0,21674,1087,79,0,0,1166,0,0,0,0,0
2024,17681.0,Southwest Rural Elec Assn Inc,Cooperative,Y,OK,SWPP,,,,,,3530,882,14,,4426,,,,,,,,,,,3530.0,882.0,14.0,0.0,4426.0,42282,19972,32420,,94674,,,,,,,,,,
2024,17681.0,Southwest Rural Elec Assn Inc,Cooperative,Y,TX,SWPP,,,,,,2346,1006,25,,3377,,,,,,,,,,,2346.0,1006.0,25.0,0.0,3377.0,27716,36001,15666,,79383,,,,,,,,,,
2024,17683.0,Southwest Mississippi E P A,Cooperative,,MS,MISO,,,,,,23153,2247,16,,25416,,,,,,,,,,,23153.0,2247.0,16.0,0.0,25416.0,270673,81407,110243,,462323,23153,2247,16,,25416,,,,,
2024,17684.0,Southwest Louisiana E M C,Cooperative,,LA,MISO,69,7,0,,76,108299,8955,26,,117280,,,,,,5,6,1,,12,108373.0,8968.0,27.0,0.0,117368.0,1689464,429840,250848,,2370152,,,,,,,,,,
2024,17692.0,Southwest Public Power Dist,Political Subdivision,,NE,SWPP,,,,,,2186,2694,1439,,6319,,,,,,,,,,,2186.0,2694.0,1439.0,0.0,6319.0,34326,50854,135157,,220337,,,,,,,,,,
2024,17693.0,"Southwest Texas Elec Coop, Inc",Cooperative,,TX,ERCO,5886,3074,442,,9402,,,,,,,,,,,,502,,,502,5886.0,3576.0,442.0,0.0,9904.0,,,,,,,,,,,,,,,
2024,17694.0,Southwest Tennessee E M C,Cooperative,,TN,TVA,0,0,0,0,0,43750,8602,1,0,52353,0,0,0,0,0,0,0,0,0,0,43750.0,8602.0,1.0,0.0,52353.0,677417,238284,17304,0,933005,43750,8416,0,0,52166,0,0,0,0,0
2024,17697.0,Southwestern Electric Coop Inc - (IL),Cooperative,,IL,MISO,,,,,0,24822,445,17,,25284,,,,,,,,,,,24822.0,445.0,17.0,0.0,25284.0,331266,81391,67331,,479988,24822,445,17,,25284,,,,,
2024,17698.0,Southwestern Electric Power Co,Investor Owned,,AR,SWPP,107666,13638,378,,121682,1068,714,1,,1783,,,,,,295,4871,242,,5408,109029.0,19223.0,621.0,0.0,128873.0,176153,26148,115,,202416,1063,673,1,,1737,,,,,
2024,17698.0,Southwestern Electric Power Co,Investor Owned,,LA,SWPP,58247,6136,514,,64897,128187,12970,413,,141570,,,,,,21224,7684,1076,,29984,207658.0,26790.0,2003.0,0.0,236451.0,1316260,477980,729832,,2524072,127871,12244,393,,140508,,,,,
2024,17698.0,Southwestern Electric Power Co,Investor Owned,,TX,SWPP,99,5,2,,106,157133,32514,4142,,193789,,,,,,10,4,34,,48,157242.0,32523.0,4178.0,0.0,193943.0,1971440,1772984,2188751,,5933175,146960,31326,3995,,182281,,,,,
2024,17715.0,Southwestern Electric Coop Inc - (NM),Cooperative,,NM,PNM,1400,265,236,,1901,,,,,,,,,,,34,60,145,,239,1434.0,325.0,381.0,0.0,2140.0,,,,,,,,,,,,,,,
2024,17715.0,Southwestern Electric Coop Inc - (NM),Cooperative,,OK,PNM,,,2,,2,,,,,,,,,,,,,5,,5,0.0,0.0,7.0,0.0,7.0,,,,,,,,,,,,,,,
2024,17715.0,Southwestern Electric Coop Inc - (NM),Cooperative,,TX,PNM,10,,3,,13,,,,,0,,,,,,,,5,,5,10.0,0.0,8.0,0.0,18.0,,,,,,,,,,,,,,,
2024,17718.0,Southwestern Public Service Co,Investor Owned,,NM,SWPP,7618,169,3,,7790,14198,2152,15,,16365,,,,,,77752,20328,2785,,100865,99568.0,22649.0,2803.0,0.0,125020.0,20899,1078,3003,,24980,,,,,,,,,,
2024,17718.0,Southwestern Public Service Co,Investor Owned,,TX,SWPP,1228,1475,6,,2709,152613,23570,508,,176691,,,,,,67645,29856,2982,,100483,221486.0,54901.0,3496.0,0.0,279883.0,1209271,187794,428531,,1825596,,,,,,7911,234,,,8145
2024,17732.0,Spanish Fork City Corporation,Municipal,,UT,PACE,0,0,0,0,0,13988,2143,11,0,16142,0,0,0,0,0,0,0,0,0,0,13988.0,2143.0,11.0,0.0,16142.0,133336,117231,57312,0,307879,0,0,0,0,0,0,0,0,0,0
2024,17740.0,City of Sparta,Municipal,,TN,TVA,0,0,0,0,0,2258,830,4,0,3092,0,0,0,0,0,0,0,0,0,0,2258.0,830.0,4.0,0.0,3092.0,25681,47364,50022,0,123067,2258,830,4,0,3092,0,0,0,0,0
2024,17783.0,City of Spencer - (IA),Municipal,Y,IA,MISO,,,,,,5283,1016,3,,6302,,,,,,,,,,,5283.0,1016.0,3.0,0.0,6302.0,60229,85033,6018,,151280,,,,,,,,,,
2024,17789.0,Village of Spencerport - (NY),Municipal,Y,NY,NYIS,2555,306,79,,2940,,,,,,,,,,,,,,,,2555.0,306.0,79.0,0.0,2940.0,,,,,,,,,,,,,,,
2024,17790.0,Town of Spiceland - (IN),Municipal,Y,IN,PJM,505,91,7,,603,,,,,,,,,,,,,,,,505.0,91.0,7.0,0.0,603.0,,,,,,,,,,,,,,,
2024,17811.0,City of Spooner - (WI),Municipal,Y,WI,MISO,1500,368,,,1868,,,,,,,,,,,,,,,,1500.0,368.0,0.0,0.0,1868.0,,,,,,,,,,,,,,,
2024,17824.0,Spring Valley Pub Utils Comm,Municipal,Y,MN,MISO,1167,192,,,1359,,,,,,,,,,,,,,,,1167.0,192.0,0.0,0.0,1359.0,,,,,,,,,,,,,,,
2024,17826.0,"Springer Electric Coop, Inc",Cooperative,,NM,PNM,,,,,,2437,533,,,2970,,,,,,16,93,5,,114,2453.0,626.0,5.0,0.0,3084.0,15010,20800,,,35810,,,,,,,,,,
2024,17827.0,Town of Springer - (NM),Municipal,Y,NM,PNM,619,98,,,717,,,,,,,,,,,,,,,,619.0,98.0,0.0,0.0,717.0,,,,,,,,,,,,,,,
2024,17828.0,City of Springfield - (IL),Municipal,,IL,MISO,63104,7007,,,70111,,,,,,,,,,,7,3,,,10,63111.0,7010.0,0.0,0.0,70121.0,,,,,,,,,,,,,,,
2024,17829.0,City of Springfield - (TN),Municipal,,TN,TVA,0,0,0,0,0,7675,1463,6,0,9144,0,0,0,0,0,0,0,0,0,0,7675.0,1463.0,6.0,0.0,9144.0,98887,118479,70841,0,288207,0,0,0,0,0,0,0,0,0,0
2024,17832.0,Snapping Shoals El Member Corp,Cooperative,,GA,SOCO,,,,,,105253,4440,49,,109742,,,,,,,,,,,105253.0,4440.0,49.0,0.0,109742.0,1625833,273019,219312,,2118164,105253,4440,49,,109742,,,,,
2024,17833.0,City Utilities of Springfield - (MO),Municipal,,MO,SWPP,48,0,0,0,48,107215,16379,233,0,123827,,,,,,90,0,0,0,90,107353.0,16379.0,233.0,0.0,123965.0,1041289,1573861,447202,0,3062352,104779,16160,233,0,121172,0,0,0,0,0
2024,17834.0,City of Springfield - (CO),Municipal,Y,CO,WACM,752,192,0,,944,,,,,,,,,,,,,,,,752.0,192.0,0.0,0.0,944.0,,,,,,,,,,,,,,,
2024,17838.0,"Spoon River Electric Coop, Inc",Cooperative,Y,IL,MISO,4594,299,,,4893,,,,,,,,,,,,,,,,4594.0,299.0,0.0,0.0,4893.0,,,,,,,,,,,,,,,
2024,17839.0,City of Springfield - (OR),Municipal,,OR,BPAT,13852,673,18,,14543,,,,,,,,,,,16155,2728,127,,19010,30007.0,3401.0,145.0,0.0,33553.0,,,,,,,,,,,,,,,
2024,17844.0,Spring City Corporation,Municipal,Y,UT,PACE,615,21,2,,638,,,,,,,,,,,,,,,,615.0,21.0,2.0,0.0,638.0,,,,,,,,,,,,,,,
2024,17845.0,City of Springville - (UT),Municipal,,UT,PACE,4485,435,0,,4920,7420,1137,1,,8558,,,,,,0,3,1,,4,11905.0,1575.0,2.0,0.0,13482.0,67827,92660,76885,,237372,,,,,,,,,,
2024,17846.0,Village of Springville - (NY),Municipal,Y,NY,NYIS,2170,368,20,,2558,,,,,,,,,,,,,,,,2170.0,368.0,20.0,0.0,2558.0,,,,,,,,,,,,,,,
2024,17860.0,City of St Charles - (IL),Municipal,,IL,PJM,0,0,0,0,0,0,0,0,0,0,0,0,0,0,0,14181,2239,41,,16461,14181.0,2239.0,41.0,0.0,16461.0,0,0,0,0,0,0,0,0,0,0,0,0,0,0,0
2024,17862.0,City of St Charles - (MN),Municipal,Y,MN,MISO,1698,201,19,,1918,0,0,0,,0,,,,,,,,,,,1698.0,201.0,19.0,0.0,1918.0,0,0,0,,0,,,,,,,,,,
2024,17865.0,City of St Clairsville - (OH),Municipal,Y,OH,PJM,,,,,0,2605,421,,,3026,,,,,,,,,,,2605.0,421.0,0.0,0.0,3026.0,25483,19225,,,44708,,,,,,,,,,
2024,17868.0,St Croix Electric Coop,Cooperative,Y,WI,MISO,,,,,0,12888,841,17,,13746,,,,,,,,,,,12888.0,841.0,17.0,0.0,13746.0,147020,39074,12863,,198957,,,,,,,,,,
2024,17872.0,City of St Francis - (KS),Municipal,Y,KS,SWPP,738,274,0,,1012,0,0,0,,0,,,,,,,,,,,738.0,274.0,0.0,0.0,1012.0,0,0,0,,0,,,,,,,,,,
2024,17874.0,City of St George,Municipal,,UT,PACE,28436,5097,0,0,33533,,,,,,,,,,,,,,,,28436.0,5097.0,0.0,0.0,33533.0,,,,,,,,,,,,,,,
2024,17876.0,City of St James - (MN),Municipal,Y,MN,MISO,1862,341,1,,2204,,,,,,,,,,,,,,,,1862.0,341.0,1.0,0.0,2204.0,,,,,,,,,,,,,,,
2024,17877.0,City of St James - (MO),Municipal,Y,MO,MISO,,,,,,1857,296,10,,2163,,,,,,,,,,,1857.0,296.0,10.0,0.0,2163.0,21824,25934,3735,,51493,,,,,,,,,,
2024,17879.0,City of St. John - (KS),Municipal,Y,KS,SWPP,,,,,0,645,159,,,804,,,,,,,,,,,645.0,159.0,0.0,0.0,804.0,5332,4340,,,9672,,,,,,,,,,
2024,17886.0,City of St Louis - (MI),Municipal,Y,MI,MISO,1709,163,3,,1875,,,,,0,,,,,,,,,,,1709.0,163.0,3.0,0.0,1875.0,,,,,0,,,,,,,,,,
2024,17889.0,City of St Martinville - (LA),Municipal,Y,LA,MISO,2090,,,,2090,658,,,,658,,,,,,,,,,,2748.0,0.0,0.0,0.0,2748.0,5564,,,,5564,,,,,,,,,,
2024,17891.0,City of St Marys - (OH),Municipal,Y,OH,PJM,,,,,,3755,465,2,,4222,,,,,,,,,,,3755.0,465.0,2.0,0.0,4222.0,37003,28112,107014,,172129,,,,,,,,,,
2024,17896.0,City of Shasta Lake - (CA),Municipal,,CA,BANC,,,,,,4268,315,14,,4597,,,,,,,,,,,4268.0,315.0,14.0,0.0,4597.0,42533,11756,140150,,194439,,,,,,,,,,
2024,17899.0,City of St Paul - (NE),Municipal,Y,NE,SWPP,952,274,25,,1251,,,,,,,,,,,,,,,,952.0,274.0,25.0,0.0,1251.0,,,,,,,,,,,,,,,
2024,17900.0,City of Saint Peter,Municipal,Y,MN,MISO,0,0,,,0,2787,340,1,,3128,,,,,,,,,,,2787.0,340.0,1.0,0.0,3128.0,25622,34879,4757,,65258,,,,,,,,,,
2024,17979.0,Stanton County Public Pwr Dist,Political Subdivision,Y,NE,SWPP,0,0,0,,0,1810,345,600,,2755,,,,,,,,,,,1810.0,345.0,600.0,0.0,2755.0,28055,155485,101237,,284777,,,,,,,,,,
2024,17981.0,Town of Stantonsburg - (NC),Municipal,Y,NC,CPLE,1129,120,6,,1255,,,,,,,,,,,,,,,,1129.0,120.0,6.0,0.0,1255.0,,,,,,,,,,,,,,,
2024,18006.0,City of Starkville,Municipal,,MS,TVA,0,0,0,0,0,12632,1761,2,0,14395,0,0,0,0,0,0,0,0,0,0,12632.0,1761.0,2.0,0.0,14395.0,130418,279606,25901,0,435925,12632,1761,2,0,14395,0,0,0,0,0
2024,18014.0,City of State Center - (IA),Municipal,Y,IA,MISO,808,204,8,,1020,,,,,,,,,,,,,,,,808.0,204.0,8.0,0.0,1020.0,,,,,,,,,,,,,,,
2024,18019.0,Stearns Cooperative Elec Assn,Cooperative,,MN,MISO,,,,,,33273,1917,626,,35816,,,,,,,3,,,3,33273.0,1920.0,626.0,0.0,35819.0,377520,95841,50919,,524280,26138,1800,617,,28555,12397,197,611,,13205
2024,18022.0,City of Statesville - (NC),Municipal,,NC,DUK,0,0,0,,0,12114,2626,48,,14788,0,0,0,,0,6,1,10,,17,12120.0,2627.0,58.0,0.0,14805.0,129240,185334,37092,,351666,12114,2626,48,,14788,0,0,0,,0
2024,18047.0,Steele-Waseca Cooperative Electric,Cooperative,,MN,MISO,,,,,,10725,1213,47,,11985,,,,,,,61,,,61,10725.0,1274.0,47.0,0.0,12046.0,120886,67619,160761,,349266,,,,,,3128,,,,3128
2024,18074.0,City of Stephenson - (MI),Municipal,Y,MI,MISO,404,107,1,,512,,,,,,,,,,,,,,,,404.0,107.0,1.0,0.0,512.0,,,,,,,,,,,,,,,
2024,18085.0,South Central Power Company,Cooperative,,OH,PJM,,,,,,117445,10093,289,,127827,,,,,,24,,,,24,117469.0,10093.0,289.0,0.0,127851.0,1513785,374616,793864,,2682265,117445,10093,289,,127827,,,,,
2024,18087.0,Town of Sterling - (MA),Municipal,Y,MA,ISNE,0,0,0,,0,3661,437,11,,4109,,,,,,,,,,,3661.0,437.0,11.0,0.0,4109.0,34921,7230,26418,,68569,,,,,,,,,,
2024,18100.0,Steuben County Rural E M C,Cooperative,Y,IN,MISO,,,,,,9195,578,9,,9782,,,,,,,,,,,9195.0,578.0,9.0,0.0,9782.0,91923,29634,94211,,215768,,,,,,,,,,
2024,18102.0,"Steuben Rural Elec Coop, Inc",Cooperative,Y,NY,NYIS,,,,,0,6209,245,,,6454,,,,,,,,,,,6209.0,245.0,0.0,0.0,6454.0,66695,21288,,,87983,,,,,,,,,,
2024,18125.0,Stillwater Utilities Authority,Municipal,,OK,SWPP,,,,,,17392,2510,5,,19907,,,,,,2248,36,0,,2284,19640.0,2546.0,5.0,0.0,22191.0,112735,157238,38502,,308475,17392,2510,5,,19907,,,,,
2024,18126.0,City of Stilwell - (OK),Municipal,Y,OK,SWPP,0,0,0,,0,1540,145,45,,1730,,,,,,,,,,,1540.0,145.0,45.0,0.0,1730.0,1556,3016,4145,,8717,,,,,,,,,,
2024,18137.0,City of Stockton - (KS),Municipal,Y,KS,SWPP,694,229,11,,934,,,,,,,,,,,,,,,,694.0,229.0,11.0,0.0,934.0,,,,,,,,,,,,,,,
2024,18177.0,City of Story City - (IA),Municipal,Y,IA,MISO,1712,189,0,,1901,,,,,,,,,,,,,,,,1712.0,189.0,0.0,0.0,1901.0,,,,,,,,,,,,,,,
2024,18181.0,City of Stoughton - (WI),Municipal,,WI,MISO,8051,963,0,0,9014,212,87,3,0,302,,,,,,0,9,0,0,9,8263.0,1059.0,3.0,0.0,9325.0,1141,21047,18709,0,40897,207,86,3,0,296,,,,,
2024,18199.0,"Swisher Electric Coop, Inc",Cooperative,Y,TX,SWPP,,,,,,3387,456,4055,,7898,,,,,,,,,,,3387.0,456.0,4055.0,0.0,7898.0,24235,25684,112535,,162454,,,,,,,,,,
2024,18203.0,Tallapoosa River Elec Coop Inc,Cooperative,,AL,SOCO,,,,,,29573,957,12,0,30542,,,,,,,,,,,29573.0,957.0,12.0,0.0,30542.0,410431,52727,141563,0,604721,,,,,,,,,,
2024,18204.0,City of Strawberry Point,Municipal,Y,IA,MISO,589,120,6,,715,,,,,,,,,,,,,,,,589.0,120.0,6.0,0.0,715.0,,,,,,,,,,,,,,,
2024,18206.0,Strawberry Electric Serv Dist,Political Subdivision,,UT,PACE,3608,447,52,0,4107,,,,,,,,,,,2,,,,2,3610.0,447.0,52.0,0.0,4109.0,,,,,,,,,,,,,,,
2024,18217.0,City of Stromsburg - (NE),Municipal,Y,NE,SWPP,371,571,72,,1014,,,,,,,,,,,,,,,,371.0,571.0,72.0,0.0,1014.0,,,,,,,,,,,,,,,
2024,18224.0,City of Stroud - (OK),Municipal,Y,OK,SWPP,1191,316,1,,1508,0,0,0,,0,,,,,,,,,,,1191.0,316.0,1.0,0.0,1508.0,0,0,0,,0,,,,,,,,,,
2024,18230.0,City of Stuart - (NE),Municipal,Y,NE,SWPP,330,111,0,,441,,,,,,,,,,,,,,,,330.0,111.0,0.0,0.0,441.0,,,,,,,,,,,,,,,
2024,18231.0,City of Stuart - (IA),Municipal,Y,IA,MISO,797,185,,,982,,,,,,,,,,,,,,,,797.0,185.0,0.0,0.0,982.0,,,,,,,,,,,,,,,
2024,18249.0,City of Sturgeon Bay - (WI),Municipal,,WI,MISO,0,0,0,0,0,7691,1893,3,0,9587,,,,,,2,0,0,0,2,7693.0,1893.0,3.0,0.0,9589.0,53539,80558,13093,0,147190,7786,1841,1,0,9628,,,,,
2024,18250.0,Town of Straughn - (IN),Municipal,Y,IN,MISO,,,,,,133,19,1,,153,,,,,,,,,,,133.0,19.0,1.0,0.0,153.0,945,107,4,,1056,,,,,,,,,,
2024,18252.0,City of Sturgis - (MI),Municipal,,MI,PJM,0,0,0,0,0,6117,992,64,0,7173,0,0,0,0,0,0,0,0,0,0,6117.0,992.0,64.0,0.0,7173.0,47785,37596,119701,0,205082,6117,992,64,0,7173,0,0,0,0,0
2024,18260.0,Surprise Valley Electrification,Cooperative,,CA,PACW,2785,994,948,,4727,,,,,,,,,,,,,,,,2785.0,994.0,948.0,0.0,4727.0,,,,,,,,,,,,,,,
2024,18260.0,Surprise Valley Electrification,Cooperative,,NV,PACW,6,7,4,,17,,,,,,,,,,,,,,,,6.0,7.0,4.0,0.0,17.0,,,,,,,,,,,,,,,
2024,18260.0,Surprise Valley Electrification,Cooperative,,OR,PACW,1211,472,285,,1968,,,,,,,,,,,,,,,,1211.0,472.0,285.0,0.0,1968.0,,,,,,,,,,,,,,,
2024,18273.0,City of Sullivan - (MO),Municipal,Y,MO,AECI,3318,619,119,,4056,,,,,,,,,,,,,,,,3318.0,619.0,119.0,0.0,4056.0,,,,,,,,,,,,,,,
2024,18277.0,City of Sullivan - (IL),Municipal,Y,IL,MISO,0,0,0,,0,2566,505,2,,3073,,,,,,,,,,,2566.0,505.0,2.0,0.0,3073.0,19741,18472,19395,,57608,,,,,,,,,,
2024,18280.0,Sulphur Springs Valley E C Inc,Cooperative,,AZ,WALC,,,,,,46008,8388,6,,54402,,,,,,,,,,,46008.0,8388.0,6.0,0.0,54402.0,409660,477743,47879,,935282,,,,,,,,,,
2024,18282.0,City of Sumas - (WA),Municipal,Y,WA,PSEI,697,136,29,,862,,,,,,,,,,,,,,,,697.0,136.0,29.0,0.0,862.0,,,,,,,,,,,,,,,
2024,18284.0,Borough of Summerhill - (PA),Municipal,Y,PA,PJM,261,32,,,293,,,,,,,,,,,,,,,,261.0,32.0,0.0,0.0,293.0,,,,,,,,,,,,,,,
2024,18304.0,"Sumter Electric Coop, Inc",Cooperative,,FL,SEC,18725,427,213,,19365,163730,16206,1136,,181072,53451,6288,1136,,60875,46400,5459,71,,51930,228855.0,22092.0,1420.0,0.0,252367.0,2008984,223013,826274,,3058271,110060,12948,1420,,124428,,,,,
2024,18305.0,Sumter Electric Member Corp,Cooperative,,GA,SOCO,,,,,,15049,6255,10,,21314,,,,,,,,,,,15049.0,6255.0,10.0,0.0,21314.0,233692,108896,31350,,373938,15049,6255,10,,21314,,,,,
2024,18312.0,Sun Prairie Utilities,Municipal,,WI,MISO,12,1,0,0,13,16635,1843,5,0,18483,,,,,,0,0,0,0,0,16647.0,1844.0,5.0,0.0,18496.0,117532,141336,31300,0,290168,16635,1791,5,0,18431,,,,,
2024,18316.0,"Sumner-Cowley Elec Coop, Inc",Cooperative,Y,KS,SWPP,,,,,,3336,1203,8,,4547,,,,,,,,,,,3336.0,1203.0,8.0,0.0,4547.0,49436,20528,11141,,81105,,,,,,,,,,
2024,18330.0,City of Superior - (NE),Municipal,Y,NE,SWPP,,,,,,1043,268,4,,1315,,,,,,,,,,,1043.0,268.0,4.0,0.0,1315.0,9414,11991,21064,,42469,,,,,,,,,,
2024,18336.0,Superior Water and Light Co,Investor Owned,,WI,MISO,0,0,0,0,0,13071,1941,80,0,15092,0,0,0,0,0,1,566,32,0,599,13072.0,2507.0,112.0,0.0,15691.0,85626,100272,6812,0,192710,,,,,,,,,,
2024,18339.0,Surry-Yadkin Elec Member Corp,Cooperative,,NC,DUK,,,,,,28070,297,2,0,28369,,,,,,10,,,,10,28080.0,297.0,2.0,0.0,28379.0,347576,21594,2680,0,371850,28070,297,2,0,28369,,,,,
2024,18354.0,City of Sutton - (NE),Municipal,Y,NE,SWPP,700,177,64,,941,,,,,,,,,,,,,,,,700.0,177.0,64.0,0.0,941.0,,,,,,,,,,,,,,,
2024,18360.0,Suwannee Valley Elec Coop Inc,Cooperative,,FL,SEC,0,0,0,0,0,25934,3450,8,0,29392,0,0,0,0,0,0,0,0,0,0,25934.0,3450.0,8.0,0.0,29392.0,344357,116808,102096,0,563261,25934,3450,0,0,29384,0,0,0,0,0
2024,18383.0,Taylor Electric Coop - (WI),Cooperative,Y,WI,MISO,,,,,0,4261,310,,,4571,,,,,,,,,,,4261.0,310.0,0.0,0.0,4571.0,52786,14535,,,67321,,,,,,,,,,
2024,18384.0,City of Sweetwater,Municipal,,TN,TVA,0,0,0,0,0,0,0,4,0,4,0,0,0,0,0,7534,2332,0,0,9866,7534.0,2332.0,4.0,0.0,9870.0,0,0,51510,0,51510,0,0,0,0,0,0,0,0,0,0
2024,18395.0,Sylacauga Utilities Board,Municipal,Y,AL,SOCO,,,,,,5150,887,24,,6061,,,,,,,,,,,5150.0,887.0,24.0,0.0,6061.0,64696,52209,84609,,201514,,,,,,,,,,
2024,18397.0,City of Sylvania - (GA),Municipal,,GA,SOCO,,,,,0,,,,,,,,,,,1913,461,2,,2376,1913.0,461.0,2.0,0.0,2376.0,,,,,,,,,,,,,,,
2024,18401.0,"Sun River Electric Coop, Inc",Cooperative,Y,MT,WAUW,,,,,,4704,374,1190,,6268,,,,,,,,,,,4704.0,374.0,1190.0,0.0,6268.0,49299,32257,20522,,102078,,,,,,,,,,
2024,18403.0,City of Sylvester - (GA),Municipal,Y,GA,SOCO,2541,383,,,2924,,,,,,,,,,,,,,,,2541.0,383.0,0.0,0.0,2924.0,,,,,,,,,,,,,,,
2024,18408.0,City of Syracuse - (NE),Municipal,Y,NE,SWPP,989,233,16,,1238,,,,,,,,,,,,,,,,989.0,233.0,16.0,0.0,1238.0,,,,,,,,,,,,,,,
2024,18428.0,Village of Talmage - (NE),Municipal,Y,NE,SWPP,141,23,,,164,,,,,0,,,,,,,,,,,141.0,23.0,0.0,0.0,164.0,,,,,0,,,,,,,,,,
2024,18429.0,City of Tacoma - (WA),Municipal,,WA,TPWR,0,0,219,,219,13521,0,0,,13521,0,0,0,0,0,166477,19574,2774,20,188845,179998.0,19574.0,2993.0,20.0,202585.0,144287,0,0,0,144287,13521,0,0,0,13521,0,0,0,0,0
2024,18433.0,Tahlequah Public Works Authority,Municipal,Y,OK,SWPP,3500,1850,3,,5353,,,,,,,,,,,,,,,,3500.0,1850.0,3.0,0.0,5353.0,,,,,,,,,,,,,,,
2024,18445.0,City of Tallahassee - (FL),Municipal,,FL,TAL,,,,,0,105267,14677,,,119944,,,,,,,,,,,105267.0,14677.0,0.0,0.0,119944.0,1189213,1596371,,,2785584,106946,13274,,,120220,,,,,
2024,18446.0,T I P Rural Electric Coop,Cooperative,Y,IA,MISO,,,,,,6224,369,,,6593,,,,,,,,,,,6224.0,369.0,0.0,0.0,6593.0,78294,63319,,,141613,,,,,,,,,,
2024,18447.0,Tallahatchie Valley E P A,Cooperative,,MS,TVA,0,0,0,0,0,21493,7052,7,0,28552,0,0,0,0,0,0,0,0,0,0,21493.0,7052.0,7.0,0.0,28552.0,282764,160096,59845,0,502705,21472,7036,7,0,28515,0,0,0,0,0
2024,18448.0,Tanner Electric Coop,Cooperative,Y,WA,BPAT,,,,,,5131,305,,,5436,,,,,,,,,,,5131.0,305.0,0.0,0.0,5436.0,67200,34283,,,101483,,,,,,,,,,
2024,18449.0,"Talquin Electric Coop, Inc",Cooperative,,FL,SEC,,,,,0,55256,3889,3,,59148,,,,,,44,15,,,59,55300.0,3904.0,3.0,0.0,59207.0,727279,165734,113119,,1006132,,,,,,,,,,
2024,18454.0,Tampa Electric Co,Investor Owned,,FL,TEC,0,0,0,,0,762368,90475,1227,,854070,0,,,,0,545,673,77,0,1295,762913.0,91148.0,1304.0,0.0,855365.0,10258277,5579367,231827,,16069471,3709,,,,3709,,,28,,28
2024,18456.0,Borough of Tarentum - (PA),Municipal,Y,PA,PJM,1980,271,,,2251,,,,,,,,,,,,,,,,1980.0,271.0,0.0,0.0,2251.0,,,,,,,,,,,,,,,
2024,18466.0,Town of Tarboro - (NC),Municipal,,NC,CPLE,7,17,14,,38,5503,1043,,,6546,,,,,,,,,,,5510.0,1060.0,14.0,0.0,6584.0,62050,51916,,,113966,12,,,,12,,,,,
2024,18472.0,City of Tarrant,Municipal,,AL,TVA,0,0,0,0,0,2069,0,1,0,2070,0,0,0,0,0,0,622,0,0,622,2069.0,622.0,1.0,0.0,2692.0,28957,0,6490,0,35447,0,0,0,0,0,0,0,0,0,0
2024,18488.0,City of Taunton,Municipal,,MA,ISNE,,,,,,,,,,,,,,,,35684,4545,461,,40690,35684.0,4545.0,461.0,0.0,40690.0,,,,,,,,,,,,,,,
2024,18498.0,Taylor County Rural E C C,Cooperative,,KY,PJM,,,,,,24985,3287,9,,28281,,,,,,,,,,,24985.0,3287.0,9.0,0.0,28281.0,302324,131126,118953,,552403,,,,,,504,,,,504
2024,18499.0,Three Notch Elec Member Corp,Cooperative,,GA,SEPA,13496,504,1057,,15057,,,,,,,,,,,199,6,19,,224,13695.0,510.0,1076.0,0.0,15281.0,,,,,,,,,,,,,311,,311
2024,18524.0,Tecumseh Utility Authority,Municipal,Y,OK,SWPP,2087,250,,,2337,,,,,,,,,,,,,,,,2087.0,250.0,0.0,0.0,2337.0,,,,,,,,,,,,,,,
2024,18538.0,City of Tell City - (IN),Municipal,Y,IN,MISO,0,0,0,,0,3537,759,7,,4303,,,,,,,,,,,3537.0,759.0,7.0,0.0,4303.0,34653,33469,3963,,72085,,,,,,,,,,
2024,18546.0,Town of Templeton - (MA),Municipal,Y,MA,ISNE,,,,,,3332,458,13,,3803,,,,,,,,,,,3332.0,458.0,13.0,0.0,3803.0,29035,32933,3656,,65624,,,,,,,,,,
2024,18642.0,Tennessee Valley Authority,Federal,,AL,TVA,,,,,,,10,29,,39,,,,,,,,,,,0.0,10.0,29.0,0.0,39.0,,415329,5355914,,5771243,,1,11,,12,,,1,,1
2024,18642.0,Tennessee Valley Authority,Federal,,KY,TVA,,,,,0,,6,26,,32,,,,,,,,,,,0.0,6.0,26.0,0.0,32.0,,286105,3937347,,4223452,,7,9,,16,,,,,
2024,18642.0,Tennessee Valley Authority,Federal,,MS,TVA,,,,,,,2,19,,21,,,,,,,,,,,0.0,2.0,19.0,0.0,21.0,,110687,4390621,,4501308,,2,6,,8,,,1,,1
2024,18642.0,Tennessee Valley Authority,Federal,,NC,TVA,,,,,,,4,,,4,,,,,,,,,,0,0.0,4.0,0.0,0.0,4.0,,4832,,,4832,,4,,,4,,,,,
2024,18642.0,Tennessee Valley Authority,Federal,,TN,TVA,,,,,,,4,59,,63,,,,,,,,,,,0.0,4.0,59.0,0.0,63.0,,390077,6613537,,7003614,,4,20,,24,,,2,,2
2024,18643.0,Tennessee Valley Electric Coop,Cooperative,,TN,TVA,0,0,0,0,0,16804,4119,1,0,20924,0,0,0,0,0,0,0,0,0,0,16804.0,4119.0,1.0,0.0,20924.0,221627,152368,8689,0,382684,16804,4119,1,0,20924,0,0,0,0,0
2024,18805.0,Town of Thatcher- (AZ),Municipal,Y,AZ,WALC,,,,,,2568,,,,2568,,,,,,,,,,,2568.0,0.0,0.0,0.0,2568.0,17643,,,,17643,,,,,,,,,,
2024,18806.0,City of Thayer - (MO),Municipal,Y,MO,MISO,952,0,0,,952,0,0,0,,0,,,,,,,,,,,952.0,0.0,0.0,0.0,952.0,0,0,0,,0,,,,,,,,,,
2024,18813.0,Village of Theresa - (NY),Municipal,Y,NY,NYIS,428,27,0,,455,,,,,,,,,,,,,,,,428.0,27.0,0.0,0.0,455.0,,,,,,,,,,,,,,,
2024,18820.0,City of Thief River Falls,Municipal,Y,MN,MISO,,,,,,4488,754,31,,5273,,,,,,,,,,,4488.0,754.0,31.0,0.0,5273.0,30424,71208,28403,,130035,,,,,,,,,,
2024,18848.0,City of Thomasville - (GA),Municipal,,GA,SOCO,14025,2557,,,16582,,,,,,,,,,,,,,,,14025.0,2557.0,0.0,0.0,16582.0,,,,,,,,,,,,,,,
2024,18895.0,Thumb Electric Coop of Mich,Cooperative,Y,MI,MISO,0,0,0,,0,12981,1258,6,,14245,,,,,,,,,,,12981.0,1258.0,6.0,0.0,14245.0,124089,41941,18560,,184590,,,,,,,,,,
2024,18901.0,Thurmont Municipal Light Co,Municipal,Y,MD,PJM,2497,339,9,,2845,,,,,,,,,,,,,,,,2497.0,339.0,9.0,0.0,2845.0,,,,,,,,,,,,,,,
2024,18917.0,Tillamook Peoples Utility Dist,Political Subdivision,,OR,BPAT,20133,2310,6,,22449,,,,,,,,,,,,,,,,20133.0,2310.0,6.0,0.0,22449.0,,,,,,20133,2310,6,,22449,,,,,
2024,18940.0,Tipmont Rural Elec Member Corp,Cooperative,,IN,MISO,,,,,,28885,1962,5,,30852,,,,,,,,,,,28885.0,1962.0,5.0,0.0,30852.0,332962,124149,100771,,557882,,,,,,,,,,
2024,18941.0,City of Tipp City - (OH),Municipal,Y,OH,PJM,,,,,,4787,519,29,,5335,,,,,,,,,,,4787.0,519.0,29.0,0.0,5335.0,47842,26162,103349,,177353,,,,,,,,,,
2024,18942.0,Tipton Municipal Electric Util,Municipal,Y,IN,MISO,,,,,0,4116,153,25,,4294,,,,,,,,,,,4116.0,153.0,25.0,0.0,4294.0,39060,19958,55648,,114666,,,,,,,,,,
2024,18943.0,Tippah Electric Power Assn,Cooperative,,MS,TVA,10521,3768,8,0,14297,0,0,0,0,0,0,0,0,0,0,0,0,0,0,0,10521.0,3768.0,8.0,0.0,14297.0,0,0,0,0,0,0,0,0,0,0,0,0,0,0,0
2024,18944.0,Village of Tontogany - (OH),Municipal,Y,OH,PJM,205,33,6,,244,,,,,,,,,,,,,,,,205.0,33.0,6.0,0.0,244.0,,,,,,,,,,,,,,,
2024,18951.0,Tishomingo County E P A,Cooperative,,MS,TVA,0,0,0,0,0,10943,2962,6,0,13911,10943,2962,6,0,13911,0,0,0,0,0,10943.0,2962.0,6.0,0.0,13911.0,146516,100077,193632,0,440225,10943,2962,6,0,13911,0,0,1,0,1
2024,18954.0,City of Trenton - (NE),Municipal,Y,NE,SWPP,331,94,0,,425,,,,,,,,,,,,,,,,331.0,94.0,0.0,0.0,425.0,,,,,,,,,,,,,,,
2024,18955.0,"Tri-County Electric Coop, Inc (IL)",Cooperative,,IL,MISO,,,,,,16149,333,45,,16527,,,,,,6,23,6,,35,16155.0,356.0,51.0,0.0,16562.0,229224,32138,51282,,312644,16149,333,45,,16527,,,,,
2024,18956.0,Tri-County Elec Member Corp (GA),Cooperative,,GA,SOCO,,,,,0,21154,2203,16,,23373,,,,,,,,,,,21154.0,2203.0,16.0,0.0,23373.0,298324,59177,52105,,409606,21154,2203,16,,23373,,,,,
2024,18957.0,Tri-County Elec Member Corp (NC),Cooperative,,NC,CPLE,22523,4455,3,,26981,,,,,,,,,,,,,,,,22523.0,4455.0,3.0,0.0,26981.0,,,,,,22523,4455,2,,26980,,,,,
2024,18961.0,Twin County Electric Pwr Assn,Cooperative,Y,MS,MISO,,,,,0,8819,1445,1859,,12123,,,,,,,,,,,8819.0,1445.0,1859.0,0.0,12123.0,105939,34055,63578,,203572,,,,,,,,,,
2024,18962.0,Twin Valley Electric Coop Inc,Cooperative,Y,KS,SWPP,,,,,,2184,701,,,2885,,,,,,,,,,,2184.0,701.0,0.0,0.0,2885.0,25132,8021,,,33153,,,,,,,,,,
2024,18963.0,"Inside Passage Elec Coop, Inc",Cooperative,Y,AK,NA,,,,,,1142,261,11,,1414,,,,,,,,,,,1142.0,261.0,11.0,0.0,1414.0,5022,3232,2693,,10947,,,,,,,,,,
2024,18976.0,Trinity Valley Elec Coop Inc,Cooperative,,TX,ERCO,,,,,,78231,8297,10,,86538,0,0,0,,0,88,26,0,,114,78319.0,8323.0,10.0,0.0,86652.0,1215353,217856,100539,,1533748,78231,8271,10,,86512,0,0,0,,0
2024,18997.0,The Toledo Edison Co,Investor Owned,,OH,PJM,1311,148,78,0,1537,115242,13023,331,0,128596,12,29,51,0,92,168791,22032,273,0,191096,285344.0,35203.0,682.0,0.0,321229.0,921103,733613,2383230,0,4037946,114426,12825,379,0,127630,0,0,0,0,0
2024,19007.0,Tombigbee Electric Power Assn,Cooperative,,MS,TVA,0,0,0,0,0,37296,8545,18,0,45859,0,0,0,0,0,0,0,0,0,0,37296.0,8545.0,18.0,0.0,45859.0,568801,323181,212246,0,1104228,37296,8269,18,0,45583,0,0,0,0,0
2024,19022.0,Tongue River Electric Coop Inc,Cooperative,Y,MT,NWMT,,,,,,4382,636,159,,5177,,,,,,,,,,,4382.0,636.0,159.0,0.0,5177.0,54086,14252,28393,,96731,,,,,,,,,,
2024,19027.0,"Tombigbee Electric Coop, Inc",Cooperative,Y,AL,SOCO,7768,1808,,,9576,,,,,,,,,,,,,,,,7768.0,1808.0,0.0,0.0,9576.0,,,,,,,,,,,,,,,
2024,19032.0,City of Torrington - (WY),Municipal,Y,WY,WACM,3156,748,51,,3955,,,,,,,,,,,,,,,,3156.0,748.0,51.0,0.0,3955.0,,,,,,,,,,,,,,,
2024,19060.0,"Traverse Electric Coop, Inc",Cooperative,Y,MN,SWPP,,,,,,2862,117,19,,2998,,,,,,,,,,,2862.0,117.0,19.0,0.0,2998.0,35073,14551,29741,,79365,,,,,,,,,,
2024,19060.0,"Traverse Electric Coop, Inc",Cooperative,Y,ND,SWPP,,,,,,37,3,,,40,,,,,,,,,,,37.0,3.0,0.0,0.0,40.0,370,14,,,384,,,,,,,,,,
2024,19060.0,"Traverse Electric Coop, Inc",Cooperative,Y,SD,SWPP,,,,,,1597,28,3,,1628,,,,,,,,,,,1597.0,28.0,3.0,0.0,1628.0,19550,3980,37,,23567,,,,,,,,,,
2024,19062.0,City of Traer - (IA),Municipal,Y,IA,MISO,11,2,,,13,,,,,,,,,,,,,,,,11.0,2.0,0.0,0.0,13.0,,,,,,,,,,,,,,,
2024,19108.0,Tideland Electric Member Corp,Cooperative,,NC,PJM,,,,,,21551,2776,10,0,24337,,,,,,,,,,,21551.0,2776.0,10.0,0.0,24337.0,240406,94341,21145,0,355892,21551,2776,10,0,24337,,,,,
2024,19114.0,Village of Trempealeau - (WI),Municipal,Y,WI,MISO,,,,,,1147,322,,,1469,,,,,,,,,,,1147.0,322.0,0.0,0.0,1469.0,8805,5806,,,14611,,,,,,,,,,
2024,19125.0,City of Traverse City - (MI),Municipal,,MI,MISO,,,,,,9161,3945,40,,13146,,,,,,,,,,,9161.0,3945.0,40.0,0.0,13146.0,60013,144995,131746,,336754,9161,3945,40,,13146,,,,,
2024,19131.0,Trinity Public Utilities Dist,Political Subdivision,Y,CA,BANC,16,7,,,23,5812,1450,6,,7268,,,,,,,,,,,5828.0,1457.0,6.0,0.0,7291.0,64495,43652,10446,,118593,,,,,,,,,,
2024,19149.0,City of Trenton - (TN),Municipal,,TN,TVA,0,0,0,0,0,1956,506,1,0,2463,0,0,0,0,0,0,0,0,0,0,1956.0,506.0,1.0,0.0,2463.0,22998,29503,8595,0,61096,1956,506,1,0,2463,0,0,0,0,0
2024,19150.0,Trenton Municipal Utilities - (MO),Municipal,Y,MO,SWPP,2510,473,2,,2985,,,,,,,,,,,,,,,,2510.0,473.0,2.0,0.0,2985.0,,,,,,,,,,,,,,,
2024,19154.0,Tri-State Electric Member Corp,Cooperative,,GA,TVA,13123,3286,0,0,16409,0,0,0,0,0,0,0,0,0,0,0,0,0,0,0,13123.0,3286.0,0.0,0.0,16409.0,0,0,0,0,0,13123,3286,0,0,16409,0,0,0,0,0
2024,19154.0,Tri-State Electric Member Corp,Cooperative,,NC,TVA,1571,227,0,0,1798,0,0,0,0,0,0,0,0,0,0,0,0,0,0,0,1571.0,227.0,0.0,0.0,1798.0,0,0,0,0,0,1571,227,0,0,1798,0,0,0,0,0
2024,19154.0,Tri-State Electric Member Corp,Cooperative,,TN,TVA,2812,638,0,0,3450,0,0,0,0,0,0,0,0,0,0,0,0,0,0,0,2812.0,638.0,0.0,0.0,3450.0,0,0,0,0,0,2812,638,0,0,3450,0,0,0,0,0
2024,19156.0,Powder River Energy Corp,Cooperative,,MT,WACM,,,,,,52,20,100,,172,,,,,,,,,,,52.0,20.0,100.0,0.0,172.0,525,115,71449,,72089,52,20,100,,172,,,,,
2024,19156.0,Powder River Energy Corp,Cooperative,,WY,WACM,124,1,0,0,125,15282,7364,3950,0,26596,,,,,,,,,,,15406.0,7365.0,3950.0,0.0,26721.0,209521,716153,957873,0,1883547,,,,,,,,,,
2024,19157.0,MiEnergy Cooperative,Cooperative,,IA,MISO,,,,,,6463,1260,6,,7729,,,,,,14,,,,14,6477.0,1260.0,6.0,0.0,7743.0,70241,84357,93804,,248402,5992,1249,4,,7245,2968,204,,,3172
2024,19157.0,MiEnergy Cooperative,Cooperative,,MN,MISO,,,,,,16818,1068,159,,18045,,,,,,,,,,,16818.0,1068.0,159.0,0.0,18045.0,169931,72224,69687,,311842,15215,1068,15,,16298,6296,434,,,6730
2024,19158.0,Tri-County Electric Coop Assn (MO),Cooperative,Y,MO,AECI,,,,,,5981,620,,,6601,,,,,,,,,,,5981.0,620.0,0.0,0.0,6601.0,68434,20529,,,88963,,,,,,,,,,
2024,19159.0,"Tri-County Electric Coop, Inc (TX)",Cooperative,,TX,ERCO,0,0,0,0,0,120062,21153,1281,0,142496,0,0,0,0,0,52,23,0,0,75,120114.0,21176.0,1281.0,0.0,142571.0,2012142,1093791,10971,0,3116904,118075,19947,1281,0,139303,0,0,0,0,0
2024,19160.0,"Tri-County Electric Coop, Inc (OK)",Cooperative,,CO,SWPP,,,,,,9,46,,,55,,,,,,,,,,,9.0,46.0,0.0,0.0,55.0,73,147,,,220,9,46,,,55,,,,,
2024,19160.0,"Tri-County Electric Coop, Inc (OK)",Cooperative,,KS,SWPP,,,,,,1079,496,33,,1608,,,,,,,,,,,1079.0,496.0,33.0,0.0,1608.0,8342,8539,383,,17264,1079,496,33,,1608,,,,,
2024,19160.0,"Tri-County Electric Coop, Inc (OK)",Cooperative,,NM,SWPP,,,,,,3,3,,,6,,,,,,,,,,,3.0,3.0,0.0,0.0,6.0,5,8,,,13,3,3,,,6,,,,,
2024,19160.0,"Tri-County Electric Coop, Inc (OK)",Cooperative,,OK,SWPP,,,,,,14212,11151,2629,,27992,,,,,,,,,,,14212.0,11151.0,2629.0,0.0,27992.0,128293,250011,399393,,777697,14212,11151,2629,,27992,,,,,
2024,19160.0,"Tri-County Electric Coop, Inc (OK)",Cooperative,,TX,SWPP,,,,,,210,188,17,,415,,,,,,,,,,,210.0,188.0,17.0,0.0,415.0,2159,73499,1210,,76868,210,188,17,,415,,,,,
2024,19161.0,"Tri-County Electric Coop, Inc (FL)",Cooperative,,FL,SEC,,,,,,18028,1625,298,,19951,,,,,,,,,,,18028.0,1625.0,298.0,0.0,19951.0,188475,54984,139570,,383029,18028,1625,298,,19951,,,,,
2024,19162.0,Tri-County Elec Member Corp (TN),Cooperative,,KY,TVA,0,0,0,0,0,20529,5884,4,0,26417,0,0,0,0,0,0,0,0,0,0,20529.0,5884.0,4.0,0.0,26417.0,282614,330550,65125,0,678289,20529,5884,4,0,26417,0,0,0,0,0
2024,19162.0,Tri-County Elec Member Corp (TN),Cooperative,,TN,TVA,0,0,0,0,0,24824,5681,2,0,30507,0,0,0,0,0,0,0,0,0,0,24824.0,5681.0,2.0,0.0,30507.0,370247,172614,10809,0,553670,24824,5681,2,0,30507,0,0,0,0,0
2024,19176.0,"Tricounty Rural Elec Coop, Inc - (OH)",Cooperative,Y,OH,PJM,,,,,,3602,863,2,,4467,,,,,,,,,,,3602.0,863.0,2.0,0.0,4467.0,3602,863,2,,4467,,,,,,,,,,
2024,19189.0,Trico Electric Cooperative Inc,Cooperative,,AZ,WALC,,,,,,57926,2444,49,0,60419,,,,,,,,,,,57926.0,2444.0,49.0,0.0,60419.0,592945,235687,45234,0,873866,52450,2376,34,0,54860,,,,,
2024,19204.0,City of Trinidad - (CO),Municipal,Y,CO,WACM,,,,,,3987,676,,,4663,,,,,,,,,,,3987.0,676.0,0.0,0.0,4663.0,24326,23631,,,47957,,,,,,,,,,
2024,19219.0,Diverse Power Incorporated,Cooperative,,AL,SOCO,,,,,,589,97,,,686,,,,,,,,,,,589.0,97.0,0.0,0.0,686.0,8118,1020,,,9138,589,97,,,686,,,,,
2024,19219.0,Diverse Power Incorporated,Cooperative,,GA,SOCO,,,,,,31998,5294,29,,37321,,,,,,,,,,,31998.0,5294.0,29.0,0.0,37321.0,474979,145620,132718,,753317,31998,5294,29,,37321,,,,,
2024,19225.0,City of Troy - (AL),Municipal,,AL,SOCO,,,,,,7855,1476,170,,9501,,,,,,,,,,,7855.0,1476.0,170.0,0.0,9501.0,98455,41247,317249,,456951,7855,1476,170,,9501,,,,,
2024,19227.0,City of Troy - (IN),Municipal,Y,IN,MISO,263,25,,,288,,,,,,,,,,,,,,,,263.0,25.0,0.0,0.0,288.0,,,,,,,,,,,,,,,
2024,19229.0,Truckee Donner P U D,Political Subdivision,Y,CA,NEVP,6,0,0,,6,13115,1676,0,,14791,,,,,,,,,,,13121.0,1676.0,0.0,0.0,14797.0,91301,77100,0,,168401,,,,,,,,,,
2024,19236.0,City of Troy - (MT),Municipal,Y,MT,BPAT,810,139,10,,959,0,0,0,,0,,,,,,,,,,,810.0,139.0,10.0,0.0,959.0,,,,,,,,,,,,,,,
2024,19237.0,Truman Public Utilities Comm,Municipal,Y,MN,MISO,537,138,,,675,,,,,,,,,,,,,,,,537.0,138.0,0.0,0.0,675.0,,,,,,,,,,,,,,,
2024,19246.0,City of Truth or Consequences - (NM),Municipal,Y,NM,PNM,,,,,,4014,56,0,,4070,,,,,,,,,,,4014.0,56.0,0.0,0.0,4070.0,7516,4429,,,11945,,,,,,,,,,
2024,19264.0,City of Tulia,Municipal,Y,TX,SWPP,,,,,,1703,340,,,2043,,,,,,,,,,,1703.0,340.0,0.0,0.0,2043.0,2110,1290,,,3400,,,,,,,,,,
2024,19266.0,Tullahoma Board-Public Utils,Municipal,,TN,TVA,0,0,0,0,0,9278,2014,3,0,11295,0,0,0,0,0,0,0,0,0,0,9278.0,2014.0,3.0,0.0,11295.0,127490,134176,18146,0,279812,0,0,0,0,0,0,0,0,0,0
2024,19273.0,City of Tupelo - (MS),Municipal,,MS,TVA,0,0,0,0,0,10620,5022,3,0,15645,0,0,0,0,0,0,0,0,0,0,10620.0,5022.0,3.0,0.0,15645.0,139489,316663,126285,0,582437,0,0,0,0,0,0,0,0,0,0
2024,19274.0,Village of Tupper Lake - (NY),Municipal,Y,NY,NYIS,1307,13,,,1320,,,,,,,,,,,,,,,,1307.0,13.0,0.0,0.0,1320.0,,,,,,,,,,,,,,,
2024,19277.0,TDX North Slope Generating Co,Investor Owned,,AK,NA,,0,,,0,,0,,,0,,0,,,0,,162,,,162,0.0,162.0,0.0,0.0,162.0,,0,,,0,,162,,,162,,0,,,0
2024,19281.0,Turlock Irrigation District,Political Subdivision,,CA,TIDC,19,22,47,,88,78851,8794,6163,,93808,,,,,,93,9,5,,107,78963.0,8825.0,6215.0,0.0,94003.0,832210,547752,863283,,2243245,,,,,,,,,,
2024,19293.0,Southeastern Electric Coop Inc - (SD),Cooperative,,SD,SWPP,,,,,,27276,3263,280,,30819,,,,,,,,,,,27276.0,3263.0,280.0,0.0,30819.0,272917,207515,331264,,811696,20160,2996,280,,23436,10743,365,250,,11358
2024,19307.0,City of Tuscumbia,Municipal,,AL,TVA,4038,944,2,0,4984,0,0,0,0,0,0,0,0,0,0,0,0,0,0,0,4038.0,944.0,2.0,0.0,4984.0,0,0,0,0,0,0,0,0,0,0,0,0,0,0,0
2024,19308.0,City of Tuskegee,Municipal,Y,AL,SOCO,,,,,0,5877,691,120,,6688,,,,,,,,,,,5877.0,691.0,120.0,0.0,6688.0,58563,14585,80986,,154134,,,,,,,,,,
2024,19321.0,City of Two Harbors- (MN),Municipal,Y,MN,MISO,1759,227,54,,2040,,,,,,,,,,,,,,,,1759.0,227.0,54.0,0.0,2040.0,,,,,,,,,,,,,,,
2024,19324.0,Two Rivers Water & Light,Municipal,,WI,MISO,3256,266,0,0,3522,757,294,1,0,1052,,,,,,1539,59,0,0,1598,5552.0,619.0,1.0,0.0,6172.0,4530,34382,4584,0,43496,757,294,1,0,1052,,,,,
2024,19325.0,Umatilla Electric Coop Assn,Cooperative,,OR,BPAT,,,,,,12620,2472,1554,,16646,,,,,,,,,,,12620.0,2472.0,1554.0,0.0,16646.0,181783,7507887,742260,,8431930,,,,,,,,,,
2024,19332.0,City of Tyler - (MN),Municipal,Y,MN,MISO,577,145,,,722,,,,,,,,,,,,,,,,577.0,145.0,0.0,0.0,722.0,,,,,,,,,,,,,,,
2024,19333.0,City of Tyndall - (SD),Municipal,Y,SD,SWPP,496,137,14,,647,,,,,,,,,,,,,,,,496.0,137.0,14.0,0.0,647.0,,,,,,,,,,,,,,,
2024,19390.0,"UGI Utilities, Inc",Investor Owned,,PA,PJM,55030,4923,3,0,59956,0,0,0,0,0,0,0,0,0,0,772,2818,148,0,3738,55802.0,7741.0,151.0,0.0,63694.0,,,,,0,,,,,0,,,,,0
2024,19396.0,Tri-County Electric Coop (MI),Cooperative,,MI,MISO,,,,,,23034,3903,205,,27142,,,,,,,,,,,23034.0,3903.0,205.0,0.0,27142.0,219213,47301,97385,,363899,,,,,,,,,,
2024,19397.0,City of Ukiah - (CA),Municipal,Y,CA,CISO,2020,171,0,,2191,0,0,0,,0,,,,,,,,,,,2020.0,171.0,0.0,0.0,2191.0,0,0,0,,0,,,,,,,,,,
2024,19430.0,City of Union City,Municipal,,TN,TVA,0,0,0,0,0,5203,1275,5,0,6483,0,0,0,0,0,0,0,0,0,0,5203.0,1275.0,5.0,0.0,6483.0,63511,86905,159681,0,310097,0,0,0,0,0,0,0,0,0,0
2024,19431.0,City of Union - (SC),Municipal,Y,SC,DUK,5848,1126,14,,6988,,,,,,,,,,,,,,,,5848.0,1126.0,14.0,0.0,6988.0,,,,,,,,,,,,,,,
2024,19432.0,Village of Union City - (MI),Municipal,Y,MI,MISO,1308,241,,,1549,,,,,,,,,,,,,,,,1308.0,241.0,0.0,0.0,1549.0,,,,,,,,,,,,,,,
2024,19435.0,Union Electric Membership Corp - (NC),Cooperative,,NC,DUK,,,,,,84602,3148,1,,87751,,,,,,,,,,,84602.0,3148.0,1.0,0.0,87751.0,1249017,197080,168566,,1614663,84602,3148,1,,87751,,,,,
2024,19436.0,Union Electric Co - (MO),Investor Owned,,MO,MISO,536,509,21,0,1066,1099976,154332,4264,90,1258662,,,,,,1002,33,,,1035,1101514.0,154874.0,4285.0,90.0,1260763.0,12289120,13445136,3875147,22414,29631817,734610,82673,3457,1,820741,,,,,
2024,19437.0,Western Iowa Power Coop,Cooperative,Y,IA,SWPP,0,0,0,,0,3918,321,1361,,5600,,,,,,,,,,,3918.0,321.0,1361.0,0.0,5600.0,59300,11038,21737,,92075,,,,,,,,,,
2024,19445.0,"Southern Indiana R E C, Inc",Cooperative,,IN,MISO,,,,,,8936,622,32,,9590,,,,,,,,,,,8936.0,622.0,32.0,0.0,9590.0,104163,33782,290286,,428231,8936,622,32,,9590,785,,,,785
2024,19446.0,Duke Energy Kentucky,Investor Owned,,KY,PJM,66,1,,,67,142147,14716,417,,157280,,,,,,360,200,4,,564,142573.0,14917.0,421.0,0.0,157911.0,1482859,1743375,713427,,3939661,139405,14374,294,,154073,,,,,
2024,19454.0,City of Unalaska - (AK),Municipal,Y,AK,NA,804,232,19,,1055,,,,,0,,,,,,,,,,,804.0,232.0,19.0,0.0,1055.0,,,,,0,,,,,,,,,,
2024,19474.0,City of Unionville - (MO),Municipal,Y,MO,AECI,,,,,0,956,187,10,,1153,,,,,,,,,,,956.0,187.0,10.0,0.0,1153.0,8851,2704,4506,,16061,,,,,,,,,,
2024,19490.0,United Electric Coop Service Inc - (TX),Cooperative,,TX,ERCO,0,0,0,0,0,88294,17201,106,,105601,,,,,,30,,,,30,88324.0,17201.0,106.0,0.0,105631.0,1373708,541512,843789,,2759009,88324,17201,106,,105631,0,0,0,0,0
2024,19493.0,Union County Electric Coop Inc,Cooperative,Y,SD,SWPP,,,,,0,1378,86,226,,1690,,,,,,,,,,,1378.0,86.0,226.0,0.0,1690.0,22473,5670,2231,,30374,,,,,,,,,,
2024,19497.0,United Illuminating Co,Investor Owned,,CT,ISNE,27171,6380,240,0,33791,290581,27064,680,1,318326,,,,,,,,,,,317752.0,33444.0,920.0,1.0,352117.0,1901881,1887518,291395,4683,4085477,312290,32665,920,1,345876,0,0,0,0,0
2024,19499.0,"United Power, Inc",Cooperative,,CO,WACM,0,0,0,0,0,101480,11927,896,0,114303,0,0,0,0,0,22,53,,,75,101502.0,11980.0,896.0,0.0,114378.0,977314,640548,1717459,,3335321,101480,11927,896,,114303,,,,,
2024,19501.0,"Union Rural Electric Coop, Inc",Cooperative,,OH,PJM,,,,,,11812,455,8,,12275,,,,,,45,,,,45,11857.0,455.0,8.0,0.0,12320.0,164751,87120,250752,,502623,11812,455,8,,12275,,,,,
2024,19502.0,"United Electric Co-op, Inc - (ID)",Cooperative,,ID,BPAT,,,,,,5100,1234,1256,,7590,,,,,,,,,,,5100.0,1234.0,1256.0,0.0,7590.0,100759,72125,190499,,363383,5100,1234,1256,,7590,,,,,
2024,19528.0,University of Illinois,State,Y,IL,PJM,,1,,,1,,,,,,,,,,,,,,,,0.0,1.0,0.0,0.0,1.0,,,,,,,,,,,,,,,
2024,19545.0,"Black Hills Power, Inc.",Investor Owned,,MT,WACM,,,,,,12,24,7,,43,,,,,,,,,,,12.0,24.0,7.0,0.0,43.0,125,344,159470,,159939,,,,,,,,,,
2024,19545.0,"Black Hills Power, Inc.",Investor Owned,,SD,WACM,,,,,,60951,13885,6,,74842,,,,,,,,,,,60951.0,13885.0,6.0,0.0,74842.0,560837,779797,191926,,1532560,,,,,,,,,,
2024,19545.0,"Black Hills Power, Inc.",Investor Owned,,WY,WACM,,,,,,2018,609,10,,2637,,,,,,,,,,,2018.0,609.0,10.0,0.0,2637.0,19839,42058,115609,,177506,,,,,,,,,,
2024,19547.0,Hawaiian Electric Co Inc,Investor Owned,,HI,HECO,3092,651,,,3743,264798,30008,409,,295215,,,,,,8739,1950,145,,10834,276629.0,32609.0,554.0,0.0,309792.0,1229537,622975,857485,,2709997,264799,30475,,,295274,,,,,
2024,19558.0,Homer Electric Assn Inc,Cooperative,,AK,NA,28975,4164,16,0,33155,538,60,0,0,598,0,0,0,0,0,33,124,6,0,163,29546.0,4348.0,22.0,0.0,33916.0,1344,204,0,0,1548,,,,,,,,,,
2024,19574.0,Upper Cumberland E M C,Cooperative,,TN,TVA,0,0,0,0,0,45560,8620,10,0,54190,0,0,0,0,0,0,0,0,0,0,45560.0,8620.0,10.0,0.0,54190.0,644627,272359,119988,0,1036974,45560,8620,10,0,54190,0,0,0,0,0
2024,19578.0,Upper Peninsula Power Company,Investor Owned,,MI,MISO,0,76,59,0,135,52471,6112,0,0,58583,0,0,0,0,0,291,5,0,0,296,52762.0,6193.0,59.0,0.0,59014.0,242767,136206,0,0,378973,47660,6185,56,0,53901,0,0,0,0,0
2024,19579.0,Upshur Rural Elec Coop Corp,Cooperative,,TX,SWPP,7,,,,7,44408,6398,18,,50824,,,,,,,,5,,5,44415.0,6398.0,23.0,0.0,50836.0,627556,171085,98487,,897128,,,,,,,,,,
2024,19581.0,Upson Elec Member Corp,Cooperative,Y,GA,SOCO,9009,651,5,,9665,,,,,,,,,,,,,,,,9009.0,651.0,5.0,0.0,9665.0,,,,,,,,,,,,,,,
2024,19603.0,USBIA-Mission Valley Power,Federal,,MT,NWMT,16292,4171,1127,,21590,,,,,,,,,,,654,345,109,,1108,16946.0,4516.0,1236.0,0.0,22698.0,,,,,,,,,,,,,,,
2024,19604.0,USBIA-San Carlos Project,Federal,,AZ,WALC,11427,1874,2,,13303,,,,,,,,,,,5,33,0,,38,11432.0,1907.0,2.0,0.0,13341.0,,,,,,,,,,,,,,,
2024,19667.0,Utilities Dist-Western IN REMC,Cooperative,,IN,MISO,0,0,0,0,0,18893,1062,15,0,19970,0,0,0,0,0,3,0,0,2,5,18896.0,1062.0,15.0,2.0,19975.0,241296,42638,40757,0,324691,18893,1062,15,0,19970,0,0,0,0,0
2024,19677.0,City of Valentine - (NE),Municipal,Y,NE,SWPP,,,,,0,1681,530,,,2211,,,,,,,,,,,1681.0,530.0,0.0,0.0,2211.0,21827,22651,,,44478,,,,,,,,,,
2024,19687.0,City of Valley City,Municipal,Y,ND,SWPP,,,,,0,3705,846,2,,4553,,,,,,,,,,,3705.0,846.0,2.0,0.0,4553.0,39166,51608,7382,,98156,,,,,,,,,,
2024,19716.0,City of Vanceburg,Municipal,Y,KY,PJM,,,,,0,2239,290,5,,2534,,,,,,,,,,,2239.0,290.0,5.0,0.0,2534.0,24850,9960,13860,,48670,,,,,,,,,,
2024,19728.0,"UNS Electric, Inc",Investor Owned,,AZ,TEPC,17838,1999,1,,19838,85250,10053,9,,95312,,,,,,34,22,0,,56,103122.0,12074.0,10.0,0.0,115206.0,679932,557180,95864,,1332976,,,,,,,,,,
2024,19784.0,Vera Irrigation District #15,Political Subdivision,,WA,BPAT,12171,1379,,,13550,,,,,,,,,,,,,,,,12171.0,1379.0,0.0,0.0,13550.0,,,,,,,,,,,,,,,
2024,19785.0,Verdigris Valley Elec Coop Inc,Cooperative,,OK,AECI,,,,,,35102,3264,701,0,39067,,,,,,,,,,,35102.0,3264.0,701.0,0.0,39067.0,588211,47700,106739,0,742650,35102,3264,701,0,39067,,,,,
2024,19788.0,City of Vermillion - (SD),Municipal,Y,SD,SWPP,,,,,,4284,750,,,5034,,,,,,,,,,,4284.0,750.0,0.0,0.0,5034.0,33395,38459,,,71854,,,,,,,,,,
2024,19790.0,Verendrye Electric Coop Inc,Cooperative,,ND,MISO,0,0,0,0,0,14336,2333,70,0,16739,,,,,,,,,,,14336.0,2333.0,70.0,0.0,16739.0,220422,139671,215519,0,575612,10982,1787,54,0,12823,,,,,
2024,19791.0,"Vermont Electric Cooperative, Inc",Cooperative,,VT,ISNE,35778,5139,17,0,40934,,,,,0,,,,,,103,14,1,0,118,35881.0,5153.0,18.0,0.0,41052.0,,,,0,0,,,,,,,,,,
2024,19798.0,City of Vernon,Municipal,,CA,CISO,53,996,344,,1393,,,,,,,,,,,21,377,151,,549,74.0,1373.0,495.0,0.0,1942.0,,,,,,,,,,,,,,,
2024,19805.0,Village of Versailles - (OH),Municipal,Y,OH,PJM,,,,,0,333,,,,333,,,,,,,,,,,333.0,0.0,0.0,0.0,333.0,1029,,,,1029,,,,,,,,,,
2024,19806.0,"Victoria Electric Coop, Inc",Cooperative,,TX,ERCO,0,0,0,0,0,21486,2971,380,0,24837,0,0,0,0,0,14,0,0,0,14,21500.0,2971.0,380.0,0.0,24851.0,321053,50750,252604,0,624407,21486,2971,380,0,24837,0,0,0,0,0
2024,19813.0,Vernon Electric Coop,Cooperative,Y,WI,MISO,,,,,,10854,712,,,11566,,,,,,,,,,,10854.0,712.0,0.0,0.0,11566.0,112907,34434,,,147341,,,,,,,,,,
2024,19820.0,Victory Electric Coop Assn Inc,Cooperative,,KS,SWPP,,,,,,14243,3861,2328,,20432,14243,3861,2328,,20432,,,,,,14243.0,3861.0,2328.0,0.0,20432.0,145060,216669,467106,,828835,14243,3861,2328,,20432,,,,,
2024,19840.0,"Valley Electric Assn, Inc",Cooperative,,CA,NEVP,12,2,30,0,44,,,,,0,,,,,,,,,,,12.0,2.0,30.0,0.0,44.0,,,,,,,,,,,,,,,
2024,19840.0,"Valley Electric Assn, Inc",Cooperative,,NV,NEVP,22368,2462,192,0,25022,,,,,,,,,,,,,,,,22368.0,2462.0,192.0,0.0,25022.0,,,,,,,,,,,,,,,
2024,19843.0,City of Villisca - (IA),Municipal,Y,IA,MISO,591,128,,,719,,,,,,,,,,,,,,,,591.0,128.0,0.0,0.0,719.0,,,,,,,,,,,,,,,
2024,19856.0,City of Vineland - (NJ),Municipal,,NJ,PJM,10934,788,3,,11725,217,20,1,,238,,,,,,11623,2263,56,,13942,22774.0,3071.0,60.0,0.0,25905.0,166,136,296,,598,,,,,,,,,,
2024,19865.0,City of Vinton - (IA),Municipal,Y,IA,MISO,898,108,1,,1007,1324,172,75,,1571,,,,,,,,,,,2222.0,280.0,76.0,0.0,2578.0,6048,1354,15809,,23211,,,,,,,,,,
2024,19867.0,Village of Viola - (WI),Municipal,Y,WI,MISO,507,13,,,520,,,,,,,,,,,,,,,,507.0,13.0,0.0,0.0,520.0,,,,,,,,,,,,,,,
2024,19869.0,Vinton Public Power Authority,Political Subdivision,,LA,MISO,,,,,,,,3,,3,,,,,,,,,,,0.0,0.0,3.0,0.0,3.0,,,442573,,442573,,,,,,,,,,
2024,19876.0,Virginia Electric & Power Co,Investor Owned,,NC,PJM,400,2178,12,0,2590,107472,17392,34,0,124898,0,0,0,0,0,424,603,84,0,1111,108296.0,20173.0,130.0,0.0,128599.0,1218809,265186,150470,0,1634465,107361,16737,34,0,124132,,,,,
2024,19876.0,Virginia Electric & Power Co,Investor Owned,,VA,PJM,9667,6264,28,7,15966,2379552,259187,862,24,2639625,0,0,0,0,0,1888,1436,402,3,3729,2391107.0,266887.0,1292.0,34.0,2659320.0,25067666,38188751,2678866,225247,66160530,2378896,260251,796,1,2639944,,,,,
2024,19882.0,Virginia Tech Electric Service,State,,VA,PJM,3325,284,0,0,3609,0,0,0,0,0,0,0,0,0,0,2335,898,7,0,3240,5660.0,1182.0,7.0,0.0,6849.0,0,0,0,0,0,0,0,0,0,0,0,0,0,0,0
2024,19883.0,City of Virginia - (MN),Municipal,Y,MN,MISO,3891,655,,,4546,,,,,,,,,,,,,,,,3891.0,655.0,0.0,0.0,4546.0,,,,,,,,,,,,,,,
2024,19896.0,City of Volga - (SD),Municipal,,SD,SWPP,1075,148,43,0,1266,,,,,,,,,,,,,,,,1075.0,148.0,43.0,0.0,1266.0,,,,,,,,,,,509,0,0,0,509
2024,19898.0,Volunteer Electric Coop,Cooperative,,TN,TVA,0,0,0,0,0,104387,24098,17,0,128502,0,0,0,0,0,0,0,0,0,0,104387.0,24098.0,17.0,0.0,128502.0,1481331,628824,456245,0,2566400,104387,24098,17,0,128502,0,0,0,0,0
2024,19947.0,City of Wadena - (MN),Municipal,Y,MN,MISO,,,,,0,2129,541,91,,2761,,,,,,,,,,,2129.0,541.0,91.0,0.0,2761.0,19327,7601,37384,,64312,,,,,,,,,,
2024,19951.0,City of Wadsworth - (OH),Municipal,,OH,PJM,,,,,,12180,1492,141,,13813,,,,,,,,,,,12180.0,1492.0,141.0,0.0,13813.0,113414,86195,74040,,273649,,,,,,,,,,
2024,19968.0,City of Wahoo - (NE),Municipal,Y,NE,SWPP,2505,176,1,,2682,,,,,,,,,,,,,,,,2505.0,176.0,1.0,0.0,2682.0,,,,,,,,,,,,,,,
2024,19974.0,Town of Wake Forest - (NC),Municipal,Y,NC,CPLE,0,0,0,,0,6422,1130,0,,7552,,,,,,,,,,,6422.0,1130.0,0.0,0.0,7552.0,76004,94003,0,,170007,,,,,,,,,,
2024,19979.0,Town of Wakefield - (MA),Municipal,Y,MA,ISNE,11918,1439,306,,13663,,,,,,,,,,,,,,,,11918.0,1439.0,306.0,0.0,13663.0,,,,,,,,,,,,,,,
2024,19980.0,City of Wakefield - (NE),Municipal,Y,NE,SWPP,625,71,2,,698,,,,,0,,,,,,,,,,,625.0,71.0,2.0,0.0,698.0,,,,,0,,,,,,,,,,
2024,19981.0,Wake Electric Membership Corp,Cooperative,,NC,CPLE,,,,,0,53226,2792,3,,56021,,,,,,5,,,,5,53231.0,2792.0,3.0,0.0,56026.0,710107,125070,49165,,884342,53231,2792,2,,56025,,,,,
2024,20021.0,Town of Walkerton - (IN),Municipal,Y,IN,MISO,176,181,18,,375,1162,20,38,,1220,,,,,,,,,,,1338.0,201.0,56.0,0.0,1595.0,12250,4100,13620,,29970,,,,,,,,,,
2024,20025.0,City of Wall Lake - (IA),Municipal,Y,IA,MISO,420,98,15,,533,,,,,,,,,,,,,,,,420.0,98.0,15.0,0.0,533.0,,,,,,,,,,,,,,,
2024,20038.0,Town of Wallingford - (CT),Municipal,,CT,ISNE,18773,,,,18773,,,,,,,,,,,2632,3670,25,,6327,21405.0,3670.0,25.0,0.0,25100.0,,,,,,,,,,,,,,,
2024,20065.0,Walton Electric Member Corp,Cooperative,,GA,SOCO,,,,,,130781,10895,44,0,141720,,,,,,,,,,,130781.0,10895.0,44.0,0.0,141720.0,1964784,1904768,145055,0,4014607,130781,10895,18,,141694,,,,,
2024,20069.0,City of Wamego - (KS),Municipal,Y,KS,SWPP,2111,279,23,,2413,,,,,0,,,,,,,,,,,2111.0,279.0,23.0,0.0,2413.0,,,,,,,,,,,,,,,
2024,20077.0,City of Wapakoneta - (OH),Municipal,Y,OH,PJM,2,,,,2,4993,601,12,,5606,,,,,,,,,,,4995.0,601.0,12.0,0.0,5608.0,47762,42230,57731,,147723,,,,,,,,,,
2024,20110.0,City of Warren - (MN),Municipal,Y,MN,MISO,0,0,0,,0,677,175,134,,986,,,,,,,,,,,677.0,175.0,134.0,0.0,986.0,6,3,6,,15,,,,,,,,,,
2024,20111.0,Warren County Rural E M C,Cooperative,Y,IN,MISO,,,,,,3834,1134,2,,4970,,,,,,,,,,,3834.0,1134.0,2.0,0.0,4970.0,52,32,15,,99,,,,,,,,,,
2024,20122.0,Town of Warren - (IN),Municipal,Y,IN,PJM,748,121,3,,872,,,,,,,,,,,,,,,,748.0,121.0,3.0,0.0,872.0,,,,,,,,,,,,,,,
2024,20130.0,Warren Rural Elec Coop Corp,Cooperative,,KY,TVA,0,0,0,0,0,60701,15688,45,0,76434,0,0,0,0,0,0,0,0,0,0,60701.0,15688.0,45.0,0.0,76434.0,919314,455823,918438,0,2293575,60701,15317,21,0,76039,0,0,0,0,0
2024,20134.0,City of Warroad,Municipal,Y,MN,MISO,980,112,48,,1140,,,,,,,,,,,,,,,,980.0,112.0,48.0,0.0,1140.0,,,,,,,,,,,,,,,
2024,20135.0,City of Washington - (UT),Municipal,Y,UT,PACE,11053,595,1,,11649,,,,,,,,,,,,,,,,11053.0,595.0,1.0,0.0,11649.0,,,,,,,,,,,,,,,
2024,20136.0,City of Waseca - (MN),Municipal,Y,MN,MISO,3685,570,2,,4257,0,0,0,,0,,,,,,,,,,,3685.0,570.0,2.0,0.0,4257.0,,,,,,,,,,,,,,,
2024,20138.0,"Wasco Electric Coop, Inc",Cooperative,Y,OR,BPAT,3851,560,338,,4749,,,,,,,,,,,,,,,,3851.0,560.0,338.0,0.0,4749.0,,,,,,,,,,,,,,,
2024,20139.0,City of Washington - (IN),Municipal,Y,IN,PJM,6809,1152,3,,7964,,,,,,,,,,,,,,,,6809.0,1152.0,3.0,0.0,7964.0,,,,,,,,,,,,,,,
2024,20140.0,City of Washington - (GA),Municipal,,GA,SOCO,1856,372,2,,2230,,,,,0,,,,,,,,,,,1856.0,372.0,2.0,0.0,2230.0,,,,,,,,,,,,,,,
2024,20142.0,City of Washington - (NC),Municipal,,NC,CPLE,11547,2730,5,,14282,,,,,,,,,,,,,,,,11547.0,2730.0,5.0,0.0,14282.0,,,,,,,,,,,,,,,
2024,20146.0,Washington Elec Member Corp,Cooperative,,GA,SOCO,,,,,,15200,1129,8,,16337,,,,,,,,,,,15200.0,1129.0,8.0,0.0,16337.0,191835,68369,186394,,446598,15200,1129,8,,16337,,,,,
2024,20150.0,Washington Electric Coop - (OH),Cooperative,Y,OH,PJM,8348,2205,15,,10568,,,,,,,,,,,,,,,,8348.0,2205.0,15.0,0.0,10568.0,,,,,,,,,,,,,,,
2024,20151.0,Washington Electric Coop - (VT),Cooperative,Y,VT,ISNE,,,,,,11423,698,13,,12134,,,,,,,,,,,11423.0,698.0,13.0,0.0,12134.0,67078,5412,3512,,76002,,,,,,,,,,
2024,20153.0,"Washington Island El Coop, Inc",Cooperative,Y,WI,MISO,959,153,0,,1112,0,0,0,,0,,,,,,,,,,,959.0,153.0,0.0,0.0,1112.0,,,,,,,,,,,,,,,
2024,20163.0,Wagoner Public Works Authority,Municipal,Y,OK,SWPP,,,,,0,3330,543,10,,3883,,,,,,,,,,,3330.0,543.0,10.0,0.0,3883.0,38017,25201,10237,,73455,,,,,,,,,,
2024,20169.0,Avista Corp,Investor Owned,,ID,AVA,122703,19413,353,,142469,0,1,0,,1,0,0,0,,0,32,26,0,,58,122735.0,19440.0,353.0,0.0,142528.0,,1,0,,1,,,,,,,,,,
2024,20169.0,Avista Corp,Investor Owned,,MT,AVA,0,8,,,8,,,,,,,,,,,9,14,,,23,9.0,22.0,0.0,0.0,31.0,,,,,,,,,,,,,,,
2024,20169.0,Avista Corp,Investor Owned,,WA,AVA,36,22,13,,71,237147,27155,797,,265099,0,0,0,,0,2046,72,1,,2119,239229.0,27249.0,811.0,0.0,267289.0,2627940,1890923,100878,,4619741,,,,,,,,,,
2024,20176.0,City of Water Valley - (MS),Municipal,,MS,TVA,1446,364,1,0,1811,0,0,0,0,0,0,0,0,0,0,76,192,0,0,268,1522.0,556.0,1.0,0.0,2079.0,0,0,0,0,0,0,0,0,0,0,0,0,0,0,0
2024,20180.0,City of Waterloo - (IL),Municipal,Y,IL,MISO,3,1,0,,4,4633,526,25,,5184,,,,,,,,,,,4636.0,527.0,25.0,0.0,5188.0,46534,19197,18021,,83752,,,,,,,,,,
2024,20182.0,Waterloo Light & Water Comm,Municipal,,WI,MISO,1,14,0,0,15,1618,294,0,0,1912,,,,,,0,0,0,0,0,1619.0,308.0,0.0,0.0,1927.0,12515,18207,0,0,30722,1619,294,0,0,1913,,,,,
2024,20187.0,Watertown Municipal Utilities,Municipal,,SD,SWPP,11680,2616,96,,14392,,,,,0,,,,,,,,,,,11680.0,2616.0,96.0,0.0,14392.0,,,,,0,,,,,,,,,,
2024,20189.0,City of Waterville - (KS),Municipal,Y,KS,SWPP,,,,,,339,40,6,,385,,,,,,,,,,,339.0,40.0,6.0,0.0,385.0,2859,874,322,,4055,,,,,,,,,,
2024,20193.0,Village of Watkins Glen - (NY),Municipal,Y,NY,NA,1077,301,108,,1486,,,,,,,,,,,,,,,,1077.0,301.0,108.0,0.0,1486.0,,,,,,,,,,,,,,,
2024,20196.0,City of Watonga - (OK),Municipal,Y,OK,SWPP,,,,,,1595,474,27,,2096,,,,,,,,,,,1595.0,474.0,27.0,0.0,2096.0,12194,14269,526,,26989,,,,,,,,,,
2024,20209.0,City of Wauchula - (FL),Municipal,Y,FL,TEC,2293,580,,,2873,,,,,,,,,,,,,,,,2293.0,580.0,0.0,0.0,2873.0,,,,,,,,,,,,,,,
2024,20211.0,Village of Waunakee - (WI),Municipal,,WI,MISO,0,2,0,0,2,6683,866,4,0,7553,,,,,,0,0,0,0,0,6683.0,868.0,4.0,0.0,7555.0,57071,55542,23980,0,136593,6677,853,4,0,7534,,,,,
2024,20212.0,Village of Wauneta - (NE),Municipal,Y,NE,SWPP,23,1,,,24,,,,,,,,,,,,,,,,23.0,1.0,0.0,0.0,24.0,,,,,,,,,,,,,,,
2024,20213.0,Waupun Utilities,Municipal,,WI,MISO,0,0,0,0,0,3922,587,2,0,4511,,,,,,0,0,0,0,0,3922.0,587.0,2.0,0.0,4511.0,32084,39280,36154,0,107518,3950,589,2,0,4541,,,,,
2024,20214.0,Waverly Municipal Elec Utility,Municipal,Y,IA,MISO,2188,348,13,,2549,2290,307,74,,2671,,,,,,,,,,,4478.0,655.0,87.0,0.0,5220.0,21403,10755,33083,,65241,,,,,,,,,,
2024,20216.0,Whitewater Valley Rural EMC,Cooperative,,IN,MISO,,,,,,11998,193,8,0,12199,,,,,,,,,,,11998.0,193.0,8.0,0.0,12199.0,161691,37094,49751,0,248536,11998,193,8,0,12199,,,,,
2024,20219.0,City of Wayne,Municipal,Y,NE,SWPP,2247,512,1,,2760,,,,,,,,,,,,,,,,2247.0,512.0,1.0,0.0,2760.0,,,,,,,,,,,,,,,
2024,20222.0,Wayne-White Counties Elec Coop,Cooperative,,IL,MISO,,,,,,11957,1518,179,,13654,,,,,,,,,,,11957.0,1518.0,179.0,0.0,13654.0,150579,81523,161705,,393807,11957,1518,179,,13654,,,,,
2024,20224.0,City of Waynesville - (MO),Municipal,Y,MO,AECI,2457,293,,,2750,,,,,,,,,,,,,,,,2457.0,293.0,0.0,0.0,2750.0,,,,,,,,,,,,,,,
2024,20225.0,Town of Waynesville - (NC),Municipal,Y,NC,DUK,2675,615,6,,3296,,,,,,,,,,,,,,,,2675.0,615.0,6.0,0.0,3296.0,,,,,,,,,,,,,,,
2024,20226.0,City of Waynetown - (IN),Municipal,Y,IN,PJM,470,51,6,,527,,,,,,,,,,,,,,,,470.0,51.0,6.0,0.0,527.0,,,,,,,,,,,,,,,
2024,20228.0,Weakley County Mun Elec Sys,Municipal,,TN,TVA,0,0,0,0,0,15315,5573,5,0,20893,0,0,0,0,0,0,0,0,0,0,15315.0,5573.0,5.0,0.0,20893.0,236469,188404,32733,0,457606,0,0,0,0,0,0,0,0,0,0
2024,20230.0,Weatherford Mun Utility System,Municipal,,TX,ERCO,,,,,,14466,2497,4,,16967,,,,,,,,,,,14466.0,2497.0,4.0,0.0,16967.0,203739,192779,29370,,425888,,,,,,,,,,
2024,20259.0,City of Webster City - (IA),Municipal,Y,IA,MISO,21,41,0,,62,3839,485,0,,4324,,,,,,,,,,,3860.0,526.0,0.0,0.0,4386.0,30759,26366,0,,57125,,,,,,,,,,
2024,20310.0,Town of Wellesley - (MA),Municipal,,MA,ISNE,9437,1219,5,0,10661,,,,,,,,,,,,,,,,9437.0,1219.0,5.0,0.0,10661.0,,,,,,,,,,,,,,,
2024,20318.0,Webster Electric Coop,Cooperative,,MO,AECI,,,,,,18820,865,,,19685,,,,,,,,,,,18820.0,865.0,0.0,0.0,19685.0,304392,105660,,,410052,,,,,,,,,,
2024,20326.0,Town of West Boylston - (MA),Municipal,Y,MA,ISNE,3217,553,15,,3785,0,0,0,,0,,,,,,,,,,,3217.0,553.0,15.0,0.0,3785.0,0,0,0,,0,,,,,,,,,,
2024,20331.0,City of Weimar - (TX),Municipal,Y,TX,ERCO,645,83,,,728,,,,,,,,,,,,,,,,645.0,83.0,0.0,0.0,728.0,,,,,,,,,,,,,,,
2024,20332.0,Wells Rural Electric Co,Cooperative,,NV,NEVP,4621,957,171,,5749,,,,,,,,,,,,,,,,4621.0,957.0,171.0,0.0,5749.0,,,,,,,,,,,,,,,
2024,20332.0,Wells Rural Electric Co,Cooperative,,UT,NEVP,510,204,4,,718,,,,,,,,,,,,,,,,510.0,204.0,4.0,0.0,718.0,,,,,,,,,,,,,,,
2024,20334.0,Wellsborough Electric Co,Investor Owned,,PA,PJM,0,0,0,0,0,5157,1298,13,0,6468,,,,,,,,,,,5157.0,1298.0,13.0,0.0,6468.0,41971,30336,24610,0,96917,,,,,,,,,,
2024,20337.0,Village of Wellsville - (NY),Municipal,Y,NY,NYIS,2160,389,,,2549,,,,,,,,,,,,,,,,2160.0,389.0,0.0,0.0,2549.0,,,,,,,,,,,,,,,
2024,20343.0,Town of Welsh - (LA),Municipal,Y,LA,MISO,1549,163,8,,1720,,,,,,,,,,,,,,,,1549.0,163.0,8.0,0.0,1720.0,,,,,,,,,,,,,,,
2024,20363.0,West Central Electric Coop Inc - (MO),Cooperative,,MO,AECI,,,,,,15280,166,,,15446,,,,,,,,,,,15280.0,166.0,0.0,0.0,15446.0,259946,72448,,,332394,,,,,,,,,,
2024,20368.0,West Central Electric Coop Inc - (SD),Cooperative,Y,SD,SWPP,,,,,,5457,1344,,,6801,,,,,,,,,,,5457.0,1344.0,0.0,0.0,6801.0,67288,61352,,,128640,,,,,,,,,,
2024,20371.0,"West Florida El Coop Assn, Inc",Cooperative,,FL,SOCO,,,,,,26357,3318,200,,29875,,,,,,,,1,,1,26357.0,3318.0,201.0,0.0,29876.0,339027,71213,5411,,415651,,,,,,,,,,
2024,20377.0,West Kentucky Rural E C C,Cooperative,,KY,TVA,0,0,0,0,0,32062,7034,5,0,39101,0,0,0,0,0,0,0,0,0,0,32062.0,7034.0,5.0,0.0,39101.0,445087,192566,248852,0,886505,32062,7034,5,0,39101,0,0,0,0,0
2024,20379.0,Town of Westfield - (IA),Municipal,Y,IA,SWPP,68,8,,,76,,,,,0,,,,,,,,,,,68.0,8.0,0.0,0.0,76.0,,,,,0,,,,,,,,,,
2024,20380.0,City of West Liberty - (IA),Municipal,Y,IA,MISO,1716,87,1,,1804,,,,,,,,,,,,,,,,1716.0,87.0,1.0,0.0,1804.0,,,,,,,,,,,,,,,
2024,20382.0,City of West Memphis - (AR),Municipal,,AR,AECI,,,,,,10199,1509,192,,11900,,,,,,100,,,,100,10299.0,1509.0,192.0,0.0,12000.0,,99222,125626,,224848,,,,,0,,,,,
2024,20385.0,West Oregon Electric Coop Inc,Cooperative,Y,OR,BPAT,4235,318,,,4553,0,0,,,0,,,,,,,,,,,4235.0,318.0,0.0,0.0,4553.0,,,,,,,,,,,,,,,
2024,20392.0,City of West Plains - (MO),Municipal,Y,MO,SWPP,10,,,,10,5141,1120,190,,6451,,,,,,,,,,,5151.0,1120.0,190.0,0.0,6461.0,43379,62397,67550,,173326,,,,,,,,,,
2024,20394.0,City of West Point - (MS),Municipal,,MS,TVA,0,0,0,0,0,2978,860,2,0,3840,0,0,0,0,0,0,0,0,0,0,2978.0,860.0,2.0,0.0,3840.0,34496,39562,39697,0,113755,0,0,0,0,0,0,0,0,0,0
2024,20396.0,West Point Utility System,Municipal,Y,IA,MISO,699,156,,,855,,,,,,,,,,,,,,,,699.0,156.0,0.0,0.0,855.0,,,,,,,,,,,,,,,
2024,20397.0,City of West Point - (NE),Municipal,Y,NE,SWPP,,,,,,1526,346,72,,1944,,,,,,,,,,,1526.0,346.0,72.0,0.0,1944.0,14215,6507,27875,,48597,,,,,,,,,,
2024,20401.0,West River Electric Assn Inc,Cooperative,,SD,SWPP,,,,,,18423,2228,23,0,20674,,,,,,,,,,,18423.0,2228.0,23.0,0.0,20674.0,198316,102611,36394,0,337321,18423,2228,23,0,20674,5483,,,,5483
2024,20404.0,AEP Texas North Company,Investor Owned,,TX,ERCO,5,,,,5,157081,37658,5123,,199862,,,,,,20,79,51,,150,157106.0,37737.0,5174.0,0.0,200017.0,1892559,5970685,2805970,,10669214,156947,36913,5090,,198950,,,,,
2024,20413.0,Mountrail-Williams Elec Coop,Cooperative,,ND,SWPP,,,,,,15393,2949,5390,,23732,,,,,,,,,,,15393.0,2949.0,5390.0,0.0,23732.0,190309,1675061,4459236,,6324606,11405,2650,4986,,19041,,,,,
2024,20422.0,Whetstone Valley Elec Coop Inc,Cooperative,Y,SD,SWPP,,,,,,3282,44,332,,3658,,,,,,,,,,,3282.0,44.0,332.0,0.0,3658.0,52382,440,42960,,95782,,,,,,,,,,
2024,20430.0,City of Westbrook,Municipal,Y,MN,MISO,371,68,,,439,23,7,,,30,,,,,,,,,,,394.0,75.0,0.0,0.0,469.0,195,701,,,896,,,,,,,,,,
2024,20434.0,City of Westby,Municipal,,WI,MISO,1018,132,0,0,1150,,5,,0,5,,,,,,36,88,0,0,124,1054.0,225.0,0.0,0.0,1279.0,0,2726,0,0,2726,0,0,0,0,0,,,,,
2024,20456.0,Twin Valleys Public Power Dist,Political Subdivision,Y,NE,SWPP,,,,,,2850,2492,1395,,6737,,,,,,,,,,,2850.0,2492.0,1395.0,0.0,6737.0,38440,31992,35358,,105790,,,,,,,,,,
2024,20472.0,"Wharton County Elec Coop, Inc",Cooperative,,TX,ERCO,5557,,,,5557,,,,,,,,,,,,1107,16,,1123,5557.0,1107.0,16.0,0.0,6680.0,,,,,,,,,,,,,,,
2024,20476.0,Western Coop Electric Assn Inc,Cooperative,,KS,SWPP,,,,,0,5799,5797,480,,12076,,,,,,,,,,,5799.0,5797.0,480.0,0.0,12076.0,59961,269367,11588,,340916,5799,5797,480,,12076,,,,,
2024,20477.0,City of Westerville - (OH),Municipal,,OH,PJM,0,0,0,,0,15713,2252,1,,17966,,,,,,,,,,,15713.0,2252.0,1.0,0.0,17966.0,173993,260296,15754,,450043,,,,,,,,,,
2024,20480.0,Village of Westfield - (NY),Municipal,Y,NY,NYIS,2510,530,15,,3055,,,,,,,,,,,,,,,,2510.0,530.0,15.0,0.0,3055.0,,,,,,,,,,,,,,,
2024,20481.0,City of Westfield - (MA),Municipal,,MA,ISNE,,,,,0,16304,2216,93,,18613,,,,,,49,5,,,54,16353.0,2221.0,93.0,0.0,18667.0,129962,100674,121574,,352210,,,,,,,,,,
2024,20490.0,City of Westminster - (SC),Municipal,Y,SC,DUK,8,,,,8,1513,,,,1513,,,,,,,,,,,1521.0,0.0,0.0,0.0,1521.0,26098,,,,26098,,,,,,,,,,
2024,20506.0,"Wheatland Rural Elec Assn, Inc",Cooperative,Y,WY,WACM,2538,977,563,,4078,,,17,,17,,,,,,,,,,,2538.0,977.0,580.0,0.0,4095.0,,,97924,,97924,,,,,,,,,,
2024,20509.0,Wheat Belt Public Power Dist,Political Subdivision,Y,NE,WACM,,,,,0,3232,800,1018,,5050,,,,,,,,,,,3232.0,800.0,1018.0,0.0,5050.0,32,34,94,,160,,,,,,,,,,
2024,20510.0,"Wheatland Electric Coop, Inc",Cooperative,,CO,SWPP,,,,,,31,28,,,59,,,,,,,,,,,31.0,28.0,0.0,0.0,59.0,147,675,,,822,,,,,,,,,,
2024,20510.0,"Wheatland Electric Coop, Inc",Cooperative,,KS,SWPP,,,,,,20118,10896,1291,,32305,,,,,,,4,,,4,20118.0,10900.0,1291.0,0.0,32309.0,211767,495432,80382,,787581,20118,10896,1291,,32305,,,,,
2024,20521.0,Wheeling Power Co,Investor Owned,,WV,PJM,,,,,,34374,6281,423,,41078,,,,,,79,143,46,,268,34453.0,6424.0,469.0,0.0,41346.0,367516,309327,3788086,,4464929,34263,6261,417,,40941,97,,,,97
2024,20534.0,City of Whigham - (GA),Municipal,Y,GA,SOCO,,,,,,248,59,5,,312,,,,,,,,,,,248.0,59.0,5.0,0.0,312.0,2850,1255,1116,,5221,,,,,,,,,,
2024,20574.0,White River Valley El Coop Inc,Cooperative,,MO,AECI,39216,8863,10,,48089,,,,,,,,,,,,,,,,39216.0,8863.0,10.0,0.0,48089.0,,,,,,,,,,,,,,,
2024,20576.0,"White River Electric Assn, Inc",Cooperative,,CO,WACM,,,,,,2633,758,89,,3480,,,,,,,,4,,4,2633.0,758.0,93.0,0.0,3484.0,22111,27831,440442,,490384,2633,758,93,,3484,,,,,
2024,20583.0,Whitehall Electric Utility,Municipal,,WI,MISO,0,0,0,0,0,778,190,1,0,969,,,,,,0,0,0,0,0,778.0,190.0,1.0,0.0,969.0,6156,20094,5988,0,32238,778,184,1,0,963,,,,,
2024,20588.0,City of Whitesboro - (TX),Municipal,Y,TX,ERCO,,,,,0,1853,277,45,,2175,,,,,,,,,,,1853.0,277.0,45.0,0.0,2175.0,22868,9931,1477,,34276,,,,,,,,,,
2024,20603.0,Northeastern Rural E M C,Cooperative,,IN,PJM,,,,,,30610,1946,7,,32563,,,,,,,,,,,30610.0,1946.0,7.0,0.0,32563.0,366913,184075,1160541,,1711529,30610,1946,7,0,32563,246,0,0,0,246
2024,20639.0,"Wild Rice Electric Coop, Inc",Cooperative,,MN,MISO,,,,,,13944,849,4,,14797,,,,,,4,,,,4,13948.0,849.0,4.0,0.0,14801.0,196012,52376,10873,,259261,,,,,,,,,,
2024,20641.0,Village of Wilcox - (NE),Municipal,Y,NE,SWPP,96,10,,,106,,,,,,,,,,,,,,,,96.0,10.0,0.0,0.0,106.0,0,0,0,,0,,,,,,,,,,
2024,20729.0,Town of Williamsport - (MD),Municipal,Y,MD,PJM,861,156,8,,1025,,,,,,,,,,,,,,,,861.0,156.0,8.0,0.0,1025.0,,,,,,,,,,,,,,,
2024,20730.0,City of Williamsport - (IN),Municipal,Y,IN,MISO,842,113,11,,966,,,,,,,,,,,,,,,,842.0,113.0,11.0,0.0,966.0,,,,,,,,,,,,,,,
2024,20731.0,Williamstown Utility Comm,Municipal,Y,KY,PJM,,,,,0,1266,372,22,,1660,,,,,,,,,,,1266.0,372.0,22.0,0.0,1660.0,18042,11236,11022,,40300,,,,,,,,,,
2024,20737.0,Willmar Municipal Utilities,Municipal,,MN,MISO,,,,,,8662,1492,17,,10171,,,,,,,,,,,8662.0,1492.0,17.0,0.0,10171.0,68300,102569,94111,,264980,8662,1492,17,,10171,0,0,0,,0
2024,20785.0,City of Wilson - (NC),Municipal,,NC,CPLE,,,,,,31835,4743,64,,36642,,,,,,1536,140,,,1676,33371.0,4883.0,64.0,0.0,38318.0,402266,302342,390176,,1094784,,,,,,8068,,,,8068
2024,20789.0,City of Wilton - (IA),Municipal,Y,IA,MISO,1352,208,7,,1567,,,,,,,,,,,,,,,,1352.0,208.0,7.0,0.0,1567.0,,,,,,,,,,,,,,,
2024,20792.0,Town of Winamac - (IN),Municipal,Y,IN,MISO,1885,300,,,2185,,,,,,,,,,,,,,,,1885.0,300.0,0.0,0.0,2185.0,,,,,,,,,,,,,,,
2024,20793.0,City of Winchester - (TN),Municipal,,TN,TVA,0,0,0,0,0,0,0,0,0,0,0,0,0,0,0,5292,1539,4,0,6835,5292.0,1539.0,4.0,0.0,6835.0,0,0,0,0,0,0,0,0,0,0,0,0,0,0,0
2024,20806.0,City of Windom,Municipal,Y,MN,MISO,2167,357,40,,2564,,,,,,,,,,,,,,,,2167.0,357.0,40.0,0.0,2564.0,,,,,,,,,,,,,,,
2024,20811.0,Town of Windsor- (NC),Municipal,Y,NC,PJM,1335,393,1,,1729,,,,,,,,,,,,,,,,1335.0,393.0,1.0,0.0,1729.0,,,,,,,,,,,,,,,
2024,20813.0,City of Winfield - (KS),Municipal,,KS,SWPP,3,1,0,,4,6278,1223,23,,7524,,,,,,3,20,0,,23,6284.0,1244.0,23.0,0.0,7551.0,61557,70540,86312,,218409,,,,,,,,,,
2024,20823.0,Winner Municipal Utility,Municipal,Y,SD,SWPP,0,6,,,6,1349,416,,,1765,,,,,,,,,,,1349.0,422.0,0.0,0.0,1771.0,18445,17820,,,36265,,,,,,,,,,
2024,20827.0,City of Winona - (MO),Municipal,Y,MO,AECI,0,0,0,,0,534,88,19,,641,,,,,,,,,,,534.0,88.0,19.0,0.0,641.0,1,1,1,,3,,,,,,,,,,
2024,20835.0,City of Winterset - (IA),Municipal,Y,IA,MISO,1857,150,51,,2058,,,,,,,,,,,,,,,,1857.0,150.0,51.0,0.0,2058.0,,,,,,,,,,,,,,,
2024,20836.0,City of Winterville - (NC),Municipal,Y,NC,CPLE,3135,230,,,3365,,,,,,,,,,,,,,,,3135.0,230.0,0.0,0.0,3365.0,,,,,,,,,,,,,,,
2024,20837.0,City of Winthrop - (MN),Municipal,Y,MN,MISO,697,95,0,,792,,,,,,,,,,,,,,,,697.0,95.0,0.0,0.0,792.0,,,,,,,,,,,,,,,
2024,20841.0,"Wiregrass Electric Coop, Inc",Cooperative,,AL,SOCO,,,,,,22401,4697,,,27098,,,,,,,,,,,22401.0,4697.0,0.0,0.0,27098.0,328360,80675,,,409035,,,,,,,,,,
2024,20847.0,Wisconsin Electric Power Co,Investor Owned,,WI,MISO,118,21,,,139,1066108,134393,1222,2,1201725,,,,,,2,1,,,3,1066228.0,134415.0,1222.0,2.0,1201867.0,7492408,8547437,6497522,1307,22538674,,14458,612,,15070,,,,,
2024,20848.0,City of Blue Hill - (NE),Municipal,Y,NE,SWPP,361,117,3,,481,,,,,0,,,,,,,,,,,361.0,117.0,3.0,0.0,481.0,,,,,,,,,,,,,,,
2024,20856.0,Wisconsin Power & Light Co,Investor Owned,,WI,MISO,,10,39,,49,438683,62591,937,,502211,,,,,,2734,0,176,,2910,441417.0,62601.0,1152.0,0.0,505170.0,3512401,2354881,1990924,,7858206,,376,94,,470,,,,,
2024,20860.0,Wisconsin Public Service Corp,Investor Owned,,WI,MISO,3,1,0,0,4,416384,57033,1321,0,474738,0,0,0,0,0,0,1,4,0,5,416387.0,57035.0,1325.0,0.0,474747.0,2798976,3173574,3769823,0,9742373,,,,,,,,,,
2024,20862.0,Wisconsin Rapids W W & L Comm,Municipal,,WI,MISO,12395,2167,6,,14568,,,,,,,,,,,,,,,,12395.0,2167.0,6.0,0.0,14568.0,,,,,,,,,,,,,,,
2024,20885.0,Withlacoochee River Elec Coop,Cooperative,,FL,SEC,216432,27538,1637,,245607,12943,1020,69,,14032,,,,,,,,,,,229375.0,28558.0,1706.0,0.0,259639.0,192942,8715,274749,,476406,,,,,,,,,,
2024,20913.0,Town of Wolfeboro - (NH),Municipal,Y,NH,ISNE,4668,1084,17,,5769,,,,,,,,,,,,,,,,4668.0,1084.0,17.0,0.0,5769.0,,,,,,,,,,,,,,,
2024,20927.0,"Wood County Electric Coop, Inc",Cooperative,,TX,SWPP,20,,,,20,35773,5736,,,41509,,,,,,,,,,,35793.0,5736.0,0.0,0.0,41529.0,461142,294248,,,755390,35793,5736,,,41529,,,,,
2024,20945.0,City of Wood River- (NE),Municipal,Y,NE,SWPP,615,152,7,,774,,,,,,,,,,,,,,,,615.0,152.0,7.0,0.0,774.0,,,,,,,,,,,,,,,
2024,20948.0,Wise Electric Coop Inc,Cooperative,,TX,ERCO,20137,6597,,,26734,,,,,,,,,,,,,,,,20137.0,6597.0,0.0,0.0,26734.0,,,,,,,,,,,,,,,
2024,20951.0,Woodbury County Rural E C A,Cooperative,Y,IA,SWPP,0,0,0,,0,3315,133,1,,3449,,,,,,,,,,,3315.0,133.0,1.0,0.0,3449.0,52789,54010,8385,,115184,,,,,,,,,,
2024,20963.0,Woodruff Electric Coop Corp,Cooperative,,AR,MISO,,,,,,12125,1533,6366,,20024,,,,,,,,,,,12125.0,1533.0,6366.0,0.0,20024.0,167759,137507,104725,,409991,12125,,,,12125,336,,3677,,4013
2024,20977.0,City of Woodsfield - (OH),Municipal,Y,OH,PJM,1287,231,0,,1518,,,,,0,,,,,,,,,,,1287.0,231.0,0.0,0.0,1518.0,,,,,,,,,,,,,,,
2024,20996.0,Wright-Hennepin Coop Elec Assn,Cooperative,,MN,MISO,,,,,0,64501,2460,115,0,67076,,,,,,,,,,,64501.0,2460.0,115.0,0.0,67076.0,578060,272150,47318,0,897528,53714,2393,110,0,56217,27810,334,2,0,28146
2024,20997.0,Yellowstone Valley Elec Co-op,Cooperative,,MT,WAUW,21182,1859,255,,23296,,,,,,,,,,,,,,,,21182.0,1859.0,255.0,0.0,23296.0,,,,,,,,,,,,,,,
2024,21002.0,York Electric Coop Inc,Cooperative,,NC,DUK,,,,,0,15,2,,,17,,,,,,,,,,,15.0,2.0,0.0,0.0,17.0,251,126,,,377,,,,,0,,,,,0
2024,21002.0,York Electric Coop Inc,Cooperative,,SC,DUK,608,2114,28,,2750,64651,2929,,,67580,,,,,,,,,,,65259.0,5043.0,28.0,0.0,70330.0,837814,149749,,,987563,64651,2929,,,67580,5948,,,,5948
2024,21013.0,City of Worthington - (MN),Municipal,,MN,MISO,4664,897,12,,5573,,,,,,,,,,,2,9,0,,11,4666.0,906.0,12.0,0.0,5584.0,,,,,,,,,,,,,,,
2024,21015.0,City of Wrangell - (AK),Municipal,Y,AK,NA,0,0,0,,0,1253,995,0,,2248,,,,,,,,,,,1253.0,995.0,0.0,0.0,2248.0,15620,20397,0,,36017,,,,,,,,,,
2024,21048.0,Wyandotte Municipal Serv Comm,Municipal,,MI,MISO,,,,,,11809,1091,0,,12900,,,,,,0,5,2,,7,11809.0,1096.0,2.0,0.0,12907.0,77238,67472,0,,144710,,,,,,,,,,
2024,21056.0,City of Wymore - (NE),Municipal,Y,NE,SWPP,714,111,,,825,,,,,,,,,,,,,,,,714.0,111.0,0.0,0.0,825.0,,,,,,,,,,,,,,,
2024,21066.0,City of Wynnewood - (OK),Municipal,Y,OK,SWPP,,,,,,932,119,8,,1059,,,,,,,,,,,932.0,119.0,8.0,0.0,1059.0,10416,3341,1564,,15321,,,,,,,,,,
2024,21075.0,Y-W Electric Assn Inc,Cooperative,,CO,WACM,,,,,,4876,2277,1678,,8831,,,,,,,,,,,4876.0,2277.0,1678.0,0.0,8831.0,45595,164892,186281,,396768,,,,,,,,,,
2024,21075.0,Y-W Electric Assn Inc,Cooperative,,NE,WACM,,,,,,,,72,,72,,,,,,,,,,,0.0,0.0,72.0,0.0,72.0,,,5030,,5030,,,,,,,,,,
2024,21079.0,Wyrulec Company,Cooperative,Y,NE,WACM,0,0,0,,0,263,231,1,,495,,,,,,,,,,,263.0,231.0,1.0,0.0,495.0,2591,9055,9021,,20667,,,,,,,,,,
2024,21079.0,Wyrulec Company,Cooperative,Y,WY,WACM,1,,,,1,3383,1529,21,,4933,,,,,,,,,,,3384.0,1529.0,21.0,0.0,4934.0,31581,43934,114138,,189653,,,,,,,,,,
2024,21081.0,Yampa Valley Electric Assn Inc,Cooperative,,CO,PSCO,,,,,0,23253,4518,112,,27883,,,,,,,,,,,23253.0,4518.0,112.0,0.0,27883.0,241331,127827,175991,,545149,,,,,,,,,,
2024,21081.0,Yampa Valley Electric Assn Inc,Cooperative,,WY,PSCO,,,,,0,569,189,,,758,,,,,,,,,,,569.0,189.0,0.0,0.0,758.0,5534,4138,,,9672,,,,,,,,,,
2024,21101.0,Village of Yellow Springs - (OH),Municipal,Y,OH,PJM,1421,73,3,,1497,727,7,4,,738,,,,,,,,,,,2148.0,80.0,7.0,0.0,2235.0,14685,3716,17188,,35589,,,,,,,,,,
2024,21108.0,City of Yoakum - (TX),Municipal,Y,TX,ERCO,,,,,0,2654,421,3,,3078,,,,,,,,,,,2654.0,421.0,3.0,0.0,3078.0,3325,24218,2749,,30292,,,,,,,,,,
2024,21111.0,Perennial Public Power Dist,Political Subdivision,,NE,SWPP,,,,,0,4142,1056,2549,,7747,,,,,,,,,,,4142.0,1056.0,2549.0,0.0,7747.0,75351,13100,269584,,358035,,,,,,,,1546,,1546
2024,21114.0,Yazoo Valley Elec Power Assn,Cooperative,,MS,MISO,9488,997,8,,10493,,,,,,,,,,,,,,,,9488.0,997.0,8.0,0.0,10493.0,,,,,,,,,,,,,,,
2024,21143.0,City of Yuma - (CO),Municipal,Y,CO,WACM,1020,265,,,1285,300,30,,,330,,,,,,,,,,,1320.0,295.0,0.0,0.0,1615.0,2360,1000,,,3360,,,,,,,,,,
2024,21158.0,City of Zeeland - (MI),Municipal,,MI,MISO,1,,,,1,6000,885,114,,6999,,,,,,13,1,3,,17,6014.0,886.0,117.0,0.0,7017.0,47832,52700,317172,,417704,6000,885,114,,6999,,,,,
2024,21244.0,"Southside Electric Coop, Inc",Cooperative,,VA,PJM,,,,,0,56846,2473,19,,59338,,,,,,,,,,,56846.0,2473.0,19.0,0.0,59338.0,755642,114999,69237,,939878,56846,2473,19,,59338,1271,,,,1271
2024,21513.0,"Fergus Electric Coop, Inc",Cooperative,,MT,WAUW,,,,,,6682,144,173,,6999,,,,,,,,,,,6682.0,144.0,173.0,0.0,6999.0,64213,185722,4227,,254162,,,,,,,,,,
2024,21526.0,City of Laurens - (SC),Municipal,Y,SC,DUK,1788,487,0,,2275,2803,383,12,,3198,,,,,,,,,,,4591.0,870.0,12.0,0.0,5473.0,29572,15895,22687,,68154,,,,,,,,,,
2024,21538.0,"Mohave Electric Cooperative, Inc.",Cooperative,,AZ,WALC,0,0,0,0,0,39785,4104,23,0,43912,0,0,0,0,0,754,398,1,0,1153,40539.0,4502.0,24.0,0.0,45065.0,470513,204725,88428,0,763666,39785,4104,23,0,43912,0,0,0,0,0
2024,21567.0,"Washington-St Tammany E C, Inc",Cooperative,,LA,MISO,50901,4571,1,,55473,,,,,,,,,,,,,,,,50901.0,4571.0,1.0,0.0,55473.0,,,,,,50901,4571,1,,55473,,,,,
2024,21632.0,EnergyUnited Elec Member Corp,Cooperative,,NC,DUK,27,2,,,29,121968,20170,52,,142190,,,,,,,,,,,121995.0,20172.0,52.0,0.0,142219.0,1717413,627455,413118,,2757986,120913,19460,34,,140407,,,,,
2024,22053.0,Kentucky Power Co,Investor Owned,,KY,PJM,131152,29582,864,0,161598,0,0,0,0,0,0,0,0,0,0,82,262,80,0,424,131234.0,29844.0,944.0,0.0,162022.0,0,0,0,0,0,0,0,0,0,0,55,0,0,0,55
2024,22355.0,PUD No 1 of Mason County,Political Subdivision,Y,WA,BPAT,5213,480,,,5693,,,,,,,,,,,,,,,,5213.0,480.0,0.0,0.0,5693.0,,,,,,,,,,,,,,,
2024,22500.0,"Evergy Kansas Central, Inc",Investor Owned,,KS,SWPP,,,,,,346515,54299,1222,,402036,,,,,,58,7,9,,74,346573.0,54306.0,1231.0,0.0,402110.0,3369949,4263531,1853931,,9487411,341748,51382,1105,,394235,24433,756,,,25189
2024,22646.0,"United Electric Coop, Inc - (MO)",Cooperative,Y,IA,AECI,,,,,,505,23,,,528,,,,,,,,,,,505.0,23.0,0.0,0.0,528.0,6527,852,,,7379,,,,,,,,,,
2024,22646.0,"United Electric Coop, Inc - (MO)",Cooperative,Y,MO,AECI,,,,,,8827,777,30,,9634,,,,,,,,,,,8827.0,777.0,30.0,0.0,9634.0,115830,24379,16770,,156979,,,,,,,,,,
2024,22690.0,Roosevelt County Elec Coop Inc,Cooperative,,NM,SWPP,,,,,,3827,639,1530,,5996,,,,,,,,,,,3827.0,639.0,1530.0,0.0,5996.0,49024,7515,91058,,147597,,,,,,,,,,
2024,22814.0,Raft Rural Elec Coop Inc,Cooperative,,ID,BPAT,,,,,,1391,411,956,,2758,,,,,,,1,,,1,1391.0,412.0,956.0,0.0,2759.0,24920,56535,151701,,233156,,,,,,,,,,
2024,22814.0,Raft Rural Elec Coop Inc,Cooperative,,NV,BPAT,,,,,,1564,268,51,,1883,,,,,,,,,,,1564.0,268.0,51.0,0.0,1883.0,16609,29292,4630,,50531,,,,,,,,,,
2024,22814.0,Raft Rural Elec Coop Inc,Cooperative,,UT,BPAT,,,,,,381,69,299,,749,,,,,,,,,,,381.0,69.0,299.0,0.0,749.0,5005,2714,29752,,37471,,,,,,,,,,
2024,22815.0,Delta Electric Power Assn,Cooperative,,MS,MISO,,,,,,20460,3384,5900,0,29744,,,,,,,,,,,20460.0,3384.0,5900.0,0.0,29744.0,245090,43652,261741,,550483,,,,,,,,,,
2024,22822.0,Clark County Rural E M C - (IN),Cooperative,,IN,MISO,,,,,,27103,1348,134,,28585,,,,,,,,,,,27103.0,1348.0,134.0,0.0,28585.0,390573,71124,50276,,511973,27103,1348,134,,28585,,,,,
2024,23326.0,"Sierra Electric Coop, Inc",Cooperative,Y,NM,PNM,,,,,0,3957,463,,,4420,,,,,,,,,,,3957.0,463.0,0.0,0.0,4420.0,25861,19324,,,45185,,,,,,,,,,
2024,23586.0,"Vigilante Electric Coop, Inc",Cooperative,Y,ID,NWMT,,,,,,30,,,,30,,,,,,,,,,,30.0,0.0,0.0,0.0,30.0,148,,,,148,,,,,,,,,,
2024,23586.0,"Vigilante Electric Coop, Inc",Cooperative,Y,MT,NWMT,,,,,,9760,164,1364,,11288,,,,,,,,,,,9760.0,164.0,1364.0,0.0,11288.0,131,8282,58934,,67347,,,,,,,,,,
2024,23826.0,Bluestem Electric Coop Inc,Cooperative,Y,KS,SWPP,2021,1520,2,,3543,3851,186,0,,4037,,,,,,,,,,,5872.0,1706.0,2.0,0.0,7580.0,7545,1957,0,,9502,,,,,,,,,,
2024,24211.0,Tucson Electric Power Co,Investor Owned,,AZ,TEPC,13846,89,26,,13961,444849,41107,4374,18,490348,,,,,,20,77,38,,135,458715.0,41273.0,4438.0,18.0,504444.0,3401434,2604984,343444,281,6350143,,,,,,,,,,
2024,24558.0,City of Escanaba,Municipal,Y,MI,MISO,1529,327,,,1856,3684,507,35,,4226,,,,,,,,,,,5213.0,834.0,35.0,0.0,6082.0,14475,9666,22978,,47119,,,,,,,,,,
2024,24590.0,Unitil Energy Systems,Investor Owned,,NH,ISNE,1,6,137,,144,68825,11586,25,,80436,,,,,,,,,,,68826.0,11592.0,162.0,0.0,80580.0,495514,332011,49465,,876990,,,,,,,,,,
2024,24753.0,Boone County Rural EMC,Cooperative,,IN,MISO,,,,,,18371,672,,,19043,,,,,,,,,,,18371.0,672.0,0.0,0.0,19043.0,263418,241117,,,504535,18371,672,,,19043,,,,,
2024,24791.0,Village of Bradshaw - (NE),Municipal,Y,NE,SWPP,171,42,3,,216,,,,,,,,,,,,,,,,171.0,42.0,3.0,0.0,216.0,,,,,,,,,,,,,,,
2024,24889.0,Brunswick Electric Member Corp,Cooperative,,NC,CPLE,,,,,,105562,11777,,,117339,,,,,,2,,,,2,105564.0,11777.0,0.0,0.0,117341.0,1212351,394892,,,1607243,105562,11777,,,117339,0,0,,,0
2024,24949.0,Cass County Elec Coop Inc,Cooperative,,ND,MISO,,,,,,51968,7117,602,,59687,,,,,,,,,,,51968.0,7117.0,602.0,0.0,59687.0,615863,478106,264216,,1358185,51968,7117,602,,59687,8342,413,354,,9109
2024,25177.0,Dakota Electric Association,Cooperative,,MN,MISO,,,,,,108399,7757,406,,116562,,,,,,231,605,,,836,108630.0,8362.0,406.0,0.0,117398.0,922512,822083,5853,,1750448,,,,,,,,,,
2024,25295.0,Western Indiana Energy REMC,Cooperative,,IN,MISO,,,,,,15017,2381,41,,17439,,,,,,,,,,,15017.0,2381.0,41.0,0.0,17439.0,211398,116997,277437,,605832,15017,2381,41,,17439,,,,,
2024,25866.0,Ak-Chin Electric Utility Authority,State,,AZ,AZPS,319,119,33,0,471,,,,,,,,,,,,,,,,319.0,119.0,33.0,0.0,471.0,,,,,,,,,,,,,,,
2024,26120.0,Town of Langford- (SD),Municipal,Y,SD,SWPP,163,27,,,190,,,,,,,,,,,,,,,,163.0,27.0,0.0,0.0,190.0,,,,,,,,,,,,,,,
2024,26218.0,Little Ocmulgee El Member Corp,Cooperative,Y,GA,SOCO,11261,256,379,,11896,,,,,,,,,,,,,,,,11261.0,256.0,379.0,0.0,11896.0,,,,,,,,,,,,,,,
2024,26510.0,Liberty Utilities (Granite State Electri,Investor Owned,,NH,ISNE,40490,6168,151,0,46809,107,12,0,0,119,,,,,,462,764,18,0,1244,41059.0,6944.0,169.0,0.0,48172.0,1103,140600,0,0,141703,,,,,,,,,,
2024,26616.0,North Slope Borough Power & Light,Municipal,Y,AK,NA,786,440,0,,1226,0,0,0,,0,,,,,,,,,,,786.0,440.0,0.0,0.0,1226.0,,,,,0,,,,,,,,,,
2024,26765.0,Pella Cooperative Elec Assn,Cooperative,Y,IA,MISO,,,,,,3127,332,7,,3466,,,,,,,,,,,3127.0,332.0,7.0,0.0,3466.0,39306,12631,9675,,61612,,,,,,,,,,
2024,26916.0,"Ravalli County Elec Coop, Inc",Cooperative,Y,MT,NWMT,,,,,,10916,529,643,,12088,,,,,,,,,,,10916.0,529.0,643.0,0.0,12088.0,163327,19104,8553,,190984,,,,,,,,,,
2024,26934.0,"Red Lake Electric Coop, Inc",Cooperative,Y,MN,MISO,11,,,,11,7325,479,,,7804,,,,,,,,,,,7336.0,479.0,0.0,0.0,7815.0,84000,23597,,,107597,,,,,,,,,,
2024,26939.0,Red River Valley Coop Pwr Assn,Cooperative,Y,MN,MISO,0,0,0,,0,5741,1095,0,,6836,,,,,,,,,,,5741.0,1095.0,0.0,0.0,6836.0,74927,57387,0,,132314,,,,,,,,,,
2024,27000.0,WAPA-- Western Area Power Administration,Federal,,AZ,WALC,0,12,6,0,18,0,0,0,0,0,,,,,,,,,,,0.0,12.0,6.0,0.0,18.0,0,0,0,0,0,,,,,,,,,,
2024,27000.0,WAPA-- Western Area Power Administration,Federal,,CA,WALC,0,45,48,1,94,0,0,0,0,0,,,,,,,,,,,0.0,45.0,48.0,1.0,94.0,0,0,0,0,0,,,,,,,,,,
2024,27000.0,WAPA-- Western Area Power Administration,Federal,,CO,WACM,0,8,10,0,18,0,0,0,0,0,,,,,,,,,,,0.0,8.0,10.0,0.0,18.0,0,0,0,0,0,,,,,,,,,,
2024,27000.0,WAPA-- Western Area Power Administration,Federal,,KS,WACM,0,0,3,0,3,0,0,0,0,0,,,,,,,,,,,0.0,0.0,3.0,0.0,3.0,0,0,0,0,0,,,,,,,,,,
2024,27000.0,WAPA-- Western Area Power Administration,Federal,,MN,SWPP,0,4,0,0,4,0,0,0,0,0,,,,,,,,,,,0.0,4.0,0.0,0.0,4.0,0,0,0,0,0,,,,,,,,,,
2024,27000.0,WAPA-- Western Area Power Administration,Federal,,MT,SWPP,0,8,15,0,23,0,0,0,0,0,,,,,,,,,,,0.0,8.0,15.0,0.0,23.0,0,0,0,0,0,,,,,,,,,,
2024,27000.0,WAPA-- Western Area Power Administration,Federal,,ND,SWPP,0,15,9,0,24,0,0,0,0,0,,,,,,,,,,,0.0,15.0,9.0,0.0,24.0,0,0,0,0,0,,,,,,,,,,
2024,27000.0,WAPA-- Western Area Power Administration,Federal,,NE,WACM,0,12,4,0,16,0,0,0,0,0,,,,,,,,,,,0.0,12.0,4.0,0.0,16.0,0,0,0,0,0,,,,,,,,,,
2024,27000.0,WAPA-- Western Area Power Administration,Federal,,NM,WALC,0,3,1,0,4,0,0,0,0,0,,,,,,,,,,,0.0,3.0,1.0,0.0,4.0,0,0,0,0,0,,,,,,,,,,
2024,27000.0,WAPA-- Western Area Power Administration,Federal,,NV,WALC,0,3,0,0,3,0,0,0,0,0,,,,,,,,,,,0.0,3.0,0.0,0.0,3.0,0,0,0,0,0,,,,,,,,,,
2024,27000.0,WAPA-- Western Area Power Administration,Federal,,SD,WACM,0,20,5,0,25,0,0,0,0,0,,,,,,,,,,,0.0,20.0,5.0,0.0,25.0,0,0,0,0,0,,,,,,,,,,
2024,27000.0,WAPA-- Western Area Power Administration,Federal,,UT,WALC,0,5,1,0,6,0,0,0,0,0,,,,,,,,,,,0.0,5.0,1.0,0.0,6.0,0,0,0,0,0,,,,,,,,,,
2024,27000.0,WAPA-- Western Area Power Administration,Federal,,WY,WACM,0,1,5,0,6,0,0,0,0,0,,,,,,,,,,,0.0,1.0,5.0,0.0,6.0,0,0,0,0,0,,,,,,,,,,
2024,27026.0,City of Round Lake - (MN),Municipal,Y,MN,MISO,215,61,,,276,,,,,,,,,,,,,,,,215.0,61.0,0.0,0.0,276.0,,,,,,,,,,,,,,,
2024,27058.0,"High West Energy, Inc",Cooperative,,CO,WACM,,,,,,670,19,367,,1056,,,,,,,,,,,670.0,19.0,367.0,0.0,1056.0,6615,3235,161660,,171510,670,19,367,,1056,,,,,
2024,27058.0,"High West Energy, Inc",Cooperative,,NE,WACM,,,,,,1752,61,1154,,2967,,,,,,,,,,,1752.0,61.0,1154.0,0.0,2967.0,18309,8712,91909,,118930,1752,61,1154,,2967,,,,,
2024,27058.0,"High West Energy, Inc",Cooperative,,WY,WACM,,,,,,5579,22,1348,,6949,,,,,,,,,,,5579.0,22.0,1348.0,0.0,6949.0,68049,327640,197290,,592979,5579,22,1348,,6949,,,,,
2024,27222.0,City of Ripley - (TN),Municipal,,TN,TVA,0,0,0,0,0,5106,1555,2,0,6663,0,0,0,0,0,0,0,0,0,0,5106.0,1555.0,2.0,0.0,6663.0,66145,64821,23360,0,154326,5106,0,0,0,5106,0,0,0,0,0
2024,27238.0,"Southwest Electric Coop, Inc",Cooperative,,MO,AECI,,,,,,41386,3308,,,44694,,,,,,,,,,,41386.0,3308.0,0.0,0.0,44694.0,514552,97451,,,612003,41386,3308,,,44694,,,,,
2024,27316.0,Town of Stowe- (VT),Municipal,Y,VT,ISNE,,,,,,3821,824,1,,4646,,,,,,,,,,,3821.0,824.0,1.0,0.0,4646.0,29425,44498,8166,,82089,,,,,,,,,,
2024,27369.0,Taylor Electric Coop Inc - (TX),Cooperative,,TX,ERCO,,,,,,18722,2740,16,,21478,,,,,,,,,,,18722.0,2740.0,16.0,0.0,21478.0,238436,79117,257744,,575297,,,,,,,,,,
2024,27422.0,Todd-Wadena Electric Coop,Cooperative,Y,MN,MISO,2,0,0,,2,8449,12,850,,9311,,,,,,,,,,,8451.0,12.0,850.0,0.0,9313.0,119090,25109,37539,,181738,,,,,,,,,,
2024,27599.0,Carroll-White REMC,Cooperative,,IN,MISO,14807,340,2,,15149,,,,,,,,,,,,,,,,14807.0,340.0,2.0,0.0,15149.0,,,,,,14807,340,2,,15149,3243,21,,,3264
2024,28541.0,Clatskanie Peoples Util Dist,Political Subdivision,,OR,BPAT,0,0,0,0,0,4156,554,17,0,4727,0,0,0,0,0,13,22,4,0,39,4169.0,576.0,21.0,0.0,4766.0,69492,21753,87156,0,178401,3748,523,6,0,4277,0,0,0,0,0
2024,28604.0,Kerrville Public Utility Board,Municipal,,TX,ERCO,,,,,,20228,4109,,,24337,,,,,,50,,,,50,20278.0,4109.0,0.0,0.0,24387.0,285925,222391,,,508316,20278,4109,,,24387,,,,,
2024,28978.0,City of San Marcos - (TX),Municipal,,TX,ERCO,0,9,0,,9,22261,3752,2,,26015,,,,,,,,,,,22261.0,3761.0,2.0,0.0,26024.0,243422,399393,2422,,645237,,,,,,,,,,
2024,29296.0,Western Illinois Elec Coop,Cooperative,Y,IL,MISO,,,,,,3460,865,,,4325,,,,,,,,,,,3460.0,865.0,0.0,0.0,4325.0,32829,36912,,,69741,,,,,,,,,,
2024,29305.0,City of Madelia - (MN),Municipal,Y,MN,MISO,1045,173,3,,1221,,,,,,,,,,,,,,,,1045.0,173.0,3.0,0.0,1221.0,,,,,,,,,,,,,,,
2024,30517.0,"Pioneer Electric Coop, Inc - (AL)",Cooperative,Y,AL,SOCO,,,,,0,12103,770,,,12873,,,,,,,,,,,12103.0,770.0,0.0,0.0,12873.0,142601,28807,,,171408,,,,,,,,,,
2024,30518.0,Electrical Dist No3 Pinal County,Political Subdivision,,AZ,AZPS,,,,,,32004,2102,411,,34517,,,,,,5,4,,,9,32009.0,2106.0,411.0,0.0,34526.0,454097,190716,222524,,867337,,,,,,,,,,
2024,30856.0,City of Winnfield - (LA),Municipal,Y,LA,MISO,1951,464,3,,2418,,,,,0,,,,,,,,,,,1951.0,464.0,3.0,0.0,2418.0,,,,,0,,,,,,,,,,
2024,31833.0,Okefenoke Rural El Member Corp,Cooperative,,FL,SOCO,,,,,0,11088,591,,,11679,,,,,,,,,,,11088.0,591.0,0.0,0.0,11679.0,170669,15583,,,186252,,,,,,,,,,
2024,31833.0,Okefenoke Rural El Member Corp,Cooperative,,GA,SOCO,,,,,,27736,2239,40,,30015,,,,,,,,,,,27736.0,2239.0,40.0,0.0,30015.0,383096,61784,227267,,672147,,,,,,,,,,
2024,36189.0,"Mid-Ohio Energy Coop, Inc",Cooperative,Y,OH,PJM,,,,,0,8057,128,12,,8197,,,,,,,,,,,8057.0,128.0,12.0,0.0,8197.0,117877,15451,31608,,164936,,,,,,,,,,
2024,38084.0,Great Lakes Energy Coop,Cooperative,,MI,MISO,,,,,,120645,11315,292,,132252,,,,,0,,,,,0,120645.0,11315.0,292.0,0.0,132252.0,884220,184901,528391,,1597512,120645,11315,292,,132252,,,,,
2024,40036.0,Westfield Electric Company,Investor Owned,,WI,MISO,576,148,30,0,754,,,,,,,,,,,,,,,,576.0,148.0,30.0,0.0,754.0,,,,,,,,,,,,,,,
2024,40051.0,Texas-New Mexico Power Co,Investor Owned,,TX,ERCO,,,,,,236315,41254,46,,277615,,,,,,87,62,82,,231,236402.0,41316.0,128.0,0.0,277846.0,3200696,5541755,1179952,,9922403,,,,,,,,,,
2024,40127.0,Clarke-Washington E M C,Cooperative,,AL,SOCO,1,,,,1,18707,1792,61,,20560,,,,,,,1,,,1,18708.0,1793.0,61.0,0.0,20562.0,220000,37000,21231,,278231,,,,,,,,,,
2024,40165.0,"Dixie Escalante R E A, Inc",Cooperative,,AZ,PACE,,,,,,2790,355,,,3145,,,,,,,,,,,2790.0,355.0,0.0,0.0,3145.0,36073,13744,,,49817,2790,355,,,3145,,,,,
2024,40165.0,"Dixie Escalante R E A, Inc",Cooperative,,UT,PACE,,,,,,26906,3032,1,,29939,,,,,,,,,,,26906.0,3032.0,1.0,0.0,29939.0,451026,231816,22953,,705795,26906,3032,1,,29939,,244,,,244
2024,40166.0,"Chickasaw Electric Coop, Inc",Cooperative,,TN,TVA,2190,350,1,0,2541,17386,3177,2,0,20565,0,0,0,0,0,0,0,0,0,0,19576.0,3527.0,3.0,0.0,23106.0,290379.77,162463.87,19951.33,0,472794.98,0,0,0,0,0,0,0,0,0,0
2024,40167.0,"Somerset Rural Elec Coop, Inc",Cooperative,,PA,PJM,9004,1153,,,10157,3318,425,4,,3747,,,,,,,,,,,12322.0,1578.0,4.0,0.0,13904.0,33717,14239,17226,,65182,,,,,,,,,,
2024,40208.0,"Ark Valley Elec Coop Assn, Inc",Cooperative,Y,KS,SWPP,,,,,,4261,967,38,,5266,,,,,,,,,,,4261.0,967.0,38.0,0.0,5266.0,49005,28779,21922,,99706,,,,,,,,,,
2024,40212.0,Colquitt Electric Membership Corp,Cooperative,,GA,SOCO,,,,,,65724,3788,3446,,72958,,,,,,19,0,1,,20,65743.0,3788.0,3447.0,0.0,72978.0,913418,72698,326774,,1312890,65724,3788,3446,,72958,,,,,
2024,40215.0,"Cordova Electric Coop, Inc",Cooperative,Y,AK,NA,939,100,0,,1039,,,,,,,,,,,,,,,,939.0,100.0,0.0,0.0,1039.0,,,,,,,,,,,,,,,
2024,40219.0,"United Electric Coop, Inc - (PA)",Cooperative,Y,PA,PJM,,,,,,16619,2403,188,,19210,,,,,,,,,,,16619.0,2403.0,188.0,0.0,19210.0,120067,17719,29973,,167759,,,,,,,,,,
2024,40220.0,Adams Electric Cooperative Inc,Cooperative,,PA,PJM,,,,,,32231,2289,14,,34534,,,,,0,,,,,,32231.0,2289.0,14.0,0.0,34534.0,445525,86441,42873,,574839,,,,,,,,,,
2024,40221.0,"Bedford Rural Elec Coop, Inc",Cooperative,,PA,PJM,,,,,,8837,739,2,,9578,,,,,,,,,,,8837.0,739.0,2.0,0.0,9578.0,99379,31218,100908,,231505,,,,,,,,,,
2024,40222.0,Valley Rural Electric Coop Inc,Cooperative,,PA,PJM,,,,,,18180,4403,2,,22585,,,,,,,,,,,18180.0,4403.0,2.0,0.0,22585.0,205157,76843,3955,,285955,,,,,,,,,,
2024,40223.0,Warren Electric Coop Inc,Cooperative,Y,PA,PJM,,,,,,7998,695,,,8693,,,,,,,,,,,7998.0,695.0,0.0,0.0,8693.0,43389,9588,,,52977,,,,,,,,,,
2024,40224.0,"Central Electric Coop, Inc - (PA)",Cooperative,,PA,PJM,,,,,,23629,1966,9,,25604,,,,,,,,,,,23629.0,1966.0,9.0,0.0,25604.0,216051,65626,21309,,302986,,,,,,,,,,
2024,40228.0,Rappahannock Electric Coop,Cooperative,,VA,PJM,,,,,0,165807,10829,578,,177214,,,,,,23,60,11,,94,165830.0,10889.0,589.0,0.0,177308.0,2295457,452405,1275968,,4023830,,,,,,,,,,
2024,40236.0,"Forked Deer Electric Coop, Inc",Cooperative,,TN,TVA,0,0,0,0,0,8345,1797,0,0,10142,0,0,0,0,0,0,0,0,0,0,8345.0,1797.0,0.0,0.0,10142.0,131721,25347,0,0,157068,8345,1720,0,0,10065,0,0,0,0,0
2024,40289.0,Claverack Rural Elec Coop Inc,Cooperative,,PA,PJM,1423,64,,,1487,15319,2301,4,,17624,,,,,,,,,,,16742.0,2365.0,4.0,0.0,19111.0,152656,68259,77359,,298274,,,,,,,,,,
2024,40290.0,Tri-County Rural Elec Coop Inc (PA),Cooperative,,PA,PJM,7279,993,,,8272,10927,359,4,,11290,,,,,,,,,,,18206.0,1352.0,4.0,0.0,19562.0,72097,14074,33664,,119835,,,,,,,,,,
2024,40291.0,"Sullivan County R E C, Inc - (PA)",Cooperative,Y,PA,PJM,,,,,,5663,306,22,,5991,,,,,,,,,,,5663.0,306.0,22.0,0.0,5991.0,40368,4063,8106,,52537,,,,,,,,,,
2024,40292.0,REA Energy Coop Inc,Cooperative,,PA,PJM,,,,,,20932,1891,13,,22836,,,,,,,,,,,20932.0,1891.0,13.0,0.0,22836.0,233726,64486,81844,,380056,20932,1891,13,,22836,,,,,
2024,40293.0,"Northwestern Rural E C A, Inc - (PA)",Cooperative,,PA,PJM,,,,,,18190,1428,3,,19621,,,,,,,,,,,18190.0,1428.0,3.0,0.0,19621.0,194697,43111,10760,,248568,,,,,,,,,,
2024,40299.0,Sussex Rural Electric Coop Inc,Cooperative,Y,NJ,PJM,,,,,,12047,78,17,,12142,,,,,,,,,,,12047.0,78.0,17.0,0.0,12142.0,141087,11581,11897,,164565,,,,,,,,,,
2024,40302.0,North East Mississippi EPA,Cooperative,,MS,TVA,0,0,0,0,0,26142,3518,4,0,29664,0,0,0,0,0,0,0,0,0,0,26142.0,3518.0,4.0,0.0,29664.0,324599,246558,59614,0,630771,26142,3518,4,0,29664,0,0,0,0,0
2024,40303.0,Monroe County Elec Power Assn,Cooperative,,MS,TVA,0,0,0,0,0,10170,1650,0,0,11820,0,0,0,0,0,0,0,0,0,0,10170.0,1650.0,0.0,0.0,11820.0,165572,45272,0,0,210844,0,0,0,0,0,0,0,0,0,0
2024,40304.0,Minnesota Valley Coop L&P Assn,Cooperative,,MN,MISO,,,,,,7670,425,112,,8207,,,,,,,,,,,7670.0,425.0,112.0,0.0,8207.0,118670,18073,75774,,212517,,,,,,,,,,
2024,40364.0,City of Courtland,Municipal,,AL,TVA,0,0,0,0,0,0,0,0,0,0,0,0,0,0,0,551,212,0,0,763,551.0,212.0,0.0,0.0,763.0,0,0,0,0,0,0,0,0,0,0,0,0,0,0,0
2024,40367.0,Village of Ladd - (IL),Municipal,Y,IL,MISO,617,59,1,,677,,,,,,,,,,,,,,,,617.0,59.0,1.0,0.0,677.0,,,,,,,,,,,,,,,
2024,40390.0,City of Buffalo - (IA),Municipal,Y,IA,MISO,508,31,0,,539,,,,,,,,,,,,,,,,508.0,31.0,0.0,0.0,539.0,,,,,,,,,,,,,,,
2024,40433.0,City of Enterprise - (UT),Municipal,Y,UT,PACE,757,73,,,830,,,,,,,,,,,,,,,,757.0,73.0,0.0,0.0,830.0,,,,,,,,,,,,,,,
2024,40437.0,Emerald People's Utility Dist,Political Subdivision,,OR,PACW,,,,,,19987,2356,749,,23092,,,,,,71,4,,,75,20058.0,2360.0,749.0,0.0,23167.0,287617,110506,388114,,786237,,,,,,,,,,
2024,40438.0,Columbia River Peoples Ut Dist,Political Subdivision,,OR,BPAT,0,0,0,,0,18333,1994,63,,20390,0,0,0,,0,3,0,0,,3,18336.0,1994.0,63.0,0.0,20393.0,231505,93791,148966,,474262,16378,1092,26,,17496,0,0,0,,0
2024,40441.0,Town of Murphy - (NC),Municipal,,NC,TVA,0,0,0,0,0,0,1,2,0,3,0,0,0,0,0,3685,1723,2,0,5410,3685.0,1724.0,4.0,0.0,5413.0,0,13601,254832,0,268433,0,0,0,0,0,0,0,0,0,0
2024,40456.0,PUD No 1 of Whatcom County,Political Subdivision,,WA,BPAT,,,,,,,,,,,,,,,,,,1,,1,0.0,0.0,1.0,0.0,1.0,,,,,,,,,,,,,,,
2024,40606.0,City of Grand Island - (NE),Municipal,,NE,SWPP,,,,,,18802,3274,92,,22168,,,,,,3997,1258,2,,5257,22799.0,4532.0,94.0,0.0,27425.0,176228,150996,245924,,573148,18802,3274,92,,22168,,,,,
2024,44372.0,Oncor Electric Delivery Company LLC,Investor Owned,,TX,ERCO,,,,,,3533896,535924,8681,356,4078857,3533896,536280,8681,356,4079213,558,6911,2830,63,10362,3534454.0,542835.0,11511.0,419.0,4089219.0,46588161,30041063,1710680,109369,78449273,3476657,523074,10637,1,4010369,39252,855,,,40107
2024,49826.0,Mohegan Tribal Utility Authority,Political Subdivision,Y,CT,ISNE,,76,,,76,,,,,0,,,,,,,,,,,0.0,76.0,0.0,0.0,76.0,,,,,0,,,,,,,,,,
2024,49986.0,Southwest Iowa Rural Elec Coop,Cooperative,Y,IA,MISO,,,,,,5655,407,,,6062,,,,,,,,,,,5655.0,407.0,0.0,0.0,6062.0,67214,28841,,,96055,,,,,,,,,,
2024,49998.0,City of Berea Municipal Utility,Municipal,,KY,LGEE,4722,579,58,0,5359,0,0,0,0,0,0,0,0,0,0,0,0,0,0,0,4722.0,579.0,58.0,0.0,5359.0,0,0,0,0,0,0,0,0,0,0,0,0,0,0,0
2024,54913.0,NSTAR Electric Company,Investor Owned,,MA,ISNE,1307069,250989,2133,1,1560192,,,,,,,,,,,1063,93,1,,1157,1308132.0,251082.0,2134.0,1.0,1561349.0,,,,,,2,56,26,1,85,,8,2,,10
2024,55787.0,City of Moreno Valley - (CA),Municipal,,CA,CISO,0,0,0,0,0,7936,998,10,0,8944,0,0,0,0,0,0,0,0,0,0,7936.0,998.0,10.0,0.0,8944.0,46278,164012,15208,0,225498,7936,998,10,0,8944,0,0,0,0,0
2024,55937.0,Entergy Texas Inc.,Investor Owned,,TX,MISO,136,0,0,0,136,469063,107260,12327,,588650,,,,,,5211,663,1360,,7234,474410.0,107923.0,13687.0,0.0,596020.0,6592602,5117467,9003135,,20713204,,,,,,,,,,
2024,55959.0,Roughrider Electric Cooperativ,Cooperative,,ND,SWPP,11183,3927,77,0,15187,,,,,,,,,,,,,,,,11183.0,3927.0,77.0,0.0,15187.0,,,,,,,,,,,,,,,
2024,55962.0,City of Victorville - (CA),Municipal,Y,CA,CISO,0,0,78,,78,,,,,,,,,,,,,,,,0.0,0.0,78.0,0.0,78.0,,,,,,,,,,,,,,,
2024,55982.0,Heart of Texas Electric Coop,Cooperative,,TX,ERCO,0,,,,0,18722,5928,90,,24740,,,,,,,,,,,18722.0,5928.0,90.0,0.0,24740.0,342370,86604,207001,,635975,18722,5928,90,,24740,,,,,
2024,56146.0,"Black Hills Colorado Electric, LLC",Investor Owned,,CO,PSCO,,,,,,89252,12411,55,,101718,,,,,,,,,,,89252.0,12411.0,55.0,0.0,101718.0,611784,857046,351971,,1820801,,,,,,,,,,
2024,56224.0,Rancho Cucamonga Municipal Utility,Municipal,Y,CA,CISO,,,,,,2583,1008,1,,3592,,,,,,,,,,,2583.0,1008.0,1.0,0.0,3592.0,13631,96710,9840,,120181,,,,,,,,,,
2024,56621.0,Yakama Power,Cooperative,Y,WA,BPAT,,,,,,1876,410,2,,2288,,,,,,,,,,,1876.0,410.0,2.0,0.0,2288.0,35945,44285,11220,,91450,,,,,,,,,,
2024,56697.0,Ameren Illinois Company,Investor Owned,,IL,MISO,0,0,0,0,0,1061338,158774,1095,65,1221272,61,0,0,0,61,832,143,63,0,1038,1062170.0,158917.0,1158.0,65.0,1222310.0,10685550,11751070,8208518,15176,30660314,693497,87738,888,1,782124,0,0,0,0,0
2024,57313.0,Tesla Inc.,Behind the Meter,,AZ,TEPC,8858,416,,,9274,0,0,,,0,,,,,,,,,,,8858.0,416.0,0.0,0.0,9274.0,0,,,,0,,,,,,,,,,
2024,57313.0,Tesla Inc.,Behind the Meter,,AZ,WALC,166,0,,,166,0,0,,,0,,,,,,,,,,,166.0,0.0,0.0,0.0,166.0,0,,,,0,,,,,,,,,,
2024,57313.0,Tesla Inc.,Behind the Meter,,AZ,SRP,6754,47,,,6801,0,0,,,0,,,,,,,,,,,6754.0,47.0,0.0,0.0,6801.0,,,,,,,,,,,,,,,
2024,57313.0,Tesla Inc.,Behind the Meter,,AZ,AZPS,24451,351,,,24802,0,0,,,0,,,,,,,,,,,24451.0,351.0,0.0,0.0,24802.0,,,,,,,,,,,,,,,
2024,57313.0,Tesla Inc.,Behind the Meter,,CA,IID,1356,1,,,1357,0,0,,,0,,,,,,,,,,,1356.0,1.0,0.0,0.0,1357.0,0,,,,0,,,,,,,,,,
2024,57313.0,Tesla Inc.,Behind the Meter,,CA,TIDC,404,1,,,405,0,0,,,0,,,,,,,,,,,404.0,1.0,0.0,0.0,405.0,,,,,,,,,,,,,,,
2024,57313.0,Tesla Inc.,Behind the Meter,,CA,PACW,2,1,,,3,0,0,,,0,,,,,,,,,,,2.0,1.0,0.0,0.0,3.0,,,,,,,,,,,,,,,
2024,57313.0,Tesla Inc.,Behind the Meter,,CA,BANC,9948,23,,,9971,0,0,,,0,,,,,,,,,,,9948.0,23.0,0.0,0.0,9971.0,,,,,,,,,,,,,,,
2024,57313.0,Tesla Inc.,Behind the Meter,,CA,LDWP,8959,71,,,9030,0,0,,,0,,,,,,,,,,,8959.0,71.0,0.0,0.0,9030.0,0,,,,0,,,,,,,,,,
2024,57313.0,Tesla Inc.,Behind the Meter,,CA,WALC,1,0,,,1,0,0,,,0,,,,,,,,,,,1.0,0.0,0.0,0.0,1.0,,,,,,,,,,,,,,,
2024,57313.0,Tesla Inc.,Behind the Meter,,CA,CISO,126771,6264,,,133035,0,0,,,0,,,,,,,,,,,126771.0,6264.0,0.0,0.0,133035.0,,,,,,,,,,,,,,,
2024,57313.0,Tesla Inc.,Behind the Meter,,CO,WACM,19,939,,,958,0,0,,,0,,,,,,,,,,,19.0,939.0,0.0,0.0,958.0,,,,,,,,,,,,,,,
2024,57313.0,Tesla Inc.,Behind the Meter,,CO,PSCO,12893,62,,,12955,0,0,,,0,,,,,,,,,,,12893.0,62.0,0.0,0.0,12955.0,,,,,,,,,,,,,,,
2024,57313.0,Tesla Inc.,Behind the Meter,,CT,ISNE,8464,848,,,9312,0,0,,,0,,,,,,,,,,,8464.0,848.0,0.0,0.0,9312.0,,,,,,,,,,,,,,,
2024,57313.0,Tesla Inc.,Behind the Meter,,DC,PJM,506,0,,,506,0,0,,,0,,,,,,,,,,,506.0,0.0,0.0,0.0,506.0,,,,,,,,,,,,,,,
2024,57313.0,Tesla Inc.,Behind the Meter,,DE,PJM,3327,1,,,3328,0,0,,,0,,,,,,,,,,,3327.0,1.0,0.0,0.0,3328.0,,,,,,,,,,,,,,,
2024,57313.0,Tesla Inc.,Behind the Meter,,FL,FPC,436,0,,,436,0,0,,,0,,,,,,,,,,,436.0,0.0,0.0,0.0,436.0,,,,,,,,,,,,,,,
2024,57313.0,Tesla Inc.,Behind the Meter,,FL,SOCO,,267,,,267,0,0,,,0,,,,,,,,,,,0.0,267.0,0.0,0.0,267.0,,,,,,,,,,,,,,,
2024,57313.0,Tesla Inc.,Behind the Meter,,FL,SEC,245,,,,245,0,0,,,0,,,,,,,,,,,245.0,0.0,0.0,0.0,245.0,,,,,,,,,,,,,,,
2024,57313.0,Tesla Inc.,Behind the Meter,,FL,FPL,10,0,,,10,0,0,,,0,,,,,,,,,,,10.0,0.0,0.0,0.0,10.0,,,,,,,,,,,,,,,
2024,57313.0,Tesla Inc.,Behind the Meter,,FL,FMPP,12,,,,12,0,0,,,0,,,,,,,,,,,12.0,0.0,0.0,0.0,12.0,,,,,,,,,,,,,,,
2024,57313.0,Tesla Inc.,Behind the Meter,,HI,HECO,1905,2354,,,4259,0,0,,,0,,,,,,,,,,,1905.0,2354.0,0.0,0.0,4259.0,,,,,,,,,,,,,,,
2024,57313.0,Tesla Inc.,Behind the Meter,,HI,NA,466,18,,,484,0,0,,,0,,,,,,,,,,,466.0,18.0,0.0,0.0,484.0,,,,,,,,,,,,,,,
2024,57313.0,Tesla Inc.,Behind the Meter,,IL,PJM,4,0,,,4,0,0,,,0,,,,,,,,,,,4.0,0.0,0.0,0.0,4.0,,,,,,,,,,,,,,,
2024,57313.0,Tesla Inc.,Behind the Meter,,MA,ISNE,19248,25,,,19273,0,0,,,0,,,,,,,,,,,19248.0,25.0,0.0,0.0,19273.0,,,,,,,,,,,,,,,
2024,57313.0,Tesla Inc.,Behind the Meter,,MD,PJM,26988,148,,,27136,0,0,,,0,,,,,,,,,,,26988.0,148.0,0.0,0.0,27136.0,,,,,,,,,,,,,,,
2024,57313.0,Tesla Inc.,Behind the Meter,,ME,ISNE,,4,,,4,,0,,,0,,,,,,,,,,,0.0,4.0,0.0,0.0,4.0,,,,,,,,,,,,,,,
2024,57313.0,Tesla Inc.,Behind the Meter,,NH,ISNE,1205,0,,,1205,0,0,,,0,,,,,,,,,,,1205.0,0.0,0.0,0.0,1205.0,,,,,,,,,,,,,,,
2024,57313.0,Tesla Inc.,Behind the Meter,,NJ,PJM,9810,76,,,9886,0,0,,,0,,,,,,,,,,,9810.0,76.0,0.0,0.0,9886.0,0,,,,0,,,,,,,,,,
2024,57313.0,Tesla Inc.,Behind the Meter,,NJ,NYIS,245,0,,,245,0,0,,,0,,,,,,,,,,,245.0,0.0,0.0,0.0,245.0,,,,,,,,,,,,,,,
2024,57313.0,Tesla Inc.,Behind the Meter,,NM,EPE,3,3,,,6,0,0,,,0,,,,,,,,,,,3.0,3.0,0.0,0.0,6.0,,,,,,,,,,,,,,,
2024,57313.0,Tesla Inc.,Behind the Meter,,NM,PNM,347,770,,,1117,0,0,,,0,,,,,,,,,,,347.0,770.0,0.0,0.0,1117.0,,,,,,,,,,,,,,,
2024,57313.0,Tesla Inc.,Behind the Meter,,NV,NEVP,12391,7,,,12398,0,0,,,0,,,,,,,,,,,12391.0,7.0,0.0,0.0,12398.0,,,,,,,,,,,,,,,
2024,57313.0,Tesla Inc.,Behind the Meter,,NY,NYIS,16989,165,,,17154,0,0,,,0,,,,,,,,,,,16989.0,165.0,0.0,0.0,17154.0,0,,,,0,,,,,,,,,,
2024,57313.0,Tesla Inc.,Behind the Meter,,NY,ISNE,1,0,,,1,0,0,,,0,,,,,,,,,,,1.0,0.0,0.0,0.0,1.0,,,,,,,,,,,,,,,
2024,57313.0,Tesla Inc.,Behind the Meter,,OH,PJM,,18,,,18,,0,,,0,,,,,,,,,,,0.0,18.0,0.0,0.0,18.0,,,,,,,,,,,,,,,
2024,57313.0,Tesla Inc.,Behind the Meter,,OR,PACW,475,27,,,502,0,0,,,0,,,,,,,,,,,475.0,27.0,0.0,0.0,502.0,,,,,,,,,,,,,,,
2024,57313.0,Tesla Inc.,Behind the Meter,,OR,BPAT,17,2,,,19,0,0,,,0,,,,,,,,,,,17.0,2.0,0.0,0.0,19.0,,,,,,,,,,,,,,,
2024,57313.0,Tesla Inc.,Behind the Meter,,OR,PGE,3157,19,,,3176,0,0,,,0,,,,,,,,,,,3157.0,19.0,0.0,0.0,3176.0,,,,,,,,,,,,,,,
2024,57313.0,Tesla Inc.,Behind the Meter,,PA,PJM,6956,8,,,6964,0,0,,,0,,,,,,,,,,,6956.0,8.0,0.0,0.0,6964.0,,,,,,,,,,,,,,,
2024,57313.0,Tesla Inc.,Behind the Meter,,RI,ISNE,95,214,,,309,0,0,,,0,,,,,,,,,,,95.0,214.0,0.0,0.0,309.0,,,,,,,,,,,,,,,
2024,57313.0,Tesla Inc.,Behind the Meter,,TX,ERCO,6138,1269,,,7407,0,0,,,0,,,,,,,,,,,6138.0,1269.0,0.0,0.0,7407.0,,,,,,,,,,,,,,,
2024,57313.0,Tesla Inc.,Behind the Meter,,TX,EPE,1126,2,,,1128,0,0,,,0,,,,,,,,,,,1126.0,2.0,0.0,0.0,1128.0,,,,,,,,,,,,,,,
2024,57313.0,Tesla Inc.,Behind the Meter,,UT,PACE,1,4,,,5,0,0,,,0,,,,,,,,,,,1.0,4.0,0.0,0.0,5.0,,,,,,,,,,,,,,,
2024,57313.0,Tesla Inc.,Behind the Meter,,VA,PJM,66,2,,,68,0,0,,,0,,,,,,,,,,,66.0,2.0,0.0,0.0,68.0,,,,,,,,,,,,,,,
2024,57313.0,Tesla Inc.,Behind the Meter,,VT,ISNE,1588,0,,,1588,0,0,,,0,,,,,,,,,,,1588.0,0.0,0.0,0.0,1588.0,,,,,,,,,,,,,,,
2024,57313.0,Tesla Inc.,Behind the Meter,,WA,PSEI,99,0,,,99,0,0,,,0,,,,,,,,,,,99.0,0.0,0.0,0.0,99.0,,,,,,,,,,,,,,,
2024,57483.0,Liberty Utilities,Investor Owned,,CA,CISO,14101,1186,,,15287,,,,,,,,,,,30968,4930,,,35898,45069.0,6116.0,0.0,0.0,51185.0,,,,,,,,,,,,,,,
2024,58113.0,"Texas A&M, Utilities & Energy Services",State,,TX,ERCO,2,28,13,,43,,,,,0,,,,,0,,,,,0,2.0,28.0,13.0,0.0,43.0,,,,,0,,,,,0,,,,,0
2024,58123.0,Aha Macav Power Service,Political Subdivision,Y,AZ,WALC,0,0,0,,0,445,159,40,,644,,,,,,,,,,,445.0,159.0,40.0,0.0,644.0,5666,8627,6580,,20873,,,,,,,,,,
2024,58123.0,Aha Macav Power Service,Political Subdivision,Y,CA,WALC,0,0,0,,0,81,15,21,,117,,,,,,,,,,,81.0,15.0,21.0,0.0,117.0,1183,453,2671,,4307,,,,,,,,,,
2024,58123.0,Aha Macav Power Service,Political Subdivision,Y,NV,WALC,0,0,0,,0,207,72,5,,284,,,,,,,,,,,207.0,72.0,5.0,0.0,284.0,2810,15120,462,,18392,,,,,,,,,,
2024,58124.0,City of Winter Park - (FL),Municipal,,FL,FPC,12137,2606,,,14743,,,,,,,,,,,,,,,,12137.0,2606.0,0.0,0.0,14743.0,,,,,,,,,,,,,,,
2024,58126.0,Pittsburg Power Company,Municipal,Y,CA,CISO,,,,,,380,210,5,,595,,,,,,,,,,,380.0,210.0,5.0,0.0,595.0,10,23,71,,104,,,,,,,,,,
2024,58139.0,Town of Pickstown - (SD),Municipal,Y,SD,SWPP,,,,,,172,28,,,200,,,,,,,,,,,172.0,28.0,0.0,0.0,200.0,1804,975,,,2779,,,,,,,,,,
2024,58789.0,DOD USMC Marine Air Ground Combat,Federal,Y,CA,CISO,,258,15,,273,,,,,,,,,,,,,,,,0.0,258.0,15.0,0.0,273.0,,,,,,,,,,,,,,,
2024,59013.0,PUD No 1 of Jefferson County,Political Subdivision,,WA,BPAT,195,2,,,197,17681,2277,,,19958,0,0,,,0,453,0,,,453,18329.0,2279.0,0.0,0.0,20608.0,215456,66341,,,281797,17681,2277,,,19958,0,0,,,0
2024,59505.0,Heartland REMC,Cooperative,,IN,PJM,,,,,,18013,467,7,,18487,,,,,,,,,,,18013.0,467.0,7.0,0.0,18487.0,258329,177748,239059,,675136,18013,467,7,,18487,,,,,
2024,59580.0,"SunPower Capital, LLC",Behind the Meter,,AZ,SRP,,,,,,464,,,,464,,,,,,,,,,,464.0,0.0,0.0,0.0,464.0,4653,,,,4653,,,,,,,,,,
2024,59580.0,"SunPower Capital, LLC",Behind the Meter,,AZ,TEPC,,,,,,2400,,,,2400,,,,,,,,,,,2400.0,0.0,0.0,0.0,2400.0,24050,,,,24050,,,,,,,,,,
2024,59580.0,"SunPower Capital, LLC",Behind the Meter,,AZ,AZPS,,,,,,8153,,,,8153,,,,,,,,,,,8153.0,0.0,0.0,0.0,8153.0,81697,,,,81697,,,,,,,,,,
2024,59580.0,"SunPower Capital, LLC",Behind the Meter,,AZ,PSCO,,,,,,6,,,,6,,,,,,,,,,,6.0,0.0,0.0,0.0,6.0,64,,,,64,,,,,,,,,,
2024,59580.0,"SunPower Capital, LLC",Behind the Meter,,AZ,WALC,,,,,,224,,,,224,,,,,,,,,,,224.0,0.0,0.0,0.0,224.0,2245,,,,2245,,,,,,,,,,
2024,59580.0,"SunPower Capital, LLC",Behind the Meter,,AZ,CISO,,,,,,212,,,,212,,,,,,,,,,,212.0,0.0,0.0,0.0,212.0,2123,,,,2123,,,,,,,,,,
2024,59647.0,Sunrun Inc.,Behind the Meter,,AZ,WALC,,,,,,20,,,,20,,,,,,,,,,,20.0,0.0,0.0,0.0,20.0,188.83,,,,188.83,,,,,,,,,,
2024,59647.0,Sunrun Inc.,Behind the Meter,,AZ,TEPC,,,,,,4006,,,,4006,,,,,,,,,,,4006.0,0.0,0.0,0.0,4006.0,45002.34,,,,45002.34,,,,,,,,,,
2024,59647.0,Sunrun Inc.,Behind the Meter,,AZ,SRP,,,,,,1009,,,,1009,,,,,,,,,,,1009.0,0.0,0.0,0.0,1009.0,12693.72,,,,12693.72,,,,,,,,,,
2024,59647.0,Sunrun Inc.,Behind the Meter,,AZ,AZPS,,,,,,36059,,,,36059,,,,,,,,,,,36059.0,0.0,0.0,0.0,36059.0,469170.3,,,,469170.3,,,,,,,,,,
2024,59647.0,Sunrun Inc.,Behind the Meter,,CA,IID,,,,,,1134,,,,1134,,,,,,,,,,,1134.0,0.0,0.0,0.0,1134.0,8746.46,,,,8746.46,,,,,,,,,,
2024,59647.0,Sunrun Inc.,Behind the Meter,,CA,LDWP,,,,,,6730,,,,6730,,,,,,,,,,,6730.0,0.0,0.0,0.0,6730.0,49616.85,,,,49616.85,,,,,,,,,,
2024,59647.0,Sunrun Inc.,Behind the Meter,,CA,TIDC,,,,,,116,,,,116,,,,,,,,,,,116.0,0.0,0.0,0.0,116.0,709.86,,,,709.86,,,,,,,,,,
2024,59647.0,Sunrun Inc.,Behind the Meter,,CA,CISO,,,,,,329659,,,,329659,,,,,,,,,,,329659.0,0.0,0.0,0.0,329659.0,2476242.58,,,,2476242.58,,,,,,,,,,
2024,59647.0,Sunrun Inc.,Behind the Meter,,CA,BANC,,,,,,9350,,,,9350,,,,,,,,,,,9350.0,0.0,0.0,0.0,9350.0,64792.95,,,,64792.95,,,,,,,,,,
2024,59647.0,Sunrun Inc.,Behind the Meter,,CO,PSCO,,,,,,8961,,,,8961,,,,,,,,,,,8961.0,0.0,0.0,0.0,8961.0,66152.31,,,,66152.31,,,,,,,,,,
2024,59647.0,Sunrun Inc.,Behind the Meter,,CO,WACM,,,,,,271,,,,271,,,,,,,,,,,271.0,0.0,0.0,0.0,271.0,2131.76,,,,2131.76,,,,,,,,,,
2024,59647.0,Sunrun Inc.,Behind the Meter,,CT,ISNE,,,,,,18721,,,,18721,,,,,,,,,,,18721.0,0.0,0.0,0.0,18721.0,132356.25,,,,132356.25,,,,,,,,,,
2024,59647.0,Sunrun Inc.,Behind the Meter,,DC,PJM,,,,,,57,,,,57,,,,,,,,,,,57.0,0.0,0.0,0.0,57.0,304.09,,,,304.09,,,,,,,,,,
2024,59647.0,Sunrun Inc.,Behind the Meter,,DE,PJM,,,,,,402,,,,402,,,,,,,,,,,402.0,0.0,0.0,0.0,402.0,2906.32,,,,2906.32,,,,,,,,,,
2024,59647.0,Sunrun Inc.,Behind the Meter,,FL,TEC,,,,,,2509,,,,2509,,,,,,,,,,,2509.0,0.0,0.0,0.0,2509.0,31174.95,,,,31174.95,,,,,,,,,,
2024,59647.0,Sunrun Inc.,Behind the Meter,,FL,FPL,,,,,,1584,,,,1584,,,,,,,,,,,1584.0,0.0,0.0,0.0,1584.0,17188.89,,,,17188.89,,,,,,,,,,
2024,59647.0,Sunrun Inc.,Behind the Meter,,FL,FPC,,,,,,12067,,,,12067,,,,,,,,,,,12067.0,0.0,0.0,0.0,12067.0,137096.69,,,,137096.69,,,,,,,,,,
2024,59647.0,Sunrun Inc.,Behind the Meter,,HI,HECO,,,,,,16561,,,,16561,,,,,,,,,,,16561.0,0.0,0.0,0.0,16561.0,126034.04,,,,126034.04,,,,,,,,,,
2024,59647.0,Sunrun Inc.,Behind the Meter,,IL,PJM,,,,,,36377,,,,36377,,,,,,,,,,,36377.0,0.0,0.0,0.0,36377.0,267794.12,,,,267794.12,,,,,,,,,,
2024,59647.0,Sunrun Inc.,Behind the Meter,,MA,ISNE,,,,,,63011,,,,63011,,,,,,,,,,,63011.0,0.0,0.0,0.0,63011.0,412397.32,,,,412397.32,,,,,,,,,,
2024,59647.0,Sunrun Inc.,Behind the Meter,,MD,PJM,,,,,,25773,,,,25773,,,,,,,,,,,25773.0,0.0,0.0,0.0,25773.0,225806.49,,,,225806.49,,,,,,,,,,
2024,59647.0,Sunrun Inc.,Behind the Meter,,NH,ISNE,,,,,,3999,,,,3999,,,,,,,,,,,3999.0,0.0,0.0,0.0,3999.0,31863.66,,,,31863.66,,,,,,,,,,
2024,59647.0,Sunrun Inc.,Behind the Meter,,NJ,PJM,,,,,,47733,,,,47733,,,,,,,,,,,47733.0,0.0,0.0,0.0,47733.0,339127.12,,,,339127.12,,,,,,,,,,
2024,59647.0,Sunrun Inc.,Behind the Meter,,NM,PNM,,,,,,3327,,,,3327,,,,,,,,,,,3327.0,0.0,0.0,0.0,3327.0,30355,,,,30355,,,,,,,,,,
2024,59647.0,Sunrun Inc.,Behind the Meter,,NV,NEVP,,,,,,24202,,,,24202,,,,,,,,,,,24202.0,0.0,0.0,0.0,24202.0,267851.62,,,,267851.62,,,,,,,,,,
2024,59647.0,Sunrun Inc.,Behind the Meter,,NY,PJM,,,,,,22779,,,,22779,,,,,,,,,,,22779.0,0.0,0.0,0.0,22779.0,159893.13,,,,159893.13,,,,,,,,,,
2024,59647.0,Sunrun Inc.,Behind the Meter,,NY,NYIS,,,,,,14930,,,,14930,,,,,,,,,,,14930.0,0.0,0.0,0.0,14930.0,84213.55,,,,84213.55,,,,,,,,,,
2024,59647.0,Sunrun Inc.,Behind the Meter,,NY,ISNE,,,,,,3880,,,,3880,,,,,,,,,,,3880.0,0.0,0.0,0.0,3880.0,27000.81,,,,27000.81,,,,,,,,,,
2024,59647.0,Sunrun Inc.,Behind the Meter,,OR,PGE,,,,,,82,,,,82,,,,,,,,,,,82.0,0.0,0.0,0.0,82.0,396.57,,,,396.57,,,,,,,,,,
2024,59647.0,Sunrun Inc.,Behind the Meter,,PA,PJM,,,,,,5175,,,,5175,,,,,,,,,,,5175.0,0.0,0.0,0.0,5175.0,43966.07,,,,43966.07,,,,,,,,,,
2024,59647.0,Sunrun Inc.,Behind the Meter,,RI,ISNE,,,,,,3467,,,,3467,,,,,,,,,,,3467.0,0.0,0.0,0.0,3467.0,22771.23,,,,22771.23,,,,,,,,,,
2024,59647.0,Sunrun Inc.,Behind the Meter,,SC,DUK,,,,,,3786,,,,3786,,,,,,,,,,,3786.0,0.0,0.0,0.0,3786.0,37958.87,,,,37958.87,,,,,,,,,,
2024,59647.0,Sunrun Inc.,Behind the Meter,,SC,SCEG,,,,,,3902,,,,3902,,,,,,,,,,,3902.0,0.0,0.0,0.0,3902.0,31042.79,,,,31042.79,,,,,,,,,,
2024,59647.0,Sunrun Inc.,Behind the Meter,,TX,ERCO,,,,,,11851,,,,11851,,,,,,,,,,,11851.0,0.0,0.0,0.0,11851.0,98808,,,,98808,,,,,,,,,,
2024,59647.0,Sunrun Inc.,Behind the Meter,,UT,PACE,,,,,,751,,,,751,,,,,,,,,,,751.0,0.0,0.0,0.0,751.0,6207.82,,,,6207.82,,,,,,,,,,
2024,59647.0,Sunrun Inc.,Behind the Meter,,VT,ISNE,,,,,,2585,,,,2585,,,,,,,,,,,2585.0,0.0,0.0,0.0,2585.0,17306.93,,,,17306.93,,,,,,,,,,
2024,60025.0,Greenbacker Renewable Energy Corporation,Behind the Meter,,AR,SPA,,,,,0,,2,,,2,,,,,0,,,,,0,0.0,2.0,0.0,0.0,2.0,,2203,,,2203,,,,,0,,,,,0
2024,60025.0,Greenbacker Renewable Energy Corporation,Behind the Meter,,AZ,TEPC,,,,,,,4,,,4,,,,,,,,,,,0.0,4.0,0.0,0.0,4.0,,1289,,,1289,,,,,,,,,,
2024,60025.0,Greenbacker Renewable Energy Corporation,Behind the Meter,,CA,CISO,,,,,0,,22,,,22,,,,,0,,,,,0,0.0,22.0,0.0,0.0,22.0,,12043,,,12043,,,,,0,,,,,0
2024,60025.0,Greenbacker Renewable Energy Corporation,Behind the Meter,,CO,PSCO,,,,,0,,33,,,33,,,,,0,,,,,0,0.0,33.0,0.0,0.0,33.0,,6877,,,6877,,,,,0,,,,,0
2024,60025.0,Greenbacker Renewable Energy Corporation,Behind the Meter,,CT,ISNE,,,,,0,,2,,,2,,,,,0,,,,,0,0.0,2.0,0.0,0.0,2.0,,612,,,612,,,,,0,,,,,0
2024,60025.0,Greenbacker Renewable Energy Corporation,Behind the Meter,,FL,GVL,,,,,0,,1,,,1,,,,,0,,,,,0,0.0,1.0,0.0,0.0,1.0,,457,,,457,,,,,0,,,,,0
2024,60025.0,Greenbacker Renewable Energy Corporation,Behind the Meter,,HI,NA,,,,,0,,1,,,1,,,,,0,,,,,0,0.0,1.0,0.0,0.0,1.0,,429,,,429,,,,,0,,,,,0
2024,60025.0,Greenbacker Renewable Energy Corporation,Behind the Meter,,IN,PJM,,,,,0,,4,,,4,,,,,0,,,,,0,0.0,4.0,0.0,0.0,4.0,,1530,,,1530,,,,,0,,,,,0
2024,60025.0,Greenbacker Renewable Energy Corporation,Behind the Meter,,MA,ISNE,,,,,0,,22,,,22,,,,,0,,,,,0,0.0,22.0,0.0,0.0,22.0,,15685,,,15685,,,,,0,,,,,0
2024,60025.0,Greenbacker Renewable Energy Corporation,Behind the Meter,,MD,PJM,,,,,0,,4,,,4,,,,,0,,,,,0,0.0,4.0,0.0,0.0,4.0,,166,,,166,,,,,0,,,,,0
2024,60025.0,Greenbacker Renewable Energy Corporation,Behind the Meter,,NC,DUK,,,,,0,,3,,,3,,,,,0,,,,,0,0.0,3.0,0.0,0.0,3.0,,1550,,,1550,,,,,0,,,,,0
2024,60025.0,Greenbacker Renewable Energy Corporation,Behind the Meter,,NJ,PJM,,,,,0,,9,,,9,,,,,0,,,,,0,0.0,9.0,0.0,0.0,9.0,,4270,,,4270,,,,,0,,,,,0
2024,60025.0,Greenbacker Renewable Energy Corporation,Behind the Meter,,NY,NYIS,,,,,0,,7,,,7,,,,,0,,,,,0,0.0,7.0,0.0,0.0,7.0,,2434,,,2434,,,,,0,,,,,0
2024,60025.0,Greenbacker Renewable Energy Corporation,Behind the Meter,,RI,ISNE,,,,,0,,1,,,1,,,,,0,,,,,0,0.0,1.0,0.0,0.0,1.0,,1312,,,1312,,,,,0,,,,,0
2024,60025.0,Greenbacker Renewable Energy Corporation,Behind the Meter,,TN,PJM,,,,,0,,15,,,15,,,,,0,,,,,0,0.0,15.0,0.0,0.0,15.0,,5025,,,5025,,,,,0,,,,,0
2024,60025.0,Greenbacker Renewable Energy Corporation,Behind the Meter,,VT,ISNE,,,,,0,,18,,,18,,,,,0,,,,,0,0.0,18.0,0.0,0.0,18.0,,14604,,,14604,,,,,0,,,,,0
2024,60482.0,CKenergy Electric Cooperative,Cooperative,,OK,SWPP,,,,,,22555,4810,33,,27398,,,,,,,,,,,22555.0,4810.0,33.0,0.0,27398.0,271430,316967,188856,,777253,,,,,,,,,,
2024,60502.0,Port of Stockton - (CA),Municipal,Y,CA,CISO,,92,,,92,,,,,,,,,,,,,,,,0.0,92.0,0.0,0.0,92.0,,,,,,,,,,,,,,,
2024,60631.0,Upper Michigan Energy Resources Corp.,Investor Owned,,MI,MISO,40,2,,,42,33720,4128,118,,37966,,,,,,,,,,,33760.0,4130.0,118.0,0.0,38008.0,213688,133191,1454941,,1801820,,118,8,,126,,,,,
2024,60715.0,Port of Oakland,Municipal,Y,CA,CISO,,,617,,617,,,,,,,,,,,,,,,,0.0,0.0,617.0,0.0,617.0,,,,,,,,,,,,,,,
2024,60839.0,Southern Pioneer Electric Company,Cooperative,,KS,SWPP,,,,,,12602,4435,68,,17105,12602,4435,68,,17105,1,0,0,,1,12603.0,4435.0,68.0,0.0,17106.0,117680,148572,484602,,750854,12602,4435,68,,17105,,,,,
2024,60981.0,"TerraForm US Energy Services, LLC",Behind the Meter,,AZ,AZPS,,,,,,,,,,,,,,,,,29,,,29,0.0,29.0,0.0,0.0,29.0,,,,,,,,,,,,,,,
2024,60981.0,"TerraForm US Energy Services, LLC",Behind the Meter,,CA,CISO,,,,,,,,,,,,,,,,,81,,,81,0.0,81.0,0.0,0.0,81.0,,,,,,,,,,,,,,,
2024,60981.0,"TerraForm US Energy Services, LLC",Behind the Meter,,CO,PSCO,,,,,,,,,,,,,,,,,13,,,13,0.0,13.0,0.0,0.0,13.0,,,,,,,,,,,,,,,
2024,60981.0,"TerraForm US Energy Services, LLC",Behind the Meter,,CT,ISNE,,,,,,,,,,,,,,,,,6,,,6,0.0,6.0,0.0,0.0,6.0,,,,,,,,,,,,,,,
2024,60981.0,"TerraForm US Energy Services, LLC",Behind the Meter,,FL,FPC,,,,,,,,,,,,,,,,,3,,,3,0.0,3.0,0.0,0.0,3.0,,,,,,,,,,,,,,,
2024,60981.0,"TerraForm US Energy Services, LLC",Behind the Meter,,GA,SEPA,,,,,,,,,,,,,,,,,5,,,5,0.0,5.0,0.0,0.0,5.0,,,,,,,,,,,,,,,
2024,60981.0,"TerraForm US Energy Services, LLC",Behind the Meter,,HI,HECO,,,,,,,,,,,,,,,,,6,,,6,0.0,6.0,0.0,0.0,6.0,,,,,,,,,,,,,,,
2024,60981.0,"TerraForm US Energy Services, LLC",Behind the Meter,,MA,ISNE,,,,,,,,,,,,,,,,,24,,,24,0.0,24.0,0.0,0.0,24.0,,,,,,,,,,,,,,,
2024,60981.0,"TerraForm US Energy Services, LLC",Behind the Meter,,MD,PJM,,,,,,,,,,,,,,,,,7,,,7,0.0,7.0,0.0,0.0,7.0,,,,,,,,,,,,,,,
2024,60981.0,"TerraForm US Energy Services, LLC",Behind the Meter,,NH,ISNE,,,,,,,,,,,,,,,,,1,,,1,0.0,1.0,0.0,0.0,1.0,,,,,,,,,,,,,,,
2024,60981.0,"TerraForm US Energy Services, LLC",Behind the Meter,,NJ,PJM,,,,,,,,,,,,,,,,,130,,,130,0.0,130.0,0.0,0.0,130.0,,,,,,,,,,,,,,,
2024,60981.0,"TerraForm US Energy Services, LLC",Behind the Meter,,NY,NYIS,,,,,,,,,,,,,,,,,6,,,6,0.0,6.0,0.0,0.0,6.0,,,,,,,,,,,,,,,
2024,60981.0,"TerraForm US Energy Services, LLC",Behind the Meter,,OR,PACW,,,,,,,,,,,,,,,,,3,,,3,0.0,3.0,0.0,0.0,3.0,,,,,,,,,,,,,,,
2024,60981.0,"TerraForm US Energy Services, LLC",Behind the Meter,,PA,PJM,,,,,,,,,,,,,,,,,18,,,18,0.0,18.0,0.0,0.0,18.0,,,,,,,,,,,,,,,
2024,60981.0,"TerraForm US Energy Services, LLC",Behind the Meter,,TX,ERCO,,,,,,,,,,,,,,,,,2,,,2,0.0,2.0,0.0,0.0,2.0,,,,,,,,,,,,,,,
2024,60981.0,"TerraForm US Energy Services, LLC",Behind the Meter,,VT,ISNE,,,,,,,,,,,,,,,,,2,,,2,0.0,2.0,0.0,0.0,2.0,,,,,,,,,,,,,,,
2024,61353.0,Philadelphia Authority for Industrial Development,Municipal,,PA,PJM,,18,,,18,,182,31,,213,,,,,,,,,,,0.0,200.0,31.0,0.0,231.0,,92551,103276,,195827,,,,,,,,,,
2024,61823.0,"Greenskies Renewable Energy, LLC",Behind the Meter,,CA,CISO,,,,,,,8,,,8,,,,,,,,,,,0.0,8.0,0.0,0.0,8.0,,17498,,,17498,,,,,,,,,,
2024,61823.0,"Greenskies Renewable Energy, LLC",Behind the Meter,,CO,WACM,,,,,,,3,,,3,,,,,,,,,,,0.0,3.0,0.0,0.0,3.0,,1855,,,1855,,,,,,,,,,
2024,61823.0,"Greenskies Renewable Energy, LLC",Behind the Meter,,CT,ISNE,,,,,,,67,,,67,,,,,,,,,,,0.0,67.0,0.0,0.0,67.0,,65816,,,65816,,,,,,,,,,
2024,61823.0,"Greenskies Renewable Energy, LLC",Behind the Meter,,FL,GVL,,,,,,,6,,,6,,,,,,,,,,,0.0,6.0,0.0,0.0,6.0,,2340,,,2340,,,,,,,,,,
2024,61823.0,"Greenskies Renewable Energy, LLC",Behind the Meter,,MA,ISNE,,,,,,,12,,,12,,,,,,,,,,,0.0,12.0,0.0,0.0,12.0,,28930,,,28930,,,,,,,,,,
2024,61823.0,"Greenskies Renewable Energy, LLC",Behind the Meter,,NJ,PJM,,,,,,,102,,,102,,,,,,,,,,,0.0,102.0,0.0,0.0,102.0,,35210,,,35210,,,,,,,,,,
2024,61823.0,"Greenskies Renewable Energy, LLC",Behind the Meter,,PA,PJM,,,,,,,1,,,1,,,,,,,,,,,0.0,1.0,0.0,0.0,1.0,,423,,,423,,,,,,,,,,
2024,62779.0,Lathrop Irrigation District,Political Subdivision,Y,CA,CISO,3762,327,6,,4095,,,,,0,,,,,,,,,,,3762.0,327.0,6.0,0.0,4095.0,,,,,,,,,,,,,,,
2024,63286.0,"4 Rivers Electric Cooperative, Inc.",Cooperative,Y,KS,SWPP,,,,,,8700,3847,4,,12551,,,,,,,,,,,8700.0,3847.0,4.0,0.0,12551.0,100847,49761,2814,,153422,,,,,,,,,,
2024,65261.0,Gila River Indian Utility Authority (GRICUA),Cooperative,,AZ,WALC,0,0,0,0,0,2682,751,0,0,3433,0,0,0,0,0,0,0,0,0,0,2682.0,751.0,0.0,0.0,3433.0,47079,231658,0,0,278737,2682,751,0,0,3433,0,0,0,0,0
2024,66052.0,Kirkwood Meadows PUD,Political Subdivision,Y,CA,CISO,623,114,,,737,,,,,,,,,,,,,,,,623.0,114.0,0.0,0.0,737.0,,,,,,,,,,,,,,,
2024,66073.0,MPD Electric Cooperative,Cooperative,,SC,SC,,,,,,31874,6715,15,,38604,,,,,,,,7,,7,31874.0,6715.0,22.0,0.0,38611.0,501964,133176,540674,,1175814,31874,6715,,,38589,,,,,
2024,66101.0,FirstEnergy Pennsylvania Electric Co,Investor Owned,,NY,PJM,0,14,0,0,14,0,1,0,0,1,0,0,0,0,0,3476,506,2,0,3984,3476.0,521.0,2.0,0.0,3999.0,0,4,0,0,4,0,1,0,0,1,0,0,0,0,0
2024,66101.0,FirstEnergy Pennsylvania Electric Co,Investor Owned,,PA,PJM,14,407,134,0,555,1838434,284849,3811,6,2127100,385,78,659,0,1122,50,117,4,0,171,1838498.0,285373.0,3949.0,6.0,2127826.0,18407094,8092451,21630014,10321,48139880,1797244,271764,3719,1,2072728,0,0,0,0,0
2024,99999.0,Adjustment 2024,,,AK,,,,,,,,,,,,,,,,,11967,6010,215,,18192,11967.0,6010.0,215.0,0.0,18192.0,,,,,,,,,,,,,,,
2024,99999.0,Adjustment 2024,,,AL,,,,,,,,,,,,,,,,,16796,2695,114,,19605,16796.0,2695.0,114.0,0.0,19605.0,,,,,,,,,,,,,,,
2024,99999.0,Adjustment 2024,,,AR,,,,,,,,,,,,,,,,,15126,2616,466,,18208,15126.0,2616.0,466.0,0.0,18208.0,,,,,,,,,,,,,,,
2024,99999.0,Adjustment 2024,,,AZ,,,,,,,,,,,,,,,,,8266,3985,1620,,13871,8266.0,3985.0,1620.0,0.0,13871.0,,,,,,,,,,,,,,,
2024,99999.0,Adjustment 2024,,,CA,,,,,,,,,,,,,,,,,12027,5414,187,,17628,12027.0,5414.0,187.0,0.0,17628.0,,,,,,,,,,,,,,,
2024,99999.0,Adjustment 2024,,,CO,,,,,,,,,,,,,,,,,6749,2908,352,,10009,6749.0,2908.0,352.0,0.0,10009.0,,,,,,,,,,,,,,,
2024,99999.0,Adjustment 2024,,,CT,,,,,,,,,,,,,,,,,142,655,0,,797,142.0,655.0,0.0,0.0,797.0,,,,,,,,,,,,,,,
2024,99999.0,Adjustment 2024,,,DE,,,,,,,,,,,,,,,,,5512,754,38,,6304,5512.0,754.0,38.0,0.0,6304.0,,,,,,,,,,,,,,,
2024,99999.0,Adjustment 2024,,,FL,,,,,,,,,,,,,,,,,18574,4468,138,,23180,18574.0,4468.0,138.0,0.0,23180.0,,,,,,,,,,,,,,,
2024,99999.0,Adjustment 2024,,,GA,,,,,,,,,,,,,,,,,28338,4886,405,,33629,28338.0,4886.0,405.0,0.0,33629.0,,,,,,,,,,,,,,,
2024,99999.0,Adjustment 2024,,,IA,,,,,,,,,,,,,,,,,33194,7529,1455,,42178,33194.0,7529.0,1455.0,0.0,42178.0,,,,,,,,,,,,,,,
2024,99999.0,Adjustment 2024,,,ID,,,,,,,,,,,,,,,,,7207,989,807,,9003,7207.0,989.0,807.0,0.0,9003.0,,,,,,,,,,,,,,,
2024,99999.0,Adjustment 2024,,,IL,,,,,,,,,,,,,,,,,12407,4248,125,,16780,12407.0,4248.0,125.0,0.0,16780.0,,,,,,,,,,,,,,,
2024,99999.0,Adjustment 2024,,,IN,,,,,,,,,,,,,,,,,14982,6226,795,,22003,14982.0,6226.0,795.0,0.0,22003.0,,,,,,,,,,,,,,,
2024,99999.0,Adjustment 2024,,,KS,,,,,,,,,,,,,,,,,46636,8698,934,,56268,46636.0,8698.0,934.0,0.0,56268.0,,,,,,,,,,,,,,,
2024,99999.0,Adjustment 2024,,,KY,,,,,,,,,,,,,,,,,8560,2555,237,,11352,8560.0,2555.0,237.0,0.0,11352.0,,,,,,,,,,,,,,,
2024,99999.0,Adjustment 2024,,,LA,,,,,,,,,,,,,,,,,22686,4265,166,,27117,22686.0,4265.0,166.0,0.0,27117.0,,,,,,,,,,,,,,,
2024,99999.0,Adjustment 2024,,,MA,,,,,,,,,,,,,,,,,1139,2978,530,,4647,1139.0,2978.0,530.0,0.0,4647.0,,,,,,,,,,,,,,,
2024,99999.0,Adjustment 2024,,,MD,,,,,,,,,,,,,,,,,2285,408,126,,2819,2285.0,408.0,126.0,0.0,2819.0,,,,,,,,,,,,,,,
2024,99999.0,Adjustment 2024,,,ME,,,,,,,,,,,,,,,,,5542,1150,20,,6712,5542.0,1150.0,20.0,0.0,6712.0,,,,,,,,,,,,,,,
2024,99999.0,Adjustment 2024,,,MI,,,,,,,,,,,,,,,,,28522,5577,122,,34221,28522.0,5577.0,122.0,0.0,34221.0,,,,,,,,,,,,,,,
2024,99999.0,Adjustment 2024,,,MN,,,,,,,,,,,,,,,,,31661,8174,391,,40226,31661.0,8174.0,391.0,0.0,40226.0,,,,,,,,,,,,,,,
2024,99999.0,Adjustment 2024,,,MO,,,,,,,,,,,,,,,,,27698,8202,295,,36195,27698.0,8202.0,295.0,0.0,36195.0,,,,,,,,,,,,,,,
2024,99999.0,Adjustment 2024,,,MS,,,,,,,,,,,,,,,,,10856,1882,16,,12754,10856.0,1882.0,16.0,0.0,12754.0,,,,,,,,,,,,,,,
2024,99999.0,Adjustment 2024,,,MT,,,,,,,,,,,,,,,,,2122,285,350,,2757,2122.0,285.0,350.0,0.0,2757.0,,,,,,,,,,,,,,,
2024,99999.0,Adjustment 2024,,,NC,,,,,,,,,,,,,,,,,15251,3000,45,,18296,15251.0,3000.0,45.0,0.0,18296.0,,,,,,,,,,,,,,,
2024,99999.0,Adjustment 2024,,,ND,,,,,,,,,,,,,,,,,3478,503,246,,4227,3478.0,503.0,246.0,0.0,4227.0,,,,,,,,,,,,,,,
2024,99999.0,Adjustment 2024,,,NE,,,,,,,,,,,,,,,,,25586,7444,3181,,36211,25586.0,7444.0,3181.0,0.0,36211.0,,,,,,,,,,,,,,,
2024,99999.0,Adjustment 2024,,,NH,,,,,,,,,,,,,,,,,1109,758,27,,1894,1109.0,758.0,27.0,0.0,1894.0,,,,,,,,,,,,,,,
2024,99999.0,Adjustment 2024,,,NJ,,,,,,,,,,,,,,,,,13376,2031,4,,15411,13376.0,2031.0,4.0,0.0,15411.0,,,,,,,,,,,,,,,
2024,99999.0,Adjustment 2024,,,NM,,,,,,,,,,,,,,,,,702,904,364,,1970,702.0,904.0,364.0,0.0,1970.0,,,,,,,,,,,,,,,
2024,99999.0,Adjustment 2024,,,NV,,,,,,,,,,,,,,,,,1414,510,630,,2554,1414.0,510.0,630.0,0.0,2554.0,,,,,,,,,,,,,,,
2024,99999.0,Adjustment 2024,,,NY,,,,,,,,,,,,,,,,,20661,5209,509,,26379,20661.0,5209.0,509.0,0.0,26379.0,,,,,,,,,,,,,,,
2024,99999.0,Adjustment 2024,,,OH,,,,,,,,,,,,,,,,,42961,8138,538,,51637,42961.0,8138.0,538.0,0.0,51637.0,,,,,,,,,,,,,,,
2024,99999.0,Adjustment 2024,,,OK,,,,,,,,,,,,,,,,,44076,6801,341,,51218,44076.0,6801.0,341.0,0.0,51218.0,,,,,,,,,,,,,,,
2024,99999.0,Adjustment 2024,,,OR,,,,,,,,,,,,,,,,,2963,543,2091,,5597,2963.0,543.0,2091.0,0.0,5597.0,,,,,,,,,,,,,,,
2024,99999.0,Adjustment 2024,,,PA,,,,,,,,,,,,,,,,,14823,2429,235,,17487,14823.0,2429.0,235.0,0.0,17487.0,,,,,,,,,,,,,,,
2024,99999.0,Adjustment 2024,,,SC,,,,,,,,,,,,,,,,,10472,1949,5,,12426,10472.0,1949.0,5.0,0.0,12426.0,,,,,,,,,,,,,,,
2024,99999.0,Adjustment 2024,,,SD,,,,,,,,,,,,,,,,,7841,1462,310,,9613,7841.0,1462.0,310.0,0.0,9613.0,,,,,,,,,,,,,,,
2024,99999.0,Adjustment 2024,,,TX,,,,,,,,,,,,,,,,,29838,9249,352,,39439,29838.0,9249.0,352.0,0.0,39439.0,,,,,,,,,,,,,,,
2024,99999.0,Adjustment 2024,,,UT,,,,,,,,,,,,,,,,,3394,992,80,,4466,3394.0,992.0,80.0,0.0,4466.0,,,,,,,,,,,,,,,
2024,99999.0,Adjustment 2024,,,VA,,,,,,,,,,,,,,,,,8969,1641,5,,10615,8969.0,1641.0,5.0,0.0,10615.0,,,,,,,,,,,,,,,
2024,99999.0,Adjustment 2024,,,VT,,,,,,,,,,,,,,,,,29261,4987,119,,34367,29261.0,4987.0,119.0,0.0,34367.0,,,,,,,,,,,,,,,
2024,99999.0,Adjustment 2024,,,WA,,,,,,,,,,,,,,,,,8141,1350,103,,9594,8141.0,1350.0,103.0,0.0,9594.0,,,,,,,,,,,,,,,
2024,99999.0,Adjustment 2024,,,WI,,,,,,,,,,,,,,,,,12257,2586,217,,15060,12257.0,2586.0,217.0,0.0,15060.0,,,,,,,,,,,,,,,
2024,99999.0,Adjustment 2024,,,WV,,,,,,,,,,,,,,,,,1903,697,116,,2716,1903.0,697.0,116.0,0.0,2716.0,,,,,,,,,,,,,,,
2024,99999.0,Adjustment 2024,,,WY,,,,,,,,,,,,,,,,,4698,948,1396,,7042,4698.0,948.0,1396.0,0.0,7042.0,,,,,,,,,,,,,,,
"Note- Meters for the 'Behind the Meter' utilities are not counted in the US or state totals.
 State level adjustments are comprised of imputation for 861S Non AMR/AMI or standard meters.",,,,,,,,,,,,,,,,,,,,,,,,,,,,,,,,,,,,,,,,,,,,,,
