data_year,utility_number,utility_name,state,ba_code,reporting_year_incremental_annual_savings_energy_savings_mwh_residential,reporting_year_incremental_annual_savings_energy_savings_mwh_commercial,reporting_year_incremental_annual_savings_energy_savings_mwh_industrial,reporting_year_incremental_annual_savings_energy_savings_mwh_transportation,reporting_year_incremental_annual_savings_energy_savings_mwh_total,reporting_year_incremental_annual_savings_peak_demand_savings_mw_residential,reporting_year_incremental_annual_savings_peak_demand_savings_mw_commercial,reporting_year_incremental_annual_savings_peak_demand_savings_mw_industrial,reporting_year_incremental_annual_savings_peak_demand_savings_mw_transportation,reporting_year_incremental_annual_savings_peak_demand_savings_mw_total,incremental_life_cycle_savings_energy_savings_mwh_residential,incremental_life_cycle_savings_energy_savings_mwh_commercial,incremental_life_cycle_savings_energy_savings_mwh_industrial,incremental_life_cycle_savings_energy_savings_mwh_transportation,incremental_life_cycle_savings_energy_savings_mwh_total,incremental_life_cycle_savings_peak_demand_savings_mw_residential,incremental_life_cycle_savings_peak_demand_savings_mw_commercial,incremental_life_cycle_savings_peak_demand_savings_mw_industrial,incremental_life_cycle_savings_peak_demand_savings_mw_transportation,incremental_life_cycle_savings_peak_demand_savings_mw_total,reporting_year_incremental_cost_customer_incentives_thousand_dollars_residential,reporting_year_incremental_cost_customer_incentives_thousand_dollars_commercial,reporting_year_incremental_cost_customer_incentives_thousand_dollars_industrial,reporting_year_incremental_cost_customer_incentives_thousand_dollars_transportation,reporting_year_incremental_cost_customer_incentives_thousand_dollars_total,reporting_year_incremental_cost_all_other_costs_thousand_dollars_residential,reporting_year_incremental_cost_all_other_costs_thousand_dollars_commercial,reporting_year_incremental_cost_all_other_costs_thousand_dollars_industrial,reporting_year_incremental_cost_all_other_costs_thousand_dollars_transportation,reporting_year_incremental_cost_all_other_costs_thousand_dollars_total,incremental_life_cycle_costs_customer_incentives_thousand_dollars_residential,incremental_life_cycle_costs_customer_incentives_thousand_dollars_commercial,incremental_life_cycle_costs_customer_incentives_thousand_dollars_industrial,incremental_life_cycle_costs_customer_incentives_thousand_dollars_transportation,incremental_life_cycle_costs_customer_incentives_thousand_dollars_total,incremental_life_cycle_costs_all_other_costs_thousand_dollars_residential,incremental_life_cycle_costs_all_other_costs_thousand_dollars_commercial,incremental_life_cycle_costs_all_other_costs_thousand_dollars_industrial,incremental_life_cycle_costs_all_other_costs_thousand_dollars_transportation,incremental_life_cycle_costs_all_other_costs_thousand_dollars_total,weighted_average_life_years_residential,weighted_average_life_years_commercial,weighted_average_life_years_industrial,weighted_average_life_years_transportation,weighted_average_life_years_website
2024,162.0,Aiken Electric Coop Inc,SC,SC,292.79,,,,292.79,0.002,,,,0.002,29491.66,,,,29491.66,0.002,,,,0.002,0,,,,0,462.549,,,,462.549,0,,,,0,3945.433,,,,3945.433,10,,,,
2024,189.0,PowerSouth Energy Cooperative,AL,SOCO,2323,,,,2323,1.7,,,,1.7,27870,,,,27870,1.7,,,,1.7,241,,,,241,517,,,,517,241,,,,241,517,,,,517,12,,,,
2024,195.0,Alabama Power Co,AL,SOCO,4043.7,738,,,4781.7,9.8,0.2,,,10,33257.3,3689.9,,,36947.2,9.8,0.2,,,10,829.8,61.6,,,891.4,941.5,150.6,,,1092.1,829.8,61.6,,,891.4,941.5,150.6,,,1092.1,8.22,5,,,
2024,207.0,Alameda Municipal Power,CA,CISO,44.212,118.784,0,,162.996,0.002,0.03,0,,0.032,556.747,1757.886,0,,2314.633,0.002,0.03,0,,0.032,70.291,27.321,0,,97.612,92.958,47.122,0,,140.08,70.291,27.321,0,,97.612,92.958,47.122,0,,140.08,13.568,14.837,0,,
2024,230.0,Albany Utility Board,GA,SOCO,44.78,,,,44.78,0.001,,,,0.001,44.78,,,,44.78,0.001,,,,0.001,60.72,,,,60.72,,,,,,60.72,,,,60.72,,,,,,1,,,,
2024,295.0,City of Alexandria - (MN),MN,MISO,214.704,393.666,1395.725,,2004.095,0.031,0.082,0.292,,0.405,3709.727,5143.689,18236.716,,27090.132,0.031,0.082,0.292,,0.405,17.674,20.181,71.55,,109.405,21.601,24.665,87.45,,133.716,17.674,20.181,71.55,,109.405,21.601,24.665,87.45,,133.716,17.278,13.066,13.066,,
2024,554.0,City of Ames - (IA),IA,MISO,274.2,19.4,,,293.6,0.047,0.01,,,0.057,2742,164.896,,,2906.896,0.047,0.01,,,0.057,240.2,2.016,,,242.216,29.353,1.713,,,31.066,240.2,2.016,,,242.216,29.353,1.713,,,31.066,9.7,9.7,,,
2024,590.0,City of Anaheim - (CA),CA,CISO,2229,2437,1044.38,,5710.38,0.5,0.6,0.263,,1.363,25803,27871,11277.195,,64951.195,0.5,0.6,0.263,,1.363,261,333,142.914,,736.914,1813,578,248.738,,2639.738,261,333,142.914,,736.914,1813,578,248.738,,2639.738,11.574,11.437,10.798,,
2024,691.0,City of Anoka,MN,MISO,109.71,320.88,0,0,430.59,1.41,0.01,0,0,1.42,336.1,2432.49,0,0,2768.59,1.41,0.01,0,0,1.42,3.65,30.54,0,0,34.19,7.01,107.69,0,0,114.7,3.65,30.54,0,0,34.19,7.01,107.69,0,0,114.7,12,14,0,0,
2024,733.0,Appalachian Power Co,VA,PJM,64690.8,7680,472,,72842.8,21.1,0.8,0.046,,21.946,495561.7,68232,4190,,567983.7,21.1,0.8,0.046,,21.946,7513.3,737,45,,8295.3,5786,705.9,43,,6534.9,7750.1,1318.6,81,,9149.7,5967.8,1584.5,97.3,,7649.6,7.7,8.9,8.9,,
2024,733.0,Appalachian Power Co,WV,PJM,1501.8,,,,1501.8,0.7,,,,0.7,31614.3,,,,31614.3,0.7,,,,0.7,1557.4,,,,1557.4,1016.5,,,,1016.5,1557.4,,,,1557.4,1016.5,,,,1016.5,21.1,,,,
2024,803.0,Arizona Public Service Co,AZ,AZPS,111657.7,212427.3,,,324085,55.7,40.6,,,96.3,1472417.4,3007051.6,,,4479469,55.7,40.6,,,96.3,12434.7,14846.5,,,27281.2,13350.7,13455.7,,,26806.4,12434.7,14846.5,,,27281.2,13350.7,13455.7,,,26806.4,13.2,14.2,,,
2024,814.0,Entergy Arkansas LLC,AR,MISO,104528,52617,91024,,248169,18.9,8.2,14.5,,41.6,1556037,590295,731597,,2877929,18.9,8.2,14.5,,41.6,18640,5762,6561,,30963,7468,3258,5664,,16390,18640,5762,6561,,30963,7468,3258,5664,,16390,14.89,11.22,8.04,,
2024,924.0,"Associated Electric Coop, Inc",MO,SWPP,5883.121,466.477,2.797,0,6352.395,1.318,1.096,0.007,0,2.421,116915.018,6997.155,41.955,0,123954.128,1.318,1.096,0.007,0,2.421,1772.449,203.146,2.844,0,1978.439,154.48,0,0,0,154.48,1772.449,203.146,2.844,0,1978.439,154.48,0,0,0,154.48,20,14,14,0, 
2024,963.0,Atlantic City Electric Co,NJ,PJM,19681,31843,,,51524,3.4,5.5,,,8.9,159081,421162,,,580243,3.4,5.5,,,8.9,8991,18615,,,27606,8,5,,,13,8991,18615,,,27606,8,5,,,13,8.1,13.2,,,
2024,1009.0,City of Austin - (MN),MN,MISO,173.6,441.7,,,615.3,0.035,0.095,,,0.13,2084,5300,,,7384,0.035,0.095,,,0.13,67,78.1,,,145.1,59.2,98.1,,,157.3,67,78.1,,,145.1,59.2,98.1,,,157.3,12,12,,,
2024,1015.0,Austin Energy,TX,ERCO,27585.218,33707.814,11235.938,0,72528.97,9.109,13.54,4.513,0,27.162,524119.149,539325.029,179775.01,0,1243219.188,9.109,13.54,4.513,0,27.162,13886.239,2333.711,777.904,0,16997.854,5171.773,2194.144,731.381,0,8097.298,13886.239,2333.711,777.904,0,16997.854,5171.773,2194.144,731.381,0,8097.298,19,16,16,0, 
2024,1050.0,City of Azusa,CA,CISO,217,2332,27,,2576,0.1,0.7,0.013,,0.813,2267,30447,368,,33082,0.1,0.7,0.013,,0.813,100,1052,24,,1176,25,303,4,,332,100,1052,24,,1176,25,303,4,,332,15.344,14.192,13.75,,
2024,1167.0,Baltimore Gas & Electric Co,MD,PJM,256323.117,232000.037,0,0,488323.154,56.462,124.781,0,0,181.243,681722.121,2345762.931,0,0,3027485.052,56.462,124.781,0,0,181.243,44746.958,81979.732,0,0,126726.69,25440.644,21903.823,0,0,47344.467,44746.958,81979.732,0,0,126726.69,25440.644,21903.823,0,0,47344.467,2.66,10.111,0,0,https://www.psc.state.md.us/official-filings/
2024,1251.0,Barron Electric Coop,WI,MISO,358,171,0,0,529,0.059,0,0,0,0.059,5517,2266,0,0,7783,0.059,0,0,0,0.059,84.573,1,0,0,85.573,78.241,1.597,0,0,79.838,84.573,1,0,0,85.573,78.241,1.597,0,0,79.838,15.411,13.25,0,0,
2024,1273.0,"Bartlett Electric Coop, Inc",TX,ERCO,13.322,0,0,0,13.322,0.004,0,0,0,0.004,1374.932,0,0,0,1374.932,0.005,0,0,0,0.005,1.944,0,0,0,1.944,0.541,0,0,0,0.541,17.496,0,0,0,17.496,0.541,0,0,0,0.541,13.56,0,0,0,https://www.bartlettec.coop
2024,1366.0,City of Bay City - (MI),MI,MISO,873,2483,0,0,3356,0.113,0.327,0,0,0.44,5468,28320,0,0,33788,0.113,0.209,0,0,0.322,171,118,0,0,289,93,142,0,0,235,170,118,0,0,288,94,142,0,0,236,8.65,12.98,0,0,www.BayCityEnergySmart.org
2024,1529.0,"Beltrami Electric Coop, Inc",MN,MISO,4994.897,681.663,0,0,5676.56,0.756,0.109,0,0,0.865,72135.449,8464.284,0,0,80599.733,0.756,0.109,0,0,0.865,312.316,69.248,0,0,381.564,167.417,3.593,0,0,171.01,312.316,69.248,0,0,381.564,167.417,3.593,0,0,171.01,14.497,12.786,0,0,
2024,1579.0,PUD No 1 of Benton County,WA,BPAT,656,1714,1386,,3756,0.17,0.966,0.391,,1.527,13580,21168,15117,,49865,0.17,0.966,0.391,,1.527,298.006,303.633,195.042,,796.681,258.864,137.797,39.59,,436.251,298.006,303.633,195.042,,796.681,258.864,137.797,39.59,,436.251,15,12.34,11.08,,
2024,1613.0,Berkeley Electric Coop Inc,SC,SC,610.07,962,0,0,1572.07,1.194,0.248,0,0,1.442,6240.696,9620,0,0,15860.696,1.194,0.248,0,0,1.442,174.55,47.726,0,0,222.276,110.35,1,0,0,111.35,174.55,47.726,0,0,222.276,110.35,1,0,0,111.35,11,10,0,0,
2024,1723.0,"Big Bend Electric Coop, Inc",WA,BPAT,57.287,34.663,1603.82,0,1695.77,0.015,0.011,0.141,0,0.167,1343.615,453.54,14821.238,0,16618.393,0.013,0.009,0.12,0,0.142,55.437,10.529,479.907,0,545.873,37.088,8.493,209.88,0,255.461,55.437,10.529,479.907,0,545.873,37.088,8.493,209.88,0,255.461,23.45,13.08,9.24,0,Reported to BPA and included in their reports.
2024,1889.0,Blue Ridge Elec Member Corp - (NC),NC,DUK,145.5,,,,145.5,1,,,,1,1465.8,,,,1465.8,1,,,,1,21.5,,,,21.5,,,,,,21.5,,,,21.5,,,,,,7,,,,
2024,2008.0,City of Boulder City - (NV),NV,WALC,78.997,,,,78.997,,,,,,1185,,,,1185,,,,,,21.439,,,,21.439,,,,,,21.439,,,,21.439,11,,,,11,15,,,,
2024,2089.0,Bozrah Light & Power Company,CT,ISNE,28,269,0,0,297,0.005,0.035,0,0,0.04,303,2196,0,0,2499,0.005,0.035,0,0,0.04,97,113,0,0,210,3.1,35.7,0,0,38.8,97,113,0,0,210,3.1,35.7,0,0,38.8,10.6,8.2,0,0,
2024,2285.0,City of Brookings - (SD),SD,WACM,192.713,235.773,789.328,0,1217.814,0.029,0.076,0.254,0,0.359,2692.575,3298.981,11044.414,0,17035.97,0.029,0.076,0.254,0,0.359,16.108,18.677,62.528,0,97.313,19.687,22.828,76.423,0,118.938,16.108,18.677,62.528,0,97.313,19.687,22.828,76.423,0,118.938,13.972,13.992,13.992,0,
2024,2442.0,City of Bryan - (TX),TX,ERCO,331.725,608.67,,,940.395,0.1,0.2,,,0.3,3317.25,6086.7,,,9403.95,0.1,0.1,,,0.2,94.823,44.974,,,139.797,,,,,,94.823,44.974,,,139.797,0,0,,,0,10,10,,,
2024,2507.0,City of Burbank Water and Power,CA,LDWP,3093.952,4688.864,,,7782.816,0.247,1.274,,,1.521,10366.539,69255.012,,,79621.551,0.247,1.274,,,1.521,869.212,393.776,,,1262.988,72.552,561.46,,,634.012,869.212,393.776,,,1262.988,72.553,561.46,,,634.013,3.45,14.81,,,
2024,2548.0,City of Burlington Electric - (VT),VT,ISNE,511,738,0,0,1249,0.088,0.06,0,0,0.148,8729,12767,0,0,21496,0.088,0.06,0,0,0.148,596.542,570.877,0,0,1167.419,366.57,556.262,0,0,922.832,596.542,570.877,0,0,1167.419,366.57,556.262,0,0,922.832,17.08,17.3,0,0,www.burlingtonelectric.com
2024,2643.0,Butler Public Power District - (NE),NE,SWPP,67.761,275.544,172.763,0,516.068,0.016,0.056,0,0,0.072,933.015,3030.984,1299.601,0,5263.6,0.016,0.056,0,0,0.072,19.18,27.106,9.1,0,55.386,1.321,24.088,4.308,0,29.717,19.18,27.106,9.1,0,55.386,1.321,24.088,4.308,0,29.717,13.769,11,7.522,0,
2024,3046.0,Duke Energy Progress - (NC),NC,CPLE,214408.71,68945.508,,,283354.218,37.939,14.106,,,52.045,1318921.397,956529.38,,,2275450.777,37.939,14.106,,,52.045,31384.632,9682.562,,,41067.194,15960.097,7790.262,,,23750.359,31384.632,9682.562,,,41067.194,15960.097,7790.262,,,23750.359,6.151,13.874,,,
2024,3046.0,Duke Energy Progress - (NC),SC,CPLE,35371.634,11374.143,,,46745.777,6.259,2.327,,,8.586,217586.33,157801.456,,,375387.786,6.259,2.327,,,8.586,5177.615,1597.361,,,6774.976,2632.984,1285.182,,,3918.166,5177.615,1597.361,,,6774.976,2632.984,1285.182,,,3918.166,6.151,13.874,,,
2024,3107.0,Carteret-Craven El Member Corp,NC,CPLE,2060.315,184.988,,,2245.303,0.236,0.008,,,0.244,2125.451,3144.788,,,5270.239,0.25,0.008,,,0.258,1.1,0,,,1.1,15.904,177.763,,,193.667,1.1,0,,,1.1,15.904,177.763,,,193.667,1.66,17,,,"5a.  customer rebates for heat pump water heater purchases and installations were $1,100 6a,  our internal expenses associated with running the residential energy efficiency programs were $15,904.00 5b no commercial incentives were provided 6b Internal expenses for providing programs to commercial were $177,763.09 -this is program for changing out street lights for towns to LED lighting"
2024,3203.0,Cedar Falls Utilities,IA,MISO,553.262,581.526,142.757,0,1277.545,0.286,0.138,0.053,0,0.477,8673.141,11320.345,2357.773,0,22351.259,0.286,0.138,0.053,0,0.477,122.443,52.218,4.077,0,178.738,357.746,18.486,3.558,0,379.79,122.443,52.218,4.077,0,178.738,357.746,18.486,3.558,0,379.79,15.542,13.812,16.538,0,
2024,3205.0,Cedar-Knox Public Power Dist,NE,SWPP,139.118,252.49,103.038,,494.646,0.031,0.035,0,,0.066,1937.507,2777.39,739.022,,5453.919,0.031,0.035,0,,0.066,50.469,7.845,6.42,,64.734,6.721,11.825,3.528,,22.074,50.469,7.845,6.42,,64.734,6.721,11.825,3.528,,22.074,13.927,11,7.172,,No website; information is given by email from wholesale provider
2024,3240.0,Central Electric Coop Inc - (OR),OR,BPAT,541,785,489,0,1815,0.099,0.143,0.089,0,0.331,10650,9492,5350,0,25492,0.099,0.143,0.089,0,0.331,871,153,190,0,1214,0,0,0,0,0,871,153,190,0,1214,,,,,,19.7,12.09,10.95,0,
2024,3245.0,"Central Florida Elec Coop, Inc",FL,SEC,78.083,32.085,,,110.168,0.007,0,,,0.007,943.708,366.27,,,1309.978,0.007,,,,0.007,,,,,,93.368,40.768,,,134.136,,,,,,93.368,40.768,,,134.136,12.086,11.42,,,
2024,3248.0,Central Georgia El Member Corp,GA,SOCO,126.088,,,,126.088,0.036,,,,0.036,1482.279,,,,1482.279,0.036,,,,0.036,11,,,,11,12,,,,12,11,,,,11,12,,,,12,10,,,,
2024,3249.0,Central Hudson Gas & Elec Corp,NY,NYIS,13391,19587,,,32978,,,,,,103752.374,231465.797,,,335218.171,,,,,,582.627,3643.474,,,4226.101,1006.41,467.609,,,1474.019,582.627,3643.474,,,4226.101,1006.41,467.609,,,1474.019,7.748,11.817,,,
2024,3264.0,Central Lincoln People's Ut Dt,OR,BPAT,1159.584,470.588,5.288,0,1635.46,0.33,0.023,0,0,0.353,23950.212,6627.452,47.595,0,30625.259,0.33,0.023,0,0,0.353,2463.376,151.681,0,0,2615.057,106.184,43.092,0.484,0,149.76,2463.376,151.681,0,0,2615.057,106.184,43.092,0.484,0,149.76,20.654,14.083,9,0,clpud.org
2024,3265.0,Cleco Power LLC,LA,MISO,21406.76,13583.84,1337.78,,36328.38,4.1,4.43,0.46,,8.99,331047.12,164794.7,18310.52,,514152.34,4.1,4.43,0.46,,8.99,2948.78,1924.1,174.01,,5046.89,1056.3,645.81,58.03,,1760.14,2948.78,1924.1,174.01,,5046.89,1056.3,645.81,58.03,,1760.14,15.5,12.1,13.7,,www.cleco.com
2024,3278.0,AEP Texas Central Company,TX,ERCO,22861.44,25746.47,,,48607.91,8.56,55.27,,,63.83,378431.4,621495.9,,,999927.3,8.6,55.3,,,63.9,9019.98,5710.65,,,14730.63,820.09,598.04,,,1418.13,9020,5711,,,14731,820,598,,,1418,16.6,24.1,,,
2024,3287.0,"Central Valley Elec Coop, Inc",NM,SWPP,44.364,9.951,0,0,54.315,0.011,0.003,0,0,0.014,44.364,9.951,0,0,54.315,0.011,0.003,0,0,0.014,1.4,1.143,0,0,2.543,49.389,0,0,0,49.389,1.4,1.143,0,0,2.543,49.389,0,0,0,49.389,1,1,0,0,
2024,3400.0,City of Chaska - (MN),MN,MISO,664.1,3653.6,1841.2,,6158.9,0.22,0.46,0.86,,1.54,6641.4,36535.5,18412.3,,61589.2,0.22,0.46,0.86,,1.54,64.45,129.47,63.35,,257.27,39.98,80.3,39.3,,159.58,64.45,129.47,63.35,,257.27,39.98,80.3,39.3,,159.58,10,10,10,30,
2024,3413.0,PUD No 1 of Chelan County,WA,CHPD,1675.387,9162.91,884.713,,11723.01,0.765,2.092,0.168,,3.025,27458.503,120613.361,12574.479,,160646.343,0.765,2.092,0.168,,3.025,1256.789,4236.531,414.221,,5907.541,605.157,504.653,63.419,,1173.229,1256.789,4236.531,414.221,,5907.541,605.157,504.653,63.419,,1173.229,17.3,13.09,13.45,,
2024,3461.0,Cheyenne Light Fuel & Power,WY,WACM,78.27,902.68,0,0,980.95,19.9,217.65,0,0,237.55,994.4,11143.74,0,0,12138.14,16.03,138.89,0,0,154.92,31,147,0,0,178,57,189,0,0,246,31,147,0,0,178,57,189,0,0,246,12.7,12.35,,,
2024,3477.0,City of Chicopee - (MA),MA,ISNE,202.281,1220.459,508.928,,1931.668,0.023,0.243,0.083,,0.349,2022.81,18306.885,7633.92,,27963.615,0.023,0.243,0.083,,0.349,176.968,145.59,126.205,,448.763,196.946,39.554,34.287,,270.787,176.968,145.59,126.205,,448.763,196.946,39.554,34.287,,270.787,10,15,15,,
2024,3502.0,"Choctawhatche Elec Coop, Inc",FL,SOCO,48.78,0,0,0,48.78,0.118,0,0,0,0.118,731.7,0,0,0,731.7,0.118,0,0,0,0.118,12.4,0,0,0,12.4,0,0,0,0,0,12.4,0,0,0,12.4,0,0,0,0,0,0.004,0,0,0.004,
2024,3644.0,PUD No 1 of Clallam County,WA,BPAT,1358.324,1340.71,24.857,,2723.891,0.396,0.025,0.003,,0.424,25047.115,16335.992,298.287,,41681.394,0.396,0.025,0.003,,0.424,449.626,113.954,16.504,,580.084,205.492,41.083,11.747,,258.322,449.626,113.954,16.504,,580.084,205.492,41.083,11.747,,258.322,18.44,12.185,28.927,,
2024,3660.0,PUD No 1 of Clark County - (WA),WA,BPAT,29454,11406,17375,,58235,6.034,2.337,3.56,,11.931,88362,102654,191125,,382141,6.034,2.337,3.56,,11.931,2556,2583,3916,,9055,386,86,0,,472,2556,2583,3916,,9055,386,86,0,,472,3,9,11,,https://www.commerce.wa.gov/growing-the-economy/energy/energy-independence-act/eia-reporting/
2024,3755.0,Cleveland Electric Illum Co,OH,PJM,4450.07,17477.338,4426.148,0,26353.556,0.58,3.046,0.779,0,4.405,98082.481,149288.437,40819.602,0,288190.52,0.58,3.046,0.779,0,4.405,2022.699,2011.429,340.567,0,4374.695,646.21,576.875,228.631,0,1451.716,2022.699,2011.429,340.567,0,4374.695,646.21,576.875,228.631,0,1451.716,22.041,8.542,9.222,0,https://dis.puc.state.oh.us/
2024,3757.0,"Clay Electric Cooperative, Inc - (FL)",FL,SEC,2151.96,0,0,0,2151.96,0.52,0,0,0,0.52,28807.02,0,0,0,28807.02,0.52,0,0,0,0.52,50.03,0,0,0,50.03,910.03,0,0,0,910.03,50.03,0,0,0,50.03,910.03,0,0,0,910.03,13.391,0,0,0,
2024,3828.0,Cloverland Electric Co-op,MI,MISO,1289,2405,,,3694,0.121,0.351,,,0.472,17966,29577,,,47543,0.121,0.351,,,0.472,545.571,235.418,,,780.989,276.906,133.323,,,410.229,545.571,235.418,,,780.989,276.906,133.323,,,410.229,13.94,12.3,,,
2024,3841.0,Coast Electric Power Assn - (MS),MS,SOCO,4130.6,25.4,0,0,4156,1,0,0,0,1,25758.7,380.9,0,0,26139.6,1,0,0,0,1,358,7.1,0,0,365.1,3.5,0,0,0,3.5,358,7.1,0,0,365.1,3.5,0,0,0,3.5,6.24,15,0,0,
2024,3915.0,Coldwater Board of Public Util,MI,MISO,176.208,5410.473,538.202,,6124.883,0.016,1.38,0.126,,1.522,1233.456,54104.73,5382.02,,60720.206,0.016,1.38,0.126,,1.522,3.86,11.3,1.8,,16.96,2.9,5.5,5.8,,14.2,27,113,18,,158,20,55,58,,133,7,10,10,,
2024,3940.0,City of College Station - (TX),TX,ERCO,562,511,,,1073,0.374,0.14,,,0.514,7305,6643,,,13948,0.374,0.14,,,0.514,176,14,,,190,125,10,,,135,176,14,,,190,125,10,,,135,13,13,,,
2024,3989.0,City of Colorado Springs - (CO),CO,WACM,765.474,2613.645,0,0,3379.119,0.119,0.56,0,0,0.679,10505.07,36754.68,0,0,47259.75,0.119,0.679,0,0,0.798,0.05,18.174,0,0,18.224,150.547,507.222,0,0,657.769,0.05,18.174,0,0,18.224,150.547,507.222,0,0,657.769,13.7,14.1,0,0,
2024,4003.0,City of Colton - (CA),CA,CISO,4362,166,,,4528,1,7,,,8,89955,2106,,,92061,1,7,,,8,0,0,,,0,345,8,,,353,0,0,,,0,345,8,,,353,24,13,,,
2024,4041.0,"Columbia Rural Elec Assn, Inc",WA,BPAT,88,36,301,,425,0.016,0.007,0.055,,0.078,1505,428,3149,,5082,0.016,0.007,0.055,,0.078,49,17,114,,180,,,,,,49,17,114,,180,,,,,,17.09,12,10.47,,
2024,4045.0,City of Columbia - (MO),MO,MISO,831,5623,,,6454,0.299,1.214,,,1.513,17451,84345,,,101796,0.299,1.214,,,1.513,323,70,,,393,150,100,,,250,323,70,,,393,150,100,,,250,21,15,,,www.como.gov
2024,4110.0,Commonwealth Edison Co,IL,PJM,2242336,947103,,,3189439,89,141,,,230,35083652.02,12296385.16,,,47380037.18,89,141,,,230,96718.2,171954.65,,,268672.85,65760.74,61442.75,,,127203.49,96718.2,171954.65,,,268672.85,65760.74,61442.75,,,127203.49,15.69,12.78,,,
2024,4176.0,Connecticut Light & Power Co,CT,ISNE,17912.584,87110.255,26019.946,,131042.785,2.451,15.512,4.634,,22.597,265191.183,691028.845,206411.213,,1162631.241,2.451,15.512,4.634,,22.597,51034.291,32917.414,9832.474,,93784.179,17814.027,16247.247,4378.803,,38440.077,51034.291,32917.414,9832.474,,93784.179,17814.027,16247.247,4378.803,,38440.077,14.805,7.933,7.933,,http://www.ctenergydashboard.com 
2024,4226.0,Consolidated Edison Co-NY Inc,NY,NYIS,167614.53,112353.26,,,279967.79,49.64,25.08,,,74.72,940922.16,1202595.5,,,2143517.66,53.7,23.77,,,77.47,20300,60182,,,80482,4781,10166,,,14947,26251,104012,,,130263,5027,13070,,,18097,5.61,10.7,,,
2024,4254.0,Consumers Energy Co - (MI),MI,MISO,144534.342,368478.872,116361.749,,629374.963,13.37,58,18,,89.37,994597.822,4031156.155,1272996.68,,6298750.657,13.37,58,18,,89.37,35933.335,13547.378,42900.033,,92380.746,43934.365,49151.195,15521.43,,108606.99,35933.335,13547.378,42900.033,,92380.746,43934.365,49151.195,15521.43,,108606.99,6.881,10.939,10.939,,
2024,4317.0,"Coos-Curry Electric Coop, Inc",OR,BPAT,131,74,,,205,0.024,0.013,,,0.037,2862,1454,,,4316,0.024,0.013,,,0.037,88.2,24.6,,,112.8,,,,,,88.2,24.6,,,112.8,,,,,,21.8,19.73,0,0,
2024,4363.0,Corn Belt Power Coop,IA,SWPP,1003.886,1280.623,359.274,,2643.783,0.203,0.343,0.054,,0.6,18964.987,16400.851,5327.861,,40693.699,0.203,0.343,0.054,,0.6,170.075,54.185,6.706,,230.966,41.564,11.734,3.292,,56.59,170.075,54.185,6.706,,230.966,41.564,11.734,3.292,,56.59,18.892,12.807,14.83,,
2024,4401.0,"Cotton Electric Coop, Inc",OK,SWPP,159.249,0,0,0,159.249,0.037,0,0,0,0.037,2229.486,0,0,0,2229.486,0.033,0,0,0,0.033,80.742,0,0,0,80.742,8.029,0,0,0,8.029,172.652,0,0,0,172.652,8.029,0,0,0,8.029,14,,,,www.cottonelectric.com
2024,4432.0,Coweta-Fayette El Member Corp,GA,SOCO,1765.213,20.838,,,1786.051,1.173,0.014,,,1.187,17652.13,208.38,,,17860.51,1.173,0.014,,,1.187,60.816,0.77,,,61.586,296.639,1.35,,,297.989,60.816,0.77,,,61.586,296.639,1.35,,,297.989,10,10,,,www.utility.org
2024,4442.0,PUD No 1 of Cowlitz County,WA,BPAT,966.969,2261.792,12948.267,,16177.028,0.144,0.336,1.478,,1.958,18812.888,27477.514,131163.751,,177454.153,0.144,0.336,1.478,,1.958,1341.021,533.447,2181.421,,4055.889,445.519,168.486,98.595,,712.6,1341.021,533.447,2181.421,,4055.889,445.519,168.486,98.595,,712.6,19.456,12.149,10.13,,https://www.cowlitzpud.org/efficiency/conservation-potential-assessment/
2024,4671.0,Custer Public Power District,NE,SWPP,161.502,58.51,160.031,,380.043,0.034,0.009,0,,0.043,2928.444,643.61,1078.848,,4650.902,0.034,0.009,0,,0.043,48.522,3.427,10.809,,62.758,9.49,2.402,8.185,,20.077,48.522,3.427,10.809,,62.758,9.49,2.402,8.185,,20.077,18.133,11,6.741,,
2024,4683.0,City of Cuyahoga Falls - (OH),OH,PJM,0,989.301,0,0,989.301,0,0.271,0,0,0.271,0,14840,0,0,14840,0,0.271,0,0,0.271,0,42.04,0,0,42.04,0,0,0,0,0,0,42.04,0,0,42.04,0,0,0,0,0,0,15,0,0,
2024,4743.0,"Consumers Power, Inc",OR,BPAT,383.861,290.768,15.2,0,689.829,0.099,0.06,0.003,0,0.162,6232.353,6629.519,182.395,0,13044.267,0.099,0.06,0.003,0,0.162,266.307,17.095,1.976,0,285.378,46.486,35.212,1.841,0,83.539,266.307,17.095,1.976,0,285.378,46.486,35.212,1.841,0,83.539,16.236,22.8,12,0,https://cpi.coop/
2024,4794.0,City of Danville - (VA),VA,PJM,119.27,253.802,37.346,,410.418,0.047,0.089,0.016,,0.152,1978.82,3807.04,560.196,,6346.056,0.047,0.089,0.016,,0.152,46.057,10.573,3.071,,59.701,118.77,,,,118.77,46.057,10.573,3.071,,59.701,118.77,,,,118.77,16.59,15,15,,
2024,4911.0,Dawson Power District,NE,SWPP,850.631,264.533,888.778,,2003.942,0.183,0.039,0.007,,0.229,14497.62,2962.284,8564.927,,26024.831,0.183,0.039,0.007,,0.229,286.45,14.339,38.539,,339.328,39.784,5.99,24.811,,70.585,286.45,14.339,38.539,,339.328,39.784,5.99,24.811,,70.585,17.043,11.198,9.637,,
2024,5027.0,Delmarva Power,MD,PJM,17243,32567,,,49810,3.4,5.3,,,8.7,79897,436461,,,516358,3.4,5.3,,,8.7,4447,11114,,,15561,4585,5910,,,10495,4447,11114,,,15561,4585,5910,,,10495,4.6,13.4,,,
2024,5063.0,City of Denton - (TX),TX,ERCO,703.805,,,,703.805,0.269,,,,0.269,10557.079,,,,10557.079,0.269,,,,0.269,737.363,,,,737.363,40,,,,40,737.363,,,,737.363,40,,,,40,15,,,,
2024,5070.0,Delaware Electric Cooperative,DE,PJM,249.072,214.435,,,463.507,5.593,0,,,5.593,1026.8,1436.5,,,2463.3,2.9,0,,,2.9,114,1299,,,1413,11,144,,,155,114,1299,,,1413,11,144,,,155,7.8,13,,,
2024,5109.0,DTE Electric Company,MI,MISO,198044,720697,,,918741,31.19,129.02,,,160.21,1162628,8300520,,,9463148,29.65,119.27,,,148.92,,,,,,82785,113228,,,196013,,,,,,82785,113228,,,196013,5.38,10.34,,,
2024,5175.0,Dixie Electric Power Assn - (MS),MS,MISO,2657.4,,,,2657.4,0.2,,,,0.2,6751.5,,,,6751.5,0.2,,,,0.2,5.2,,,,5.2,423.2,,,,423.2,5.2,,,,5.2,423.2,,,,423.2,2.63,,,,
2024,5204.0,Dixie Electric Coop - (AL),AL,SOCO,14.1,,,,14.1,,,,,,141,,,,141,,,,,,5.4,,,,5.4,,,,,,5.4,,,,5.4,,,,,,10,,,,
2024,5416.0,"Duke Energy Carolinas, LLC",NC,DUK,358096.266,183773.937,,,541870.203,60.835,32.579,,,93.414,1188148.936,2652095.427,,,3840244.363,60.835,32.579,,,93.414,21494.343,24743.739,,,46238.082,17402.516,12931.352,,,30333.868,21494.343,24743.739,,,46238.082,17402.516,12931.352,,,30333.868,3.3,14.4,,,
2024,5416.0,"Duke Energy Carolinas, LLC",SC,DUK,128397.175,65893.048,,,194290.223,21.812,11.682,,,33.494,426016.638,950921.844,,,1376938.482,21.812,11.682,,,33.494,7706.903,8871.989,,,16578.892,6239.758,4636.599,,,10876.357,7706.903,8871.989,,,16578.892,6239.758,4636.599,,,10876.357,3.3,14.4,,,
2024,5417.0,Dunn County Electric Coop,WI,MISO,388,55,0,0,443,0.039,0,0,0,0.039,5854,770,0,0,6624,0.039,0,0,0,0.039,65.297,0.684,0,0,65.981,99.979,1.065,0,0,101.044,65.297,0.684,0,0,65.981,99.979,1.065,0,0,101.044,15.087,14,0,0,
2024,5487.0,Duquesne Light Co,PA,PJM,26090.15,39113.07,10024.95,,75228.17,4.5,7.58,1.67,,13.75,162075.54,378143.45,98873.99,,639092.98,4.5,7.58,1.67,,13.75,3928,3970,369,,8267,3322,4164,922,,8408,3928,3970,369,,8267,3322,4164,922,,8408,6.21,9.67,9.86,,
2024,5552.0,"East River Elec Pwr Coop, Inc",SD,SWPP,0,0,0,0,0,54.4,2.8,10.8,0,68,0,0,0,0,0,54.4,2.8,10.8,0,68,2,0.17,0.043,0,2.213,583.21,80.12,20.03,0,683.36,2,0.17,0.043,0,2.213,583.21,80.12,20.03,0,683.36,,,,,
2024,5580.0,"East Kentucky Power Coop, Inc",KY,PJM,5312,,,,5312,1.9,,,,1.9,98270,,,,98270,1.9,,,,1.9,1005,,,,1005,186,,,,186,1005,,,,1005,186,,,,186,18.5,,,,
2024,5605.0,Eastern Iowa Light & Power Coop,IA,MISO,212.346,,,,212.346,0.019,,,,0.019,4068.831,,,,4068.831,0.019,,,,0.019,93.173,,,,93.173,17.562,,,,17.562,93.173,,,,93.173,17.562,,,,17.562,19.15,,,,
2024,5701.0,El Paso Electric Co,NM,EPE,4422,8045,,,12467,1.6,1.5,,,3.1,72450,102655,,,175105,1.6,1.5,,,3.1,1085,927,,,2012,1149,981,,,2130,1085,927,,,2012,1149,981,,,2130,16,13,,,
2024,5701.0,El Paso Electric Co,TX,EPE,4456,11119,,,15575,2.1,3.1,,,5.2,59202,140384,,,199586,2.1,3.1,,,5.2,1516,1726,,,3242,90,75,,,165,1516,1726,,,3242,90,75,,,165,13,13,,,
2024,5773.0,City of Elk River,MN,MISO,563.548,778.588,2263.963,,3606.099,,,,,,4052.812,9312.925,28129.548,,41495.285,,,,,,93.123,27.776,83.226,,204.125,219.173,37.205,111.48,,367.858,93.123,27.776,83.226,,204.125,219.173,37.205,111.48,,367.858,9.8,11.96,12.47,,
2024,5780.0,Elkhorn Rural Public Pwr Dist,NE,SWPP,91.676,11.436,277.162,,380.274,0.018,0.002,0,,0.02,1457.778,125.796,2063.006,,3646.58,0.018,0.002,0,,0.02,37.33,0.536,14.21,,52.076,5.08,0.386,17.255,,22.721,37.33,0.536,14.21,,52.076,5.08,0.386,17.255,,22.721,15.901,11,7.443,,www.erppd.com
2024,5832.0,Elmhurst Mutual Power & Light Co,WA,BPAT,118,256,,,374,0.022,0.047,,,0.069,2022,3077,,,5099,0.022,0.047,,,0.069,101,71,,,172,,,,,,101,71,,,172,,,,,,17.09,12,0,0,
2024,5860.0,Empire District Electric Co,MO,SWPP,2264,14355,,,16619,0.41,1.93,,,2.34,31306,189213,,,220519,0.41,1.93,,,2.34,287.303,1709.785,,,1997.088,678.941,547.89,,,1226.831,287.303,1709.785,,,1997.088,678.941,547.89,,,1226.831,13.828,13.181,,,
2024,5862.0,"Empire Electric Assn, Inc",CO,WACM,1765.66,87.52,,,1853.18,0.31,0.02,,,0.33,26393.1,1050.23,,,27443.33,0.32,0.02,,,0.34,300.48,3.89,,,304.37,,,,,,300.48,3.89,,,304.37,,,,,,14.68,12,,,No website address available.
2024,5930.0,Village of Fairport - (NY),NY,NYIS,2478.5,78.16,0,0,2556.66,24.19,0.62,0,0,24.81,24784.95,781.63,0,0,25566.58,21.26,0.62,0,0,21.88,395.37,65.14,0,0,460.51,41.5,1.717,0,0,43.217,395.37,65.14,0,0,460.51,41.5,1.72,0,0,43.22,10,12,0,0,https://ieepny.com/annual-report/
2024,6022.0,City of Eugene - (OR),OR,BPAT,2396,3712,1632,0,7740,0.858,1.036,0.13,0,2.024,37237.8,63475.2,24480,0,125193,0.858,1.036,0.13,0,2.024,2447,649.42,248.18,0,3344.6,0,0,0,0,0,2447,649.42,248.18,0,3344.6,0,0,0,0,0,16.46,17.06,15,0,
2024,6198.0,"Farmers Electric Coop, Inc - (NM)",NM,SWPP,117,,,,117,0.285,,,,0.285,117,,,,117,0.285,,,,0.285,36.821,,,,36.821,0,,,,0,36.821,,,,36.821,0,,,,0,1,,,,www.fecnm.org
2024,6374.0,Fitchburg Gas & Elec Light Co,MA,ISNE,1550,882.76,1332.24,,3765,0.13,0.12,0.41,,0.66,20767,16251.2,24525.8,,61544,0.13,0.12,0.41,,0.66,1654.33,990.99,687.49,,3332.81,533.31,685.98,475.89,,1695.18,1654.33,990.99,687.49,,3332.81,533.31,685.98,475.89,,1695.18,13.4,18.41,18.41,,http://www.mass.gov/utility-filings-and-tariffs
2024,6395.0,Flathead Electric Coop Inc,MT,BPAT,357.329,1005.135,430.39,,1792.854,,,,,,8201.078,12265.094,3838.059,,24304.231,,,,,,398.825,183.986,121.598,,704.409,,,,,,398.825,183.986,121.598,,704.409,,,,,,22.95,12.2,8.92,,www.bpa.gov
2024,6452.0,Florida Power & Light Co,FL,FPL,47294,33811,,,81105,18,16,,,34,613657,839264,,,1452921,18,16,,,34,5555.835,6497.325,,,12053.16,7067.852,1273.684,,,8341.536,5555.835,6497.325,,,12053.16,7067.852,1273.684,,,8341.536,13,25,,,
2024,6455.0,"Duke Energy Florida, LLC",FL,FPC,43758,8948,0,0,52706,22.2,3.9,0,0,26.1,522913,115908,0,0,638821,22.2,3.9,0,0,26.1,10490,672,0,0,11162,7086,2060,0,0,9146,10490,672,0,0,11162,7086,2060,0,0,9146,12,13,0,0,Duke Energy Florida.pdf (floridapsc.com)   
2024,6457.0,Florida Public Utilities Co,FL,JEA,185,3,,,188,0.152,0.017,,,0.169,1850,30,,,1880,0.152,0.017,,,0.169,15,2,,,17,56,26,,,82,15,2,,,17,56,26,,,82,10,10,,,
2024,6604.0,City of Fort Collins - (CO),CO,PSCO,11939.1,9823.5,9823.5,,31586.1,0.248,0.319,0.319,,0.886,49669.3,45309.7,45309.7,,140288.7,0.248,0.319,0.319,,0.886,1350.1,1193.2,1193.2,,3736.5,1136.7,581.4,581.4,,2299.5,1350.1,1193.2,1193.2,,3736.5,1136.7,581.4,581.4,,2299.5,4.2,4.6,4.6,,www.fcgov.com/conserves www.efficiencyworks.org
2024,6616.0,Fort Pierce Utilities Authority,FL,,144.111,,,,144.111,0.016,,,,0.016,2016.928,,,,2016.928,0.016,,,,0.016,34.275,,,,34.275,2.625,,,,2.625,34.275,,,,34.275,2.625,,,,2.625,13.88,,,,
2024,6640.0,Four County Elec Member Corp,NC,CPLE,28550,,,,28550,1.27,,,,1.27,285500,,,,285500,1.27,,,,1.27,9.85,,,,9.85,270.5,,,,270.5,14,,,,14,270.5,,,,270.5,10,,,,
2024,6716.0,PUD No 1 of Franklin County,WA,BPAT,299,802,2620,,3721,0.055,0.147,0.478,,0.68,12590,9840,27330,,49760,0.055,0.147,0.478,,0.68,1017,116,271,,1404,0,0,0,,0,1017,116,271,,1404,0,0,0,,0,42.11,12.26,10.43,,
2024,6782.0,Freeborn Mower Electric Cooperative,MN,MISO,2434,1508,31,0,3973,0.299,0.014,0.001,0,0.314,34234,20836,434,0,55504,0.299,0.014,0.001,0,0.314,298.534,58.57,1.184,0,358.288,323.567,61.632,0,0,385.199,298.534,58.57,1.184,0,358.288,323.567,61.632,0,0,385.199,14.065,13.82,14,0,
2024,6784.0,French Broad Elec Member Corp,NC,CPLE,4871.71,278.35,,,5150.06,,,,,,21924,1253,,,23177,,,,,,90.93,22.98,,,113.91,,,,,,91.93,22.98,,,114.91,,,,,,8.33,12,,,
2024,6909.0,Gainesville Regional Utilities,FL,GVL,438,,,,438,0.075,,,,0.075,6570,,,,6570,0.075,,,,0.075,790.006,,,,790.006,,,,,,790.006,,,,790.006,,,,,,15,,,,
2024,7004.0,"Buckeye Power, Inc",OH,PJM,898,5029,,,5927,0.238,0.378,,,0.616,15731,35273,,,51004,0.238,0.378,,,0.616,427,85,,,512,0,0,,,0,427,85,,,512,0,0,,,0,18,7,,,
2024,7140.0,Georgia Power Co,GA,SOCO,117894.175,307767.892,,,425662.067,25.684,49.039,,,74.723,757590.175,4462035.89,,,5219626.065,12.798,94.838,,,107.636,17914.58,20218.064,,,38132.644,11932.271,14125.748,,,26058.019,208922.73,296895.911,,,505818.641,135926.892,204180.818,,,340107.71,6.999,11.917,,,
2024,7264.0,"Glades Electric Coop, Inc",FL,SEC,53.916,4.413,,,58.329,0,0,,,0,667.5,49.65,,,717.15,0,0,,,0,0,0,,,0,43.1,1.5,,,44.6,0,0,,,0,43.1,1.5,,,44.6,12,12,,,
2024,7292.0,Glencoe Light & Power Comm,MN,MISO,225,490,39,0,754,0.013,0.1,0.012,0,0.125,2251,4898,391,0,7540,0.013,0.1,0.012,0,0.125,11,12,1,0,24,18,39,3,0,60,11,12,1,0,24,18,39,3,0,60,10,10,10,0,
2024,7294.0,City of Glendale - (CA),CA,LDWP,8961,8098,,,17059,0.114,1.034,,,1.148,16156,97172,,,113328,0.114,1.034,,,1.148,96.361,0,,,96.361,819.162,4213.817,,,5032.979,96.361,0,,,96.361,819.162,4213.817,,,5032.979,1.739,12,,,
2024,7483.0,City of Grand Haven - (MI),MI,MISO,158.9,427,427,,1012.9,0.022,0.059,0.077,,0.158,1305.65,7264,7264,,15833.65,0.029,0.059,0.077,,0.165,41.14,21.71,21.71,,84.56,21.38,22.1,22.1,,65.58,41.14,21.71,21.71,,84.56,21.38,22.1,22.1,,65.58,8.22,8.505,8.505,,
2024,7548.0,PUD No 1 of Grays Harbor County,WA,BPAT,816.47,333.65,238.44,,1388.56,0.093,0.038,0.027,,0.158,16329.4,3670.15,2384.4,,22383.95,0.093,0.038,0.027,,0.158,1056.083,78.147,19.714,,1153.944,321,10.906,0.988,,332.894,1056.083,78.147,19.714,,1153.944,321,10.906,0.988,,332.894,20,11,10,,www.ghpud.org
2024,7563.0,Grand Valley Power,CO,PSCO,10.088,,,,10.088,0.003,,,,0.003,108,,,,108,0.002,,,,0.002,0,,,,0,2.43,,,,2.43,0,,,,0,2.43,,,,2.43,10,,,,
2024,7570.0,Great River Energy,MN,MISO,56610.733,30946.718,,,87557.451,16.048,3.869,,,19.917,701973.089,490196.013,,,1192169.102,16.048,3.869,,,19.917,3533.41,1339.23,,,4872.64,4827.391,1721.457,,,6548.848,3533.41,1339.23,,,4872.64,4827.391,1721.457,,,6548.848,12.4,15.84,,,
2024,7634.0,City of Greenville - (TX),TX,ERCO,2.7,,,,2.7,0.001,,,,0.001,2.7,,,,2.7,0.001,,,,0.001,1.974,,,,1.974,0,,,,0,1.974,,,,1.974,0,,,,0,1,,,,
2024,7716.0,Groton Dept of Utilities - (CT),CT,ISNE,233,446,0,0,679,0.04,0.03,0,0,0.07,3457,4553,0,0,8010,0.04,0.03,0,0,0.07,1001,479,0,0,1480,81,156,0,0,237,1001,479,0,0,1480,81,156,0,0,237,14.8,10.2,0,0,
2024,7785.0,"Gulf Coast Electric Coop, Inc",FL,SOCO,140.4,,,,140.4,1.082,,,,1.082,1404,,,,1404,1.082,,,,1.082,26.5,,,,26.5,28.7,,,,28.7,26.5,,,,26.5,28.7,,,,28.7,10,,,,
2024,8319.0,Heartland Power Coop,IA,MISO,679,161,1777,,2617,0.028,0.009,0.134,,0.171,9526,2241,20488,,32255,0.028,0.009,0.134,,0.171,33.913,1.924,25.415,,61.252,0.506,0.101,0.117,0.009,0.733,33.913,1.924,25.415,,61.252,0.506,0.101,0.117,0.009,0.733,14.029,13.92,11.529,0,
2024,8333.0,Haywood Electric Member Corp,NC,DUK,,,,,,,,,,,2280,,,,2280,2.3,,,,2.3,,,,,,,,,,,2.4,,,,2.4,,,,,,10,,,,
2024,8449.0,Henderson City Utility Comm,KY,MISO,19.5,0,0,,19.5,0.002,0,0,,0.002,390,0,0,,390,0.002,0,0,,0.002,2.4,0,0,,2.4,0,0,0,,0,5.4,0,0,,5.4,0,0,0,,0,19.24,,,,https://www.hmpl.com/programs.html
2024,8566.0,High Plains Power Inc,WY,WACM,48.08,52333.02,0,0,52381.1,0.01,0.12,0,0,0.13,720.67,627996.26,0,0,628716.93,0.01,0.12,0,0,0.13,6.682,32.27,0,0,38.952,0,0,0,0,0,6.682,32.27,0,0,38.952,0,0,0,0,0,15.03,12,0,0,
2024,8570.0,Highline Electric Assn,CO,WACM,656.73,190.75,161.61,,1009.09,0.072,0.044,0.1,,0.216,8617.57,2289.02,2778.98,,13685.57,0.073,0.044,0.089,,0.206,61.09,2.15,14.28,,77.52,,,,,,61.09,2.15,14.28,,77.52,,,,,,13.68,12,19.21,,
2024,8570.0,Highline Electric Assn,NE,WACM,93.67,,3.01,,96.68,0.008,,0.001,,0.009,1257.83,,60.2,,1318.03,0.011,,0.001,,0.012,6.96,,2.3,,9.26,,,,,,6.96,,2.3,,9.26,,,,,,13.54,,20,,
2024,8620.0,"HILCO Electric Cooperative, Inc.",TX,ERCO,465,,,,465,0.119,,,,0.119,465,,,,465,0.119,,,,0.119,46,,,,46,,,,,,46,,,,46,,,,,,1,,,,
2024,8699.0,Inland Power & Light Company,ID,BPAT,11.708,97.182,,,108.89,0.005,0.005,,,0.01,132.828,194.364,,,327.192,0.005,0.005,,,0.01,0.265,5.103,,,5.368,0,0,,,0,0.265,5.103,,,5.368,0,0,,,0,6.485,2,,,
2024,8699.0,Inland Power & Light Company,WA,BPAT,527.738,486.984,1507.054,,2521.776,0.243,0.001,0.078,,0.322,9645.127,573.047,3550.301,,13768.475,0.243,0.001,0.078,,0.322,44.561,80.33,72.357,,197.248,0,0,0,,0,44.561,80.33,72.357,,197.248,0,0,0,,0,10.6,2.916,2.04,,
2024,8723.0,City of Holland,MI,MISO,6281,2733,9161,,18175,0.7,0.6,2.2,,3.5,43967,34291,114800,,193058,0.7,0.6,2.2,,3.5,229.515,273.717,916.359,,1419.591,315.9,315.9,315.9,,947.7,299.515,273.717,916.359,,1489.591,315.9,315.9,315.9,,947.7,7,15,14,,
2024,8773.0,"Holy Cross Electric Assn, Inc",CO,PSCO,2916,2390,,,5306,1.496,0.913,,,2.409,28810,27580,,,56390,1.496,0.913,,,2.409,936.823,154.459,,,1091.282,138.881,22.609,,,161.49,936.823,154.459,,,1091.282,138.881,22.609,,,161.49,9.88,11.54,,,
2024,8774.0,City of Holyoke - (MA),MA,ISNE,64.584,6.598,0,0,71.182,0.06,0.08,0,0,0.14,2525,975,0,0,3500,0.06,0.036,0,0,0.096,104.871,1,0,0,105.871,491.184,196.688,0,0,687.872,129.894,0,0,0,129.894,376.38,599.78,0,0,976.16,25,25,25,25,
2024,8901.0,CenterPoint Energy,TX,ERCO,119454.037,109058.004,0,0,228512.041,42.116,27.212,0,0,69.328,1709624.07,1648281.4,0,0,3357905.47,42.116,27.212,0,0,69.328,21157.17,14374.53,0,0,35531.7,1765.07,1496.91,0,0,3261.98,21157.17,14374.53,0,0,35531.7,1765.07,1496.91,0,0,3261.98,14.312,15.114,0,0,https://interchange.puc.texas.gov/search/documents/?controlNumber=57468&itemNumber=9 
2024,9187.0,City of Idaho Falls - (ID),ID,PACE,97,3584,1062,0,4743,0.018,0.655,0.194,0,0.867,1635,43632,10049,0,55316,0.018,0.655,0.194,0,0.867,108,800,122,0,1030,0,0,0,0,0,108,800,122,0,1030,0,0,0,0,0,16.78,12.18,9.46,0,
2024,9191.0,Idaho Power Co,ID,IPCO,35547,31531,72469,0,139547,4.1,3.6,8.3,0,16,142189,409899,1014568,0,1566656,4.1,3.6,8.3,0,16,489,5843,7725,0,14057,5625,2906,6724,0,15255,489,5843,7725,0,14057,5625,2906,6724,0,15255,4,13,14,0,
2024,9191.0,Idaho Power Co,OR,IPCO,435,272,3345,0,4052,0.05,0.031,0.4,0,0.481,1741,3532,46831,0,52104,0.05,0.031,0.4,0,0.481,19,32,457,0,508,148,101,273,0,522,19,32,457,0,508,148,101,273,0,522,5,13,14,0,
2024,9216.0,Imperial Irrigation District,CA,IID,7311,13026,,,20337,5.3,0.8,,,6.1,64171,258680,,,322851,5.3,0.8,,,6.1,1900,1148,,,3048,3611,1146,,,4757,1900,1148,,,3048,3611,1146,,,4757,14.837,19.789,,,
2024,9231.0,City of Independence - (MO),MO,SWPP,351,,,,351,0.361,,,,0.361,4824.1,,,,4824.1,0.315,,,,0.315,50.055,73.807,,,123.862,2,,,,2,50.055,73.807,,,123.862,2,,,,2,15.651,,,,
2024,9234.0,Indiana Municipal Power Agency,IN,MISO,17,27,,,44,0.006,0.026,,,0.032,85,135,,,220,0.006,0.026,,,0.032,1.3,6.4,,,7.7,0,0,,,0,1.3,6.4,,,7.7,0,0,,,0,5,5,,,
2024,9267.0,"Hoosier Energy R E C, Inc",IN,MISO,2942,3431,,,6373,0.74,0.33,,,1.07,52249,49566,,,101815,0.74,0.33,,,1.07,901.993,378.03,,,1280.023,,,,,,901.993,378.03,,,1280.023,,,,,,17.76,14.446,,,
2024,9273.0,AES Indiana,IN,MISO,52472,107477,,,159949,47.43,23.56,,,70.99,320079,1296173,,,1616252,47.43,23.56,,,70.99,2765.514,14763.258,,,17528.772,10870.024,7599.436,,,18469.46,2765.514,14763.258,,,17528.772,10870.024,7599.436,,,18469.46,6.1,12.06,,,
2024,9286.0,Illinois Municipal Elec Agency,IL,MISO,666.25,,4340.44,,5006.69,0.15,,0.75,,0.9,2665,,17361.76,,20026.76,0.15,,0.75,,0.9,162.63,,941.99,,1104.62,5,,41,,46,162.63,,941.99,,1104.62,5,,41,,46,4,,4,,
2024,9324.0,Indiana Michigan Power Co,IN,PJM,17650,76252,,,93902,10.1,42.6,,,52.7,228900,736953,,,965853,10.1,42.6,,,52.7,691,3400,,,4091,2564,3358,,,5922,691,3400,,,4091,2564,3358,,,5922,13,9.7,,,
2024,9324.0,Indiana Michigan Power Co,MI,PJM,5525.939,26356.836,1187.929,,33070.704,3.266,4.734,0.268,,8.268,88292.728,161291.296,3179.929,,252763.953,3.266,4.734,0.268,,8.268,532.693,1564,70.5,,2167.193,1165.154,1384,61,,2610.154,532.693,1564,71,,2167.693,1165.154,1384,61,,2610.154,16,6.1,2.7,,
2024,9417.0,Interstate Power and Light Co,IA,MISO,23113.58,59204.36,36355.15,,118673.09,1.076,11.625,6.982,,19.683,89973.14,721809.303,303322.698,,1115105.141,1.076,11.625,6.982,,19.683,1195.685,7377.634,5618.1,,14191.419,3887.178,4076.107,919.285,,8882.57,1195.685,7377.634,5618.1,,14191.419,3887.178,4076.107,919.285,,8882.57,3.893,12.192,8.343,,https://efs.iowa.gov/efs/ShowDocumentSearch.do?searchType=document
2024,9576.0,Jackson County Rural E M C - (IN),IN,MISO,372.989,435.105,,,808.094,0.09,0,,,0.09,3729.89,4351.05,,,8080.94,0.09,0,,,0.09,76,50,,,126,88,52,,,140,76,50,,,126,88,52,,,140,10,10,,,
2024,9601.0,Jackson Electric Member Corp - (GA),GA,SOCO,1750,865,180,,2795,0.445,0.209,0.031,,0.685,15272,4255,909,,20436,0.541,0.225,0.037,,0.803,2013,0.929,1.135,,2015.064,430,0,0,,430,2013,0.929,1.135,,2015.064,430,0,0,,430,9.59,5,5,,www.jacksonemc.com/savenow
2024,9617.0,JEA,FL,JEA,21373,11019,,,32392,5.25,2.13,,,7.38,151689,116638,,,268327,3.73,1.05,,,4.78,873.099,422.077,,,1295.176,1454.428,476.238,,,1930.666,873.099,422.077,,,1295.176,1454.428,476.238,,,1930.666,7.1,10.59,,,
2024,9699.0,"Jemez Mountains Elec Coop, Inc",NM,WALC,185.7,,,,185.7,0.03,,,,0.03,2767.32,,,,2767.32,0.03,,,,0.03,29.638,,,,29.638,,,,,,29.638,,,,29.638,,,,,,14.58,,,,
2024,9726.0,Jersey Central Power & Lt Co,NJ,PJM,41308.73,113466.119,4727.755,0,159502.604,7.637,19.783,0.824,0,28.244,217024.873,1543719.191,64321.633,0,1825065.697,7.637,19.783,0.824,0,28.244,13578.594,95186.44,3966.102,0,112731.136,16574.49,9039.589,376.65,0,25990.729,13578.594,95186.44,3966.102,0,112731.136,16574.49,9039.589,376.65,0,25990.729,5.254,13.605,13.605,0,https://www.njcleanenergy.com/cp
2024,9750.0,"Jo-Carroll Energy, Inc",IL,MISO,341,343,,,684,0.032,0.051,,,0.083,4709,6054,,,10763,0.032,0.051,,,0.083,63.202,4.989,,,68.191,,,,,,63.202,4.989,,,68.191,,,,,,13.81,17.648,,,
2024,9778.0,Johnson County Rural E M C,IN,MISO,100,,831,,931,0.02,,0.96,,0.98,1800,,12465,,14265,0.02,,0.96,,0.98,62.835,,107.681,,170.516,,,,,,62.835,,107.681,,170.516,,,,,,18,,15,,
2024,9996.0,City of Kansas City - (KS),KS,SWPP,55.8,0,0,0,55.8,0.16,0,0,0,0.16,558,0,0,0,558,0.11,0,0,0,0.11,43.524,0,0,0,43.524,0,0,0,0,0,43.524,0,0,0,43.524,0,0,0,0,0,8,0,0,0,
2024,10000.0,Evergy Metro,KS,SWPP,6718.519,2391.562,,,9110.081,4.247,1.057,,,5.304,96900.805,28936.221,,,125837.026,4.247,1.057,,,5.304,1016.15,751.85,,,1768,351.36,477.39,,,828.75,1016.15,751.85,,,1768,351.36,477.39,,,828.75,14.4,12.1,,,www.evergy.com
2024,10000.0,Evergy Metro,MO,SWPP,9822.981,25013.391,,,34836.372,3.219,5.237,,,8.456,156043.377,288809.924,,,444853.301,3.219,5.237,,,8.456,3608.81,3143.46,,,6752.27,1988.98,1426.67,,,3415.65,3608.81,3143.46,,,6752.27,1988.98,1426.67,,,3415.65,15.9,11.5,,,www.evergy.com
2024,10005.0,"Evergy Kansas South, Inc",KS,SWPP,2535.936,2349.559,,,4885.495,1.951,0.93,,,2.881,31298.522,28077.344,,,59375.866,1.951,0.93,,,2.881,1094.81,762.42,,,1857.23,436.99,601.93,,,1038.92,1094.81,762.42,,,1857.23,436.99,601.93,,,1038.92,12.3,12,,,
2024,10066.0,K C Electric Association,CO,WACM,281.16,63.58,,,344.74,0.06,0.01,,,0.07,4246.11,763.01,,,5009.12,0.05,0.01,,,0.06,53.276,0.648,,,53.924,,,,,,53.276,0.648,,,53.924,,,,,,15.57,12,,,
2024,10071.0,Kauai Island Utility Cooperative,HI,NA,806.7,669.607,446.196,0,1922.503,0.405,0.397,0.089,0,0.891,14127.88,11035.09,7353.28,0,32516.25,0.576,0.397,0.089,0,1.062,147.312,122.277,81.48,0,351.069,78.569,65.217,43.457,0,187.243,147.312,122.277,81.48,0,351.069,78.569,65.217,43.457,0,187.243,17.51,8.59,5.72,0,
2024,10171.0,Kentucky Utilities Co,KY,LGEE,1476.788,14155.973,,,15632.761,1.498,11.858,,,13.356,28703.164,283119.469,,,311822.633,1.498,11.858,,,13.356,1077.282,480.095,,,1557.377,4405.33,2210.925,,,6616.255,1077.282,480.095,,,1557.377,4405.33,2210.925,,,6616.255,19,20,,,
2024,10376.0,Kissimmee Utility Authority,FL,,413.703,39.084,34,0,486.787,0.081,0.14,0.139,0,0.36,5859.192,474.053,408,0,6741.245,0.081,0.14,0.139,0,0.36,36.78,29.231,1.999,0,68.01,0,0,0,0,0,36.78,29.231,1.999,0,68.01,238.216,12.011,2.002,0,252.229,14.163,12.129,12,,
2024,10393.0,PUD No 1 of Klickitat County,WA,BPAT,212.553,73.307,53.233,,339.093,,,,,,3939.882,879.684,532.33,,5351.896,,,,,,463.68,7.187,28.1,,498.967,,,,,,463.68,7.187,28.1,,498.967,,,,,,18.536,12,10,,
2024,10454.0,Kootenai Electric Cooperative,ID,AVA,221.148,715.926,474.081,0,1411.155,0.07,0.124,0.027,0,0.221,3645.299,8591.108,4424.752,0,16661.159,0.07,0.124,0.027,0,0.221,100.51,74.416,115.59,0,290.516,11.636,37.671,24.945,0,74.252,100.51,74.416,115.59,0,290.516,11.636,37.671,24.945,0,74.252,16.484,12,9.333,0,
2024,10539.0,"La Plata Electric Assn, Inc",CO,WACM,3025.63,430.97,,,3456.6,2.37,0.16,,,2.53,45731.59,5498.72,,,51230.31,2.31,0.16,,,2.47,829.232,57.363,,,886.595,246.8,3,,,249.8,829.232,57.363,,,886.595,246.8,3,,,249.8,15.53,14.35,,,
2024,10623.0,City of Lakeland - (FL),FL,FMPP,1969.602,485.609,0,0,2455.211,1.183,0.187,0,0,1.37,21955.332,2914.077,0,0,24869.409,1.207,0.188,0,0,1.395,422.164,28.016,0,0,450.18,0,0,0,0,0,422.164,28.016,0,0,450.18,0,0,0,0,0,14.326,14.326,,,
2024,10627.0,Lakeview Light & Power,WA,BPAT,28,353,406,,787,0.005,0.065,0.074,,0.144,629,4255,4867,,9751,0.005,0.065,0.074,,0.144,8.7,73,69,,150.7,,,,,,8.7,73,69,,150.7,,,,,,22.56,12.05,12,,
2024,10681.0,Lane Electric Coop Inc,OR,BPAT,347,62,,,409,0.063,0.011,,,0.074,5502,742,,,6244,0.063,0.011,,,0.074,234,18,,,252,,,,,,234,18,,,252,,,,,,15.85,12,,,
2024,10704.0,City of Lansing - (MI),MI,MISO,5951,22900,6211,,35062,1,4,6,,11,63078,297705,80741,,441524,1,5,8,,14,870,1153,290,,2313,527,1012,275,,1814,870,1153,290,,2313,527,1012,275,,1814,10.6,13,13,,https://www.lbwl.com/energysavers
2024,10857.0,"Lee County Electric Coop, Inc - (FL)",FL,FPL,35317.2,,,,35317.2,0,,,,0,282537.6,,,,282537.6,0,,,,0,0,,,,0,110.07,,,,110.07,0,,,,0,110.07,,,,110.07,8,,,,
2024,10868.0,City of Leesburg - (FL),FL,FPC,303.432,,,,303.432,0.061,,,,0.061,3699.404,,,,3699.404,0.061,,,,0.061,78.759,,,,78.759,,,,,,78.759,,,,78.759,,,,,,12.25,,,,
2024,10879.0,Lehi City Corporation,UT,PACE,38.887,,,,38.887,,,,,,441.829,,,,441.829,,,,,,2.885,,,,2.885,,,,,,2.885,,,,2.885,,,,,,12.47,,,,
2024,10944.0,PUD No 1 of Lewis County,WA,BPAT,773.18,974.71,3750.49,,5498.38,0.18,1.14,0.875,,2.195,15151.07,12028.09,32117.35,,59296.51,0.18,1.14,0.875,,2.195,1218.63,334.56,204.86,,1758.05,313.29,86.01,52.67,,451.97,1218.63,334.56,204.86,,1758.05,313.29,86.01,52.67,,451.97,19.6,12.34,8.56,,
2024,10967.0,City of Lexington - (NE),NE,SWPP,381.856,9.141,0,,390.997,0.081,0.001,0,,0.082,5724.031,100.551,0,,5824.582,0.081,0.001,0,,0.082,223.607,0.425,0,,224.032,69.914,0.423,0,,70.337,223.607,0.425,0,,224.032,69.914,0.423,0,,70.337,14.99,11,0,,
2024,11018.0,Lincoln Electric System,NE,SWPP,783,623,1920,0,3326,1,0.3,0.5,0,1.8,9396,7476,23040,0,39912,1,0.3,0.5,0,1.8,1464,92,263,0,1819,54.7,54.7,54.7,0,164.1,1464,92,263,0,1819,54.7,54.7,54.7,0,164.1,12,12,12,0,
2024,11053.0,Linn County REC,IA,MISO,406.004,361.563,,,767.567,0.178,0.201,,,0.379,8103.16,6506.83,,,14609.99,0.178,0.201,,,0.379,253.611,91.903,,,345.514,19.231,2.2,,,21.431,253.611,91.903,,,345.514,19.231,2.2,,,21.431,19.1,17.66,,,
2024,11124.0,City of Lodi - (CA),CA,CISO,295.668,359.115,3168.518,,3823.301,0.09,0.059,0.338,,0.487,3381.221,4487.882,47527.77,,55396.873,0.089,0.059,0.338,,0.486,228.783,56.06,131.659,,416.502,100.101,4.643,0.516,,105.26,228.783,56.06,131.659,,416.502,100.101,4.643,0.516,,105.26,13.416,12.597,15,,
2024,11135.0,City of Logan - (UT),UT,PACE,10.891,12.747,,,23.638,0.007,0.049,,,0.056,669.877,309.99,,,979.867,0.018,0.149,,,0.167,3.04,10.411,,,13.451,0.961,5.448,,,6.409,3.04,10.411,,,13.451,0.961,5.448,,,6.409,20,10,0,0,
2024,11171.0,Long Island Power Authority,NY,NYIS,149595.252,74580.791,,,224176.043,1.725,14.66,,,16.385,2039689.149,1193292.653,,,3232981.802,1.725,14.66,,,16.385,30507.042,21988.39,,,52495.432,17679.763,12766.8,,,30446.563,30507.042,21988.39,,,52495.432,17679.763,12766.8,,,30446.563,13.635,16,,,www.psegliny.com
2024,11187.0,City of Longmont,CO,PSCO,589.791,4335.09,,,4924.881,0.07,0.426,,,0.496,8097,49534,,,57631,0.07,0.426,,,0.496,548.11,1305.766,,,1853.876,544.715,506.629,,,1051.344,548.11,1305.766,,,1853.876,544.715,506.629,,,1051.344,13.728,11.426,,,https://www.prpa.org/financial-information/   
2024,11208.0,Los Angeles Department of Water & Power,CA,LDWP,14223.615,85505.118,0,,99728.733,15.906,12.369,0,,28.275,221930.819,1056445.893,0,,1278376.712,15.906,12.369,0,,28.275,9330.014,45450.616,0,,54780.63,39190.282,27119.363,0,,66309.645,9330.014,45450.616,0,,54780.63,39190.282,27119.363,0,,66309.645,18.065,12.82,0,,
2024,11241.0,Entergy Louisiana LLC,LA,MISO,44899.512,32553.735,,,77453.247,7.598,4.035,,,11.633,666829.079,422467.894,,,1089296.973,7.598,4.035,,,11.633,7170.039,4717.256,,,11887.295,2646.927,3329.933,,,5976.86,7170.039,4717.256,,,11887.295,2646.927,3329.933,,,5976.86,14.93,12.95,,,
2024,11249.0,Louisville Gas & Electric Co,KY,LGEE,755,22584,0,0,23339,2.3,0,0,0,2.3,13832,451858,0,0,465690,2.3,0,0,0,2.3,947,832,0,0,1779,4909,1728,0,0,6637,947,832,0,0,1779,4909,1728,0,0,6637,18,20,,,https://lge-ku.com/residential-energy-efficiency
2024,11251.0,Loup River Public Power Dist,NE,SWPP,687.955,479.965,120.649,,1288.569,0.149,0.107,0,,0.256,8298.846,5513.511,1166.153,,14978.51,0.149,0.107,0,,0.256,217.05,32.036,5.08,,254.166,46.341,30.234,3.597,,80.172,217.05,32.036,5.08,,254.166,46.341,30.234,3.597,,80.172,12.063,11.487,9.666,,
2024,11256.0,City of Loveland - (CO),CO,PSCO,1333,3676,,,5009,0.349,0.587,,,0.936,9227,48794,,,58021,0.349,0.587,,,0.936,373.5,1187.3,,,1560.8,487.65,335.5,,,823.15,373.5,1187.3,,,1560.8,487.7,335.5,823.15,,1646.35,6.9,13.3,,,
2024,11291.0,Lumbee River Elec Member Corp,NC,CPLE,2991.5,,,,2991.5,,,,,,5143.5,,,,5143.5,,,,,,0.5,,,,0.5,0,,,,0,0.5,,,,0.5,0,,,,0,0.6,,,,
2024,11475.0,City of Madison - (SD),SD,MISO,5.07,,,,5.07,0.01,,,,0.01,1623,,,,1623,0.01,,,,0.01,1.42,,,,1.42,0,,,,0,69.045,,,,69.045,0,,,,0,8.47,,,,
2024,11501.0,Magic Valley Electric Coop Inc,TX,ERCO,45,,,,45,2.5,,,,2.5,195,,,,195,2.5,,,,2.5,10,,,,10,,,,,,10,,,,10,,,,,,10,,,,
2024,11571.0,Manitowoc Public Utilities,WI,MISO,37,,,,37,0.038,,,,0.038,37,,,,37,0.038,,,,0.038,16.5,,,,16.5,11,,,,11,16.5,,,,16.5,11,,,,11,1,,,,
2024,11646.0,City of Marietta - (GA),GA,SOCO,87.14,,,,87.14,0.02,,,,0.02,926.63,,,,926.63,0.03,,,,0.03,4.98,,,,4.98,4.62,,,,4.62,0,,,,0,49.15,,,,49.15,11.73,,,,
2024,11701.0,City of Marquette - (MI),MI,MISO,60,0,0,0,60,0.001,0,0,0,0.001,90,0,0,0,90,0.001,0,0,0,0.001,1.64,0,0,0,1.64,8.29,0,0,0,8.29,1.64,0,0,0,1.64,8.29,0,0,0,8.29,9.33,0,0,0,
2024,11731.0,City of Marshall - (MN),MN,MISO,73.561,292.811,223.85,0,590.222,0.039,0.105,0.045,0,0.189,713.481,5412.611,2122.153,0,8248.245,0.039,0.105,0.045,0,0.189,31.802,34.05,11.444,0,77.296,11.962,13.232,4.485,0,29.679,31.802,34.05,11.444,0,77.296,11.962,13.232,4.485,0,29.679,9.7,18.48,9.48,0,
2024,11804.0,Massachusetts Electric Co,MA,ISNE,59042,110700.6,52094,,221836.6,12.105,13.996,6.587,,32.688,133421,944068.48,444267.52,,1521757,12.105,13.996,6.587,,32.688,223.354,62.495,11.029,,296.878,64.691,27.955,4.933,,97.579,223.354,62.495,11.029,,296.878,64.691,27.955,4.933,,97.579,2.26,8.528,8.528,,
2024,11811.0,Town of Massena - (NY),NY,NYIS,224.33,109.18,,,333.51,,,,,,1352.46,1200.73,,,2553.19,,,,,,10.27,8.86,,,19.13,25.94,22.94,,,48.88,10.27,8.86,,,19.13,25.94,22.94,,,48.88,5.32,11,0,0,
2024,12087.0,McKenzie Electric Coop Inc,ND,SWPP,,,,,,,,,,,,,,,,,,,,,1.2,,,,1.2,,,,,,1.2,,,,1.2,,,,,,,,,,
2024,12187.0,City of McMinnville - (OR),OR,BPAT,152.637,530.281,1111.496,0,1794.414,0.038,0.047,0.063,0,0.148,3367.557,10075.345,13337.951,0,26780.853,0.038,0.047,0.063,0,0.148,268.608,94.477,181.922,0,545.007,6.117,21.253,44.546,0,71.916,268.608,94.477,181.922,0,545.007,6.117,21.253,44.546,0,71.916,22.063,19,12,0,mc-power.com
2024,12199.0,Montana-Dakota Utilities Co,MT,SWPP,3.19,278.32,,,281.51,0,0.048,,,0.048,31.875,4092.899,,,4124.774,0,0.048,,,0.048,0.159,26.766,,,26.925,0,0,,,0,0.159,26.766,,,26.925,0,0,,,0,10,10,,,
2024,12312.0,Merced Irrigation District,CA,CISO,15.887,765.706,,,781.593,0.002,0.061,,,0.063,15.887,765.706,,,781.593,0.002,0.061,,,0.063,11.9,94.8,,,106.7,,,,,,11.9,94.8,,,106.7,,,,,,1,1,,,
2024,12341.0,MidAmerican Energy Co,IA,MISO,35094.5,102979.1,21944.6,0,160018.2,11.3,26,3.6,0,40.9,107833.9,1918138,289867.2,0,2315839.1,6.8,28.2,3.4,0,38.4,3831,19026,5474,0,28331,3434,4062,1598,0,9094,3831,19026,5474,0,28331,3434,4062,1598,0,9094,2.8,18.65,13.23,0,https://efs.iowa.gov/efs/ShowDocketSummary.do?docketNumber=EEP-2012-0002   
2024,12341.0,MidAmerican Energy Co,IL,MISO,4983,3719.4,902.9,0,9605.3,1.6,0.8,0.1,0,2.5,13017.9,43857.4,11951.9,0,68827.2,0.6,0.7,0.1,0,1.4,507,671,215,0,1393,424,297,160,0,881,507,671,215,0,1393,424,297,160,0,881,2.61,11.79,13.24,0,http://www.icc.illinois.gov/docket/Documents.aspx?no=13-0423
2024,12395.0,Menard Electric Coop,IL,MISO,17.51,,,,17.51,0.002,,,,0.002,262.65,,,,262.65,0.002,,,,0.002,0.9,,,,0.9,0.2,,,,0.2,0.9,,,,0.9,0.2,,,,0.2,15,,,,www.menard.com
2024,12450.0,Midland Power Coop,IA,MISO,516.265,0.747,,,517.012,0.044,0.001,,,0.045,10190.929,11.205,,,10202.134,0.044,0.001,,,0.045,153.566,3.05,,,156.616,81.573,0.001,,,81.574,153.566,3.05,,,156.616,81.573,0.001,,,81.574,15,15,,,
2024,12478.0,Town of Middletown - (DE),DE,PJM,34,607,0,,641,0.008,0.084,0,,0.092,433,9090,0,,9523,0.008,0.084,0,,0.092,9,18,0,,27,27,52,0,,79,9,18,0,,27,27,52,0,,79,12.62,14.99,0,,
2024,12539.0,Midwest Electric Member Corp - (NE),NE,WACM,348.73,31.79,8.73,0,389.25,0.07,0.01,0,0,0.08,5242.34,381.5,174.59,0,5798.43,0.07,0.01,0,0,0.08,125.072,0.17,5.995,0,131.237,0,0,0,0,0,125.072,0.17,5.995,0,131.237,0,0,0,0,0,15.32,12,20,0,
2024,12642.0,Maquoketa Valley Rrl Elec Coop,IA,MISO,591.91,,,,591.91,0.8,,,,0.8,5919.1,,,,5919.1,0.8,,,,0.8,164.615,,,,164.615,10.944,,,,10.944,164.615,,,,164.615,10.944,,,,10.944,10,,,,https://mvec.coop/rebates
2024,12647.0,"ALLETE, Inc.",MN,MISO,11828.397,57972.08,,,69800.477,1.412,4.004,,,5.416,141089.292,794654.67,,,935743.962,0.924,2.692,,,3.616,1710.748,2847.528,,,4558.276,2220.539,941.877,,,3162.416,1710.748,2847.528,,,4558.276,2220.539,941.877,,,3162.416,11.928,13.708,,,
2024,12685.0,Entergy Mississippi LLC,MS,MISO,20396,22994,,,43390,4.14,4.85,,,8.99,230773,284317,,,515090,4.14,4.85,,,8.99,3762,5646,,,9408,2105,2302,,,4407,3762,5646,,,9408,2105,2302,,,4407,11.314,12.365,,,
2024,12686.0,Mississippi Power Co,MS,SOCO,15778.53,10499.02,0,0,26277.55,4.13,3.46,0,0,7.59,102057.36,98473.35,0,0,200530.71,4.13,3.46,0,0,7.59,2032.95,1613.29,0,0,3646.24,1046.63,283.5,0,0,1330.13,2032.95,1613.29,0,0,3646.24,1046.63,283.5,0,0,1330.13,6.82,9.38,0,0,
2024,12692.0,"Missoula Electric Coop, Inc",MT,BPAT,65.876,208.743,18.149,0,292.768,0.043,0.063,0.001,0,0.107,6076.625,3501.894,314.135,0,9892.654,0.003,0.005,0.001,0,0.009,28.706,36.026,3.288,0,68.02,15.84,68.317,5.939,0,90.096,354.097,111.056,8.488,0,473.641,420.41,147.307,19.619,0,587.336,16.106,11.733,8.712,0,
2024,12698.0,Evergy Missouri West,MO,SWPP,10217.483,29693.836,,,39911.319,3.815,5.668,,,9.483,170963.491,353385.973,,,524349.464,3.815,5.668,,,9.483,3074.02,3637.07,,,6711.09,1836.98,1804.5,,,3641.48,3074.02,3637.07,,,6711.09,1836.98,1804.5,,,3641.48,16.7,11.9,,,
2024,12744.0,Modern Electric Water Company,WA,AVA,25.28,365.187,,,390.467,0.005,0.086,,,0.091,602.027,4382.246,,,4984.273,0.005,0.086,,,0.091,15.442,55.47,,,70.912,3.979,57.479,,,61.458,15.442,55.47,,,70.912,3.979,57.479,,,61.458,23.815,12,,,modernelectricwater.com
2024,12745.0,Modesto Irrigation District,CA,BANC,439,2034,614,0,3087,0.1,0.2,0.2,0,0.5,5981,30494,7437,0,43912,0.1,0.1,0.1,0,0.3,267,168,89,0,524,222,541,141,0,904,267,168,89,0,524,222,541,141,0,904,14.616,14.999,13.332,0,
2024,12825.0,NorthWestern Energy LLC - (MT),MT,NWMT,8725,50144,,,58869,0.15,0,,,0.15,133094,711526,,,844620,0.15,0,,,0.15,123,3918,,,4041,3568,4646,,,8214,123,4485,,,4608,3568,4646,,,8214,15.25,14.3,,,
2024,12894.0,City of Moorhead - (MN),MN,SWPP,198.181,96.208,438.282,,732.671,0.041,0.037,0.17,,0.248,3489.818,1372.804,6253.886,,11116.508,0.041,0.037,0.17,,0.248,23.458,11.456,52.19,,87.104,28.671,14.002,63.787,,106.46,23.458,11.456,52.19,,87.104,28.671,14.002,63.787,,106.46,17.609,14.269,14.269,,
2024,13050.0,"Mountain Parks Electric, Inc",CO,WACM,229.53,284.05,0,0,513.58,0.06,0.06,0,0,0.12,2650.33,3408.64,0,0,6058.97,0.06,0.06,0,0,0.12,48.639,4.235,0,0,52.874,0,0,0,0,0,48.639,4.235,0,0,52.874,0,0,0,0,0,15.33,12,0,0,
2024,13058.0,"Mountain View Elec Assn, Inc",CO,WACM,1790.356,925.363,,,2715.719,0.83,0.38,,,1.21,26994.392,13853.925,,,40848.317,0.81,0.38,,,1.19,355.963,47.743,,,403.706,24.183,12.499,,,36.682,355.963,47.743,,,403.706,24.183,12.499,,,36.682,15.589,16.573,,,
2024,13143.0,Board of Water Electric & Communications,IA,MISO,42.73,159.25,,,201.98,0.012,0.027,,,0.039,809.67,2070.24,,,2879.91,0.014,0.085,,,0.099,23.38,5.38,,,28.76,0,0,,,0,43,70,,,113,0,0,,,0,18.948,13,,,
2024,13208.0,City of Naperville - (IL),IL,PJM,191.592,,,,191.592,4.789,,,,4.789,5577.243,,,,5577.243,4.78,,,,4.78,4.297,,,,4.297,8.643,,,,8.643,330.041,,,,330.041,17.132,,,,17.132,20,,,,
2024,13214.0,The Narragansett Electric Co,RI,ISNE,36796.127,25429.8,11159.84,,73385.767,4.759,3.637,1.596,,9.992,172162.458,205198.332,90051.067,,467411.857,4.759,3.637,1.596,,9.992,27912.08,22025.698,9665.954,,59603.732,13138.248,5869.399,2575.779,,21583.426,27912.08,22025.698,9665.954,,59603.732,13138.248,5869.399,2575.779,,21583.426,4.679,8.069,8.069,,"PPL Electric Utilities' Annual Reports are on a Program Year, not Calendar Year, basis (June 1 - May 31)        http://www.puc.state.pa.us/filing_resources/issues_laws_regulations/act_129_information/electric_distribution_company_act_129_reporting_requirements.aspx               "
2024,13337.0,Nebraska Public Power District,NE,SWPP,931.533,2261.035,730.644,0,3923.212,0.207,0.371,0,0,0.578,13770.416,25585.255,10959.66,0,50315.331,0.207,0.371,0,0,0.578,337.762,135.579,19.95,0,493.291,27.94,135.127,9.729,0,172.796,337.762,135.579,19.95,0,493.291,27.94,135.127,9.729,0,172.796,14.783,11.316,15,0,
2024,13407.0,Nevada Power Co,NV,NEVP,52733,133336,,,186069,4.6,24.8,,,29.4,441858,1422145,,,1864003,4.6,24.8,,,29.4,5300.39,5641.25,,,10941.64,9372.53,9066.18,,,18438.71,5300.39,5641.25,,,10941.64,9372.53,9066.18,,,18438.71,8.4,10.7,,,http://puc.nv.gov/utilities/electric
2024,13441.0,New Hampshire Elec Coop Inc,NH,ISNE,2008.025,3348.719,0,0,5356.744,0.32,0.257,0,0,0.577,26672.57,39917.8,0,0,66590.37,0.32,0.257,0,0,0.577,1996,1093,0,0,3089,940,360,0,0,1300,1996,1093,0,0,3089,940,360,0,0,1300,13.28,11.92,0,0,
2024,13478.0,"Entergy New Orleans, LLC",LA,MISO,27281,34688,12,,61981,6.82,1.59,0.004,,8.414,213029,401915,187,,615131,6.82,1.59,0.004,,8.414,5341,5168,2,,10511,2779,4799,2,,7580,5341,5168,2,,10511,2779,4799,2,,7580,7.809,11.586,15,,
2024,13511.0,New York State Elec & Gas Corp,NY,NYIS,72722.16,70534.74,,,143256.9,15,13.86,,,28.86,862644.65,1058605.56,,,1921250.21,15,13.86,,,28.86,16394.104,13605.057,,,29999.161,8224.933,3595.529,,,11820.462,16394.104,13605.057,,,29999.161,8224.933,3595.529,,,11820.462,15,15,,,
2024,13519.0,City of Newark - (DE),DE,PJM,41,2210,186,,2437,0.011,0.317,0.026,,0.354,326,29054,2783,,32163,0.011,0.317,0.026,,0.354,7,65,6,,78,33,189,24,,246,7,65,6,,78,33,189,24,,246,7.91,13.15,15,0,
2024,13573.0,Niagara Mohawk Power Corp.,NY,NYIS,108017,120727,73994,0,302738,1.463,22.197,13.605,0,37.265,1253990,1414672,867057,0,3535719,1.463,22.197,13.605,0,37.265,28450,27494,16851,0,72795,9492,3749,2298,0,15539,28450,27494,16851,0,72795,9492,3749,2298,0,15539,7,12,12,0,
2024,13630.0,North Carolina Mun Power Agny #1,NC,DUK,297.067,1626.308,634.967,,2558.342,0.059,0.974,0.497,,1.53,2749.742,15864.08,9044.505,,27658.327,0.057,0.898,0.417,,1.372,36.4,97.343,33.77,,167.513,120.656,63,20,,203.656,36.4,97.343,33.77,,167.513,120.656,63,20,,203.656,9.256,9.755,14.244,,
2024,13664.0,Norris Public Power District,NE,SWPP,730.061,717.669,1240.409,0,2688.139,0.154,0.108,0,0,0.262,11968.93,8006.707,12479.421,0,32455.058,0.154,0.108,0,0,0.262,261.489,40.906,111.95,0,414.345,27.351,25.98,59.573,0,112.904,261.489,40.906,111.95,0,414.345,27.351,25.98,59.573,0,112.904,16.394,11.157,10.061,0,
2024,13676.0,"North Arkansas Elec Coop, Inc",AR,MISO,205.735,,,,205.735,0.206,,,,0.206,3542.044,,,,3542.044,0.206,,,,0.206,0,,,,0,871.405,,,,871.405,0,,,,0,8745.056,,,,8745.056,10,,,,
2024,13687.0,North Carolina Eastern M P A,NC,CPLE,402.82,54,20,,476.82,0.18,0.18,0.1,,0.46,3138.09,162,60,,3360.09,0.17,0.11,0.06,,0.34,8.12,0,0,,8.12,148.16,36,2,,186.16,8.12,0,0,,8.12,148.16,36,2,,186.16,7.79,3,3,14,
2024,13725.0,City of North Platte,NE,SWPP,56.368,57.746,7.66,,121.774,0.012,0.02,0,,0.032,833.292,812.287,114.9,,1760.479,0.012,0.02,0,,0.032,26.605,8.158,0.3,,35.063,4.163,6.877,0.176,,11.216,26.605,8.158,0.3,,35.063,4.163,6.877,0.176,,11.216,14.783,14.067,15,,
2024,13756.0,Northern Indiana Pub Serv Co,IN,MISO,37353.54,75281.732,,,112635.272,36.868,7.98,,,44.848,159891.667,1047246.1,,,1207137.767,2.664,5.063,,,7.727,3245.219,8176.539,,,11421.758,4328.289,3638.688,,,7966.977,3245.219,8176.539,,,11421.758,4328.289,3638.688,,,7966.977,4.28,13.911,,,
2024,13780.0,Northern States Power Co,MI,MISO,526,524,,,1050,0.027,0.023,,,0.05,4656,5570,,,10226,0.027,0.023,,,0.05,116,28,,,144,122,72,,,194,116,28,,,144,122,72,,,194,8.851,10.621,,,
2024,13780.0,Northern States Power Co,WI,MISO,,,,,,,,,,,,,,,,,,,,,330,560,,,890,91,566,,,657,330,560,,,890,91,566,,,657,,,,,
2024,13781.0,Northern States Power Co - Minnesota,MN,MISO,108887,215324,109733,,433944,29.9,40.3,21.8,,92,1298982,3176357,1895166,,6370505,29.9,40.3,21.8,,92,22395,27255,10843,,60493,21789,28941,7478,,58208,22395,27255,10843,,60493,21789,28941,7478,,58208,11.93,14.752,17.271,,
2024,13781.0,Northern States Power Co - Minnesota,SD,MISO,1473,3782,,,5255,1,1,,,2,24953,60513,,,85466,1,1,,,2,151,185,,,336,64,65,,,129,151,185,,,336,64,65,,,129,16.941,16,,,
2024,13788.0,Northern Wasco County PUD,OR,BPAT,228,112,,,340,0.042,0.021,,,0.063,3910,1426,,,5336,0.042,0.021,,,0.063,356,34,,,390,0,0,,,0,356,34,,,390,0,0,,,0,17.11,12.69,,,
2024,13798.0,Northwest Iowa Power Coop,IA,SWPP,3116,0,1178,0,4294,0.26,0,0.2,0,0.46,67245,0,19655,0,86900,0.24,0,0.25,0,0.49,1186,0,278,0,1464,29,0,1,0,30,1186,0,278,0,1464,29,0,1,0,30,15,15,15,0,
2024,13839.0,City of Norwood - (MA),MA,ISNE,63.883,382.574,267.884,,714.341,0,0.154,0.064,,0.218,63.883,3825.74,2678.84,,6568.463,0,0.154,0.064,,0.218,461.486,91.257,24,,576.743,97.343,24.275,0.45,,122.068,461.486,912.57,240,,1614.056,97.343,242.75,4.5,,344.593,1,10,10,,
2024,13936.0,Oakdale Electric Coop,WI,MISO,127,38,11,0,176,0.02,0.001,0.002,0,0.023,2028,532,154,0,2714,0.02,0.001,0.002,0,0.023,25.702,0.482,0.121,0,26.305,45.131,4.513,0.501,0,50.145,25.702,0.482,0.121,0,26.305,45.131,4.513,0.501,0,50.145,15.971,14,14,,
2024,13998.0,Ohio Edison Co,OH,PJM,6886.877,24698.957,16130.202,0,47716.036,0.908,3.991,2.285,0,7.184,178534.141,226909.634,129617.871,0,535061.646,0.908,3.991,2.285,0,7.184,2716.512,1965.01,1704.908,0,6386.43,919.399,602.852,597.284,0,2119.535,2716.512,1965.01,1704.908,0,6386.43,919.399,602.852,597.284,0,2119.535,25.924,9.187,8.036,0,https://dis.puc.state.oh.us/
2024,14006.0,Ohio Power Co,OH,PJM,3080,,,,3080,0.3,,,,0.3,3080,,,,3080,0.3,,,,0.3,303,,,,303,970,,,,970,303,,,,303,970,,,,970,1,,,,
2024,14063.0,Oklahoma Gas & Electric Co,AR,SWPP,8960.926,22377.294,0,0,31338.22,1.787,3.679,0,0,5.466,138014.545,249023.887,0,0,387038.432,1.41,2.695,0,0,4.105,2748.17,2137.76,0,0,4885.93,1828.389,2524.873,0,0,4353.262,2748.17,2137.76,0,0,4885.93,1828.389,2524.873,0,0,4353.262,10.251,12,0,0,http://www.apscservices.info/eeAnnualReports.aspx   
2024,14063.0,Oklahoma Gas & Electric Co,OK,SWPP,51464.097,63829.196,63829.196,0,179122.489,10.269,9.559,9.559,0,29.387,821942.88,563127.355,563127.355,0,1948197.59,8.215,7.647,7.647,0,23.509,12153.565,5008.917,5008.917,0,22171.399,5637.354,4189.432,4189.432,0,14016.218,12153.565,5008.917,5008.917,0,22171.399,5637.354,4189.432,4189.432,0,14016.218,13.371,11,11,0,http://www.occeweb.com/pu/ogande.htm   
2024,14109.0,"Oregon Trail El Cons Coop, Inc",OR,BPAT,235.32,595.102,716.106,0,1546.528,0.08,0.09,0.041,0,0.211,3848.031,7643.828,14322.119,0,25813.978,0.08,0.09,0.041,0,0.211,195.679,91.565,187.797,0,475.041,8.57,21.672,26.079,0,56.321,195.679,91.565,187.797,0,475.041,8.57,21.672,26.079,0,56.321,16.352,14.857,20,0,
2024,14127.0,Omaha Public Power District,NE,SWPP,3484.31,8483.53,,,11967.84,1.9,2.91,,,4.81,39337.86,111982.6,,,151320.46,1.9,2.91,,,4.81,1776.1,758.74,,,2534.84,297.81,80.16,,,377.97,1776.1,758.74,,,2534.84,297.81,80.16,,,377.97,11.29,13.2,,,
2024,14154.0,Orange & Rockland Utils Inc,NY,NYIS,11961,60015,23171,0,95147,0.12,14.65,5.65,0,20.42,30501,888222,342931,0,1261654,0.12,14.65,5.65,0,20.42,1332,8255,318.7,0,9905.7,1050,1325,51.1,0,2426.1,1332,8255,318.7,0,9905.7,1050,1325,51.1,0,2426.1,2.6,14.8,14.8,0,
2024,14232.0,Otter Tail Power Co,MN,MISO,14193.669,28713.975,0,0,42907.644,2.382,3.921,0,0,6.303,165919.786,373045.536,0,0,538965.322,2.382,3.921,0,0,6.303,1641.603,2373.678,0,0,4015.281,972.703,1967.792,0,0,2940.495,1641.603,2373.678,0,0,4015.281,972.703,1967.792,0,0,2940.495,12.241,13.03,0,0,
2024,14232.0,Otter Tail Power Co,SD,MISO,986.776,13401.991,0,0,14388.767,0.349,2.653,0,0,3.002,26469.883,200861.756,0,0,227331.639,0.349,2.653,0,0,3.002,125.627,401.593,0,0,527.22,8.713,118.346,0,0,127.059,125.627,401.593,0,0,527.22,8.713,118.346,0,0,127.059,18.22,14.99,0,0,
2024,14246.0,City of Owatonna - (MN),MN,MISO,358,711,1114,0,2183,0.1,0.1,0.1,0,0.3,3575,7112,11136,0,21823,0.1,0.1,0.1,0,0.3,100,51,88,0,239,99,7,1,0,107,100,51,88,0,239,99,7,1,0,107,10,10,10,0,
2024,14328.0,Pacific Gas & Electric Co.,CA,CISO,878750,629491,67845,0,1576086,173,129,9,0,311,8481119,8372014,393679,0,17246812,196,141,8,0,345,3620,9868,9895,0,23383,103518,73782,21788,0,199088,3620,9868,9895,0,23383,103518,73782,21788,0,199088,9.7,13.3,5.8,0,
2024,14354.0,PacifiCorp,CA,PACW,257.932,284.485,217.924,0,760.341,0.047,0.052,0.04,0,0.139,3816.804,1954.412,1277.032,0,7048.248,0.047,0.052,0.04,0,0.139,388.452,42.842,34.397,0,465.691,464.183,127.681,338.16,0,930.024,388.452,42.842,34.397,0,465.691,464.183,127.681,338.16,0,930.024,14.798,6.87,5.86,0,https://www.pacificorp.com/environment/demand-side-management.html
2024,14354.0,PacifiCorp,ID,PACE,6954.473,4487.542,3161.213,0,14603.228,1.404,0.906,0.638,0,2.948,25412.567,58921.421,37918.276,0,122252.264,1.404,0.906,0.638,0,2.948,467.838,628.864,369.896,0,1466.598,635.065,1300.568,704.322,0,2639.955,467.838,628.864,369.896,0,1466.598,635.065,1300.568,704.322,0,2639.955,3.654,13.13,11.996,0,https://www.pacificorp.com/environment/demand-side-management.html
2024,14354.0,PacifiCorp,UT,PACE,194319.528,123439.776,60331.526,0,378090.83,28.06,17.825,8.712,0,54.597,1710331.687,1301055.237,475833.241,0,3487220.165,28.06,17.825,8.712,0,54.597,20509.062,18073.67,6150.376,0,44733.108,8314.28,10898.566,4233.11,0,23445.956,20509.062,18073.67,6150.376,0,44733.108,8314.28,10898.566,4233.11,0,23445.956,8.802,10.54,7.887,0,https://www.pacificorp.com/environment/demand-side-management.html
2024,14354.0,PacifiCorp,WA,PACW,12140.838,24578.669,4034.7,0,40754.207,1.674,3.389,0.556,0,5.619,150894.911,292920.077,52278.495,0,496093.483,1.674,3.389,0.556,0,5.619,3336.278,5836.689,878.689,0,10051.656,5394.743,5673.304,1015.443,0,12083.49,3336.278,5836.689,878.689,0,10051.656,5394.743,5673.304,1015.443,0,12083.49,12.429,11.918,12.957,0,https://www.pacificorp.com/environment/demand-side-management.html
2024,14354.0,PacifiCorp,WY,PACE,11237.044,11831.299,21946.417,0,45014.76,1.448,1.525,2.828,0,5.801,36024.403,147654.608,228454.705,0,412133.716,1.448,1.525,2.828,0,5.801,468.862,1215.318,1607.259,0,3291.439,1103.016,2868.677,1099.427,0,5071.12,468.862,1215.318,1607.259,0,3291.439,1103.016,2868.677,1099.427,0,5071.12,3.206,12.48,10.41,0,https://www.pacificorp.com/environment/demand-side-management.html
2024,14401.0,City of Palo Alto - (CA),CA,CISO,1079.8,868.4,469.6,,2417.8,0.079,0.104,0.08,,0.263,11138.951,7800.85,7037.167,,25976.968,0.079,0.104,0.08,,0.263,545.053,221.829,137.584,,904.466,329.139,266.64,104.598,,700.377,545.053,221.829,137.584,,904.466,329.139,266.64,104.598,,700.377,10.3,9,15,,
2024,14468.0,People's Cooperative Services,MN,MISO,983,3200,2261,0,6444,0.122,0.038,0.003,0,0.163,14540,40973,28964,0,84477,0.122,0.038,0.003,0,0.163,239.234,51.557,45.068,0,335.859,226.161,16.722,2.09,0,244.973,239.234,51.557,45.068,0,335.859,226.161,16.722,2.09,0,244.973,14.792,12.804,12.81,0,
2024,14534.0,City of Pasadena - (CA),CA,CISO,8420,1638,,,10058,0.17,0.26,,,0.43,12328,9876,,,22204,0.17,0.26,,,0.43,1278.025,505.939,,,1783.964,1052.8,451.2,,,1504,1278.025,505.939,,,1783.964,1052.8,451.2,,,1504,5.14,7.97,,,https://pwp.cityofpasadena.net/eereports/
2024,14537.0,Pascoag Utility District,RI,ISNE,60,0,492,0,552,0.006,0,0.093,0,0.099,765,0,2956,0,3721,0.006,0,0.093,0,0.099,81,0,58,0,139,27,0,19,0,46,81,0,58,0,139,27,0,19,0,46,12.8,,6,,
2024,14563.0,Pearl River Valley El Pwr Assn,MS,MISO,822.6,,,,822.6,0.4,,,,0.4,15777.3,,,,15777.3,0.4,,,,0.4,45.1,,,,45.1,152.5,,,,152.5,45.1,,,,45.1,152.5,,,,152.5,19.18,,,,
2024,14606.0,"Peace River Electric Coop, Inc",FL,SEC,12.433,56.672,0,0,69.105,0,0,0,0,0,155.415,647.198,0,0,802.613,0,0,0,0,0,0,0,0,0,0,0,0,0,0,0,0,0,0,0,0,0,0,0,0,0,12.5,11.416,0,0,
2024,14610.0,Orlando Utilities Comm,FL,FMPP,19745.675,7969.653,,,27715.328,0.635,1.302,,,1.937,47207.778,128811.762,,,176019.54,0.635,1.302,,,1.937,796.582,392.192,,,1188.774,1236.007,382.147,,,1618.154,796.582,392.192,,,1188.774,1236.007,382.147,,,1618.154,2.39,16.16,,,
2024,14624.0,PUD No 2 of Grant County,WA,GCPD,69.027,20720.338,5935.234,0,26724.599,0.008,2.365,0.678,0,3.051,2509.215,248659.11,73696.152,0,324864.477,0.008,2.365,0.678,0,3.051,46.094,243.724,224.685,0,514.503,5.793,74.388,127.973,0,208.154,46.094,243.724,224.685,0,514.503,5.793,74.388,127.973,0,208.154,36.35,12,12.42,0,
2024,14668.0,Peninsula Light Company,WA,BPAT,614,120,,,734,0.1,0.46,,,0.56,11667,1446,,,13113,0.1,0.46,,,0.56,267,18,,,285,169,19,,,188,267,18,,,285,169,19,,,188,19,12,,,penlight.org
2024,14715.0,PPL Electric Utilities Corp,PA,PJM,77889.003,129414.607,112892.532,0,320196.142,9.299,29.35,21.119,0,59.768,701001.027,1811804.494,1580495.446,0,4093300.967,8.736,27.046,14.178,0,49.96,15094.451,18070.352,6197.017,0,39361.82,13777.642,9460.508,4109.817,0,27347.967,15094.451,18070.352,6197.017,0,39361.82,13777.642,9460.508,4109.817,0,27347.967,9,14,14,0,
2024,14717.0,Pee Dee Electric Member Corp,NC,CPLE,13,,,,13,10.5,,,,10.5,222,,,,222,10.5,,,,10.5,8,,,,8,,,,,,8,,,,8,,,,,,17.5,,,,
2024,14940.0,PECO Energy Co,PA,PJM,85663,281582,0,0,367245,12.27,57.84,0,0,70.11,883621,2541664,0,0,3425285,37.73,84.86,0,0,122.59,15695,54495,0,0,70190,9.754,14.157,0,0,23.911,20269.08,56042.76,0,0,76311.84,13.513,37.362,0,0,50.875,10,10,0,0,
2024,15023.0,Piedmont Electric Member Corp,NC,DUK,917.252,133.91,,,1051.162,1,1,,,2,1578.682,1437.611,,,3016.293,1,1,,,2,14.5,0.5,,,15,42.1,1.44,,,43.54,14.5,0.5,,,15,42.1,1.44,,,43.54,1.88,17,,,
2024,15231.0,City of Port Angeles - (WA),WA,BPAT,184.426,173.567,348.511,,706.504,0.101,0.134,0.268,,0.503,1844.26,1736,3485,,7065.26,0.101,0.134,0.268,,0.503,144.493,62.204,51.207,,257.904,,,,,,144.493,62.204,51.207,,257.904,,,,,,10,10,10,,
2024,15257.0,"Poudre Valley REA, Inc",CO,WACM,2430.44,597.25,,,3027.69,0.49,0.11,,,0.6,36634.4,7246.2,,,43880.6,0.49,0.11,,,0.6,431.323,22.591,,,453.914,,,,,,431.323,22.591,,,453.914,,,,,,15.22,1.39,,,
2024,15263.0,The Potomac Edison Company,MD,PJM,46761,52916.33,20471.73,0,120149.06,9.771,8.32,3.067,0,21.158,201659.22,447432.11,173097.99,0,822189.32,9.771,8.32,3.067,0,21.158,7675.641,6988.865,2717.892,0,17382.398,6031.745,9260.638,3601.359,0,18893.742,7675.641,6988.865,2717.892,0,17382.398,6031.745,9260.638,3601.359,0,18893.742,4.313,8.455,8.455,0,https://www.psc.state.md.us/
2024,15270.0,Potomac Electric Power Co,MD,PJM,84443,80943,,,165386,16.1,12.9,,,29,286708,1019240,,,1305948,16.1,12.9,,,29,17044,27775,,,44819,10022,15957,,,25979,17044,27775,,,44819,10022,15957,,,25979,3.4,12.6,,,
2024,15296.0,New York Power Authority,NY,NYIS,0,19.188,0,9.959,29.147,0,4.94,0,0.063,5.003,0,287.827,0,149.392,437.219,0,4.94,0,0.063,5.003,0,0,0,0,0,0,6.001,0,3.605,9.606,0,0,0,0,0,0,6.001,0,3.605,9.606,,15,,15,
2024,15340.0,Presque Isle Elec & Gas Coop,MI,MISO,690.329,653.237,,,1343.566,0.109,0.106,,,0.215,7421.777,8470.455,,,15892.232,0.109,0.106,,,0.215,376.289,68.501,,,444.79,135.61,71.216,,,206.826,376.289,68.501,,,444.79,135.61,71.216,,,206.826,10.751,12.967,,,https://pieg.com/energy-optimization-rebates/
2024,15344.0,Polk-Burnett Electric Coop,WI,MISO,413,23,0,0,436,0.12,0.002,0,0,0.122,6748,322,0,0,7070,0.12,0.002,0,0,0.122,199.238,2.51,0,0,201.748,12.678,1.102,0,0,13.78,199.238,2.51,0,0,201.748,12.678,1.102,0,0,13.78,16.34,13.99,0,0,
2024,15419.0,PUD No 3 of Mason County,WA,BPAT,1155.344,12.99,37.942,0,1206.276,0.323,0,0.004,0,0.327,19107.325,129.9,189.71,0,19426.935,0.323,0,0,0,0.323,1636.915,4.181,35.301,0,1676.397,586.858,6.598,19.273,0,612.729,1636.915,4.181,35.301,0,1676.397,586.858,6.598,19.273,0,612.729,16.538,10,5,0,
2024,15466.0,Public Service Co of Colorado,CO,PSCO,73183,267571,86989,,427743,12,38,11,,61,1313451,3967038,1289712,,6570201,12,38,11,,61,15386,38397,7428,,61211,13163,15233,4099,,32495,15386,38397,7428,,61211,13163,15233,4099,,32495,17.947,14.826,14.826,,
2024,15470.0,"Duke Energy Indiana, LLC",IN,MISO,109889,72776,,,182665,16.38,13.2,,,29.58,352659,993090,,,1345749,16.38,13.2,,,29.58,2969,8793,,,11762,9410,7898,,,17308,2969,8793,,,11762,9410,7898,,,17308,3.2,13.6,,,
2024,15472.0,Public Service Co of NH,NH,ISNE,10138.669,53248.081,,,63386.75,1.499,8.098,,,9.597,170992.941,497388.207,,,668381.148,1.319,8.323,,,9.642,20566.392,16735.668,,,37302.06,5152.021,4300.3,,,9452.321,20566.392,16735.668,,,37302.06,5152.021,4300.3,,,9452.321,16.865,8.341,,,www.puc.nh.gov/VirtualFileRoom/Docket.aspx
2024,15473.0,Public Service Co of NM,NM,PNM,52442.006,17125.465,17831.999,,87399.47,11.28,3.598,2.626,,17.504,491656.022,154129.181,122233.169,,768018.372,11.28,3.598,2.626,,17.504,9315.497,3334.339,2488.092,,15137.928,7329.755,2310.676,2034.504,,11674.935,9315.497,3334.339,2488.092,,15137.928,7329.755,2310.676,2034.504,,11674.935,9.375,9,6.855,,
2024,15474.0,Public Service Co of Oklahoma,OK,SWPP,91557,43568,0,0,135125,45.58,129.73,0,0,175.31,775508,1034940,0,0,1810448,45.58,129.73,0,0,175.31,10921,11986,0,0,22907,7541,4901,0,0,12442,10921,11986,0,0,22907,7541,4901,0,0,12442,8.5,23.8,,,
2024,15477.0,Public Service Elec & Gas Co,NJ,PJM,118207.57,517203.81,0,0,635411.38,8.71,124.4,0,0,133.11,695367.93,7747370.84,0,0,8442738.77,8.71,124.4,0,0,133.11,176344.072,243899.445,0,0,420243.517,66214.697,67856.691,0,0,134071.388,176344.072,243899.445,0,0,420243.517,66214.697,67856.691,0,0,134071.388,5.88,14.98,0,0,
2024,15500.0,Puget Sound Energy Inc,WA,PSEI,106189.706,138785.312,13169.706,,258144.724,19.925,21.586,1.768,,43.279,1041018.308,1696738.875,146267.912,,2884025.095,19.925,21.586,1.768,,43.279,42436.081,48224.026,5358.225,,96018.332,10111.132,12603.563,1400.396,,24115.091,42436.081,48224.026,5358.225,,96018.332,10111.132,12603.563,1400.396,,24115.091,9.803,12.226,11.106,,www.utc.wa.gov 
2024,15671.0,Randolph Electric Member Corp,NC,CPLE,,70,,,70,,,,,,,1273,,,1273,,,,,,,5.381,,,5.381,,,,,,,5.381,,,5.381,,,,,,,15,,,
2024,15700.0,Rayle Electric Membership Corp,GA,SOCO,,,,,,,,,,,,,,,,,,,,,0.55,,,,0.55,,,,,,48.55,,,,48.55,,,,,,,,,,
2024,15748.0,Town of Reading - (MA),MA,ISNE,234.146,,,,234.146,0.043,,,,0.043,2318.155,,,,2318.155,0.039,,,,0.039,27.35,,,,27.35,2.86,,,,2.86,27.35,,,,27.35,2.86,,,,2.86,9.903,,,,https://www.rmld.com/my-residence/pages/residential-energy-efficiency-programs
2024,15783.0,City of Redding - (CA),CA,,32.322,0,0,,32.322,0.001,0,0,,0.001,335.93,0,0,,335.93,0.001,0,0,,0.001,10.6,0,0,,10.6,120,0,0,,120,10.6,0,0,,10.6,120,0,0,,120,10.393,0,0,,https://www.cmua.org/sb1037-reports
2024,15979.0,City of Richland - (WA),WA,BPAT,678,1708,1853,,4239,0.124,0.312,0.338,,0.774,20510,23051,10868,,54429,0.124,0.312,0.338,,0.774,789,253,147,,1189,,,,,,789,253,147,,1189,,,,,,30.27,13.49,5.87,,
2024,16060.0,Riverland Energy Cooperative,WI,MISO,442,581,0,0,1023,0.062,0.082,0,0,0.144,6724,7572,0,0,14296,0.062,0.082,0,0,0.144,92.925,22.508,0,0,115.433,7.125,0.3,0,0,7.425,92.925,22.508,0,0,115.433,7.125,0.3,0,0,7.425,15.212,13.032,0,0,
2024,16088.0,City of Riverside - (CA),CA,CISO,4419,9116,,,13535,0.5,1,,,1.5,93983,102002,,,195985,0.5,1,,,1.5,1927,2606,,,4533,,,,,,1927,2606,,,4533,,,,,,21.27,11.19,,,
2024,16101.0,Roanoke Electric Member Corp,NC,PJM,147,,,,147,0.05,,,,0.05,1764,,,,1764,0.05,,,,0.05,376,,,,376,,,,,,376,,,,376,,,,,,12,,,,
2024,16181.0,Rochester Public Utilities,MN,MISO,2614,9941,5108,0,17663,0.33,1.56,0.89,0,2.78,37056,135955,48589,0,221600,0.33,1.56,0.89,0,2.78,467,894,209,0,1570,340,235,36,0,611,467,894,209,0,1570,340,235,36,0,611,10,10,10,,
2024,16183.0,Rochester Gas & Electric Corp,NY,NYIS,24140.17,30787.77,,,54927.94,4.06,4.49,,,8.55,279448.33,395992.24,,,675440.57,4.06,4.49,,,8.55,5125.953,5381.167,,,10507.12,2855.192,1695.352,,,4550.544,5125.953,5381.167,,,10507.12,2855.192,1695.352,,,4550.544,15,15,,,
2024,16213.0,Rockland Electric Co,NJ,PJM,7501,6915,0,0,14416,0.335,1.373,0,0,1.708,56335,99232,0,0,155567,0.335,1.373,0,0,1.708,870,2933,0,0,3803,1722,856,0,0,2578,870,2933,0,0,3803,1722,856,0,0,2578,7.5,14.4,,,
2024,16295.0,City of Roseville - (CA),CA,BANC,13401,1012,0,,14413,0.036,0.3,0,,0.336,20417,11214,0,,31631,0.036,0.3,0,,0.336,217,149,0,,366,867,348,0,,1215,217,149,0,,366,867,348,0,,1215,5.958,11.112,0,,
2024,16534.0,Sacramento Municipal Util Dist,CA,BANC,43211,20885,0,0,64096,10.3,0.6,0,0,10.9,398029,216971,0,0,615000,10.3,0.6,0,0,10.9,21082,11418,0,0,32500,14510,7679,0,0,22189,21082,11418,0,0,32500,14510,7679,0,0,22189,13.129,11.892,0,0,
2024,16555.0,Salem Electric - (OR),OR,BPAT,657,325,,,982,4.1,2.6,,,6.7,14618,4388,,,19006,4.1,2.6,,,6.7,410,91,,,501,150,51,,,201,410,91,,,501,150,51,,,201,22.25,13.5,,,
2024,16572.0,Salt River Project,AZ,SRP,445817,208515,,,654332,114.54,45,,,159.54,2991312,3478888,,,6470200,115,45,,,160,19051,14482,,,33533,9108,7547,,,16655,19051,14482,,,33533,9108,7547,,,16655,6.71,16.68,,,
2024,16603.0,"San Luis Valley R E C, Inc",CO,WACM,134.37,264.246,,,398.616,0.13,1.14,,,1.27,1983.57,668.72,,,2652.29,0.13,1.14,,,1.27,23.507,705.997,,,729.504,0,0,,,0,23.507,705.997,,,729.504,0,0,,,0,15.85,12,,,
2024,16604.0,City of San Antonio - (TX),TX,ERCO,63086,123613,,,186699,20.67,23.83,,,44.5,887284,1502678,,,2389962,20.67,23.83,,,44.5,32291.357,16439.613,,,48730.97,3789.028,816.131,,,4605.159,32291.357,16439.613,,,48730.97,3789.028,816.131,,,4605.159,14.06,12.1,,,
2024,16606.0,"Santee Electric Coop, Inc",SC,SC,246,,,,246,,,,,,2952,,,,2952,,,,,,,,,,,11.2,,,,11.2,,,,,,172.4,,,,172.4,12,,,,
2024,16609.0,San Diego Gas & Electric Co,CA,CISO,126053.756,132421.897,21454.164,0,279929.817,32.51,23.472,2.855,0,58.837,1234312.432,1866173.937,304196.892,0,3404683.261,19.194,13.858,1.686,0,34.738,3614.23,2871.29,39.788,0,6525.308,18637.799,14806.619,205.176,0,33649.594,3614.23,2871.29,39.788,0,6525.308,18637.799,14806.619,205.176,0,33649.594,9.792,14.093,14.179,0,
2024,16612.0,City & County of San Francisco,CA,CISO,,745.155,,,745.155,,0.072,,,0.072,,11177.318,,,11177.318,,0.072,,,0.072,,129.47,,,129.47,,0,,,0,,129.47,,,129.47,,0,,,0,,15,,,
2024,16622.0,"San Miguel Power Assn, Inc",CO,WACM,616.52,221.69,,,838.21,0.12,0.01,,,0.13,9889.58,2660.26,,,12549.84,0.12,0.01,,,0.13,117.938,5.139,,,123.077,,,,,,117.938,5.139,,,123.077,,,,,,15.47,12,,,
2024,16655.0,City of Santa Clara - (CA),CA,CISO,43,15853,0,0,15896,0.001,1.6,0,0,1.601,111,210736,0,0,210847,0.001,1.4,0,0,1.401,13,942,0,0,955,1814,2012,0,0,3826,13,942,0,0,955,1814,2012,0,0,3826,5.187,14.998,0,0,"This is based on last fiscal year (FY 2023-2024), as that is how we report the data. Note that we combine data for all business rebates under Commercial. We don't separate out the industrial, so it will show zeros. For residential, where there are zeros in demand, this is because it is in MW, and the demand savings are so low that the tool rounds down rather than going out that many decimal places."
2024,16674.0,Satilla Rural Elec Member Corporation,GA,SOCO,24,,,,24,0.12,,,,0.12,1167,,,,1167,0.094,,,,0.094,0.628,,,,0.628,4.45,,,,4.45,39.39,,,,39.39,55,,,,55,10,,,,
2024,16740.0,Scenic Rivers Energy Coop,WI,MISO,488,24,0,0,512,0.057,0.001,0,0,0.058,6994,338,0,0,7332,0.057,0.001,0,0,0.058,64.005,0.914,0,0,64.919,60.126,0.601,3.608,0,64.335,64.005,0.914,0,0,64.919,60.126,0.601,3.608,0,64.335,14.332,14.1,0,0,
2024,16865.0,Sawnee Electric Membership Corporation,GA,SOCO,703.01,80,0,0,783.01,0.536,0.001,0,0,0.537,4477.06,158,0,0,4635.06,0.536,0.001,0,0,0.537,75.037,2.592,,,77.629,88.508,3.523,,,92.031,75.037,2.592,,,77.629,88.508,3.523,,,92.031,12.14,15,,,
2024,16868.0,City of Seattle - (WA),WA,SCL,20016.167,38043.296,13040.763,,71100.226,3.506,7.029,2.384,,12.919,154604.873,457546.722,145130.654,,757282.249,2.581,5.749,2.157,,10.487,2287.74,8090.05,0,,10377.79,7776.515,11431.58,1103.323,,20311.418,2287.74,8090.05,0,,10377.79,7776.515,11431.58,1103.323,,20311.418,7.724,12.027,11.129,,N/A
2024,16971.0,Shakopee Public Utilities Comm,MN,MISO,1310.613,,6327.229,0,7637.842,0.233,,2.422,0,2.655,11426.687,,50617.832,0,62044.519,0.233,,2.422,0,2.655,272.741,,317.847,0,590.588,41.742,,97.397,0,139.139,272.741,,317.847,0,590.588,41.742,,97.397,0,139.139,8.72,0,8,0,
2024,17166.0,Sierra Pacific Power Co,NV,NEVP,12055,31869,,,43924,3.2,3.9,,,7.1,21936,402974,,,424910,3.2,3.9,,,7.1,1974.49,1455.54,,,3430.03,3038.81,2805.08,,,5843.89,1974.49,1455.54,,,3430.03,3038.81,2805.08,,,5843.89,1.8,12.6,,,puc.nv.gov/utilities/electric
2024,17252.0,Singing River Elec Cooperative,MS,MISO,452.1,,,,452.1,0.3,,,,0.3,6947.5,,,,6947.5,0.3,,,,0.3,104.7,,,,104.7,121.6,,,,121.6,104.7,,,,104.7,121.6,,,,121.6,15.37,,,,
2024,17267.0,Sioux Valley SW Elec Coop,MN,SWPP,136,42,,,178,0.014,0.011,,,0.025,2980,924,,,3904,0.014,0.011,,,0.025,18.55,3.25,,,21.8,,,,,,60.67,3.25,,,63.92,,,,,,15,22,,,
2024,17267.0,Sioux Valley SW Elec Coop,SD,SWPP,1098,224,,,1322,0.119,0.008,,,0.127,23993,4928,,,28921,0.119,0.008,,,0.127,296.75,20.78,,,317.53,,,,,,662.87,20.78,,,683.65,,,,,,15,22,,,
2024,17470.0,PUD No 1 of Snohomish County,WA,BPAT,10492.711,24109.933,16838.591,0,51441.235,2.396,5.505,3.844,0,11.745,135978.326,319714.599,209834.749,0,665527.674,1.447,3.197,2.232,0,6.876,1171.251,8477.931,5938.681,0,15587.863,450.428,3260.359,2283.839,0,5994.626,1171.251,8477.931,5938.681,0,15587.863,450.428,3260.359,2283.839,0,5994.626,12.959,13.261,12.462,0,
2024,17539.0,"Dominion Energy South Carolina, Inc",SC,SCEG,32295,27530.678,3542.322,,63368,8,3.5,0.5,,12,193770,330368,46050,,570188,8,5,1,,14,11339,6659,857,,18855,3179,3648,469,,7296,11339,6659,857,,18855,3179,3648,469,,7296,6,12,13,,
2024,17543.0,South Carolina Public Service Authority,SC,SC,8585.591,4473.393,,,13058.984,1.404,0.937,,,2.341,179384.721,54499.807,,,233884.528,1.404,0.937,,,2.341,2699.643,391.821,,,3091.464,744.937,465.086,,,1210.023,2699.643,391.821,,,3091.464,744.937,465.086,,,1210.023,20.894,12.183,,,
2024,17548.0,South Central Public Pwr Dist,NE,SWPP,80.636,29.73,370.13,0,480.496,0.017,0.005,0.001,0,0.023,1374.679,327.03,3090.935,0,4792.644,0.017,0.005,0.001,0,0.023,46.731,1.419,15.523,0,63.673,3.633,0.11,1.207,0,4.95,46.731,1.419,15.523,0,63.673,3.633,0.11,1.207,0,4.95,17.05,11,8.35,0,
2024,17572.0,South River Elec Member Corp,NC,CPLE,409.13,,,,409.13,0.25,,,,0.25,18886.14,,,,18886.14,0.3,,,,0.3,5.552,,,,5.552,,,,,,155.602,,,,155.602,,,,,,16.5,,,,
2024,17599.0,Southeastern Indiana R E M C,IN,MISO,282,0,0,,282,0.053,0,0,,0.053,15809.1,0,0,,15809.1,0.055,0,0,,0.055,95.4,0,0,,95.4,0,0,0,,0,1395.019,0,0,,1395.019,0,0,0,,0,15.1,,,,
2024,17609.0,Southern California Edison Co,CA,CISO,93277.961,25739.868,31381.431,0,150399.26,22.991,2.479,4.164,0,29.634,168950.256,204625.944,156907.157,0,530483.357,22.991,2.479,4.164,0,29.634,23899.383,11277.653,782.622,0,35959.658,27572.908,79219.729,2851.413,0,109644.05,23899.383,11277.653,782.622,0,35959.658,27572.908,79219.729,2851.413,0,109644.05,1.8,8,5,0,https://cedars.cpuc.ca.gov/
2024,17612.0,Bear Valley Electric Service,CA,CISO,6.74,,,,6.74,0.003,,,,0.003,97.7,,,,97.7,0.003,,,,0.003,30.1,,,,30.1,11.6,,,,11.6,30.1,,,,30.1,11.6,,,,11.6,14.487,,,,
2024,17633.0,Southern Indiana Gas & Elec Co,IN,MISO,9498,17539,8254,,35291,1.3,2.6,1.3,,5.2,94094,227042,106843,,427979,1.3,2.7,1.3,,5.3,1063.349,1412.563,664.736,,3140.648,2582.991,1930.769,908.597,,5422.357,1063.349,1412.563,664.736,,3140.648,2582.991,1930.769,908.597,,5422.357,9.9,12.9,12.9,,
2024,17637.0,Southern Maryland Elec Coop Inc,MD,PJM,41945,39098,0,0,81043,18.4,3.2,0,0,21.6,285904,742629,0,0,1028533,18.4,3.2,0,0,21.6,8672.995,5304.999,0,0,13977.994,7127.207,2093.185,0,0,9220.392,8672.995,5304.999,0,0,13977.994,7127.207,2093.185,0,0,9220.392,7,19,,,
2024,17642.0,Southern Public Power District,NE,SWPP,412.487,534.007,1378.541,0,2325.035,0.093,0.077,0.004,0,0.174,6821.221,5874.077,10597.993,0,23293.291,0.093,0.077,0.004,0,0.174,123.24,15.212,67.69,0,206.142,7.682,8.21,40.858,0,56.75,123.24,15.212,67.69,0,206.142,7.682,8.21,40.858,0,56.75,16.537,11,7.688,0,
2024,17647.0,Southern Pine Electric Cooperative,MS,MISO,487.6,,,,487.6,0.2,,,,0.2,8533.5,,,,8533.5,0.2,,,,0.2,81.7,,,,81.7,,,,,,81.7,,,,81.7,,,,,,17.54,,,,
2024,17698.0,Southwestern Electric Power Co,AR,SWPP,25591,16406,,,41997,6.4,10.3,,,16.7,270917,353075,,,623992,6.4,10.3,,,16.7,3065,3458,,,6523,2233,3328,,,5561,3065,3458,,,6523,2233,3328,,,5561,10.6,21.5,,,
2024,17698.0,Southwestern Electric Power Co,LA,SWPP,7148,11552,,,18700,2.7,2.96,,,5.66,153941,121158,,,275099,2.7,2.96,,,5.66,2076.02,943.66,,,3019.68,506.67,234.6,,,741.27,2076.02,943.66,,,3019.68,506.67,234.6,,,741.27,21.5,10.5,,,
2024,17698.0,Southwestern Electric Power Co,TX,SWPP,5996,22541,,,28537,2.9,9.5,,,12.4,98152,176456,,,274608,2.9,9.5,,,12.4,2198,1768,,,3966,319,250,,,569,2198,1768,,,3966,319,250,,,569,16.4,7.8,,,
2024,17718.0,Southwestern Public Service Co,NM,SWPP,34737,9891,39981,,84609,20,2,6,,28,465234,168021,615769,,1249024,20,2,6,,28,2614,352,2776,,5742,2858,706,3203,,6767,2614,352,2776,,5742,2858,706,3203,,6767,13.393,16.987,15.401,,
2024,17718.0,Southwestern Public Service Co,TX,SWPP,7350,9165,,,16515,2,9,,,11,87383.7,133004.34,,,220388.04,2,9,,,11,2071,1855,,,3926,161,458,,,619,2071,1855,,,3926,161,458,,,619,11.889,14.512,,,
2024,17828.0,City of Springfield - (IL),IL,MISO,407.37,1840.595,,,2247.965,0.382,0.503,,,0.885,5996.89,18302.868,,,24299.758,0.352,0.469,,,0.821,95.035,51.939,,,146.974,125,57.808,,,182.808,95.035,51.939,,,146.974,125,57.808,,,182.808,14.38,15,,,www.cwlp.com
2024,17832.0,Snapping Shoals El Member Corp,GA,SOCO,16854.22,2809.09,2256.35,,21919.66,4.142,0.784,0.612,,5.538,269951.09,43905.27,35268.47,,349124.83,3.899,0.738,0.576,,5.213,131.825,2.7,0.888,,135.413,57.509,7.699,0.602,,65.81,3010.225,15.726,10.527,,3036.478,3757.516,238.195,171.068,,4166.779,25,25,25,,
2024,17833.0,City Utilities of Springfield - (MO),MO,SWPP,484,390,0,0,874,0.89,0.43,0,0,1.32,7671,3687,0,0,11358,0.89,0.3,0,0,1.19,340,193,0,0,533,39,0,0,0,39,340,193,0,0,533,39,0,0,0,39,15,10,,,
2024,17839.0,City of Springfield - (OR),OR,BPAT,867.464,429.589,193.097,,1490.15,0.234,0.088,0.055,,0.377,11591.248,4563.36,2270.229,,18424.837,0.234,0.088,0.055,,0.377,633.928,79.335,22.462,,735.725,259.585,128.553,57.784,,445.922,633.928,79.335,22.462,,735.725,259.585,128.553,57.784,,445.922,13.362,10.623,11.757,,None.
2024,17896.0,City of Shasta Lake - (CA),CA,BANC,58,22,0,,80,0.019,0,0,,0.019,708,266,0,,974,0.019,0,0,,0.019,48,7,0,,55,64,2,0,,66,48,7,0,,55,64,2,0,,66,13.533,11.933,0,,
2024,18252.0,City of Sturgis - (MI),MI,PJM,22.25,892,,,914.25,0.004,0.153,,,0.157,192.13,13004,,,13196.13,0.003,0.117,,,0.12,4.58,81.85,,,86.43,30.05,73.44,,,103.49,4.58,81.85,,,86.43,30.05,73.44,,,103.49,8.64,14.58,,,
2024,18280.0,Sulphur Springs Valley E C Inc,AZ,WALC,265.075,0,0,,265.075,7.961,0,0,,7.961,2650.75,0,0,,2650.75,1.982,0,0,,1.982,57.9,0,0,,57.9,3.9,0,0,,3.9,57.9,0,0,,57.9,3.9,0,0,,3.9,10,10,10,10,
2024,18304.0,"Sumter Electric Coop, Inc",FL,SEC,77.632,27.068,0,0,104.7,0,0,0,0,0,956.42,310.412,0,0,1266.832,0,0,0,0,0,0,0,0,0,0,468.95,73.05,0,0,542,0,0,0,0,0,468.95,73.05,0,0,542,12.32,11.47,0,0,
2024,18339.0,Surry-Yadkin Elec Member Corp,NC,DUK,142.88,,,,142.88,2.675,,,,2.675,40439.99,,,,40439.99,3.397,,,,3.397,25.825,,,,25.825,0,,,,0,231.55,,,,231.55,0,,,,0,16.77,,,,
2024,18360.0,Suwannee Valley Elec Coop Inc,FL,SEC,541.441,0,0,0,541.441,0.027,0,0,0,0.027,5211.318,0,0,0,5211.318,0.027,0,0,0,0.027,0,0,0,0,0,1262.116,0,0,0,1262.116,0,0,0,0,0,1262.116,0,0,0,1262.116,9.379,0,0,0,
2024,18429.0,City of Tacoma - (WA),WA,TPWR,13838.487,7312.53,15818.509,0,36969.526,0,0,0,0,0,13838.487,7312.53,15818.509,0,36969.526,,,,,,2134.971,952.205,1840.968,0,4928.144,779.319,11.258,24.775,0,815.352,2134.971,952.205,1840.968,0,4928.144,779.319,11.258,24.775,0,815.352,1,1,1,0,
2024,18445.0,City of Tallahassee - (FL),FL,TAL,5505.371,138.953,,,5644.324,0.837,0.003,,,0.84,61943.438,2496.78,,,64440.218,0.837,0.003,,,0.84,1159.206,29.961,,,1189.167,820.272,46.149,,,866.421,1159.206,29.961,,,1189.167,820.272,46.149,,,866.421,11.22,18,,,www.Talgov.com
2024,18449.0,"Talquin Electric Coop, Inc",FL,SEC,635.715,,,,635.715,0,,,,0,5266.609,,,,5266.609,,,,,,,,,,,445.7,,,,445.7,,,,,,445.7,,,,445.7,8.285,,,,
2024,18454.0,Tampa Electric Co,FL,TEC,20575,73047,8116,,101738,5.61,6.569,0.73,,12.909,469010,334868,37208,,841086,9.26,3.72,0.413,,13.393,2486,29259,3251,,34996,4434,1640,182,,6256,2486,29259,3251,,34996,4434,1640,182,,6256,20,20,20,,
2024,18488.0,City of Taunton,MA,ISNE,96.606,,,,96.606,2,,,,2,96.606,,,,96.606,2,,,,2,0.475,,,,0.475,161.971,,,,161.971,0.475,,,,0.475,161.971,,,,161.971,1,,,,
2024,18498.0,Taylor County Rural E C C,KY,PJM,15.037,,,,15.037,0.659,,,,0.659,343,,,,343,0.659,,,,0.659,2,,,,2,,,,,,2,,,,2,,,,,,22.8,,,,
2024,18642.0,Tennessee Valley Authority,AL,TVA,18950,5387,21383,0,45720,1.2,0.8,0.5,0,2.5,282395,75817,142412,0,500624,1.2,0.8,0.5,0,2.5,1728,504,305,0,2537,5805,132,979,0,6916,1728,504,305,0,2537,5805,132,979,0,6916,15,14,7,0,
2024,18642.0,Tennessee Valley Authority,GA,TVA,1066,671,92,0,1829,0.1,0.1,0,0,0.2,14486,9419,1293,0,25198,0.1,0.1,0,0,0.2,320,242,9,0,571,836,23,1,0,860,320,242,9,0,571,836,23,1,0,860,14,14,14,0,
2024,18642.0,Tennessee Valley Authority,KY,TVA,2137,3509,2063,0,7709,0.8,0.5,0.2,0,1.5,28488,44759,29475,0,102722,0.8,0.5,0.2,0,1.5,292,512,137,0,941,808,114,70,0,992,292,512,137,0,941,808,114,70,0,992,13,13,14,0,
2024,18642.0,Tennessee Valley Authority,MS,TVA,5089,23497,7068,0,35654,0.5,4.4,0.7,0,5.6,70097,346273,93740,0,510110,0.5,4.4,0.7,0,5.6,391,2302,420,0,3113,1711,489,256,0,2456,391,2302,420,0,3113,1711,489,256,0,2456,14,15,13,0,
2024,18642.0,Tennessee Valley Authority,NC,TVA,135,97,0,0,232,0,0,0,0,0,1799,1451,0,0,3250,0,0,0,0,0,59,7,0,0,66,25,1,0,0,26,59,7,0,0,66,25,1,0,0,26,13,15,0,0,
2024,18642.0,Tennessee Valley Authority,TN,TVA,54440,101705,25124,0,181269,6.5,9.2,2.8,0,18.5,739468,1427187,347292,0,2513947,6.5,9.2,2.8,0,18.5,5663,9802,1913,0,17378,22919,2456,771,0,26146,5663,9802,1913,0,17378,22919,2456,771,0,26146,14,14,14,0,
2024,18642.0,Tennessee Valley Authority,VA,TVA,25,4,0,0,29,0,0,0,0,0,303,56,0,0,359,0,0,0,0,0,3,1,0,0,4,2,1,0,0,3,3,1,0,0,4,2,1,0,0,3,12,15,0,0,
2024,18917.0,Tillamook Peoples Utility Dist,OR,BPAT,469.86,118.89,1570.13,,2158.88,0.05,0.01,0.18,,0.24,7846.74,2190.27,15730.26,,25767.27,0.05,0.01,0.18,,0.24,248.4,32.4,197.1,,477.9,124.5,16.3,98.9,,239.7,248.4,32.4,197.1,,477.9,124.5,16.3,98.9,,239.7,16.56,18.42,10.02,,
2024,18956.0,Tri-County Elec Member Corp (GA),GA,SOCO,386.5,,,,386.5,0.044,,,,0.044,386.5,,,,386.5,0.044,,,,0.044,3,,,,3,0,,,,0,3,,,,3,0,,,,0,1,,,,
2024,18997.0,The Toledo Edison Co,OH,PJM,1836.576,3007.432,6764.77,0,11608.778,0.238,0.478,0.979,0,1.695,15669.738,27181.143,74491.581,0,117342.462,0.238,0.478,0.979,0,1.695,993.273,239.944,531.928,0,1765.145,251.834,134.953,181.304,0,568.091,993.273,239.944,531.928,0,1765.145,251.834,134.953,181.304,0,568.091,8.532,9.038,11.012,0,https://dis.puc.state.oh.us/
2024,19125.0,City of Traverse City - (MI),MI,MISO,165.918,634.68,0,0,800.598,0.113,0.084,,,0.197,1896.44,9336.143,0,0,11232.583,0.113,0.084,,,0.197,62.799,52.999,0,0,115.798,43.629,81.026,,,124.655,62.799,52.999,0,0,115.798,43.629,81.026,,,124.655,11.43,14.71,,,
2024,19157.0,MiEnergy Cooperative,IA,MISO,547.624,429.352,46.2,,1023.176,0.087,0.038,0.007,,0.132,7758.828,5102.328,645.568,,13506.724,0.087,0.038,0.007,,0.132,131.722,15.849,0.502,,148.073,13.89,1.543,0,,15.433,131.722,15.849,0.502,,148.073,13.89,1.543,0,,15.433,14.168,11.884,13.975,,
2024,19157.0,MiEnergy Cooperative,MN,MISO,378.956,297.112,31.97,,708.038,0.06,0.026,0.005,,0.091,5369.109,3530.811,446.733,,9346.653,0.06,0.026,0.005,,0.091,91.152,10.968,0.348,,102.468,9.612,1.068,0,,10.68,91.152,10.968,0.348,,102.468,9.612,1.068,0,,10.68,14.168,11.884,13.975,,
2024,19161.0,"Tri-County Electric Coop, Inc (FL)",FL,SEC,0,131.687,0,0,131.687,0,0,0,0,0,0,1503.277,0,0,1503.277,0,0,0,0,0,0,0,0,0,0,25.5,75.98,0,0,101.48,0,0,0,0,0,25.5,75.98,0,0,101.48,0,11.42,0,0,
2024,19189.0,Trico Electric Cooperative Inc,AZ,WALC,240.55,,,,240.55,0.309,,,,0.309,1155,,,,1155,0.309,,,,0.309,41.222,,,,41.222,2.181,,,,2.181,41.222,,,,41.222,2.181,,,,2.181,4.8,,,,
2024,19281.0,Turlock Irrigation District,CA,TIDC,665,203,1424,0,2292,0.302,0.013,0.155,0,0.47,9042,3047,21322,0,33411,0.302,0.013,0.155,0,0.47,340,21,140,0,501,339,62,438,0,839,340,21,140,0,501,339,62,438,0,839,15.145,15,14.984,0,
2024,19325.0,Umatilla Electric Coop Assn,OR,BPAT,174.401,500.433,15008.845,0,15683.679,0.048,0.038,1.51,0,1.596,4017.448,3752.535,124688.862,0,132458.845,0.048,0.038,1.51,0,1.596,101.36,157.494,410.786,0,669.64,2.5,7.174,215.157,0,224.831,101.36,157.494,410.786,0,669.64,2.5,7.174,215.157,0,224.831,23.036,12,8.308,0,umatillaelectric.com
2024,19390.0,"UGI Utilities, Inc",PA,PJM,1638,678,1134,0,3450,0.143,0.15,0.154,0,0.447,22927,9489,15875,0,48291,0.143,0.15,0.154,0,0.447,384.711,64.831,58.317,0,507.859,353.068,178.044,277.86,0,808.972,384.711,64.831,58.317,0,507.859,353.068,178.044,277.86,0,808.972,14,14,14,0,
2024,19396.0,Tri-County Electric Coop (MI),MI,MISO,356.4,0,682.2,0,1038.6,0.092,0,0.176,0,0.268,3538,0,9884,0,13422,0.088,0,0.168,0,0.256,203.101,0,60.622,0,263.723,161.796,0,75.005,0,236.801,203.101,0,60.622,0,263.723,161.796,0,75.005,0,236.801,12.59,0,9.2,0,
2024,19435.0,Union Electric Membership Corp - (NC),NC,DUK,2276,,,,2276,,,,,,11355,,,,11355,,,,,,2,,,,2,184.921,,,,184.921,2,,,,2,184.921,,,,184.921,16,,,,
2024,19436.0,Union Electric Co - (MO),MO,MISO,55657.21,107622.026,1961.722,0,165240.958,27.862,32.402,0.944,0,61.208,670782.668,1546255.559,28184.97,0,2245223.197,27.862,32.402,0.944,0,61.208,18738.403,19137.237,386.72,0,38262.36,13138.247,8225.698,166.223,0,21530.168,18738.403,19137.237,386.72,0,38262.36,13138.247,8225.698,166.223,0,21530.168,12.068,14.357,14.939,,
2024,19446.0,Duke Energy Kentucky,KY,PJM,15389.586,4232.313,,,19621.899,4.126,0.693,,,4.819,37921.002,62769.349,,,100690.351,4.126,0.693,,,4.819,350.96,270.213,,,621.173,824.214,371.506,,,1195.72,350.96,270.213,,,621.173,824.214,371.506,,,1195.72,2.464,14.831,,,
2024,19490.0,United Electric Coop Service Inc - (TX),TX,ERCO,9918.641,863.69,0,0,10782.331,1.544,0.099,0,0,1.643,101076.697,12955.357,0,0,114032.054,1.544,0.099,0,0,1.643,587.851,0.188,0,0,588.039,214.047,0,0,0,214.047,587.851,0.188,0,0,588.039,214.047,0,0,0,214.047,10.19,15,0,0,
2024,19497.0,United Illuminating Co,CT,ISNE,11398.52,18740.287,3307.11,0,33445.917,0.485,3.256,0.575,0,4.316,95178.07,134261.788,23693.257,0,253133.115,0.485,3.256,0.575,0,4.316,12304.367,13642.902,2407.571,0,28354.84,3555.828,2259.741,398.778,0,6214.347,12304.367,13642.902,2407.571,0,28354.84,3555.828,2259.741,398.778,0,6214.347,8.35,7.164,7.164,0,
2024,19499.0,"United Power, Inc",CO,WACM,1760.89,18733.05,0,0,20493.94,0.16,2.26,0,0,2.42,26918.12,311592.5,0,0,338510.62,0.18,2.22,0,0,2.4,407.548,1127.309,0,0,1534.857,0,0,0,0,0,407.548,1127.309,0,0,1534.857,0,0,0,0,0,15.21,16.81,,,
2024,19545.0,"Black Hills Power, Inc.",SD,WACM,23,764,0,0,787,0.01,0.06,0,0,0.07,175,11001,0,0,11176,0.01,0.04,0,0,0.05,9.95,99.45,0,0,109.4,1.37,46.11,0,0,47.48,9.95,99.45,0,0,109.4,1.37,46.11,0,0,47.48,7.692,14.402,,,
2024,19578.0,Upper Peninsula Power Company,MI,MISO,6212,6244,1596,0,14052,0.502,0.549,0.9,0,1.951,46942,86837,26829,0,160608,0.502,0.549,0.9,0,1.951,787.3,537.253,0,0,1324.553,874.515,910.931,0,0,1785.446,787.3,537.253,0,0,1324.553,874.515,910.931,0,0,1785.446,8.45,12.46,16.81,0,
2024,19728.0,"UNS Electric, Inc",AZ,TEPC,23238,2242,8007,0,33487,6.38,0.38,1.47,0,8.23,188436,24385,74043,0,286864,6.38,0.38,1.47,0,8.23,1082,313,205,0,1600,747,93,61,0,901,1082,313,205,0,1600,747,93,61,0,901,8.11,10.88,9.25,,
2024,19790.0,Verendrye Electric Coop Inc,ND,MISO,18.5,205.4,0,0,223.9,0.05,0.561,0,0,0.611,184.6,2053.9,0,0,2238.5,0.05,0.561,0,0,0.611,9.7,24.4,0,0,34.1,9.7,24.4,0,0,34.1,9.7,24.4,0,0,34.1,9.7,24.4,0,0,34.1,10,10,0,0,
2024,19798.0,City of Vernon,CA,CISO,,870.87,,,870.87,,0.067,,,0.067,,12278.35,,,12278.35,,0.067,,,0.067,,419.76,,,419.76,,,,,,,419.76,,,419.76,,,,,,,14.24,,,
2024,19806.0,"Victoria Electric Coop, Inc",TX,ERCO,2.539,,,,2.539,0.001,,,,0.001,38.079,,,,38.079,0.005,,,,0.005,1.65,,,,1.65,0,,,,0,1.65,,,,1.65,0,,,,0,15,,,,
2024,19876.0,Virginia Electric & Power Co,NC,PJM,1387.26,5529.893,,,6917.153,0.146,1.05,,,1.196,14041.016,52804.314,,,66845.33,0.146,1.05,,,1.196,656.455,535.805,,,1192.26,527.064,505.098,,,1032.162,656.455,535.805,,,1192.26,527.064,505.098,,,1032.162,10.121,9.549,,,
2024,19876.0,Virginia Electric & Power Co,VA,PJM,98546.334,127943.28,,,226489.614,11.506,26.893,,,38.399,834134.097,1035240.701,,,1869374.798,11.506,26.893,,,38.399,29185.176,17357.932,,,46543.108,23255.74,14049.276,,,37305.016,29185.176,17357.932,,,46543.108,23255.74,14049.276,,,37305.016,8.464,8.091,,,
2024,19981.0,Wake Electric Membership Corp,NC,CPLE,1155.523,,,,1155.523,1,,,,1,1180.755,,,,1180.755,1,,,,1,0.01,,,,0.01,0.01,,,,0.01,0.01,,,,0.01,0.01,,,,0.01,1.03,,,,
2024,20038.0,Town of Wallingford - (CT),CT,ISNE,495.9,3732.2,,,4228.1,0.1,0.2,,,0.3,6712,48625,,,55337,0.1,0.2,,,0.3,242.003,1821.344,,,2063.347,16.118,121.306,,,137.424,242.003,1821.344,,,2063.347,16.118,121.306,,,137.424,13.534,13.029,,,
2024,20169.0,Avista Corp,ID,AVA,4202.546,17309.737,11660.442,0,33172.725,73.807,304,204.785,0,582.592,93418.395,197504.097,167618.857,0,458541.349,73.807,304,204.785,0,582.592,929.245,12459.633,2192.098,0,15580.976,465.282,1916.436,1290.978,0,3672.696,929.245,12459.633,2192.098,0,15580.976,465.282,1916.436,1290.978,0,3672.696,22.229,11.41,14.375,0,
2024,20169.0,Avista Corp,WA,AVA,5758.829,20430.328,18211.876,0,44401.033,101.139,358.805,319.843,0,779.787,131053.672,237114.39,243765.957,0,611934.019,101.139,358.805,319.843,0,779.787,2554.356,15765.842,4480.619,0,22800.817,983.658,6071.275,1725.443,0,8780.376,2554.356,15765.842,4480.619,0,22800.817,983.658,6071.275,1725.443,0,8780.376,22.757,11.606,13.385,0,
2024,20187.0,Watertown Municipal Utilities,SD,SWPP,49.741,1235.543,970.784,0,2256.068,0.014,0.229,0.18,,0.423,835.469,15283.481,12008.45,0,28127.4,0.014,0.229,0.18,0,0.423,8.191,62.495,49.103,0,119.789,10.011,76.382,60.015,0,146.408,8.191,62.495,49.103,0,119.789,10.011,76.382,60.015,0,146.408,16.796,12.37,12.37,0,
2024,20401.0,West River Electric Assn Inc,SD,SWPP,0.075,37.843,,,37.918,0.177,0.006,,,0.183,1.125,529.804,,,530.929,0.177,0.006,,,0.183,13750,1696,,,15446,,,,,,13750,1696,,,15446,,,,,,15,14,,,"Per Adaam, our savings are calculated in BTU's. Please note: Residential is just heat pumps and Commercial is just lighting."
2024,20404.0,AEP Texas North Company,TX,ERCO,2847.61,8938.86,,,11786.47,1.32,4.06,,,5.38,76878.1,129959.9,,,206838,1.3,4.1,,,5.4,1313,928,,,2241,166,679,,,845,1313,928,,,2241,166,679,,,845,27,14.5,,,
2024,20477.0,City of Westerville - (OH),OH,PJM,,1149,,,1149,,0.192,,,0.192,,5745,,,5745,,0.192,,,0.192,,83.6,,,83.6,,81.3,,,81.3,,83.6,,,83.6,,81.3,,,81.3,,12.6,,,
2024,20481.0,City of Westfield - (MA),MA,ISNE,,891,27,,918,,0.1,0.001,,0.101,,14174,410,,14584,,0.1,0.001,,0.101,,108,5,,113,,92,3.808,,95.808,,108,5,,113,,92,3.808,,95.808,,15.9,15,,
2024,20521.0,Wheeling Power Co,WV,PJM,145.5,,,,145.5,0.033,,,,0.033,1750.2,,,,1750.2,0.033,,,,0.033,25,,,,25,82.3,,,,82.3,25,,,,25,82.3,,,,82.3,12,,,,
2024,20639.0,"Wild Rice Electric Coop, Inc",MN,MISO,1843.023,177.963,,,2020.986,0.788,0.033,,,0.821,21757.444,5439.362,,,27196.806,0.788,0.033,,,0.821,217.807,10.783,,,228.59,242.943,60.736,,,303.679,1881.425,470.363,,,2351.788,1812.731,453.183,,,2265.914,13.07,14,,,
2024,20737.0,Willmar Municipal Utilities,MN,MISO,86.47,26.765,270.624,,383.859,0.022,0.006,0.057,,0.085,1519.841,321.59,3251.634,,5093.065,0.022,0.006,0.057,,0.085,13.54,1.85,18.707,,34.097,16.549,2.261,22.864,,41.674,13.54,1.85,18.707,,34.097,16.549,2.261,22.864,,41.674,17.576,12.015,12.015,,
2024,20841.0,"Wiregrass Electric Coop, Inc",AL,SOCO,137.257,,,,137.257,0.105,,,,0.105,1372.57,,,,1372.57,0.105,,,,0.105,27.89,,,,27.89,0,,,,0,337.15,,,,337.15,0,,,,0,10,,,,
2024,20858.0,WPPI Energy,WI,MISO,26.339,252.979,407.049,0,686.367,0.004,0.033,0.067,0,0.104,263.39,3794.685,6105.735,0,10163.81,0.004,0.033,0.067,0,0.104,68.887,257.826,85.071,0,411.784,577.523,953.279,543.369,0,2074.17,68.887,257.826,85.071,0,411.784,577.523,953.279,543.369,0,2074.17,10,15,15,0,
2024,20885.0,Withlacoochee River Elec Coop,FL,SEC,371.644,111.371,0,0,483.015,0,0,0,0,0,1806.113,1277.191,0,0,3083.304,0,0,0,0,0,0,0,0,0,0,924.69,114.505,0,0,1039.195,0,0,0,0,0,924.69,114.505,0,0,1039.195,4.863,11.47,0,0,N/A
2024,20963.0,Woodruff Electric Coop Corp,AR,MISO,61.869,0,,,61.869,0,3.367,,,3.367,495.715,0,,,495.715,0,3.367,,,3.367,6.501,0,,,6.501,14.719,20.15,,,34.869,507.2,0,,,507.2,57.305,20.15,,,77.455,10,1,,,
2024,20997.0,Yellowstone Valley Elec Co-op,MT,WAUW,360,,,,360,1,,,,1,360,,,,360,1,,,,1,23,,,,23,10,,,,10,15,,,,15,20,,,,20,1,,,,
2024,21002.0,York Electric Coop Inc,SC,DUK,,2,127,,129,,0.001,0.02,,0.021,,18,1272,,1290,,0.001,0.02,,0.021,,,,,,,0.1,6.3,,6.4,,,,,,,0.1,6.3,,6.4,,10,10,,
2024,21013.0,City of Worthington - (MN),MN,MISO,45.165,450.885,597.685,,1093.735,0.029,0.084,0.111,,0.224,753.804,6651.772,8817.466,,16223.042,0.029,0.084,0.111,,0.224,16.721,15.384,20.392,,52.497,20.437,15.802,24.924,,61.163,16.721,15.384,20.392,,52.497,20.437,18.802,24.924,,64.163,16.69,14.753,14.753,,
2024,21048.0,Wyandotte Municipal Serv Comm,MI,MISO,301,11,,,312,0.055,0.002,,,0.057,2408,181.94,,,2589.94,0.043,0.002,,,0.045,42,1,,,43,2,40,,,42,42,1,,,43,2,40,,,42,8,16.54,,,www.wyan.org
2024,21075.0,Y-W Electric Assn Inc,CO,WACM,0.113,0.548,,,0.661,0.02,0.23,,,0.25,1.68,8.188,,,9.868,0.02,0.2,,,0.22,16.658,29.284,,,45.942,,,,,,16.658,29.284,,,45.942,,,,,,15.42,18.4,,,
2024,21111.0,Perennial Public Power Dist,NE,SWPP,267.988,504.676,349.399,,1122.063,0.069,0.017,0.04,,0.126,2933.959,5551.225,5240.985,,13726.169,0.069,0.017,0.04,,0.126,62.432,45.406,24.458,,132.296,0,0,0,,0,130.482,94.899,51.117,,276.498,0,0,0,,0,21,21,21,,https://wholesale.nppd.com/eneryefficiency/default.a
2024,21158.0,City of Zeeland - (MI),MI,MISO,71.48,3096,,,3167.48,0.013,0.446,,,0.459,739.64,27968,,,28707.64,0.013,0.331,,,0.344,17.01,179.69,,,196.7,47.54,114.33,,,161.87,17.01,179.69,,,196.7,47.54,114.33,,,161.87,10.35,9.03,,,
2024,21352.0,Municipal Energy Agency of NE,CO,WACM,16,190,,,206,0.1,0.08,,,0.18,56,1149,,,1205,0.05,0.096,,,0.146,7.32,8.56,,,15.88,0,0,,,0,3.2,29.8,,,33,0,0,,,0,10,10,,,
2024,21352.0,Municipal Energy Agency of NE,IA,MISO,0.75,62.6,,,63.35,0.005,0.074,,,0.079,5.7,518,,,523.7,0.005,0.091,,,0.096,0.47,3.2,,,3.67,0,0,,,0,0.47,3.2,,,3.67,0,0,,,0,10,10,,,
2024,21352.0,Municipal Energy Agency of NE,NE,SWPP,42,452,,,494,0.163,0.098,,,0.261,128,2061,,,2189,0.2,0.098,,,0.298,5,5.5,,,10.5,0,0,,,0,6.2,10.7,,,16.9,0,0,,,0,10,10,,,
2024,21352.0,Municipal Energy Agency of NE,WY,WACM,0,36.8,,,36.8,0,0.062,,,0.062,0,136,,,136,0,0.062,,,0.062,0,1.2,,,1.2,0,0,,,0,0,7.5,,,7.5,0,0,,,0,10,10,,,
2024,21538.0,"Mohave Electric Cooperative, Inc.",AZ,WALC,794.759,3.732,,,798.491,0.363,0.001,,,0.364,7953.31,11.916,,,7965.226,0.385,0.001,,,0.386,489.627,13.98,,,503.607,96.42,1.18,,,97.6,489.627,13.98,,,503.607,96.42,1.18,,,97.6,10.01,3,,,
2024,21632.0,EnergyUnited Elec Member Corp,NC,DUK,6.58,207.729,,,214.309,8.96,12.71,,,21.67,125.02,357.265,,,482.285,8.96,12.71,,,21.67,7.86,7.15,,,15.01,,,,,,18,15.99,,,33.99,,,,,,19,7,,,
2024,22053.0,Kentucky Power Co,KY,PJM,234.4,0,0,0,234.4,0.1,0,0,0,0.1,4760,0,0,0,4760,0.1,0,0,0,0.1,0,0,0,0,0,268,0,0,0,268,0,0,0,0,0,281,0,0,0,281,17.5,,,,
2024,22500.0,"Evergy Kansas Central, Inc",KS,SWPP,2944.799,2728.372,,,5673.171,2.265,1.08,,,3.345,36344.707,32604.186,,,68948.893,2.265,1.08,,,3.345,1271.33,885.35,,,2156.68,507.45,698.97,,,1206.42,1271.33,885.35,,,2156.68,507.45,698.97,,,1206.42,12.3,12,,,
2024,22815.0,Delta Electric Power Assn,MS,MISO,472.2,,,,472.2,0,,,,0,472.2,,,,472.2,0,,,,0,,,,,,,,,,,,,,,,,,,,,1,,,,
2024,24211.0,Tucson Electric Power Co,AZ,TEPC,94926,24352,15980,,135258,20.85,1.87,2.4,,25.12,1285984,157182,110375,,1553541,20.85,1.87,2.4,,25.12,7169,1519,1023,,9711,4773,1267,854,,6894,7169,1519,1023,,9711,4773,1267,854,,6894,13.5,6.5,6.9,,
2024,24431.0,Utah Municipal Power Agency,UT,PACE,2359.705,72.981,,,2432.686,1.027,0.032,,,1.059,20164.879,623.656,,,20788.535,1.027,0.032,,,1.059,0,,,,0,240.151,21.608,,,261.759,0,,,,0,240.151,21.608,,,261.759,25,20,,,"Levan Town, UT Manti City, UT Nephi City, UT Provo City, UT Salem City, UT Spanish Fork City, UT"
2024,24590.0,Unitil Energy Systems,NH,ISNE,4045.5,4375.7,1875.3,,10296.5,0.73,0.66,0.28,,1.67,15318.19,40036.5,17158.5,,72513.19,0.73,0.66,0.28,,1.67,821.71,1233.06,528.45,,2583.22,418.91,423.34,181.43,,1023.68,821.71,1233.06,528.45,,2583.22,418.91,423.34,181.43,,1023.68,3.79,9.15,9.15,,
2024,24949.0,Cass County Elec Coop Inc,ND,MISO,39.31,,,,39.31,0.378,,,,0.378,467.2,,,,467.2,0.378,,,,0.378,26.87,,,,26.87,1.52,,,,1.52,26.87,,,,26.87,1.52,,,,1.52,12,,,,We do not provide energy efficiency reports on our website.
2024,26510.0,Liberty Utilities (Granite State Electri,NH,ISNE,3196.809,3100.312,1900.191,0,8197.312,0.42,0.277,0.17,0,0.867,14903.204,24146.069,14799.204,0,53848.477,0.42,0.277,0.17,0,0.867,2156,1536,250,0,3942,932,1004,164,0,2100,2156,1536,250,0,3942,932,1004,164,0,2100,4.66,7.91,7.68,0,
2024,27599.0,Carroll-White REMC,IN,MISO,881,,,,881,2.44,,,,2.44,8810,,,,8810,1.71,,,,1.71,72,,,,72,,,,,,72,,,,72,,,,,,10,,,,
2024,28541.0,Clatskanie Peoples Util Dist,OR,BPAT,72.829,88.022,584.841,0,745.692,0.022,0.01,0.063,0,0.095,1250.696,1320.325,7018.096,0,9589.117,0.022,0.01,0.063,0,0.095,124.732,13.1,76.031,0,213.863,7.875,9.517,63.236,0,80.628,124.732,13.1,76.031,0,213.863,7.875,9.517,63.236,0,80.628,17.173,15,12,0,
2024,28604.0,Kerrville Public Utility Board,TX,ERCO,895.8,8470,,,9365.8,0.102,0.967,,,1.069,13436.6,127050,,,140486.6,0.102,0.967,,,1.069,70.644,23.5,,,94.144,64.614,1.502,,,66.116,250,25.304,,,275.304,300,1.502,,,301.502,15,15,,,
2024,38084.0,Great Lakes Energy Coop,MI,MISO,1773.8,1780.3,,,3554.1,0.202,0.406,,,0.608,24140.9,16594.6,,,40735.5,0.22,0.317,,,0.537,890.7,173.8,,,1064.5,204.8,74.5,,,279.3,890.7,173.8,,,1064.5,204.8,74.5,,,279.3,12,12,,,
2024,40051.0,Texas-New Mexico Power Co,TX,ERCO,9191.603,6484.04,,,15675.643,4.209,2.89,,,7.099,163399.127,82872.515,,,246271.642,4.209,2.89,,,7.099,2712.776,1617.346,,,4330.122,623.991,273.614,,,897.605,2712.776,1617.346,,,4330.122,623.991,273.614,,,897.605,17.777,12.781,,,https://interchange.puc.texas.gov/Documents/57468_6_1485145.PDF   
2024,40211.0,"Wabash Valley Power Assn, Inc",IL,MISO,204.385,697.656,,,902.041,0.017,0.087,,,0.104,4801.331,9740.787,,,14542.118,0.017,0.087,,,0.104,49.429,92.942,,,142.371,20.986,75.547,75.547,,172.08,49.429,92.942,,,142.371,20.986,75.547,75.547,,172.08,23.492,13.962,,,"General program information can be found at www.PowerMoves.com however reports are not posted on that, or any other website."
2024,40211.0,"Wabash Valley Power Assn, Inc",IN,PJM,243,27,3994,,4264,0.022,0.023,0.504,,0.549,5699.95,363.15,51404.97,,57468.07,0.022,0.023,0.504,,0.549,68.167,3.158,317.258,,388.583,14.175,35.255,35.255,,84.685,68.167,3.158,317.258,,388.583,14.175,35.255,35.255,,84.685,23.492,13.321,12.869,,"General program information can be found at www.PowerMoves.com however reports are not posted on that, or any other website."
2024,40211.0,"Wabash Valley Power Assn, Inc",IN,MISO,1091.001,9261.518,1311.397,,11663.916,0.102,1.169,0.205,,1.476,25647.36,125611.782,17786.343,,169045.485,0.102,1.169,0.205,,1.476,291.287,853.26,145.09,,1289.637,107.711,244.771,244.771,,597.253,291.287,853.26,145.09,,1289.637,107.711,244.771,244.771,,597.253,23.508,13.564,13.565,,"General program information can be found at www.PowerMoves.com however reports are not posted on that, or any other website."
2024,40211.0,"Wabash Valley Power Assn, Inc",MO,MISO,385.779,563.268,495.069,,1444.116,0.029,0.047,0.075,,0.151,9062.593,7470.06,6748.071,,23280.724,0.029,0.047,0.075,,0.151,106.044,47.967,53.062,,207.073,15.39,55.401,55.401,,126.192,106.044,47.967,53.062,,207.073,15.39,55.401,55.401,,126.192,23.492,13.262,13.631,,"General program information can be found at www.PowerMoves.com however reports are not posted on that, or any other website."
2024,40437.0,Emerald People's Utility Dist,OR,PACW,256.729,176.147,1076.624,,1509.5,0.095,0.058,0.401,,0.554,4210,2187,12822,,19219,0.095,0.058,0.401,,0.554,242.681,86.034,161.408,,490.123,129.66,88.963,543.747,,762.37,242.681,86.034,161.408,,490.123,129.66,88.963,543.747,,762.37,16.4,12.4,11.9,,
2024,40438.0,Columbia River Peoples Ut Dist,OR,BPAT,429.405,466.863,838.647,0,1734.915,0.074,0.018,0.053,0,0.145,9641.162,5719.067,10063.759,0,25423.988,0.074,0.018,0.053,0,0.145,177.482,138.549,136.26,0,452.291,14.224,15.465,27.78,0,57.469,177.482,138.549,136.26,0,452.291,14.224,15.465,27.78,0,57.469,22.452,12.25,12,0,www.crpud.net/ways-to-save/
2024,40575.0,Utah Associated Mun Power Sys,UT,WALC,144,0,,,144,0.02,0,,,0.02,1484,0,,,1484,0.02,0,,,0.02,33.411,,,,33.411,0,,,,0,33.411,0,,,33.411,0,0,,,0,0.014,0.015,0,0,
2024,44372.0,Oncor Electric Delivery Company LLC,TX,ERCO,109656.62,86494.678,,,196151.298,48.841,17.83,,,66.671,1479267.8,1279256.29,,,2758524.09,25.788,8.034,,,33.822,33090.537,13785.713,,,46876.25,3739.661,2190.808,,,5930.469,33090.537,13785.713,,,46876.25,3739.661,2190.808,,,5930.469,13.49,14.79,,,
2024,54913.0,NSTAR Electric Company,MA,ISNE,15502.01,172179,,,187681.01,4.71,21.41,,,26.12,124666,1564347,,,1689013,4.71,21.41,,,26.12,179933,66210,,,246143,56923,38322,,,95245,179933,66210,,,246143,56923,38322,,,95245,8.04,9.09,,,
2024,55787.0,City of Moreno Valley - (CA),CA,CISO,479.33,0,0,0,479.33,0.4,0,0,0,0.4,4793.29,0,0,0,4793.29,0.4,0,0,0,0.4,823.41,0,0,0,823.41,0,0,0,0,0,823.41,0,0,0,823.41,0,0,0,0,0,10,0,0,0,
2024,55937.0,Entergy Texas Inc.,TX,MISO,14033.844,32215.641,,,46249.485,7.115,7.803,,,14.918,246624.654,321128.828,,,567753.482,7.115,7.803,,,14.918,4636.412,2700.512,,,7336.924,506.463,182.293,,,688.756,4636.412,2700.512,,,7336.924,506.463,182.293,,,688.756,17.574,9.968,,,
2024,56146.0,"Black Hills Colorado Electric, LLC",CO,PSCO,4134,10818,0,0,14952,1.06,2.27,0,0,3.33,40952,187620,0,0,228572,0.37,2.06,0,0,2.43,991,1716,0,0,2707,1904,1954,0,0,3858,991,1716,0,0,2707,1904,1954,0,0,3858,9.91,17.34,,,
2024,56692.0,Marin Clean Energy,CA,CISO,199.94,26628.6,129.394,0,26957.934,0.133,0.32,0.018,0,0.471,1364.58,29992.74,646.974,,32004.294,0.133,0.32,0.018,,0.471,342.01,95.685,27.864,0,465.559,335.984,3228.95,456.614,0,4021.548,342.01,95.685,27.864,0,465.559,335.984,3228.95,456.614,0,4021.548,21.465,5.833,5,0,
2024,56697.0,Ameren Illinois Company,IL,MISO,145189,216468,,,361657,19.99,26.84,,,46.83,1478490,3550889,,,5029379,19.99,26.84,,,46.83,37865.124,29585.805,,,67450.929,30652.827,26674.142,,,57326.969,37865.124,29585.805,,,67450.929,30652.827,26674.142,,,57326.969,10.4,16.8,,,https://www.ilsag.info/evaluation-documents/evaluation_plans/  
2024,57156.0,NYSERDA,NY,NYIS,24097,279732,19104,,322933,0.14,15.28,,,15.42,422759,4012001,274106,,4708866,0.14,15.28,,,15.42,73627.018,58546.399,11144.291,,143317.708,22302.822,122207.274,2448.069,,146958.165,73627.018,58546.399,11144.291,,143317.708,22302.822,122207.274,2448.069,,146958.165,17.54,14.34,14.35,,
2024,57201.0,Energy Trust of Oregon,OR,PGE,45126,130976,135875,0,311977,11,26,21,0,58,800859,1880703,1672639,0,4354201,10,22,18,0,50,19396,29351,19830,0,68577,13570,28996,10921,0,53487,19396,29351,19830,0,68577,13570,28996,19830,0,62396,18,14,12,0,https://www.energytrust.org/about/our-impact/reports-financials/
2024,57346.0,Efficiency Maine Trust,ME,ISNE,11837.056,41297.286,,,53134.342,1.511,5.33,,,6.841,167877.672,596592.202,,,764469.874,1.511,5.33,,,6.841,14325.346,13959.609,,,28284.955,6428.737,3704.867,,,10133.604,14325.346,13959.609,,,28284.955,6428.737,3704.867,,,10133.604,14.182,14.446,,,https://www.efficiencymaine.com/about/library/reports/
2024,57347.0,Vermont Energy Investment Corporation,VT,ISNE,19716.175,39205.727,,,58921.902,3.627,5.28,,,8.907,285048.018,514774.861,,,799822.879,3.627,5.28,,,8.907,9025.334,8264.928,,,17290.262,10765.547,9858.525,,,20624.072,9025.334,8264.928,,,17290.262,10765.547,9858.525,,,20624.072,14.458,13.13,,,
2024,57349.0,Focus on Energy,WI,MISO,58194,147803,240028,,446025,11.671,24.055,29.215,,64.941,1283414,2587571,3824489,,7695474,11.671,24.055,29.215,,64.941,23400,17702,12714,,53816,13756,12401,9711,,35868,23400,17702,12714,,53816,13756,12401,9711,,35868,22.054,17.507,15.934,,
2024,57483.0,Liberty Utilities,CA,CISO,164.59,119.36,,,283.95,0.179,0.028,,,0.207,1740.96,1682.98,,,3423.94,0.179,0.028,,,0.207,48.254,7.761,,,56.015,354.548,115.167,,,469.715,48.254,7.761,,,56.015,354.548,115.167,,,469.715,9.76,14.1,,,
2024,58124.0,City of Winter Park - (FL),FL,FPC,15.3,,,,15.3,5.04,,,,5.04,153,,,,153,4.19,,,,4.19,,,,,,3.222,,,,3.222,,,,,,3.222,,,,3.222,10,,,,
2024,58127.0,Cape Light Compact,MA,ISNE,9108,8958,,,18066,0.833,1.148,,,1.981,153901,92023,,,245924,0.833,1.148,,,1.981,47478,15831,,,63309,13133,3893,,,17026,47478,15831,,,63309,13133,3893,,,17026,16.9,10.27,,,https://www.capelightcompact.org/reports/
2024,58128.0,DC Sustainable Energy Utility,DC,PJM,5779.036,88264.131,,,94043.167,0.865,8.461,,,9.326,58288.561,1520051.995,,,1578340.556,0.865,8.461,,,9.326,2768.23,2812.492,,,5580.722,2515.009,2555.222,,,5070.231,2768.23,2812.492,,,5580.722,2515.009,2555.222,,,5070.231,10.086,17.222,,,https://www.dcseu.com/uploads/documents/dcseu-fy24-annual-report.pdf
2024,58854.0,Delaware Sustainable Energy Utility,DE,PJM,4205.637,11485.961,,,15691.598,,,,,,75653.264,206747.298,,,282400.562,,,,,,9426331.82,3633097.85,,,13059429.67,,,,,,9426331.82,3633097.85,,,13059429.67,,,,,,,,,,
2024,58855.0,Hawaii Energy Efficiency Program,HI,NA,22424.067,37686.94,,,60111.007,2.697,5.125,,,7.822,264104.424,548911.031,,,813015.455,2.697,5.125,,,7.822,9263.527,8637.294,,,17900.821,5198.364,5151.56,,,10349.924,9263.527,8637.294,,,17900.821,5198.364,5151.56,,,10349.924,11.778,14.565,,,https://hawaiienergy.com/about/information-reports/
2024,59013.0,PUD No 1 of Jefferson County,WA,BPAT,492,112,64,0,668,0.09,0.02,0.012,0,0.122,7986,1691,319,0,9996,0.09,0.02,0.012,0,0.122,332,36,24,0,392,0,0,0,0,0,332,36,24,0,392,0,0,0,0,0,16.25,15.11,5,0,
2024,59118.0,NJ Clean Energy Program,NJ,PJM,31640,49560,,,81200,6.3,6.1,,,12.4,515237,855063,,,1370300,6.3,6.1,,,12.4,50436,21193,,,71629,11826,6487,,,18313,50436,21193,,,71629,11826,6487,,,18313,16.28,17.25,,,4Q FY24 Report: https://njcleanenergy.com/main/public-reports-and-library/financial-reports/clean-energy-program-financial-reports/financial-report-archive
2024,60868.0,Redwood Coast Energy Authority,CA,CISO,39.849,6.15,0,0,45.999,0.006,0.001,0,0,0.007,513.655,92.25,0,0,605.905,0.006,0.001,0,0,0.007,62.287,3,0,0,65.287,58.282,2.64,0,0,60.922,62.287,3,0,0,65.287,58.282,2.64,0,0,60.922,12.89,15,0,0,https://redwoodenergy.org/programs-rebates/residential/
2024,61858.0,San Jose Clean Energy,CA,CISO,3.419,542.692,,,546.111,0.105,0.001,,,0.106,26.004,4102.323,,,4128.327,0.105,0.001,,,0.106,86.692,170.4,,,257.092,69.47,441.671,,,511.141,86.692,170.4,,,257.092,69.47,441.671,,,511.141,10,10,,,
2024,66101.0,FirstEnergy Pennsylvania Electric Co,PA,PJM,116076.655,118449.418,134348.887,0,368874.96,17.66,22.339,20.514,0,60.513,1005711.11,1589288.993,1904445.226,0,4499445.329,17.66,22.339,20.514,0,60.513,22787.667,28358.902,9726.294,0,60872.863,11015.042,8215.795,10144.259,0,29375.096,22787.667,28358.902,9726.294,0,60872.863,11015.042,8215.795,10144.259,0,29375.096,8.664,13.417,14.175,0,https://firstenergycorp.com/save_energy/save_energy_pennsylvania/act-129.html
2024,66867.0,David Energy Supply LLC,NY,NYIS,,3787,,,3787,,0.32,,,0.32,,3787,,,3787,,0.32,,,0.32,,0,,,0,,70.338,,,70.338,,0,,,0,,70.338,,,70.338,,1,,,
2024,66867.0,David Energy Supply LLC,TX,ERCO,1196,,,,1196,0.16,,,,0.16,1196,,,,1196,0.16,,,,0.16,0,,,,0,103.17,,,,103.17,0,,,,0,103.17,,,,103.17,1,,,,
NM - Data is Not Meaningful.,,,,,,,,,,,,,,,,,,,,,,,,,,,,,,,,,,,,,,,,,,,,,,,,,
