data_year,utility_number,utility_name,short_form,ownership_code,ownership,monthly,advanced_metering,delivery_company,demand_response,distribution_systems,dynamic_pricing,energy_efficiency,mergers,net_metering,non_net_metering_distributed,operational_data,reliablity,sales_to_ultimate_customers,service_territory,utility_data
2024,34,City of Abbeville - (SC),Y,M,Municipal,,X,,,,,,,,,,,,X,
2024,55,City of Aberdeen - (MS),,M,Municipal,,X,,,X,X,,,,,X,,X,X,X
2024,59,City of Abbeville - (LA),Y,M,Municipal,,,,,,,,,,,,,,X,
2024,84,A & N Electric Coop,,C,Cooperative,X,X,,,X,X,,,X,X,X,X,X,X,X
2024,87,City of Ada - (MN),Y,M,Municipal,,X,,,,,,,,,,,,X,
2024,97,Adams Electric Coop,Y,C,Cooperative,,X,,,,X,,,,,,,,X,
2024,108,Adams-Columbia Electric Coop,,C,Cooperative,,X,,,X,X,,,X,,X,X,X,X,X
2024,113,"Agway Energy Services, LLC",,R,Retail Power Marketer,X,,,,,,,,,,X,,X,,X
2024,118,"Adams Rural Electric Coop, Inc",Y,C,Cooperative,,X,,,,,,,,,,,,X,
2024,122,Village of Arcade - (NY),Y,M,Municipal,,X,,,,,,,,,,,,X,
2024,123,City of Adel- (GA),Y,M,Municipal,,X,,,,,,,,,,,,X,
2024,149,City of Afton- (IA),Y,M,Municipal,,X,,,,,,,,,,,,X,
2024,150,Adrian Public Utilities Comm,Y,M,Municipal,,X,,,,,,,,,,,,X,
2024,155,Agralite Electric Coop,,C,Cooperative,,X,,,X,,,,X,X,X,X,X,X,X
2024,157,Town of Advance - (IN),Y,M,Municipal,,X,,,,,,,,,,,,X,
2024,162,Aiken Electric Coop Inc,,C,Cooperative,,X,,X,X,X,X,,X,,X,X,X,X,X
2024,174,Aitkin Public Utilities Comm,Y,M,Municipal,,X,,,,,,,,,,,,X,
2024,176,Ajo Improvement Co,,I,Investor Owned,X,X,,,X,,,,X,,X,,X,X,X
2024,182,City of Akron - (IA),Y,M,Municipal,,X,,,,,,,,,,,,X,
2024,183,Village of Akron - (NY),Y,M,Municipal,,X,,,,,,,,,,,,X,
2024,189,PowerSouth Energy Cooperative,,C,Cooperative,,,,X,,,X,,,,X,,,,X
2024,191,Alamo Power District No 3,Y,P,Political Subdivision,,X,,,,,,,,,,,,X,
2024,192,Akiachak Native Community Electric,Y,C,Cooperative,,X,,,,,,,,,,,,X,
2024,195,Alabama Power Co,,I,Investor Owned,X,X,,X,X,X,X,,,X,X,X,X,X,X
2024,198,City of Alton,Y,M,Municipal,,X,,,,,,,,,,,,X,
2024,201,City of Alachua - (FL),Y,M,Municipal,,,,,,,,,,,,,,X,
2024,202,Town of Black Creek - (NC),Y,M,Municipal,,X,,,,,,,,,,,,X,
2024,207,Alameda Municipal Power,,M,Municipal,,X,,X,X,X,X,,X,X,X,X,X,X,X
2024,213,Alaska Electric Light & Power Co.,,I,Investor Owned,X,X,,X,X,X,,,,X,X,X,X,X,X
2024,219,Alaska Power and Telephone Co,,I,Investor Owned,X,X,,,X,,,,X,X,X,X,X,X,X
2024,221,"Alaska Village Elec Coop, Inc",,C,Cooperative,X,X,,,X,,,,,X,X,,X,X,X
2024,228,City of Albany - (MO),Y,M,Municipal,,X,,,,,,,,,,,,X,
2024,229,City of Albany - (IL),Y,M,Municipal,,X,,,,,,,,,,,,X,
2024,230,Albany Utility Board,,M,Municipal,,X,,,X,,X,,X,,X,X,X,X,X
2024,232,City of Albemarle - (NC),,M,Municipal,,X,,,X,,,,,X,X,X,X,X,X
2024,240,Albemarle Electric Member Corp,,C,Cooperative,,X,,,X,X,,,X,X,X,X,X,X,X
2024,241,Albertville Municipal Utilities Board,,M,Municipal,,X,,,X,X,,,,X,X,,X,X,X
2024,244,City of Albion - (ID),Y,M,Municipal,,,,,,,,,,,,,,X,
2024,261,AGC Division of APGI Inc,,I,Investor Owned,X,X,,,X,,,,,,X,,X,X,X
2024,266,City of Alpha - (MN),Y,M,Municipal,,,,,,,,,,,,,,X,
2024,276,Alcorn County Elec Power Assn,,C,Cooperative,,X,,,X,X,,,,X,X,X,X,X,X
2024,282,Village of Arcadia - (OH),Y,M,Municipal,,X,,,,,,,,,,,,X,
2024,289,City of Alexander City,Y,M,Municipal,,,,,,,,,,,,,,X,
2024,295,City of Alexandria - (MN),,M,Municipal,,X,,X,X,,X,,X,,X,X,X,X,X
2024,296,"Alfalfa Electric Coop, Inc",,C,Cooperative,,X,,,X,,,,X,,X,X,X,X,X
2024,298,City of Alexandria - (LA),,M,Municipal,,X,,,X,,,,X,,X,,X,X,X
2024,305,Alger-Delta Coop Electric Assn,,C,Cooperative,,X,,,X,,,,X,,X,X,X,X,X
2024,307,Algoma Utility Comm,,M,Municipal,,X,,,X,X,,,X,,X,,X,X,X
2024,308,City of Acworth - (GA),Y,M,Municipal,,X,,,,,,,,,,,,X,
2024,309,City of Algona - (IA),Y,M,Municipal,,X,,,,,,,,,,,,X,
2024,329,"Allamakee-Clayton El Coop, Inc",Y,C,Cooperative,,X,,,,,,,,,,,,X,
2024,332,Allegheny Electric Coop Inc,,C,Cooperative,,,,X,,,,,,,X,,,,X
2024,343,AEP Generating Company,,I,Investor Owned,,,,,,,,,,,X,,,,X
2024,366,City of Allendale- (IL),Y,M,Municipal,,,,,,,,,,,,,,X,
2024,367,City of Alliance- (NE),Y,M,Municipal,,X,,,,,,,,,,,,X,
2024,385,City of Alma - (KS),Y,M,Municipal,,,,,,,,,,,,,,X,
2024,392,Alpena Power Co,,I,Investor Owned,X,X,,,X,,,,X,X,X,X,X,X,X
2024,405,City of Alta - (IA),Y,M,Municipal,,,,,,,,,,,,,,X,
2024,406,City of Altamont - (IL),Y,M,Municipal,,X,,,,,,,,,,,,X,
2024,407,Altamaha Electric Member Corp,,C,Cooperative,,X,,X,X,X,,,X,X,X,X,X,X,X
2024,408,City of Altamont - (KS),Y,M,Municipal,,,,,,,,,,,,,,X,
2024,416,City of Altus - (OK),,M,Municipal,,X,,,X,,,,,,X,,X,X,X
2024,432,City of Alta Vista- (IA),Y,M,Municipal,,,,,,,,,,,,,,X,
2024,471,Amana Society Service Co,,I,Investor Owned,X,X,,,X,,,,,,X,,X,X,X
2024,482,City of Alvarado - (MN),Y,M,Municipal,,,,,,,,,,,,,,X,
2024,540,BP Energy Company,,R,Retail Power Marketer,X,,,,,X,,,,,X,,X,,X
2024,554,City of Ames - (IA),,M,Municipal,,X,,X,X,X,X,,X,,X,X,X,X,X
2024,560,City of Amherst- (OH),Y,M,Municipal,,,,,,,,,,,,,,X,
2024,562,Amicalola Electric Member Corp,,C,Cooperative,,X,,,X,,,,X,,X,X,X,X,X
2024,571,City of Amory,,M,Municipal,,X,,,X,X,,,,,X,,X,X,X
2024,577,City of Alcoa Utilities,,M,Municipal,,X,,,X,,,,,X,X,,X,X,X
2024,588,Anadarko Public Works Authority,Y,M,Municipal,,X,,,,,,,,,,,,X,
2024,590,City of Anaheim - (CA),,M,Municipal,,X,,X,X,X,X,,X,,X,X,X,X,X
2024,604,City of Andalusia,,M,Municipal,,X,,,X,,,,,,X,,X,X,X
2024,636,City of Anderson - (IN),,M,Municipal,,X,,,X,X,,,X,X,X,X,X,X,X
2024,659,American Transmission Co,,T,Transmission,,,,,,,,,,,X,,,,X
2024,661,Village of Andover - (NY),Y,M,Municipal,,,,,,,,,,,,,,X,
2024,669,Village of Angelica - (NY),Y,M,Municipal,,,,,,,,,,,,,,X,
2024,682,City of Anita - (IA),Y,M,Municipal,,X,,,,,,,,,,,,X,
2024,689,Connexus Energy,,C,Cooperative,X,X,,,X,X,,,X,,X,X,X,X,X
2024,690,City of Bardstown - (KY),Y,M,Municipal,,X,,,,,,,,,,,,X,
2024,691,City of Anoka,,M,Municipal,,X,,,X,,X,,X,,X,X,X,X,X
2024,694,Anza Electric Coop Inc,Y,C,Cooperative,,X,,,,,,,,,,,,X,
2024,695,City of Ansley - (NE),Y,M,Municipal,,X,,,,,,,,,,,,X,
2024,700,City of Anthon - (IA),Y,M,Municipal,,X,,,,,,,,,,,,X,
2024,701,City of Anthony - (KS),Y,M,Municipal,,X,,,,,,,,,,,,X,
2024,712,Arkansas River Power Authority,,P,Political Subdivision,,,,,,,,,,,X,,,,X
2024,719,Town of Apex- (NC),,M,Municipal,,X,,,X,X,,,X,,X,X,X,X,X
2024,723,City of Aplington,Y,M,Municipal,,X,,,,,,,,,,,,X,
2024,727,Appalachian Electric Coop,,C,Cooperative,X,X,,,X,X,,,,X,X,X,X,X,X
2024,733,Appalachian Power Co,,I,Investor Owned,X,X,,X,X,X,X,,X,X,X,X,X,X,X
2024,737,Aguila Irrigation District,Y,P,Political Subdivision,,,,,,,,,,,,,,,
2024,750,Arab Electric Coop Inc,,C,Cooperative,,X,,,X,X,,,,X,X,,X,X,X
2024,752,City of Arapahoe - (NE),Y,M,Municipal,,X,,,,,,,,,,,,X,
2024,764,City of Arcadia - (KS),Y,M,Municipal,,,,,,,,,,,,,,X,
2024,765,City of Arcadia - (WI),Y,M,Municipal,,X,,,,,,,,,,,,X,
2024,768,City of Arcanum - (OH),Y,M,Municipal,,X,,,,,,,,,,,,X,
2024,789,Town of Argos,Y,M,Municipal,,X,,,,,,,,,,,,X,
2024,792,City of Argyle - (WI),Y,M,Municipal,,X,,,,,,,,,,,,X,
2024,796,Arizona Electric Pwr Coop Inc,,C,Cooperative,,,,,,,,,,,X,,X,,X
2024,798,Arizona Power Authority,,S,State,,,,,,,,,,,X,,,,X
2024,803,Arizona Public Service Co,,I,Investor Owned,X,X,,X,X,X,X,,X,,X,X,X,X,X
2024,807,Arkansas Electric Coop Corp,,C,Cooperative,,,,X,,,,,,,X,,,,X
2024,814,Entergy Arkansas LLC,,I,Investor Owned,X,X,,X,X,X,X,,X,X,X,X,X,X,X
2024,817,Arkansas Valley Elec Coop Corp,,C,Cooperative,X,X,,,X,,,,X,,X,X,X,X,X
2024,828,City of Arlington - (MN),Y,M,Municipal,,X,,,,,,,,,,,,X,
2024,831,City of Arlington - (SD),Y,M,Municipal,,X,,,,,,,,,,,,X,
2024,832,City of Arma - (KS),Y,M,Municipal,,,,,,,,,,,,,,X,
2024,871,Village of Arnold - (NE),Y,M,Municipal,,,,,,,,,,,,,,X,
2024,878,Atmautluak Tribal Utilities,Y,M,Municipal,,,,,,,,,,,,,,X,
2024,887,"Arrowhead Electric Coop, Inc",Y,C,Cooperative,,X,,,,X,,,,,,,,X,
2024,902,Town of Ashburnham - (MA),Y,M,Municipal,,X,,,,,,,,,,,,X,
2024,906,Town of Ashland,Y,M,Municipal,,X,,,,,,,,,,,,X,
2024,907,City of Ashland - (OR),Y,M,Municipal,,X,,,,,,,,,,,,X,
2024,911,City of Ashland - (KS),Y,M,Municipal,,,,,,,,,,,,,,X,
2024,918,City of Aspen- (CO),Y,M,Municipal,,X,,,,,,,,,,,,X,
2024,924,"Associated Electric Coop, Inc",,C,Cooperative,,,,,,,X,,,,X,,,,X
2024,925,"Ashley Chicot Elec Coop, Inc",Y,C,Cooperative,,X,,,,,,,,,,,,X,
2024,942,Atchison-Holt Electric Coop,Y,C,Cooperative,,X,,,,,,,,,,,,X,
2024,944,City of Athens - (AL),,M,Municipal,,X,,,X,X,,,,X,X,,X,X,X
2024,947,Athens Utility Board,,M,Municipal,,X,,,X,X,,,,X,X,,X,X,X
2024,963,Atlantic City Electric Co,,I,Investor Owned,X,X,,,X,,X,,X,,X,X,X,X,X
2024,965,Atlantic Municipal Utilities,Y,M,Municipal,,X,,,,,,,,,,,,X,
2024,970,Homefield Energy,,R,Retail Power Marketer,X,,,,,,,,,,X,,X,,X
2024,989,City of Attica - (KS),Y,M,Municipal,,,,,,,,,,,,,,X,
2024,993,Auburn Board of Public Works,Y,M,Municipal,,X,,,,,,,,,,,,X,
2024,994,City of Auburn - (IN),,M,Municipal,,X,,,X,,,,,,X,,X,X,X
2024,995,City of Auburn - (IA),Y,M,Municipal,,X,,,,,,,,,,,,X,
2024,998,City of Augusta - (KS),Y,M,Municipal,,X,,,,,,,,,,,,X,
2024,1000,City of Augusta - (AR),Y,M,Municipal,,,,,,,,,,,,,,X,
2024,1002,City of Aurelia - (IA),Y,M,Municipal,,X,,,,,,,,,,,,X,
2024,1004,City of Aurora - (SD),Y,M,Municipal,,X,,,,,,,,,,,,X,
2024,1009,City of Austin - (MN),,M,Municipal,,X,,X,X,X,X,,X,X,X,X,X,X,X
2024,1015,Austin Energy,,M,Municipal,,X,,X,X,X,X,,,X,X,X,X,X,X
2024,1024,City of Ava - (MO),Y,M,Municipal,,X,,,,,,,,,,,,X,
2024,1028,Town of Avilla - (IN),Y,M,Municipal,,X,,,,,,,,,,,,X,
2024,1033,City of Axtell - (KS),Y,M,Municipal,,,,,,,,,,,,,,X,
2024,1036,Town of Ayden - (NC),Y,M,Municipal,,X,,,,,,,,,,,,X,
2024,1046,City of Aztec - (NM),Y,M,Municipal,,X,,,,,,,,,,,,X,
2024,1050,City of Azusa,,M,Municipal,,X,,,X,X,X,,X,,X,X,X,X,X
2024,1062,BARC Electric Coop Inc,Y,C,Cooperative,,X,,,,,,,,,,,,X,
2024,1080,City of Badger - (SD),Y,M,Municipal,,X,,,,,,,,,,,,X,
2024,1101,Bagley Public Utilities Comm,Y,M,Municipal,,X,,,,,,,,,,,,X,
2024,1119,Town of Bainbridge - (IN),Y,M,Municipal,,,,,,,,,,,,,,X,
2024,1148,City of Baldwin City- (KS),Y,M,Municipal,,X,,,,,,,,,,,,X,
2024,1149,Baldwin County El Member Corp,,C,Cooperative,,X,,,X,,,,,,X,X,X,X,X
2024,1167,Baltimore Gas & Electric Co,,I,Investor Owned,X,X,,X,X,X,X,,X,,X,X,X,X,X
2024,1169,Bailey County Elec Coop Assn,,C,Cooperative,,X,,,X,,,,X,X,X,,X,X,X
2024,1170,Bamberg Board of Public Works,Y,M,Municipal,,X,,,,,,,,,,,,X,
2024,1172,Bancroft Municipal Utilities,Y,M,Municipal,,X,,,,,,,,,,,,X,
2024,1175,"Bandera Electric Coop, Inc",,C,Cooperative,,X,,,X,X,,,X,,X,X,X,X,X
2024,1176,City of Bandon - (OR),Y,M,Municipal,,X,,,,,,,,,,,,X,
2024,1179,Versant Power,,I,Investor Owned,X,X,,,X,,,,X,,X,X,X,X,X
2024,1181,Village of Bangor - (WI),Y,M,Municipal,,X,,,,X,,,,,,,,X,
2024,1192,City of Banning - (CA),Y,M,Municipal,,X,,,,,,,,,,,,X,
2024,1196,Village of Baraga - (MI),,M,Municipal,,X,,,X,,,,X,,X,,X,X,X
2024,1201,Barbourville Utility Comm,Y,M,Municipal,,,,,,,,,,,,,,X,
2024,1205,City of Bardwell - (KY),Y,M,Municipal,,X,,,,,,,,,,,,X,
2024,1208,Town of Bargersville - (IN),Y,M,Municipal,,X,,,,,,,,,,,,X,
2024,1232,City of Barnesville - (GA),Y,M,Municipal,,,,,,,,,,,,,,X,
2024,1233,City of Barnesville - (MN),Y,M,Municipal,,X,,,,,,,,,,,,X,
2024,1251,Barron Electric Coop,,C,Cooperative,,X,,X,X,X,X,,X,,X,X,X,X,X
2024,1273,"Bartlett Electric Coop, Inc",,C,Cooperative,,X,,,X,,X,,X,X,X,X,X,X,X
2024,1276,"Barrow Utils & Elec Coop, Inc",Y,C,Cooperative,,,,,,,,,,,,,,X,
2024,1278,City of Barron - (WI),Y,M,Municipal,,X,,,,X,,,,,,,,X,
2024,1279,Barry Electric Coop,Y,C,Cooperative,,X,,,,,,,,,,,,X,
2024,1283,Bartholomew County Rural E M C,,C,Cooperative,,X,,,X,X,,,X,,X,X,X,X,X
2024,1287,City of Bartlett - (TX),Y,M,Municipal,,,,,,,,,,,,,,X,
2024,1299,"Barton Village, Inc",Y,M,Municipal,,,,,,,,,,,,,,X,
2024,1300,City of Bartow - (FL),,M,Municipal,,X,,,X,,,,X,,X,X,X,X,X
2024,1301,"Barton County Elec Coop, Inc",Y,C,Cooperative,,X,,,,,,,,,,,,X,
2024,1307,Basin Electric Power Coop,,C,Cooperative,,X,,,X,,,,,,X,,X,X,X
2024,1324,City of Bastrop - (TX),Y,M,Municipal,,X,,,,,,,,,,,,X,
2024,1325,City of Batavia - (IL),,M,Municipal,,X,,,X,,,,,,X,X,X,X,X
2024,1326,Village of Bartley - (NE),Y,M,Municipal,,,,,,,,,,,,,,X,
2024,1343,Bath Electric Gas & Water,Y,M,Municipal,,X,,,,,,,,,,,,X,
2024,1346,City of Battle Creek- (NE),Y,M,Municipal,,X,,,,,,,,,,,,X,
2024,1353,City of Baudette - (MN),Y,M,Municipal,,,,,,,,,,,,,,X,
2024,1366,City of Bay City - (MI),,M,Municipal,,X,,,X,X,X,,X,,X,X,X,X,X
2024,1367,"Bayfield Electric Coop, Inc",Y,C,Cooperative,,X,,,,,,,,,,,,X,
2024,1374,City of Bayard - (NE),Y,M,Municipal,,X,,,,,,,,,,,,X,
2024,1386,Village of Beach City - (OH),Y,M,Municipal,,,,,,,,,,,,,,X,
2024,1387,City of Benham,Y,M,Municipal,,,,,,,,,,,,,,X,
2024,1417,"Beartooth Electric Coop, Inc",Y,C,Cooperative,,X,,,,X,,,,,,,,X,
2024,1427,City of Beatrice - (NE),Y,M,Municipal,,X,,,,,,,,,,,,X,
2024,1434,Beaver City Corporation,Y,M,Municipal,,X,,,,,,,,,,,,X,
2024,1435,City of Beaver City - (NE),Y,M,Municipal,,,,,,,,,,,,,,X,
2024,1456,Town of Bedford - (VA),Y,M,Municipal,,X,,,,,,,,,,,,X,
2024,1458,"Beauregard Electric Coop, Inc",,C,Cooperative,,X,,,X,,,,X,,X,X,X,X,X
2024,1494,Town of Belhaven - (NC),Y,M,Municipal,,,,,,,,,,,,,,X,
2024,1512,City of Belleville - (KS),Y,M,Municipal,,,,,,,,,,,,,,X,
2024,1515,City of Bellevue - (IA),Y,M,Municipal,,,,,,,,,,,,,,X,
2024,1519,City of Bellville - (TX),Y,M,Municipal,,X,,,,,,,,,,,,X,
2024,1522,Village of Belmont - (WI),Y,M,Municipal,,X,,,,X,,,,,,,,X,
2024,1523,Town of Belmont - (MA),Y,M,Municipal,,X,,,,X,,,,,,,,X,
2024,1525,City of Beloit - (KS),Y,M,Municipal,,X,,,,,,,,,,,,X,
2024,1529,"Beltrami Electric Coop, Inc",,C,Cooperative,,X,,X,X,X,X,,X,X,X,X,X,X,X
2024,1554,City of Benkelman - (NE),Y,M,Municipal,,X,,,,,,,,,,,,X,
2024,1566,City of Bennettsville - (SC),Y,M,Municipal,,,,,,,,,,,,,,X,
2024,1571,Town of Benson - (NC),Y,M,Municipal,,X,,,,,,,,,,,,X,
2024,1572,Badger Power Marketing Authority,,W,Wholesale Power Marketer,,,,,X,,,,,,X,,,X,X
2024,1573,City of Benson - (MN),Y,M,Municipal,,X,,,,,,,,,,,,X,
2024,1578,Benton County,,M,Municipal,,X,,,X,X,,,,X,X,,X,X,X
2024,1579,PUD No 1 of Benton County,,P,Political Subdivision,,X,,,X,,X,,X,,X,X,X,X,X
2024,1581,City of Benton - (AR),,M,Municipal,,X,,,X,,,,,,X,,X,X,X
2024,1582,City of Benton - (KY),,M,Municipal,,X,,,X,X,,,,X,X,,X,X,X
2024,1585,Village of Benton - (WI),Y,M,Municipal,,,,,,,,,,,,,,X,
2024,1586,City of Bentonville - (AR),,M,Municipal,,X,,,X,,,,X,,X,,X,X,X
2024,1591,"Big Country Electric Coop, Inc",,C,Cooperative,,X,,,X,X,,,X,,X,X,X,X,X
2024,1601,City of Beresford,Y,M,Municipal,,X,,,,,,,,,,,,X,
2024,1604,Village of Bergen - (NY),Y,M,Municipal,,X,,,,,,,,,,,,X,
2024,1611,"Messer Energy Services, Inc.",,R,Retail Power Marketer,X,,,,,,,,,,X,,X,,X
2024,1613,Berkeley Electric Coop Inc,,C,Cooperative,X,X,,X,X,X,X,,X,,X,X,X,X,X
2024,1615,Town of Berlin - (MD),Y,M,Municipal,,X,,,,,,,,,,,,X,
2024,1618,Borough of Berlin - (PA),Y,M,Municipal,,X,,,,,,,,,,,,X,
2024,1625,Benton Rural Electric Assn,,C,Cooperative,,X,,,X,,,,X,,X,X,X,X,X
2024,1640,City of Bessemer Utilities,,M,Municipal,,X,,,X,,,,,X,X,,X,X,X
2024,1647,City of Bethany - (MO),Y,M,Municipal,,X,,,,,,,,,,,,X,
2024,1648,Village of Bethany - (IL),Y,M,Municipal,,,,,,,,,,,,,,X,
2024,1650,Village of Bethel - (OH),Y,M,Municipal,,,,,,,,,,,,,,X,
2024,1671,Big Flat Electric Coop Inc,Y,C,Cooperative,,X,,,,,,,,,,,,X,
2024,1675,Big Horn Rural Electric Co,Y,C,Cooperative,,X,,,,X,,,,,,,,X,
2024,1677,Village of Bloomdale - (OH),Y,M,Municipal,,,,,,,,,,,,,,X,
2024,1683,"Big Horn County Elec Coop, Inc",Y,C,Cooperative,,X,,,,,,,,,,,,X,
2024,1692,Big Rivers Electric Corp,,C,Cooperative,,,,,,,,,,,X,,,,X
2024,1698,City of Big Stone City - (SD),Y,M,Municipal,,,,,,,,,,,,,,X,
2024,1702,City of Biggs - (CA),Y,M,Municipal,,X,,,,,,,,,,,,X,
2024,1708,Big Sandy Rural Elec Coop Corp,,C,Cooperative,,X,,,X,,,,X,,X,X,X,X,X
2024,1723,"Big Bend Electric Coop, Inc",,C,Cooperative,,X,,,X,,X,,X,,X,X,X,X,X
2024,1726,City of Blue Mound - (KS),Y,M,Municipal,,,,,,,,,,,,,,X,
2024,1736,Blachly-Lane County Coop El Assn,Y,C,Cooperative,,X,,,,,,,,,,,,X,
2024,1738,Bonneville Power Administration,,F,Federal,X,X,,,,,,,,,X,,X,X,X
2024,1747,Birch Creek Village Elec Util - (AK),Y,M,Municipal,,,,,,,,,,,,,,X,
2024,1753,City of Biwabik - (MN),Y,M,Municipal,,X,,,,,,,,,,,,X,
2024,1763,"Black River Electric Coop, Inc - (SC)",,C,Cooperative,,X,,,X,,,,X,,X,X,X,X,X
2024,1764,Black Diamond Power Co,,I,Investor Owned,X,X,,,X,,,,,,X,,X,X,X
2024,1765,Village of Black Earth - (WI),Y,M,Municipal,,,,,,,,,,,,,,X,
2024,1769,"Black Hills Electric Coop, Inc",,C,Cooperative,X,X,,X,X,X,,,X,,X,X,X,X,X
2024,1775,Black River Electric Coop - (MO),,C,Cooperative,,X,,,X,,,,X,,X,X,X,X,X
2024,1776,City of Black River Falls,,M,Municipal,,X,,,X,X,,,X,,X,,X,X,X
2024,1779,Town of Basin - (WY),Y,M,Municipal,,,,,,,,,,,,,,X,
2024,1780,Black Warrior Elec Member Corp,,C,Cooperative,,X,,,X,,,,,,X,,X,X,X
2024,1795,Town of Blackstone - (VA),Y,M,Municipal,,X,,,,,,,,,,,,X,
2024,1800,City of Blackwell - (OK),Y,M,Municipal,,,,,,,,,,,,,,X,
2024,1818,City of Blaine - (WA),Y,M,Municipal,,X,,,,,,,,,,,,X,
2024,1823,Borough of Blakely - (PA),Y,M,Municipal,,X,,,,,,,,,,,,X,
2024,1826,City of Blakely - (GA),Y,M,Municipal,,X,,,,,,,,,,,,X,
2024,1832,Village of Blanchester - (OH),Y,M,Municipal,,X,,,,,,,,,,,,X,
2024,1839,City of Blanding - (UT),Y,M,Municipal,,X,,,,,,,,,,,,X,
2024,1857,Block Island Utility District,,P,Political Subdivision,X,X,,,X,,,,X,,X,,X,X,X
2024,1866,Bloomer Electric & Water Co,Y,M,Municipal,,X,,,,X,,,,,,,,X,
2024,1869,City of Bloomfield - (IA),Y,M,Municipal,,X,,,,,,,,,,,,X,
2024,1871,City of Blooming Prairie - (MN),Y,M,Municipal,,X,,,,,,,,,,,,X,
2024,1876,City of Blountstown - (FL),Y,M,Municipal,,X,,,,,,,,,,,,X,
2024,1883,Blue Earth Light & Water,Y,M,Municipal,,X,,,,,,,,,,,,X,
2024,1884,BENCO Electric Cooperative,,C,Cooperative,,X,,,X,X,,,X,,X,X,X,X,X
2024,1886,Blue Grass Energy Coop Corp,,C,Cooperative,,X,,,X,X,,,X,X,X,X,X,X,X
2024,1889,Blue Ridge Elec Member Corp - (NC),,C,Cooperative,,X,,X,X,X,X,,X,X,X,X,X,X,X
2024,1890,Blue Ridge Electric Coop Inc - (SC),,C,Cooperative,,X,,X,X,,,,X,,X,X,X,X,X
2024,1891,Blue Ridge Mountain EMC - (GA),,C,Cooperative,,X,,,X,X,,,,X,X,X,X,X,X
2024,1892,"Bluebonnet Electric Coop, Inc",,C,Cooperative,,X,,,X,,,,X,X,X,X,X,X,X
2024,1896,City of Bluffton - (IN),,M,Municipal,,X,,,X,,,,,,X,,X,X,X
2024,1898,"Bon Homme Yankton El Assn, Inc",Y,C,Cooperative,,X,,,,,,,,,,,,X,
2024,1913,City of Boerne,Y,M,Municipal,,X,,,,,,,,,,,,X,
2024,1936,Bolivar Energy Authority,,M,Municipal,,X,,,X,,,,,,X,X,X,X,X
2024,1955,City of Bridgeport Utilities - (NE),Y,M,Municipal,,X,,,,,,,,,,,,X,
2024,1956,City of Bonners Ferry,Y,M,Municipal,,X,,,,,,,,,,,,X,
2024,1968,Boone Valley Electric Coop,Y,C,Cooperative,,,,,,,,,,,,,,X,
2024,1970,Village of Boonville - (NY),Y,M,Municipal,,X,,,,,,,,,,,,X,
2024,1987,Town of Bostic - (NC),Y,M,Municipal,,X,,,,,,,,,,,,X,
2024,1997,City of Boscobel - (WI),,M,Municipal,,X,,,X,X,,,X,,X,,X,X,X
2024,2001,Boone Electric Coop,,C,Cooperative,,X,,,X,X,,,X,X,X,X,X,X,X
2024,2008,City of Boulder City - (NV),,M,Municipal,X,X,,,X,X,X,,X,,X,X,X,X,X
2024,2010,City of Bountiful,,M,Municipal,X,X,,,X,,,,X,X,X,,X,X,X
2024,2049,"Bowie-Cass Electric Coop, Inc",,C,Cooperative,,X,,,X,,,,X,X,X,X,X,X,X
2024,2050,City of Bowie - (TX),Y,M,Municipal,,X,,,,,,,,,,,,X,
2024,2054,City of Bowling Green - (OH),,M,Municipal,,X,,,X,,,,,,X,X,X,X,X
2024,2056,City of Bowling Green - (KY),,M,Municipal,,X,,,X,X,,,,X,X,X,X,X,X
2024,2064,Town of Boyce,Y,M,Municipal,,,,,,,,,,,,,,X,
2024,2086,Town of Boylston - (MA),Y,M,Municipal,,X,,,,,,,,,,,,X,
2024,2089,Bozrah Light & Power Company,,M,Municipal,,X,,,X,,X,,,,X,X,X,X,X
2024,2120,Village of Brainard - (NE),Y,M,Municipal,,X,,,,,,,,,,,,X,
2024,2128,Village of Bradner - (OH),Y,M,Municipal,,,,,,,,,,,,,,X,
2024,2135,City of Brady - (TX),Y,M,Municipal,,X,,,,,,,,,,,,X,
2024,2138,Brainerd Public Utilities,,M,Municipal,,X,,,X,,,,,,X,X,X,X,X
2024,2144,Town of Braintree - (MA),,M,Municipal,,X,,,X,,,,X,,X,X,X,X,X
2024,2152,Powerex Corporation,,W,Wholesale Power Marketer,,,,,,,,,,,X,,,,X
2024,2182,City of Breckenridge- (MN),Y,M,Municipal,,,,,,,,,,,,,,X,
2024,2183,City of Breda - (IA),Y,M,Municipal,,X,,,,,,,,,,,,X,
2024,2188,City of Breese - (IL),Y,M,Municipal,,X,,,,,,,,,,,,X,
2024,2192,Bremen Electric Light & Power Co,Y,M,Municipal,,X,,,,X,,,,,,,,X,
2024,2194,City of Brenham - (TX),,M,Municipal,,X,,,X,,,,X,,X,,X,X,X
2024,2205,Village of Brewster - (OH),Y,M,Municipal,,X,,,,,,,,,,,,X,
2024,2206,City of Brewster - (MN),Y,M,Municipal,,X,,,,,,,,,,,,X,
2024,2210,City of Bridgeport - (TX),Y,M,Municipal,,X,,,,,,,,,,,,X,
2024,2212,"Broad River Electric Coop, Inc",,C,Cooperative,,X,,,X,X,,,X,,X,X,X,X,X
2024,2215,"Bridger Valley Elec Assn, Inc",Y,C,Cooperative,,X,,,,,,,,,,,,X,
2024,2220,Brigham City Corporation,Y,M,Municipal,,X,,,,,,,,,,,,X,
2024,2236,Town of Brinson - (GA),Y,M,Municipal,,,,,,,,,,,,,,X,
2024,2247,City of Bristol - (TN),,M,Municipal,X,X,,,X,X,,,,X,X,X,X,X,X
2024,2248,Bristol Virginia Utilities,,M,Municipal,,X,,,X,X,,,,X,X,X,X,X,X
2024,2268,Town of Braman - (OK),Y,M,Municipal,,,,,,,,,,,,,,X,
2024,2270,City of Bronson,Y,M,Municipal,,X,,,,,,,,,,,,X,
2024,2272,Village of Brocton - (NY),Y,M,Municipal,,X,,,,,,,,,,,,X,
2024,2273,Brodhead Water & Lighting Comm,,M,Municipal,,X,,,X,X,,,X,,X,,X,X,X
2024,2277,City of Broken Bow - (NE),Y,M,Municipal,,X,,,,,,,,,,,,X,
2024,2285,City of Brookings - (SD),,M,Municipal,X,X,,,X,,X,,,X,X,X,X,X,X
2024,2287,City of Brooklyn - (IA),Y,M,Municipal,,X,,,,,,,,,,,,X,
2024,2289,Town of Brooklyn,Y,M,Municipal,,,,,,,,,,,,,,X,
2024,2304,Town of Brookston - (IN),Y,M,Municipal,,X,,,,,,,,,,,,X,
2024,2316,Brown County Rural Elec Assn,Y,C,Cooperative,,X,,,,X,,,,,,,,X,
2024,2354,Brown-Atchison E C A Inc,Y,C,Cooperative,,X,,,,,,,,,,,,X,
2024,2394,Burke-Divide Electric Coop Inc,,C,Cooperative,,X,,,X,,,,X,,X,,X,X,X
2024,2404,City of Brownfield - (TX),Y,M,Municipal,,,,,,,,,,,,,,X,
2024,2409,Brownsville Public Utilities Board,,M,Municipal,,X,,,X,,,,X,,X,X,X,X,X
2024,2411,City of Brownsville,,M,Municipal,,X,,,X,X,,,,X,X,,X,X,X
2024,2412,City of Brownton - (MN),Y,M,Municipal,,X,,,,,,,,,,,,X,
2024,2423,City of Brundidge - (AL),Y,M,Municipal,,X,,,,,,,,,,,,X,
2024,2439,City of Bryan - (OH),Y,M,Municipal,,X,,,,X,,,,,,,,X,
2024,2442,City of Bryan - (TX),,M,Municipal,,X,,,X,X,X,,X,,X,X,X,X,X
2024,2448,City of Bryant - (SD),Y,M,Municipal,,,,,,,,,,,,,,X,
2024,2469,Buckeye Water C&D District,Y,P,Political Subdivision,,,,,,,,,,,,,,X,
2024,2481,Cargill Power Markets LLC,,W,Wholesale Power Marketer,,,,,,,,,,,X,,,,X
2024,2485,City of Buffalo - (MN),Y,M,Municipal,,X,,,,,,,,,,,,X,
2024,2487,City of Buford,,M,Municipal,,X,,,X,,,,X,,X,,X,X,X
2024,2491,City of Buhl - (MN),Y,M,Municipal,,,,,,,,,,,,,,X,
2024,2502,"Buckeye Rural Elec Coop, Inc",,C,Cooperative,,X,,,X,,,,,,X,X,X,X,X
2024,2507,City of Burbank Water and Power,,M,Municipal,,X,,,X,X,X,,X,X,X,X,X,X,X
2024,2534,City of Burke - (SD),Y,M,Municipal,,,,,,,,,,,,,,X,
2024,2545,City of Burley - (ID),Y,M,Municipal,,X,,,,,,,,,,,,X,
2024,2547,City of Burlingame - (KS),Y,M,Municipal,,X,,,,,,,,,,,,X,
2024,2548,City of Burlington Electric - (VT),,M,Municipal,X,X,,,X,X,X,,X,X,X,X,X,X,X
2024,2550,City of Burlington - (CO),Y,M,Municipal,,,,,,,,,,,,,,X,
2024,2551,City of Burlington - (KS),Y,M,Municipal,,X,,,,,,,,,,,,X,
2024,2553,City of Burlington - (OK),Y,M,Municipal,,,,,,,,,,,,,,X,
2024,2559,City of Burnet - (TX),Y,M,Municipal,,X,,,,,,,,,,,,X,
2024,2599,Burt County Public Power Dist,Y,P,Political Subdivision,,X,,,,,,,,,,,,X,
2024,2600,City of Burt,Y,M,Municipal,,X,,,,,,,,,,,,X,
2024,2609,City of Burwell - (NE),Y,M,Municipal,,X,,,,,,,,,,,,X,
2024,2633,City of Bushnell - (FL),Y,M,Municipal,,,,,,,,,,,,,,X,
2024,2634,City of Bushnell - (IL),Y,M,Municipal,,X,,,,,,,,,,,,X,
2024,2641,"Butler Rural El Coop Assn, Inc - (KS)",Y,C,Cooperative,,X,,,,X,,,,,,,,X,
2024,2643,Butler Public Power District - (NE),,P,Political Subdivision,,X,,,X,,X,,X,,X,,X,X,X
2024,2647,City of Butler - (MO),Y,M,Municipal,,X,,,,,,,,,,,,X,
2024,2650,Borough of Butler - (NJ),Y,M,Municipal,,X,,,,,,,,,,,,X,
2024,2651,Butler Rural Electric Coop Inc - (OH),,C,Cooperative,,X,,,X,X,,,X,,X,X,X,X,X
2024,2652,Butler County Rural Elec Coop - (IA),,C,Cooperative,,X,,,X,,,,X,X,X,X,X,X,X
2024,2655,"Butte Electric Coop, Inc",Y,C,Cooperative,,X,,,,X,,,,,,,,X,
2024,2678,C & L Electric Coop Corp,,C,Cooperative,,X,,X,X,,,,X,,X,,X,X,X
2024,2726,City of Cabool - (MO),Y,M,Municipal,,X,,,,,,,,,,,,X,
2024,2759,Village of Cadott - (WI),Y,M,Municipal,,,,,,,,,,,,,,X,
2024,2773,City of Cairo - (GA),Y,M,Municipal,,X,,,,,,,,,,,,X,
2024,2774,CMS Electric Coop Inc,,C,Cooperative,,X,,,X,,,,,,X,,X,X,X
2024,2776,Cairo Public Utility Company,Y,M,Municipal,,X,,,,,,,,,,,,X,
2024,2800,City of Caldwell,Y,M,Municipal,,,,,,,,,,,,,,X,
2024,2809,City of Callender - (IA),Y,M,Municipal,,,,,,,,,,,,,,X,
2024,2810,City of Caledonia - (MN),Y,M,Municipal,,X,,,,,,,,,,,,X,
2024,2812,City of Calhoun - (GA),,M,Municipal,,X,,,X,,,,X,,X,X,X,X,X
2024,2821,City of Caliente - (NV),Y,M,Municipal,,,,,,,,,,,,,,X,
2024,2830,Calpine Power America LLC,,R,Retail Power Marketer,X,,,,,X,,,,,X,,X,,X
2024,2849,Central Electric Power Assn - (MS),,C,Cooperative,,X,,,X,X,,,,X,X,X,X,X,X
2024,2851,City of California - (MO),Y,M,Municipal,,X,,,,,,,,,,,,X,
2024,2857,Calpine Energy Services LP,,W,Wholesale Power Marketer,,,,,,,,,,,X,,,,X
2024,2859,Village of Callaway - (NE),Y,M,Municipal,,,,,,,,,,,,,,X,
2024,2888,City of Cambridge - (NE),Y,M,Municipal,,,,,,,,,,,,,,X,
2024,2890,City of Camden,Y,M,Municipal,,X,,,,,,,,,,,,X,
2024,2900,City of Cameron,Y,M,Municipal,,X,,,,,,,,,,,,X,
2024,2903,Canoochee Electric Member Corp,,C,Cooperative,,X,,,X,,,,X,,X,,X,X,X
2024,2910,City of Camilla,Y,M,Municipal,,,,,,,,,,,,,,X,
2024,2911,"Canadian Valley Elec Coop, Inc",,C,Cooperative,,X,,,X,,,,,,X,X,X,X,X
2024,2931,Village of Campbell - (NE),Y,M,Municipal,,,,,,,,,,,,,,X,
2024,2955,Canby Utility Board,Y,M,Municipal,,X,,,,,,,,,,,,X,
2024,2960,"Caney Fork Electric Coop, Inc",,C,Cooperative,,X,,,X,X,,,,X,X,X,X,X,X
2024,2961,"Caney Valley El Coop Assn, Inc",Y,C,Cooperative,,X,,,,,,,,,,,,X,
2024,2964,Cannelton Utilities,Y,M,Municipal,,,,,,,,,,,,,,X,
2024,2974,Canton Municipal Utilities,Y,M,Municipal,,X,,,,,,,,,,,,X,
2024,2982,Cape Hatteras Elec Member Corp,Y,C,Cooperative,,X,,,,,,,,,,,,X,
2024,2985,"Capital Electric Coop, Inc",,C,Cooperative,,X,,X,X,X,,,,,X,X,X,X,X
2024,2986,"Cam Wal Electric Coop, Inc",Y,C,Cooperative,,X,,,,,,,,,,,,X,
2024,2998,"Carbon Power & Light, Inc",Y,C,Cooperative,,X,,,,X,,,,,,,,X,
2024,3008,Village of Carey - (OH),Y,M,Municipal,,X,,,,,,,,,,,,X,
2024,3029,City of Carlisle- (IA),Y,M,Municipal,,X,,,,,,,,,,,,X,
2024,3037,City of Carlyle - (IL),Y,M,Municipal,,X,,,,,,,,,,,,X,
2024,3040,City of Carmi - (IL),Y,M,Municipal,,X,,,,,,,,,,,,X,
2024,3046,Duke Energy Progress - (NC),,I,Investor Owned,X,X,,X,X,X,X,,X,X,X,X,X,X,X
2024,3075,Carroll County - (TN),,M,Municipal,,X,,,X,X,,,,X,X,,X,X,X
2024,3076,"Carroll Electric Coop, Inc - (OH)",Y,C,Cooperative,,X,,,,,,,,,,,,X,
2024,3081,Carroll Electric Member Corp - (GA),,C,Cooperative,,X,,,X,,,,X,,X,X,X,X,X
2024,3082,Carrollton Board of Public Wks,Y,M,Municipal,,X,,,,,,,,,,,,X,
2024,3093,Carroll Electric Coop Corp - (AR),,C,Cooperative,X,X,,,X,,,,X,,X,X,X,X,X
2024,3107,Carteret-Craven El Member Corp,,C,Cooperative,,X,,X,X,X,X,,,X,X,X,X,X,X
2024,3108,City of Cartersville - (GA),,M,Municipal,,X,,,X,X,,,X,X,X,,X,X,X
2024,3111,Cass Electric Coop,Y,C,Cooperative,,,,,,,,,,,,,,X,
2024,3113,City of Carthage - (MO),,M,Municipal,,X,,,X,,,,X,,X,X,X,X,X
2024,3136,City of Cascade Locks - (OR),Y,M,Municipal,,X,,,,,,,,,,,,X,
2024,3137,Cascade Municipal Utilities,Y,M,Municipal,,,,,,,,,,,,,,X,
2024,3138,"Cavalier Rural Elec Coop, Inc",Y,C,Cooperative,,X,,,,,,,,,,,,X,
2024,3153,City of Casey - (IL),Y,M,Municipal,,X,,,,,,,,,,,,X,
2024,3156,Village of Cashton - (WI),Y,M,Municipal,,X,,,,,,,,,,,,X,
2024,3164,Village of Castile - (NY),Y,M,Municipal,,X,,,,,,,,,,,,X,
2024,3168,City of Castroville - (TX),Y,M,Municipal,,X,,,,,,,,,,,,X,
2024,3170,Borough of Catawissa,Y,M,Municipal,,,,,,,,,,,,,,X,
2024,3186,City of Cavalier - (ND),Y,M,Municipal,,X,,,,,,,,,,,,X,
2024,3191,City of Cawker City - (KS),Y,M,Municipal,,,,,,,,,,,,,,X,
2024,3203,Cedar Falls Utilities,,M,Municipal,,X,,X,X,,X,,X,,X,X,X,X,X
2024,3205,Cedar-Knox Public Power Dist,,P,Political Subdivision,,X,,X,X,,X,,X,,X,,X,X,X
2024,3208,Cedarburg Light & Water Comm,,M,Municipal,,X,,,X,X,,,X,,X,X,X,X,X
2024,3216,City of Celina - (OH),,M,Municipal,,X,,,X,,,,,,X,,X,X,X
2024,3222,Central Alabama Electric Coop,,C,Cooperative,,X,,X,X,X,,,X,X,X,X,X,X,X
2024,3226,"Central Rural Electric Cooperative, Inc",,C,Cooperative,,X,,,X,X,,,X,X,X,X,X,X,X
2024,3227,City of Center - (CO),Y,M,Municipal,,X,,,,,,,,,,,,X,
2024,3230,Town of Centerville - (IN),Y,M,Municipal,,,,,,,,,,,,,,X,
2024,3235,City of Central City,Y,M,Municipal,,X,,,,,,,,,,,,X,
2024,3236,"Central Electric Coop, Inc - (SD)",,C,Cooperative,X,X,,,X,,,,,,X,,X,X,X
2024,3240,Central Electric Coop Inc - (OR),,C,Cooperative,,X,,,X,,X,,X,X,X,,X,X,X
2024,3242,Central Electric Power Coop - (MO),,C,Cooperative,,,,,,,,,,,X,,,,X
2024,3245,"Central Florida Elec Coop, Inc",,C,Cooperative,,X,,,X,X,X,,X,,X,X,X,X,X
2024,3248,Central Georgia El Member Corp,,C,Cooperative,,X,,X,X,X,X,,X,,X,X,X,X,X
2024,3249,Central Hudson Gas & Elec Corp,,I,Investor Owned,X,X,,X,X,X,X,,X,X,X,X,X,X,X
2024,3250,Central Electric Membership Corp. - (NC),,C,Cooperative,,X,,,X,X,,,,,X,X,X,X,X
2024,3255,California Dept. of Water Resources,,S,State,,,,,,,,,,,X,,,,X
2024,3258,Central Iowa Power Cooperative,,C,Cooperative,,,,,,,,,,,X,,,,X
2024,3264,Central Lincoln People's Ut Dt,,P,Political Subdivision,,X,,,X,,X,,X,,X,X,X,X,X
2024,3265,Cleco Power LLC,,I,Investor Owned,X,X,,,X,X,X,,X,,X,X,X,X,X
2024,3266,Central Maine Power Co,,I,Investor Owned,X,X,,,X,X,,,X,,X,X,X,X,X
2024,3268,Central Missouri Elec Coop Inc,,C,Cooperative,,X,,,X,,,,X,,X,X,X,X,X
2024,3271,Central Nebraska Pub P&I Dist,,P,Political Subdivision,,,,,,,,,,,X,,,,X
2024,3273,"Central New Mexico El Coop, Inc",,C,Cooperative,,X,,,X,X,,,X,,X,X,X,X,X
2024,3278,AEP Texas Central Company,,I,Investor Owned,X,X,X,X,X,,X,,,X,X,X,,X,X
2024,3279,"Central Power Elec Coop, Inc",,C,Cooperative,,,,X,,,,,,,X,,,,X
2024,3282,"Central Texas Elec Coop, Inc",,C,Cooperative,,X,,,X,,,,X,,X,X,X,X,X
2024,3287,"Central Valley Elec Coop, Inc",,C,Cooperative,X,X,,,X,,X,,X,,X,X,X,X,X
2024,3291,Central Virginia Electric Coop,,C,Cooperative,,X,,,X,,,,X,,X,X,X,X,X
2024,3293,Central Wisconsin Elec Coop,Y,C,Cooperative,,X,,,,X,,,,,,,,X,
2024,3294,City of Centralia - (KS),Y,M,Municipal,,,,,,,,,,,,,,X,
2024,3295,City of Centralia - (WA),,M,Municipal,,X,,,X,,,,X,,X,X,X,X,X
2024,3296,City of Centralia - (MO),Y,M,Municipal,,X,,,,,,,,,,,,X,
2024,3314,"Chariton Valley Elec Coop, Inc",Y,C,Cooperative,,X,,,,,,,,,,,,X,
2024,3315,"Charles Mix Electric Assn, Inc",Y,C,Cooperative,,X,,,,,,,,,,,,X,
2024,3323,Town of Chalmers - (IN),Y,M,Municipal,,X,,,,,,,,,,,,X,
2024,3329,Borough of Chambersburg,,M,Municipal,,X,,,X,X,,,X,X,X,X,X,X,X
2024,3355,City of Chanute,,M,Municipal,,X,,,X,,,,,,X,,X,X,X
2024,3356,City of Ceylon - (MN),Y,M,Municipal,,X,,,,,,,,,,,,X,
2024,3366,City of Chapman - (KS),Y,M,Municipal,,X,,,,,,,,,,,,X,
2024,3373,City of Chappell - (NE),Y,M,Municipal,,X,,,,,,,,,,,,X,
2024,3384,City of Charlevoix - (MI),Y,M,Municipal,,,,,,,,,,,,,,X,
2024,3400,City of Chaska - (MN),,M,Municipal,,X,,,X,X,X,,X,X,X,X,X,X,X
2024,3405,Village of Chatham - (IL),Y,M,Municipal,,X,,,,,,,,,,,,X,
2024,3406,City of Chattahoochee - (FL),Y,M,Municipal,,,,,,,,,,,,,,X,
2024,3408,City of Chattanooga - (TN),,M,Municipal,X,X,,,X,X,,,,X,X,X,X,X,X
2024,3413,PUD No 1 of Chelan County,,P,Political Subdivision,,X,,,X,X,X,,X,X,X,X,X,X,X
2024,3415,Village of Chelsea - (MI),Y,M,Municipal,,,,,,,,,,,,,,X,
2024,3420,City of Cheney - (WA),Y,M,Municipal,,X,,,,,,,,,,,,X,
2024,3421,City of Chignik - (AK),Y,M,Municipal,,,,,,,,,,,,,,X,
2024,3422,City of Chefornak,Y,M,Municipal,,,,,,,,,,,,,,X,
2024,3426,Cherokee Electric Coop - (AL),,C,Cooperative,,X,,,X,X,,,,,X,,X,X,X
2024,3435,"Cherry-Todd Electric Coop, Inc",Y,C,Cooperative,,X,,,,,,,,,,,,X,
2024,3436,Cherryland Electric Coop Inc,,C,Cooperative,,X,,,X,,,,X,X,X,X,X,X,X
2024,3437,City of Cherryville - (NC),Y,M,Municipal,,X,,,,,,,,,,,,X,
2024,3445,Village of Chester - (NE),Y,M,Municipal,,,,,,,,,,,,,,X,
2024,3447,Town of Chester,Y,M,Municipal,,X,,,,,,,,,,,,X,
2024,3454,City of Chetopa - (KS),Y,M,Municipal,,,,,,,,,,,,,,X,
2024,3459,City of Chewelah,Y,M,Municipal,,X,,,,,,,,,,,,X,
2024,3461,Cheyenne Light Fuel & Power,,I,Investor Owned,X,X,,,X,,X,,X,X,X,X,X,X,X
2024,3465,Chitina Electric Inc,Y,I,Investor Owned,,,,,,,,,,,,,,X,
2024,3470,Cherokee County Elec Coop Assn - (TX),,C,Cooperative,,X,,,X,,,,X,,X,X,X,X,X
2024,3475,City of Chickamauga,,M,Municipal,,X,,,X,,,,,,X,,X,X,X
2024,3477,City of Chicopee - (MA),,M,Municipal,,X,,,X,,X,,X,,X,X,X,X,X
2024,3478,Cimarron Electric Coop,,C,Cooperative,,X,,,X,,,,X,,X,X,X,X,X
2024,3486,Chillicothe Municipal Utils,Y,M,Municipal,,X,,,,,,,,,,,,X,
2024,3495,Chimney Rock Public Power Dist,Y,P,Political Subdivision,,X,,,,,,,,,,,,X,
2024,3498,Chippewa Valley Electric Coop,Y,C,Cooperative,,X,,,,X,,,,,,,,X,
2024,3502,"Choctawhatche Elec Coop, Inc",,C,Cooperative,,X,,X,X,X,X,,X,,X,X,X,X,X
2024,3503,"Choptank Electric Cooperative, Inc",,C,Cooperative,,X,,X,X,X,,,X,,X,X,X,X,X
2024,3519,Central Minnesota Municipal Power Agency,,P,Political Subdivision,,,,,,,,,,,X,,,,X
2024,3522,Chugach Electric Assn Inc,,C,Cooperative,X,X,,,X,,,,X,X,X,X,X,X,X
2024,3525,Village of Churchville - (NY),Y,M,Municipal,,X,,,,,,,,,,,,X,
2024,3527,Choctaw Electric Coop Inc,,C,Cooperative,,X,,,X,,,,X,,X,X,X,X,X
2024,3535,City of Cimarron - (KS),Y,M,Municipal,,X,,,,,,,,,,,,X,
2024,3542,Duke Energy Ohio Inc,,I,Investor Owned,X,X,,,X,X,,,X,X,X,X,X,X,X
2024,3597,Citizens Electric Co - (PA),,I,Investor Owned,X,X,,,X,,,,X,,X,X,X,X,X
2024,3600,Citizens Electric Corporation - (MO),,C,Cooperative,,X,,,X,,,,X,,X,X,X,X,X
2024,3601,Boston Energy Trading and Marketing LLC,,W,Wholesale Power Marketer,,,,,,,,,,,X,,,,X
2024,3633,City of McLaughlin - (SD),Y,M,Municipal,,,,,,,,,,,,,,X,
2024,3634,City of Nixa - (MO),Y,M,Municipal,,X,,,,,,,,,,,,X,
2024,3641,"Claiborne Electric Coop, Inc",,C,Cooperative,,X,,,X,,,,X,,X,,X,X,X
2024,3644,PUD No 1 of Clallam County,,P,Political Subdivision,,X,,,X,,X,,X,,X,X,X,X,X
2024,3647,City of Claremore,,M,Municipal,,X,,,X,,,,X,,X,X,X,X,X
2024,3660,PUD No 1 of Clark County - (WA),,P,Political Subdivision,X,X,,X,X,,X,,X,X,X,X,X,X,X
2024,3687,Clark Energy Coop Inc - (KY),,C,Cooperative,,X,,,X,,,,X,,X,X,X,X,X
2024,3701,Clark Electric Coop - (WI),Y,C,Cooperative,,X,,,,X,,,,,,,,X,
2024,3702,Clarksdale Public Utilities,Y,M,Municipal,,X,,,,,,,,,,,,X,
2024,3704,City of Clarksville - (TN),,M,Municipal,X,X,,,X,X,,,,X,X,X,X,X,X
2024,3705,Clarksville Connected Utilities,,M,Municipal,,X,,,X,,,,,,X,,X,X,X
2024,3710,City of Clay Center - (KS),Y,M,Municipal,,,,,,,,,,,,,,X,
2024,3712,Clay County Electric Coop Corp - (AR),,C,Cooperative,,X,,,X,,,,X,,X,X,X,X,X
2024,3716,Clay-Union Electric Corp,Y,C,Cooperative,,X,,,,,,,,,,,,X,
2024,3722,Clarke Electric Coop Inc - (IA),Y,C,Cooperative,,X,,,,X,,,,,,,,X,
2024,3726,Clay Electric Coop Inc - (IL),Y,C,Cooperative,,X,,,,,,,,,,,,X,
2024,3731,Town of Clayton - (NC),Y,M,Municipal,,X,,,,X,,,,,,,,X,
2024,3732,Town of Clayton - (DE),Y,M,Municipal,,,,,,,,,,,,,,X,
2024,3735,City of Colman - (SD),Y,M,Municipal,,X,,,,,,,,,,,,X,
2024,3739,Clearwater Power Company,Y,C,Cooperative,,X,,,,,,,,,,,,X,
2024,3755,Cleveland Electric Illum Co,,I,Investor Owned,X,X,,X,X,X,X,,X,,X,X,X,X,X
2024,3757,"Clay Electric Cooperative, Inc - (FL)",,C,Cooperative,,X,,X,X,,X,,X,,X,X,X,X,X
2024,3758,City of Cleveland - (TN),,M,Municipal,X,X,,,X,X,,,,X,X,X,X,X,X
2024,3762,City of Cleveland - (OH),,M,Municipal,,X,,,X,,,,X,,X,X,X,X,X
2024,3764,Clearwater-Polk Elec Coop Inc,Y,C,Cooperative,,X,,,,,,,,,,,,X,
2024,3774,City of Clewiston,Y,M,Municipal,,X,,,,,,,,,,,,X,
2024,3804,Clinton Combined Utility Sys,Y,M,Municipal,,X,,,,,,,,,,,,X,
2024,3806,"Clinton County Elec Coop, Inc",Y,C,Cooperative,,X,,,,,,,,,,,,X,
2024,3812,City of Clinton - (TN),,M,Municipal,X,X,,,X,X,,,,X,X,X,X,X,X
2024,3813,Village of Clinton - (MI),Y,M,Municipal,,X,,,,,,,,,,,,X,
2024,3814,City of Clintonville - (WI),Y,M,Municipal,,X,,,,X,,,,,,,,X,
2024,3815,Town of Coatesville - (IN),Y,M,Municipal,,,,,,,,,,,,,,X,
2024,3824,Clyde Light & Power,,M,Municipal,,X,,,X,,,,,,X,,X,X,X
2024,3828,Cloverland Electric Co-op,,C,Cooperative,X,X,,,X,,X,,X,,X,X,X,X,X
2024,3839,Coahoma Electric Power Assn,Y,C,Cooperative,,X,,,,,,,,,,,,X,
2024,3841,Coast Electric Power Assn - (MS),,C,Cooperative,X,X,,,X,X,X,,X,X,X,X,X,X,X
2024,3843,Coastal Electric Member Corp - (GA),,C,Cooperative,,X,,,X,X,,,X,,X,X,X,X,X
2024,3844,"Coastal Electric Coop, Inc - (SC)",Y,C,Cooperative,,X,,,,,,,,,,,,X,
2024,3850,"Codington-Clark Elec Coop, Inc",Y,C,Cooperative,,X,,,,,,,,,,,,X,
2024,3855,Columbia Power System - (TN),,M,Municipal,,X,,,X,X,,,,X,X,X,X,X,X
2024,3881,City of Cody,Y,M,Municipal,,X,,,,,,,,,,,,X,
2024,3892,City of Coffeyville - (KS),,M,Municipal,X,X,,,X,,,,,,X,X,X,X,X
2024,3900,City of Coggon - (IA),Y,M,Municipal,,X,,,,,,,,,,,,X,
2024,3913,City of Colby - (KS),Y,M,Municipal,,X,,,,,,,,,,,,X,
2024,3915,Coldwater Board of Public Util,,M,Municipal,,X,,,X,X,X,,,,X,X,X,X,X
2024,3916,Cobb Electric Membership Corp,,C,Cooperative,X,X,,,X,X,,,X,,X,X,X,X,X
2024,3923,City of Coleman - (TX),Y,M,Municipal,,,,,,,,,,,,,,X,
2024,3931,Coles-Moultrie Electric Coop,,C,Cooperative,,X,,X,X,,,,X,,X,,X,X,X
2024,3938,"Coleman County Elec Coop, Inc",Y,C,Cooperative,,X,,,,,,,,,,,,X,
2024,3939,City of College Park - (GA),,M,Municipal,,X,,,X,X,,,,X,X,,X,X,X
2024,3940,City of College Station - (TX),,M,Municipal,,X,,,X,,X,,,,X,X,X,X,X
2024,3957,City of Collins - (MS),Y,M,Municipal,,,,,,,,,,,,,,X,
2024,3986,City of Collinsville - (OK),Y,M,Municipal,,X,,,,,,,,,,,,X,
2024,3989,City of Colorado Springs - (CO),,M,Municipal,X,X,,X,X,X,X,,X,X,X,X,X,X,X
2024,3990,Colorado River Indian Irr Proj,Y,F,Federal,,X,,,,,,,,,,,,X,
2024,3991,CMS Energy Resource Management,,R,Retail Power Marketer,X,,,,,,,,,,X,,X,,X
2024,4003,City of Colton - (CA),,M,Municipal,,X,,,X,X,X,,X,,X,X,X,X,X
2024,4005,"Columbia Basin Elec Cooperative, Inc",Y,C,Cooperative,,X,,,,,,,,,,,,X,
2024,4007,City of Columbia City - (IN),Y,M,Municipal,,X,,,,,,,,,,,,X,
2024,4008,Columbia Power Coop Assn Inc - (OR),Y,C,Cooperative,,,,,,,,,,,,,,X,
2024,4040,Calhoun County Elec Coop Assn,Y,C,Cooperative,,X,,,,,,,,,,,,X,
2024,4041,"Columbia Rural Elec Assn, Inc",,C,Cooperative,,X,,,X,,X,,X,,X,X,X,X,X
2024,4045,City of Columbia - (MO),,M,Municipal,,X,,,X,X,X,,X,X,X,X,X,X,X
2024,4061,City of Columbiana - (OH),Y,M,Municipal,,,,,,,,,,,,,,X,
2024,4063,Co-Mo Electric Coop Inc,,C,Cooperative,,X,,,X,,,,X,X,X,X,X,X,X
2024,4065,City of Columbus - (OH),,M,Municipal,,X,,X,X,,,,,,X,X,X,X,X
2024,4068,City of Columbus - (MS),,M,Municipal,,X,,,X,X,,,,,X,X,X,X,X
2024,4071,"Columbus Electric Coop, Inc",Y,C,Cooperative,,X,,,,,,,,,,,,X,
2024,4073,City of Columbus - (WI),,M,Municipal,,X,,,X,X,,,X,,X,,X,X,X
2024,4078,City of Comanche - (OK),Y,M,Municipal,,X,,,,,,,,,,,,X,
2024,4091,City of Commerce - (GA),Y,M,Municipal,,,,,,,,,,,,,,X,
2024,4100,Just Energy Solutions Inc.,,R,Retail Power Marketer,X,,,,,,,,,,X,,X,,X
2024,4110,Commonwealth Edison Co,,I,Investor Owned,X,X,,X,X,X,X,,X,X,X,X,X,X,X
2024,4117,Community Electric Coop,Y,C,Cooperative,,X,,,,,,,,,,,,X,
2024,4146,Concho Valley Elec Coop Inc,,C,Cooperative,,X,,,X,,,,X,X,X,X,X,X,X
2024,4147,Town of Concord - (MA),Y,M,Municipal,,X,,,,X,,,,,,,,X,
2024,4150,City of Concord - (NC),,M,Municipal,,X,,,X,,,,,,X,X,X,X,X
2024,4153,"Concordia Electric Coop, Inc",,C,Cooperative,,X,,,X,,,,X,,X,,X,X,X
2024,4160,Callaway Electric Cooperative,,C,Cooperative,,X,,,X,,,,X,,X,,X,X,X
2024,4166,"CECG Maine, LLC",,W,Wholesale Power Marketer,,,,,,,,,,,X,,,,X
2024,4176,Connecticut Light & Power Co,,I,Investor Owned,X,X,,X,X,X,X,,X,X,X,X,X,X,X
2024,4180,Connecticut Mun Elec Engy Coop,,A,Municipal Mktg Authority,,,,,,,,,,,X,,,,X
2024,4226,Consolidated Edison Co-NY Inc,,I,Investor Owned,X,X,,X,X,,X,,X,X,X,X,X,X,X
2024,4237,Consolidated Electric Coop,,C,Cooperative,,X,,,X,,,,X,,X,X,X,X,X
2024,4247,Consolidated Water Power Co,,I,Investor Owned,X,X,,,X,,,,,X,X,,X,X,X
2024,4254,Consumers Energy Co - (MI),,I,Investor Owned,X,X,,X,X,X,X,,X,X,X,X,X,X,X
2024,4262,Cooke County Elec Coop Assn,,C,Cooperative,,X,,,X,,,,X,,X,X,X,X,X
2024,4265,Continental Divide El Coop Inc,,C,Cooperative,,X,,,X,,,,X,,X,X,X,X,X
2024,4280,Conway Corporation,,M,Municipal,,X,,,X,,,,X,X,X,X,X,X,X
2024,4294,City of Cookeville - (TN),,M,Municipal,,X,,,X,X,,,,X,X,,X,X,X
2024,4295,Comanche County Elec Coop Assn,,C,Cooperative,,X,,X,X,X,,,X,,X,,X,X,X
2024,4296,"Cookson Hills Elec Coop, Inc",,C,Cooperative,,X,,,X,,,,X,,X,X,X,X,X
2024,4304,City of Corwith - (IA),Y,M,Municipal,,X,,,,,,,,,,,,X,
2024,4305,City of Coon Rapids,Y,M,Municipal,,,,,,,,,,,,,,X,
2024,4317,"Coos-Curry Electric Coop, Inc",,C,Cooperative,,X,,,X,,X,,X,,X,X,X,X,X
2024,4319,Copan Public Works Authority,Y,M,Municipal,,,,,,,,,,,,,,X,
2024,4327,Coosa Valley Electric Coop Inc,,C,Cooperative,,X,,,X,X,,,X,,X,X,X,X,X
2024,4329,"Copper Valley Elec Assn, Inc",Y,C,Cooperative,,X,,,,,,,,,,,,X,
2024,4341,Corbin City Utilities Comm,Y,M,Municipal,,,,,,,,,,,,,,X,
2024,4344,City of New Cordell - (OK),Y,M,Municipal,,,,,,,,,,,,,,X,
2024,4346,Cooperative L&P Assn Lake County,Y,C,Cooperative,,X,,,,,,,,,,,,X,
2024,4356,Colorado River Comm of Nevada,,S,State,X,X,,,X,,,,,,X,,X,X,X
2024,4362,Corn Belt Energy Corporation,,C,Cooperative,,X,,X,X,X,,,X,,X,X,X,X,X
2024,4363,Corn Belt Power Coop,,C,Cooperative,,,,X,,,X,,,,X,,,,X
2024,4365,Town of Cornelius - (NC),Y,M,Municipal,,X,,,,,,,,,,,,X,
2024,4369,City of Cornell,Y,M,Municipal,,X,,,,,,,,,,,,X,
2024,4373,Cornhusker Public Power Dist,,P,Political Subdivision,X,X,,,X,,,,X,X,X,X,X,X,X
2024,4375,City of Corning - (IA),Y,M,Municipal,,X,,,,,,,,,,,,X,
2024,4390,City of Corona - (CA),,M,Municipal,X,X,,,X,X,,,X,,X,X,X,X,X
2024,4401,"Cotton Electric Coop, Inc",,C,Cooperative,,X,,,X,,X,,X,,X,X,X,X,X
2024,4410,"Shell Energy North America (US), L.P.",,R,Retail Power Marketer,X,,,,,,,,,,X,,X,,X
2024,4414,City of Coulee Dam - (WA),Y,M,Municipal,,X,,,,,,,,,,,,X,
2024,4429,City of Covington - (IN),Y,M,Municipal,,X,,,,,,,,,,,,X,
2024,4430,"Covington Electric Coop, Inc",,C,Cooperative,,X,,X,X,X,,,X,,X,X,X,X,X
2024,4432,Coweta-Fayette El Member Corp,,C,Cooperative,,X,,,X,X,X,,X,,X,X,X,X,X
2024,4433,City of Covington - (GA),,M,Municipal,,X,,,X,X,,,X,X,X,,X,X,X
2024,4437,City of Covington - (TN),,M,Municipal,,X,,,X,X,,,,,X,,X,X,X
2024,4442,PUD No 1 of Cowlitz County,,P,Political Subdivision,X,X,,,X,,X,,X,,X,X,X,X,X
2024,4459,Cozad Board of Public Works,Y,M,Municipal,,X,,,,,,,,,,,,X,
2024,4471,Craig-Botetourt Electric Coop,Y,C,Cooperative,,X,,,,X,,,,,,,,X,
2024,4483,City of Crane - (MO),Y,M,Municipal,,,,,,,,,,,,,,X,
2024,4486,Town of Crane - (IN),Y,M,Municipal,,,,,,,,,,,,,,X,
2024,4508,"Crawfordsville Elec, Lgt & Pwr",,M,Municipal,,X,,,X,,,,X,,X,X,X,X,X
2024,4509,Craighead Electric Coop Corp,,C,Cooperative,,X,,X,X,,,,X,,X,X,X,X,X
2024,4524,"Crawford Electric Coop, Inc",,C,Cooperative,,X,,,X,,,,X,,X,X,X,X,X
2024,4527,City of Crete,Y,M,Municipal,,X,,,,,,,,,,,,X,
2024,4538,Crisp County Power Comm,,P,Political Subdivision,,X,,X,X,X,,,X,,X,,X,X,X
2024,4562,City of Croswell - (MI),Y,M,Municipal,,X,,,,,,,,,,,,X,
2024,4577,Crow Wing Cooperative Power & Light Comp,,C,Cooperative,,X,,,X,X,,,X,,X,X,X,X,X
2024,4604,City of Crystal Falls,,M,Municipal,,X,,,X,X,,,X,,X,,X,X,X
2024,4607,City of Cuba City,,M,Municipal,,X,,,X,X,,,X,,X,,X,X,X
2024,4608,City of Cuba - (MO),Y,M,Municipal,,X,,,,,,,,,,,,X,
2024,4610,City of Cuero - (TX),Y,M,Municipal,,X,,,,,,,,,,,,X,
2024,4617,Cullman Power Board,,M,Municipal,,X,,,X,,,,,X,X,,X,X,X
2024,4618,"Cullman Electric Coop, Inc",,C,Cooperative,,X,,,X,X,,,,X,X,X,X,X,X
2024,4619,Town of Culpeper- (VA),Y,M,Municipal,,X,,,,,,,,,,,,X,
2024,4622,"Cumberland Valley Electric, Inc.",,C,Cooperative,,X,,,X,X,,,X,,X,X,X,X,X
2024,4624,Cumberland Elec Member Corp,,C,Cooperative,X,X,,,X,X,,,,X,X,X,X,X,X
2024,4627,City of Cumberland - (WI),Y,M,Municipal,,,,,,,,,,,,,,X,
2024,4632,Cuming County Public Pwr Dist,Y,P,Political Subdivision,,X,,,,,,,,,,,,X,
2024,4661,City of Curtis - (NE),Y,M,Municipal,,X,,,,,,,,,,,,X,
2024,4667,City of Cushing - (OK),Y,M,Municipal,,,,,,,,,,,,,,X,
2024,4671,Custer Public Power District,,P,Political Subdivision,,X,,X,X,X,X,,X,X,X,X,X,X,X
2024,4675,Cuivre River Electric Coop Inc,,C,Cooperative,X,X,,X,X,X,,,X,,X,X,X,X,X
2024,4683,City of Cuyahoga Falls - (OH),,M,Municipal,,X,,,X,,X,,X,X,X,X,X,X,X
2024,4685,Village of Cygnet - (OH),Y,M,Municipal,,,,,,,,,,,,,,X,
2024,4704,"DS&O Electric Cooperative, Inc.",Y,C,Cooperative,,X,,,,X,,,,,,,,X,
2024,4715,Dahlberg Light & Power Co,,I,Investor Owned,X,X,,,X,,,,X,,X,,X,X,X
2024,4716,Dairyland Power Coop,,C,Cooperative,,,,,,,,,,,X,,,,X
2024,4717,Dakota Valley Elec Coop Inc,,C,Cooperative,X,X,,,X,,,,,,X,X,X,X,X
2024,4720,Dakota Energy Coop Inc,,C,Cooperative,,X,,,X,,,,,X,X,,X,X,X
2024,4725,City of Custar,Y,M,Municipal,,,,,,,,,,,,,,X,
2024,4739,Town of Dallas - (NC),Y,M,Municipal,,X,,,,,,,,,,,,X,
2024,4743,"Consumers Power, Inc",,C,Cooperative,,X,,,X,,X,,X,,X,X,X,X,X
2024,4744,Dalton Utilities,,M,Municipal,,X,,,X,,,,,X,X,,X,X,X
2024,4791,City of Danville - (IA),Y,M,Municipal,,X,,,,,,,,,,,,X,
2024,4792,Village of Daggett - (MI),Y,M,Municipal,,,,,,,,,,,,,,X,
2024,4794,City of Danville - (VA),,M,Municipal,,X,,X,X,X,X,,X,,X,,X,X,X
2024,4796,"Darke Rural Electric Coop, Inc",Y,C,Cooperative,,X,,,,,,,,,,,,X,
2024,4799,Darlington Light & Power Co,Y,M,Municipal,,X,,,,,,,,,,,,X,
2024,4836,City of David City,Y,M,Municipal,,X,,,,,,,,,,,,X,
2024,4848,Daviess Martin County R E M C,,C,Cooperative,,X,,,X,X,,,X,,X,X,X,X,X
2024,4911,Dawson Power District,,P,Political Subdivision,X,X,,X,X,,X,,X,X,X,X,X,X,X
2024,4914,Village of Davenport - (NE),Y,M,Municipal,,,,,,,,,,,,,,X,
2024,4919,City of Dayton - (IA),Y,M,Municipal,,X,,,,,,,,,,,,X,
2024,4920,City of Dayton - (TN),,M,Municipal,,X,,,X,X,,,,X,X,,X,X,X
2024,4922,Dayton Power & Light Co,,I,Investor Owned,X,X,,,X,,,,X,,X,X,X,X,X
2024,4939,"Deaf Smith Electric Coop, Inc",,C,Cooperative,,X,,,X,,,,X,,X,X,X,X,X
2024,4958,Decatur Utilities,,M,Municipal,X,X,,,X,X,,,,X,X,X,X,X,X
2024,4959,Aniak Light & Power Co Inc,Y,I,Investor Owned,,,,,,,,,,,,,,X,
2024,4960,Decatur County Rural E M C,,C,Cooperative,,X,,,X,X,,,X,,X,X,X,X,X
2024,4961,Village of Decatur - (NE),Y,M,Municipal,,,,,,,,,,,,,,X,
2024,4975,Deep East Texas Elec Coop Inc,,C,Cooperative,,X,,,X,,,,X,,X,X,X,X,X
2024,4981,City of Deaver - (WY),Y,M,Municipal,,,,,,,,,,,,,,X,
2024,5015,Delano Municipal Utilities,Y,M,Municipal,,X,,,,,,,,,,,,X,
2024,5021,Delaware County Elec Coop Inc,Y,C,Cooperative,,X,,,,,,,,,,,,X,
2024,5027,Delmarva Power,,I,Investor Owned,X,X,,X,X,X,X,,X,,X,X,X,X,X
2024,5036,City of Delta - (CO),Y,M,Municipal,,X,,,,,,,,,,,,X,
2024,5056,City of Denison - (IA),Y,M,Municipal,,X,,,,,,,,,,,,X,
2024,5063,City of Denton - (TX),,M,Municipal,,X,,,X,X,X,,X,X,X,X,X,X,X
2024,5070,Delaware Electric Cooperative,,C,Cooperative,X,X,,X,X,X,X,,X,,X,X,X,X,X
2024,5071,Town of Dunreith - (IN),Y,M,Municipal,,,,,,,,,,,,,,X,
2024,5076,City of Denver - (IA),Y,M,Municipal,,,,,,,,,,,,,,X,
2024,5078,"Denton County Elec Coop, Inc",,C,Cooperative,,X,,X,X,X,,,X,X,X,X,X,X,X
2024,5086,Delta Montrose Electric Assn,,C,Cooperative,,X,,,X,X,,,X,X,X,X,X,X,X
2024,5096,Village of Deshler - (OH),Y,M,Municipal,,X,,,,,,,,,,,,X,
2024,5097,City of Deshler - (NE),Y,M,Municipal,,,,,,,,,,,,,,X,
2024,5109,DTE Electric Company,,I,Investor Owned,X,X,,X,X,X,X,,X,X,X,X,X,X,X
2024,5111,City of Detroit Lakes - (MN),Y,M,Municipal,,X,,,,X,,,,,,,,X,
2024,5148,City of Dickson,,M,Municipal,,X,,,X,X,,,,X,X,X,X,X,X
2024,5154,City of Dighton - (KS),Y,M,Municipal,,X,,,,,,,,,,,,X,
2024,5155,City of Dike,Y,M,Municipal,,X,,,,,,,,,,,,X,
2024,5175,Dixie Electric Power Assn - (MS),,C,Cooperative,,X,,,X,,X,,X,,X,X,X,X,X
2024,5202,Dixie Electric Membership Corp - (LA),,C,Cooperative,,X,,,X,,,,X,,X,X,X,X,X
2024,5204,Dixie Electric Coop - (AL),,C,Cooperative,,X,,,X,,X,,,,X,X,X,X,X
2024,5236,City of Doerun - (GA),Y,M,Municipal,,,,,,,,,,,,,,X,
2024,5309,City of Dothan - (AL),,M,Municipal,,X,,,X,,,,,,X,X,X,X,X
2024,5325,City of Douglas,,M,Municipal,,X,,,X,X,,,,,X,,X,X,X
2024,5326,PUD No 1 of Douglas County,,P,Political Subdivision,,X,,,X,,,,X,,X,,X,X,X
2024,5327,Douglas Electric Coop - (OR),Y,C,Cooperative,,X,,,,,,,,,,,,X,
2024,5328,"Douglas Electric Coop, Inc",Y,C,Cooperative,,X,,,,,,,,,,,,X,
2024,5334,"Doniphan Elec Coop Assn, Inc",Y,C,Cooperative,,X,,,,,,,,,,,,X,
2024,5335,City of Dover - (DE),,M,Municipal,X,X,,X,X,,,,X,,X,,X,X,X
2024,5336,City of Dover - (OH),,M,Municipal,,X,,,X,,,,,,X,X,X,X,X
2024,5343,City of Dowagiac,Y,M,Municipal,,X,,,,,,,,,,,,X,
2024,5350,Village of Dorchester - (NE),Y,M,Municipal,,,,,,,,,,,,,,X,
2024,5354,City of Drain - (OR),Y,M,Municipal,,X,,,,,,,,,,,,X,
2024,5372,Town of Drexel - (NC),Y,M,Municipal,,,,,,,,,,,,,,X,
2024,5392,Dublin Municipal Electric Util,Y,M,Municipal,,,,,,,,,,,,,,X,
2024,5394,Dubois Rural Electric Coop Inc,,C,Cooperative,,X,,,X,,,,X,,X,X,X,X,X
2024,5399,Duck River Elec Member Corp,,C,Cooperative,X,X,,,X,X,,,,X,X,X,X,X,X
2024,5402,City of Due West - (SC),Y,M,Municipal,,X,,,,,,,,,,,,X,
2024,5416,"Duke Energy Carolinas, LLC",,I,Investor Owned,X,X,,X,X,X,X,,X,X,X,X,X,X,X
2024,5417,Dunn County Electric Coop,,C,Cooperative,,X,,X,X,X,X,,X,,X,X,X,X,X
2024,5429,City of Duncan - (OK),Y,M,Municipal,,X,,,,,,,,,,,,X,
2024,5438,"Duncan Valley Elec Coop, Inc",Y,C,Cooperative,,X,,,,X,,,,,,,,X,
2024,5442,Borough of Duncannon - (PA),Y,M,Municipal,,X,,,,,,,,,,,,X,
2024,5470,ConocoPhillips Company,,R,Retail Power Marketer,X,,,,,,,,,,X,,X,,X
2024,5479,City of Durant - (MS),Y,M,Municipal,,,,,,,,,,,,,,X,
2024,5480,Town of Danvers,,M,Municipal,,X,,X,X,,,,X,,X,X,X,X,X
2024,5487,Duquesne Light Co,,I,Investor Owned,X,X,,,X,X,X,,X,,X,X,X,X,X
2024,5509,City of Dyersburg,,M,Municipal,,X,,,X,X,,,,,X,X,X,X,X
2024,5518,City of Dysart - (IA),Y,M,Municipal,,,,,,,,,,,,,,X,
2024,5529,City of Durant - (IA),Y,M,Municipal,,X,,,,,,,,,,,,X,
2024,5531,Enerstar Power Corp,Y,C,Cooperative,,X,,,,,,,,,,,,X,
2024,5535,Egyptian Electric Coop Assn,,C,Cooperative,,X,,,X,,,,X,,X,X,X,X,X
2024,5551,City of Eagle River - (WI),,M,Municipal,,X,,,X,X,,,X,,X,,X,X,X
2024,5552,"East River Elec Pwr Coop, Inc",,C,Cooperative,,,,X,,,X,,,,X,,,,X
2024,5563,City of Earlville - (IA),Y,M,Municipal,,,,,,,,,,,,,,X,
2024,5574,East Central Energy,,C,Cooperative,X,X,,,X,,,,X,X,X,X,X,X,X
2024,5575,City of East Grand Forks - (MN),Y,M,Municipal,,X,,,,,,,,,,,,X,
2024,5578,East Mississippi Elec Pwr Assn,,C,Cooperative,,X,,,X,X,,,,X,X,X,X,X,X
2024,5580,"East Kentucky Power Coop, Inc",,C,Cooperative,,,,X,,,X,,,,X,,,,X
2024,5582,City of East Point - (GA),,M,Municipal,,X,,,X,X,,,,,X,,X,X,X
2024,5583,City of Easton - (MO),Y,M,Municipal,,,,,,,,,,,,,,X,
2024,5584,East End Mutual Elec Co Ltd,Y,C,Cooperative,,,,,,,,,,,,,,X,
2024,5585,Eastern Illinois Elec Coop,,C,Cooperative,,X,,,X,,,,X,,X,X,X,X,X
2024,5586,Borough of East Conemaugh,Y,M,Municipal,,,,,,,,,,,,,,X,
2024,5588,East-Central Iowa Rural Elec Coop,,C,Cooperative,,X,,,X,,,,X,,X,X,X,X,X
2024,5598,East Central Oklahoma Elec Coop Inc,,C,Cooperative,,X,,,X,,,,X,,X,X,X,X,X
2024,5605,Eastern Iowa Light & Power Coop,,C,Cooperative,,X,,,X,X,X,,X,X,X,X,X,X,X
2024,5609,Eastern Maine Electric Coop,,C,Cooperative,X,X,,,X,,,,X,,X,X,X,X,X
2024,5625,Easton Utilities Comm,,M,Municipal,,X,,,X,,,,X,,X,X,X,X,X
2024,5630,City of Eaton Rapids - (MI),Y,M,Municipal,,X,,,,,,,,,,,,X,
2024,5631,Town of Eatonville - (WA),Y,M,Municipal,,,,,,,,,,,,,,X,
2024,5632,Eau Claire Electric Coop,Y,C,Cooperative,,X,,,,X,,,,,,,,X,
2024,5644,"Edisto Electric Coop, Inc",,C,Cooperative,,X,,,X,,,,X,,X,X,X,X,X
2024,5653,Village of Edgerton - (OH),Y,M,Municipal,,,,,,,,,,,,,,X,
2024,5655,Edinburgh Municipal Utilities,Y,M,Municipal,,X,,,,,,,,,,,,X,
2024,5656,Edgecombe-Martin County E M C,,C,Cooperative,,X,,,X,,,,,,X,X,X,X,X
2024,5661,City of Edmond - (OK),,M,Municipal,,X,,,X,X,,,X,,X,X,X,X,X
2024,5686,City of El Dorado Springs - (MO),Y,M,Municipal,,,,,,,,,,,,,,X,
2024,5692,City of Eitzen - (MN),Y,M,Municipal,,X,,,,,,,,,,,,X,
2024,5701,El Paso Electric Co,,I,Investor Owned,X,X,,X,X,X,X,,X,,X,X,X,X,X
2024,5703,Empire Natural Gas Corporation,,R,Retail Power Marketer,X,,,,,,,,,,X,,X,,X
2024,5721,City of Elfin Cove - (AK),Y,M,Municipal,,,,,,,,,,,,,,X,
2024,5728,City of Elba - (AL),Y,M,Municipal,,,,,,,,,,,,,,X,
2024,5729,Electrical Dist No8 Maricopa,,P,Political Subdivision,,X,,,,,,,,,X,,X,X,X
2024,5730,City of Elberton,Y,M,Municipal,,X,,,,,,,,,,,,X,
2024,5732,City of Elbow Lake - (MN),Y,M,Municipal,,X,,,,,,,,,,,,X,
2024,5741,City of Eldorado - (OK),Y,M,Municipal,,,,,,,,,,,,,,X,
2024,5742,Eldridge City Utilities,Y,M,Municipal,,X,,,,,,,,,,,,X,
2024,5744,City of Electra - (TX),Y,M,Municipal,,X,,,,,,,,,,,,X,
2024,5752,Village of Eldorado - (OH),Y,M,Municipal,,,,,,,,,,,,,,X,
2024,5760,City of Elizabeth City - (NC),,M,Municipal,,X,,,X,,,,,,X,,X,X,X
2024,5762,Village of Elk Creek - (NE),Y,M,Municipal,,,,,,,,,,,,,,X,
2024,5763,City of Elizabethton - (TN),,M,Municipal,,X,,,X,X,,,,X,X,,X,X,X
2024,5771,City of Elk Point,Y,M,Municipal,,X,,,,,,,,,,,,X,
2024,5773,City of Elk River,,M,Municipal,,X,,X,X,X,X,,X,,X,X,X,X,X
2024,5777,City of Elkhorn - (WI),Y,M,Municipal,,X,,,,,,,,,,,,X,
2024,5780,Elkhorn Rural Public Pwr Dist,,P,Political Subdivision,,X,,X,X,,X,,X,,X,X,X,X,X
2024,5794,Town of Elkton,Y,M,Municipal,,X,,,,,,,,,,,,X,
2024,5795,City of Elsmore - (KS),Y,M,Municipal,,,,,,,,,,,,,,X,
2024,5796,City of Ellaville,Y,M,Municipal,,,,,,,,,,,,,,X,
2024,5802,City of Ellinwood - (KS),Y,M,Municipal,,X,,,,,,,,,,,,X,
2024,5827,City of Ellsworth - (IA),Y,M,Municipal,,,,,,,,,,,,,,X,
2024,5828,Borough of Ellwood City - (PA),Y,M,Municipal,,X,,,,,,,,,,,,X,
2024,5832,Elmhurst Mutual Power & Light Co,,C,Cooperative,,X,,,X,,X,,X,,X,,X,X,X
2024,5833,Village of Elmore - (OH),Y,M,Municipal,,,,,,,,,,,,,,X,
2024,5834,City of Elroy - (WI),Y,M,Municipal,,X,,,,,,,,,,,,X,
2024,5839,City of Elwood - (KS),Y,M,Municipal,,,,,,,,,,,,,,X,
2024,5841,City of Ely - (MN),Y,M,Municipal,,X,,,,,,,,,,,,X,
2024,5850,City of Emerson - (NE),Y,M,Municipal,,X,,,,,,,,,,,,X,
2024,5860,Empire District Electric Co,,I,Investor Owned,X,X,,,X,X,X,,X,,X,X,X,X,X
2024,5862,"Empire Electric Assn, Inc",,C,Cooperative,,X,,,X,X,X,,X,X,X,X,X,X,X
2024,5875,Village of Endicott - (NY),Y,M,Municipal,,X,,,,,,,,,,,,X,
2024,5880,"Energy Coop of New York, Inc",,R,Retail Power Marketer,X,,,X,,,,,,,X,,X,,X
2024,5896,Town of Enfield - (NC),Y,M,Municipal,,X,,,,,,,,,,,,X,
2024,5905,Excelsior Electric Member Corp,,C,Cooperative,,X,,X,X,,,,X,,X,X,X,X,X
2024,5915,Village of Enosburg Falls - (VT),Y,M,Municipal,,,,,,,,,,,,,,X,
2024,5919,City of Enterprise - (KS),Y,M,Municipal,,X,,,,,,,,,,,,X,
2024,5927,Village of Endicott - (NE),Y,M,Municipal,,,,,,,,,,,,,,X,
2024,5928,Town of Etna Green,Y,M,Municipal,,,,,,,,,,,,,,X,
2024,5929,"Fairfield Electric Coop, Inc",,C,Cooperative,,X,,,X,,,,,,X,X,X,X,X
2024,5930,Village of Fairport - (NY),,M,Municipal,,X,,,X,,X,,,,X,X,X,X,X
2024,5932,City of Ephraim - (UT),Y,M,Municipal,,X,,,,,,,,,,,,X,
2024,5935,Borough of Ephrata - (PA),Y,M,Municipal,,X,,,,,,,,,,,,X,
2024,5945,City of Erath - (LA),Y,M,Municipal,,,,,,,,,,,,,,X,
2024,5957,City of Erie - (KS),Y,M,Municipal,,X,,,,,,,,,,,,X,
2024,5961,Town of Erwin - (TN),,M,Municipal,,X,,,X,X,,,,X,X,X,X,X,X
2024,5964,"Escambia River Elec Coop, Inc",,C,Cooperative,,X,,,X,X,,,X,,X,,X,X,X
2024,5969,City of Escondido - (CA),,M,Municipal,,X,,,X,,,,,,X,,X,X,X
2024,5995,City of Estelline - (SD),Y,M,Municipal,,,,,,,,,,,,,,X,
2024,5997,Town of Estes Park,Y,M,Municipal,,X,,,,X,,,,,,,,X,
2024,5998,City of Estherville - (IA),Y,M,Municipal,,,,,,,,,,,,,,X,
2024,6008,City of Etowah,,M,Municipal,,X,,,X,X,,,,X,X,,X,X,X
2024,6019,City of Eudora - (KS),Y,M,Municipal,,X,,,,,,,,,,,,X,
2024,6022,City of Eugene - (OR),,M,Municipal,X,X,,,X,,X,,X,X,X,X,X,X,X
2024,6043,City of Evansville,,M,Municipal,,X,,,X,X,,,X,,X,,X,X,X
2024,6052,City of Evergreen - (AL),Y,M,Municipal,,X,,,,,,,,,,,,X,
2024,6112,"Farmers Electric Coop, Inc - (IA)",Y,C,Cooperative,,X,,,,X,,,,,,,,X,
2024,6127,City of Fairbank - (IA),Y,M,Municipal,,X,,,,,,,,,,,,X,
2024,6130,City of Fairburn - (GA),Y,M,Municipal,,X,,,,,,,,,,,,X,
2024,6132,City of Fairbury,Y,M,Municipal,,X,,,,,,,,,,,,X,
2024,6136,Village of Fairmont - (NE),Y,M,Municipal,,,,,,,,,,,,,,X,
2024,6138,City of Fairfax - (MN),Y,M,Municipal,,X,,,,,,,,,,,,X,
2024,6141,City of Fairfield- (IL),Y,M,Municipal,,X,,,,,,,,,,,,X,
2024,6145,City of Fairhope - (AL),Y,M,Municipal,,X,,,,,,,,,,,,X,
2024,6149,City of Ellensburg - (WA),,M,Municipal,,X,,,X,,,,X,X,X,,X,X,X
2024,6151,Fairmont Public Utilities Comm,Y,M,Municipal,,X,,,,,,,,,,,,X,
2024,6152,City of Fairview - (OK),Y,M,Municipal,,X,,,,,,,,,,,,X,
2024,6154,Fairview City Corporation,Y,M,Municipal,,X,,,,,,,,,,,,X,
2024,6155,"Farmers Electric Company, Ltd - (ID)",Y,C,Cooperative,,,,,,,,,,,,,,X,
2024,6157,City of Faith - (SD),Y,M,Municipal,,,,,,,,,,,,,,X,
2024,6168,Farmers Electric Coop - (IA),Y,C,Cooperative,,X,,,,,,,,,,,,X,
2024,6169,Fall River Rural Elec Coop Inc,,C,Cooperative,,X,,,X,,,,X,,X,X,X,X,X
2024,6172,City of Fallon - (NV),Y,M,Municipal,,X,,,,,,,,,,,,X,
2024,6173,Fannin County Electric Coop,,C,Cooperative,,X,,,X,,,,,,X,X,X,X,X
2024,6175,City of Falls City - (NE),Y,M,Municipal,,X,,,,,,,,,,,,X,
2024,6178,City of Falmouth - (KY),Y,M,Municipal,,X,,,,,,,,,,,,X,
2024,6181,"Farmers Electric Coop, Inc - (MO)",,C,Cooperative,,X,,,X,,,,X,,X,X,X,X,X
2024,6182,"Farmers Electric Coop, Inc - (TX)",,C,Cooperative,,X,,X,X,X,,,X,X,X,X,X,X,X
2024,6183,"Fayette Electric Coop, Inc",,C,Cooperative,,X,,,X,,,,X,,X,,X,X,X
2024,6192,City of Farmer City - (IL),Y,M,Municipal,,X,,,,,,,,,,,,X,
2024,6194,Farmers Rural Electric Coop Corp - (KY),,C,Cooperative,,X,,,X,,,,X,,X,X,X,X,X
2024,6198,"Farmers Electric Coop, Inc - (NM)",,C,Cooperative,,X,,,X,,X,,X,,X,X,X,X,X
2024,6203,City of Farmersville - (TX),Y,M,Municipal,,X,,,,,,,,,,,,X,
2024,6204,City of Farmington - (NM),,M,Municipal,X,X,,,X,,,,X,,X,X,X,X,X
2024,6205,City of Farmington - (MO),,M,Municipal,,X,,,X,,,,X,X,X,,X,X,X
2024,6206,Farmers Electric Coop Corp - (AR),Y,C,Cooperative,,X,,,,,,,,,,,,X,
2024,6207,Farmington River Power Company,,I,Investor Owned,X,,,,X,,,,,,X,,X,X,X
2024,6209,Town of Farmville - (NC),Y,M,Municipal,,X,,,,,,,,,,,,X,
2024,6210,City of Farnhamville - (IA),Y,M,Municipal,,X,,,,,,,,,,,,X,
2024,6231,City of Fayette - (MO),Y,M,Municipal,,,,,,,,,,,,,,X,
2024,6234,City of Fayetteville,,M,Municipal,,X,,,X,X,,,,X,X,X,X,X,X
2024,6235,Fayetteville Public Works Commission,,M,Municipal,X,X,,,X,X,,,X,X,X,X,X,X,X
2024,6258,Federated Rural Electric Assn,,C,Cooperative,,X,,,X,X,,,X,,X,X,X,X,X
2024,6272,"FEM Electric Assn, Inc",Y,C,Cooperative,,X,,,,,,,,,,,,X,
2024,6274,City of Fennimore - (WI),Y,M,Municipal,,X,,,,,,,,,,,,X,
2024,6276,Town of Ferdinand - (IN),Y,M,Municipal,,X,,,,,,,,,,,,X,
2024,6297,PUD No 1 of Ferry County,Y,P,Political Subdivision,,X,,,,,,,,,,,,X,
2024,6316,Fillmore City Corporation,Y,M,Municipal,,X,,,,,,,,,,,,X,
2024,6335,"Firelands Electric Coop, Inc",Y,C,Cooperative,,X,,,,,,,,,,,,X,
2024,6342,First Electric Coop Corp,,C,Cooperative,X,X,,X,X,,,,X,,X,X,X,X,X
2024,6369,Fishers Island Utility Co Inc,,I,Investor Owned,X,X,,,X,,,,,,X,,X,X,X
2024,6374,Fitchburg Gas & Elec Light Co,,I,Investor Owned,X,X,,X,X,X,X,,X,X,X,X,X,X,X
2024,6380,Fitzgerald Wtr Lgt & Bond Comm,Y,M,Municipal,,X,,,,,,,,,,,,X,
2024,6389,Energy Harbor Generation LLC,,W,Wholesale Power Marketer,,,,,,,,X,,,X,,,,X
2024,6390,City of Flandreau,Y,M,Municipal,,X,,,,,,,,,,,,X,
2024,6395,Flathead Electric Coop Inc,,C,Cooperative,X,X,,X,X,X,X,,X,X,X,X,X,X,X
2024,6396,City of Flatonia - (TX),Y,M,Municipal,,,,,,,,,,,,,,X,
2024,6411,Flint Electric Membership Corp,,C,Cooperative,,X,,X,X,X,,,X,,X,X,X,X,X
2024,6417,City of Flora - (IL),Y,M,Municipal,,X,,,,,,,,,,,,X,
2024,6418,Town of Fleming - (CO),Y,M,Municipal,,,,,,,,,,,,,,X,
2024,6422,City of Florence - (AL),,M,Municipal,X,X,,,X,X,,,,X,X,,X,X,X
2024,6424,Florence Utility Comm,,M,Municipal,,X,,,X,X,,,X,,X,X,X,X,X
2024,6425,Flora Utilities,Y,M,Municipal,,X,,,,,,,,,,,,X,
2024,6427,City of Floresville,,M,Municipal,,X,,,X,,,,X,,X,X,X,X,X
2024,6431,"Flint Hills Rural E C A, Inc",Y,C,Cooperative,,X,,,,X,,,,,,,,X,
2024,6442,Fleming-Mason Energy Coop Inc,,C,Cooperative,,X,,,X,X,,,X,X,X,X,X,X,X
2024,6443,"Florida Keys El Coop Assn, Inc",,C,Cooperative,,X,,,X,,,,X,,X,X,X,X,X
2024,6452,Florida Power & Light Co,,I,Investor Owned,X,X,,X,X,,X,,X,X,X,X,X,X,X
2024,6455,"Duke Energy Florida, LLC",,I,Investor Owned,X,X,,X,X,X,X,,X,X,X,X,X,X,X
2024,6457,Florida Public Utilities Co,,I,Investor Owned,X,X,,,X,X,X,,X,,X,X,X,X,X
2024,6458,Energy Harbor Corp.,,R,Retail Power Marketer,X,,,,,,,X,,,X,,X,,X
2024,6472,City of Floydada - (TX),Y,M,Municipal,,,,,,,,,,,,,,X,
2024,6491,Foley Board of Utilities,,M,Municipal,,X,,,X,,,,X,,X,X,X,X,X
2024,6496,City of Fonda - (IA),Y,M,Municipal,,X,,,,,,,,,,,,X,
2024,6501,City of Fontanelle - (IA),Y,M,Municipal,,X,,,,,,,,,,,,X,
2024,6509,Town of Fort Laramie- (WY),Y,M,Municipal,,X,,,,,,,,,,,,X,
2024,6567,Florida Municipal Power Agency,,M,Municipal,,,,,,,,,,,X,,,,X
2024,6579,City of Forest City- (IA),Y,M,Municipal,,X,,,,,,,,,,,,X,
2024,6580,Town of Forest City,Y,M,Municipal,,X,,,,,,,,,,,,X,
2024,6582,City of Forest Grove,,M,Municipal,,X,,,X,,,,X,,X,X,X,X,X
2024,6598,City of Forsyth - (GA),Y,M,Municipal,,X,,,,,,,,,,,,X,
2024,6604,City of Fort Collins - (CO),,M,Municipal,X,X,,X,X,X,X,,X,X,X,X,X,X,X
2024,6608,Fort Loudoun Electric Coop,,C,Cooperative,,X,,,X,X,,,,X,X,X,X,X,X
2024,6609,City of Fort Meade - (FL),Y,M,Municipal,,X,,,,,,,,,,,,X,
2024,6610,City of Fort Morgan,,M,Municipal,,X,,,X,,,,,,X,,X,X,X
2024,6611,Fort Belknap Electric Coop Inc,Y,C,Cooperative,,X,,,,,,,,,,,,X,
2024,6612,Fort Payne Improvement Authority,,M,Municipal,,X,,,X,X,,,,X,X,,X,X,X
2024,6613,Town of Fountain - (NC),Y,M,Municipal,,,,,,,,,,,,,,X,
2024,6615,City of Fort Pierre - (SD),Y,M,Municipal,,X,,,,,,,,,,,,X,
2024,6616,Fort Pierce Utilities Authority,,M,Municipal,,X,,,X,,X,,X,,X,X,X,X,X
2024,6617,Fort Valley Utility Comm,Y,M,Municipal,,X,,,,,,,,,,,,X,
2024,6618,Town of Fort Supply - (OK),Y,M,Municipal,,,,,,,,,,,,,,X,
2024,6627,City of Fosston - (MN),Y,M,Municipal,,X,,,,,,,,,,,,X,
2024,6638,City of Fountain,,M,Municipal,,X,,,X,X,,,X,,X,X,X,X,X
2024,6640,Four County Elec Member Corp,,C,Cooperative,,X,,,X,X,X,,X,,X,X,X,X,X
2024,6641,4-County Electric Power Assn,,C,Cooperative,X,X,,,X,X,,,,X,X,X,X,X,X
2024,6707,City of Frankfort - (IN),,M,Municipal,,X,,,X,,,,,,X,,X,X,X
2024,6708,City of Frankfort - (KY),,M,Municipal,,X,,,X,,,,X,,X,X,X,X,X
2024,6709,Easley Combined Utility System,,M,Municipal,,X,,X,X,X,,,X,X,X,X,X,X,X
2024,6710,Town of Edenton - (NC),Y,M,Municipal,,X,,,,,,,,,,,,X,
2024,6711,Village of Frankfort - (NY),Y,M,Municipal,,X,,,,X,,,,,,,,X,
2024,6715,City of Franklin - (VA),Y,M,Municipal,,X,,,,,,,,,,,,X,
2024,6716,PUD No 1 of Franklin County,,P,Political Subdivision,,X,,,X,,X,,X,,X,X,X,X,X
2024,6717,Franklin Electric Coop - (AL),,C,Cooperative,,X,,,X,X,,,,,X,,X,X,X
2024,6718,City of Franklin - (KY),,M,Municipal,,X,,,X,X,,,,,X,,X,X,X
2024,6722,Franklin Rural Electric Coop - (IA),Y,C,Cooperative,,X,,,,,,,,,,,,X,
2024,6723,City of Franklin - (NE),Y,M,Municipal,,X,,,,,,,,,,,,X,
2024,6735,Town of Frankton - (IN),Y,M,Municipal,,,,,,,,,,,,,,X,
2024,6750,City of Frederick - (OK),Y,M,Municipal,,X,,,,,,,,,,,,X,
2024,6753,City of Fredonia - (AZ),Y,M,Municipal,,,,,,,,,,,,,,X,
2024,6758,City of Fredericksburg - (TX),Y,M,Municipal,,X,,,,,,,,,,,,X,
2024,6759,City of Fredericksburg - (IA),Y,M,Municipal,,,,,,,,,,,,,,X,
2024,6761,City of Fredericktown - (MO),Y,M,Municipal,,X,,,,,,,,,,,,X,
2024,6762,City of Fredonia - (KS),Y,M,Municipal,,X,,,,,,,,,,,,X,
2024,6764,Village of Freeburg - (IL),Y,M,Municipal,,X,,,,,,,,,,,,X,
2024,6775,Village of Freeport - (NY),,M,Municipal,,X,,,X,,,,,,X,X,X,X,X
2024,6779,City of Fremont - (NE),,M,Municipal,X,X,,,X,,,,X,,X,X,X,X,X
2024,6780,Town of Fremont - (NC),Y,M,Municipal,,X,,,,,,,,,,,,X,
2024,6782,Freeborn Mower Electric Cooperative,,C,Cooperative,,X,,X,X,X,X,,X,,X,X,X,X,X
2024,6784,French Broad Elec Member Corp,,C,Cooperative,,X,,,X,,X,,X,X,X,X,X,X,X
2024,6803,Town of Front Royal,Y,M,Municipal,,,,,,,,,,,,,,X,
2024,6804,Frontier Power Company,Y,C,Cooperative,,X,,,,,,,,,,,,X,
2024,6839,City of Fulton - (MO),Y,M,Municipal,,X,,,,,,,,,,,,X,
2024,6840,City of Fulton - (KY),,M,Municipal,,X,,,X,,,,,X,X,,X,X,X
2024,6848,Fulton County Rural E M C,Y,C,Cooperative,,X,,,,,,,,,,,,X,
2024,6866,"G & K, Inc",Y,I,Investor Owned,,,,,,,,,,,,,,X,
2024,6894,City of Gaffney - (SC),,M,Municipal,,X,,,X,,,,X,X,X,X,X,X,X
2024,6907,City of Greendale,Y,M,Municipal,,X,,,,,,,,,,,,X,
2024,6909,Gainesville Regional Utilities,,M,Municipal,,X,,,X,X,X,,X,X,X,X,X,X,X
2024,6914,City of Galion,Y,M,Municipal,,,,,,,,,,,,,,X,
2024,6915,Galena Electric Utility,Y,M,Municipal,,,,,,,,,,,,,,X,
2024,6923,City of Gallatin - (TN),,M,Municipal,,X,,,X,X,,,,X,X,X,X,X,X
2024,6924,City of Gallatin - (MO),Y,M,Municipal,,X,,,,,,,,,,,,X,
2024,6930,City of Gallup - (NM),Y,M,Municipal,,X,,,,,,,,,,,,X,
2024,6931,City of Galva - (KS),Y,M,Municipal,,,,,,,,,,,,,,X,
2024,6941,City of Garden City,,M,Municipal,,X,,,X,,,,,,X,X,X,X,X
2024,6949,City of Gardner - (KS),Y,M,Municipal,,X,,,,,,,,,,,,X,
2024,6950,Garland Light & Power Company,Y,C,Cooperative,,X,,,,,,,,,,,,X,
2024,6957,"Garkane Energy Coop, Inc",,C,Cooperative,,X,,,X,X,,,X,,X,X,X,X,X
2024,6958,City of Garland - (TX),,M,Municipal,,X,,,X,,,,,,X,X,X,X,X
2024,6965,City of Garnett - (KS),Y,M,Municipal,,,,,,,,,,,,,,X,
2024,6970,City of Garrett,Y,M,Municipal,,X,,,,,,,,,,,,X,
2024,6993,City of Gas City - (IN),Y,M,Municipal,,X,,,,,,,,,,,,X,
2024,7004,"Buckeye Power, Inc",,C,Cooperative,,,,X,,,X,,X,X,X,,,,X
2024,7024,Gascosage Electric Coop,,C,Cooperative,,X,,,X,,,,X,,X,,X,X,X
2024,7027,City of Gastonia - (NC),,M,Municipal,,X,,,X,X,,,,X,X,X,X,X,X
2024,7048,City of Geary - (OK),Y,M,Municipal,,,,,,,,,,,,,,X,
2024,7084,City of Declo - (ID),Y,M,Municipal,,X,,,,,,,,,,,,X,
2024,7090,GreyStone Power Corporation,,C,Cooperative,,X,,X,X,,,,X,X,X,X,X,X,X
2024,7095,City of Geneseo - (IL),Y,M,Municipal,,X,,,,,,,,,,,,X,
2024,7096,City of Geneva- (IL),,M,Municipal,,X,,,X,X,,,X,,X,X,X,X,X
2024,7100,Village of Genoa - (OH),Y,M,Municipal,,X,,,,,,,,,,,,X,
2024,7128,City of Georgetown - (SC),Y,M,Municipal,,X,,,,,,,,,,,,X,
2024,7129,City of Georgetown - (TX),,M,Municipal,,X,,,X,,,,X,,X,X,X,X,X
2024,7130,Town of Georgetown - (MA),Y,M,Municipal,,X,,,,,,,,,,,,X,
2024,7131,Village of Georgetown - (OH),Y,M,Municipal,,X,,,,,,,,,,,,X,
2024,7140,Georgia Power Co,,I,Investor Owned,X,X,,X,X,X,X,,X,X,X,X,X,X,X
2024,7149,City of Gering - (NE),Y,M,Municipal,,X,,,,,,,,,,,,X,
2024,7174,Gibson Electric Members Corp,,C,Cooperative,X,X,,,X,X,,,,X,X,X,X,X,X
2024,7184,City of Giddings - (TX),Y,M,Municipal,,X,,,,,,,,,,,,X,
2024,7194,City of Gilbert,Y,M,Municipal,,,,,,,,,,,,,,X,
2024,7197,Georgia Transmission Corp,,T,Transmission,,,,,,,,,,,X,,,,X
2024,7200,City of Gilman City - (MO),Y,M,Municipal,,X,,,,,,,,,,,,X,
2024,7222,City of Gillette - (WY),,M,Municipal,X,X,,,X,,,,X,,X,X,X,X,X
2024,7249,City of Giltner - (NE),Y,M,Municipal,,X,,,,,,,,,,,,X,
2024,7256,Borough of Girard - (PA),Y,M,Municipal,,,,,,,,,,,,,,X,
2024,7257,City of Girard - (KS),Y,M,Municipal,,X,,,,,,,,,,,,X,
2024,7262,"Glacier Electric Coop, Inc",Y,C,Cooperative,,X,,,,,,,,,,,,X,
2024,7264,"Glades Electric Coop, Inc",,C,Cooperative,,X,,,X,X,X,,X,X,X,X,X,X,X
2024,7265,City of Gladstone,,M,Municipal,,X,,,X,,,,X,,X,,X,X,X
2024,7269,City of Glasco - (KS),Y,M,Municipal,,,,,,,,,,,,,,X,
2024,7270,City of Glasgow - (KY),,M,Municipal,,X,,,X,X,,,,X,X,X,X,X,X
2024,7279,"NextEra Energy Services, LLC",,R,Retail Power Marketer,X,,,,,X,,,,,X,,X,,X
2024,7287,City of Glen Elder - (KS),Y,M,Municipal,,,,,,,,,,,,,,X,
2024,7292,Glencoe Light & Power Comm,,M,Municipal,,X,,,X,,X,,X,,X,,X,X,X
2024,7294,City of Glendale - (CA),,M,Municipal,,X,,X,X,X,X,,X,X,X,X,X,X,X
2024,7295,City of Glidden - (IA),Y,M,Municipal,,X,,,,,,,,,,,,X,
2024,7300,City of Glenwood Springs - (CO),Y,M,Municipal,,X,,,,,,,,,,,,X,
2024,7303,Raccoon Valley Electric Cooperative,Y,C,Cooperative,,X,,,,,,,,,,,,X,
2024,7311,Village of Glouster - (OH),Y,M,Municipal,,X,,,,,,,,,,,,X,
2024,7318,"Goldenwest Electric Coop, Inc",Y,C,Cooperative,,X,,,,,,,,,,,,X,
2024,7349,"Golden Spread Electric Cooperative, Inc",,C,Cooperative,,,,X,,,,,,,X,,,,X
2024,7353,Golden Valley Elec Assn Inc,,C,Cooperative,X,X,,,X,,,,X,X,X,X,X,X,X
2024,7359,Borough of Goldsboro - (PA),Y,M,Municipal,,,,,,,,,,,,,,X,
2024,7368,City of Goldthwaite - (TX),Y,M,Municipal,,X,,,,,,,,,,,,X,
2024,7370,City of Gonzales - (TX),Y,M,Municipal,,X,,,,,,,,,,,,X,
2024,7374,City of Goodland - (KS),Y,M,Municipal,,X,,,,,,,,,,,,X,
2024,7411,City of Gothenburg - (NE),Y,M,Municipal,,X,,,,,,,,,,,,X,
2024,7419,City of Goldsmith - (TX),Y,M,Municipal,,,,,,,,,,,,,,X,
2024,7424,Gowrie Municipal Utilities,Y,M,Municipal,,X,,,,,,,,,,,,X,
2024,7441,Goltry Public Works Authority,Y,M,Municipal,,,,,,,,,,,,,,X,
2024,7442,Grafton Electric - (IA),Y,M,Municipal,,,,,,,,,,,,,,X,
2024,7443,City of Graettinger - (IA),Y,M,Municipal,,,,,,,,,,,,,,X,
2024,7444,City of Grafton - (ND),Y,M,Municipal,,,,,,,,,,,,,,X,
2024,7445,Village of Grafton - (OH),Y,M,Municipal,,,,,,,,,,,,,,X,
2024,7450,Grady Electric Membership Corp,,C,Cooperative,,X,,,X,,,,X,,X,X,X,X,X
2024,7456,Graham County Electric Coop Inc,Y,C,Cooperative,,X,,,,,,,,,,,,X,
2024,7460,Goodhue County Coop Elec Assn,Y,C,Cooperative,,X,,,,,,,,,,,,X,
2024,7478,Town of Granada - (CO),Y,M,Municipal,,,,,,,,,,,,,,X,
2024,7480,City of Granbury - (TX),Y,M,Municipal,,X,,,,,,,,,,,,X,
2024,7483,City of Grand Haven - (MI),,M,Municipal,,X,,,X,X,X,,X,,X,X,X,X,X
2024,7484,"Grand Electric Coop, Inc",Y,C,Cooperative,,X,,,,,,,,,,,,X,
2024,7485,City of Grant - (NE),Y,M,Municipal,,,,,,,,,,,,,,X,
2024,7486,City of Grand Junction - (IA),Y,M,Municipal,,,,,,,,,,,,,,X,
2024,7487,City of Grand Marais - (MN),Y,M,Municipal,,X,,,,,,,,,,,,X,
2024,7489,Grand Rapids Public Util Comm,Y,M,Municipal,,X,,,,X,,,,,,,,X,
2024,7490,Grand River Dam Authority,,S,State,X,X,,X,X,X,,,,,X,X,X,X,X
2024,7494,City of Granite Falls - (MN),Y,M,Municipal,,X,,,,,,,,,,,,X,
2024,7496,Town of Granite Falls - (NC),Y,M,Municipal,,,,,,X,,,,,,,,X,
2024,7501,City of Granite - (OK),Y,M,Municipal,,,,,,,,,,,,,,X,
2024,7515,City of Grantville - (GA),Y,M,Municipal,,X,,,,,,,,,,,,X,
2024,7548,PUD No 1 of Grays Harbor County,,P,Political Subdivision,,X,,,X,,X,,X,,X,X,X,X,X
2024,7554,Green Mountain Energy Company,,R,Retail Power Marketer,X,,,,,,,,,,X,,X,,X
2024,7558,Grayson Rural Electric Coop Corp,,C,Cooperative,,X,,,X,X,,,X,,X,X,X,X,X
2024,7559,"Grayson-Collin Elec Coop, Inc",,C,Cooperative,,X,,,X,,,,X,,X,X,X,X,X
2024,7561,"Greenbelt Electric Coop, Inc",,C,Cooperative,,X,,,X,,,,,,X,,X,X,X
2024,7563,Grand Valley Power,,C,Cooperative,,X,,,X,X,X,,X,X,X,X,X,X,X
2024,7570,Great River Energy,,C,Cooperative,,,,X,,,X,,,,X,,,,X
2024,7593,City of Green Cove Springs,Y,M,Municipal,,X,,,,,,,,,,,,X,
2024,7600,Village of Green Island - (NY),Y,M,Municipal,,X,,,,,,,,,,,,X,
2024,7601,Green Mountain Power Corp,,I,Investor Owned,X,X,,X,X,X,,,X,X,X,X,X,X,X
2024,7624,Village of Greene - (NY),Y,M,Municipal,,X,,,,,,,,,,,,X,
2024,7625,City of Greeneville - (TN),,M,Municipal,X,X,,,X,X,,,,X,X,X,X,X,X
2024,7626,City of Greenfield - (IA),Y,M,Municipal,,X,,,,,,,,,,,,X,
2024,7627,City of Greenfield - (IN),,M,Municipal,,X,,,X,,,,,,X,X,X,X,X
2024,7630,Village of Greenport - (NY),Y,M,Municipal,,,,,,,,,,,,,,X,
2024,7631,City of Greensburg - (KS),Y,M,Municipal,,,,,,,,,,,,,,X,
2024,7633,Village of Greenup - (IL),Y,M,Municipal,,X,,,,,,,,,,,,X,
2024,7634,City of Greenville - (TX),,M,Municipal,,X,,X,X,X,X,,,,X,X,X,X,X
2024,7639,Greenville Utilities Comm,,M,Municipal,,X,,,X,,,,X,,X,X,X,X,X
2024,7643,Village of Greenwich - (OH),Y,M,Municipal,,,,,,,,,,,,,,X,
2024,7646,Greenwood CPW,,M,Municipal,,X,,,X,,,,,,X,X,X,X,X
2024,7650,Village of Greenwood - (NE),Y,M,Municipal,,X,,,,,,,,,,,,X,
2024,7651,Greenwood Utilities Comm,,M,Municipal,,X,,,X,,,,,,X,,X,X,X
2024,7654,Greer Commission of Public Wks,,M,Municipal,,X,,,X,,,,X,,X,X,X,X,X
2024,7665,Village of Gresham - (WI),Y,M,Municipal,,X,,,,,,,,,,,,X,
2024,7677,City of Gridley - (CA),Y,M,Municipal,,X,,,,,,,,,,,,X,
2024,7679,City of Griffin - (GA),,M,Municipal,,X,,,X,,,,,X,X,,X,X,X
2024,7712,City of Groton - (SD),Y,M,Municipal,,X,,,,,,,,,,,,X,
2024,7713,Village of Groton - (NY),Y,M,Municipal,,,,,,,,,,,,,,X,
2024,7715,Town of Groton - (MA),Y,M,Municipal,,X,,,,X,,,,,,,,X,
2024,7716,Groton Dept of Utilities - (CT),,M,Municipal,X,X,,,X,,X,,X,,X,X,X,X,X
2024,7719,Borough of Grove City - (PA),Y,M,Municipal,,X,,,,,,,,,,,,X,
2024,7720,"Grundy Electric Coop, Inc",Y,C,Cooperative,,X,,,,,,,,,,,,X,
2024,7723,Town of Groveland - (MA),Y,M,Municipal,,X,,,,,,,,,,,,X,
2024,7732,City of Grove City,Y,M,Municipal,,X,,,,,,,,,,,,X,
2024,7743,Grundy Center Mun Light & Power,Y,M,Municipal,,,,,,,,,,,,,,X,
2024,7750,Guthrie County Rural E C A,Y,C,Cooperative,,X,,,,,,,,,,,,X,
2024,7751,Guadalupe Blanco River Authority,,S,State,,,,,,,,,,,X,,,,X
2024,7752,Guadalupe Valley Elec Coop Inc,,C,Cooperative,,X,,X,X,X,,,X,,X,X,X,X,X
2024,7759,Town of Guernsey - (WY),Y,M,Municipal,,,,,,,,,,,,,,X,
2024,7760,Town of Gueydan,Y,M,Municipal,,,,,,,,,,,,,,X,
2024,7785,"Gulf Coast Electric Coop, Inc",,C,Cooperative,,X,,X,X,,X,,X,,X,X,X,X,X
2024,7787,Gunnison County Elec Assn.,Y,C,Cooperative,,X,,,,X,,,,,,,,X,
2024,7826,City of Gunnison - (CO),Y,M,Municipal,,X,,,,X,,,,,,,,X,
2024,7827,Guntersville Electric Board,,M,Municipal,,X,,,X,X,,,,X,X,,X,X,X
2024,7833,Gwitchyaa Zhee Utility Co,Y,I,Investor Owned,,,,,,,,,,,,,,X,
2024,7837,City of Guttenberg,Y,M,Municipal,,,,,,,,,,,,,,X,
2024,7864,Grundy County Rural Elec Coop,Y,C,Cooperative,,X,,,,,,,,,,,,X,
2024,7870,H-D Electric Coop Inc,Y,C,Cooperative,,X,,,,,,,,,,,,X,
2024,7887,Habersham Electric Membership Corp,,C,Cooperative,,X,,,X,,,,X,,X,X,X,X,X
2024,7891,Guernsey-Muskingum El Coop Inc,,C,Cooperative,,X,,,X,,,,X,,X,X,X,X,X
2024,7907,City of Hagerstown - (IN),Y,M,Municipal,,X,,,,,,,,,,,,X,
2024,7908,Hagerstown Light Department,,M,Municipal,,X,,,X,,,,X,,X,,X,X,X
2024,7958,City of Hallettsville - (TX),Y,M,Municipal,,X,,,,,,,,,,,,X,
2024,7969,City of Halstad - (MN),Y,M,Municipal,,,,,,,,,,,,,,X,
2024,7973,Village of Hamersville - (OH),Y,M,Municipal,,,,,,,,,,,,,,X,
2024,7977,City of Hamilton - (OH),,M,Municipal,,X,,X,X,X,,,,X,X,X,X,X,X
2024,7978,Halifax Electric Member Corp,Y,C,Cooperative,,X,,,,,,,,,,,,X,
2024,7979,Hamilton County Elec Coop Assn,,C,Cooperative,,X,,,X,,,,X,,X,,X,X,X
2024,7995,Village of Hamilton - (NY),Y,M,Municipal,,,,,,,,,,,,,,X,
2024,7996,Town of Hamilton - (NC),Y,M,Municipal,,,,,,,,,,,,,,X,
2024,8000,NineStar Connect,,C,Cooperative,,X,,,X,X,,,X,,X,X,X,X,X
2024,8022,City of Hampton - (GA),Y,M,Municipal,,X,,,,,,,,,,,,X,
2024,8034,Hancock-Wood Electric Coop Inc,,C,Cooperative,,X,,,X,X,,,,,X,X,X,X,X
2024,8055,City of Hannibal - (MO),,M,Municipal,,X,,,X,,,,X,,X,X,X,X,X
2024,8063,Village of Hampton - (NE),Y,M,Municipal,,,,,,,,,,,,,,X,
2024,8083,City of Harbor Springs - (MI),Y,M,Municipal,,X,,,,,,,,,,,,X,
2024,8104,Town of Hardwick,Y,M,Municipal,,,,,,,,,,,,,,X,
2024,8122,Harlan Municipal Utilities - (IA),Y,M,Municipal,,X,,,,X,,,,,,,,X,
2024,8131,City of Harmony - (MN),Y,M,Municipal,,X,,,,,,,,,,,,X,
2024,8139,Harquahala Valley Pwr District,Y,P,Political Subdivision,,,,,,,,,,,,,,X,
2024,8147,City of Harriman - (TN),,M,Municipal,,X,,,X,X,,,,X,X,X,X,X,X
2024,8179,Harrison County Rural E M C,,C,Cooperative,,X,,X,X,X,,,X,X,X,X,X,X,X
2024,8183,Harmon Electric Assn Inc,Y,C,Cooperative,,X,,,,,,,,,,,,X,
2024,8192,"Harrison Rural Elec Assn, Inc",Y,C,Cooperative,,X,,,,,,,,,,,,X,
2024,8198,City of Harrisonburg - (VA),,M,Municipal,,X,,,X,,,,X,,X,X,X,X,X
2024,8199,City of Harrisonville - (MO),Y,M,Municipal,,X,,,,,,,,,,,,X,
2024,8205,City of Hart Hydro - (MI),Y,M,Municipal,,X,,,,,,,,,,,,X,
2024,8209,City of Hartford - (AL),Y,M,Municipal,,X,,,,,,,,,,,,X,
2024,8210,Hart Electric Member Corp,,C,Cooperative,,X,,X,X,,,,X,,X,X,X,X,X
2024,8212,Hartford Electric,,M,Municipal,,X,,,X,X,,,X,,X,X,X,X,X
2024,8214,City of Hartley - (IA),Y,M,Municipal,,X,,,,,,,,,,,,X,
2024,8226,City of Hartselle,,M,Municipal,,X,,,X,X,,,,,X,,X,X,X
2024,8240,Village of Haskins - (OH),Y,M,Municipal,,X,,,,,,,,,,,,X,
2024,8245,City of Hastings - (NE),,M,Municipal,X,X,,,X,,,,X,,X,X,X,X,X
2024,8254,Borough of Hatfield- (PA),Y,M,Municipal,,X,,,,,,,,,,,,X,
2024,8276,Havana Power & Light Company,Y,M,Municipal,,,,,,,,,,,,,,X,
2024,8279,City of Haven - (KS),Y,M,Municipal,,,,,,,,,,,,,,X,
2024,8283,Harrison County Rrl Elec Coop,Y,C,Cooperative,,X,,,,,,,,,,,,X,
2024,8287,Hawaii Electric Light Co Inc,,I,Investor Owned,X,X,,X,X,X,,,X,X,X,X,X,X,X
2024,8288,City of Hawarden - (IA),Y,M,Municipal,,X,,,,,,,,,,,,X,
2024,8307,Hawley Public Utilities Comm,Y,M,Municipal,,X,,,,,,,,,,,,X,
2024,8311,Town of Haxtun - (CO),Y,M,Municipal,,,,,,,,,,,,,,X,
2024,8319,Heartland Power Coop,,C,Cooperative,,X,,X,X,X,X,,X,X,X,X,X,X,X
2024,8333,Haywood Electric Member Corp,,C,Cooperative,,X,,X,X,X,X,,X,X,X,X,X,X,X
2024,8336,Village of Hazel Green - (WI),Y,M,Municipal,,,,,,,,,,,,,,X,
2024,8348,City of Healdsburg - (CA),Y,M,Municipal,,X,,,,X,,,,,,,,X,
2024,8359,City of Hearne - (TX),Y,M,Municipal,,,,,,,,,,,,,,X,
2024,8366,Heber Light & Power Company,Y,M,Municipal,,X,,,,X,,,,,,,,X,
2024,8379,City of Hecla,Y,M,Municipal,,,,,,,,,,,,,,X,
2024,8428,City of Helper - (UT),Y,M,Municipal,,X,,,,,,,,,,,,X,
2024,8430,Village of Hemingford - (NE),Y,M,Municipal,,,,,,,,,,,,,,X,
2024,8432,City of Hemphill - (TX),Y,M,Municipal,,X,,,,,,,,,,,,X,
2024,8435,City of Hempstead - (TX),Y,M,Municipal,,X,,,,,,,,,,,,X,
2024,8447,Hendricks County Rural E M C,,C,Cooperative,,X,,,X,X,,,X,,X,X,X,X,X
2024,8449,Henderson City Utility Comm,,M,Municipal,,X,,,X,,X,,X,,X,X,X,X,X
2024,8459,City of Henning - (MN),Y,M,Municipal,,X,,,,,,,,,,,,X,
2024,8466,Henry County Rural E M C,Y,C,Cooperative,,X,,,,,,,,,,,,X,
2024,8490,City of Herington - (KS),Y,M,Municipal,,X,,,,,,,,,,,,X,
2024,8493,City of Hermann,Y,M,Municipal,,X,,,,,,,,,,,,X,
2024,8497,City of Herndon,Y,M,Municipal,,,,,,,,,,,,,,X,
2024,8515,City of Hermiston,Y,M,Municipal,,X,,,,,,,,,,,,X,
2024,8517,City of Hertford - (NC),Y,M,Municipal,,X,,,,,,,,,,,,X,
2024,8532,City of Heyburn - (ID),Y,M,Municipal,,X,,,,,,,,,,,,X,
2024,8543,Hibbing Public Utilities Comm,Y,M,Municipal,,,,,,,,,,,,,,X,
2024,8548,City of Hickman,,M,Municipal,,X,,,X,,,,,X,X,,X,X,X
2024,8566,High Plains Power Inc,,C,Cooperative,X,X,,,X,X,X,,X,,X,X,X,X,X
2024,8567,City of Higginsville - (MO),Y,M,Municipal,,X,,,,,,,,,,,,X,
2024,8570,Highline Electric Assn,,C,Cooperative,,X,,X,X,X,X,,X,,X,,X,X,X
2024,8571,Town of High Point,,M,Municipal,,X,,,X,X,,,,X,X,X,X,X,X
2024,8573,City of Highland,Y,M,Municipal,,X,,,,,,,,,,,,X,
2024,8574,"Jackson Electric Coop, Inc - (WI)",Y,C,Cooperative,,X,,,,X,,,,,,,,X,
2024,8579,City of Highlands - (NC),Y,M,Municipal,,X,,,,,,,,,,,,X,
2024,8599,City of Hill City,Y,M,Municipal,,X,,,,,,,,,,,,X,
2024,8610,City of Hinton,Y,M,Municipal,,X,,,,,,,,,,,,X,
2024,8620,"HILCO Electric Cooperative, Inc.",,C,Cooperative,,X,,,X,,X,,X,,X,X,X,X,X
2024,8628,City of Hillsboro - (ND),Y,M,Municipal,,X,,,,,,,,,,,,X,
2024,8629,City of Hillsboro - (KS),Y,M,Municipal,,X,,,,,,,,,,,,X,
2024,8631,Hillsdale Board of Public Wks,Y,M,Municipal,,X,,,,,,,,,,,,X,
2024,8632,"Hill County Electric Coop, Inc",Y,C,Cooperative,,X,,,,,,,,,,,,X,
2024,8677,Town of Hobgood,Y,M,Municipal,,,,,,,,,,,,,,X,
2024,8698,City of Hogansville - (GA),Y,M,Municipal,,X,,,,,,,,,,,,X,
2024,8699,Inland Power & Light Company,,C,Cooperative,,X,,,X,X,X,,X,,X,X,X,X,X
2024,8700,Hohokam Irr & Drain Dist,Y,P,Political Subdivision,,X,,,,,,,,,,,,X,
2024,8703,City of Hoisington - (KS),Y,M,Municipal,,X,,,,,,,,,,,,X,
2024,8714,Town of Holden - (UT),Y,M,Municipal,,,,,,,,,,,,,,X,
2024,8715,Town of Holden - (MA),Y,M,Municipal,,X,,,,,,,,,,,,X,
2024,8717,City of Holdrege,Y,M,Municipal,,X,,,,,,,,,,,,X,
2024,8723,City of Holland,,M,Municipal,,X,,,X,X,X,,X,,X,X,X,X,X
2024,8733,Village of Holley - (NY),Y,M,Municipal,,X,,,,,,,,,,,,X,
2024,8748,City of Holly Springs,,M,Municipal,,X,,,X,,,,,,X,,X,X,X
2024,8751,Town of Holly - (CO),Y,M,Municipal,,,,,,,,,,,,,,X,
2024,8761,Holmes-Wayne Electric Coop Inc,,C,Cooperative,,X,,,X,,,,X,,X,X,X,X,X
2024,8764,"Holston Electric Coop, Inc",,C,Cooperative,,X,,,X,X,,,,X,X,X,X,X,X
2024,8770,City of Holton - (KS),Y,M,Municipal,,,,,,,,,,,,,,X,
2024,8773,"Holy Cross Electric Assn, Inc",,C,Cooperative,,X,,X,X,X,X,,X,X,X,X,X,X,X
2024,8774,City of Holyoke - (MA),,M,Municipal,X,X,,,X,,X,,X,X,X,X,X,X,X
2024,8777,City of Holyoke - (CO),Y,M,Municipal,,,,,,,,,,,,,,X,
2024,8780,"Fox Islands Electric Coop, Inc",Y,C,Cooperative,,X,,,,,,,,,,,,X,
2024,8781,City of Holyrood - (KS),Y,M,Municipal,,,,,,,,,,,,,,X,
2024,8786,Horry Electric Coop Inc,,C,Cooperative,,X,,,X,,,,X,,X,X,X,X,X
2024,8795,City of Homestead - (FL),,M,Municipal,,X,,,X,,,,X,,X,X,X,X,X
2024,8796,City of Hingham - (MA),Y,M,Municipal,,X,,,,,,,,,,,,X,
2024,8797,Hull Municipal Light Plant,Y,M,Municipal,,X,,,,,,,,,,,,X,
2024,8799,City of Hominy - (OK),Y,M,Municipal,,X,,,,,,,,,,,,X,
2024,8801,City of Hondo - (TX),Y,M,Municipal,,X,,,,,,,,,,,,X,
2024,8824,M J M Electric Cooperative Inc,Y,C,Cooperative,,X,,,,,,,,,,,,X,
2024,8825,Town of Hookerton - (NC),Y,M,Municipal,,X,,,,,,,,,,,,X,
2024,8826,Hooversville Boro Elec Lgt Co,Y,M,Municipal,,,,,,,,,,,,,,X,
2024,8830,Hood River Electric Coop,Y,C,Cooperative,,X,,,,,,,,,,,,X,
2024,8840,City of Hope - (AR),,M,Municipal,,X,,,X,,,,X,,X,X,X,X,X
2024,8846,City of Hopkinsville,,M,Municipal,,X,,,X,X,,,,X,X,,X,X,X
2024,8847,City of Hopkinton - (IA),Y,M,Municipal,,X,,,,,,,,,,,,X,
2024,8871,City of Horton - (KS),Y,M,Municipal,,X,,,,,,,,,,,,X,
2024,8883,Houlton Water Company,,M,Municipal,X,X,,,X,,,,,,X,,X,X,X
2024,8884,Terrebonne Parish Consol Gov't,,M,Municipal,,X,,,X,,,,,,X,,X,X,X
2024,8896,City of Houston - (MO),Y,M,Municipal,,X,,,,,,,,,,,,X,
2024,8898,Houston County Elec Coop Inc,,C,Cooperative,,X,,,X,,,,,X,X,X,X,X,X
2024,8901,CenterPoint Energy,,I,Investor Owned,X,X,X,X,X,,X,,,X,X,X,,X,X
2024,8911,Howard Electric Coop,Y,C,Cooperative,,X,,,,X,,,,,,,,X,
2024,8919,City of Howard - (SD),Y,M,Municipal,,X,,,,,,,,,,,,X,
2024,8924,Howard Greeley Rural P P D,Y,P,Political Subdivision,,X,,,,,,,,,,,,X,
2024,8934,"Howell-Oregon Elec Coop, Inc",,C,Cooperative,,X,,,X,,,,X,,X,,X,X,X
2024,8949,City of Hubbard,Y,M,Municipal,,,,,,,,,,,,,,X,
2024,8972,City of Hudson - (OH),Y,M,Municipal,,X,,,,,,,,,,,,X,
2024,8973,Town of Hudson - (MA),,M,Municipal,,X,,,X,,,,,X,X,X,X,X,X
2024,9000,Hughes Power & Light Co,Y,I,Investor Owned,,,,,,,,,,,,,,X,
2024,9011,City of Hugoton - (KS),Y,M,Municipal,,,,,,,,,,,,,,X,
2024,9022,City of Hubbell- (NE),Y,M,Municipal,,X,,,,,,,,,,,,X,
2024,9023,City of Humboldt,,M,Municipal,,X,,,X,X,,,,X,X,,X,X,X
2024,9025,City of Hunnewell - (MO),Y,M,Municipal,,,,,,,,,,,,,,X,
2024,9067,City of Hope - (ND),Y,M,Municipal,,,,,,,,,,,,,,X,
2024,9087,Town of Huntersville - (NC),,M,Municipal,,X,,,X,X,,,,,X,X,X,X,X
2024,9088,City of Huntingburg - (IN),Y,M,Municipal,,X,,,,,,,,,,,,X,
2024,9094,City of Huntsville - (AL),,M,Municipal,X,X,,,X,X,,,,X,X,X,X,X,X
2024,9096,City of Lafayette - (LA),,M,Municipal,,X,,,X,,,,X,,X,X,X,X,X
2024,9124,Hustisford Utilities,,M,Municipal,,X,,,X,X,,,X,,X,,X,X,X
2024,9128,Hurricane City Power,Y,M,Municipal,,X,,,,,,,,,,,,X,
2024,9130,Hutchinson Utilities Comm,,M,Municipal,,X,,,X,,,,,X,X,X,X,X,X
2024,9144,Village of Hyde Park - (VT),Y,M,Municipal,,,,,,,,,,,,,,X,
2024,9163,Hyrum City Corporation,Y,M,Municipal,,X,,,,,,,,,,,,X,
2024,9186,"Idaho County L&P Coop Assn, Inc",Y,C,Cooperative,,X,,,,,,,,,,,,X,
2024,9187,City of Idaho Falls - (ID),,M,Municipal,X,X,,,X,,X,,X,,X,X,X,X,X
2024,9188,"I-N-N Electric Coop, Inc",Y,C,Cooperative,,,,,,,,,,,,,,X,
2024,9191,Idaho Power Co,,I,Investor Owned,X,X,,X,X,X,X,,X,X,X,X,X,X,X
2024,9192,Igiugig Electric Company,Y,P,Political Subdivision,,,,,,,,,,,,,,X,
2024,9200,Village of Ilion - (NY),Y,M,Municipal,,X,,,,,,,,,,,,X,
2024,9209,Illinois Rural Electric Coop,Y,C,Cooperative,,X,,,,X,,,,,,,,X,
2024,9216,Imperial Irrigation District,,P,Political Subdivision,X,X,,,X,,X,,X,,X,X,X,X,X
2024,9217,City of Imperial,Y,M,Municipal,,X,,,,,,,,,,,,X,
2024,9230,City of Independence - (IA),,M,Municipal,,X,,,X,X,,,X,,X,X,X,X,X
2024,9231,City of Independence - (MO),,M,Municipal,X,X,,,X,,X,,X,,X,X,X,X,X
2024,9234,Indiana Municipal Power Agency,,P,Political Subdivision,,,,,,,X,,,,X,,,,X
2024,9246,"Indian Electric Coop, Inc",,C,Cooperative,,X,,X,X,X,,,X,,X,X,X,X,X
2024,9267,"Hoosier Energy R E C, Inc",,C,Cooperative,,,,X,,,X,,,,X,,,,X
2024,9269,Indiana-Kentucky Electric Corp,,I,Investor Owned,,,,,,,,,,,X,,,,X
2024,9273,AES Indiana,,I,Investor Owned,X,X,,X,X,X,X,,X,X,X,X,X,X,X
2024,9274,City of Indianola - (NE),Y,M,Municipal,,X,,,,,,,,,,,,X,
2024,9275,Indianola Municipal Utilities,Y,M,Municipal,,X,,,,X,,,,,,,,X,
2024,9286,Illinois Municipal Elec Agency,,A,Municipal Mktg Authority,,,,X,,,X,,,,X,,,,X
2024,9292,Inter County Energy Coop Corp - (KY),,C,Cooperative,,X,,,X,,,,X,,X,X,X,X,X
2024,9324,Indiana Michigan Power Co,,I,Investor Owned,X,X,,X,X,X,X,,X,X,X,X,X,X,X
2024,9331,Intercounty Electric Coop Assn - (MO),,C,Cooperative,,X,,,X,,,,X,,X,X,X,X,X
2024,9336,CORE Electric Cooperative,,C,Cooperative,X,X,,,X,X,,,X,X,X,X,X,X,X
2024,9416,Ipnatchiaq Electric Company,Y,M,Municipal,,,,,,,,,,,,,,X,
2024,9417,Interstate Power and Light Co,,I,Investor Owned,X,X,,X,X,X,X,,X,X,X,X,X,X,X
2024,9418,City of Iola - (KS),Y,M,Municipal,,,,,,,,,,,,,,X,
2024,9422,J-A-C Electric Coop Inc,Y,C,Cooperative,,X,,,,,,,,,,,,X,
2024,9425,Iowa Lakes Electric Coop,,C,Cooperative,,X,,X,X,,,,X,X,X,X,X,X,X
2024,9431,Irwin Electric Membership Corp,Y,C,Cooperative,,X,,X,,,,,,,,,,X,
2024,9442,Town of Ipswich - (MA),Y,M,Municipal,,X,,,,,,,,,,,,X,
2024,9463,City of Isabel - (KS),Y,M,Municipal,,,,,,,,,,,,,,X,
2024,9472,City of Itta Bena - (MS),Y,M,Municipal,,,,,,,,,,,,,,X,
2024,9475,Itasca-Mantrap Co-op Electrical Assn,,C,Cooperative,,X,,,X,X,,,X,,X,X,X,X,X
2024,9541,City of Iuka - (KS),Y,M,Municipal,,X,,,,,,,,,,,,X,
2024,9572,Village of Jackson Center - (OH),Y,M,Municipal,,X,,,,,,,,,,,,X,
2024,9573,City of Jackson - (GA),Y,M,Municipal,,,,,,,,,,,,,,X,
2024,9575,Jackson Energy Coop Corp - (KY),,C,Cooperative,,X,,,X,,,,X,,X,X,X,X,X
2024,9576,Jackson County Rural E M C - (IN),,C,Cooperative,,X,,X,X,X,X,,X,,X,X,X,X,X
2024,9590,"Jackson Electric Coop, Inc - (TX)",,C,Cooperative,,X,,X,X,,,,X,,X,,X,X,X
2024,9598,City of Jackson - (OH),Y,M,Municipal,,X,,,,,,,,,,,,X,
2024,9599,City of Jackson - (MN),Y,M,Municipal,,X,,,,,,,,,,,,X,
2024,9601,Jackson Electric Member Corp - (GA),,C,Cooperative,X,X,,X,X,X,X,,X,X,X,X,X,X,X
2024,9603,City of Jackson - (MO),Y,M,Municipal,,X,,,,,,,,,,,,X,
2024,9605,Jackson Purchase Energy Corporation,,C,Cooperative,,X,,,X,,,,X,X,X,X,X,X,X
2024,9610,Village of Jacksonville - (VT),Y,M,Municipal,,,,,,,,,,,,,,X,
2024,9612,City of Jackson - (TN),,M,Municipal,,X,,,X,X,,,,X,X,X,X,X,X
2024,9613,City of Lebanon - (IN),,M,Municipal,,X,,,X,,,,,,X,X,X,X,X
2024,9616,Beaches Energy Services,,M,Municipal,,X,,,X,,,,X,,X,X,X,X,X
2024,9617,JEA,,M,Municipal,X,X,,,X,X,X,,X,,X,X,X,X,X
2024,9645,Jamestown Board of Public Util,,M,Municipal,X,X,,,X,,,,,X,X,X,X,X,X
2024,9646,Town of Jamestown - (IN),Y,M,Municipal,,X,,,,,,,,,,,,X,
2024,9650,City of Janesville - (MN),Y,M,Municipal,,X,,,,,,,,,,,,X,
2024,9664,City of Jasper - (TX),Y,M,Municipal,,X,,,,,,,,,,,,X,
2024,9665,Jasper County Rural E M C,,C,Cooperative,,X,,,X,,,,X,X,X,X,X,X,X
2024,9666,Jay County Rural E M C,Y,C,Cooperative,,X,,,,,,,,,,,,X,
2024,9667,City of Jasper - (IN),,M,Municipal,,X,,,X,,,,X,,X,X,X,X,X
2024,9668,"Jasper-Newton Elec Coop, Inc",,C,Cooperative,,X,,,X,,,,X,,X,X,X,X,X
2024,9682,"Jefferson Davis Elec Coop, Inc",,C,Cooperative,,X,,,X,X,,,X,,X,X,X,X,X
2024,9689,Jefferson Electric Member Corp,,C,Cooperative,,X,,,X,,,,X,,X,X,X,X,X
2024,9690,Jefferson Utilities,,M,Municipal,,X,,,X,X,,,X,,X,,X,X,X
2024,9697,City of Jellico,,M,Municipal,,X,,,X,,,,,X,X,,X,X,X
2024,9699,"Jemez Mountains Elec Coop, Inc",,C,Cooperative,,X,,,X,X,X,,X,,X,X,X,X,X
2024,9726,Jersey Central Power & Lt Co,,I,Investor Owned,X,X,,X,X,X,X,,X,X,X,X,X,X,X
2024,9732,City of Jetmore,Y,M,Municipal,,X,,,,,,,,,,,,X,
2024,9734,City of Jewett City - (CT),Y,M,Municipal,,X,,,,,,,,,,,,X,
2024,9739,Joe Wheeler Elec Member Corp,,C,Cooperative,X,X,,,X,X,,,,X,X,X,X,X,X
2024,9750,"Jo-Carroll Energy, Inc",,C,Cooperative,,X,,X,X,X,X,,X,X,X,X,X,X,X
2024,9776,City of Johnson - (KS),Y,M,Municipal,,,,,,,,,,,,,,X,
2024,9777,Johnson City - (TN),,M,Municipal,X,X,,,X,X,,,,X,X,X,X,X,X
2024,9778,Johnson County Rural E M C,,C,Cooperative,,X,,X,X,X,X,,X,,X,X,X,X,X
2024,9806,Village of Johnson - (VT),Y,M,Municipal,,,,,,,,,,,,,,X,
2024,9832,Kuiggluum Kallugvia,Y,I,Investor Owned,,,,,,,,,,,,,,X,
2024,9837,Jones-Onslow Elec Member Corp,,C,Cooperative,X,X,,,X,,,,X,,X,X,X,X,X
2024,9879,City Water and Light Plant,,M,Municipal,,X,,,X,,,,X,,X,,X,X,X
2024,9880,City of Jonesville - (LA),Y,M,Municipal,,,,,,,,,,,,,,X,
2024,9897,City of King Cove,Y,M,Municipal,,,,,,,,,,,,,,X,
2024,9922,Jump River Electric Coop Inc,Y,C,Cooperative,,X,,,,,,,,,,,,X,
2024,9928,City of Julesburg - (CO),Y,M,Municipal,,,,,,,,,,,,,,X,
2024,9936,Juneau Utility Comm,,M,Municipal,,X,,,X,X,,,X,,X,,X,X,X
2024,9949,Just Energy,,R,Retail Power Marketer,X,,,,,,,,,,X,,X,,X
2024,9961,Kansas Electric Power Coop Inc,,C,Cooperative,,,,,,,,,,,X,,,,X
2024,9964,Kenergy Corp,,C,Cooperative,X,X,,,X,,,,X,,X,X,X,X,X
2024,9973,City of Kahoka,Y,M,Municipal,,,,,,,,,,,,,,X,
2024,9979,KAMO Electric Coop Inc,,C,Cooperative,,,,,,,,,,,X,,,,X
2024,9991,Kandiyohi Power Coop,Y,C,Cooperative,,X,,,,X,,,,,,,,X,
2024,9995,Kanosh Town Corporation,Y,M,Municipal,,,,,,,,,,,,,,X,
2024,9996,City of Kansas City - (KS),,M,Municipal,X,X,,,X,,X,,X,,X,X,X,X,X
2024,9999,Kankakee Valley Rural E M C,,C,Cooperative,,X,,,X,,,,,,X,X,X,X,X
2024,10000,Evergy Metro,,I,Investor Owned,X,X,,X,X,X,X,,X,X,X,X,X,X,X
2024,10005,"Evergy Kansas South, Inc",,I,Investor Owned,X,X,,X,X,X,X,,X,X,X,X,X,X,X
2024,10009,Karnes Electric Coop Inc,,C,Cooperative,,X,,,X,,,,X,,X,X,X,X,X
2024,10012,Kay Electric Coop,,C,Cooperative,,X,,,X,,,,,,X,,X,X,X
2024,10019,FreeState Electric Coop,,C,Cooperative,,X,,,X,X,,,X,,X,X,X,X,X
2024,10025,City of Kaplan - (LA),Y,M,Municipal,,,,,,,,,,,,,,X,
2024,10035,Kansas Municipal Energy Agency,,A,Municipal Mktg Authority,,,,,,,,,,,X,,,,X
2024,10037,City of Kasota - (MN),Y,M,Municipal,,X,,,,,,,,,,,,X,
2024,10040,City of Kasson,Y,M,Municipal,,X,,,,,,,,,,,,X,
2024,10056,City of Kaukauna,,M,Municipal,,X,,,X,X,,,X,,X,X,X,X,X
2024,10057,City of Lamar - (MO),Y,M,Municipal,,X,,,,,,,,,,,,X,
2024,10063,Kaysville City Corporation,Y,M,Municipal,,X,,,,,,,,,,,,X,
2024,10065,KBR Rural Public Power District,Y,P,Political Subdivision,,X,,,,,,,,,,,,X,
2024,10066,K C Electric Association,,C,Cooperative,X,X,,,X,,X,,X,,X,,X,X,X
2024,10071,Kauai Island Utility Cooperative,,C,Cooperative,X,X,,,X,,X,,X,X,X,X,X,X,X
2024,10089,Keewatin Public Utilities,Y,M,Municipal,,,,,,,,,,,,,,X,
2024,10144,Kennebunk Light & Power Dist,Y,M,Municipal,,X,,,,,,,,,,,,X,
2024,10152,City of Kennett - (MO),Y,M,Municipal,,X,,,,,,,,,,,,X,
2024,10153,KEM Electric Coop Inc,Y,C,Cooperative,,X,,,,,,,,,,,,X,
2024,10170,"Kiamichi Electric Coop, Inc",,C,Cooperative,,X,,,X,,,,X,,X,X,X,X,X
2024,10171,Kentucky Utilities Co,,I,Investor Owned,X,X,,X,X,X,X,,X,X,X,X,X,X,X
2024,10172,City of Marathon - (IA),Y,M,Municipal,,,,,,,,,,,,,,X,
2024,10179,Kenyon Municipal Utilities,Y,M,Municipal,,X,,,,,,,,,,,,X,
2024,10181,Keosauqua Municipal Light & Pwr,Y,M,Municipal,,X,,,,,,,,,,,,X,
2024,10210,Ketchikan Public Utilities,,M,Municipal,X,X,,,X,,,,,,X,X,X,X,X
2024,10226,"Utility Board of the City of Key West, F",,M,Municipal,,X,,,X,X,,,X,,X,X,X,X,X
2024,10229,City of Hickman - (NE),Y,M,Municipal,,X,,,,,,,,,,,,X,
2024,10243,City of Kiel - (WI),Y,M,Municipal,,X,,,,X,,,,,,,,X,
2024,10260,City of Kimball - (NE),Y,M,Municipal,,X,,,,,,,,,,,,X,
2024,10265,City of Kimballton - (IA),Y,M,Municipal,,,,,,,,,,,,,,X,
2024,10320,City of Kingfisher - (OK),Y,M,Municipal,,X,,,,,,,,,,,,X,
2024,10321,City of Kingman - (KS),Y,M,Municipal,,X,,,,,,,,,,,,X,
2024,10324,City of Kings Mountain - (NC),Y,M,Municipal,,X,,,,,,,,,,,,X,
2024,10325,Kings River Conservation Dist,,P,Political Subdivision,,X,,,X,,,,,,X,,X,X,X
2024,10326,PUD No 1 of Kittitas County,Y,P,Political Subdivision,,X,,,,,,,,,,,,X,
2024,10329,"Kingsbury Electric Coop, Inc",Y,C,Cooperative,,X,,,,,,,,,,,,X,
2024,10330,Town of Kingsford Heights,Y,M,Municipal,,X,,,,,,,,,,,,X,
2024,10331,Kingsport Power Co,,I,Investor Owned,X,X,,,X,X,,,X,X,X,X,X,X,X
2024,10345,City of Kinston - (NC),,M,Municipal,,X,,X,X,X,,,,,X,X,X,X,X
2024,10351,City of Kiowa - (KS),Y,M,Municipal,,,,,,,,,,,,,,X,
2024,10359,Kirbyville Light & Power Co,Y,M,Municipal,,X,,,,,,,,,,,,X,
2024,10370,City of Kirkwood - (MO),,M,Municipal,,X,,,X,,,,X,,X,X,X,X,X
2024,10376,Kissimmee Utility Authority,,M,Municipal,,X,,,X,X,X,,X,,X,X,X,X,X
2024,10378,"Kit Carson Electric Coop, Inc",,C,Cooperative,,X,,,X,X,,,X,X,X,X,X,X,X
2024,10393,PUD No 1 of Klickitat County,,P,Political Subdivision,,X,,,X,X,X,,X,,X,X,X,X,X
2024,10407,Town of Knightstown - (IN),Y,M,Municipal,,X,,,,,,,,,,,,X,
2024,10421,Knoxville Utilities Board,,M,Municipal,X,X,,,X,X,,,,X,X,X,X,X,X
2024,10433,Kodiak Electric Assn Inc,,C,Cooperative,X,X,,,X,,,,,,X,,X,X,X
2024,10447,City of Kosciusko - (MS),Y,M,Municipal,,X,,,,,,,,,,,,X,
2024,10448,Kosciusko County Rural E M C,,C,Cooperative,,X,,,X,X,,,X,,X,X,X,X,X
2024,10451,Kotzebue Electric Assn Inc,,C,Cooperative,X,X,,,X,,,,,,X,,X,X,X
2024,10454,Kootenai Electric Cooperative,,C,Cooperative,X,X,,,X,,X,,X,,X,X,X,X,X
2024,10455,Kokhanok Village Council,Y,P,Political Subdivision,,,,,,,,,,,,,,X,
2024,10491,Kwig Power Company,Y,P,Political Subdivision,,,,,,,,,,,,,,X,
2024,10494,Borough of Kutztown - (PA),Y,M,Municipal,,X,,,,,,,,,,,,X,
2024,10508,Village of L'Anse - (MI),,M,Municipal,,X,,,X,,,,X,,X,,X,X,X
2024,10525,La Farge Municipal Electric Co,Y,M,Municipal,,X,,,,,,,,,,,,X,
2024,10532,City of La Grange - (TX),Y,M,Municipal,,X,,,,,,,,,,,,X,
2024,10533,City of La Harpe - (KS),Y,M,Municipal,,,,,,,,,,,,,,X,
2024,10536,City of La Junta - (CO),Y,M,Municipal,,X,,,,,,,,,,,,X,
2024,10538,City of La Plata - (MO),Y,M,Municipal,,X,,,,,,,,,,,,X,
2024,10539,"La Plata Electric Assn, Inc",,C,Cooperative,,X,,X,X,X,X,,X,X,X,X,X,X,X
2024,10542,La Porte City Utilities,Y,M,Municipal,,X,,,,,,,,,,,,X,
2024,10550,McCook Public Power District,Y,P,Political Subdivision,,X,,,,,,,,,,,,X,
2024,10558,"LaCreek Electric Assn, Inc",Y,C,Cooperative,,X,,,,,,,,,,,,X,
2024,10559,City of La Crosse - (KS),Y,M,Municipal,,X,,,,,,,,,,,,X,
2024,10562,Lagrange County Rural E M C,Y,C,Cooperative,,X,,,,,,,,,,,,X,
2024,10568,Town of Ladoga - (IN),Y,M,Municipal,,,,,,,,,,,,,,X,
2024,10570,City of Lafayette - (AL),Y,M,Municipal,,,,,,,,,,,,,,X,
2024,10571,City of LaFayette - (GA),Y,M,Municipal,,X,,,,,,,,,,,,X,
2024,10573,Village of Hildreth - (NE),Y,M,Municipal,,,,,,,,,,,,,,X,
2024,10574,L & O Power Co-operative,,C,Cooperative,,,,,,,,,,,X,,,,X
2024,10579,City of LaFollette,,M,Municipal,,X,,,X,X,,,,X,X,X,X,X,X
2024,10585,City of La Grange - (GA),,M,Municipal,,X,,,X,,,,,,X,,X,X,X
2024,10586,Town of La Grange - (NC),Y,M,Municipal,,X,,,,,,,,,,,,X,
2024,10595,City of Lake City - (MN),Y,M,Municipal,,X,,,,,,,,,,,,X,
2024,10596,City of Lake Crystal - (MN),,M,Municipal,X,X,,X,X,,,,X,,X,,X,X,X
2024,10599,"Lake Region Electric Coop, Inc - (OK)",,C,Cooperative,,X,,,X,X,,,X,,X,X,X,X,X
2024,10603,"Laclede Electric Coop, Inc",,C,Cooperative,,X,,,X,,,,X,,X,X,X,X,X
2024,10605,Lake Mills Light & Water,,M,Municipal,,X,,,X,X,,,X,X,X,,X,X,X
2024,10606,City of Lake Mills,Y,M,Municipal,,X,,,,,,,,,,,,X,
2024,10608,City of Lake Park - (IA),Y,M,Municipal,,X,,,,,,,,,,,,X,
2024,10609,City of Lake Park - (MN),Y,M,Municipal,,,,,,,,,,,,,,X,
2024,10610,"Lake Placid Village, Inc - (NY)",Y,M,Municipal,,X,,,,,,,,,,,,X,
2024,10616,Village of Lakeview - (OH),Y,M,Municipal,,,,,,,,,,,,,,X,
2024,10617,City of Lake View - (IA),Y,M,Municipal,,X,,,,,,,,,,,,X,
2024,10618,Lake Region Electric Cooperative - (MN),,C,Cooperative,,X,,,X,X,,,X,,X,X,X,X,X
2024,10620,City of Lake Worth Beach - (FL),,M,Municipal,,X,,,X,,,,X,,X,X,X,X,X
2024,10622,City of Lakefield - (MN),Y,M,Municipal,,,,,,,,,,,,,,X,
2024,10623,City of Lakeland - (FL),,M,Municipal,,X,,,X,X,X,,X,,X,X,X,X,X
2024,10624,Southern Rivers Energy,,C,Cooperative,,X,,,X,,,,X,,X,X,X,X,X
2024,10625,"Lamb County Electric Coop, Inc",,C,Cooperative,,X,,,X,,,,,X,X,X,X,X,X
2024,10627,Lakeview Light & Power,,C,Cooperative,,X,,,X,,X,,X,,X,,X,X,X
2024,10628,City of Lakin - (KS),Y,M,Municipal,,X,,,,,,,,,,,,X,
2024,10629,City of Lakota - (ND),Y,M,Municipal,,,,,,,,,,,,,,X,
2024,10632,"Lake Region Electric Assn, Inc - (SD)",Y,C,Cooperative,,X,,,,,,,,,,,,X,
2024,10633,City of Lamar - (CO),Y,M,Municipal,,X,,,,,,,,,,,,X,
2024,10649,Lamar County Elec Coop Assn,,C,Cooperative,,X,,,X,,,,,X,X,X,X,X,X
2024,10650,City of Lamoni - (IA),Y,M,Municipal,,,,,,,,,,,,,,X,
2024,10656,City of Lampasas - (TX),Y,M,Municipal,,X,,,,,,,,,,,,X,
2024,10668,Licking Rural Electric Inc,,C,Cooperative,,X,,,X,,,,,,X,X,X,X,X
2024,10669,Town of Landis - (NC),Y,M,Municipal,,X,,,,,,,,,,,,X,
2024,10681,Lane Electric Coop Inc,,C,Cooperative,,X,,,X,,X,,X,,X,X,X,X,X
2024,10685,Lanesboro Public Utility Comm,Y,M,Municipal,,X,,,,,,,,,,,,X,
2024,10687,City of Lanett - (AL),Y,M,Municipal,,,,,,,,,,,,,,X,
2024,10697,Lake Country Power,,C,Cooperative,,X,,,X,,,,X,,X,X,X,X,X
2024,10702,Borough of Lansdale,Y,M,Municipal,,X,,,,X,,,,,,,,X,
2024,10704,City of Lansing - (MI),,M,Municipal,X,X,,X,X,X,X,,X,,X,X,X,X,X
2024,10706,City of Larchwood - (IA),Y,M,Municipal,,,,,,,,,,,,,,X,
2024,10713,City of Larned - (KS),Y,M,Municipal,,X,,,,,,,,,,,,X,
2024,10716,City of Larsen Bay - (AK),Y,M,Municipal,,,,,,,,,,,,,,X,
2024,10724,Lassen Municipal Utility District,Y,M,Municipal,,X,,,,,,,,,,,,X,
2024,10728,"Lane-Scott Electric Coop, Inc",Y,C,Cooperative,,X,,,,,,,,,,,,X,
2024,10730,City of Las Animas - (CO),Y,M,Municipal,,X,,,,,,,,,,,,X,
2024,10760,City of Laurel - (NE),Y,M,Municipal,,,,,,,,,,,,,,X,
2024,10767,City of Linneus - (MO),Y,M,Municipal,,,,,,,,,,,,,,X,
2024,10768,"Laurens Electric Coop, Inc",,C,Cooperative,,X,,X,X,X,,,X,,X,X,X,X,X
2024,10769,City of Laurens - (IA),Y,M,Municipal,,X,,,,,,,,,,,,X,
2024,10770,City of Laurinburg - (NC),Y,M,Municipal,,X,,,,X,,,,,,,,X,
2024,10776,Borough of Lavallette - (NJ),Y,M,Municipal,,X,,,,,,,,,,,,X,
2024,10777,Town of Laverne - (OK),Y,M,Municipal,,X,,,,,,,,,,,,X,
2024,10784,City of Lawler - (IA),Y,M,Municipal,,,,,,,,,,,,,,X,
2024,10798,Lawrenceburg Municipal Utils,Y,M,Municipal,,X,,,,,,,,,,,,X,
2024,10799,City of Lawrenceburg,,M,Municipal,,X,,,X,X,,,,X,X,,X,X,X
2024,10800,City of Lawrenceville - (GA),,M,Municipal,,X,,,X,,,,X,,X,,X,X,X
2024,10814,City of Le Sueur - (MN),Y,M,Municipal,,X,,,,X,,,,,,,,X,
2024,10817,"Lea County Electric Coop, Inc - (NM)",,C,Cooperative,,X,,,X,,,,,,X,X,X,X,X
2024,10830,City of Lebanon - (OH),,M,Municipal,,X,,,X,,,,X,,X,,X,X,X
2024,10832,City of Lebanon - (MO),,M,Municipal,,X,,,X,,,,X,,X,,X,X,X
2024,10857,"Lee County Electric Coop, Inc - (FL)",,C,Cooperative,,X,,X,X,,X,,X,,X,X,X,X,X
2024,10868,City of Leesburg - (FL),,M,Municipal,,X,,,X,,X,,X,,X,X,X,X,X
2024,10879,Lehi City Corporation,,M,Municipal,,X,,,X,,X,,X,X,X,X,X,X,X
2024,10881,City of Lehigh - (IA),Y,M,Municipal,,,,,,,,,,,,,,X,
2024,10882,Borough of Lehighton - (PA),Y,M,Municipal,,,,,,,,,,,,,,X,
2024,10892,City of Leland - (MS),Y,M,Municipal,,,,,,,,,,,,,,X,
2024,10906,City of Lenoir - (TN),,M,Municipal,X,X,,,X,X,,,,X,X,,X,X,X
2024,10908,City of Lenox - (IA),Y,M,Municipal,,X,,,,,,,,,,,,X,
2024,10935,City of Lewes - (DE),Y,M,Municipal,,,,,,,,,,,,,,X,
2024,10944,PUD No 1 of Lewis County,,P,Political Subdivision,,X,,,X,,X,,X,,X,X,X,X,X
2024,10959,Borough of Lewisberry - (PA),Y,M,Municipal,,,,,,,,,,,,,,X,
2024,10960,City of Lewisburg - (TN),,M,Municipal,,X,,,X,X,,,,X,X,X,X,X,X
2024,10961,City of Lewisville - (IN),Y,M,Municipal,,X,,,,,,,,,,,,X,
2024,10962,Lewis County Rural E C A,Y,C,Cooperative,,X,,,,X,,,,,,,,X,
2024,10966,City of Lexington - (NC),,M,Municipal,,X,,,X,,,,,X,X,X,X,X,X
2024,10967,City of Lexington - (NE),,M,Municipal,,X,,,X,,X,,X,,X,,X,X,X
2024,10968,City of Lexington - (TN),,M,Municipal,,X,,,X,X,,,,X,X,,X,X,X
2024,10969,City of Lexington - (TX),Y,M,Municipal,,,,,,,,,,,,,,X,
2024,10970,City of Lexington - (OK),Y,M,Municipal,,X,,,,,,,,,,,,X,
2024,10977,City of Liberal - (MO),Y,M,Municipal,,,,,,,,,,,,,,X,
2024,10978,Levan Town Corporation - (UT),Y,M,Municipal,,X,,,,,,,,,,,,X,
2024,10982,City of Liberty - (TX),Y,M,Municipal,,X,,,,,,,,,,,,X,
2024,11011,Licking Valley Rural E C C,,C,Cooperative,,X,,,X,,,,,,X,X,X,X,X
2024,11014,"Lighthouse Electric Coop, Inc",,C,Cooperative,,X,,,X,,,,X,,X,,X,X,X
2024,11017,City of Lincoln Center - (KS),Y,M,Municipal,,,,,,,,,,,,,,X,
2024,11018,Lincoln Electric System,,M,Municipal,X,X,,X,X,X,X,,X,X,X,X,X,X,X
2024,11019,Little River Electric Coop Inc,Y,C,Cooperative,,X,,,,,,,,,,,,X,
2024,11021,Lincoln County Power Dist No 1,Y,P,Political Subdivision,,X,,,,,,,,,,,,X,
2024,11022,"Lincoln Electric Coop, Inc",Y,C,Cooperative,,X,,,,,,,,,,,,X,
2024,11035,City of Lincolnton - (NC),Y,M,Municipal,,X,,,,,,,,,,,,X,
2024,11040,City of Lindsborg - (KS),Y,M,Municipal,,X,,,,,,,,,,,,X,
2024,11053,Linn County REC,,C,Cooperative,,X,,,X,X,X,,X,,X,X,X,X,X
2024,11055,City of Linton - (IN),Y,M,Municipal,,X,,,,,,,,,,,,X,
2024,11058,City of Lindsay - (OK),Y,M,Municipal,,X,,,,,,,,,,,,X,
2024,11064,Litchfield Public Utilities,Y,M,Municipal,,X,,,,,,,,,,,,X,
2024,11083,Village of Little Valley - (NY),Y,M,Municipal,,X,,,,,,,,,,,,X,
2024,11085,Town of Littleton - (MA),,M,Municipal,,X,,,X,X,,,X,,X,,X,X,X
2024,11093,City of Livermore- (IA),Y,M,Municipal,,X,,,,,,,,,,,,X,
2024,11097,City of Livingston - (TX),Y,M,Municipal,,,,,,,,,,,,,,X,
2024,11099,Town of Lingle - (WY),Y,M,Municipal,,,,,,,,,,,,,,X,
2024,11103,City of Llano - (TX),Y,M,Municipal,,X,,,,,,,,,,,,X,
2024,11118,Lockhart Power Co,,I,Investor Owned,X,X,,,X,,,,,X,X,,X,X,X
2024,11119,City of Lockhart - (TX),Y,M,Municipal,,X,,,,,,,,,,,,X,
2024,11121,Lockwood Water & Light Company,Y,M,Municipal,,,,,,,,,,,,,,X,
2024,11122,City of Lodgepole - (NE),Y,M,Municipal,,,,,,,,,,,,,,X,
2024,11124,City of Lodi - (CA),,M,Municipal,,X,,,X,X,X,,X,X,X,X,X,X,X
2024,11125,City of Lodi - (WI),,M,Municipal,,X,,,X,X,,,X,,X,,X,X,X
2024,11126,Village of Lodi - (OH),Y,M,Municipal,,X,,,,,,,,,,,,X,
2024,11135,City of Logan - (UT),,M,Municipal,X,X,,,X,,X,,X,X,X,X,X,X,X
2024,11141,City of Long Grove - (IA),Y,M,Municipal,,,,,,,,,,,,,,X,
2024,11142,City of Logansport - (IN),,M,Municipal,,X,,,X,,,,,,X,,X,X,X
2024,11148,City of Lompoc - (CA),Y,M,Municipal,,X,,,,,,,,,,,,X,
2024,11171,Long Island Power Authority,,S,State,X,X,,X,X,X,X,,X,X,X,X,X,X,X
2024,11187,City of Longmont,,M,Municipal,,X,,,X,X,X,,X,X,X,X,X,X,X
2024,11196,Town of Littleton - (NH),Y,M,Municipal,,X,,,,,,,,,,,,X,
2024,11200,"Lorain-Medina R E C, Inc",,C,Cooperative,,X,,,X,X,,,,,X,X,X,X,X
2024,11203,Logan County Coop Power & Light,Y,C,Cooperative,,X,,,,,,,,,,,,X,
2024,11204,Los Alamos County,,M,Municipal,X,X,,,X,,,,X,,X,X,X,X,X
2024,11205,Town of Lucama - (NC),Y,M,Municipal,,X,,,,,,,,,,,,X,
2024,11206,City of Mulberry - (KS),Y,M,Municipal,,,,,,,,,,,,,,X,
2024,11207,City of Muscotah,Y,M,Municipal,,X,,,,,,,,,,,,X,
2024,11208,Los Angeles Department of Water & Power,,M,Municipal,X,X,,X,X,X,X,,X,X,X,X,X,X,X
2024,11211,Lost River Electric Coop Inc,Y,C,Cooperative,,X,,,,,,,,,,,,X,
2024,11222,Loudon Utilities Board,,M,Municipal,,X,,,X,X,,,,X,X,,X,X,X
2024,11228,Town of Louisburg - (NC),Y,M,Municipal,,X,,,,,,,,,,,,X,
2024,11235,Lafayette Public Power Authority,,P,Political Subdivision,,,,,,,,,,,X,,,,X
2024,11241,Entergy Louisiana LLC,,I,Investor Owned,X,X,,X,X,X,X,,X,X,X,X,X,X,X
2024,11247,Louisville Electric System,,M,Municipal,,X,,,X,X,,,,X,X,,X,X,X
2024,11249,Louisville Gas & Electric Co,,I,Investor Owned,X,X,,X,X,X,X,,X,X,X,X,X,X,X
2024,11250,Loup Valleys Rural P P D,Y,P,Political Subdivision,,X,,,,,,,,,,,,X,
2024,11251,Loup River Public Power Dist,,P,Political Subdivision,X,X,,X,X,X,X,,X,,X,X,X,X,X
2024,11256,City of Loveland - (CO),,M,Municipal,,X,,,X,,X,,X,,X,X,X,X,X
2024,11268,City of Lowell - (MI),Y,M,Municipal,,X,,,,X,,,,,,,,X,
2024,11269,Lower Colorado River Authority,,P,Political Subdivision,,,,,,,,,,,X,,,,X
2024,11272,"Lower Yellowstone R E A, Inc",,C,Cooperative,,X,,,X,,,,X,,X,X,X,X,X
2024,11273,Lower Valley Energy Inc,,C,Cooperative,X,X,,,X,,,,X,,X,,X,X,X
2024,11291,Lumbee River Elec Member Corp,,C,Cooperative,,X,,X,X,,X,,,X,X,X,X,X,X
2024,11292,City of Lubbock - (TX),,M,Municipal,,X,X,,X,,,,X,,X,,X,X,X
2024,11296,Village of Lucas - (OH),Y,M,Municipal,,,,,,,,,,,,,,X,
2024,11298,Lyon Rural Electric Coop,Y,C,Cooperative,,X,,,,,,,,,,,,X,
2024,11299,City of Lucas- (KS),Y,M,Municipal,,,,,,,,,,,,,,X,
2024,11305,Village of Ludlow - (VT),Y,M,Municipal,,,,,,,,,,,,,,X,
2024,11306,City of Luray - (KS),Y,M,Municipal,,,,,,,,,,,,,,X,
2024,11316,City of Luling - (TX),Y,M,Municipal,,X,,,,,,,,,,,,X,
2024,11318,City of Lumberton - (NC),,M,Municipal,,X,,,X,,,,,,X,X,X,X,X
2024,11330,Town of Lusk - (WY),Y,M,Municipal,,X,,,,,,,,,,,,X,
2024,11332,City of Luverne - (MN),Y,M,Municipal,,X,,,,,,,,,,,,X,
2024,11333,City of Luverne - (AL),Y,M,Municipal,,,,,,,,,,,,,,X,
2024,11345,"Lyon Electric Cooperative, Inc.",Y,C,Cooperative,,X,,,,,,,,,,,,X,
2024,11346,Village of Lyman - (NE),Y,M,Municipal,,,,,,,,,,,,,,X,
2024,11355,"Lynches River Elec Coop, Inc",,C,Cooperative,,X,,,X,,,,X,,X,X,X,X,X
2024,11359,The Town of Lyndon Electric Department,Y,M,Municipal,,,,,,,,,,,,,,X,
2024,11360,Town of MacClesfield - (NC),Y,M,Municipal,,,,,,,,,,,,,,X,
2024,11364,"Lyntegar Electric Coop, Inc",,C,Cooperative,,X,,,X,,,,,,X,X,X,X,X
2024,11372,City of Lyons - (NE),Y,M,Municipal,,X,,,,,,,,,,,,X,
2024,11376,Town of Lyons - (CO),Y,M,Municipal,,X,,,,,,,,,,,,X,
2024,11380,M & A Electric Power Coop,,C,Cooperative,,,,,,,,,,,X,,,,X
2024,11424,City of Mabel - (MN),Y,M,Municipal,,,,,,,,,,,,,,X,
2024,11458,City of Macon - (MS),,M,Municipal,,X,,,X,,,,,,X,,X,X,X
2024,11460,City of Macon - (MO),Y,M,Municipal,,X,,,,,,,,,,,,X,
2024,11463,Macon Electric Coop,,C,Cooperative,,X,,,X,,,,X,,X,X,X,X,X
2024,11470,City of Maddock - (ND),Y,M,Municipal,,X,,,,,,,,,,,,X,
2024,11475,City of Madison - (SD),,M,Municipal,X,X,,X,X,,X,,,,X,,X,X,X
2024,11476,Borough of Madison - (NJ),Y,M,Municipal,,X,,,,,,,,,,,,X,
2024,11477,Town of Madison - (ME),,M,Municipal,X,X,,,X,,,,,,X,,X,X,X
2024,11479,Madison Gas & Electric Co,,I,Investor Owned,X,X,,,X,X,,,X,X,X,X,X,X,X
2024,11481,City of Madison - (NE),Y,M,Municipal,,X,,,,,,,,,,,,X,
2024,11482,City of Madison - (MN),Y,M,Municipal,,X,,,,,,,,,,,,X,
2024,11488,Madisonville Municipal Utils,,M,Municipal,,X,,,X,,,,X,,X,,X,X,X
2024,11501,Magic Valley Electric Coop Inc,,C,Cooperative,,X,,X,X,,X,,X,X,X,X,X,X,X
2024,11515,Town of Maiden - (NC),Y,M,Municipal,,X,,,,X,,,,,,,,X,
2024,11519,Magnolia Electric Power Assn,,C,Cooperative,,X,,,X,,,,X,,X,X,X,X,X
2024,11521,"Maine Electric Power Co, Inc",,T,Transmission,,,,,,,,,,,X,,,,X
2024,11540,City of Malden - (MO),Y,M,Municipal,,X,,,,,,,,,,,,X,
2024,11541,City of Manitou - (OK),Y,M,Municipal,,,,,,,,,,,,,,X,
2024,11560,City of Manassas - (VA),,M,Municipal,,X,,X,X,,,,,,X,X,X,X,X
2024,11566,City of Mangum - (OK),Y,M,Municipal,,,,,,,,,,,,,,X,
2024,11568,Town of Manilla - (IA),Y,M,Municipal,,X,,,,,,,,,,,,X,
2024,11571,Manitowoc Public Utilities,,M,Municipal,,X,,,X,X,X,,X,X,X,X,X,X,X
2024,11572,City of Mankato - (KS),Y,M,Municipal,,X,,,,,,,,,,,,X,
2024,11578,Town of Mannford - (OK),Y,M,Municipal,,,,,,,,,,,,,,X,
2024,11581,City of Manning,Y,M,Municipal,,,,,,,,,,,,,,X,
2024,11585,City of Mansfield - (MO),Y,M,Municipal,,,,,,,,,,,,,,X,
2024,11586,Town of Mansfield - (MA),,M,Municipal,,X,,,X,,,,X,,X,X,X,X,X
2024,11587,City of Mansfield - (GA),Y,M,Municipal,,,,,,,,,,,,,,X,
2024,11588,City of Manti - (UT),Y,M,Municipal,,X,,,,,,,,,,,,X,
2024,11589,"Harney Electric Coop, Inc",Y,C,Cooperative,,X,,,,,,,,,,,,X,
2024,11609,City of Mapleton- (IA),Y,M,Municipal,,X,,,,,,,,,,,,X,
2024,11611,City of Maquoketa - (IA),,M,Municipal,,X,,,X,,,,X,,X,,X,X,X
2024,11618,Village of Marathon - (NY),Y,M,Municipal,,,,,,,,,,,,,,X,
2024,11624,Town of Marblehead - (MA),Y,M,Municipal,,X,,,,,,,,,,,,X,
2024,11626,City of Marceline - (MO),Y,M,Municipal,,,,,,,,,,,,,,X,
2024,11643,Marias River Electric Coop Inc,Y,C,Cooperative,,X,,,,,,,,,,,,X,
2024,11646,City of Marietta - (GA),,M,Municipal,,X,,,X,,X,,X,,X,X,X,X,X
2024,11658,City of Marion - (KS),Y,M,Municipal,,,,,,,,,,,,,,X,
2024,11691,City of Marlow - (OK),Y,M,Municipal,,X,,,,,,,,,,,,X,
2024,11701,City of Marquette - (MI),,M,Municipal,,X,,,X,,X,,X,,X,X,X,X,X
2024,11713,City of Marshall - (MI),Y,M,Municipal,,,,,,,,,,,,,,X,
2024,11714,Marshall-De Kalb Electric Coop,,C,Cooperative,,X,,,X,X,,,,X,X,,X,X,X
2024,11731,City of Marshall - (MN),,M,Municipal,,X,,X,X,,X,,X,X,X,X,X,X,X
2024,11732,City of Marshall - (MO),Y,M,Municipal,,X,,,,X,,,,,,,,X,
2024,11736,City of Marshall - (IL),Y,M,Municipal,,X,,,,,,,,,,,,X,
2024,11739,Village of Marshallville - (OH),Y,M,Municipal,,,,,,,,,,,,,,X,
2024,11740,City of Marshfield - (WI),,M,Municipal,,X,,,X,X,,,X,X,X,X,X,X,X
2024,11767,Marshall County Rural E M C,Y,C,Cooperative,,X,,,,,,,,,,,,X,
2024,11770,City of Martinsville - (VA),Y,M,Municipal,,X,,,,X,,,,,,,,X,
2024,11788,Consumers Energy Coop - (IA),,C,Cooperative,,X,,,X,X,,,X,X,X,X,X,X,X
2024,11789,Maryville Utilities,,M,Municipal,,X,,,X,X,,,,X,X,X,X,X,X
2024,11790,City of Mascoutah - (IL),Y,M,Municipal,,X,,,,,,,,,,,,X,
2024,11793,City of Mason - (TX),Y,M,Municipal,,,,,,,,,,,,,,X,
2024,11804,Massachusetts Electric Co,,I,Investor Owned,X,X,,,X,,X,,X,X,X,X,X,X,X
2024,11806,Massachusetts Mun Wholes Electric Co,,P,Political Subdivision,,,,,,,,,,,X,,,,X
2024,11811,Town of Massena - (NY),,M,Municipal,,X,,,X,X,X,,X,,X,X,X,X,X
2024,11824,Matanuska Electric Assn Inc,,C,Cooperative,X,X,,,X,X,,,X,,X,X,X,X,X
2024,11833,Municipal Energy Agency of MS,,A,Municipal Mktg Authority,,,,,,,,,,,X,,,,X
2024,11843,Maui Electric Co Ltd,,I,Investor Owned,X,X,,X,X,X,,,X,X,X,X,X,X,X
2024,11844,Matinicus Plantation Elec Co,Y,M,Municipal,,,,,,,,,,,,,,X,
2024,11871,City of Mayfield Plant Board,,M,Municipal,,X,,,X,X,,,,X,X,,X,X,X
2024,11892,Village of Mayville - (NY),Y,M,Municipal,,X,,,,,,,,,,,,X,
2024,11895,Village of Mazomanie - (WI),Y,M,Municipal,,X,,,,X,,,,,,,,X,
2024,11910,McLeod Cooperative Power Assn,Y,C,Cooperative,,X,,,,X,,,,,,,,X,
2024,11965,City of McCleary - (WA),Y,M,Municipal,,X,,,,,,,,,,,,X,
2024,11989,McCone Electric Coop Inc,Y,C,Cooperative,,X,,,,,,,,,,,,X,
2024,12006,Town of McCormick - (SC),Y,M,Municipal,,,,,,,,,,,,,,X,
2024,12070,McDonough Power Coop,Y,C,Cooperative,,X,,,,,,,,,,,,X,
2024,12087,McKenzie Electric Coop Inc,,C,Cooperative,X,X,,,X,,X,,,,X,X,X,X,X
2024,12090,"McLean Electric Coop, Inc",,C,Cooperative,X,X,,,X,,,,X,X,X,,X,X,X
2024,12114,City of McGregor- (IA),Y,M,Municipal,,X,,,,,,,,,,,,X,
2024,12119,McGrath Light & Power Co,Y,I,Investor Owned,,,,,,,,,,,,,,X,
2024,12167,City of McLeansboro - (IL),Y,M,Municipal,,X,,,,,,,,,,,,X,
2024,12186,McMinnville Electric System,,M,Municipal,,X,,,X,,,,,X,X,X,X,X,X
2024,12187,City of McMinnville - (OR),,M,Municipal,,X,,,X,,X,,,,X,X,X,X,X
2024,12191,McMullen Valley Water C&D Dist,Y,P,Political Subdivision,,,,,,,,,,,,,,X,
2024,12199,Montana-Dakota Utilities Co,,I,Investor Owned,X,X,,X,X,X,X,,X,X,X,X,X,X,X
2024,12208,City of McPherson - (KS),,M,Municipal,,X,,X,X,X,,,X,,X,X,X,X,X
2024,12227,Meeker Coop Light & Power Assn,,C,Cooperative,,X,,,X,,,,X,X,X,X,X,X,X
2024,12242,City of Meade - (KS),Y,M,Municipal,,,,,,,,,,,,,,X,
2024,12243,Meade County Rural E C C,,C,Cooperative,,X,,,X,,,,X,,X,X,X,X,X
2024,12260,Mecklenburg Electric Cooperative,,C,Cooperative,,X,,X,X,X,,,X,,X,X,X,X,X
2024,12265,City of Medford - (WI),Y,M,Municipal,,X,,,,X,,,,,,,,X,
2024,12268,"Medina Electric Coop, Inc",,C,Cooperative,,X,,X,X,,,,X,,X,X,X,X,X
2024,12286,Melrose Public Utilities,Y,M,Municipal,,X,,,,,,,,,,,,X,
2024,12289,Meadow Town Corporation,Y,M,Municipal,,,,,,,,,,,,,,X,
2024,12292,City of Meadville - (MO),Y,M,Municipal,,,,,,,,,,,,,,X,
2024,12293,City of Memphis - (TN),,M,Municipal,X,X,,,X,X,,,,,X,X,X,X,X
2024,12294,City of Memphis - (MO),Y,M,Municipal,,X,,,,,,,,,,,,X,
2024,12296,Town of Merrimac - (MA),Y,M,Municipal,,X,,,,,,,,,,,,X,
2024,12298,City of Menasha - (WI),,M,Municipal,,X,,,X,X,,,X,,X,X,X,X,X
2024,12301,Nodak Electric Coop Inc,,C,Cooperative,X,X,,X,X,,,,X,,X,X,X,X,X
2024,12302,City of Mendon - (OH),Y,M,Municipal,,X,,,,,,,,,,,,X,
2024,12312,Merced Irrigation District,,P,Political Subdivision,,X,,,X,,X,,X,,X,,X,X,X
2024,12323,Miami Power Corporation,,I,Investor Owned,,,,,,,,,,,X,,,,X
2024,12330,Meriwether Lewis Electric Coop,,C,Cooperative,,X,,,X,X,,,,X,X,X,X,X,X
2024,12336,Village of Merrillan - (WI),Y,M,Municipal,,,,,,,,,,,,,,X,
2024,12341,MidAmerican Energy Co,,I,Investor Owned,X,X,,X,X,X,X,,X,X,X,X,X,X,X
2024,12351,City of Mesa - (AZ),,M,Municipal,,X,,X,X,,,,X,X,X,X,X,X,X
2024,12377,Midwest Energy Cooperative - (MI),,C,Cooperative,,X,,X,X,X,,,X,X,X,X,X,X,X
2024,12385,Metlakatla Power & Light,Y,M,Municipal,,,,,,,,,,,,,,X,
2024,12388,City of Metropolis - (IL),Y,M,Municipal,,X,,,,,,,,,,,,X,
2024,12395,Menard Electric Coop,,C,Cooperative,,X,,X,X,,X,,X,X,X,X,X,X,X
2024,12397,Metropolitan Water District of S CA,,S,State,,,,,,,,,,,X,,,,X
2024,12406,Miami-Cass County Rural E M C,Y,C,Cooperative,,X,,,,,,,,,,,,X,
2024,12408,Miami Special Utility Authority,Y,M,Municipal,,,,,,,,,,,,,,X,
2024,12439,"Midstate Electric Coop, Inc",,C,Cooperative,,X,,,X,,,,X,,X,X,X,X,X
2024,12450,Midland Power Coop,,C,Cooperative,,X,,,X,X,X,,X,X,X,X,X,X,X
2024,12452,Mid-South Electric Coop Assn,,C,Cooperative,,X,,,X,,,,X,,X,X,X,X,X
2024,12462,Mid-Carolina Electric Coop Inc,,C,Cooperative,,X,,,X,,,,X,,X,X,X,X,X
2024,12463,"Mid-Yellowstone Elec Coop, Inc",Y,C,Cooperative,,X,,,,,,,,,,,,X,
2024,12465,"System Energy Resources, Inc",,I,Investor Owned,,,,,,,,,,,X,,,,X
2024,12470,Middle Tennessee E M C,,C,Cooperative,X,X,,,X,X,,,,X,X,X,X,X,X
2024,12472,Middle Georgia El Member Corp,Y,C,Cooperative,,X,,,,,,,,,,,,X,
2024,12473,Town of Middleborough - (MA),,M,Municipal,,X,,,X,,,,X,X,X,X,X,X,X
2024,12474,Borough of Middletown - (PA),Y,M,Municipal,,X,,,,,,,,,,,,X,
2024,12476,Town of Middletown - (IN),Y,M,Municipal,,,,,,,,,,,,,,X,
2024,12477,Town of Middleton - (MA),Y,M,Municipal,,X,,,,,,,,,,,,X,
2024,12478,Town of Middletown - (DE),,M,Municipal,,X,,X,X,,X,,X,,X,,X,X,X
2024,12485,Middle Kuskokwim Elec Coop Inc,Y,C,Cooperative,,,,,,,,,,,,,,X,
2024,12515,"Midwest Electric, Inc - (OH)",,C,Cooperative,,X,,,X,X,,,,,X,X,X,X,X
2024,12523,Borough of Mifflinburg - (PA),Y,M,Municipal,,X,,,,,,,,,,,,X,
2024,12524,Midwest Energy Inc - (KS),,C,Cooperative,X,X,,,X,,,,,,X,X,X,X,X
2024,12531,City of Milan - (MO),Y,M,Municipal,,,,,,,,,,,,,,X,
2024,12532,City of Milan - (TN),,M,Municipal,,X,,,X,X,,,,X,X,X,X,X,X
2024,12533,Village of Milan - (OH),Y,M,Municipal,,,,,,,,,,,,,,X,
2024,12539,Midwest Electric Member Corp - (NE),,C,Cooperative,X,X,,X,X,X,X,,X,X,X,X,X,X,X
2024,12540,City of Milford - (DE),,M,Municipal,,X,,,X,X,,,X,,X,X,X,X,X
2024,12541,City of Milford - (IA),Y,M,Municipal,,X,,,,,,,,,,,,X,
2024,12546,Mille Lacs Energy Cooperative,,C,Cooperative,,X,,,X,X,,,X,X,X,X,X,X,X
2024,12580,City of Miller - (SD),Y,M,Municipal,,,,,,,,,,,,,,X,
2024,12608,Borough of Milltown - (NJ),Y,M,Municipal,,,,,,,,,,,,,,X,
2024,12609,City of Minidoka - (ID),Y,M,Municipal,,,,,,,,,,,,,,X,
2024,12615,City of Milton-Freewater- (OR),Y,M,Municipal,,X,,,,,,,,,,,,X,
2024,12616,City of Milton - (WA),Y,M,Municipal,,X,,,,,,,,,,,,X,
2024,12625,City of Minden - (LA),Y,M,Municipal,,X,,,,,,,,,,,,X,
2024,12626,City of Minden - (NE),Y,M,Municipal,,X,,,,,,,,,,,,X,
2024,12627,City of Mindenmines - (MO),Y,M,Municipal,,X,,,,,,,,,,,,X,
2024,12642,Maquoketa Valley Rrl Elec Coop,,C,Cooperative,,X,,,X,X,X,,,X,X,X,X,X,X
2024,12647,"ALLETE, Inc.",,I,Investor Owned,X,X,,X,X,X,X,,X,,X,X,X,X,X
2024,12651,Minnesota Valley Electric Coop,,C,Cooperative,,X,,,X,X,,,X,,X,X,X,X,X
2024,12658,"Minnkota Power Coop, Inc",,C,Cooperative,,,,,,,,,,,X,,,,X
2024,12660,Village of Minster - (OH),Y,M,Municipal,,X,,,,,,,,,,,,X,
2024,12667,Minnesota Municipal Power Agny,,P,Political Subdivision,,,,,,,,,,,X,,,,X
2024,12674,City of Mishawaka,,M,Municipal,,X,,,X,,,,,,X,,X,X,X
2024,12681,Mississippi County Electric Co,,C,Cooperative,X,X,,X,X,,,,X,,X,,X,X,X
2024,12685,Entergy Mississippi LLC,,I,Investor Owned,X,X,,X,X,X,X,,X,X,X,X,X,X,X
2024,12686,Mississippi Power Co,,I,Investor Owned,X,X,,X,X,X,X,,X,X,X,X,X,X,X
2024,12692,"Missoula Electric Coop, Inc",,C,Cooperative,X,X,,,X,X,X,,X,,X,X,X,X,X
2024,12698,Evergy Missouri West,,I,Investor Owned,X,X,,X,X,X,X,,X,X,X,X,X,X,X
2024,12700,Missouri Rural Electric Coop,,C,Cooperative,,X,,,X,X,,,X,,X,,X,X,X
2024,12706,Mitchell Electric Member Corp,,C,Cooperative,,X,,,X,,,,X,,X,X,X,X,X
2024,12710,Missouri Basin Muni Power Agny,,P,Political Subdivision,,,,,,,,,,,X,,,,X
2024,12717,City of Mitchell - (NE),Y,M,Municipal,,,,,,,,,,,,,,X,
2024,12744,Modern Electric Water Company,,C,Cooperative,,X,,,X,,X,,X,,X,,X,X,X
2024,12745,Modesto Irrigation District,,P,Political Subdivision,X,X,,X,X,X,X,,X,X,X,X,X,X,X
2024,12759,Mohawk Municipal Comm,Y,M,Municipal,,X,,,,,,,,,,,,X,
2024,12782,City of Monett - (MO),,M,Municipal,,X,,,X,,,,X,,X,X,X,X,X
2024,12789,City of Monmouth - (OR),Y,M,Municipal,,X,,,,,,,,,,,,X,
2024,12796,Monongahela Power Co,,I,Investor Owned,X,X,,,X,,,,X,,X,X,X,X,X
2024,12797,City of Monroe - (UT),Y,M,Municipal,,X,,,,,,,,,,,,X,
2024,12800,City of Monroe - (GA),Y,M,Municipal,,X,,,,,,,,,,,,X,
2024,12801,City of Monroe - (NC),,M,Municipal,,X,,,X,,,,,X,X,X,X,X,X
2024,12802,City of Monroe City - (MO),Y,M,Municipal,,,,,,,,,,,,,,X,
2024,12803,"Monroe County Elec Coop, Inc",Y,C,Cooperative,,X,,,,,,,,,,,,X,
2024,12807,Michigan South Central Power Agency,,P,Political Subdivision,,,,,,,,,,,X,,,,X
2024,12811,Village of Monroeville - (OH),Y,M,Municipal,,,,,,,,,,,,,,X,
2024,12817,Mont Alto Borough,Y,M,Municipal,,X,,,,,,,,,,,,X,
2024,12825,NorthWestern Energy LLC - (MT),,I,Investor Owned,X,X,,,X,,X,,X,X,X,X,X,X,X
2024,12838,City of Montezuma - (KS),Y,M,Municipal,,,,,,,,,,,,,,X,
2024,12839,City of Montezuma - (IA),Y,M,Municipal,,X,,,,,,,,,,,,X,
2024,12840,Town of Montezuma - (IN),Y,M,Municipal,,,,,,,,,,,,,,X,
2024,12851,City of Monticello - (GA),Y,M,Municipal,,X,,,,,,,,,,,,X,
2024,12860,Morgan County Rural Elec Assn,,C,Cooperative,,X,,,X,X,,,X,,X,X,X,X,X
2024,12861,Village of Montpelier - (OH),Y,M,Municipal,,,,,,,,,,,,,,X,
2024,12866,Moon Lake Electric Assn Inc,,C,Cooperative,X,X,,,X,X,,,X,,X,X,X,X,X
2024,12876,City of Moore Haven - (FL),Y,M,Municipal,,,,,,,,,,,,,,X,
2024,12892,City of Mooreland - (OK),Y,M,Municipal,,X,,,,,,,,,,,,X,
2024,12894,City of Moorhead - (MN),,M,Municipal,,X,,X,X,,X,,X,X,X,X,X,X,X
2024,12896,City of Morrill - (KS),Y,M,Municipal,,,,,,,,,,,,,,X,
2024,12897,Moose Lake Water & Light Comm,Y,M,Municipal,,X,,,,,,,,,,,,X,
2024,12899,Mor-Gran-Sou Electric Coop Inc,Y,C,Cooperative,,X,,,,,,,,,,,,X,
2024,12900,City of Mora - (MN),Y,M,Municipal,,X,,,,,,,,,,,,X,
2024,12901,Mora-San Miguel Elec Coop,Y,C,Cooperative,,X,,,,,,,,,,,,X,
2024,12909,City of Moran - (KS),Y,M,Municipal,,,,,,,,,,,,,,X,
2024,12915,Moreau-Grand Electric Coop Inc,Y,C,Cooperative,,X,,,,,,,,,,,,X,
2024,12917,Morgan Stanley Capital Grp Inc,,R,Retail Power Marketer,X,,,,,,,,,,X,,X,,X
2024,12919,Morenci Water and Electric,,I,Investor Owned,X,X,,,X,,,,X,,X,,X,X,X
2024,12927,Morgan City - (LA),Y,M,Municipal,,X,,,,,,,,,,,,X,
2024,12928,Morgan City - (UT),Y,M,Municipal,,X,,,,,,,,,,,,X,
2024,12929,South Central Indiana REMC,,C,Cooperative,,X,,,X,X,,,X,,X,X,X,X,X
2024,12944,City of Morganton - (NC),,M,Municipal,,X,,,X,,,,,X,X,X,X,X,X
2024,12952,Village of Morrill - (NE),Y,M,Municipal,,,,,,,,,,,,,,X,
2024,12988,City of Morristown - (TN),,M,Municipal,,X,,,X,X,,,,X,X,X,X,X,X
2024,12989,Village of Morrisville - (VT),Y,M,Municipal,,,,,,,,,,,,,,X,
2024,12990,Consolidated Cooperative,,C,Cooperative,,X,,,X,,,,X,X,X,X,X,X,X
2024,13025,City of Moulton - (TX),Y,M,Municipal,,,,,,,,,,,,,,X,
2024,13026,City of Moultrie - (GA),Y,M,Municipal,,X,,,,,,,,,,,,X,
2024,13027,"Mountain Electric Coop, Inc",,C,Cooperative,,X,,,X,X,,,,X,X,X,X,X,X
2024,13029,City of Moundridge - (KS),Y,M,Municipal,,,,,,,,,,,,,,X,
2024,13032,Mt Carmel Public Utility Co,,I,Investor Owned,X,X,,,X,,,,X,X,X,X,X,X,X
2024,13033,City of Mount Dora - (FL),Y,M,Municipal,,X,,,,,,,,,,,,X,
2024,13035,City of Mount Hope - (KS),Y,M,Municipal,,X,,,,,,,,,,,,X,
2024,13036,Village of Mt. Horeb - (WI),,M,Municipal,,X,,,X,X,,,X,,X,,X,X,X
2024,13037,City of Mt Pleasant - (UT),Y,M,Municipal,,X,,,,,,,,,,,,X,
2024,13038,City of Mt Pleasant - (IA),Y,M,Municipal,,X,,,,,,,,,,,,X,
2024,13039,City of Mt Pleasant - (TN),,M,Municipal,,X,,,X,X,,,,X,X,,X,X,X
2024,13040,City of Mount Vernon - (MO),Y,M,Municipal,,X,,,,,,,,,,,,X,
2024,13044,City of Mountain Iron - (MN),Y,M,Municipal,,X,,,,,,,,,,,,X,
2024,13048,City of Mountain Lake - (MN),Y,M,Municipal,,X,,,,,,,,,,,,X,
2024,13050,"Mountain Parks Electric, Inc",,C,Cooperative,,X,,,X,X,X,,X,,X,X,X,X,X
2024,13057,City of Mountain View - (MO),Y,M,Municipal,,X,,,,,,,,,,,,X,
2024,13058,"Mountain View Elec Assn, Inc",,C,Cooperative,,X,,,X,X,X,,X,X,X,X,X,X,X
2024,13073,"Mt Wheeler Power, Inc",,C,Cooperative,X,X,,,X,,,,X,X,X,,X,X,X
2024,13090,Village of Mullen - (NE),Y,M,Municipal,,,,,,,,,,,,,,X,
2024,13095,City of Mulvane - (KS),Y,M,Municipal,,X,,,,,,,,,,,,X,
2024,13100,Municipal Electric Authority,,A,Municipal Mktg Authority,,,,,,,,,,,X,,,,X
2024,13137,City of Murray - (UT),,M,Municipal,,X,,,X,,,,X,,X,X,X,X,X
2024,13138,City of Murray - (KY),,M,Municipal,,X,,,X,X,,,,X,X,,X,X,X
2024,13143,Board of Water Electric & Communications,,M,Municipal,,X,,,X,,X,,X,,X,X,X,X,X
2024,13144,City of Muscle Shoals,,M,Municipal,,X,,,X,X,,,,X,X,,X,X,X
2024,13145,Village of Muscoda - (WI),,M,Municipal,,X,,,X,X,,,X,,X,X,X,X,X
2024,13149,City of Needles - (CA),Y,M,Municipal,,X,,,,,,,,,,,,X,
2024,13190,"N W Electric Power Coop, Inc",,C,Cooperative,,,,,,,,,,,X,,,,X
2024,13196,Northern Plains Electric Coop,,C,Cooperative,X,X,,,X,,,,,,X,X,X,X,X
2024,13201,"Naknek Electric Assn, Inc",Y,C,Cooperative,,,,,,,,,,,,,,X,
2024,13205,"New Enterprise R E C, Inc",Y,C,Cooperative,,X,,,,,,,,,,,,X,
2024,13206,Nantucket Electric Co,,I,Investor Owned,X,X,,,X,,,,X,X,X,X,X,X,X
2024,13208,City of Naperville - (IL),,M,Municipal,,X,,X,X,,X,,X,,X,X,X,X,X
2024,13209,City of Napoleon - (OH),Y,M,Municipal,,X,,,,,,,,,,,,X,
2024,13211,Napakiak Ircinraq Power Co,Y,I,Investor Owned,,,,,,,,,,,,,,X,
2024,13214,The Narragansett Electric Co,,I,Investor Owned,X,X,,,X,,X,,X,X,X,X,X,X,X
2024,13216,Nashville Electric Service,,M,Municipal,X,X,,,X,X,,,,X,X,X,X,X,X
2024,13219,City of Nashwauk - (MN),Y,M,Municipal,,X,,,,,,,,,,,,X,
2024,13227,Natchez Trace Elec Power Assn,,C,Cooperative,,X,,,X,X,,,,X,X,,X,X,X
2024,13228,City of Natchitoches,,M,Municipal,,X,,,X,,,,X,,X,,X,X,X
2024,13233,City of Neligh - (NE),Y,M,Municipal,,X,,,,,,,,,,,,X,
2024,13286,New Hampton Village Precinct,Y,M,Municipal,,,,,,,,,,,,,,X,
2024,13292,Norris Electric Coop,,C,Cooperative,,X,,,X,,,,X,,X,,X,X,X
2024,13314,Navajo Tribal Utility Authority,,S,State,X,X,,,X,,,,,,X,X,X,X,X
2024,13318,"Navopache Electric Coop, Inc",,C,Cooperative,,X,,,X,X,,,X,X,X,,X,X,X
2024,13332,"Navarro County Elec Coop, Inc",,C,Cooperative,,X,,,X,,,,X,,X,,X,X,X
2024,13334,City of Nebraska City,Y,M,Municipal,,X,,,,,,,,,,,,X,
2024,13337,Nebraska Public Power District,,P,Political Subdivision,X,X,,X,X,X,X,,X,,X,X,X,X,X
2024,13352,City of Negaunee,,M,Municipal,,X,,,X,,,,X,,X,,X,X,X
2024,13355,New England Hydro-Tran Elec Co,,T,Transmission,,,,,,,,,,,X,,,,X
2024,13356,New England Hydro-Trans Corp,,T,Transmission,,,,,,,,,,,X,,,,X
2024,13374,"Constellation NewEnergy, Inc",,R,Retail Power Marketer,X,,,,,X,,,,,X,,X,,X
2024,13375,City of Nelson - (NE),Y,M,Municipal,,,,,,,,,,,,,,X,
2024,13380,City of Neodesha - (KS),Y,M,Municipal,,X,,,,,,,,,,,,X,
2024,13382,City of Neola - (IA),Y,M,Municipal,,X,,,,,,,,,,,,X,
2024,13386,"Nemaha-Marshall E C A, Inc",Y,C,Cooperative,,X,,,,,,,,,,,,X,
2024,13387,"Nespelem Valley Elec Coop, Inc",Y,C,Cooperative,,X,,,,,,,,,,,,X,
2024,13388,Nephi City Corporation,Y,M,Municipal,,X,,,,,,,,,,,,X,
2024,13402,Nevada Irrigation District,,P,Political Subdivision,,,,,,,,,,,X,,,,X
2024,13407,Nevada Power Co,,I,Investor Owned,X,X,,X,X,X,X,,X,,X,X,X,X,X
2024,13412,City of New Albany - (MS),,M,Municipal,,X,,,X,X,,,,X,X,,X,X,X
2024,13416,City of New Bern - (NC),,M,Municipal,,X,,,X,,,,,,X,X,X,X,X
2024,13418,City of New Braunfels - (TX),,M,Municipal,,X,,,X,,,,X,,X,X,X,X,X
2024,13420,Village of New Bremen - (OH),Y,M,Municipal,,X,,,,,,,,,,,,X,
2024,13423,Town of New Carlisle- (IN),Y,M,Municipal,,X,,,,,,,,,,,,X,
2024,13424,New Castle Municipal Serv Comm,Y,M,Municipal,,X,,,,,,,,,,,,X,
2024,13433,New England Power Company,,I,Investor Owned,,,,,,,,,,,X,,,,X
2024,13437,City of Newbern,,M,Municipal,,X,,,X,X,,,,,X,,X,X,X
2024,13438,Village of New Glarus - (WI),,M,Municipal,,X,,,X,X,,,X,,X,,X,X,X
2024,13441,New Hampshire Elec Coop Inc,,C,Cooperative,X,X,,X,X,X,X,,X,,X,X,X,X,X
2024,13444,City of New Hampton - (IA),Y,M,Municipal,,,,,,,,,,,,,,X,
2024,13448,City of New Holstein - (WI),,M,Municipal,,X,,,X,X,,,X,,X,X,X,X,X
2024,13464,Village of New Knoxville - (OH),Y,M,Municipal,,,,,,,,,,,,,,X,
2024,13465,City of Nielsville - (MN),Y,M,Municipal,,,,,,,,,,,,,,X,
2024,13466,City of New Lisbon,Y,M,Municipal,,X,,,,,,,,,,,,X,
2024,13467,New London Electric&Water Util,,M,Municipal,,X,,,X,X,,,X,,X,,X,X,X
2024,13468,New London Municipal Utilities,Y,M,Municipal,,X,,,,,,,,,,,,X,
2024,13470,City of New Madrid - (MO),Y,M,Municipal,,X,,,,,,,,,,,,X,
2024,13471,City of New Martinsville - (WV),Y,M,Municipal,,X,,,,,,,,,,,,X,
2024,13477,Nelson Lagoon Elec Coop Inc,Y,C,Cooperative,,,,,,,,,,,,,,X,
2024,13478,"Entergy New Orleans, LLC",,I,Investor Owned,X,X,,X,X,,X,,X,X,X,X,X,X,X
2024,13480,New Prague Utilities Comm,Y,M,Municipal,,X,,,,X,,,,,,,,X,
2024,13481,City of New Richmond,,M,Municipal,,X,,,X,X,,,X,,X,X,X,X,X
2024,13482,New River Light & Power Co,,S,State,,X,,,X,,,,X,,X,X,X,X,X
2024,13483,City of New Roads - (LA),Y,M,Municipal,,,,,,,,,,,,,,X,
2024,13485,New Smyrna Beach City of,,M,Municipal,,X,,X,X,,,,X,,X,X,X,X,X
2024,13488,New Ulm Public Utilities Comm,Y,M,Municipal,,X,,,,,,,,,,,,X,
2024,13489,Borough of New Wilmington - (PA),Y,M,Municipal,,X,,,,,,,,,,,,X,
2024,13495,City of Newfolden - (MN),Y,M,Municipal,,,,,,,,,,,,,,X,
2024,13511,New York State Elec & Gas Corp,,I,Investor Owned,X,X,,X,X,X,X,,X,X,X,X,X,X,X
2024,13519,City of Newark - (DE),,M,Municipal,X,X,,X,X,,X,,X,,X,X,X,X,X
2024,13520,"New-Mac Electric Coop, Inc",,C,Cooperative,,X,,,X,,,,X,,X,,X,X,X
2024,13521,City of Newberry - (FL),Y,M,Municipal,,X,,,,,,,,,,,,X,
2024,13523,City of Newberry - (SC),Y,M,Municipal,,X,,,,,,,,,,,,X,
2024,13524,"Newberry Electric Coop, Inc",,C,Cooperative,,X,,,X,,,,X,,X,X,X,X,X
2024,13525,Newberry Water & Light Board,Y,M,Municipal,,,,,,,,,,,,,,X,
2024,13527,City of Newburg - (MO),Y,M,Municipal,,,,,,,,,,,,,,X,
2024,13530,City of Newkirk - (OK),Y,M,Municipal,,X,,,,,,,,,,,,X,
2024,13539,New York Mun Power Agency,,A,Municipal Mktg Authority,,,,,,,,,,,X,,,,X
2024,13547,"Newnan Wtr, Sewer & Light Comm",,M,Municipal,,X,,,X,,,,,,X,X,X,X,X
2024,13550,City of Newport - (TN),,M,Municipal,,X,,,X,X,,,,X,X,,X,X,X
2024,13560,City of Newton - (IL),Y,M,Municipal,,X,,,,,,,,,,,,X,
2024,13561,City of Newton - (NC),Y,M,Municipal,,X,,,,X,,,,,,,,X,
2024,13563,City of Newton Falls - (OH),Y,M,Municipal,,X,,,,,,,,,,,,X,
2024,13566,Newton County Rural E M C,Y,C,Cooperative,,X,,,,,,,,,,,,X,
2024,13570,Ninnescah Rural E C A Inc,Y,C,Cooperative,,X,,,,,,,,,,,,X,
2024,13573,Niagara Mohawk Power Corp.,,I,Investor Owned,X,X,,X,X,X,X,,X,,X,X,X,X,X
2024,13577,City of Nicholasville - (KY),Y,M,Municipal,,X,,,,,,,,,,,,X,
2024,13602,City of Niles - (OH),,M,Municipal,,X,,,X,,,,,,X,,X,X,X
2024,13603,City of Newton - (TX),Y,M,Municipal,,,,,,,,,,,,,,X,
2024,13604,City of Niles - (MI),Y,M,Municipal,,X,,,,,,,,,,,,X,
2024,13610,Niobrara Valley El Member Corp,Y,C,Cooperative,,X,,,,,,,,,,,,X,
2024,13630,North Carolina Mun Power Agny #1,,A,Municipal Mktg Authority,,,,X,,,X,,,,X,,,,X
2024,13640,Northern Virginia Elec Coop,,C,Cooperative,,X,,X,X,X,,,X,,X,X,X,X,X
2024,13642,Nome Joint Utility Systems,Y,M,Municipal,,X,,,,,,,,,,,,X,
2024,13646,City of Norcross- (GA),Y,M,Municipal,,X,,,,,,,,,,,,X,
2024,13647,Noble County R E M C,,C,Cooperative,,X,,,X,X,,,X,,X,X,X,X,X
2024,13651,Nolin Rural Electric Coop Corp,,C,Cooperative,,X,,,X,,,,X,,X,X,X,X,X
2024,13664,Norris Public Power District,,P,Political Subdivision,X,X,,X,X,,X,,X,,X,X,X,X,X
2024,13669,North Alabama Electric Coop,,C,Cooperative,,X,,,X,X,,,,X,X,,X,X,X
2024,13670,"Northeast Texas Elec Coop, Inc",,C,Cooperative,,,,,,,,,,,X,,,,X
2024,13675,Nishnabotna Valley R E C,Y,C,Cooperative,,X,,,,,,,,,,,,X,
2024,13676,"North Arkansas Elec Coop, Inc",,C,Cooperative,,X,,X,X,X,X,,X,,X,X,X,X,X
2024,13679,Town of North Attleborough - (MA),,M,Municipal,,X,,,X,,,,X,,X,X,X,X,X
2024,13683,North Carolina El Member Corp,,C,Cooperative,,,,X,,,,,,,X,,,,X
2024,13684,Nobles Cooperative Electric,Y,C,Cooperative,,X,,,,X,,,,,,,,X,
2024,13685,"Niobrara Electric Assn, Inc",Y,C,Cooperative,,X,,,,X,,,,,,,,X,
2024,13687,North Carolina Eastern M P A,,A,Municipal Mktg Authority,,,,X,,,X,,,X,X,,,X,X
2024,13690,North Central MO Elec Coop Inc,Y,C,Cooperative,,X,,,,,,,,,,,,X,
2024,13693,"North Central Elec Coop, Inc - (OH)",,C,Cooperative,,X,,,X,X,,,,,X,X,X,X,X
2024,13694,"North Central Elec Coop, Inc - (ND)",,C,Cooperative,X,X,,,X,,,,,,X,,X,X,X
2024,13697,North Central Power Co Inc,,I,Investor Owned,X,X,,,X,X,,,X,,X,,X,X,X
2024,13698,North Central Public Pwr Dist,Y,P,Political Subdivision,,X,,,,X,,,,,,,,X,
2024,13700,North Itasca Electric Coop Inc,Y,C,Cooperative,,X,,,,,,,,,,,,X,
2024,13704,"North Western Elec Coop, Inc",Y,C,Cooperative,,X,,,,,,,,,,,,X,
2024,13716,North Georgia Elec Member Corp,,C,Cooperative,,X,,,X,X,,,,X,X,X,X,X,X
2024,13718,City of North Little Rock - (AR),,M,Municipal,X,X,,,X,X,,,X,X,X,X,X,X,X
2024,13725,City of North Platte,,M,Municipal,,X,,,X,,X,,X,,X,,X,X,X
2024,13726,North Shore Towers Apts Inc,Y,C,Cooperative,,,,,,,,,,,,,,X,
2024,13730,City of North St Paul - (MN),Y,M,Municipal,,X,,,,X,,,,,,,,X,
2024,13731,"North Star Electric Coop, Inc",Y,C,Cooperative,,X,,,,,,,,,,,,X,
2024,13734,Northeast Oklahoma Electric Co,,C,Cooperative,X,X,,,X,,,,X,,X,,X,X,X
2024,13735,Northcentral Mississippi E P A,,C,Cooperative,,X,,,X,X,,,,X,X,X,X,X,X
2024,13738,Northeast Missouri El Pwr Coop,,T,Transmission,,,,,,,,,,,X,,,,X
2024,13739,Northeast Power,,P,Political Subdivision,,X,,,X,X,,,X,,X,,X,X,X
2024,13749,"NorVal Electric Cooperative, Inc",Y,C,Cooperative,,X,,,,,,,,,,,,X,
2024,13750,"Northern Electric Coop, Inc",,C,Cooperative,X,X,,,X,,,,,,X,X,X,X,X
2024,13756,Northern Indiana Pub Serv Co,,I,Investor Owned,X,X,,,X,,X,,X,,X,X,X,X,X
2024,13757,North Plains Electric Coop Inc,,C,Cooperative,,X,,,X,,,,X,,X,X,X,X,X
2024,13758,"Northern Lights, Inc",,C,Cooperative,,X,,,X,,,,,,X,X,X,X,X
2024,13762,"Northern Neck Elec Coop, Inc",,C,Cooperative,,X,,X,X,X,,,X,,X,X,X,X,X
2024,13777,Northern Rio Arriba E Coop Inc,Y,C,Cooperative,,X,,,,X,,,,,,,,X,
2024,13780,Northern States Power Co,,I,Investor Owned,X,X,,X,X,X,X,,X,,X,X,X,X,X
2024,13781,Northern States Power Co - Minnesota,,I,Investor Owned,X,X,,X,X,X,X,,X,,X,X,X,X,X
2024,13782,City of New Ross - (IN),Y,M,Municipal,,X,,,,,,,,,,,,X,
2024,13783,Northeast Louisiana Power Coop Inc.,,C,Cooperative,,X,,,X,,,,X,,X,X,X,X,X
2024,13788,Northern Wasco County PUD,,P,Political Subdivision,,X,,,X,,X,,X,,X,X,X,X,X
2024,13789,Village of Northfield - (VT),Y,M,Municipal,,,,,,,,,,,,,,X,
2024,13798,Northwest Iowa Power Coop,,C,Cooperative,,,,X,,,X,,,,X,,,,X
2024,13799,Prairie Land Electric Coop Inc,,C,Cooperative,,X,,,X,,,,X,,X,X,X,X,X
2024,13805,Northwest Rural Pub Pwr Dist,Y,P,Political Subdivision,,X,,,,X,,,,,,,,X,
2024,13807,Northwestern Electric Coop Inc - (OK),,C,Cooperative,,X,,,X,,,,,X,X,,X,X,X
2024,13809,NorthWestern Energy - (SD),,I,Investor Owned,X,X,,,X,,,,,,X,X,X,X,X
2024,13815,Northwestern Wisconsin Elec Co,,I,Investor Owned,X,X,,,X,X,,,X,X,X,,X,X,X
2024,13816,City of Northwood - (ND),Y,M,Municipal,,X,,,,,,,,,,,,X,
2024,13819,City of Norton,Y,M,Municipal,,X,,,,,,,,,,,,X,
2024,13825,Norwalk Third Taxing District,Y,M,Municipal,,X,,,,,,,,,,,,X,
2024,13826,City of Norway,,M,Municipal,,X,,,X,,,,X,,X,,X,X,X
2024,13830,Nueces Electric Cooperative,,C,Cooperative,X,X,X,,X,,,,,,X,X,X,X,X
2024,13831,City of Norwich - (CT),,M,Municipal,,X,,,X,,,,X,,X,X,X,X,X
2024,13838,"Northfork Electric Coop, Inc",Y,C,Cooperative,,X,,,,,,,,,,,,X,
2024,13839,City of Norwood - (MA),,M,Municipal,,X,,X,X,,X,,,,X,X,X,X,X
2024,13853,Oahe Electric Coop Inc,Y,C,Cooperative,,X,,,,,,,,,,,,X,
2024,13870,"Nushagak Electric Coop, Inc",Y,C,Cooperative,,X,,,,,,,,,,,,X,
2024,13931,Town of Oak City - (NC),Y,M,Municipal,,X,,,,,,,,,,,,X,
2024,13932,Village of Oak Harbor - (OH),Y,M,Municipal,,X,,,,,,,,,,,,X,
2024,13933,City of Oak Ridge,,M,Municipal,,X,,,X,X,,,,X,X,,X,X,X
2024,13934,Ocmulgee Electric Member Corp,Y,C,Cooperative,,X,,,,,,,,,,,,X,
2024,13935,Oakdale&South San Joaquin Irrigation D.,,P,Political Subdivision,,,,,,,,,,,X,,,,X
2024,13936,Oakdale Electric Coop,,C,Cooperative,,X,,X,X,X,X,,X,,X,X,X,X,X
2024,13948,City of Oberlin - (KS),Y,M,Municipal,,X,,,,,,,,,,,,X,
2024,13949,City of Oberlin - (OH),Y,M,Municipal,,X,,,,,,,,,,,,X,
2024,13950,Village of Obetz - (OH),Y,M,Municipal,,,,,,,,,,,,,,X,
2024,13955,City of Ocala,,M,Municipal,,X,,,X,,,,X,,X,X,X,X,X
2024,13959,Occidental Power Marketing LP,,R,Retail Power Marketer,X,,,,,,,,,,,,,,
2024,13961,Ocotillo Water Conserv. Dist.,Y,P,Political Subdivision,,,,,,,,,,,,,,X,
2024,13962,Oconee Electric Member Corp,,C,Cooperative,,X,,,X,,,,X,,X,,X,X,X
2024,13963,Oconomowoc Utilities,,M,Municipal,,X,,,X,X,,,X,,X,X,X,X,X
2024,13964,Oconto Electric Cooperative,Y,C,Cooperative,,X,,,,,,,,,,,,X,
2024,13965,Oconto Falls Water & Light Comm,,M,Municipal,,X,,,X,X,,,,,X,,X,X,X
2024,13966,City of Olustee,Y,M,Municipal,,,,,,,,,,,,,,X,
2024,13971,City of Odessa - (MO),Y,M,Municipal,,X,,,,,,,,,,,,X,
2024,13990,City of Ogden - (IA),Y,M,Municipal,,X,,,,,,,,,,,,X,
2024,13993,City of Oglesby - (IL),Y,M,Municipal,,X,,,,,,,,,,,,X,
2024,13994,Oglethorpe Power Corporation,,C,Cooperative,,,,,,,,,,,X,,,,X
2024,13997,Village of Ohio City - (OH),Y,M,Municipal,,,,,,,,,,,,,,X,
2024,13998,Ohio Edison Co,,I,Investor Owned,X,X,,X,X,X,X,,X,,X,X,X,X,X
2024,14006,Ohio Power Co,,I,Investor Owned,X,X,,,X,X,X,,X,X,X,X,X,X,X
2024,14012,"Ohop Mutual Light Company, Inc",Y,C,Cooperative,,X,,,,,,,,,,,,X,
2024,14015,Ohio Valley Electric Corp,,I,Investor Owned,X,X,,,,,,,,,X,,X,X,X
2024,14022,Town of Oak City - (UT),Y,M,Municipal,,,,,,,,,,,,,,X,
2024,14054,Town of Oak Creek - (CO),Y,M,Municipal,,X,,,,,,,,,,,,X,
2024,14055,PUD No 1 of Okanogan County,,P,Political Subdivision,,X,,,X,,,,X,,X,X,X,X,X
2024,14057,Okeene Public Works Authority,Y,M,Municipal,,X,,,,,,,,,,,,X,
2024,14062,Oklahoma Electric Coop Inc,,C,Cooperative,X,X,,,X,X,,,X,,X,X,X,X,X
2024,14063,Oklahoma Gas & Electric Co,,I,Investor Owned,X,X,,X,X,X,X,,X,,X,X,X,X,X
2024,14074,"Okanogan County Elec Coop, Inc",Y,C,Cooperative,,X,,,,,,,,,,,,X,
2024,14077,Oklahoma Municipal Power Authority,,S,State,,,,,,,,,,,X,,,,X
2024,14078,City of Okolona,,M,Municipal,,X,,,X,X,,,,,X,,X,X,X
2024,14103,City of Olive Hill - (KY),Y,M,Municipal,,X,,,,,,,,,,,,X,
2024,14107,City of Olivia - (MN),Y,M,Municipal,,X,,,,,,,,,,,,X,
2024,14109,"Oregon Trail El Cons Coop, Inc",,C,Cooperative,,X,,,X,,X,,X,X,X,X,X,X,X
2024,14124,Borough of Olyphant - (PA),Y,M,Municipal,,X,,,,,,,,,,,,X,
2024,14125,"Oneida-Madison Elec Coop, Inc",Y,C,Cooperative,,X,,,,,,,,,,,,X,
2024,14127,Omaha Public Power District,,P,Political Subdivision,X,X,,X,X,X,X,,X,X,X,X,X,X,X
2024,14132,City of Onawa - (IA),Y,M,Municipal,,X,,,,,,,,,,,,X,
2024,14138,City of Onida - (SD),Y,M,Municipal,,,,,,,,,,,,,,X,
2024,14146,City of Opelika - (AL),,M,Municipal,,X,,,X,X,,,,,X,X,X,X,X
2024,14151,City of Opp - (AL),Y,M,Municipal,,X,,,,,,,,,,,,X,
2024,14154,Orange & Rockland Utils Inc,,I,Investor Owned,X,X,,X,X,,X,,X,,X,X,X,X,X
2024,14156,Ontonagon County R E A,Y,C,Cooperative,,X,,,,,,,,,,,,X,
2024,14159,City of Orange City - (IA),Y,M,Municipal,,X,,,,,,,,,,,,X,
2024,14160,Orange County Rural E M C,Y,C,Cooperative,,X,,,,X,,,,,,,,X,
2024,14164,City of Orangeburg - (SC),,M,Municipal,,X,,,X,X,,,X,,X,X,X,X,X
2024,14166,City of Orient - (IA),Y,M,Municipal,,,,,,,,,,,,,,X,
2024,14170,Orcas Power & Light Coop,,C,Cooperative,,X,,,X,X,,,X,,X,X,X,X,X
2024,14172,City of Ord - (NE),Y,M,Municipal,,X,,,,,,,,,,,,X,
2024,14175,"Tri-County Electric Coop, Inc (SC)",,C,Cooperative,,X,,X,X,X,,,X,,X,X,X,X,X
2024,14176,City of Orlando - (OK),Y,M,Municipal,,,,,,,,,,,,,,X,
2024,14178,"P K M Electric Coop, Inc",Y,C,Cooperative,,X,,,,,,,,,,,,X,
2024,14191,South Feather Water and Power Agency,,P,Political Subdivision,,,,,,,,,,,X,,,,X
2024,14192,Osage Valley Elec Coop Assn,,C,Cooperative,,X,,,X,,,,X,,X,X,X,X,X
2024,14194,City of Orrville - (OH),,M,Municipal,,X,,,X,,,,,,X,X,X,X,X
2024,14196,City of Ortonville - (MN),Y,M,Municipal,,X,,,,,,,,,,,,X,
2024,14198,Price Municipal Corporation,Y,M,Municipal,,X,,,,,,,,,,,,X,
2024,14199,City of Osage City - (KS),Y,M,Municipal,,X,,,,,,,,,,,,X,
2024,14201,City of Osage - (IA),Y,M,Municipal,,,,,,,,,,,,,,X,
2024,14202,"Osceola Electric Coop, Inc",Y,C,Cooperative,,X,,,,,,,,,,,,X,
2024,14203,City of Osawatomie - (KS),Y,M,Municipal,,X,,,,,,,,,,,,X,
2024,14214,City of Osborne - (KS),Y,M,Municipal,,,,,,,,,,,,,,X,
2024,14216,City of Osceola - (AR),Y,M,Municipal,,X,,,,,,,,,,,,X,
2024,14224,Otero County Electric Coop Inc,,C,Cooperative,,X,,,X,,,,X,,X,,X,X,X
2024,14229,City of Ottawa - (KS),Y,M,Municipal,,X,,,,,,,,,,,,X,
2024,14232,Otter Tail Power Co,,I,Investor Owned,X,X,,X,X,X,X,,X,,X,X,X,X,X
2024,14234,City of Ouzinkie - (AK),Y,M,Municipal,,,,,,,,,,,,,,X,
2024,14238,Ouachita Electric Coop Corp,,C,Cooperative,,X,,,X,,,,,,X,,X,X,X
2024,14245,Overton Power District No 5,,P,Political Subdivision,,X,,,X,,,,X,,X,X,X,X,X
2024,14246,City of Owatonna - (MN),,M,Municipal,,X,,X,X,X,X,,X,X,X,X,X,X,X
2024,14251,Owen Electric Coop Inc,,C,Cooperative,,X,,,X,X,,,X,,X,X,X,X,X
2024,14261,Village of Orleans - (VT),Y,M,Municipal,,,,,,,,,,,,,,X,
2024,14267,"Otsego Electric Coop, Inc",Y,C,Cooperative,,X,,,,X,,,,,,,,X,
2024,14268,City of Owensboro - (KY),,M,Municipal,,X,,,X,,,,X,,X,X,X,X,X
2024,14275,City of Oxford - (MS),,M,Municipal,,X,,,X,X,,,,X,X,X,X,X,X
2024,14276,City of Oxford - (KS),Y,M,Municipal,,X,,,,,,,,,,,,X,
2024,14277,Village of Oxford - (NE),Y,M,Municipal,,X,,,,,,,,,,,,X,
2024,14285,Ozark Border Electric Coop,,C,Cooperative,,X,,,X,,,,X,,X,,X,X,X
2024,14288,Ozark Electric Coop Inc - (MO),,C,Cooperative,,X,,,X,,,,X,,X,,X,X,X
2024,14289,Ozarks Electric Coop Corp - (AR),,C,Cooperative,,X,,,X,X,,,X,X,X,X,X,X,X
2024,14323,Pacific Northwest Generating Coop,,C,Cooperative,,,,,,,,,,,X,,,,X
2024,14324,PUD No 2 of Pacific County,,P,Political Subdivision,,X,,,X,,,,X,,X,,X,X,X
2024,14328,Pacific Gas & Electric Co.,,I,Investor Owned,X,X,,X,X,X,X,,X,X,X,X,X,X,X
2024,14349,"Avangrid Power, LLC",,R,Retail Power Marketer,X,,,,,,,,,,X,,X,,X
2024,14354,PacifiCorp,,I,Investor Owned,X,X,,X,X,X,X,,X,X,X,X,X,X,X
2024,14371,City of Paducah - (KY),,M,Municipal,,X,,,X,,,,,,X,X,X,X,X
2024,14373,Page Utility Enterprises,Y,M,Municipal,,X,,,,,,,,,,,,X,
2024,14381,City of Painesville,,M,Municipal,,X,,,X,,,,,,X,X,X,X,X
2024,14396,City of Palmetto - (GA),Y,M,Municipal,,X,,,,,,,,,,,,X,
2024,14398,Palmetto Electric Coop Inc,,C,Cooperative,X,X,,X,X,X,,,X,X,X,X,X,X,X
2024,14400,City of Palmyra - (MO),Y,M,Municipal,,X,,,,,,,,,,,,X,
2024,14401,City of Palo Alto - (CA),,M,Municipal,,X,,,X,X,X,,X,X,X,X,X,X,X
2024,14424,"Panola-Harrison Elec Coop, Inc",,C,Cooperative,,X,,,X,,,,X,,X,X,X,X,X
2024,14426,Panhandle Rural El Member Assn,Y,C,Cooperative,,X,,,,,,,,,,,,X,
2024,14433,City of Panora - (IA),Y,M,Municipal,,X,,,,,,,,,,,,X,
2024,14435,Town of Paoli - (IN),Y,M,Municipal,,,,,,,,,,,,,,X,
2024,14443,Town of Paragonah - (UT),Y,M,Municipal,,,,,,,,,,,,,,X,
2024,14446,Paragould Municipal Utilities,,M,Municipal,,X,,,X,,,,X,,X,,X,X,X
2024,14451,Village of Pardeeville - (WI),Y,M,Municipal,,X,,,,,,,,,,,,X,
2024,14455,City of Paris - (TN),,M,Municipal,,X,,,X,X,,,,X,X,X,X,X,X
2024,14456,City of Paris - (MO),Y,M,Municipal,,,,,,,,,,,,,,X,
2024,14459,City of Paris - (KY),Y,M,Municipal,,X,,,,,,,,,,,,X,
2024,14460,City of Paris - (AR),Y,M,Municipal,,,,,,,,,,,,,,X,
2024,14468,People's Cooperative Services,,C,Cooperative,,X,,X,X,X,X,,X,X,X,X,X,X,X
2024,14471,Parke County Rural E M C,Y,C,Cooperative,,X,,,,X,,,,,,,,X,
2024,14472,Borough of Park Ridge - (NJ),Y,M,Municipal,,,,,,,,,,,,,,X,
2024,14473,City of Paton - (IA),Y,M,Municipal,,,,,,,,,,,,,,X,
2024,14474,City of Park River - (ND),Y,M,Municipal,,X,,,,,,,,,,,,X,
2024,14489,City of Parker - (SD),Y,M,Municipal,,X,,,,,,,,,,,,X,
2024,14500,Park Electric Coop Inc,Y,C,Cooperative,,X,,,,,,,,,,,,X,
2024,14505,Parkland Light & Water Company,Y,C,Cooperative,,X,,,,,,,,,,,,X,
2024,14512,Parowan City Corporation,Y,M,Municipal,,X,,,,,,,,,,,,X,
2024,14534,City of Pasadena - (CA),,M,Municipal,X,X,,,X,X,X,,X,X,X,X,X,X,X
2024,14537,Pascoag Utility District,,M,Municipal,X,X,,,X,,X,,X,,X,,X,X,X
2024,14543,Tohono O'Odham Utility Authority,Y,P,Political Subdivision,,X,,,,,,,,,,,,X,
2024,14563,Pearl River Valley El Pwr Assn,,C,Cooperative,,X,,,X,X,X,,X,,X,X,X,X,X
2024,14577,City of Paullina - (IA),Y,M,Municipal,,X,,,,,,,,,,,,X,
2024,14581,Village of Paw Paw - (MI),Y,M,Municipal,,X,,,,,,,,,,,,X,
2024,14582,City of Pawhuska - (OK),Y,M,Municipal,,X,,,,,,,,,,,,X,
2024,14583,City of Pawnee - (OK),Y,M,Municipal,,,,,,,,,,,,,,X,
2024,14585,Town of Paxton - (MA),Y,M,Municipal,,X,,,,,,,,,,,,X,
2024,14599,"Paulding-Putman Elec Coop, Inc",,C,Cooperative,,X,,,X,,,,,,X,,X,X,X
2024,14600,Payson City Corporation,Y,M,Municipal,,X,,,,,,,,,,,,X,
2024,14602,Pea River Electric Coop,,C,Cooperative,,X,,,X,X,,,,,X,,X,X,X
2024,14605,City of Peabody - (MA),,M,Municipal,,X,,,X,X,,,X,,X,,X,X,X
2024,14606,"Peace River Electric Coop, Inc",,C,Cooperative,,X,,,X,X,X,,X,,X,X,X,X,X
2024,14610,Orlando Utilities Comm,,M,Municipal,,X,,,X,X,X,,X,X,X,X,X,X,X
2024,14624,PUD No 2 of Grant County,,P,Political Subdivision,,X,,X,X,,X,,X,,X,X,X,X,X
2024,14626,"Pedernales Electric Coop, Inc",,C,Cooperative,,X,,,X,X,,,X,,X,X,X,X,X
2024,14633,Pedro Bay Village Council - (AK),Y,M,Municipal,,,,,,,,,,,,,,X,
2024,14645,City of Pella - (IA),Y,M,Municipal,,X,,,,,,,,,,,,X,
2024,14648,Borough of Pemberton - (NJ),Y,M,Municipal,,,,,,,,,,,,,,X,
2024,14649,Planters Electric Member Corp,,C,Cooperative,,X,,,X,,,,,,X,,X,X,X
2024,14650,Village of Pemberville - (OH),Y,M,Municipal,,X,,,,,,,,,,,,X,
2024,14653,PUD No 1 of Pend Oreille County,,P,Political Subdivision,,X,,,X,,,,X,,X,,X,X,X
2024,14656,City of Pender - (NE),Y,M,Municipal,,X,,,,,,,,,,,,X,
2024,14659,Town of Pendleton - (IN),Y,M,Municipal,,X,,,,,,,,,,,,X,
2024,14668,Peninsula Light Company,,C,Cooperative,,X,,,X,,X,,X,,X,X,X,X,X
2024,14700,Village of Penn Yan - (NY),Y,M,Municipal,,,,,,,,,,,,,,X,
2024,14712,Pemiscot-Dunklin Elec Coop Inc,Y,C,Cooperative,,X,,,,,,,,,,,,X,
2024,14715,PPL Electric Utilities Corp,,I,Investor Owned,X,X,,,X,X,X,,X,,X,X,X,X,X
2024,14717,Pee Dee Electric Member Corp,,C,Cooperative,,X,,X,X,X,X,,X,,X,X,X,X,X
2024,14724,Pennyrile Rural Electric Coop,,C,Cooperative,X,X,,,X,X,,,,X,X,X,X,X,X
2024,14771,PUD No 1 of Asotin County,Y,M,Municipal,,,,,,,,,,,,,,X,
2024,14775,People's Electric Cooperative,,C,Cooperative,,X,,,X,,,,X,X,X,X,X,X,X
2024,14792,Borough of Perkasie - (PA),Y,M,Municipal,,X,,,,,,,,,,,,X,
2024,14806,City of Perry - (MO),Y,M,Municipal,,,,,,,,,,,,,,X,
2024,14829,City of Perry - (OK),Y,M,Municipal,,X,,,,,,,,,,,,X,
2024,14832,Native Village of Perryville - (AK),Y,M,Municipal,,,,,,,,,,,,,,X,
2024,14839,City of Peru - (IN),,M,Municipal,,X,,,X,,,,X,,X,X,X,X,X
2024,14840,City of Peru - (IL),,M,Municipal,,X,,,X,X,,,X,,X,,X,X,X
2024,14841,City of Peterson - (MN),Y,M,Municipal,,,,,,,,,,,,,,X,
2024,14856,Petersburg Borough - (AK),Y,M,Municipal,,X,,,,,,,,,,,,X,
2024,14857,Pitt & Greene Elec Member Corp,Y,C,Cooperative,,X,,,,,,,,,,,,X,
2024,14864,Petit Jean Electric Coop Corp,,C,Cooperative,,X,,,X,X,,,X,,X,X,X,X,X
2024,14867,City of Petoskey - (MI),Y,M,Municipal,,X,,,,,,,,,,,,X,
2024,14940,PECO Energy Co,,I,Investor Owned,X,X,,,X,X,X,,X,,X,X,X,X,X
2024,14945,Village of Philadelphia - (NY),Y,M,Municipal,,,,,,,,,,,,,,X,
2024,14947,City of Philadelphia - (MS),,M,Municipal,,X,,,X,,,,,,X,,X,X,X
2024,14954,Philippi Municipal Electric,Y,M,Municipal,,,,,,,,,,,,,,X,
2024,14999,"Pilot Power Group, LLC",,R,Retail Power Marketer,X,,,,,,,,,,X,,X,,X
2024,15016,Pickwick Electric Coop,,C,Cooperative,,X,,,X,,,,,X,X,X,X,X,X
2024,15022,City of Piedmont - (AL),Y,M,Municipal,,,,,,,,,,,,,,X,
2024,15023,Piedmont Electric Member Corp,,C,Cooperative,,X,,X,X,X,X,,X,X,X,X,X,X,X
2024,15028,Piedmont Municipal Power Agny,,P,Political Subdivision,,,,,,,,,,,X,,,,X
2024,15034,Pierce-Pepin Coop Services,Y,C,Cooperative,,X,,,,,,,,,,,,X,
2024,15039,City of Pierce - (NE),Y,M,Municipal,,X,,,,,,,,,,,,X,
2024,15040,City of Pierre - (SD),,M,Municipal,X,X,,,X,,,,,,X,,X,X,X
2024,15041,City of Pierz - (MN),Y,M,Municipal,,X,,,,,,,,,,,,X,
2024,15043,City of Piggott - (AR),Y,M,Municipal,,X,,,,,,,,,,,,X,
2024,15045,Pike County Light & Power Co,,I,Investor Owned,X,X,,,X,,,,X,,X,X,X,X,X
2024,15046,Town of Pikeville - (NC),Y,M,Municipal,,X,,,,,,,,,,,,X,
2024,15048,Electrical Dist No2 Pinal County,,P,Political Subdivision,,X,,,X,,,,,,X,X,X,X,X
2024,15049,Electrical Dist No4 Pinal County,Y,P,Political Subdivision,,X,,,,,,,,,,,,X,
2024,15051,City of Pine Bluffs - (WY),Y,M,Municipal,,X,,,,,,,,,,,,X,
2024,15054,"Pioneer Rural Elec Coop, Inc - (OH)",,C,Cooperative,,X,,,X,,,,,,X,X,X,X,X
2024,15058,Town of Pinetops - (NC),Y,M,Municipal,,X,,,,,,,,,,,,X,
2024,15062,Town of Pineville - (NC),Y,M,Municipal,,X,,,,,,,,,,,,X,
2024,15072,Village of Pioneer - (OH),Y,M,Municipal,,,,,,,,,,,,,,X,
2024,15073,"Pioneer Electric Coop, Inc - (KS)",,C,Cooperative,,X,,,X,,,,X,X,X,X,X,X,X
2024,15086,Pioneer Power and Light Co,,I,Investor Owned,X,X,,,X,X,,,,,X,,X,X,X
2024,15095,City of Piqua - (OH),,M,Municipal,,X,,,X,,,,,,X,X,X,X,X
2024,15104,Borough of Pitcairn - (PA),Y,M,Municipal,,X,,,,,,,,,,,,X,
2024,15116,Town of Pittsboro - (IN),Y,M,Municipal,,X,,,,,,,,,,,,X,
2024,15127,Placer County Water Agency,,P,Political Subdivision,,,,,,,,,,,X,,,,X
2024,15134,City of Plankinton - (SD),Y,M,Municipal,,X,,,,,,,,,,,,X,
2024,15137,City of Plaquemine - (LA),Y,M,Municipal,,,,,,,,,,,,,,X,
2024,15138,"Platte-Clay Electric Coop, Inc",,C,Cooperative,,X,,,X,,,,X,,X,X,X,X,X
2024,15141,Plateau Electric Cooperative,,C,Cooperative,,X,,,X,X,,,,X,X,X,X,X,X
2024,15143,Platte River Power Authority,,P,Political Subdivision,,,,,,,,,,,X,,,,X
2024,15145,City of Plattsburgh - (NY),,M,Municipal,,X,,,X,,,,,,X,,X,X,X
2024,15159,City of Plymouth - (WI),,M,Municipal,,X,,,X,X,,,X,,X,X,X,X,X
2024,15175,Pointe Coupee Elec Member Corp,,C,Cooperative,,X,,,X,,,,X,,X,X,X,X,X
2024,15180,City of Pocahontas - (IA),Y,M,Municipal,,X,,,,,,,,,,,,X,
2024,15188,Polk County Rural Pub Pwr Dist,Y,P,Political Subdivision,,X,,,,,,,,,,,,X,
2024,15201,City of Pomona - (KS),Y,M,Municipal,,X,,,,,,,,,,,,X,
2024,15202,City of Ponca City - (OK),,M,Municipal,,X,,,X,,,,,,X,X,X,X,X
2024,15203,Village of Plymouth - (OH),Y,M,Municipal,,,,,,,,,,,,,,X,
2024,15211,Pontotoc Electric Power Assn,,C,Cooperative,,X,,,X,X,,,,X,X,,X,X,X
2024,15229,City of Poplar Bluff - (MO),,M,Municipal,,X,,,X,,,,X,,X,X,X,X,X
2024,15231,City of Port Angeles - (WA),,M,Municipal,,X,,,X,,X,,X,,X,,X,X,X
2024,15246,City of Portland - (MI),Y,M,Municipal,,X,,,,,,,,,,,,X,
2024,15248,Portland General Electric Co,,I,Investor Owned,X,X,,X,X,X,,,X,X,X,X,X,X,X
2024,15257,"Poudre Valley REA, Inc",,C,Cooperative,X,X,,,X,,X,,X,,X,X,X,X,X
2024,15263,The Potomac Edison Company,,I,Investor Owned,X,X,,,X,X,X,,X,,X,X,X,X,X
2024,15270,Potomac Electric Power Co,,I,Investor Owned,X,X,,X,X,X,X,,X,,X,X,X,X,X
2024,15291,Prairie Energy Coop,,C,Cooperative,,X,,,X,,,,X,X,X,X,X,X,X
2024,15293,Powell Valley Electric Coop,,C,Cooperative,,X,,,X,X,,,,X,X,X,X,X,X
2024,15294,City of Powell - (WY),Y,M,Municipal,,X,,,,,,,,,,,,X,
2024,15296,New York Power Authority,,S,State,X,,,,,,X,,,,X,,X,,X
2024,15297,City of Plummer - (ID),Y,M,Municipal,,,,,,X,,,,,,,,X,
2024,15308,Plumas-Sierra Rural Elec Coop,Y,C,Cooperative,,X,,,,,,,,,,,,X,
2024,15311,Prague Public Works Authority,Y,M,Municipal,,X,,,,,,,,,,,,X,
2024,15312,Village of Prairie Du Sac - (WI),,M,Municipal,,X,,,X,X,,,X,,X,,X,X,X
2024,15321,City of Pratt- (KS),Y,M,Municipal,,X,,,,,,,,,,,,X,
2024,15327,PUD No 1 of Wahkiakum County,Y,P,Political Subdivision,,X,,,,,,,,,,,,X,
2024,15334,Prentiss County Elec Pwr Assn,,C,Cooperative,,X,,,X,,,,,X,X,,X,X,X
2024,15336,City of Prescott - (KS),Y,M,Municipal,,X,,,,,,,,,,,,X,
2024,15337,City of Prescott - (AR),Y,M,Municipal,,X,,,,,,,,,,,,X,
2024,15340,Presque Isle Elec & Gas Coop,,C,Cooperative,,X,,,X,X,X,,X,,X,X,X,X,X
2024,15344,Polk-Burnett Electric Coop,,C,Cooperative,,X,,X,X,,X,,X,,X,X,X,X,X
2024,15346,Village of Polk - (NE),Y,M,Municipal,,,,,,,,,,,,,,X,
2024,15348,Preston Public Utilities Comm,Y,M,Municipal,,X,,,,,,,,,,,,X,
2024,15349,City of Preston,,M,Municipal,,X,,,X,,,,X,,X,,X,X,X
2024,15352,Village of Prague - (NE),Y,M,Municipal,,,,,,,,,,,,,,X,
2024,15356,Price Electric Coop Inc,Y,C,Cooperative,,X,,,,,,,,,,,,X,
2024,15371,Town of Princeton - (MA),Y,M,Municipal,,X,,,,,,,,,,,,X,
2024,15377,City of Primghar - (IA),Y,M,Municipal,,X,,,,,,,,,,,,X,
2024,15385,City of Princeton - (WI),Y,M,Municipal,,,,,,,,,,,,,,X,
2024,15386,City of Princeton - (KY),Y,M,Municipal,,X,,,,,,,,,,,,X,
2024,15387,Princeton Public Utils Comm,Y,M,Municipal,,X,,,,,,,,,,,,X,
2024,15388,City of Princeton - (IL),Y,M,Municipal,,X,,,,,,,,,,,,X,
2024,15410,Prince George Electric Coop,,C,Cooperative,,X,,,X,,,,X,,X,X,X,X,X
2024,15419,PUD No 3 of Mason County,,P,Political Subdivision,,X,,,X,,X,,X,,X,X,X,X,X
2024,15432,Prospect Corporation,Y,M,Municipal,,,,,,,,,,,,,,X,
2024,15433,Town of Prosperity - (SC),Y,M,Municipal,,X,,,,,,,,,,,,X,
2024,15443,City of Providence - (KY),Y,M,Municipal,,,,,,,,,,,,,,X,
2024,15444,Provo City Corp,,M,Municipal,X,X,,,X,X,,,X,,X,X,X,X,X
2024,15460,Proctor Public Utilities Comm,Y,M,Municipal,,X,,,,,,,,,,,,X,
2024,15462,City of Pryor - (OK),Y,M,Municipal,,,,,,,,,,,,,,X,
2024,15466,Public Service Co of Colorado,,I,Investor Owned,X,X,,X,X,X,X,,X,,X,X,X,X,X
2024,15470,"Duke Energy Indiana, LLC",,I,Investor Owned,X,X,,X,X,X,X,,X,X,X,X,X,X,X
2024,15472,Public Service Co of NH,,I,Investor Owned,X,X,,X,X,X,X,,X,X,X,X,X,X,X
2024,15473,Public Service Co of NM,,I,Investor Owned,X,X,,X,X,X,X,,X,,X,X,X,X,X
2024,15474,Public Service Co of Oklahoma,,I,Investor Owned,X,X,,X,X,X,X,,X,X,X,X,X,X,X
2024,15477,Public Service Elec & Gas Co,,I,Investor Owned,X,X,,,X,,X,,X,X,X,X,X,X,X
2024,15497,Puerto Rico Electric Pwr Authority,,S,State,X,X,,X,X,X,,,X,X,X,X,X,X,X
2024,15500,Puget Sound Energy Inc,,I,Investor Owned,X,X,,X,X,X,X,,X,X,X,X,X,X,X
2024,15507,City of Pulaski - (TN),,M,Municipal,,X,,,X,X,,,,X,X,X,X,X,X
2024,15515,City of Purcell - (OK),Y,M,Municipal,,X,,,,,,,,,,,,X,
2024,15541,Borough of Quakertown - (PA),Y,M,Municipal,,X,,,,,,,,,,,,X,
2024,15566,City of Quincy - (FL),Y,M,Municipal,,,,,,,,,,,,,,X,
2024,15573,City of Quitman,Y,M,Municipal,,,,,,,,,,,,,,X,
2024,15619,City of Radford - (VA),Y,M,Municipal,,X,,,,,,,,,,,,X,
2024,15665,City of Randall - (MN),Y,M,Municipal,,X,,,,,,,,,,,,X,
2024,15671,Randolph Electric Member Corp,,C,Cooperative,,X,,X,X,X,X,,,X,X,X,X,X,X
2024,15672,Ralls County Electric Coop,Y,C,Cooperative,,X,,,,,,,,,,,,X,
2024,15674,City of Randolph - (NE),Y,M,Municipal,,,,,,,,,,,,,,X,
2024,15686,Village of Rantoul - (IL),Y,M,Municipal,,X,,,,,,,,,,,,X,
2024,15698,Raton Public Service Company,Y,M,Municipal,,X,,,,,,,,,,,,X,
2024,15700,Rayle Electric Membership Corp,,C,Cooperative,,X,,X,X,,X,,X,,X,X,X,X,X
2024,15711,Rainbow Energy Marketing Corp,,W,Wholesale Power Marketer,,,,,,,,,,,X,,,,X
2024,15728,City of Rayne - (LA),Y,M,Municipal,,,,,,,,,,,,,,X,
2024,15746,Red River Valley Rrl Elec Assn,,C,Cooperative,,X,,,X,,,,,,X,,X,X,X
2024,15748,Town of Reading - (MA),,M,Municipal,X,X,,X,X,X,X,,X,,X,X,X,X,X
2024,15750,Redwood Electric Coop,Y,C,Cooperative,,X,,,,,,,,,,,,X,
2024,15751,City of Readlyn - (IA),Y,M,Municipal,,X,,,,,,,,,,,,X,
2024,15772,City of Red Bud - (IL),Y,M,Municipal,,,,,,,,,,,,,,X,
2024,15773,City of Red Cloud - (NE),Y,M,Municipal,,,,,,,,,,,,,,X,
2024,15776,Central Florida Tourism Oversight District,,M,Municipal,,X,,,X,,,,X,,X,,X,X,X
2024,15778,Town of Red Springs - (NC),Y,M,Municipal,,X,,,,,,,,,,,,X,
2024,15783,City of Redding - (CA),,M,Municipal,,X,,,X,,X,,X,,X,X,X,X,X
2024,15787,Redlands Water & Power Company,,I,Investor Owned,,,,,,,,,,,X,,,,X
2024,15793,Redwood Falls Public Util Comm,Y,M,Municipal,,X,,,,,,,,,,,,X,
2024,15804,Reedsburg Utility Comm,,M,Municipal,,X,,,X,X,,,X,,X,,X,X,X
2024,15811,"Rich Mountain Elec Coop, Inc",Y,C,Cooperative,,,,,,,,,,,,,,X,
2024,15845,Renville-Sibley Coop Pwr Assn,Y,C,Cooperative,,X,,,,,,,,,,,,X,
2024,15846,City of Remsen - (IA),Y,M,Municipal,,X,,,,,,,,,,,,X,
2024,15847,Reliant Energy Retail Services,,R,Retail Power Marketer,X,,,,,,,,,,X,,X,,X
2024,15860,City of Rensselaer - (IN),Y,M,Municipal,,X,,,,,,,,,,,,X,
2024,15862,City of Renwick - (IA),Y,M,Municipal,,,,,,,,,,,,,,X,
2024,15865,Village of Republic - (OH),Y,M,Municipal,,X,,,,,,,,,,,,X,
2024,15923,City of Pond Creek - (OK),Y,M,Municipal,,X,,,,,,,,,,,,X,
2024,15938,Rice Lake Utilities,Y,M,Municipal,,X,,,,X,,,,,,,,X,
2024,15978,City of Richland Center - (WI),,M,Municipal,,X,,,X,X,,,X,,X,X,X,X,X
2024,15979,City of Richland - (WA),,M,Municipal,,X,,,X,,X,,X,,X,X,X,X,X
2024,15981,City of Richland - (MO),Y,M,Municipal,,,,,,,,,,,,,,X,
2024,15982,Town of Richlands - (VA),Y,M,Municipal,,X,,,,,,,,,,,,X,
2024,15983,Richland Electric Coop,Y,C,Cooperative,,X,,,,,,,,,,,,X,
2024,15989,City of Richmond - (IN),,M,Municipal,,X,,,X,X,,,X,X,X,X,X,X,X
2024,15991,Village of Richmondville - (NY),Y,M,Municipal,,,,,,,,,,,,,,X,
2024,16022,Village of Reynolds - (NE),Y,M,Municipal,,,,,,,,,,,,,,X,
2024,16057,"Rio Grande Electric Coop, Inc",,C,Cooperative,,X,,,X,X,,,,X,X,X,X,X,X
2024,16060,Riverland Energy Cooperative,,C,Cooperative,,X,,X,X,X,X,,,,X,X,X,X,X
2024,16062,Village of Ripley - (OH),Y,M,Municipal,,X,,,,,,,,,,,,X,
2024,16063,"Rita Blanca Electric Coop, Inc",,C,Cooperative,,X,,,X,,,,X,,X,X,X,X,X
2024,16068,City of Rising Sun - (IN),Y,M,Municipal,,X,,,,,,,,,,,,X,
2024,16082,City of River Falls,,M,Municipal,,X,,,X,X,,,X,,X,X,X,X,X
2024,16088,City of Riverside - (CA),,M,Municipal,,X,,,X,X,X,,X,X,X,X,X,X,X
2024,16092,Village of Riverton - (IL),Y,M,Municipal,,X,,,,,,,,,,,,X,
2024,16101,Roanoke Electric Member Corp,,C,Cooperative,,X,,X,X,X,X,,X,,X,X,X,X,X
2024,16105,City of Riverdale - (ND),Y,M,Municipal,,X,,,,,,,,,,,,X,
2024,16113,City of Robersonville - (NC),Y,M,Municipal,,,,,,,,,,,,,,X,
2024,16135,City of Robinson - (KS),Y,M,Municipal,,,,,,,,,,,,,,X,
2024,16140,City of Robertsdale,Y,M,Municipal,,X,,,,,,,,,,,,X,
2024,16146,"Navasota Valley Elec Coop, Inc",,C,Cooperative,,X,,,X,,,,X,,X,X,X,X,X
2024,16164,Roosevelt Public Power Dist,Y,P,Political Subdivision,,X,,,,,,,,,,,,X,
2024,16175,City of Robstown - (TX),Y,M,Municipal,,,,,,,,,,,,,,X,
2024,16177,"Robison Energy, LLC",,R,Retail Power Marketer,X,,,,,,,,,,X,,X,,X
2024,16179,Rochelle Municipal Utilities,,M,Municipal,,X,,,X,X,,,X,,X,X,X,X,X
2024,16181,Rochester Public Utilities,,M,Municipal,X,X,,X,X,X,X,,X,X,X,X,X,X,X
2024,16183,Rochester Gas & Electric Corp,,I,Investor Owned,X,X,,X,X,X,X,,X,X,X,X,X,X,X
2024,16195,City of Rock Hill - (SC),,M,Municipal,,X,,X,X,,,,X,X,X,X,X,X,X
2024,16196,Rock Energy Cooperative,,C,Cooperative,,X,,,X,,,,X,X,X,X,X,X,X
2024,16198,City of Rock Falls - (IL),Y,M,Municipal,,X,,,,,,,,,,,,X,
2024,16206,Rock Rapids Municipal Utility,Y,M,Municipal,,X,,,,,,,,,,,,X,
2024,16211,City of Rockford- (IA),Y,M,Municipal,,X,,,,,,,,,,,,X,
2024,16213,Rockland Electric Co,,I,Investor Owned,X,X,,X,X,,X,,X,,X,X,X,X,X
2024,16217,Village of Rockville Centre - (NY),Y,M,Municipal,,X,,,,,,,,,,,,X,
2024,16219,Town of Rockville - (IN),Y,M,Municipal,,X,,,,,,,,,,,,X,
2024,16223,City of Rockwood - (TN),,M,Municipal,,X,,,X,X,,,,X,X,X,X,X,X
2024,16226,City of Rocky Mount - (NC),,M,Municipal,,X,,,X,,,,,,X,X,X,X,X
2024,16259,City of Rolla - (MO),,M,Municipal,,X,,,X,,,,X,,X,X,X,X,X
2024,16267,Rolling Hills Electric Coop,Y,C,Cooperative,,X,,,,X,,,,,,,,X,
2024,16269,City of Roodhouse - (IL),Y,M,Municipal,,X,,,,,,,,,,,,X,
2024,16273,Roosevelt Irrigation District,Y,P,Political Subdivision,,,,,,,,,,,,,,,
2024,16284,"Roseau Electric Coop, Inc",Y,C,Cooperative,,X,,,,,,,,,,,,X,
2024,16285,City of Roseau - (MN),Y,M,Municipal,,X,,,,,,,,,,,,X,
2024,16286,Rosebud Electric Coop Inc,,C,Cooperative,X,X,,,X,,,,,,X,X,X,X,X
2024,16295,City of Roseville - (CA),,M,Municipal,,X,,X,X,X,X,,X,,X,X,X,X,X
2024,16325,Village of Rouses Point - (NY),Y,M,Municipal,,X,,,,,,,,,,,,X,
2024,16368,Runestone Electric Assn,,C,Cooperative,,X,,,X,,,,X,X,X,X,X,X,X
2024,16375,Borough of Royalton - (PA),Y,M,Municipal,,,,,,,,,,,,,,X,
2024,16377,Town of Rowley - (MA),Y,M,Municipal,,X,,,,,,,,,,,,X,
2024,16382,"Rural Electric Coop, Inc - (OK)",,C,Cooperative,,X,,,X,,,,X,,X,X,X,X,X
2024,16416,City of Rupert - (ID),Y,M,Municipal,,X,,,,,,,,,,,,X,
2024,16420,Rural Electric Conven Coop - (IL),Y,C,Cooperative,,X,,,,,,,,,,,,X,
2024,16427,City of Rushford - (MN),Y,M,Municipal,,,,,,,,,,,,,,X,
2024,16438,City of Russell - (MA),Y,M,Municipal,,X,,,,,,,,,,,,X,
2024,16440,City of Russell - (KS),Y,M,Municipal,,X,,,,,,,,,,,,X,
2024,16443,Rushmore Electric Pwr Coop Inc,,C,Cooperative,,,,,,,,,,,X,,,,X
2024,16451,City of Rushmore - (MN),Y,M,Municipal,,,,,,,,,,,,,,X,
2024,16458,City of Russellville - (AL),,M,Municipal,,X,,,X,X,,,,,X,,X,X,X
2024,16459,City of Russellville - (KY),,M,Municipal,,X,,,X,,,,,X,X,,X,X,X
2024,16461,"Rusk County Electric Coop, Inc",,C,Cooperative,,X,,,X,,,,X,,X,X,X,X,X
2024,16462,Town of Ruston - (WA),Y,M,Municipal,,X,,,,,,,,,,,,X,
2024,16463,City of Ruston - (LA),,M,Municipal,,X,,,X,,,,X,,X,X,X,X,X
2024,16487,Town of Ryan - (OK),Y,M,Municipal,,,,,,,,,,,,,,X,
2024,16496,Rutherford Elec Member Corp,,C,Cooperative,X,X,,X,X,X,,,X,,X,X,X,X,X
2024,16511,Sac-Osage Electric Coop Inc,Y,C,Cooperative,,X,,,,X,,,,,,,,X,
2024,16518,City of Sabetha - (KS),Y,M,Municipal,,,,,,,,,,,,,,X,
2024,16528,City of Sabula - (IA),Y,M,Municipal,,,,,,,,,,,,,,X,
2024,16534,Sacramento Municipal Util Dist,,P,Political Subdivision,X,X,,X,X,X,X,,X,X,X,X,X,X,X
2024,16537,Safe Harbor Water Power Corp,,I,Investor Owned,,,,,,,,,,,X,,,,X
2024,16538,City of Safford - (AZ),Y,M,Municipal,,X,,,,,,,,,,,,X,
2024,16549,City of Salamanca - (NY),Y,M,Municipal,,X,,,,,,,,,,,,X,
2024,16555,Salem Electric - (OR),,C,Cooperative,,X,,,X,,X,,X,X,X,X,X,X,X
2024,16557,Salem City Corporation - (UT),Y,M,Municipal,,X,,,,,,,,,,,,X,
2024,16558,City of Salem - (VA),,M,Municipal,,X,,,X,,,,X,,X,X,X,X,X
2024,16559,City of Salem - (MO),Y,M,Municipal,,X,,,,,,,,,,,,X,
2024,16560,City of Salisbury - (MO),Y,M,Municipal,,,,,,,,,,,,,,X,
2024,16561,City of Sallisaw - (OK),Y,M,Municipal,,X,,,,,,,,,,,,X,
2024,16565,Salmon River Electric Coop Inc,,C,Cooperative,X,X,,,X,X,,,,,X,X,X,X,X
2024,16572,Salt River Project,,P,Political Subdivision,X,X,,X,X,X,X,,X,X,X,X,X,X,X
2024,16587,Salt River Electric Coop Corp,,C,Cooperative,,X,,,X,,,,X,X,X,X,X,X,X
2024,16603,"San Luis Valley R E C, Inc",,C,Cooperative,X,X,,,X,X,X,,X,X,X,X,X,X,X
2024,16604,City of San Antonio - (TX),,M,Municipal,X,X,,X,X,X,X,,X,,X,X,X,X,X
2024,16605,City of San Augustine - (TX),Y,M,Municipal,,X,,,,,,,,,,,,X,
2024,16606,"Santee Electric Coop, Inc",,C,Cooperative,,X,,,X,,X,,X,X,X,X,X,X,X
2024,16609,San Diego Gas & Electric Co,,I,Investor Owned,X,X,,X,X,X,X,,X,X,X,X,X,X,X
2024,16610,City of Scribner - (NE),Y,M,Municipal,,,,,,,,,,,,,,X,
2024,16611,Access Energy Coop,,C,Cooperative,,X,,,X,,,,,X,X,X,X,X,X
2024,16612,City & County of San Francisco,,M,Municipal,X,X,,,X,,X,,X,,X,,X,X,X
2024,16613,Sam Houston Electric Coop Inc,,C,Cooperative,,X,,,X,,,,,,X,X,X,X,X
2024,16616,"San Isabel Electric Assn, Inc",,C,Cooperative,,X,,,X,X,,,X,X,X,X,X,X,X
2024,16622,"San Miguel Power Assn, Inc",,C,Cooperative,,X,,,X,,X,,X,X,X,,X,X,X
2024,16624,"San Miguel Electric Coop, Inc",,C,Cooperative,,,,,,,,,,,X,,,,X
2024,16627,San Patricio Electric Coop Inc,,C,Cooperative,,X,,X,X,,,,X,,X,X,X,X,X
2024,16628,City of Sanborn - (IA),Y,M,Municipal,,X,,,,,,,,,,,,X,
2024,16629,Sand Mountain Electric Coop,,C,Cooperative,,X,,,X,X,,,,X,X,,X,X,X
2024,16637,City of Sandersville - (GA),,M,Municipal,,X,,,X,X,,,,,X,,X,X,X
2024,16638,"San Bernard Electric Coop, Inc",,C,Cooperative,,X,,,X,,,,X,X,X,X,X,X,X
2024,16647,City of Sanger - (TX),Y,M,Municipal,,X,,,,,,,,,,,,X,
2024,16648,City of Santa Clara - (UT),Y,M,Municipal,,X,,,,,,,,,,,,X,
2024,16649,Sangre De Cristo Elec Assn Inc,Y,C,Cooperative,,X,,,,X,,,,,,,,X,
2024,16655,City of Santa Clara - (CA),,M,Municipal,X,X,,,X,,X,,X,X,X,X,X,X,X
2024,16667,City of Sargent - (NE),Y,M,Municipal,,,,,,,,,,,,,,X,
2024,16674,Satilla Rural Elec Member Corporation,,C,Cooperative,,X,,X,X,X,X,,X,,X,,X,X,X
2024,16679,City of Sauk Centre - (MN),Y,M,Municipal,,X,,,,X,,,,,,,,X,
2024,16680,Village of Sauk City - (WI),Y,M,Municipal,,X,,,,X,,,,,,,,X,
2024,16740,Scenic Rivers Energy Coop,,C,Cooperative,,X,,X,X,,X,,X,,X,X,X,X,X
2024,16751,Three Rivers Electric Coop,,C,Cooperative,,X,,,X,,,,X,,X,X,X,X,X
2024,16759,"Sheridan Electric Coop, Inc",Y,C,Cooperative,,X,,,,,,,,,,,,X,
2024,16765,City of Schulenburg - (TX),Y,M,Municipal,,X,,,,,,,,,,,,X,
2024,16778,City of Schuyler - (NE),Y,M,Municipal,,X,,,,,,,,,,,,X,
2024,16780,Borough of Schuylkill Haven - (PA),Y,M,Municipal,,X,,,,,,,,,,,,X,
2024,16788,Town of Scotland Neck - (NC),Y,M,Municipal,,X,,,,,,,,,,,,X,
2024,16805,SEMO Electric Cooperative,,C,Cooperative,,X,,X,X,,,,X,,X,X,X,X,X
2024,16821,Sam Rayburn Municipal Pwr Agny,,P,Political Subdivision,,,,,,,,,,,X,,,,X
2024,16829,City of Scottsboro - (AL),,M,Municipal,,X,,,X,X,,,,,X,X,X,X,X
2024,16830,City of Scottsburg - (IN),Y,M,Municipal,,X,,,,,,,,,,,,X,
2024,16834,City of Scranton - (KS),Y,M,Municipal,,,,,,,,,,,,,,X,
2024,16840,"Calpine Energy Solutions, LLC",,R,Retail Power Marketer,X,,,,,,,,,,X,,X,,X
2024,16845,Village of Shickley - (NE),Y,M,Municipal,,,,,,,,,,,,,,X,
2024,16851,SE-MA-NO Electric Coop,Y,C,Cooperative,,X,,,,,,,,,,,,X,
2024,16852,City of Seaford- (DE),Y,M,Municipal,,X,,,,,,,,,,,,X,
2024,16853,Borough of St Clair - (PA),Y,M,Municipal,,X,,,,,,,,,,,,X,
2024,16854,"Heartland Rural Elec Coop, Inc",Y,C,Cooperative,,X,,,,X,,,,,,,,X,
2024,16864,Seaside Heights Municipal Utility,Y,M,Municipal,,X,,,,,,,,,,,,X,
2024,16865,Sawnee Electric Membership Corporation,,C,Cooperative,,X,,X,X,X,X,,X,X,X,X,X,X,X
2024,16868,City of Seattle - (WA),,M,Municipal,X,X,,,X,X,X,,X,,X,X,X,X,X
2024,16873,Village of Sebewaing - (MI),Y,M,Municipal,,,,,,,,,,,,,,X,
2024,16876,City of Savonburg - (KS),Y,M,Municipal,,,,,,,,,,,,,,X,
2024,16900,City of Seguin - (TX),,M,Municipal,,X,,,X,,,,,X,X,X,X,X,X
2024,16914,Town of Selma - (NC),Y,M,Municipal,,X,,,,,,,,,,,,X,
2024,16920,Sedgwick County El Coop Assn Inc,Y,C,Cooperative,,X,,,,X,,,,,,,,X,
2024,16921,City of Seneca - (SC),Y,M,Municipal,,X,,,,,,,,,,,,X,
2024,16922,City of Seneca - (KS),Y,M,Municipal,,X,,,,,,,,,,,,X,
2024,16930,Sequachee Valley Electric Coop,,C,Cooperative,,X,,,X,X,,,,X,X,X,X,X,X
2024,16932,City of Sergeant Bluff - (IA),Y,M,Municipal,,X,,,,,,,,,,,,X,
2024,16949,Sevier County Electric System,,M,Municipal,,X,,,X,X,,,,X,X,X,X,X,X
2024,16951,Seville Board of Public Affairs,Y,M,Municipal,,X,,,,,,,,,,,,X,
2024,16953,City of Seward - (NE),Y,M,Municipal,,X,,,,,,,,,,,,X,
2024,16955,City of Seward - (AK),Y,M,Municipal,,X,,,,,,,,,,,,X,
2024,16959,City of Seymour - (MO),Y,M,Municipal,,,,,,,,,,,,,,X,
2024,16961,City of Seymour - (TX),Y,M,Municipal,,X,,,,,,,,,,,,X,
2024,16971,Shakopee Public Utilities Comm,,M,Municipal,,X,,,X,X,X,,X,,X,X,X,X,X
2024,16988,City of Sharon Springs - (KS),Y,M,Municipal,,,,,,,,,,,,,,X,
2024,16992,City of Stanton - (IA),Y,M,Municipal,,,,,,,,,,,,,,X,
2024,17004,Town of Sharpsburg - (NC),Y,M,Municipal,,X,,,,,,,,,,,,X,
2024,17008,"Sharyland Utilities, LLC",,T,Transmission,,,,,,,,,,,X,,,,X
2024,17011,Shawano Municipal Utilities,,M,Municipal,,X,,,X,X,,,,,X,X,X,X,X
2024,17028,City of Sheboygan Falls - (WI),Y,M,Municipal,,X,,,,,,,,,,,,X,
2024,17033,Sheffield Utilities,,M,Municipal,,X,,,X,X,,,,X,X,,X,X,X
2024,17035,City of Shelbina - (MO),Y,M,Municipal,,X,,,,,,,,,,,,X,
2024,17037,City of Shelby - (NC),Y,M,Municipal,,X,,,,X,,,,,,,,X,
2024,17038,RushShelby Energy,,C,Cooperative,,X,,,X,,,,X,,X,X,X,X,X
2024,17040,"Shelby Electric Coop, Inc - (IL)",,C,Cooperative,,X,,X,X,,,,X,X,X,,X,X,X
2024,17043,City of Shelby - (OH),Y,M,Municipal,,X,,,,,,,,,,,,X,
2024,17044,"Shelby Energy Coop, Inc - (KY)",,C,Cooperative,,X,,,X,,,,X,,X,X,X,X,X
2024,17045,City of Sharon- (ND),Y,M,Municipal,,X,,,,,,,,,,,,X,
2024,17046,City of Shelby - (IA),Y,M,Municipal,,,,,,,,,,,,,,X,
2024,17047,City of Shelbyville - (TN),,M,Municipal,,X,,,X,X,,,,X,X,X,X,X,X
2024,17066,Shenandoah Valley Elec Coop,,C,Cooperative,X,X,,X,X,X,,,X,,X,X,X,X,X
2024,17074,City of Shelly - (MN),Y,M,Municipal,,,,,,,,,,,,,,X,
2024,17079,Village of Sherburne - (NY),Y,M,Municipal,,X,,,,,,,,,,,,X,
2024,17085,City of Sherrill - (NY),Y,M,Municipal,,X,,,,,,,,,,,,X,
2024,17098,Village of Shiloh - (OH),Y,M,Municipal,,,,,,,,,,,,,,X,
2024,17101,City of Shiner - (TX),Y,M,Municipal,,X,,,,,,,,,,,,X,
2024,17106,Sho-Me Power Electric Coop,,C,Cooperative,,,,,,,,,,,X,,,,X
2024,17127,Town of Shrewsbury - (MA),,M,Municipal,,X,,X,X,,,,X,,X,X,X,X,X
2024,17130,City of Shullsburg - (WI),Y,M,Municipal,,X,,,,X,,,,,,,,X,
2024,17141,City of Sibley - (IA),Y,M,Municipal,,X,,,,,,,,,,,,X,
2024,17149,City of Sidney - (NE),Y,M,Municipal,,X,,,,,,,,,,,,X,
2024,17166,Sierra Pacific Power Co,,I,Investor Owned,X,X,,X,X,X,X,,X,X,X,X,X,X,X
2024,17177,City of Sikeston - (MO),,M,Municipal,,X,,,X,,,,X,,X,,X,X,X
2024,17184,City of Siloam Springs - (AR),,M,Municipal,,X,,,X,,,,X,,X,X,X,X,X
2024,17186,Village of Silver Springs - (NY),Y,M,Municipal,,X,,,,,,,,,,,,X,
2024,17252,Singing River Elec Cooperative,,C,Cooperative,X,X,,,X,X,X,,,X,X,X,X,X,X
2024,17260,North West Rural Electric Coop,,C,Cooperative,,X,,,X,,,,X,X,X,X,X,X,X
2024,17261,Slope Electric Coop Inc,,C,Cooperative,,X,,,X,,,,,,X,,X,X,X
2024,17264,City of Sioux Center,Y,M,Municipal,,X,,,,,,,,,,,,X,
2024,17265,City of Sioux Falls - (SD),Y,M,Municipal,,X,,,,,,,,,,,,X,
2024,17267,Sioux Valley SW Elec Coop,,C,Cooperative,X,X,,,X,X,X,,X,X,X,X,X,X,X
2024,17271,City & Borough of Sitka - (AK),Y,M,Municipal,,,,,,,,,,,,,,X,
2024,17279,PUD No 1 of Skamania Co,Y,P,Political Subdivision,,X,,,,,,,,,,,,X,
2024,17280,Village of Skaneateles - (NY),Y,M,Municipal,,X,,,,,,,,,,,,X,
2024,17286,City of Skiatook - (OK),Y,M,Municipal,,X,,,,,,,,,,,,X,
2024,17290,Slash Pine Elec Member Corp,Y,C,Cooperative,,X,,,,,,,,,,,,X,
2024,17312,City of Slater - (MO),Y,M,Municipal,,X,,,,,,,,,,,,X,
2024,17320,Sleepy Eye Public Utility Comm,Y,M,Municipal,,X,,,,,,,,,,,,X,
2024,17324,Slinger Utilities,,M,Municipal,,X,,,X,X,,,X,,X,X,X,X,X
2024,17337,Borough of Smethport - (PA),Y,M,Municipal,,,,,,,,,,,,,,X,
2024,17451,Town of Smithfield - (NC),Y,M,Municipal,,X,,,,,,,,,,,,X,
2024,17452,City of Smithville - (TN),,M,Municipal,,X,,,X,X,,,,X,X,,X,X,X
2024,17453,City of Smithville - (TX),Y,M,Municipal,,X,,,,,,,,,,,,X,
2024,17457,Town of Smyrna - (DE),Y,M,Municipal,,X,,,,,,,,,,,,X,
2024,17470,PUD No 1 of Snohomish County,,P,Political Subdivision,X,X,,,X,X,X,,X,X,X,X,X,X,X
2024,17492,"Socorro Electric Coop, Inc",Y,C,Cooperative,,X,,,,X,,,,,,,,X,
2024,17493,City of Soda Springs - (ID),Y,M,Municipal,,X,,,,,,,,,,,,X,
2024,17497,City of Snyder - (NE),Y,M,Municipal,,,,,,,,,,,,,,X,
2024,17512,Village of Solvay - (NY),,M,Municipal,,X,,,X,,,,,,X,,X,X,X
2024,17513,Southern California P P A,,P,Political Subdivision,,,,,,,,,,,X,,,,X
2024,17534,"South Alabama Elec Coop, Inc",,C,Cooperative,,X,,,X,,,,,,X,X,X,X,X
2024,17539,"Dominion Energy South Carolina, Inc",,I,Investor Owned,X,X,,X,X,X,X,,X,X,X,X,X,X,X
2024,17540,"South Central Ark El Coop, Inc",,C,Cooperative,,X,,,X,,,,,,X,,X,X,X
2024,17543,South Carolina Public Service Authority,,S,State,X,X,,X,X,X,X,,X,,X,X,X,X,X
2024,17548,South Central Public Pwr Dist,,P,Political Subdivision,,X,,X,X,X,X,,X,X,X,,X,X,X
2024,17550,South Central Electric Assn,,C,Cooperative,,X,,,X,,,,X,X,X,X,X,X,X
2024,17553,Town of South Coffeyville - (OK),Y,M,Municipal,,,,,,,,,,,,,,X,
2024,17554,"South Carolina Genertg Co, Inc",,I,Investor Owned,,,,,,,,,,,X,,,,X
2024,17560,Town of South Hadley - (MA),Y,M,Municipal,,X,,,,,,,,,,,,X,
2024,17561,South Plains Electric Coop Inc,,C,Cooperative,,X,,,X,,,,X,,X,,X,X,X
2024,17562,City of South Haven - (MI),Y,M,Municipal,,,,,,,,,,,,,,X,
2024,17564,South Kentucky Rural E C C,,C,Cooperative,X,X,,,X,,,,X,,X,X,X,X,X
2024,17565,South Louisiana Elec Coop Assn,,C,Cooperative,,X,,,X,,,,X,,X,X,X,X,X
2024,17568,Cooperative Energy,,C,Cooperative,,,,,,,,,,,X,,,,X
2024,17569,City of South Norwalk - (CT),Y,M,Municipal,,X,,,,,,,,,,,,X,
2024,17571,Borough of South River - (NJ),Y,M,Municipal,,,,,,,,,,,,,,X,
2024,17572,South River Elec Member Corp,,C,Cooperative,,X,,X,X,X,X,,X,,X,X,X,X,X
2024,17576,"South Side Electric, Inc",Y,C,Cooperative,,,,,,,,,,,,,,X,
2024,17577,City of South Sioux City,,M,Municipal,,X,,,X,X,,,X,,X,,X,X,X
2024,17583,"South Texas Electric Coop, Inc",,C,Cooperative,,,,,,,,,,,X,,,,X
2024,17585,"Southeastern IL Elec Coop, Inc",,C,Cooperative,,X,,,X,,,,X,,X,X,X,X,X
2024,17588,South Vienna Corporation,Y,M,Municipal,,,,,,,,,,,,,,X,
2024,17589,Town of South Whitley - (IN),Y,M,Municipal,,,,,,,,,,,,,,X,
2024,17592,Southeast Colorado Power Assn,,C,Cooperative,,X,,,X,X,,,X,,X,X,X,X,X
2024,17593,"Southeast Electric Coop, Inc",Y,C,Cooperative,,X,,,,,,,,,,,,X,
2024,17599,Southeastern Indiana R E M C,,C,Cooperative,,X,,X,X,X,X,,X,X,X,X,X,X,X
2024,17603,Southeastern Electric Coop Inc - (OK),,C,Cooperative,,X,,,X,X,,,,,X,X,X,X,X
2024,17609,Southern California Edison Co,,I,Investor Owned,X,X,,X,X,X,X,,X,X,X,X,X,X,X
2024,17612,Bear Valley Electric Service,,I,Investor Owned,X,X,,,X,X,X,,X,,X,X,X,X,X
2024,17622,Southern Electric Gen Co,,I,Investor Owned,,,,,,,,,,,X,,,,X
2024,17631,Southern Illinois Elec Coop,Y,C,Cooperative,,X,,,,,,,,,,,,X,
2024,17632,Southern Illinois Power Coop,,C,Cooperative,,,,,,,,,,,X,,,,X
2024,17633,Southern Indiana Gas & Elec Co,,I,Investor Owned,X,X,,X,X,,X,,X,X,X,X,X,X,X
2024,17637,Southern Maryland Elec Coop Inc,,C,Cooperative,X,X,,X,X,X,X,,X,,X,X,X,X,X
2024,17642,Southern Public Power District,,P,Political Subdivision,X,X,,,X,,X,,X,,X,,X,X,X
2024,17643,"Southern Iowa Elec Coop, Inc",Y,C,Cooperative,,X,,,,X,,,,,,,,X,
2024,17646,"Southern Pine Elec Coop, Inc",,C,Cooperative,,X,,,X,X,,,X,,X,,X,X,X
2024,17647,Southern Pine Electric Cooperative,,C,Cooperative,X,X,,,X,X,X,,X,,X,X,X,X,X
2024,17668,City of Southport - (NC),Y,M,Municipal,,X,,,,X,,,,,,,,X,
2024,17671,Southwest Arkansas E C C,,C,Cooperative,,X,,X,X,,,,X,,X,X,X,X,X
2024,17681,Southwest Rural Elec Assn Inc,Y,C,Cooperative,,X,,,,,,,,,,,,X,
2024,17683,Southwest Mississippi E P A,,C,Cooperative,,X,,,X,X,,,,,X,X,X,X,X
2024,17684,Southwest Louisiana E M C,,C,Cooperative,,X,,X,X,X,,,X,,X,X,X,X,X
2024,17692,Southwest Public Power Dist,,P,Political Subdivision,,X,,X,X,,,,X,,X,X,X,X,X
2024,17693,"Southwest Texas Elec Coop, Inc",,C,Cooperative,,X,,,X,,,,,,X,,X,X,X
2024,17694,Southwest Tennessee E M C,,C,Cooperative,X,X,,,X,X,,,,X,X,,X,X,X
2024,17697,Southwestern Electric Coop Inc - (IL),,C,Cooperative,,X,,,X,,,,,X,X,X,X,X,X
2024,17698,Southwestern Electric Power Co,,I,Investor Owned,X,X,,X,X,X,X,,X,X,X,X,X,X,X
2024,17710,"Spark Energy, LP",,R,Retail Power Marketer,X,,,,,,,,,,X,,X,,X
2024,17715,Southwestern Electric Coop Inc - (NM),,C,Cooperative,,X,,,X,,,,X,,X,,X,X,X
2024,17716,Southwestern Power Administration,,F,Federal,,,,,,,,,,,X,,,,X
2024,17718,Southwestern Public Service Co,,I,Investor Owned,X,X,,X,X,X,X,,X,,X,X,X,X,X
2024,17727,Village of Spalding - (NE),Y,M,Municipal,,,,,,,,,,,,,,X,
2024,17732,Spanish Fork City Corporation,,M,Municipal,,X,,,X,,,,X,,X,,X,X,X
2024,17740,City of Sparta,,M,Municipal,,X,,,X,,,,,X,X,,X,X,X
2024,17754,City of Summerfield - (KS),Y,M,Municipal,,,,,,,,,,,,,,X,
2024,17783,City of Spencer - (IA),Y,M,Municipal,,X,,,,,,,,,,,,X,
2024,17787,City of Spencer - (NE),Y,M,Municipal,,,,,,,,,,,,,,X,
2024,17789,Village of Spencerport - (NY),Y,M,Municipal,,X,,,,,,,,,,,,X,
2024,17790,Town of Spiceland - (IN),Y,M,Municipal,,X,,,,,,,,,,,,X,
2024,17802,Town of Spiro - (OK),Y,M,Municipal,,,,,,,,,,,,,,X,
2024,17811,City of Spooner - (WI),Y,M,Municipal,,X,,,,,,,,,,,,X,
2024,17823,City of Spring Grove,Y,M,Municipal,,,,,,,,,,,,,,X,
2024,17824,Spring Valley Pub Utils Comm,Y,M,Municipal,,X,,,,,,,,,,,,X,
2024,17826,"Springer Electric Coop, Inc",,C,Cooperative,,X,,,X,X,,,X,,X,,X,X,X
2024,17827,Town of Springer - (NM),Y,M,Municipal,,X,,,,,,,,,,,,X,
2024,17828,City of Springfield - (IL),,M,Municipal,,X,,,X,X,X,,X,X,X,X,X,X,X
2024,17829,City of Springfield - (TN),,M,Municipal,,X,,,X,X,,,,X,X,,X,X,X
2024,17832,Snapping Shoals El Member Corp,,C,Cooperative,,X,,X,X,,X,,,,X,X,X,X,X
2024,17833,City Utilities of Springfield - (MO),,M,Municipal,X,X,,,X,,X,,X,,X,X,X,X,X
2024,17834,City of Springfield - (CO),Y,M,Municipal,,X,,,,,,,,,,,,X,
2024,17836,Springfield Public Utils Comm - (MN),Y,M,Municipal,,,,,,,,,,,,,,X,
2024,17838,"Spoon River Electric Coop, Inc",Y,C,Cooperative,,X,,,,,,,,,,,,X,
2024,17839,City of Springfield - (OR),,M,Municipal,,X,,,X,,X,,X,,X,X,X,X,X
2024,17844,Spring City Corporation,Y,M,Municipal,,X,,,,,,,,,,,,X,
2024,17845,City of Springville - (UT),,M,Municipal,X,X,,,X,,,,X,X,X,X,X,X,X
2024,17846,Village of Springville - (NY),Y,M,Municipal,,X,,,,,,,,,,,,X,
2024,17858,Square Butte Electric Coop,,C,Cooperative,,,,,,,,,,,X,,,,X
2024,17860,City of St Charles - (IL),,M,Municipal,,X,,,X,,,,X,X,X,X,X,X,X
2024,17862,City of St Charles - (MN),Y,M,Municipal,,X,,,,,,,,,,,,X,
2024,17865,City of St Clairsville - (OH),Y,M,Municipal,,X,,,,,,,,,,,,X,
2024,17868,St Croix Electric Coop,Y,C,Cooperative,,X,,,,X,,,,,,,,X,
2024,17872,City of St Francis - (KS),Y,M,Municipal,,X,,,,,,,,,,,,X,
2024,17874,City of St George,,M,Municipal,X,X,,,X,,,,X,,X,X,X,X,X
2024,17876,City of St James - (MN),Y,M,Municipal,,X,,,,,,,,,,,,X,
2024,17877,City of St James - (MO),Y,M,Municipal,,X,,,,,,,,,,,,X,
2024,17879,City of St. John - (KS),Y,M,Municipal,,X,,,,,,,,,,,,X,
2024,17886,City of St Louis - (MI),Y,M,Municipal,,X,,,,,,,,,,,,X,
2024,17889,City of St Martinville - (LA),Y,M,Municipal,,X,,,,,,,,,,,,X,
2024,17891,City of St Marys - (OH),Y,M,Municipal,,X,,,,,,,,,,,,X,
2024,17894,City of St Marys - (KS),Y,M,Municipal,,,,,,,,,,,,,,X,
2024,17896,City of Shasta Lake - (CA),,M,Municipal,,X,,,X,X,X,,X,,X,X,X,X,X
2024,17898,City of Saint Paul - (AK),Y,M,Municipal,,,,,,,,,,,,,,X,
2024,17899,City of St Paul - (NE),Y,M,Municipal,,X,,,,,,,,,,,,X,
2024,17900,City of Saint Peter,Y,M,Municipal,,X,,,,,,,,,,,,X,
2024,17918,City of St Robert - (MO),Y,M,Municipal,,,,,,,,,,,,,,X,
2024,17924,City of Stafford - (KS),Y,M,Municipal,,,,,,,,,,,,,,X,
2024,17946,City of Stanberry - (MO),Y,M,Municipal,,,,,,,,,,,,,,X,
2024,17979,Stanton County Public Pwr Dist,Y,P,Political Subdivision,,X,,,,,,,,,,,,X,
2024,17981,Town of Stantonsburg - (NC),Y,M,Municipal,,X,,,,,,,,,,,,X,
2024,17983,City of Staples- (MN),Y,M,Municipal,,,,,,,,,,,,,,X,
2024,18004,City of Starke - (FL),Y,M,Municipal,,,,,,,,,,,,,,X,
2024,18006,City of Starkville,,M,Municipal,,X,,,X,X,,,,X,X,X,X,X,X
2024,18014,City of State Center - (IA),Y,M,Municipal,,X,,,,,,,,,,,,X,
2024,18019,Stearns Cooperative Elec Assn,,C,Cooperative,,X,,,X,X,,,X,,X,X,X,X,X
2024,18022,City of Statesville - (NC),,M,Municipal,,X,,,X,X,,,,X,X,X,X,X,X
2024,18045,City of Steelville,Y,M,Municipal,,,,,,,,,,,,,,X,
2024,18047,Steele-Waseca Cooperative Electric,,C,Cooperative,,X,,,X,X,,,X,X,X,X,X,X,X
2024,18051,Town of Steilacoom,Y,M,Municipal,,,,,,,,,,,,,,X,
2024,18063,City of Stephen - (MN),Y,M,Municipal,,,,,,,,,,,,,,X,
2024,18074,City of Stephenson - (MI),Y,M,Municipal,,X,,,,,,,,,,,,X,
2024,18085,South Central Power Company,,C,Cooperative,,X,,,X,,,,,,X,X,X,X,X
2024,18086,City of Sterling - (KS),Y,M,Municipal,,,,,,,,,,,,,,X,
2024,18087,Town of Sterling - (MA),Y,M,Municipal,,X,,X,,X,,,,,,,,X,
2024,18100,Steuben County Rural E M C,Y,C,Cooperative,,X,,,,,,,,,,,,X,
2024,18102,"Steuben Rural Elec Coop, Inc",Y,C,Cooperative,,X,,,,X,,,,,,,,X,
2024,18125,Stillwater Utilities Authority,,M,Municipal,,X,,X,X,,,,X,,X,X,X,X,X
2024,18126,City of Stilwell - (OK),Y,M,Municipal,,X,,,,,,,,,,,,X,
2024,18129,City of Stratton - (NE),Y,M,Municipal,,,,,,,,,,,,,,X,
2024,18137,City of Stockton - (KS),Y,M,Municipal,,X,,,,,,,,,,,,X,
2024,18177,City of Story City - (IA),Y,M,Municipal,,X,,,,,,,,,,,,X,
2024,18181,City of Stoughton - (WI),,M,Municipal,,X,,,X,X,,,X,,X,X,X,X,X
2024,18193,Direct Energy Business,,R,Retail Power Marketer,X,,,,,,,,,,X,,X,,X
2024,18199,"Swisher Electric Coop, Inc",Y,C,Cooperative,,X,,,,,,,,,,,,X,
2024,18200,Village of Stratford - (WI),Y,M,Municipal,,,,,,,,,,,,,,X,
2024,18201,City of Stratford - (IA),Y,M,Municipal,,,,,,,,,,,,,,X,
2024,18203,Tallapoosa River Elec Coop Inc,,C,Cooperative,,X,,X,X,,,,,X,X,X,X,X,X
2024,18204,City of Strawberry Point,Y,M,Municipal,,X,,,,,,,,,,,,X,
2024,18205,Strawberry Water Users Assn,,I,Investor Owned,,,,,,,,,,,X,,,,X
2024,18206,Strawberry Electric Serv Dist,,P,Political Subdivision,X,X,,,X,,,,X,,X,X,X,X,X
2024,18217,City of Stromsburg - (NE),Y,M,Municipal,,X,,,,,,,,,,,,X,
2024,18224,City of Stroud - (OK),Y,M,Municipal,,X,,,,,,,,,,,,X,
2024,18230,City of Stuart - (NE),Y,M,Municipal,,X,,,,,,,,,,,,X,
2024,18231,City of Stuart - (IA),Y,M,Municipal,,X,,,,,,,,,,,,X,
2024,18249,City of Sturgeon Bay - (WI),,M,Municipal,,X,,,X,X,,,X,,X,X,X,X,X
2024,18250,Town of Straughn - (IN),Y,M,Municipal,,X,,,,,,,,,,,,X,
2024,18252,City of Sturgis - (MI),,M,Municipal,,X,,,X,X,X,,X,,X,X,X,X,X
2024,18260,Surprise Valley Electrification,,C,Cooperative,X,X,,,X,,,,X,,X,,X,X,X
2024,18273,City of Sullivan - (MO),Y,M,Municipal,,X,,,,,,,,,,,,X,
2024,18277,City of Sullivan - (IL),Y,M,Municipal,,X,,,,,,,,,,,,X,
2024,18280,Sulphur Springs Valley E C Inc,,C,Cooperative,,X,,X,X,X,X,,X,,X,X,X,X,X
2024,18282,City of Sumas - (WA),Y,M,Municipal,,X,,,,,,,,,,,,X,
2024,18284,Borough of Summerhill - (PA),Y,M,Municipal,,X,,,,,,,,,,,,X,
2024,18301,City of Sumner - (IA),Y,M,Municipal,,,,,,,,,,,,,,X,
2024,18304,"Sumter Electric Coop, Inc",,C,Cooperative,,X,,X,X,X,X,,X,,X,X,X,X,X
2024,18305,Sumter Electric Member Corp,,C,Cooperative,,X,,,X,X,,,X,,X,X,X,X,X
2024,18312,Sun Prairie Utilities,,M,Municipal,,X,,,X,X,,,X,,X,X,X,X,X
2024,18315,Sunflower Electric Power Corp,,C,Cooperative,,,,,,,,,,,X,,,,X
2024,18316,"Sumner-Cowley Elec Coop, Inc",Y,C,Cooperative,,X,,,,,,,,,,,,X,
2024,18330,City of Superior - (NE),Y,M,Municipal,,X,,,,,,,,,,,,X,
2024,18336,Superior Water and Light Co,,I,Investor Owned,X,X,,,X,X,,,,,X,X,X,X,X
2024,18339,Surry-Yadkin Elec Member Corp,,C,Cooperative,,X,,,X,X,X,,,X,X,X,X,X,X
2024,18354,City of Sutton - (NE),Y,M,Municipal,,X,,,,,,,,,,,,X,
2024,18360,Suwannee Valley Elec Coop Inc,,C,Cooperative,,X,,,X,X,X,,X,,X,X,X,X,X
2024,18371,Village of Swanton - (VT),Y,M,Municipal,,,,,,,,,,,,,,X,
2024,18383,Taylor Electric Coop - (WI),Y,C,Cooperative,,X,,,,X,,,,,,,,X,
2024,18384,City of Sweetwater,,M,Municipal,,X,,,X,X,,,,X,X,,X,X,X
2024,18393,Village of Sycamore - (OH),Y,M,Municipal,,,,,,,,,,,,,,X,
2024,18395,Sylacauga Utilities Board,Y,M,Municipal,,X,,,,,,,,,,,,X,
2024,18397,City of Sylvania - (GA),,M,Municipal,,X,,,X,X,,,,X,X,,X,X,X
2024,18401,"Sun River Electric Coop, Inc",Y,C,Cooperative,,X,,,,,,,,,,,,X,
2024,18403,City of Sylvester - (GA),Y,M,Municipal,,X,,,,,,,,,,,,X,
2024,18408,City of Syracuse - (NE),Y,M,Municipal,,X,,,,,,,,,,,,X,
2024,18428,Village of Talmage - (NE),Y,M,Municipal,,X,,,,,,,,,,,,X,
2024,18429,City of Tacoma - (WA),,M,Municipal,X,X,,,X,,X,,X,,X,X,X,X,X
2024,18433,Tahlequah Public Works Authority,Y,M,Municipal,,X,,,,,,,,,,,,X,
2024,18445,City of Tallahassee - (FL),,M,Municipal,,X,,X,X,X,X,,X,X,X,X,X,X,X
2024,18446,T I P Rural Electric Coop,Y,C,Cooperative,,X,,,,,,,,,,,,X,
2024,18447,Tallahatchie Valley E P A,,C,Cooperative,,X,,,X,X,,,,X,X,X,X,X,X
2024,18448,Tanner Electric Coop,Y,C,Cooperative,,X,,,,,,,,,,,,X,
2024,18449,"Talquin Electric Coop, Inc",,C,Cooperative,,X,,,X,,X,,X,X,X,X,X,X,X
2024,18454,Tampa Electric Co,,I,Investor Owned,X,X,,X,X,X,X,,X,,X,X,X,X,X
2024,18456,Borough of Tarentum - (PA),Y,M,Municipal,,X,,,,,,,,,,,,X,
2024,18466,Town of Tarboro - (NC),,M,Municipal,,X,,,X,,,,,,X,,X,X,X
2024,18472,City of Tarrant,,M,Municipal,,X,,,X,X,,,,X,X,,X,X,X
2024,18474,Tanana Power Co Inc,Y,I,Investor Owned,,,,,,,,,,,,,,X,
2024,18476,"Tara Energy, LLC",,R,Retail Power Marketer,X,,,,,,,,,,X,,X,,X
2024,18480,Tatitlek Electric Utility,Y,M,Municipal,,,,,,,,,,,,,,X,
2024,18488,City of Taunton,,M,Municipal,,X,,X,X,,X,,X,,X,X,X,X,X
2024,18498,Taylor County Rural E C C,,C,Cooperative,,X,,,X,X,X,,X,,X,X,X,X,X
2024,18499,Three Notch Elec Member Corp,,C,Cooperative,,X,,,X,,,,X,,X,X,X,X,X
2024,18524,Tecumseh Utility Authority,Y,M,Municipal,,X,,,,,,,,,,,,X,
2024,18525,City of Tecumseh,Y,M,Municipal,,,,,,,,,,,,,,X,
2024,18538,City of Tell City - (IN),Y,M,Municipal,,X,,,,,,,,,,,,X,
2024,18541,City of Tenakee Springs - (AK),Y,M,Municipal,,,,,,,,,,,,,,X,
2024,18546,Town of Templeton - (MA),Y,M,Municipal,,X,,,,X,,,,,,,,X,
2024,18589,"Rayburn Country Elec Coop, Inc",,C,Cooperative,,,,,,,,,,,X,,,,X
2024,18642,Tennessee Valley Authority,,F,Federal,X,X,,X,X,X,X,,,,X,,X,X,X
2024,18643,Tennessee Valley Electric Coop,,C,Cooperative,,X,,,X,,,,,X,X,,X,X,X
2024,18805,Town of Thatcher- (AZ),Y,M,Municipal,,X,,,,,,,,,,,,X,
2024,18806,City of Thayer - (MO),Y,M,Municipal,,X,,,,,,,,,,,,X,
2024,18813,Village of Theresa - (NY),Y,M,Municipal,,X,,,,,,,,,,,,X,
2024,18820,City of Thief River Falls,Y,M,Municipal,,X,,,,,,,,,,,,X,
2024,18847,City of Thomaston - (GA),Y,M,Municipal,,,,,,,,,,,,,,X,
2024,18848,City of Thomasville - (GA),,M,Municipal,,X,,,X,,,,X,,X,X,X,X,X
2024,18887,City of Thorntown - (IN),Y,M,Municipal,,,,,,,,,,,,,,X,
2024,18895,Thumb Electric Coop of Mich,Y,C,Cooperative,,X,,,,X,,,,,,,,X,
2024,18901,Thurmont Municipal Light Co,Y,M,Municipal,,X,,,,,,,,,,,,X,
2024,18917,Tillamook Peoples Utility Dist,,P,Political Subdivision,,X,,,X,X,X,,X,,X,,X,X,X
2024,18933,City of Timpson - (TX),Y,M,Municipal,,,,,,,,,,,,,,X,
2024,18940,Tipmont Rural Elec Member Corp,,C,Cooperative,,X,,,X,X,,,X,X,X,X,X,X,X
2024,18941,City of Tipp City - (OH),Y,M,Municipal,,X,,,,,,,,,,,,X,
2024,18942,Tipton Municipal Electric Util,Y,M,Municipal,,X,,,,,,,,,,,,X,
2024,18943,Tippah Electric Power Assn,,C,Cooperative,,X,,,X,X,,,,X,X,,X,X,X
2024,18944,Village of Tontogany - (OH),Y,M,Municipal,,X,,,,,,,,,,,,X,
2024,18945,City of Toronto - (KS),Y,M,Municipal,,,,,,,,,,,,,,X,
2024,18947,City of Tipton - (IA),Y,M,Municipal,,,,,,,,,,,,,,X,
2024,18951,Tishomingo County E P A,,C,Cooperative,,X,,,X,X,,,,,X,,X,X,X
2024,18954,City of Trenton - (NE),Y,M,Municipal,,X,,,,,,,,,,,,X,
2024,18955,"Tri-County Electric Coop, Inc (IL)",,C,Cooperative,,X,,,X,,,,X,X,X,X,X,X,X
2024,18956,Tri-County Elec Member Corp (GA),,C,Cooperative,,X,,,X,,X,,X,,X,X,X,X,X
2024,18957,Tri-County Elec Member Corp (NC),,C,Cooperative,,X,,,X,,,,X,X,X,X,X,X,X
2024,18959,City of Troy - (KS),Y,M,Municipal,,,,,,,,,,,,,,X,
2024,18961,Twin County Electric Pwr Assn,Y,C,Cooperative,,X,,,,,,,,,,,,X,
2024,18962,Twin Valley Electric Coop Inc,Y,C,Cooperative,,X,,,,,,,,,,,,X,
2024,18963,"Inside Passage Elec Coop, Inc",Y,C,Cooperative,,X,,,,,,,,,,,,X,
2024,18976,Trinity Valley Elec Coop Inc,,C,Cooperative,,X,,,X,,,,X,,X,X,X,X,X
2024,18995,Tenaska Power Services,,R,Retail Power Marketer,X,,,,,X,,,,,X,,X,,X
2024,18997,The Toledo Edison Co,,I,Investor Owned,X,X,,X,X,X,X,,X,,X,X,X,X,X
2024,19007,Tombigbee Electric Power Assn,,C,Cooperative,,X,,,X,X,,,,X,X,,X,X,X
2024,19016,Tonopah Irrigation District,Y,P,Political Subdivision,,,,,,,,,,,,,,,
2024,19022,Tongue River Electric Coop Inc,Y,C,Cooperative,,X,,,,,,,,,,,,X,
2024,19025,City of Tonkawa - (OK),Y,M,Municipal,,,,,,,,,,,,,,X,
2024,19027,"Tombigbee Electric Coop, Inc",Y,C,Cooperative,,X,,,,,,,,,,,,X,
2024,19032,City of Torrington - (WY),Y,M,Municipal,,X,,,,,,,,,,,,X,
2024,19048,Toledo Bend Project Joint Oper,,S,State,,,,,,,,,,,X,,,,X
2024,19060,"Traverse Electric Coop, Inc",Y,C,Cooperative,,X,,,,,,,,,,,,X,
2024,19062,City of Traer - (IA),Y,M,Municipal,,X,,,,,,,,,,,,X,
2024,19090,"ENGIE Energy Marketing NA, Inc",,W,Wholesale Power Marketer,,,,,,,,,,,X,,,,X
2024,19096,TransAlta Energy Marketing (U.S.) Inc.,,W,Wholesale Power Marketer,,,,,,,,,,,X,,,,X
2024,19107,ENGIE Resources LLC,,R,Retail Power Marketer,X,,,,,,,,,,X,,X,,X
2024,19108,Tideland Electric Member Corp,,C,Cooperative,,X,,,X,,,,,,X,X,X,X,X
2024,19114,Village of Trempealeau - (WI),Y,M,Municipal,,X,,,,,,,,,,,,X,
2024,19125,City of Traverse City - (MI),,M,Municipal,,X,,,X,X,X,,X,,X,X,X,X,X
2024,19126,"TriEagle Energy, L.P.",,R,Retail Power Marketer,X,,,X,,,,,,,X,,X,,X
2024,19131,Trinity Public Utilities Dist,Y,P,Political Subdivision,,X,,,,,,,,,,,,X,
2024,19149,City of Trenton - (TN),,M,Municipal,,X,,,X,,,,,,X,,X,X,X
2024,19150,Trenton Municipal Utilities - (MO),Y,M,Municipal,,X,,,,,,,,,,,,X,
2024,19154,Tri-State Electric Member Corp,,C,Cooperative,,X,,,X,,,,,X,X,,X,X,X
2024,19156,Powder River Energy Corp,,C,Cooperative,X,X,,,X,X,,,X,,X,X,X,X,X
2024,19157,MiEnergy Cooperative,,C,Cooperative,,X,,X,X,X,X,,X,X,X,X,X,X,X
2024,19158,Tri-County Electric Coop Assn (MO),Y,C,Cooperative,,X,,,,,,,,,,,,X,
2024,19159,"Tri-County Electric Coop, Inc (TX)",,C,Cooperative,,X,,,X,,,,X,X,X,X,X,X,X
2024,19160,"Tri-County Electric Coop, Inc (OK)",,C,Cooperative,,X,,X,X,X,,,X,X,X,X,X,X,X
2024,19161,"Tri-County Electric Coop, Inc (FL)",,C,Cooperative,,X,,,X,,X,,X,,X,X,X,X,X
2024,19162,Tri-County Elec Member Corp (TN),,C,Cooperative,,X,,,X,X,,,,X,X,X,X,X,X
2024,19174,Tuolumne County Pub Power Agny,Y,P,Political Subdivision,,,,,,,,,,,,,,X,
2024,19176,"Tricounty Rural Elec Coop, Inc - (OH)",Y,C,Cooperative,,X,,,,,,,,,,,,X,
2024,19189,Trico Electric Cooperative Inc,,C,Cooperative,X,X,,X,X,X,X,,X,X,X,X,X,X,X
2024,19204,City of Trinidad - (CO),Y,M,Municipal,,X,,,,,,,,,,,,X,
2024,19219,Diverse Power Incorporated,,C,Cooperative,,X,,,X,,,,X,,X,X,X,X,X
2024,19225,City of Troy - (AL),,M,Municipal,,X,,,X,,,,,,X,,X,X,X
2024,19227,City of Troy - (IN),Y,M,Municipal,,X,,,,,,,,,,,,X,
2024,19229,Truckee Donner P U D,Y,P,Political Subdivision,,X,,,,X,,,,,,,,X,
2024,19236,City of Troy - (MT),Y,M,Municipal,,X,,,,,,,,,,,,X,
2024,19237,Truman Public Utilities Comm,Y,M,Municipal,,X,,,,,,,,,,,,X,
2024,19246,City of Truth or Consequences - (NM),Y,M,Municipal,,X,,,,,,,,,,,,X,
2024,19264,City of Tulia,Y,M,Municipal,,X,,,,,,,,,,,,X,
2024,19266,Tullahoma Board-Public Utils,,M,Municipal,,X,,,X,X,,,,X,X,X,X,X,X
2024,19267,Tuntutuliak Comm Services Assn,Y,C,Cooperative,,,,,,,,,,,,,,X,
2024,19273,City of Tupelo - (MS),,M,Municipal,X,X,,,X,X,,,,X,X,,X,X,X
2024,19274,Village of Tupper Lake - (NY),Y,M,Municipal,,X,,,,,,,,,,,,X,
2024,19277,TDX North Slope Generating Co,,I,Investor Owned,X,X,,,X,,,,,,X,,X,X,X
2024,19281,Turlock Irrigation District,,P,Political Subdivision,X,X,,,X,X,X,,X,,X,X,X,X,X
2024,19293,Southeastern Electric Coop Inc - (SD),,C,Cooperative,X,X,,,X,,,,X,X,X,X,X,X,X
2024,19307,City of Tuscumbia,,M,Municipal,,X,,,X,X,,,,,X,,X,X,X
2024,19308,City of Tuskegee,Y,M,Municipal,,X,,,,,,,,,,,,X,
2024,19321,City of Two Harbors- (MN),Y,M,Municipal,,X,,,,,,,,,,,,X,
2024,19324,Two Rivers Water & Light,,M,Municipal,,X,,,X,X,,,X,,X,X,X,X,X
2024,19325,Umatilla Electric Coop Assn,,C,Cooperative,,X,,,X,,X,,X,X,X,X,X,X,X
2024,19327,"TXU Energy Retail Co, LLC",,R,Retail Power Marketer,X,,,X,,X,,,,,X,,X,,X
2024,19328,Luminant ET Services,,R,Retail Power Marketer,X,,,,,,,,,,,,,,
2024,19332,City of Tyler - (MN),Y,M,Municipal,,X,,,,,,,,,,,,X,
2024,19333,City of Tyndall - (SD),Y,M,Municipal,,X,,,,,,,,,,,,X,
2024,19344,City of Udall - (KS),Y,M,Municipal,,,,,,,,,,,,,,X,
2024,19389,Upper Missouri G&T El Coop Inc,,C,Cooperative,,,,,,,,,,,X,,,,X
2024,19390,"UGI Utilities, Inc",,I,Investor Owned,X,X,,,X,X,X,,X,,X,X,X,X,X
2024,19396,Tri-County Electric Coop (MI),,C,Cooperative,,X,,X,X,X,X,,X,,X,X,X,X,X
2024,19397,City of Ukiah - (CA),Y,M,Municipal,,X,,,,,,,,,,,,X,
2024,19430,City of Union City,,M,Municipal,,X,,,X,X,,,,X,X,,X,X,X
2024,19431,City of Union - (SC),Y,M,Municipal,,X,,,,,,,,,,,,X,
2024,19432,Village of Union City - (MI),Y,M,Municipal,,X,,,,,,,,,,,,X,
2024,19435,Union Electric Membership Corp - (NC),,C,Cooperative,,X,,,X,,X,,X,,X,X,X,X,X
2024,19436,Union Electric Co - (MO),,I,Investor Owned,X,X,,X,X,X,X,,X,X,X,X,X,X,X
2024,19437,Western Iowa Power Coop,Y,C,Cooperative,,X,,,,,,,,,,,,X,
2024,19445,"Southern Indiana R E C, Inc",,C,Cooperative,,X,,,X,,,,X,,X,X,X,X,X
2024,19446,Duke Energy Kentucky,,I,Investor Owned,X,X,,X,X,X,X,,X,X,X,X,X,X,X
2024,19454,City of Unalaska - (AK),Y,M,Municipal,,X,,,,,,,,,,,,X,
2024,19474,City of Unionville - (MO),Y,M,Municipal,,X,,,,,,,,,,,,X,
2024,19490,United Electric Coop Service Inc - (TX),,C,Cooperative,,X,,X,X,X,X,,X,X,X,X,X,X,X
2024,19493,Union County Electric Coop Inc,Y,C,Cooperative,,X,,,,,,,,,,,,X,
2024,19497,United Illuminating Co,,I,Investor Owned,X,X,,X,X,X,X,,X,X,X,X,X,X,X
2024,19499,"United Power, Inc",,C,Cooperative,X,X,,X,X,X,X,,X,X,X,X,X,X,X
2024,19501,"Union Rural Electric Coop, Inc",,C,Cooperative,,X,,,X,,,,,,X,X,X,X,X
2024,19502,"United Electric Co-op, Inc - (ID)",,C,Cooperative,,X,,,X,,,,X,,X,X,X,X,X
2024,19528,University of Illinois,Y,S,State,,X,,,,,,,,,,,,X,
2024,19545,"Black Hills Power, Inc.",,I,Investor Owned,X,X,,,X,,X,,X,X,X,X,X,X,X
2024,19547,Hawaiian Electric Co Inc,,I,Investor Owned,X,X,,X,X,X,,,X,X,X,X,X,X,X
2024,19558,Homer Electric Assn Inc,,C,Cooperative,X,X,,,X,,,,X,,X,X,X,X,X
2024,19574,Upper Cumberland E M C,,C,Cooperative,X,X,,,X,X,,,,X,X,,X,X,X
2024,19578,Upper Peninsula Power Company,,I,Investor Owned,X,X,,,X,X,X,,X,,X,X,X,X,X
2024,19579,Upshur Rural Elec Coop Corp,,C,Cooperative,,X,,,X,,,,X,,X,X,X,X,X
2024,19581,Upson Elec Member Corp,Y,C,Cooperative,,X,,,,,,,,,,,,X,
2024,19603,USBIA-Mission Valley Power,,F,Federal,X,X,,,X,,,,X,,X,,X,X,X
2024,19604,USBIA-San Carlos Project,,F,Federal,,X,,,X,,,,,,X,,X,X,X
2024,19667,Utilities Dist-Western IN REMC,,C,Cooperative,,X,,,X,X,,,X,,X,X,X,X,X
2024,19677,City of Valentine - (NE),Y,M,Municipal,,X,,,,,,,,,,,,X,
2024,19687,City of Valley City,Y,M,Municipal,,X,,,,,,,,,,,,X,
2024,19702,Van Buren Light & Power Dist,Y,M,Municipal,,,,,,,,,,,,,,X,
2024,19716,City of Vanceburg,Y,M,Municipal,,X,,,,,,,,,,,,X,
2024,19719,City of Yale - (OK),Y,M,Municipal,,,,,,,,,,,,,,X,
2024,19722,City of Vandalia - (MO),Y,M,Municipal,,,,,,,,,,,,,,X,
2024,19728,"UNS Electric, Inc",,I,Investor Owned,X,X,,X,X,X,X,,X,,X,X,X,X,X
2024,19771,Town of Veedersburg - (IN),Y,M,Municipal,,,,,,,,,,,,,,X,
2024,19780,Vermont Public Power Supply Authority,,P,Political Subdivision,,,,,,,,,,,X,,,,X
2024,19784,Vera Irrigation District #15,,P,Political Subdivision,,X,,,X,,,,X,X,X,,X,X,X
2024,19785,Verdigris Valley Elec Coop Inc,,C,Cooperative,X,X,,,X,X,,,X,,X,X,X,X,X
2024,19788,City of Vermillion - (SD),Y,M,Municipal,,X,,,,,,,,,,,,X,
2024,19790,Verendrye Electric Coop Inc,,C,Cooperative,X,X,,X,X,,X,,X,,X,X,X,X,X
2024,19791,"Vermont Electric Cooperative, Inc",,C,Cooperative,X,X,,,X,X,,,X,,X,X,X,X,X
2024,19792,"Vermont Electric Power Co, Inc",,T,Transmission,,,,,,,,,,,X,,,,X
2024,19798,City of Vernon,,M,Municipal,,X,,X,X,X,X,,X,,X,X,X,X,X
2024,19805,Village of Versailles - (OH),Y,M,Municipal,,X,,,,,,,,,,,,X,
2024,19806,"Victoria Electric Coop, Inc",,C,Cooperative,,X,,X,X,X,X,,X,,X,X,X,X,X
2024,19813,Vernon Electric Coop,Y,C,Cooperative,,X,,,,X,,,,,,,,X,
2024,19820,Victory Electric Coop Assn Inc,,C,Cooperative,,X,,,X,X,,,X,,X,X,X,X,X
2024,19828,Town of Vidalia - (LA),Y,M,Municipal,,,,,,,,,,,,,,X,
2024,19840,"Valley Electric Assn, Inc",,C,Cooperative,X,X,,,X,,,,X,,X,X,X,X,X
2024,19843,City of Villisca - (IA),Y,M,Municipal,,X,,,,,,,,,,,,X,
2024,19856,City of Vineland - (NJ),,M,Municipal,,X,,,X,,,,X,,X,,X,X,X
2024,19865,City of Vinton - (IA),Y,M,Municipal,,X,,,,,,,,,,,,X,
2024,19866,Town of Vinton - (LA),Y,M,Municipal,,,,,,,,,,,,,,X,
2024,19867,Village of Viola - (WI),Y,M,Municipal,,X,,,,,,,,,,,,X,
2024,19869,Vinton Public Power Authority,,P,Political Subdivision,,X,,,X,,,,,,X,,X,X,X
2024,19876,Virginia Electric & Power Co,,I,Investor Owned,X,X,,X,X,X,X,,X,X,X,X,X,X,X
2024,19879,Virgin Islands Water & Power Authority,,S,State,,X,,,X,,,,X,X,X,,X,X,X
2024,19882,Virginia Tech Electric Service,,S,State,X,X,,,X,,,,X,,X,X,X,X,X
2024,19883,City of Virginia - (MN),Y,M,Municipal,,X,,,,,,,,,,,,X,
2024,19885,Virginia Mun Elec Assn No 1,,A,Municipal Mktg Authority,,,,,,,,,,,X,,,,X
2024,19896,City of Volga - (SD),,M,Municipal,X,X,,X,X,,,,,,X,,X,X,X
2024,19898,Volunteer Electric Coop,,C,Cooperative,X,X,,,X,X,,,,X,X,X,X,X,X
2024,19947,City of Wadena - (MN),Y,M,Municipal,,X,,,,,,,,,,,,X,
2024,19950,Vermont Electric Trans Co Inc,,T,Transmission,,,,,,,,,,,X,,,,X
2024,19951,City of Wadsworth - (OH),,M,Municipal,,X,,X,X,X,,,X,,X,X,X,X,X
2024,19952,City of Waelder - (TX),Y,M,Municipal,,,,,,,,,,,,,,X,
2024,19968,City of Wahoo - (NE),Y,M,Municipal,,X,,,,,,,,,,,,X,
2024,19974,Town of Wake Forest - (NC),Y,M,Municipal,,X,,,,,,,,,,,,X,
2024,19975,City of Wakefield - (MI),Y,M,Municipal,,,,,,,,,,,,,,X,
2024,19978,Town of Wakefield - (VA),Y,M,Municipal,,,,,,,,,,,,,,X,
2024,19979,Town of Wakefield - (MA),Y,M,Municipal,,X,,,,X,,,,,,,,X,
2024,19980,City of Wakefield - (NE),Y,M,Municipal,,X,,,,,,,,,,,,X,
2024,19981,Wake Electric Membership Corp,,C,Cooperative,,X,,X,X,X,X,,X,X,X,X,X,X,X
2024,20021,Town of Walkerton - (IN),Y,M,Municipal,,X,,,,,,,,,,,,X,
2024,20025,City of Wall Lake - (IA),Y,M,Municipal,,X,,,,,,,,,,,,X,
2024,20038,Town of Wallingford - (CT),,M,Municipal,X,X,,,X,,X,,X,,X,X,X,X,X
2024,20061,Walters Public Works Authority,Y,M,Municipal,,,,,,,,,,,,,,X,
2024,20063,Village of Walthill - (NE),Y,M,Municipal,,,,,,,,,,,,,,X,
2024,20065,Walton Electric Member Corp,,C,Cooperative,,X,,,X,X,,,X,X,X,X,X,X,X
2024,20069,City of Wamego - (KS),Y,M,Municipal,,X,,,,,,,,,,,,X,
2024,20070,Borough of Wampum,Y,M,Municipal,,,,,,,,,,,,,,X,
2024,20071,Town of Walstonburg,Y,M,Municipal,,,,,,,,,,,,,,X,
2024,20077,City of Wapakoneta - (OH),Y,M,Municipal,,X,,,,X,,,,,,,,X,
2024,20110,City of Warren - (MN),Y,M,Municipal,,X,,,,,,,,,,,,X,
2024,20111,Warren County Rural E M C,Y,C,Cooperative,,X,,,,X,,,,,,,,X,
2024,20122,Town of Warren - (IN),Y,M,Municipal,,X,,,,,,,,,,,,X,
2024,20130,Warren Rural Elec Coop Corp,,C,Cooperative,X,X,,,X,X,,,,X,X,X,X,X,X
2024,20134,City of Warroad,Y,M,Municipal,,X,,,,,,,,,,,,X,
2024,20135,City of Washington - (UT),Y,M,Municipal,,X,,,,,,,,,,,,X,
2024,20136,City of Waseca - (MN),Y,M,Municipal,,X,,,,,,,,,,,,X,
2024,20138,"Wasco Electric Coop, Inc",Y,C,Cooperative,,X,,,,,,,,,,,,X,
2024,20139,City of Washington - (IN),Y,M,Municipal,,X,,,,,,,,,,,,X,
2024,20140,City of Washington - (GA),,M,Municipal,,X,,,X,X,,,,,X,,X,X,X
2024,20141,City of Washington - (KS),Y,M,Municipal,,,,,,,,,,,,,,X,
2024,20142,City of Washington - (NC),,M,Municipal,,X,,,X,,,,,,X,,X,X,X
2024,20146,Washington Elec Member Corp,,C,Cooperative,,X,,,X,X,,,X,,X,X,X,X,X
2024,20150,Washington Electric Coop - (OH),Y,C,Cooperative,,X,,,,,,,,,,,,X,
2024,20151,Washington Electric Coop - (VT),Y,C,Cooperative,,X,,,,,,,,,,,,X,
2024,20153,"Washington Island El Coop, Inc",Y,C,Cooperative,,X,,,,,,,,,,,,X,
2024,20160,Energy Northwest,,S,State,,,,,,,,,,,X,,,,X
2024,20163,Wagoner Public Works Authority,Y,M,Municipal,,X,,,,,,,,,,,,X,
2024,20169,Avista Corp,,I,Investor Owned,X,X,,,X,,X,,X,,X,X,X,X,X
2024,20176,City of Water Valley - (MS),,M,Municipal,,X,,,X,X,,,,,X,,X,X,X
2024,20180,City of Waterloo - (IL),Y,M,Municipal,,X,,,,,,,,,,,,X,
2024,20182,Waterloo Light & Water Comm,,M,Municipal,,X,,,X,X,,,X,,X,,X,X,X
2024,20187,Watertown Municipal Utilities,,M,Municipal,X,X,,,X,,X,,,X,X,X,X,X,X
2024,20188,City of Watertown - (NY),,M,Municipal,,,,,,,,,,,X,,,,X
2024,20189,City of Waterville - (KS),Y,M,Municipal,,X,,,,,,,,,,,,X,
2024,20192,City of Wathena - (KS),Y,M,Municipal,,,,,,,,,,,,,,X,
2024,20193,Village of Watkins Glen - (NY),Y,M,Municipal,,X,,,,,,,,,,,,X,
2024,20196,City of Watonga - (OK),Y,M,Municipal,,X,,,,,,,,,,,,X,
2024,20206,Borough of Watsontown - (PA),Y,M,Municipal,,,,,,,,,,,,,,X,
2024,20209,City of Wauchula - (FL),Y,M,Municipal,,X,,,,,,,,,,,,X,
2024,20211,Village of Waunakee - (WI),,M,Municipal,,X,,,X,X,,,X,,X,X,X,X,X
2024,20212,Village of Wauneta - (NE),Y,M,Municipal,,X,,,,,,,,,,,,X,
2024,20213,Waupun Utilities,,M,Municipal,,X,,,X,X,,,X,,X,X,X,X,X
2024,20214,Waverly Municipal Elec Utility,Y,M,Municipal,,X,,,,X,,,,,,,,X,
2024,20216,Whitewater Valley Rural EMC,,C,Cooperative,,X,,,X,X,,,X,,X,X,X,X,X
2024,20219,City of Wayne,Y,M,Municipal,,X,,,,,,,,,,,,X,
2024,20222,Wayne-White Counties Elec Coop,,C,Cooperative,,X,,,X,X,,,X,,X,,X,X,X
2024,20223,Village of Waynesfield - (OH),Y,M,Municipal,,,,,,,,,,,,,,X,
2024,20224,City of Waynesville - (MO),Y,M,Municipal,,X,,,,,,,,,,,,X,
2024,20225,Town of Waynesville - (NC),Y,M,Municipal,,X,,,,,,,,,,,,X,
2024,20226,City of Waynetown - (IN),Y,M,Municipal,,X,,,,,,,,,,,,X,
2024,20227,City of Waynoka - (OK),Y,M,Municipal,,,,,,,,,,,,,,X,
2024,20228,Weakley County Mun Elec Sys,,M,Municipal,,X,,,X,X,,,,X,X,X,X,X,X
2024,20230,Weatherford Mun Utility System,,M,Municipal,,X,,,X,,,,X,,X,X,X,X,X
2024,20232,Borough of Weatherly - (PA),Y,M,Municipal,,,,,,,,,,,,,,X,
2024,20259,City of Webster City - (IA),Y,M,Municipal,,X,,,,,,,,,,,,X,
2024,20297,City of Weiser - (ID),Y,M,Municipal,,,,,,,,,,,,,,X,
2024,20310,Town of Wellesley - (MA),,M,Municipal,X,X,,,X,X,,,X,,X,X,X,X,X
2024,20313,Village of Wellington - (OH),Y,M,Municipal,,,,,,,,,,,,,,X,
2024,20315,City of Wellington - (KS),Y,M,Municipal,,,,,,,,,,,,,,X,
2024,20318,Webster Electric Coop,,C,Cooperative,,X,,,X,,,,X,,X,X,X,X,X
2024,20326,Town of West Boylston - (MA),Y,M,Municipal,,X,,,,,,,,,,,,X,
2024,20331,City of Weimar - (TX),Y,M,Municipal,,X,,,,,,,,,,,,X,
2024,20332,Wells Rural Electric Co,,C,Cooperative,X,X,,,X,,,,,,X,,X,X,X
2024,20334,Wellsborough Electric Co,,I,Investor Owned,X,X,,,X,,,,X,X,X,X,X,X,X
2024,20337,Village of Wellsville - (NY),Y,M,Municipal,,X,,,,,,,,,,,,X,
2024,20343,Town of Welsh - (LA),Y,M,Municipal,,X,,,,,,,,,,,,X,
2024,20359,City of Wessington Springs,Y,M,Municipal,,,,,,,,,,,,,,X,
2024,20363,West Central Electric Coop Inc - (MO),,C,Cooperative,,X,,,X,,,,X,,X,X,X,X,X
2024,20364,City of West Bend,Y,M,Municipal,,,,,,,,,,,,,,X,
2024,20368,West Central Electric Coop Inc - (SD),Y,C,Cooperative,,X,,,,,,,,,,,,X,
2024,20371,"West Florida El Coop Assn, Inc",,C,Cooperative,,X,,,X,X,,,X,,X,X,X,X,X
2024,20377,West Kentucky Rural E C C,,C,Cooperative,,X,,,X,X,,,,X,X,X,X,X,X
2024,20379,Town of Westfield - (IA),Y,M,Municipal,,X,,,,,,,,,,,,X,
2024,20380,City of West Liberty - (IA),Y,M,Municipal,,X,,,,,,,,,,,,X,
2024,20382,City of West Memphis - (AR),,M,Municipal,,X,,,X,,,,,,X,,X,X,X
2024,20385,West Oregon Electric Coop Inc,Y,C,Cooperative,,X,,,,,,,,,,,,X,
2024,20392,City of West Plains - (MO),Y,M,Municipal,,X,,,,,,,,,,,,X,
2024,20393,City of West Point - (GA),Y,M,Municipal,,,,,,,,,,,,,,X,
2024,20394,City of West Point - (MS),,M,Municipal,,X,,,X,X,,,,,X,,X,X,X
2024,20396,West Point Utility System,Y,M,Municipal,,X,,,,,,,,,,,,X,
2024,20397,City of West Point - (NE),Y,M,Municipal,,X,,,,,,,,,,,,X,
2024,20401,West River Electric Assn Inc,,C,Cooperative,X,X,,X,X,X,X,,X,,X,X,X,X,X
2024,20404,AEP Texas North Company,,I,Investor Owned,X,X,X,X,X,,X,,,X,X,X,,X,X
2024,20413,Mountrail-Williams Elec Coop,,C,Cooperative,X,X,,,X,,,,X,,X,X,X,X,X
2024,20421,Western Minnesota Mun Pwr Agny,,P,Political Subdivision,,,,,,,,,,,X,,,,X
2024,20422,Whetstone Valley Elec Coop Inc,Y,C,Cooperative,,X,,,,X,,,,,,,,X,
2024,20430,City of Westbrook,Y,M,Municipal,,X,,,,,,,,,,,,X,
2024,20434,City of Westby,,M,Municipal,,X,,,X,X,,,X,,X,,X,X,X
2024,20447,"Western Farmers Elec Coop, Inc",,C,Cooperative,,,,,,,,,,,X,,,,X
2024,20456,Twin Valleys Public Power Dist,Y,P,Political Subdivision,,X,,,,,,,,,,,,X,
2024,20466,City of Whalan - (MN),Y,M,Municipal,,,,,,,,,,,,,,X,
2024,20471,Village of Wharton - (OH),Y,M,Municipal,,,,,,,,,,,,,,X,
2024,20472,"Wharton County Elec Coop, Inc",,C,Cooperative,,X,,X,X,,,,,,X,,X,X,X
2024,20476,Western Coop Electric Assn Inc,,C,Cooperative,,X,,,X,,,,X,,X,,X,X,X
2024,20477,City of Westerville - (OH),,M,Municipal,,X,,X,X,X,X,,X,,X,X,X,X,X
2024,20480,Village of Westfield - (NY),Y,M,Municipal,,X,,,,,,,,,,,,X,
2024,20481,City of Westfield - (MA),,M,Municipal,,X,,,X,,X,,,X,X,X,X,X,X
2024,20490,City of Westminster - (SC),Y,M,Municipal,,X,,,,,,,,,,,,X,
2024,20502,City of Wetumka - (OK),Y,M,Municipal,,,,,,,,,,,,,,X,
2024,20506,"Wheatland Rural Elec Assn, Inc",Y,C,Cooperative,,X,,,,X,,,,,,,,X,
2024,20509,Wheat Belt Public Power Dist,Y,P,Political Subdivision,,X,,,,X,,,,,,,,X,
2024,20510,"Wheatland Electric Coop, Inc",,C,Cooperative,,X,,,X,X,,,X,,X,X,X,X,X
2024,20512,Town of Wheatland - (WY),Y,M,Municipal,,,,,,,,,,,,,,X,
2024,20521,Wheeling Power Co,,I,Investor Owned,X,X,,X,X,X,X,,X,X,X,X,X,X,X
2024,20534,City of Whigham - (GA),Y,M,Municipal,,X,,,,,,,,,,,,X,
2024,20535,City of White Mountain - (AK),Y,M,Municipal,,,,,,,,,,,,,,X,
2024,20574,White River Valley El Coop Inc,,C,Cooperative,,X,,,X,,,,X,,X,,X,X,X
2024,20576,"White River Electric Assn, Inc",,C,Cooperative,,X,,,X,,,,X,X,X,X,X,X,X
2024,20583,Whitehall Electric Utility,,M,Municipal,,X,,,X,X,,,X,,X,,X,X,X
2024,20588,City of Whitesboro - (TX),Y,M,Municipal,,X,,,,,,,,,,,,X,
2024,20603,Northeastern Rural E M C,,C,Cooperative,,X,,X,X,,,,X,X,X,X,X,X,X
2024,20604,City of Whittemore - (IA),Y,M,Municipal,,,,,,,,,,,,,,X,
2024,20618,Town of Wickenburg,Y,M,Municipal,,,,,,,,,,,,,,X,
2024,20632,City of Wilber,Y,M,Municipal,,,,,,,,,,,,,,X,
2024,20639,"Wild Rice Electric Coop, Inc",,C,Cooperative,,X,,X,X,,X,,X,,X,X,X,X,X
2024,20641,Village of Wilcox - (NE),Y,M,Municipal,,X,,,,,,,,,,,,X,
2024,20659,"WGL Energy Services, Inc.",,R,Retail Power Marketer,X,,,,,,,,,,X,,X,,X
2024,20729,Town of Williamsport - (MD),Y,M,Municipal,,X,,,,,,,,,,,,X,
2024,20730,City of Williamsport - (IN),Y,M,Municipal,,X,,,,,,,,,,,,X,
2024,20731,Williamstown Utility Comm,Y,M,Municipal,,X,,,,,,,,,,,,X,
2024,20735,City of Williston - (FL),Y,M,Municipal,,,,,,,,,,,,,,X,
2024,20737,Willmar Municipal Utilities,,M,Municipal,,X,,,X,,X,,X,X,X,X,X,X,X
2024,20739,City of Willow Springs - (MO),Y,M,Municipal,,,,,,,,,,,,,,X,
2024,20785,City of Wilson - (NC),,M,Municipal,,X,,,X,,,,,,X,X,X,X,X
2024,20789,City of Wilton - (IA),Y,M,Municipal,,X,,,,,,,,,,,,X,
2024,20792,Town of Winamac - (IN),Y,M,Municipal,,X,,,,,,,,,,,,X,
2024,20793,City of Winchester - (TN),,M,Municipal,,X,,,X,,,,,X,X,X,X,X,X
2024,20806,City of Windom,Y,M,Municipal,,X,,,,,,,,,,,,X,
2024,20811,Town of Windsor- (NC),Y,M,Municipal,,X,,,,,,,,,,,,X,
2024,20813,City of Winfield - (KS),,M,Municipal,,X,,,X,,,,,,X,,X,X,X
2024,20823,Winner Municipal Utility,Y,M,Municipal,,X,,,,,,,,,,,,X,
2024,20824,Village of Winnetka - (IL),Y,M,Municipal,,,,,,X,,,,,,,,X,
2024,20826,Town of Winnsboro - (SC),Y,M,Municipal,,,,,,,,,,,,,,X,
2024,20827,City of Winona - (MO),Y,M,Municipal,,X,,,,,,,,,,,,X,
2024,20835,City of Winterset - (IA),Y,M,Municipal,,X,,,,,,,,,,,,X,
2024,20836,City of Winterville - (NC),Y,M,Municipal,,X,,,,,,,,,,,,X,
2024,20837,City of Winthrop - (MN),Y,M,Municipal,,X,,,,,,,,,,,,X,
2024,20841,"Wiregrass Electric Coop, Inc",,C,Cooperative,,X,,X,X,,X,,,,X,X,X,X,X
2024,20844,Wisconsin Dells Electric Util,Y,M,Municipal,,,,,,X,,,,,,,,X,
2024,20845,Wolverine Power Marketing Coop,,C,Cooperative,X,,,,,,,,,,X,,X,,X
2024,20846,City of Woolstock - (IA),Y,M,Municipal,,,,,,,,,,,,,,X,
2024,20847,Wisconsin Electric Power Co,,I,Investor Owned,X,X,,X,X,X,,,X,X,X,X,X,X,X
2024,20848,City of Blue Hill - (NE),Y,M,Municipal,,X,,,,,,,,,,,,X,
2024,20856,Wisconsin Power & Light Co,,I,Investor Owned,X,X,,X,X,X,,,X,X,X,X,X,X,X
2024,20858,WPPI Energy,,A,Municipal Mktg Authority,,,,,,,X,,,X,X,,,,X
2024,20860,Wisconsin Public Service Corp,,I,Investor Owned,X,X,,,X,X,,,X,,X,X,X,X,X
2024,20862,Wisconsin Rapids W W & L Comm,,M,Municipal,,X,,,X,X,,,X,X,X,X,X,X,X
2024,20863,Wisconsin River Power Company,,I,Investor Owned,,,,,,,,,,,X,,,,X
2024,20880,City of Wisner,Y,M,Municipal,,,,,,,,,,,,,,X,
2024,20885,Withlacoochee River Elec Coop,,C,Cooperative,,X,,,X,,X,,X,X,X,X,X,X,X
2024,20910,Wolverine Power Supply Coop,,C,Cooperative,,,,,X,,,,,,X,,,X,X
2024,20913,Town of Wolfeboro - (NH),Y,M,Municipal,,X,,,,,,,,,,,,X,
2024,20924,Wonewoc Electric & Water Util,Y,M,Municipal,,,,,,X,,,,,,,,X,
2024,20927,"Wood County Electric Coop, Inc",,C,Cooperative,,X,,,X,,,,,,X,X,X,X,X
2024,20945,City of Wood River- (NE),Y,M,Municipal,,X,,,,,,,,,,,,X,
2024,20948,Wise Electric Coop Inc,,C,Cooperative,,X,,,X,,,,X,,X,X,X,X,X
2024,20949,City of Woodbine - (IA),Y,M,Municipal,,,,,,,,,,,,,,X,
2024,20950,Village of Winside - (NE),Y,M,Municipal,,,,,,,,,,,,,,X,
2024,20951,Woodbury County Rural E C A,Y,C,Cooperative,,X,,,,,,,,,,,,X,
2024,20963,Woodruff Electric Coop Corp,,C,Cooperative,,X,,X,X,,X,,X,,X,X,X,X,X
2024,20977,City of Woodsfield - (OH),Y,M,Municipal,,X,,,,,,,,,,,,X,
2024,20979,Village of Woodville - (OH),Y,M,Municipal,,,,,,,,,,,,,,X,
2024,20980,Precinct of Woodsville,Y,M,Municipal,,,,,,,,,,,,,,X,
2024,20996,Wright-Hennepin Coop Elec Assn,,C,Cooperative,X,X,,,X,X,,,X,X,X,X,X,X,X
2024,20997,Yellowstone Valley Elec Co-op,,C,Cooperative,X,X,,,X,,X,,X,,X,,X,X,X
2024,21002,York Electric Coop Inc,,C,Cooperative,,X,,X,X,,X,,X,X,X,X,X,X,X
2024,21013,City of Worthington - (MN),,M,Municipal,,X,,X,X,,X,,X,,X,X,X,X,X
2024,21015,City of Wrangell - (AK),Y,M,Municipal,,X,,,,,,,,,,,,X,
2024,21021,City of Wray,Y,M,Municipal,,,,,,,,,,,,,,X,
2024,21048,Wyandotte Municipal Serv Comm,,M,Municipal,,X,,,X,,X,,X,,X,X,X,X,X
2024,21056,City of Wymore - (NE),Y,M,Municipal,,X,,,,,,,,,,,,X,
2024,21066,City of Wynnewood - (OK),Y,M,Municipal,,X,,,,,,,,,,,,X,
2024,21075,Y-W Electric Assn Inc,,C,Cooperative,,X,,,X,,X,,X,,X,X,X,X,X
2024,21079,Wyrulec Company,Y,C,Cooperative,,X,,,,,,,,,,,,X,
2024,21081,Yampa Valley Electric Assn Inc,,C,Cooperative,,X,,,X,,,,X,X,X,X,X,X,X
2024,21093,3 Phases Renewables Inc,,R,Retail Power Marketer,X,,,,,,,,,,X,,X,,X
2024,21095,Public Serv Comm of Yazoo City,Y,M,Municipal,,,,,,,,,,,,,,X,
2024,21101,Village of Yellow Springs - (OH),Y,M,Municipal,,X,,,,,,,,,,,,X,
2024,21108,City of Yoakum - (TX),Y,M,Municipal,,X,,,,,,,,,,,,X,
2024,21111,Perennial Public Power Dist,,P,Political Subdivision,,X,,X,X,,X,,X,,X,X,X,X,X
2024,21114,Yazoo Valley Elec Power Assn,,C,Cooperative,,X,,,X,,,,,,X,,X,X,X
2024,21140,Yuba County Water Agency,,P,Political Subdivision,,,,,,,,,,,X,,,,X
2024,21143,City of Yuma - (CO),Y,M,Municipal,,X,,,,,,,,,,,,X,
2024,21158,City of Zeeland - (MI),,M,Municipal,,X,,,X,,X,,X,,X,X,X,X,X
2024,21160,Borough of Zelienople - (PA),Y,M,Municipal,,,,,,,,,,,,,,X,
2024,21239,Electrical Dist No7 Maricopa,Y,P,Political Subdivision,,,,,,,,,,,,,,,
2024,21244,"Southside Electric Coop, Inc",,C,Cooperative,,X,,X,X,X,,,X,,X,X,X,X,X
2024,21249,"HQ Energy Services (U.S.), Inc.",,W,Wholesale Power Marketer,,,,,,,,,,,X,,,,X
2024,21352,Municipal Energy Agency of NE,,P,Political Subdivision,,,,,,,X,,,,X,,,,X
2024,21513,"Fergus Electric Coop, Inc",,C,Cooperative,,X,,,X,,,,X,,X,X,X,X,X
2024,21526,City of Laurens - (SC),Y,M,Municipal,,X,,,,X,,,,,,,,X,
2024,21533,City of Minneapolis - (KS),Y,M,Municipal,,,,,,,,,,,,,,X,
2024,21538,"Mohave Electric Cooperative, Inc.",,C,Cooperative,X,X,,,X,X,X,,X,,X,X,X,X,X
2024,21554,Seminole Electric Cooperative Inc,,C,Cooperative,,,,X,,,,,,,X,,,,X
2024,21567,"Washington-St Tammany E C, Inc",,C,Cooperative,,X,,,X,X,,,X,,X,X,X,X,X
2024,21632,EnergyUnited Elec Member Corp,,C,Cooperative,,X,,X,X,,X,,X,X,X,X,X,X,X
2024,21664,Willwood Light & Power Company,Y,C,Cooperative,,,,,,,,,,,,,,X,
2024,21704,MSR Public Power Agency,,P,Political Subdivision,,,,,,,,,,,X,,,,X
2024,22053,Kentucky Power Co,,I,Investor Owned,X,X,,X,X,X,X,,X,X,X,X,X,X,X
2024,22056,Smarr EMC,,C,Cooperative,,,,,,,,,,,X,,,,X
2024,22355,PUD No 1 of Mason County,Y,P,Political Subdivision,,X,,,,,,,,,,,,X,
2024,22500,"Evergy Kansas Central, Inc",,I,Investor Owned,X,X,,X,X,X,X,,X,X,X,X,X,X,X
2024,22646,"United Electric Coop, Inc - (MO)",Y,C,Cooperative,,X,,,,,,,,,,,,X,
2024,22690,Roosevelt County Elec Coop Inc,,C,Cooperative,X,X,,,X,,,,,,X,,X,X,X
2024,22814,Raft Rural Elec Coop Inc,,C,Cooperative,X,X,,,X,,,,,,X,,X,X,X
2024,22815,Delta Electric Power Assn,,C,Cooperative,,X,,,X,X,X,,X,,X,X,X,X,X
2024,22822,Clark County Rural E M C - (IN),,C,Cooperative,,X,,,X,X,,,X,,X,X,X,X,X
2024,23326,"Sierra Electric Coop, Inc",Y,C,Cooperative,,X,,,,X,,,,,,,,X,
2024,23586,"Vigilante Electric Coop, Inc",Y,C,Cooperative,,X,,,,,,,,,,,,X,
2024,23826,Bluestem Electric Coop Inc,Y,C,Cooperative,,X,,,,X,,,,,,,,X,
2024,24211,Tucson Electric Power Co,,I,Investor Owned,X,X,,X,X,X,X,,X,X,X,X,X,X,X
2024,24431,Utah Municipal Power Agency,,P,Political Subdivision,,,,,,,X,,,,X,,,,X
2024,24486,City of Akutan - (AK),Y,M,Municipal,,,,,,,,,,,,,,X,
2024,24558,City of Escanaba,Y,M,Municipal,,X,,,,,,,,,,,,X,
2024,24590,Unitil Energy Systems,,I,Investor Owned,X,X,,X,X,X,X,,X,X,X,X,X,X,X
2024,24753,Boone County Rural EMC,,C,Cooperative,,X,,,X,,,,X,,X,X,X,X,X
2024,24791,Village of Bradshaw - (NE),Y,M,Municipal,,X,,,,,,,,,,,,X,
2024,24889,Brunswick Electric Member Corp,,C,Cooperative,X,X,,,X,X,,,X,X,X,X,X,X,X
2024,24949,Cass County Elec Coop Inc,,C,Cooperative,X,X,,X,X,X,X,,X,X,X,X,X,X,X
2024,25060,Wellton-Mohawk Irr & Drain Dist,Y,P,Political Subdivision,,,,,,,,,,,,,,X,
2024,25177,Dakota Electric Association,,C,Cooperative,X,X,,,X,X,,,X,,X,X,X,X,X
2024,25251,"Entergy Power, LLC",,I,Investor Owned,,,,,,,,,,,X,,,,X
2024,25262,"DTE Energy Trading, Inc",,W,Wholesale Power Marketer,,,,,,,,,,,X,,,,X
2024,25295,Western Indiana Energy REMC,,C,Cooperative,,X,,,X,X,,,X,,X,X,X,X,X
2024,25866,Ak-Chin Electric Utility Authority,,S,State,X,X,,,X,,,,,,X,,X,X,X
2024,26120,Town of Langford- (SD),Y,M,Municipal,,X,,,,,,,,,,,,X,
2024,26218,Little Ocmulgee El Member Corp,Y,C,Cooperative,,X,,,,,,,,,,,,X,
2024,26253,Louisiana Energy & Power Authority,,P,Political Subdivision,,,,,,,,,,,X,,,,X
2024,26317,Manokotak Power Company,Y,M,Municipal,,,,,,,,,,,,,,X,
2024,26510,Liberty Utilities (Granite State Electri,,I,Investor Owned,X,X,,,X,X,X,,X,,X,X,X,X,X
2024,26616,North Slope Borough Power & Light,Y,M,Municipal,,X,,,,,,,,,,,,X,
2024,26751,"National Grid Generation, LLC",,I,Investor Owned,,,,,,,,,,,X,,,,X
2024,26765,Pella Cooperative Elec Assn,Y,C,Cooperative,,X,,,,X,,,,,,,,X,
2024,26894,City of Radium - (KS),Y,M,Municipal,,,,,,,,,,,,,,X,
2024,26916,"Ravalli County Elec Coop, Inc",Y,C,Cooperative,,X,,,,X,,,,,,,,X,
2024,26934,"Red Lake Electric Coop, Inc",Y,C,Cooperative,,X,,,,,,,,,,,,X,
2024,26939,Red River Valley Coop Pwr Assn,Y,C,Cooperative,,X,,,,,,,,,,,,X,
2024,27000,WAPA-- Western Area Power Administration,,F,Federal,X,X,,,X,,,,,,X,,X,X,X
2024,27026,City of Round Lake - (MN),Y,M,Municipal,,X,,,,,,,,,,,,X,
2024,27058,"High West Energy, Inc",,C,Cooperative,X,X,,,X,X,,,X,,X,,X,X,X
2024,27222,City of Ripley - (TN),,M,Municipal,,X,,,X,X,,,,,X,X,X,X,X
2024,27238,"Southwest Electric Coop, Inc",,C,Cooperative,,X,,,X,,,,X,,X,X,X,X,X
2024,27269,City of Stanhope - (IA),Y,M,Municipal,,,,,,,,,,,,,,X,
2024,27316,Town of Stowe- (VT),Y,M,Municipal,,X,,,,,,,,,,,,X,
2024,27369,Taylor Electric Coop Inc - (TX),,C,Cooperative,,X,,,X,,,,,,X,X,X,X,X
2024,27422,Todd-Wadena Electric Coop,Y,C,Cooperative,,X,,,,,,,,,,,,X,
2024,27545,City of Vermillion - (KS),Y,M,Municipal,,,,,,,,,,,,,,X,
2024,27599,Carroll-White REMC,,C,Cooperative,,X,,,X,,X,,X,X,X,X,X,X,X
2024,27703,U S Army Corps of Engineers,,F,Federal,,,,,,,,,,,X,,,,X
2024,28541,Clatskanie Peoples Util Dist,,P,Political Subdivision,X,X,,,X,X,X,,X,,X,X,X,X,X
2024,28604,Kerrville Public Utility Board,,M,Municipal,,X,,,X,,X,,X,,X,X,X,X,X
2024,28802,"Talen Energy Marketing, LLC",,R,Retail Power Marketer,X,,,,,,,,,,X,,X,,X
2024,28978,City of San Marcos - (TX),,M,Municipal,,X,,,X,,,,X,,X,X,X,X,X
2024,28981,City of San Saba - (TX),Y,M,Municipal,,,,,,,,,,,,,,X,
2024,29295,City of Wells - (MN),Y,M,Municipal,,,,,,,,,,,,,,X,
2024,29296,Western Illinois Elec Coop,Y,C,Cooperative,,X,,,,,,,,,,,,X,
2024,29297,Pelican Utility,Y,M,Municipal,,,,,,,,,,,,,,X,
2024,29304,Southeastern Power Admin,,F,Federal,,,,,,,,,,,X,,,,X
2024,29305,City of Madelia - (MN),Y,M,Municipal,,X,,,,,,,,,,,,X,
2024,30151,"Tri-State G & T Assn, Inc",,C,Cooperative,,,,,,,,,,,X,,,,X
2024,30517,"Pioneer Electric Coop, Inc - (AL)",Y,C,Cooperative,,X,,,,X,,,,,,,,X,
2024,30518,Electrical Dist No3 Pinal County,,P,Political Subdivision,,X,,X,X,X,,,X,,X,X,X,X,X
2024,30856,City of Winnfield - (LA),Y,M,Municipal,,X,,,,,,,,,,,,X,
2024,31516,Midvale Irrigation District,Y,P,Political Subdivision,,,,,,,,,,,,,,X,
2024,31833,Okefenoke Rural El Member Corp,,C,Cooperative,,X,,,X,X,,,X,,X,X,X,X,X
2024,36189,"Mid-Ohio Energy Coop, Inc",Y,C,Cooperative,,X,,,,,,,,,,,,X,
2024,38084,Great Lakes Energy Coop,,C,Cooperative,,X,,,X,,X,,X,X,X,X,X,X,X
2024,39347,"East Texas Electric Coop, Inc",,C,Cooperative,,,,,,,,,,,X,,,,X
2024,40036,Westfield Electric Company,,I,Investor Owned,X,X,,,X,X,,,,,X,,X,X,X
2024,40051,Texas-New Mexico Power Co,,I,Investor Owned,X,X,X,X,X,,X,,,X,X,X,,X,X
2024,40127,Clarke-Washington E M C,,C,Cooperative,,X,,,X,,,,,,X,,X,X,X
2024,40165,"Dixie Escalante R E A, Inc",,C,Cooperative,,X,,X,X,,,,X,X,X,X,X,X,X
2024,40166,"Chickasaw Electric Coop, Inc",,C,Cooperative,,X,,,X,X,,,,X,X,,X,X,X
2024,40167,"Somerset Rural Elec Coop, Inc",,C,Cooperative,,X,,,X,,,,X,,X,,X,X,X
2024,40208,"Ark Valley Elec Coop Assn, Inc",Y,C,Cooperative,,X,,,,X,,,,,,,,X,
2024,40211,"Wabash Valley Power Assn, Inc",,C,Cooperative,,,,X,,,X,,,,X,,,,X
2024,40212,Colquitt Electric Membership Corp,,C,Cooperative,,X,,X,X,,,,X,,X,,X,X,X
2024,40215,"Cordova Electric Coop, Inc",Y,C,Cooperative,,X,,,,,,,,,,,,X,
2024,40218,"Central Electric Pwr Coop, Inc - (SC)",,C,Cooperative,,,,,,,,,,,X,,,,X
2024,40219,"United Electric Coop, Inc - (PA)",Y,C,Cooperative,,X,,,,,,,,,,,,X,
2024,40220,Adams Electric Cooperative Inc,,C,Cooperative,,X,,,X,,,,X,,X,,X,X,X
2024,40221,"Bedford Rural Elec Coop, Inc",,C,Cooperative,,X,,,X,,,,X,,X,,X,X,X
2024,40222,Valley Rural Electric Coop Inc,,C,Cooperative,,X,,,X,,,,X,,X,,X,X,X
2024,40223,Warren Electric Coop Inc,Y,C,Cooperative,,X,,,,,,,,,,,,X,
2024,40224,"Central Electric Coop, Inc - (PA)",,C,Cooperative,,X,,,X,,,,X,,X,,X,X,X
2024,40228,Rappahannock Electric Coop,,C,Cooperative,X,X,,X,X,X,,,X,X,X,X,X,X,X
2024,40229,Old Dominion Electric Coop,,C,Cooperative,,,,,,,,,,,X,,,,X
2024,40230,Deseret Generation & Tran Coop,Y,C,Cooperative,,,,,,,,,,,,,,X,
2024,40236,"Forked Deer Electric Coop, Inc",,C,Cooperative,,X,,,X,X,,,,X,X,X,X,X,X
2024,40289,Claverack Rural Elec Coop Inc,,C,Cooperative,,X,,,X,,,,X,,X,,X,X,X
2024,40290,Tri-County Rural Elec Coop Inc (PA),,C,Cooperative,,X,,,X,,,,X,,X,,X,X,X
2024,40291,"Sullivan County R E C, Inc - (PA)",Y,C,Cooperative,,X,,,,X,,,,,,,,X,
2024,40292,REA Energy Coop Inc,,C,Cooperative,,X,,,X,,,,X,,X,,X,X,X
2024,40293,"Northwestern Rural E C A, Inc - (PA)",,C,Cooperative,,X,,,X,,,,X,,X,,X,X,X
2024,40299,Sussex Rural Electric Coop Inc,Y,C,Cooperative,,X,,,,,,,,,,,,X,
2024,40300,Nebraska Electric G&T Coop Inc,,C,Cooperative,,,,,,,,,,,X,,,,X
2024,40301,Central Montana E Pwr Coop Inc,,C,Cooperative,,,,,,,,,,,X,,,,X
2024,40302,North East Mississippi EPA,,C,Cooperative,,X,,,X,X,,,,X,X,X,X,X,X
2024,40303,Monroe County Elec Power Assn,,C,Cooperative,,X,,,X,,,,,X,X,,X,X,X
2024,40304,Minnesota Valley Coop L&P Assn,,C,Cooperative,,X,,,X,,,,X,,X,X,X,X,X
2024,40307,"Prairie Power, Inc",,C,Cooperative,,,,,,,,,,,X,,,,X
2024,40355,Maricopa County M W C Dist #1,Y,P,Political Subdivision,,,,,,,,,,,,,,X,
2024,40357,Electrical Dist No6 Pinal County,Y,P,Political Subdivision,,,,,,,,,,,,,,,
2024,40364,City of Courtland,,M,Municipal,,X,,,X,,,,,,X,,X,X,X
2024,40367,Village of Ladd - (IL),Y,M,Municipal,,X,,,,,,,,,,,,X,
2024,40369,City of Oxford - (GA),Y,M,Municipal,,,,,,,,,,,,,,X,
2024,40382,City of Rockport - (MO),Y,M,Municipal,,,,,,,,,,,,,,X,
2024,40383,City of Osceola - (MO),Y,M,Municipal,,,,,,,,,,,,,,X,
2024,40390,City of Buffalo - (IA),Y,M,Municipal,,X,,,,,,,,,,,,X,
2024,40428,Guam Power Authority,,S,State,,X,,,X,,X,,X,,X,X,X,X,X
2024,40429,American Samoa Power Authority,,S,State,,X,,,X,,,,X,X,X,X,X,X,X
2024,40433,City of Enterprise - (UT),Y,M,Municipal,,X,,,,,,,,,,,,X,
2024,40435,City of White - (SD),Y,M,Municipal,,,,,,,,,,,,,,X,
2024,40437,Emerald People's Utility Dist,,P,Political Subdivision,X,X,,,X,,X,,X,X,X,,X,X,X
2024,40438,Columbia River Peoples Ut Dist,,P,Political Subdivision,,X,,,X,,X,,X,,X,X,X,X,X
2024,40440,City of Stanton - (ND),Y,M,Municipal,,,,,,,,,,,,,,X,
2024,40441,Town of Murphy - (NC),,M,Municipal,,X,,,X,X,,,,X,X,,X,X,X
2024,40456,PUD No 1 of Whatcom County,,P,Political Subdivision,,X,,,X,,,,,,X,,X,X,X
2024,40548,Unalakleet Valley Elec Coop,Y,C,Cooperative,,,,,,,,,,,,,,X,
2024,40575,Utah Associated Mun Power Sys,,P,Political Subdivision,,,,,,,X,,,,X,,,,X
2024,40576,Intermountain Power Agency,,P,Political Subdivision,,,,,,,,,,,X,,,,X
2024,40577,"American Mun Power-Ohio, Inc",,A,Municipal Mktg Authority,,,,,,,,,,,X,,,,X
2024,40580,Southern Minnesota Mun P Agny,,P,Political Subdivision,,,,,,,,,,,X,,,,X
2024,40581,Northern Municipal Power Agency,,A,Municipal Mktg Authority,,,,,,,,,,,X,,,,X
2024,40582,Michigan Public Power Agency,,P,Political Subdivision,,,,,,,,,,,X,,,,X
2024,40603,Wyoming Municipal Power Agency,,A,Municipal Mktg Authority,,,,,,,,,,,X,,,,X
2024,40604,Heartland Consumers Power Dist,Y,P,Political Subdivision,,,,,,,,,,,,,,,
2024,40606,City of Grand Island - (NE),,M,Municipal,X,X,,,X,,,,X,X,X,X,X,X,X
2024,40613,Northern California Power Agny,,P,Political Subdivision,X,,,,,,,,,,X,,X,,X
2024,40614,Alabama Municipal Elec Authority,,A,Municipal Mktg Authority,,,,,,,,,,,X,,,,X
2024,44372,Oncor Electric Delivery Company LLC,,I,Investor Owned,X,X,X,X,X,,X,,,X,X,X,,X,X
2024,44388,New England Elec Transm'n Corp,,T,Transmission,,,,,,,,,,,X,,,,X
2024,49730,American PowerNet,,R,Retail Power Marketer,X,,,,,,,,,,X,,X,,X
2024,49746,The Energy Coop,,C,Cooperative,X,,,,,,,,,,X,,X,,X
2024,49803,Alaska Electric & Energy Coop,,C,Cooperative,,,,,,,,,,,X,,,,X
2024,49817,Dow Hydrocarbons and Resources,,R,Retail Power Marketer,X,,,,,,,,,,,,,,
2024,49818,"Alliance Power Company, LLC.",,R,Retail Power Marketer,X,,,,,,,,,,X,,X,,X
2024,49824,Calpine Power Management LLC,,W,Wholesale Power Marketer,,,,,,,,,,,X,,,,X
2024,49826,Mohegan Tribal Utility Authority,Y,P,Political Subdivision,,X,,,,,,,,,,,,X,
2024,49848,Massachusetts Bay Trans Authority,,P,Political Subdivision,X,,,,,,,,,,X,,X,X,X
2024,49853,Amigo Energy,,R,Retail Power Marketer,X,,,,,,,,,,X,,X,,X
2024,49922,U.S. Energy Partners LLC,,R,Retail Power Marketer,X,,,,,X,,,,,X,,X,,X
2024,49952,3000 Energy Corp,,R,Retail Power Marketer,X,,,,,,,,,,X,,X,,X
2024,49956,Merrill Lynch Commodities,,W,Wholesale Power Marketer,,,,,,,,,,,X,,,,X
2024,49986,Southwest Iowa Rural Elec Coop,Y,C,Cooperative,,X,,,,,,,,,,,,X,
2024,49987,Harvard Dedicated Energy Limit,,R,Retail Power Marketer,X,,,,,,,,,,X,,X,,X
2024,49998,City of Berea Municipal Utility,,M,Municipal,X,X,,,X,,,,X,,X,,X,X,X
2024,50041,"Stream SPE, LTD",,R,Retail Power Marketer,X,,,,,,,,,,X,,X,,X
2024,50046,"Texas Retail Energy, LLC",,R,Retail Power Marketer,X,,,,,X,,,,,X,,X,,X
2024,50153,"APN Starfirst, L.P.",,R,Retail Power Marketer,X,,,,,,,,,,X,,X,,X
2024,50174,Electric Transmission Texas LLC,,T,Transmission,,,,,,,,,,,X,,,,X
2024,54728,Texas General Land Office,,R,Retail Power Marketer,X,,,,,,,,,,X,,X,,X
2024,54820,Direct Energy Services,,R,Retail Power Marketer,X,,,,,,,,,,X,,X,,X
2024,54862,Champion Energy Services,,R,Retail Power Marketer,X,,,,,,,,,,X,,X,,X
2024,54872,"Accent Energy Holdings, LLC",,R,Retail Power Marketer,X,,,,,,,,,,X,,X,,X
2024,54873,Freedom Energy,,R,Retail Power Marketer,X,,,,,,,,,,X,,X,,X
2024,54893,NOCO Electric,,R,Retail Power Marketer,X,,,,,,,,,,X,,X,,X
2024,54913,NSTAR Electric Company,,I,Investor Owned,X,X,,X,X,X,X,,X,X,X,X,X,X,X
2024,55701,"Sempra Gas & Power Marketing, LLC",,W,Wholesale Power Marketer,,,,,,,,,,,X,,,,X
2024,55719,TDM US,,W,Wholesale Power Marketer,,,,,,,,,,,X,,,,X
2024,55722,AEP Energy,,R,Retail Power Marketer,X,,,,,,,,,,X,,X,,X
2024,55758,"GenOn Energy Management, LLC",,W,Wholesale Power Marketer,,,,,,,,,,,X,,,,X
2024,55787,City of Moreno Valley - (CA),,M,Municipal,,X,,,X,X,X,,X,X,X,X,X,X,X
2024,55814,"Columbia Utilities Power, LLC",,R,Retail Power Marketer,X,,,,,,,,,,X,,,,X
2024,55815,"IDT Energy, Inc.",,R,Retail Power Marketer,X,,,,,,,,,,X,,X,,X
2024,55874,"Energy Services Providers, Inc",,R,Retail Power Marketer,X,,,,,,,,,,X,,X,,X
2024,55878,Hudson Energy Services,,R,Retail Power Marketer,X,,,,,,,,,,X,,X,,X
2024,55897,PSEG Energy Resources and Trade,,W,Wholesale Power Marketer,,,,,,,,,,,X,,,,X
2024,55937,Entergy Texas Inc.,,I,Investor Owned,X,X,,X,X,X,X,,X,X,X,X,X,X,X
2024,55959,Roughrider Electric Cooperativ,,C,Cooperative,X,X,,,X,X,,,,,X,,X,X,X
2024,55962,City of Victorville - (CA),Y,M,Municipal,,X,,,,X,,,,,,,,X,
2024,55982,Heart of Texas Electric Coop,,C,Cooperative,,X,,,X,X,,,X,,X,X,X,X,X
2024,56068,International Transmission Company,,T,Transmission,,,,,,,,,,,X,,,,X
2024,56146,"Black Hills Colorado Electric, LLC",,I,Investor Owned,X,X,,,X,,X,,X,,X,X,X,X,X
2024,56161,ITC Midwest LLC,,T,Transmission,,,,,,,,,,,X,,,,X
2024,56162,American Transmission Systems Inc,,T,Transmission,,,,,,,,,,,X,,,,X
2024,56163,"Michigan Electric Transmission Company,",,T,Transmission,,,,,,,,,,,X,,,,X
2024,56196,Just Energy New York Corp.,,R,Retail Power Marketer,X,,,,,,,,,,X,,X,,X
2024,56212,"Ambit Energy Holdings, LLC",,R,Retail Power Marketer,X,,,,,X,,,,,X,,X,,X
2024,56220,Anthracite Power & Light,,R,Retail Power Marketer,X,,,,,,,,,,X,,X,,X
2024,56223,Macquarie Energy LLC,,R,Retail Power Marketer,X,,,,,,,,,,X,,X,,X
2024,56224,Rancho Cucamonga Municipal Utility,Y,M,Municipal,,X,,,,X,,,,,,,,X,
2024,56248,"Young Energy, LLC",,R,Retail Power Marketer,X,,,,,,,,,,X,,X,,X
2024,56256,City of Atka - (AK),Y,M,Municipal,,,,,,,,,,,,,,X,
2024,56265,Energy Plus Holdings LLC,,R,Retail Power Marketer,X,,,,,,,,,,X,,X,,X
2024,56276,TransCanada Energy Marketing ULC,,W,Wholesale Power Marketer,,,,,,,,,,,X,,,,X
2024,56279,"Spartan Renewable Energy, Inc",,R,Retail Power Marketer,X,,,,,,,,,X,X,,X,,X
2024,56286,"Frontier Utilities, LLC",,R,Retail Power Marketer,X,,,,,,,,,,X,,X,,X
2024,56288,Luminant Energy,,W,Wholesale Power Marketer,,,,,,,,,,,X,,,,X
2024,56379,"MC Squared Energy Services, LLC",,R,Retail Power Marketer,X,,,,,X,,,,,X,,X,,X
2024,56408,"UGI Energy Services, LLC",,R,Retail Power Marketer,X,,,,,,,,,,X,,X,,X
2024,56496,"UP Power Marketing, LLC",,R,Retail Power Marketer,X,,,,,,,,,,X,,X,,X
2024,56501,"Palmco Power NJ, LLC",,R,Retail Power Marketer,X,,,,,,,,,,X,,X,,X
2024,56503,TDX Manley Generating LLC,Y,I,Investor Owned,,,,,,,,,,,,,,X,
2024,56504,Major Energy Electric Services,,R,Retail Power Marketer,X,,,,,,,,,,X,,X,,X
2024,56521,"Devonshire Energy, LLC",,R,Retail Power Marketer,X,,,,,,,,,,X,,X,,X
2024,56526,"ITC Great Plains, LLC",,T,Transmission,,,,,,,,,,,X,,,,X
2024,56528,JP Morgan,,W,Wholesale Power Marketer,,,,,,,,,,,X,,,,X
2024,56535,City of Williams - AZ,Y,M,Municipal,,,,,,,,,,,,,,X,
2024,56536,Riverside Electric Cooperative,Y,C,Cooperative,,,,,,,,,,,,,,X,
2024,56546,Dominion Energy Marketing Inc.,,W,Wholesale Power Marketer,,,,,,,,,,,X,,,,X
2024,56571,AP Holdings LLC,,R,Retail Power Marketer,X,,,,,,,,,,X,,X,,X
2024,56573,"Palmco Power PA, LLC",,R,Retail Power Marketer,X,,,,,,,,,,X,,X,,X
2024,56621,Yakama Power,Y,C,Cooperative,,X,,,,,,,,,,,,X,
2024,56692,Marin Clean Energy,,G,Community Choice Aggregator,X,,,,,X,X,,,,X,,X,,X
2024,56697,Ameren Illinois Company,,I,Investor Owned,X,X,,,X,X,X,,X,X,X,X,X,X,X
2024,56734,Smart Prepaid Electric,,R,Retail Power Marketer,X,,,,,,,,,,X,,X,,X
2024,56737,"Stream Energy Pennsylvania, LLC",,R,Retail Power Marketer,X,,,,,,,,,,X,,X,,X
2024,56739,Gold Country Energy,Y,I,Investor Owned,,,,,,,,,,,,,,X,
2024,56876,"Stream Energy Maryland, LLC",,R,Retail Power Marketer,X,,,,,,,,,,X,,X,,X
2024,56890,Citigroup Energy Inc,,W,Wholesale Power Marketer,,,,,,,,,,,X,,,,X
2024,57037,Reliant Energy Northeast LLC,,R,Retail Power Marketer,X,,,,,,,,,,X,,X,,X
2024,57074,"Stream Energy New Jersey, LLC",,R,Retail Power Marketer,X,,,,,,,,,,X,,X,,X
2024,57105,Commonwealth Utility Corporation - (MP),,S,State,,X,,,X,,,,X,,X,,X,X,X
2024,57132,"US Retailers, LLC",,R,Retail Power Marketer,X,,,,,,,,,,X,,X,,X
2024,57156,NYSERDA,,D,Nonutility DSM Administrator,,,,,,,X,,,,,,,,
2024,57185,"Palmco Power MD, LLC",,R,Retail Power Marketer,X,,,,,,,,,,X,,X,,X
2024,57194,City of Industry,Y,M,Municipal,,,,,,,,,,,,,,,
2024,57201,Energy Trust of Oregon,,D,Nonutility DSM Administrator,,,,,,,X,,,,,,,,
2024,57307,ENGIE Power & Gas LLC,,R,Retail Power Marketer,X,,,,,,,,,,X,,X,,X
2024,57313,Tesla Inc.,,B,Behind the Meter,X,X,,,,,,,,,X,,X,,X
2024,57346,Efficiency Maine Trust,,D,Nonutility DSM Administrator,,,,X,,,X,,,,,,,,
2024,57347,Vermont Energy Investment Corporation,,D,Nonutility DSM Administrator,,,,,,,X,,,,,,,,
2024,57349,Focus on Energy,,D,Nonutility DSM Administrator,,,,,,,X,,,,,,,,
2024,57350,Summer Energy LLC,,R,Retail Power Marketer,X,,,,,,,,,,X,,X,,X
2024,57351,City of Egegik - (AK),Y,M,Municipal,,,,,,,,,,,,,,X,
2024,57394,Value Based Brands LLC,,R,Retail Power Marketer,X,,,,,,,,,,X,,X,,X
2024,57453,Independence Energy Group LLC,,R,Retail Power Marketer,X,,,,,,,,,,X,,X,,
2024,57459,"Wolverine Alternative Investments, LLC",,R,Retail Power Marketer,X,,,,,,,,,,X,,X,,X
2024,57483,Liberty Utilities,,I,Investor Owned,,X,,,X,X,X,,X,,X,X,X,X,X
2024,57486,"XOOM Energy Texas, LLC",,R,Retail Power Marketer,X,,,,,,,,,,X,,X,,X
2024,57487,"XOOM Energy Connecticut, LLC",,R,Retail Power Marketer,X,,,,,,,,,,X,,X,,X
2024,57488,"XOOM Energy Illinois, LLC",,R,Retail Power Marketer,X,,,,,,,,,,X,,X,,X
2024,57489,"XOOM Energy Massachusetts, LLC",,R,Retail Power Marketer,X,,,,,,,,,,X,,X,,X
2024,57490,"XOOM Energy Maryland, LLC",,R,Retail Power Marketer,X,,,,,,,,,,X,,X,,X
2024,57491,"XOOM Energy New Jersey, LLC",,R,Retail Power Marketer,X,,,,,,,,,,X,,X,,X
2024,58085,"Electricity Maine, LLC",,R,Retail Power Marketer,X,,,,,,,,,,X,,X,,X
2024,58086,"Electricity NH, LLC",,R,Retail Power Marketer,X,,,,,,,,,,X,,X,,X
2024,58113,"Texas A&M, Utilities & Energy Services",,S,State,,X,,,X,,,,,,X,,X,X,X
2024,58116,"Public Power & Utility of Maryland, LLC",,R,Retail Power Marketer,X,,,,,,,,,,X,,X,,X
2024,58118,Public Power LLC (PA),,R,Retail Power Marketer,X,,,,,,,,,,X,,X,,X
2024,58119,Public Power LLC (CT),,R,Retail Power Marketer,X,,,,,,,,,,X,,X,,X
2024,58123,Aha Macav Power Service,Y,P,Political Subdivision,,X,,,,,,,,,,,,X,
2024,58124,City of Winter Park - (FL),,M,Municipal,,X,,,X,X,X,,X,,X,X,X,X,X
2024,58126,Pittsburg Power Company,Y,M,Municipal,,X,,,,,,,,,,,,X,
2024,58127,Cape Light Compact,,D,Nonutility DSM Administrator,,,,X,,,X,,,,,,,,
2024,58128,DC Sustainable Energy Utility,,D,Nonutility DSM Administrator,,,,,,,X,,,,,,,,
2024,58139,Town of Pickstown - (SD),Y,M,Municipal,,X,,,,,,,,,,,,X,
2024,58158,FairPoint Energy LLC,,R,Retail Power Marketer,X,,,,,,,,,,X,,X,,X
2024,58160,Viridian Energy NY LLC,,R,Retail Power Marketer,X,,,,,,,,,,X,,X,,X
2024,58161,Viridian Energy LLC,,R,Retail Power Marketer,X,,,,,,,,,,X,,X,,X
2024,58162,Viridian Energy PA LLC,,R,Retail Power Marketer,X,,,,,,,,,,X,,X,,X
2024,58181,"Stream Energy New York, LLC",,R,Retail Power Marketer,X,,,,,,,,,,X,,X,,X
2024,58196,"C. N. Brown Electricity, LLC",,R,Retail Power Marketer,X,,,,,,,,,,X,,X,,X
2024,58230,MJMEUC,,W,Wholesale Power Marketer,,,,,,,,,,,X,,,,X
2024,58248,"EnergyMark, LLC",,R,Retail Power Marketer,X,,,,,X,,,,,X,,X,,X
2024,58314,"Palmco Power IL, LLC",,R,Retail Power Marketer,X,,,,,,,,,,X,,X,,X
2024,58339,"XOOM Energy Pennsylvania, LLC",,R,Retail Power Marketer,X,,,,,,,,,,X,,X,,X
2024,58364,New Brunswick Power Generation Corp.,,R,Retail Power Marketer,X,,,,,,,,,,X,,X,,X
2024,58367,"XOOM Energy New York, LLC",,R,Retail Power Marketer,X,,,,,,,,,,X,,X,,X
2024,58458,Silver State Energy Association,,R,Retail Power Marketer,X,,,,,,,,,,X,,X,,X
2024,58476,"Stream Energy Columbia, LLC",,R,Retail Power Marketer,X,,,,,,,,,,X,,X,,X
2024,58630,"XOOM Energy Maine, LLC",,R,Retail Power Marketer,X,,,,,,,,,,X,,X,,X
2024,58631,"XOOM Energy Rhode Island, LLC",,R,Retail Power Marketer,X,,,,,,,,,,X,,X,,X
2024,58632,"XOOM Energy Delaware, LLC",,R,Retail Power Marketer,X,,,,,,,,,,X,,X,,X
2024,58633,"XOOM Energy New Hampshire, LLC",,R,Retail Power Marketer,X,,,,,,,,,,X,,X,,X
2024,58663,Respond Power LLC,,R,Retail Power Marketer,X,,,,,,,,,,X,,X,,X
2024,58667,"North American Power and Gas, LLC",,R,Retail Power Marketer,X,,,,,,,,,,X,,X,,X
2024,58747,"Provider Power MASS, LLC",,R,Retail Power Marketer,X,,,,,,,,,,X,,X,,X
2024,58789,DOD USMC Marine Air Ground Combat,Y,F,Federal,,X,,,,,,,,,,,,X,
2024,58851,City of Cerritos - (CA),,M,Municipal,X,,,,,X,,,,,X,,X,,X
2024,58853,Kiwi Energy NY LLC,,R,Retail Power Marketer,X,,,,,,,,,,X,,X,,X
2024,58854,Delaware Sustainable Energy Utility,,D,Nonutility DSM Administrator,,,,,,,X,,,,,,,,
2024,58855,Hawaii Energy Efficiency Program,,D,Nonutility DSM Administrator,,,,,,,X,,,,,,,,
2024,58951,"CleanChoice Energy, Inc.",,R,Retail Power Marketer,X,,,,,,,,,,X,,X,,X
2024,58952,Tomorrow Energy Corp.,,R,Retail Power Marketer,X,,,,,,,,,,X,,X,,X
2024,58956,"SmartEnergy Holdings, LLC",,R,Retail Power Marketer,X,,,,,,,,,,X,,X,,X
2024,58957,"Interstate Gas Supply, Inc.",,R,Retail Power Marketer,X,,,,,,,,,,X,,X,,X
2024,58963,Brooklet Energy Distribution,,R,Retail Power Marketer,X,,,,,,,,,,X,,X,,X
2024,58964,"Alpha Gas and Electric, LLC",,R,Retail Power Marketer,X,,,,,,,,,,X,,X,,X
2024,58966,Marathon Power LLC,,R,Retail Power Marketer,X,,,,,,,,,,X,,X,,X
2024,58972,"Realgy, LLC",,R,Retail Power Marketer,X,,,,,,,,,,X,,X,,X
2024,58973,"Town Square Energy East, LLC",,R,Retail Power Marketer,X,,,,,,,,,,X,,X,,X
2024,58974,Clearview Electric Inc.,,R,Retail Power Marketer,X,,,,,,,,,,X,,X,,X
2024,58978,"Harborside Energy, LLC",,R,Retail Power Marketer,X,,,,,,,,,,X,,X,,X
2024,59013,PUD No 1 of Jefferson County,,P,Political Subdivision,,X,,,X,,X,,X,,X,X,X,X,X
2024,59053,"Abest Power & Gas, LLC",,R,Retail Power Marketer,X,,,,,,,,,,X,,X,,X
2024,59054,"Eligo Energy, LLC",,R,Retail Power Marketer,X,,,,,,,,,,X,,X,,X
2024,59055,"Choice Energy, LLC",,R,Retail Power Marketer,X,,,,,,,,,,X,,X,,X
2024,59059,Town Square Energy,,R,Retail Power Marketer,X,,,,,,,,,,X,,X,,X
2024,59062,"Horizon Power and Light, LLC",,R,Retail Power Marketer,X,,,,,,,X,,,X,,X,,X
2024,59064,"Great American Power, LLC",,R,Retail Power Marketer,X,,,,,,,,,,X,,X,,X
2024,59065,Titan Gas LLC,,R,Retail Power Marketer,X,,,,,,,,,,X,,X,,X
2024,59082,"Family Energy, Inc. New York",,R,Retail Power Marketer,X,,,,,,,,,,X,,X,,X
2024,59083,"SFE Energy Pennsylvania, Inc.",,R,Retail Power Marketer,X,,,,,,,,,,X,,X,,X
2024,59084,"SFE Energy Maryland, Inc.",,R,Retail Power Marketer,X,,,,,,,,,,X,,X,,X
2024,59085,"SFE Energy NJ, Inc.",,R,Retail Power Marketer,X,,,,,,,,,,X,,X,,X
2024,59086,"Constellation Solar Holding, LLC",,B,Behind the Meter,X,,,,,,,,,,X,,X,,X
2024,59088,"Nordic Energy Services, LLC",,R,Retail Power Marketer,X,,,,,,,,,,X,,X,,X
2024,59118,NJ Clean Energy Program,,D,Nonutility DSM Administrator,,,,,,,X,,,,,,,,
2024,59126,Sonoma Clean Power Authority,,G,Community Choice Aggregator,X,,,X,,X,,,,,X,,X,,X
2024,59128,MPower Energy LLC,,R,Retail Power Marketer,X,,,,,,,,,,X,,X,,X
2024,59310,"Inspire Energy Holdings, LLC",,R,Retail Power Marketer,X,,,,,,,,,,X,,X,,X
2024,59311,"XOOM Energy Ohio, LLC",,R,Retail Power Marketer,X,,,,,,,,,,X,,X,,X
2024,59312,"XOOM Energy Washington DC, LLC",,R,Retail Power Marketer,X,,,,,,,,,,X,,X,,X
2024,59313,"Palmco Power MA, LLC",,R,Retail Power Marketer,X,,,,,,,,,,X,,X,,
2024,59385,"Dynegy Energy Services, LLC",,R,Retail Power Marketer,X,,,,,X,,,,,X,,X,,X
2024,59410,"Shipley Choice, LLC",,R,Retail Power Marketer,X,,,,,,,,,,X,,X,,X
2024,59505,Heartland REMC,,C,Cooperative,,X,,,X,X,,,,X,X,,X,X,X
2024,59579,Sunnova,,B,Behind the Meter,X,,,,,,,,,,X,,X,,X
2024,59580,"SunPower Capital, LLC",,B,Behind the Meter,X,X,,,,,,,,,X,,X,,X
2024,59620,Verde Energy USA,,R,Retail Power Marketer,X,,,,,,,,,,X,,X,,X
2024,59622,"Ahana Renewables, LLC",,B,Behind the Meter,X,,,,,,,,,,X,,X,,X
2024,59625,Lancaster Choice Energy,,G,Community Choice Aggregator,X,,,,,,,,,,X,,X,,X
2024,59647,Sunrun Inc.,,B,Behind the Meter,X,X,,,,,,,,,X,,X,,X
2024,59676,"Collegiate Clean Energy, LLC",,R,Retail Power Marketer,X,,,,,,,,,,X,,X,,X
2024,59679,Aggregated Transit Energy,,R,Retail Power Marketer,X,,,,,,,,,,X,,X,,X
2024,59734,"SFE Energy Massachusetts, Inc.",,R,Retail Power Marketer,X,,,,,,,,,,X,,X,,X
2024,59763,"Consolidated Power Co., LLC",,R,Retail Power Marketer,X,,,,,,,,,,X,,X,,X
2024,59793,"First Point Power, LLC",,R,Retail Power Marketer,X,,,,,X,,,,,X,,X,,X
2024,59797,Park Power LLC,,R,Retail Power Marketer,X,,,,,,,,,,X,,X,,X
2024,59799,American Power & Gas,,R,Retail Power Marketer,X,,,,,,,,,,X,,X,,X
2024,59807,"Rushmore Energy, LLC",,R,Retail Power Marketer,X,,,,,,,,,,X,,X,,X
2024,59808,MP2 Energy LLC,,R,Retail Power Marketer,X,,,,,X,,,,,X,,X,,X
2024,59809,"Residents Energy, LLC",,R,Retail Power Marketer,X,,,,,,,,,,X,,X,,X
2024,59810,Greenlight Energy Inc.,,R,Retail Power Marketer,X,,,,,,,,,,X,,X,,X
2024,59811,Santanna Energy Services,,R,Retail Power Marketer,X,,,,,,,,,,X,,X,,X
2024,59812,New Wave Energy Corporation,,R,Retail Power Marketer,X,,,,,,,,,,X,,X,,X
2024,59818,Algonquin Energy Services,,R,Retail Power Marketer,X,,,,,,,,,,X,,X,,X
2024,59848,"ResCom Energy, LLC",,R,Retail Power Marketer,X,,,,,,,,,,X,,X,,X
2024,59931,"MidAmerican Energy Services, LLC",,R,Retail Power Marketer,X,,,,,X,,,,,X,,X,,X
2024,59943,Spruce Finance,,B,Behind the Meter,X,,,,,,,,,,X,,X,,X
2024,59972,The Regents of the Univ. of California,,R,Retail Power Marketer,X,,,,,,,,,,X,,X,,X
2024,59993,Discount Power Inc - (CT),,R,Retail Power Marketer,X,,,,,,,,,,X,,X,,X
2024,60025,Greenbacker Renewable Energy Corporation,,B,Behind the Meter,X,X,,,,,,,,,X,,X,,X
2024,60065,Cross Texas Transmission,,T,Transmission,,,,,,,,,,,X,,,,X
2024,60066,Wind Energy Transmission Texas LLC,,T,Transmission,,,,,,,,,,,X,,,,X
2024,60080,Pleasant Hill Community Line,Y,C,Cooperative,,,,,,,,,,,,,,X,
2024,60123,Southeast Alaska Power Agency,,T,Transmission,,,,,,,,,,,X,,,,X
2024,60124,Spring Energy RRH LLC,,R,Retail Power Marketer,X,,,,,,,,,,X,,X,,X
2024,60181,CleanPowerSF,,G,Community Choice Aggregator,X,,,,,X,,,,,X,,X,,X
2024,60202,Electranet Power LLC,,R,Retail Power Marketer,X,,,,,X,,,,,X,,X,,X
2024,60218,MPower Energy NJ LLC,,R,Retail Power Marketer,X,,,,,,,,,,X,,X,,X
2024,60402,Peninsula Clean Energy Authority,,G,Community Choice Aggregator,X,,,,,,,,,,X,,X,,X
2024,60482,CKenergy Electric Cooperative,,C,Cooperative,,X,,,X,,,,X,,X,X,X,X,X
2024,60502,Port of Stockton - (CA),Y,M,Municipal,,X,,,,X,,,,,,,,X,
2024,60579,"SFE Energy Ohio, Inc.",,R,Retail Power Marketer,X,,,,,,,,,,X,,X,,X
2024,60583,Atlantic Energy LLC,,R,Retail Power Marketer,X,,,,,,,,,,X,,X,,X
2024,60631,Upper Michigan Energy Resources Corp.,,I,Investor Owned,X,X,,X,X,X,,,X,X,X,X,X,X,X
2024,60696,"Vista Energy Marketing, L.P.",,R,Retail Power Marketer,X,,,,,,,,,,X,,X,,X
2024,60715,Port of Oakland,Y,M,Municipal,,X,,,,X,,,,,,,,X,
2024,60758,Apple Valley Choice Energy,,G,Community Choice Aggregator,X,,,,,,,,,,X,,X,,X
2024,60759,Silicon Valley Clean Energy Authority,,G,Community Choice Aggregator,X,,,,,,,,,,X,,X,,X
2024,60839,Southern Pioneer Electric Company,,C,Cooperative,,X,,,X,X,,,X,,X,X,X,X,X
2024,60868,Redwood Coast Energy Authority,,G,Community Choice Aggregator,X,,,,,X,X,,,,X,,X,,X
2024,60913,Dynegy Marketing and Trade LLC,,W,Wholesale Power Marketer,,,,,,,,,,,X,,,,X
2024,60914,Current Power & Gas Inc.,,R,Retail Power Marketer,X,,,,,,,,,,X,,X,,X
2024,60977,StateWise Energy Ohio LLC,,R,Retail Power Marketer,X,,,,,,,,,,X,,X,,X
2024,60981,"TerraForm US Energy Services, LLC",,B,Behind the Meter,X,X,,,,,,,,,X,,X,,X
2024,61059,"Renaissance Power & Gas, Inc.",,R,Retail Power Marketer,X,,,,,,,,,,X,,X,,X
2024,61083,Pico Rivera Innovative Municipal Energy,,G,Community Choice Aggregator,X,,,,,,,,,,X,,X,,X
2024,61092,"Stream Energy Illinois, LLC",,R,Retail Power Marketer,X,,,,,,,,,,X,,X,,X
2024,61131,Freepoint Energy Solutions LLC,,R,Retail Power Marketer,X,,,X,,X,,,,,X,,X,,X
2024,61200,"Summer Energy Northeast, LLC",,R,Retail Power Marketer,X,,,,,,,,,,X,,X,,X
2024,61201,"Stream Energy Delaware, LLC",,R,Retail Power Marketer,X,,,,,,,,,,X,,X,,X
2024,61206,Total Gas & Power North America Inc,,R,Retail Power Marketer,X,,,,,,,,,,X,,X,,X
2024,61264,Heritage Power LLC,,R,Retail Power Marketer,X,,,,,,,,,,X,,X,,X
2024,61265,Pogo Energy LLC,,R,Retail Power Marketer,X,,,,,,,,,,X,,X,,X
2024,61283,"Palmco Power DC, LLC",,R,Retail Power Marketer,X,,,,,,,,,,X,,X,,
2024,61300,Members 1st Power Cooperative,,C,Cooperative,,,,,,,,,,,X,,,,X
2024,61349,"Palmco Power DE, LLC",,R,Retail Power Marketer,X,,,,,,,,,,X,,X,,
2024,61353,Philadelphia Authority for Industrial Development,,M,Municipal,,X,,,X,,,,,,X,,X,X,X
2024,61367,South Bay Energy Corp.,,R,Retail Power Marketer,X,,,,,,,,,,X,,X,,X
2024,61424,Tidal Energy Marketing (U.S.) LLC,,W,Wholesale Power Marketer,,,,,,,,,,,X,,,,X
2024,61431,Pioneer Community Energy,,G,Community Choice Aggregator,X,,,,,,,,,,X,,X,,X
2024,61432,Central Coast Community Energy,,G,Community Choice Aggregator,X,,,,,X,,,,,X,,X,X,X
2024,61433,San Jacinto Power,,G,Community Choice Aggregator,X,,,,,,,,,,X,,X,,X
2024,61462,Valley Clean Energy Alliance,,G,Community Choice Aggregator,X,,,,,,,,,,X,,X,,X
2024,61471,Rancho Mirage Energy Authority,,G,Community Choice Aggregator,X,,,,,,,,,,X,,X,,X
2024,61475,Ava Community Energy,,G,Community Choice Aggregator,X,,,,,X,,,,,X,,X,,X
2024,61479,"Stream Ohio Gas & Electric, LLC",,R,Retail Power Marketer,X,,,,,,,,,,X,,X,,X
2024,61526,Clean Power Alliance of Southern Califor,,G,Community Choice Aggregator,X,,,,,,,,,,X,,X,,X
2024,61570,King City Community Power,,G,Community Choice Aggregator,X,,,,,,,,,,X,,X,,X
2024,61823,"Greenskies Renewable Energy, LLC",,B,Behind the Meter,X,X,,,,,,,,,X,,X,,X
2024,61855,"Pulse Power, LLC",,R,Retail Power Marketer,X,,,,,,,,,,X,,X,,X
2024,61858,San Jose Clean Energy,,G,Community Choice Aggregator,X,,,,,X,X,,,,X,,X,,X
2024,61920,"All American Power and Gas, LLC",,R,Retail Power Marketer,X,,,,,,,,,,X,,X,,X
2024,61922,"Pure Energy USA, LLC",,R,Retail Power Marketer,X,,,,,,,,,,X,,X,,X
2024,61972,"SunSea Energy, LLC",,R,Retail Power Marketer,X,,,,,,,,,,X,,X,,X
2024,62094,"SFE Energy Illinois, Inc.",,R,Retail Power Marketer,X,,,,,,,,,,X,,X,,X
2024,62117,"SFE Energy Texas, Inc.",,R,Retail Power Marketer,X,,,,,,,,,,X,,X,,X
2024,62148,Powervine Energy,,R,Retail Power Marketer,X,,,,,,,,,,X,,X,,
2024,62154,StateWise Energy Maryland LLC,,R,Retail Power Marketer,X,,,,,,,,,,X,,X,,X
2024,62156,"Power UP Energy, LLC",,R,Retail Power Marketer,X,,,,,,,,,,X,,X,,X
2024,62776,NorthPoint Energy,,W,Wholesale Power Marketer,,,,,,,,,,,X,,,,X
2024,62779,Lathrop Irrigation District,Y,P,Political Subdivision,,X,,,,,,,,,,,,X,
2024,62790,"Summer Energy Midwest, LLC",,R,Retail Power Marketer,X,,,,,,,,,,X,,X,,X
2024,62862,Chariot Energy,,R,Retail Power Marketer,X,,,,,,,,,,X,,X,,X
2024,62914,StateWise Energy Pennsylvania LLC,,R,Retail Power Marketer,X,,,,,,,,,,X,,X,,X
2024,62952,"Southern Federal Power, LLC",,R,Retail Power Marketer,X,,,,,,,,,,X,,X,,
2024,62987,Octopus Energy LLC,,R,Retail Power Marketer,X,,,,,,,,,,X,,X,,X
2024,63007,First Choice Energy LLC,,R,Retail Power Marketer,X,,,,,,,,,,X,,X,,X
2024,63008,Agressive Energy LLC,,R,Retail Power Marketer,X,,,,,,,,,,X,,X,,X
2024,63122,"Approved Energy II, LLC",,R,Retail Power Marketer,X,,,,,,,,,,X,,X,,X
2024,63168,Median Energy Corp.,,R,Retail Power Marketer,X,,,,,,,,,,X,,X,,X
2024,63169,Median Energy PA LLC,,R,Retail Power Marketer,X,,,,,,,,,,X,,X,,X
2024,63200,"Heritage Power Marketing, LLC",,W,Wholesale Power Marketer,,,,,,,,,,,X,,,,X
2024,63232,"National Gas & Electric, LLC",,R,Retail Power Marketer,X,,,,,,,,,,X,,X,,X
2024,63286,"4 Rivers Electric Cooperative, Inc.",Y,C,Cooperative,,X,,,,,,,,,,,,,
2024,63356,SmartestEnergy US LLC,,R,Retail Power Marketer,X,,,,,,,,,,X,,X,,X
2024,63364,"Mirabito Power & Gas, LLC",,R,Retail Power Marketer,X,,,,,X,,,,,X,,X,,X
2024,63367,Commercial Energy of California,,R,Retail Power Marketer,X,,,,,,,,,,X,,X,,X
2024,63422,Varsity Energy,,R,Retail Power Marketer,X,,,,,,,,,,X,,X,,X
2024,63546,"Provision Power & Gas, LLC",,R,Retail Power Marketer,X,,,,,,,,,,X,,X,,X
2024,63570,"Chief Energy Power, LLC",,R,Retail Power Marketer,X,,,,,,,,,,X,,X,,X
2024,63695,"RPA Energy, Inc.",,R,Retail Power Marketer,X,,,,,,,,,,X,,X,,X
2024,63725,Pomona Choice Energy (PCE),,G,Community Choice Aggregator,X,,,,,,,,,,X,,X,,X
2024,63870,Click Energy LLC,,R,Retail Power Marketer,X,,,,,,,,,,X,,X,,X
2024,64011,Rhythm Ops LLC,,R,Retail Power Marketer,X,,,,,,,,,,X,,X,,X
2024,64195,Desert Community Energy,,G,Community Choice Aggregator,X,,,X,,,,,,,X,,X,,X
2024,64222,"Grid Power Direct, LLC",,R,Retail Power Marketer,X,,,,,,,,,,X,,X,,X
2024,64289,San Diego Community Power,,G,Community Choice Aggregator,X,,,,,,,,,,X,,X,,X
2024,64312,"JP Energy Resources, LLC",,R,Retail Power Marketer,X,,,,,,,,,,X,,X,,X
2024,64314,BP Energy Retail LLC,,R,Retail Power Marketer,X,,,,,X,,,,,X,,X,,X
2024,64326,"Phoenix Energy Group, LLC",,R,Retail Power Marketer,X,,,,,,,,,,X,,,,X
2024,64425,Clean Energy Alliance,,G,Community Choice Aggregator,X,,,,,,,,,,X,,X,,X
2024,64521,Ironhorse Power Services LLC,,R,Retail Power Marketer,X,,,,,,,,,,X,,X,,X
2024,64543,StateWise Energy Illinois LLC,,R,Retail Power Marketer,X,,,,,,,,,,X,,X,,X
2024,64554,OhmConnect Texas LLC,,R,Retail Power Marketer,X,,,,,,,,,,X,,X,,X
2024,64555,Santa Barbara Clean Energy,,G,Community Choice Aggregator,X,,,,,,,,,,X,,X,,X
2024,64601,LE Energy,,R,Retail Power Marketer,X,,,,,,,,,,X,,X,,X
2024,64653,Declaration Energy LLC,,R,Retail Power Marketer,X,,,,,,,,,,X,,X,,X
2024,64682,"Gexa Energy, LP",,R,Retail Power Marketer,X,,,,,X,,,,,X,,X,,X
2024,64705,"NTHERM, LLC",,R,Retail Power Marketer,X,,,,,,,,,,X,,X,,X
2024,64727,Branch Energy Texas LLC,,R,Retail Power Marketer,X,,,,,,,,,,X,,X,,X
2024,64777,"Mid-Atlantic Interstate Transmission, LLC",,T,Transmission,,,,,,,,,,,X,,,,X
2024,64813,"Lanyard Power Marketing, LLC",,W,Wholesale Power Marketer,,,,,,,,,,,X,,,,X
2024,64906,Mothership,,R,Retail Power Marketer,X,,,,,,,,,,X,,X,,X
2024,64923,Capital Energy PA LLC,,R,Retail Power Marketer,X,,,,,,,,,,X,,X,,X
2024,64928,Orange County Power Authority,,G,Community Choice Aggregator,X,,,,,,,,,,X,,X,,X
2024,64929,"Good Charlie & Co., LLC",,R,Retail Power Marketer,X,,,,,,,X,,,X,,X,,X
2024,64974,PBF Power Marketing,,R,Retail Power Marketer,X,,,,,,,,,,X,,X,,X
2024,64977,Revolution Energy LLC,,R,Retail Power Marketer,X,,,,,,,,,,X,,X,,X
2024,65090,"Lone Star Transmission, LLC",,T,Transmission,,,,,,,,,,,X,,,,X
2024,65242,"Scale Sustainable I, LLC",,B,Behind the Meter,X,,,,,,,,,,X,,X,,X
2024,65259,Energy for Palmdale's Independent Choice,,G,Community Choice Aggregator,X,,,,,,,,,,X,,X,,X
2024,65261,Gila River Indian Utility Authority (GRICUA),,C,Cooperative,,X,,,X,,,,X,X,X,X,X,X,X
2024,65262,"Archer Energy, LLC",,R,Retail Power Marketer,X,,,,,,,,,,X,,X,,X
2024,65310,Energywell LLC,,R,Retail Power Marketer,X,,,,,,,,,,X,,X,,X
2024,65314,"BKV-BPP Retail, LLC",,R,Retail Power Marketer,X,,,,,,,,,,X,,X,,X
2024,65335,Pay Less Energy LLC,,R,Retail Power Marketer,X,,,,,,,,,,X,,X,,X
2024,65352,Umpqua Indian Utility Cooperative,Y,C,Cooperative,,,,,,,,,,,,,,X,
2024,65353,Arrow Energy TX LLC,,R,Retail Power Marketer,X,,,,,,,,,,X,X,X,,X
2024,65413,Tesla Energy Ventures,,R,Retail Power Marketer,X,,,,,X,,,,,X,,X,,X
2024,65439,CPV Retail Energy LP,,R,Retail Power Marketer,X,,,,,,,,,,X,,X,,X
2024,65506,"Constellation Energy Generation, LLC",,W,Wholesale Power Marketer,,,,,,,,,,,X,,,,X
2024,65604,Trans-Allegheny Interstate Line Co,,T,Transmission,,,,,,,,,,,X,,,,X
2024,65610,Ammper Power LLC,,R,Retail Power Marketer,X,,,,,,,,X,,X,,X,,X
2024,65612,Citadel Energy Marketing LLC,,W,Wholesale Power Marketer,,,,,,,,,,,X,,,,X
2024,65613,"ABN Energy, LLC",,R,Retail Power Marketer,X,,,,,,,,,,X,,X,,X
2024,65636,"Nexus Line, LLC",,T,Transmission,,,,,,,,,,,X,,,,X
2024,65649,Community Power Coalition of NH,,G,Community Choice Aggregator,X,,,,,,,,,,X,,X,,X
2024,65848,"Morgan Stanley Energy Structuring, L.L.C.",,W,Wholesale Power Marketer,,,,,,,,,,,X,,,,X
2024,66017,"All Choice Energy, LLC",,R,Retail Power Marketer,X,,,,,,,,,,X,,X,,
2024,66026,"Palmetto Solar, LLC",,B,Behind the Meter,X,,,,,,,,,,X,,X,,
2024,66036,"EverBright, LLC",,B,Behind the Meter,X,,,,,,,,,,X,,X,,
2024,66052,Kirkwood Meadows PUD,Y,P,Political Subdivision,,X,,,,,,,,,,,,X,
2024,66058,Ticaboo Electric Improvement District,Y,P,Political Subdivision,,,,,,,,,,,,,,X,
2024,66062,Shelter Cove Resort Improvement Dist No. 1,Y,P,Political Subdivision,,,,,,,,,,,,,,X,
2024,66073,MPD Electric Cooperative,,C,Cooperative,,X,,X,X,X,,,X,,X,X,X,X,X
2024,66082,Eastside Power Authority,,P,Political Subdivision,,,,,,,,,,,X,,X,,X
2024,66101,FirstEnergy Pennsylvania Electric Co,,I,Investor Owned,X,X,,,X,X,X,X,X,,X,X,X,X,X
2024,66113,"EcoPlus Power, LLC",,R,Retail Power Marketer,X,,,,,,,,,,X,,X,,X
2024,66116,"Robindale Retail Power Services, LLC",,R,Retail Power Marketer,X,,,,,,,,,,X,,X,,X
2024,66118,Spartacus Energy Services LLC,,R,Retail Power Marketer,X,,,,,,,,,,X,,X,,X
2024,66164,"TerraForm Renewable Energy Services, LLC",,R,Retail Power Marketer,X,,,,,,,,,,X,,X,,X
2024,66173,Northeastern Power and Gas LLC,,R,Retail Power Marketer,X,,,,,,,,,,X,,X,,X
2024,66193,Power and Water Resources Pooling Authority,,P,Political Subdivision,,,,,,,,,,,X,,,,X
2024,66332,"Base Texas REP, LLC",,R,Retail Power Marketer,X,,,,,,,,,,X,,X,,X
2024,66333,"Light Energy, LLC",,R,Retail Power Marketer,X,,,,,,,,,,X,,X,,X
2024,66398,Brookfield Renewable Trading and Marketing LP,,R,Retail Power Marketer,X,,,,,,,,,,X,,X,,X
2024,66399,Brookfield Renewable Energy Marketing US LLC,,R,Retail Power Marketer,X,,,,,,,,,,X,,X,,X
2024,66435,"MEMS Industrial Supply, LLC",,R,Retail Power Marketer,X,,,,,,,,,,X,,X,,X
2024,66436,Maison Energy LLC,,R,Retail Power Marketer,X,,,,,,,,,,X,,X,,X
2024,66582,Pumpjack Power LLC,,R,Retail Power Marketer,X,,,,,,,,,,X,,X,,X
2024,66678,Polaris Power Services LLC,,R,Retail Power Marketer,X,,,,,,,,,,X,,X,,X
2024,66846,"Transource Energy, LLC",,T,Transmission,,,,,,,,,,,X,,,,X
2024,66851,Gridmatic Retail LLC,,R,Retail Power Marketer,X,,,,,,,,,,X,,X,,X
2024,66866,University of Massachusetts Amherst,,S,State,,,,,X,,,,,X,X,,,X,X
2024,66867,David Energy Supply LLC,,R,Retail Power Marketer,X,,,X,,X,X,,X,,X,,X,,X
2024,66889,Heartland Generation Ltd.,,W,Wholesale Power Marketer,,,,,,,,,,,X,,,,
2024,66909,"AEP Ohio Transmission Company, Inc.",,T,Transmission,,,,,,,,,,,X,,,,X
2024,66923,"DCR Transmission, LLC",,T,Transmission,,,,,,,,,,,X,,,,X
2024,67055,Mitsui & Co. Energy Marketing and Services,,W,Wholesale Power Marketer,,,,,,,,,,,X,,,,X
2024,67076,"FlowX, LLC",,R,Retail Power Marketer,X,,,,,,,,,,X,,X,,X
2024,67099,"Energy Prepay II, LLC",,W,Wholesale Power Marketer,,,,,,,,,,,X,,,,X
2024,67112,Keystone Appalachian Transmission Company,,T,Transmission,,,,,,,,,,,X,,,,X
2024,67113,Morongo Transmission LLC,,T,Transmission,,,,,,,,,,,X,,,,X
2024,67122,Selfserve Energy Corp.,,R,Retail Power Marketer,X,,,,,,,,,,X,,X,,X
2024,67251,GridLiance Heartland LLC,,T,Transmission,,,,,,,,,,,X,,,,X
