year,utility_id,utility_name,ownership_code,ownership,short_form,n_counties,states_served,sales_revenue_residential_k$,sales_sales_residential_mwh,sales_customers_residential,sales_revenue_commercial_k$,sales_sales_commercial_mwh,sales_customers_commercial,sales_revenue_industrial_k$,sales_sales_industrial_mwh,sales_customers_industrial,sales_revenue_transportation_k$,sales_sales_transportation_mwh,sales_customers_transportation,sales_revenue_total_k$,sales_sales_total_mwh,sales_customers_total,sales_revenue_total,sales_sales_total,ami_meters_total,amr_meters_total,dr_customers_total,dyn_pricing_customers_total,net_metering_capacity_mw,saidi_minutes_per_year,saifi_per_year,summer_peak_mw,winter_peak_mw,net_generation_mwh,wholesale_purchases_mwh,nerc_region,ee_incremental_savings_mwh
2024,34,City of Abbeville - (SC),M,Municipal,Y,1.0,SC,,,,,,,,,,,,,,,,,,0.0,3534.0,,,,,,,,,,,
2024,55,City of Aberdeen - (MS),M,Municipal,,1.0,MS,4211.0,34239.0,2592.0,3550.0,29391.0,736.0,7185.0,127260.0,2.0,0.0,0.0,0.0,14946.0,190890.0,3330.0,14946.0,190890.0,131348.74,3309.0,,34.0,,,,31.6,32.7,0.0,197438.0,SERC,
2024,59,City of Abbeville - (LA),M,Municipal,Y,1.0,LA,,,,,,,,,,,,,,,,,,,,,,,,,,,,,,
2024,84,A & N Electric Coop,C,Cooperative,,3.0,"MD,VA",48225.3,370240.0,33349.0,20177.2,173135.0,4280.0,16022.0,165066.0,7.0,0.0,0.0,0.0,84424.5,708441.0,37636.0,84424.5,708441.0,746079.0,0.0,,8.0,4.236000000000001,,,158.9,168.4,306.0,741334.0,RFC,
2024,87,City of Ada - (MN),M,Municipal,Y,1.0,MN,,,,,,,,,,,,,,,,,,,1160.0,,,,,,,,,,,
2024,97,Adams Electric Coop,C,Cooperative,Y,6.0,IL,,,,,,,,,,,,,,,,,,179994.0,,,63.0,,,,,,,,,
2024,108,Adams-Columbia Electric Coop,C,Cooperative,,12.0,WI,46745.0,265097.0,35910.0,11973.0,92563.0,2518.0,22091.0,241188.0,1027.0,,,,80809.0,598848.0,39455.0,80809.0,598848.0,638303.0,,,1585.0,4.888,140.019,1.147,137.0,95.5,,629072.0,MRO,
2024,113,"Agway Energy Services, LLC",R,Retail Power Marketer,,,,13782.5,104626.0,14353.0,3484.5,27765.0,2294.0,0.0,0.0,0.0,0.0,0.0,0.0,17267.0,132391.0,16647.0,17267.0,132391.0,,,,,,,,30.4,24.1,,133484.0,NPCC,
2024,118,"Adams Rural Electric Coop, Inc",C,Cooperative,Y,5.0,OH,,,,,,,,,,,,,,,,,,122060.0,,,,,,,,,,,,
2024,122,Village of Arcade - (NY),M,Municipal,Y,3.0,NY,,,,,,,,,,,,,,,,,,,4284.0,,,,,,,,,,,
2024,123,City of Adel- (GA),M,Municipal,Y,2.0,GA,,,,,,,,,,,,,,,,,,187287.0,,,,,,,,,,,,
2024,149,City of Afton- (IA),M,Municipal,Y,1.0,IA,,,,,,,,,,,,,,,,,,,472.0,,,,,,,,,,,
2024,150,Adrian Public Utilities Comm,M,Municipal,Y,1.0,MN,,,,,,,,,,,,,,,,,,12750.0,0.0,,,,,,,,,,,
2024,155,Agralite Electric Coop,C,Cooperative,,6.0,MN,9568.0,68617.0,4333.0,6218.0,68440.0,436.0,9562.0,105823.0,628.0,,,,25348.0,242880.0,5397.0,25348.0,242880.0,248277.0,,,,1.6800000000000002,68.126,0.998,42.6,38.5,809.0,258375.0,MRO,
2024,157,Town of Advance - (IN),M,Municipal,Y,1.0,IN,,,,,,,,,,,,,,,,,,4360.0,,,,,,,,,,,,
2024,162,Aiken Electric Coop Inc,C,Cooperative,,9.0,SC,101066.1,650960.0,49460.0,18578.6,142543.0,3364.0,14478.7,200397.0,15.0,,,,134123.4,993900.0,52839.0,134123.40000000002,993900.0,1046739.0,,231.0,72.0,8.708,7941.05,,246.3,277.5,,1036675.0,SERC,292.79
2024,174,Aitkin Public Utilities Comm,M,Municipal,Y,1.0,MN,,,,,,,,,,,,,,,,,,36796.0,,,,,,,,,,,,
2024,176,Ajo Improvement Co,I,Investor Owned,,1.0,AZ,678.0,5396.0,821.0,379.2,3315.0,210.0,0.0,0.0,0.0,0.0,0.0,0.0,1057.2,8711.0,1031.0,1057.2,8711.0,,1031.0,,,0.166,,,3.4,1.6,,8711.0,WECC,
2024,182,City of Akron - (IA),M,Municipal,Y,1.0,IA,,,,,,,,,,,,,,,,,,,895.0,,,,,,,,,,,
2024,183,Village of Akron - (NY),M,Municipal,Y,1.0,NY,,,,,,,,,,,,,,,,,,,1686.0,,,,,,,,,,,
2024,189,PowerSouth Energy Cooperative,C,Cooperative,,,,,,,,,,,,,,,,,,,,,,,16748.0,,,,,2151.0,2751.0,8200305.0,2839507.0,SERC,2323.0
2024,191,Alamo Power District No 3,P,Political Subdivision,Y,1.0,NV,,,,,,,,,,,,,,,,,,8947.0,,,,,,,,,,,,
2024,192,Akiachak Native Community Electric,C,Cooperative,Y,1.0,AK,,,,,,,,,,,,,,,,,,,251.0,,,,,,,,,,,
2024,195,Alabama Power Co,I,Investor Owned,,59.0,AL,3028741.0,18058325.0,1332911.0,1979164.0,13336758.0,207465.0,1631001.0,20504435.0,6107.0,,,,6638906.0,51899518.0,1546483.0,6638906.0,51899518.0,53380850.0,,21312.0,10204.0,,,,13303.0,14961.0,59958609.0,6338338.0,SERC,4781.7
2024,198,City of Alton,M,Municipal,Y,1.0,IA,,,,,,,,,,,,,,,,,,,597.0,,,,,,,,,,,
2024,201,City of Alachua - (FL),M,Municipal,Y,1.0,FL,,,,,,,,,,,,,,,,,,,,,,,,,,,,,,
2024,202,Town of Black Creek - (NC),M,Municipal,Y,1.0,NC,,,,,,,,,,,,,,,,,,,789.0,,,,,,,,,,,
2024,207,Alameda Municipal Power,M,Municipal,,1.0,CA,32111.2,139744.0,33174.0,43430.5,216203.0,4052.0,,,,,,,75541.7,355947.0,37226.0,75541.7,355947.0,388111.0,162.0,37226.0,1046.0,13.584,54.924,0.879,58.7,59.7,,364653.0,WECC,162.996
2024,213,Alaska Electric Light & Power Co.,I,Investor Owned,,1.0,AK,22067.7,170626.0,15407.0,13567.0,126119.0,2459.0,14392.1,130040.0,139.0,,,,50026.8,426785.0,18005.0,50026.799999999996,426785.0,186.0,18270.0,2255.0,47.0,,156.37,2.93,68.0,85.0,127080.0,328457.0,AK,
2024,219,Alaska Power and Telephone Co,I,Investor Owned,,4.0,AK,10397.0,27967.0,5737.0,15878.0,50720.0,2719.0,0.0,0.0,0.0,0.0,0.0,0.0,26275.0,78687.0,8456.0,26275.0,78687.0,,8456.0,,,0.07200000000000001,,,1.0,1.0,29923.0,56928.0,AK,
2024,221,"Alaska Village Elec Coop, Inc",C,Cooperative,,8.0,AK,30675.3,43854.0,7689.0,46345.7,81597.0,3829.0,0.0,0.0,0.0,0.0,0.0,0.0,77021.0,125451.0,11518.0,77021.0,125451.0,,11518.0,,,,,,19.8,26.0,135456.0,,AK,
2024,228,City of Albany - (MO),M,Municipal,Y,1.0,MO,,,,,,,,,,,,,,,,,,,981.0,,,,,,,,,,,
2024,229,City of Albany - (IL),M,Municipal,Y,1.0,IL,,,,,,,,,,,,,,,,,,,483.0,,,,,,,,,,,
2024,230,Albany Utility Board,M,Municipal,,2.0,GA,44345.0,344628.0,29517.0,36021.7,489134.0,4386.0,16.1,595.0,18.0,,,,80382.8,834357.0,33921.0,80382.8,834357.0,728389.0,2979.0,,,0.522,290.941,2.25,173.0,179.5,,874563.0,SERC,44.78
2024,232,City of Albemarle - (NC),M,Municipal,,1.0,NC,15540.1,143278.0,11248.0,11813.5,124076.0,2325.0,2043.8,26186.0,12.0,,,,29397.4,293540.0,13585.0,29397.399999999998,293540.0,47.0,13585.0,,,,40.95,0.34,67.6,71.7,,299526.0,SERC,
2024,240,Albemarle Electric Member Corp,C,Cooperative,,5.0,NC,27083.0,187141.0,12728.0,4363.0,34972.0,1117.0,623.0,6942.0,25.0,0.0,0.0,0.0,32069.0,229055.0,13870.0,32069.0,229055.0,242925.0,,,60.0,0.612,,,60.2,72.4,,244238.0,SERC,
2024,241,Albertville Municipal Utilities Board,M,Municipal,,1.0,AL,13258.0,124264.0,8318.0,21539.0,194750.0,2393.0,21329.0,333519.0,15.0,0.0,0.0,0.0,56126.0,652533.0,10726.0,56126.0,652533.0,663259.0,0.0,,3.0,,,,112.8,109.4,0.0,667902.0,SERC,
2024,244,City of Albion - (ID),M,Municipal,Y,1.0,ID,,,,,,,,,,,,,,,,,,,,,,,,,,,,,,
2024,261,AGC Division of APGI Inc,I,Investor Owned,,1.0,IN,0.0,0.0,0.0,0.0,0.0,0.0,159579.9,2639245.0,2.0,0.0,0.0,0.0,159579.9,2639245.0,2.0,159579.9,2639245.0,,5.0,,,,,,331.4,357.5,3367355.0,1014253.0,RFC,
2024,266,City of Alpha - (MN),M,Municipal,Y,1.0,MN,,,,,,,,,,,,,,,,,,,,,,,,,,,,,,
2024,276,Alcorn County Elec Power Assn,C,Cooperative,,1.0,MS,27784.0,214981.0,14965.0,21450.0,156737.0,4209.0,15258.0,259874.0,7.0,0.0,0.0,0.0,64492.0,631592.0,19181.0,64492.0,631592.0,650773.0,0.0,,7.0,,,,129.4,124.2,0.0,653536.0,SERC,
2024,282,Village of Arcadia - (OH),M,Municipal,Y,1.0,OH,,,,,,,,,,,,,,,,,,,307.0,,,,,,,,,,,
2024,289,City of Alexander City,M,Municipal,Y,1.0,AL,,,,,,,,,,,,,,,,,,,,,,,,,,,,,,
2024,295,City of Alexandria - (MN),M,Municipal,,1.0,MN,8900.4,76955.0,8758.0,3893.7,32821.0,1706.0,15171.0,168628.0,228.0,,,,27965.1,278404.0,10692.0,27965.1,278404.0,284830.0,1.0,1695.0,,3.254,3.962,0.086,56.8,47.1,43.0,289567.0,MRO,2004.095
2024,296,"Alfalfa Electric Coop, Inc",C,Cooperative,,7.0,"KS,OK",5417.0,53017.0,2835.0,6115.0,42336.0,4964.0,24928.0,314527.0,667.0,,,,36460.0,409880.0,8466.0,36460.0,409880.0,415346.0,,,,0.22199999999999998,,,74.6,66.1,,423887.0,SPP,
2024,298,City of Alexandria - (LA),M,Municipal,,1.0,LA,30931.1,278634.0,19541.0,38444.3,363017.0,3913.0,479.8,5167.0,6.0,,,,69855.2,646818.0,23460.0,69855.2,646818.0,15243.0,22792.0,,,0.738,,,159.0,144.0,101925.0,696771.0,SERC,
2024,305,Alger-Delta Coop Electric Assn,C,Cooperative,,6.0,MI,11995.9,51600.0,9817.0,1834.5,11320.0,495.0,4014.9,31953.0,1.0,0.0,0.0,0.0,17845.3,94873.0,10313.0,17845.3,94873.0,59456.0,2092.0,,,1.307,950.6,2.105,18.9,16.2,0.0,104171.0,MISO,
2024,307,Algoma Utility Comm,M,Municipal,,1.0,WI,1403.2,10775.0,1654.0,1881.4,17010.0,395.0,510.1,5869.0,1.0,0.0,0.0,0.0,3794.7,33654.0,2050.0,3794.7000000000003,33654.0,22504.0,1619.0,,32.0,0.422,,,7.2,5.9,0.0,35379.0,MISO,
2024,308,City of Acworth - (GA),M,Municipal,Y,2.0,GA,,,,,,,,,,,,,,,,,,,7266.0,,,,,,,,,,,
2024,309,City of Algona - (IA),M,Municipal,Y,1.0,IA,,,,,,,,,,,,,,,,,,127345.0,,,,,,,,,,,,
2024,329,"Allamakee-Clayton El Coop, Inc",C,Cooperative,Y,8.0,IA,,,,,,,,,,,,,,,,,,141792.0,,,,,,,,,,,,
2024,332,Allegheny Electric Coop Inc,C,Cooperative,,,,,,,,,,,,,,,,,,,,,,,42843.0,,,,,765.6,787.2,2098198.0,1591083.0,RFC,
2024,343,AEP Generating Company,I,Investor Owned,,,,,,,,,,,,,,,,,,,,,,,,,,,,1308.0,1292.0,2523904.0,,RFC,
2024,366,City of Allendale- (IL),M,Municipal,Y,1.0,IL,,,,,,,,,,,,,,,,,,,,,,,,,,,,,,
2024,367,City of Alliance- (NE),M,Municipal,Y,2.0,NE,,,,,,,,,,,,,,,,,,,5485.0,,,,,,,,,,,
2024,385,City of Alma - (KS),M,Municipal,Y,1.0,KS,,,,,,,,,,,,,,,,,,,,,,,,,,,,,,
2024,392,Alpena Power Co,I,Investor Owned,,4.0,MI,15157.9,86989.0,13763.0,13651.6,89556.0,3041.0,7916.1,109161.0,3.0,0.0,0.0,0.0,36725.6,285706.0,16807.0,36725.6,285706.0,14.0,16795.0,,,0.322,,,56.0,51.0,,299527.0,RFC,
2024,405,City of Alta - (IA),M,Municipal,Y,1.0,IA,,,,,,,,,,,,,,,,,,,,,,,,,,,,,,
2024,406,City of Altamont - (IL),M,Municipal,Y,1.0,IL,,,,,,,,,,,,,,,,,,,1463.0,,,,,,,,,,,
2024,407,Altamaha Electric Member Corp,C,Cooperative,,7.0,GA,37983.5,236866.0,19628.0,29917.2,332113.0,1984.0,1234.2,8400.0,258.0,,,,69134.9,577379.0,21870.0,69134.9,577379.0,599249.0,,231.0,231.0,1.1400000000000001,17313.0,4.46,128.1,135.5,,598838.0,SERC,
2024,408,City of Altamont - (KS),M,Municipal,Y,1.0,KS,,,,,,,,,,,,,,,,,,,,,,,,,,,,,,
2024,416,City of Altus - (OK),M,Municipal,,1.0,OK,13567.0,104947.0,8167.0,6814.0,64630.0,1268.0,3079.0,39809.0,8.0,,,,23460.0,209386.0,9443.0,23460.0,209386.0,218829.0,,,,,,,5861.0,2960.0,221627.0,,MRO,
2024,432,City of Alta Vista- (IA),M,Municipal,Y,1.0,IA,,,,,,,,,,,,,,,,,,,,,,,,,,,,,,
2024,471,Amana Society Service Co,I,Investor Owned,,1.0,IA,1061.0,6833.0,709.0,1221.0,8358.0,179.0,5506.0,51780.0,1.0,0.0,0.0,0.0,7788.0,66971.0,889.0,7788.0,66971.0,,1032.0,,,,,,12.8,10.4,1412.0,68341.0,MRO,
2024,482,City of Alvarado - (MN),M,Municipal,Y,1.0,MN,,,,,,,,,,,,,,,,,,,,,,,,,,,,,,
2024,540,BP Energy Company,R,Retail Power Marketer,,,,,,,,,,123180.1,1877694.0,3.0,,,,123180.1,1877694.0,3.0,123180.1,1877694.0,,,,1.0,,,,,,,1877694.0,TRE,
2024,554,City of Ames - (IA),M,Municipal,,1.0,IA,20680.5,170973.0,24979.0,28463.1,334597.0,3121.0,11868.2,145193.0,8.0,,,,61011.8,650763.0,28108.0,61011.8,650763.0,17487.0,27900.0,11021.0,1.0,5.593,39.16,0.47,112.8,159.3,305987.0,453909.0,MRO,293.6
2024,560,City of Amherst- (OH),M,Municipal,Y,1.0,OH,,,,,,,,,,,,,,,,,,,,,,,,,,,,,,
2024,562,Amicalola Electric Member Corp,C,Cooperative,,10.0,GA,92851.8,748163.0,50337.0,18240.6,131462.0,6070.0,,,,,,,111092.4,879625.0,56407.0,111092.4,879625.0,56948.0,56948.0,,,3.3480000000000003,1587.61,6.97,212.9,310.9,,912158.0,SERC,
2024,571,City of Amory,M,Municipal,,1.0,MS,4410.0,37764.0,2822.0,5977.0,47462.0,1134.0,3039.0,35349.0,3.0,0.0,0.0,0.0,13426.0,120575.0,3959.0,13426.0,120575.0,0.0,3959.0,,1.0,,,,28.0,21.1,0.0,123762.0,SERC,
2024,577,City of Alcoa Utilities,M,Municipal,,1.0,TN,50103.0,410299.0,28183.0,30222.0,261925.0,4543.0,158.0,1098.0,1.0,0.0,0.0,0.0,80483.0,673322.0,32727.0,80483.0,673322.0,706049.0,0.0,,,,,,153.2,201.7,0.0,698002.0,SERC,
2024,588,Anadarko Public Works Authority,M,Municipal,Y,1.0,OK,,,,,,,,,,,,,,,,,,38672.0,,,,,,,,,,,,
2024,590,City of Anaheim - (CA),M,Municipal,,1.0,CA,101425.0,592710.0,105839.0,128635.0,725751.0,17557.0,127256.0,819612.0,269.0,,,,357316.0,2138073.0,123665.0,357316.0,2138073.0,2113570.0,578.0,564.0,3891.0,104.0,46.34,0.63,579.0,301.0,,2877099.0,WECC,5710.38
2024,604,City of Andalusia,M,Municipal,,1.0,AL,6678.0,42321.0,3605.0,10139.0,59566.0,1068.0,13226.0,218731.0,2.0,,,,30043.0,320618.0,4675.0,30043.0,320618.0,325293.0,,,,,,,53.3,47.2,,324673.0,SERC,
2024,636,City of Anderson - (IN),M,Municipal,,1.0,IN,38475.9,300134.0,29533.0,29869.7,269337.0,3875.0,24779.1,282496.0,58.0,,,,93124.7,851967.0,33466.0,93124.70000000001,851967.0,872365.0,,,1.0,0.656,511.743,2.591,190.2,142.9,,920945.0,RFC,
2024,659,American Transmission Co,T,Transmission,,,,,,,,,,,,,,,,,,,,,,,,,,,,12916.0,9122.0,,,,
2024,661,Village of Andover - (NY),M,Municipal,Y,1.0,NY,,,,,,,,,,,,,,,,,,,,,,,,,,,,,,
2024,669,Village of Angelica - (NY),M,Municipal,Y,1.0,NY,,,,,,,,,,,,,,,,,,,,,,,,,,,,,,
2024,682,City of Anita - (IA),M,Municipal,Y,1.0,IA,,,,,,,,,,,,,,,,,,0.0,423.0,,,,,,,,,,,
2024,689,Connexus Energy,C,Cooperative,,8.0,MN,169726.7,1242625.0,134095.0,66237.3,624680.0,12112.0,14463.1,183925.0,433.0,0.0,0.0,0.0,250427.1,2051230.0,146640.0,250427.1,2051230.0,2198125.0,255.0,,16632.0,28.0,181.279,0.851,534.2,310.7,32902.0,2081474.0,MRO,
2024,690,City of Bardstown - (KY),M,Municipal,Y,1.0,KY,,,,,,,,,,,,,,,,,,185361.0,,,,,,,,,,,,
2024,691,City of Anoka,M,Municipal,,2.0,MN,12100.0,76211.0,11646.0,9534.0,80286.0,1336.0,12314.0,101516.0,22.0,,,,33948.0,258013.0,13004.0,33948.0,258013.0,,13004.0,,,0.96,39.779,0.391,58.7,35.4,,263569.0,MRO,430.59
2024,694,Anza Electric Coop Inc,C,Cooperative,Y,1.0,CA,,,,,,,,,,,,,,,,,,34647.0,0.0,,,,,,,,,,,
2024,695,City of Ansley - (NE),M,Municipal,Y,1.0,NE,,,,,,,,,,,,,,,,,,,346.0,,,,,,,,,,,
2024,700,City of Anthon - (IA),M,Municipal,Y,1.0,IA,,,,,,,,,,,,,,,,,,,372.0,,,,,,,,,,,
2024,701,City of Anthony - (KS),M,Municipal,Y,1.0,KS,,,,,,,,,,,,,,,,,,,1875.0,,,,,,,,,,,
2024,712,Arkansas River Power Authority,P,Political Subdivision,,,,,,,,,,,,,,,,,,,,,,,,,,,,68.0,46.7,20450.0,266264.0,WECC,
2024,719,Town of Apex- (NC),M,Municipal,,1.0,NC,33459.0,318140.0,29289.0,15315.0,109744.0,1972.0,,,,,,,48774.0,427884.0,31261.0,48774.0,427884.0,150605.0,26527.0,,245.0,18.42,116.396,0.744,125.3,66.7,,441878.0,SERC,
2024,723,City of Aplington,M,Municipal,Y,1.0,IA,,,,,,,,,,,,,,,,,,,548.0,,,,,,,,,,,
2024,727,Appalachian Electric Coop,C,Cooperative,,4.0,TN,82864.0,640950.0,43709.0,32066.0,248037.0,7650.0,5475.0,83719.0,7.0,0.0,0.0,0.0,120405.0,972706.0,51366.0,120405.0,972706.0,1024072.0,0.0,,3.0,,927.02,3.67,215.1,334.0,0.0,1024696.0,SERC,
2024,733,Appalachian Power Co,I,Investor Owned,,55.0,"VA,WV",1772264.0,10483200.0,814229.0,877525.0,6776729.0,149055.0,813137.0,8666006.0,4124.0,,,,3462926.0,25925935.0,967408.0,3462926.0,25925935.0,22894870.0,1051.0,12051.0,3128.0,154.86200000000002,1772.95,2.7904999999999998,5450.0,7001.0,20072476.0,12277024.0,RFC,74344.6
2024,737,Aguila Irrigation District,P,Political Subdivision,Y,,,,,,,,,,,,,,,,,,,,,,,,,,,,,,,,
2024,750,Arab Electric Coop Inc,C,Cooperative,,2.0,AL,24986.0,208955.0,14062.0,12392.0,100727.0,2861.0,370.0,4003.0,2.0,0.0,0.0,0.0,37748.0,313685.0,16925.0,37748.0,313685.0,330610.0,0.0,,2.0,,,,73.5,97.8,0.0,334148.0,SERC,
2024,752,City of Arapahoe - (NE),M,Municipal,Y,1.0,NE,,,,,,,,,,,,,,,,,,,692.0,,,,,,,,,,,
2024,764,City of Arcadia - (KS),M,Municipal,Y,1.0,KS,,,,,,,,,,,,,,,,,,,,,,,,,,,,,,
2024,765,City of Arcadia - (WI),M,Municipal,Y,1.0,WI,,,,,,,,,,,,,,,,,,,1718.0,,,,,,,,,,,
2024,768,City of Arcanum - (OH),M,Municipal,Y,1.0,OH,,,,,,,,,,,,,,,,,,,1659.0,,,,,,,,,,,
2024,789,Town of Argos,M,Municipal,Y,1.0,IN,,,,,,,,,,,,,,,,,,,1008.0,,,,,,,,,,,
2024,792,City of Argyle - (WI),M,Municipal,Y,1.0,WI,,,,,,,,,,,,,,,,,,,510.0,,,,,,,,,,,
2024,796,Arizona Electric Pwr Coop Inc,C,Cooperative,,,,,,,18.2,809.0,1.0,,,,,,,18.2,809.0,1.0,18.2,809.0,,,,,,,,802.5,442.2,2331888.0,578808.0,WECC,
2024,798,Arizona Power Authority,S,State,,,,,,,,,,,,,,,,,,,,,,,,,,,,281.4,249.0,,595479.0,WECC,
2024,803,Arizona Public Service Co,I,Investor Owned,,14.0,AZ,2562822.5,15579131.0,1256120.0,2125533.6,16070942.0,141345.0,209390.6,2051331.0,2572.0,0.0,0.0,0.0,4897746.7,33701404.0,1400037.0,4897746.699999999,33701404.0,30656591.0,141487.0,97210.0,773970.0,4197.514999999999,87.2,0.93,8212.0,4258.0,26573724.0,13659868.0,WECC,324085.0
2024,807,Arkansas Electric Coop Corp,C,Cooperative,,,,,,,,,,,,,,,,,,,,,,,8.0,,,,,3045.0,3466.0,11193373.0,5802735.0,SPP,
2024,814,Entergy Arkansas LLC,I,Investor Owned,,71.0,"AR,MO,TN",999640.6,7708687.0,608363.0,590195.4,5782256.0,100668.0,632143.7999999999,9932431.0,23639.0,0.8,4.0,1.0,2221980.5999999996,23423378.0,732671.0,2221980.5999999996,23423378.0,23974976.0,8778.0,16528.0,561.0,432.916,370.0,1.807,4808.0,4493.0,25663867.0,5255141.0,SERC,248169.0
2024,817,Arkansas Valley Elec Coop Corp,C,Cooperative,,14.0,"AR,OK",103750.7,778732.0,58622.0,25913.699999999997,217696.0,4663.0,16641.9,280289.0,48.0,0.0,0.0,0.0,146306.3,1276717.0,63333.0,146306.3,1276717.0,1340050.0,,,,29.028000000000002,392.975,2.7800000000000002,340.3,402.5,,1333015.0,SERC,
2024,828,City of Arlington - (MN),M,Municipal,Y,1.0,MN,,,,,,,,,,,,,,,,,,,1123.0,,,,,,,,,,,
2024,831,City of Arlington - (SD),M,Municipal,Y,2.0,SD,,,,,,,,,,,,,,,,,,,441.0,,,,,,,,,,,
2024,832,City of Arma - (KS),M,Municipal,Y,1.0,KS,,,,,,,,,,,,,,,,,,,,,,,,,,,,,,
2024,871,Village of Arnold - (NE),M,Municipal,Y,1.0,NE,,,,,,,,,,,,,,,,,,,,,,,,,,,,,,
2024,878,Atmautluak Tribal Utilities,M,Municipal,Y,1.0,AK,,,,,,,,,,,,,,,,,,,,,,,,,,,,,,
2024,887,"Arrowhead Electric Coop, Inc",C,Cooperative,Y,2.0,MN,,,,,,,,,,,,,,,,,,76164.0,1.0,,2.0,,,,,,,,,
2024,902,Town of Ashburnham - (MA),M,Municipal,Y,1.0,MA,,,,,,,,,,,,,,,,,,,3205.0,,,,,,,,,,,
2024,906,Town of Ashland,M,Municipal,Y,1.0,NH,,,,,,,,,,,,,,,,,,3352.0,145.0,,,,,,,,,,,
2024,907,City of Ashland - (OR),M,Municipal,Y,1.0,OR,,,,,,,,,,,,,,,,,,,12381.0,,,,,,,,,,,
2024,911,City of Ashland - (KS),M,Municipal,Y,1.0,KS,,,,,,,,,,,,,,,,,,,,,,,,,,,,,,
2024,918,City of Aspen- (CO),M,Municipal,Y,1.0,CO,,,,,,,,,,,,,,,,,,73441.0,,,,,,,,,,,,
2024,924,"Associated Electric Coop, Inc",C,Cooperative,,,,,,,,,,,,,,,,,,,,,,,,,,,,4464.0,5716.0,23677586.0,5288592.0,SERC,6352.395
2024,925,"Ashley Chicot Elec Coop, Inc",C,Cooperative,Y,4.0,"AR,LA",,,,,,,,,,,,,,,,,,51217.0,,,,,,,,,,,,
2024,942,Atchison-Holt Electric Coop,C,Cooperative,Y,5.0,"IA,MO",,,,,,,,,,,,,,,,,,90693.0,,,,,,,,,,,,
2024,944,City of Athens - (AL),M,Municipal,,1.0,AL,85146.0,695825.0,50985.0,47669.0,407747.0,8122.0,32055.0,463426.0,14.0,0.0,0.0,0.0,164870.0,1566998.0,59121.0,164870.0,1566998.0,886786.53,20069.0,,10.0,,,,359.6,450.2,0.0,1702883.0,SERC,
2024,947,Athens Utility Board,M,Municipal,,1.0,TN,18977.0,161213.0,11651.0,18877.0,147230.0,2468.0,18919.0,328142.0,7.0,0.0,0.0,0.0,56773.0,636585.0,14126.0,56773.0,636585.0,342268.0,14119.0,,7.0,,,,115.3,118.3,0.0,654296.0,SERC,
2024,963,Atlantic City Electric Co,I,Investor Owned,,8.0,NJ,867991.5,3845201.0,506488.0,442939.19999999995,4260042.0,65750.0,32400.6,558706.0,537.0,0.0,0.0,0.0,1343331.3,8663949.0,572775.0,1343331.3,8663949.0,4116704.0,14763.0,,,1242.15,123.0,0.84,2405.0,1410.0,,5739829.0,RFC,51524.0
2024,965,Atlantic Municipal Utilities,M,Municipal,Y,4.0,IA,,,,,,,,,,,,,,,,,,186957.0,,,,,,,,,,,,
2024,970,Homefield Energy,R,Retail Power Marketer,,,,137052.5,1575796.0,163064.0,235940.1,3187220.0,2845.0,1186.6,16090.0,105.0,0.0,0.0,0.0,374179.2,4779106.0,166014.0,374179.19999999995,4779106.0,,,,,,,,,,,4779106.0,RFC,
2024,989,City of Attica - (KS),M,Municipal,Y,1.0,KS,,,,,,,,,,,,,,,,,,,,,,,,,,,,,,
2024,993,Auburn Board of Public Works,M,Municipal,Y,3.0,NE,,,,,,,,,,,,,,,,,,,2573.0,,,,,,,,,,,
2024,994,City of Auburn - (IN),M,Municipal,,1.0,IN,5464.4,64148.0,6813.0,2367.0,28735.0,1008.0,44960.0,256272.0,119.0,,,,52791.4,349155.0,7940.0,52791.4,349155.0,357095.0,,,,,,,57.0,46.0,,349155.0,RFC,
2024,995,City of Auburn - (IA),M,Municipal,Y,1.0,IA,,,,,,,,,,,,,,,,,,,164.0,,,,,,,,,,,
2024,998,City of Augusta - (KS),M,Municipal,Y,1.0,KS,,,,,,,,,,,,,,,,,,1203.0,3081.0,,,,,,,,,,,
2024,1000,City of Augusta - (AR),M,Municipal,Y,1.0,AR,,,,,,,,,,,,,,,,,,,,,,,,,,,,,,
2024,1002,City of Aurelia - (IA),M,Municipal,Y,1.0,IA,,,,,,,,,,,,,,,,,,,518.0,,,,,,,,,,,
2024,1004,City of Aurora - (SD),M,Municipal,Y,1.0,SD,,,,,,,,,,,,,,,,,,,529.0,,,,,,,,,,,
2024,1009,City of Austin - (MN),M,Municipal,,1.0,MN,11901.0,77564.0,10795.0,16109.0,131027.0,1214.0,11605.0,123984.0,1.0,,,,39615.0,332575.0,12010.0,39615.0,332575.0,335094.0,229.0,5204.0,9.0,1.0739999999999998,8.25,0.126,66.7,45.7,,336975.0,MRO,615.3
2024,1015,Austin Energy,M,Municipal,,2.0,TX,638262.0,5074608.0,507291.0,617209.8,5909072.0,54586.0,219668.6,3216894.0,127.0,0.0,0.0,0.0,1475140.4,14200574.0,562004.0,1475140.4000000001,14200574.0,11392926.0,638.0,39046.0,80.0,,92.13,0.96,3110.0,2693.0,6627018.0,8250738.0,TRE,72528.97
2024,1024,City of Ava - (MO),M,Municipal,Y,2.0,MO,,,,,,,,,,,,,,,,,,61235.0,549.0,,,,,,,,,,,
2024,1028,Town of Avilla - (IN),M,Municipal,Y,1.0,IN,,,,,,,,,,,,,,,,,,,1216.0,,,,,,,,,,,
2024,1033,City of Axtell - (KS),M,Municipal,Y,1.0,KS,,,,,,,,,,,,,,,,,,,,,,,,,,,,,,
2024,1036,Town of Ayden - (NC),M,Municipal,Y,1.0,NC,,,,,,,,,,,,,,,,,,113296.0,,,,,,,,,,,,
2024,1046,City of Aztec - (NM),M,Municipal,Y,1.0,NM,,,,,,,,,,,,,,,,,,30959.0,66.0,,,,,,,,,,,
2024,1050,City of Azusa,M,Municipal,,1.0,CA,17011.0,89136.0,15599.0,15699.0,83492.0,1957.0,10455.0,61391.0,27.0,,,,43165.0,234019.0,17583.0,43165.0,234019.0,251612.0,,,605.0,6.36,,,66.8,33.3,,336351.0,WECC,2576.0
2024,1062,BARC Electric Coop Inc,C,Cooperative,Y,5.0,VA,,,,,,,,,,,,,,,,,,180472.0,16.0,,,,,,,,,,,
2024,1080,City of Badger - (SD),M,Municipal,Y,1.0,SD,,,,,,,,,,,,,,,,,,1468.0,,,,,,,,,,,,
2024,1101,Bagley Public Utilities Comm,M,Municipal,Y,1.0,MN,,,,,,,,,,,,,,,,,,,1149.0,,,,,,,,,,,
2024,1119,Town of Bainbridge - (IN),M,Municipal,Y,1.0,IN,,,,,,,,,,,,,,,,,,,,,,,,,,,,,,
2024,1148,City of Baldwin City- (KS),M,Municipal,Y,1.0,KS,,,,,,,,,,,,,,,,,,35966.0,,,,,,,,,,,,
2024,1149,Baldwin County El Member Corp,C,Cooperative,,2.0,AL,155483.0,1121292.0,83005.0,59304.0,537247.0,8363.0,,,,,,,214787.0,1658539.0,91368.0,214787.0,1658539.0,1749907.0,,,,,127.573,2.01,385.0,472.0,,1731330.0,SERC,
2024,1167,Baltimore Gas & Electric Co,I,Investor Owned,,9.0,MD,2044045.7999999998,12681876.0,1214100.0,891308.1000000001,14583081.0,122472.0,52164.9,1335465.0,6182.0,1408.2,165677.0,3.0,2988927.0,28766099.0,1342757.0,2988927.0,28766099.0,27944276.0,33281.0,871427.0,1171615.0,1281.48,133.482,0.795,6766.0,5655.0,,15410576.0,RFC,488323.154
2024,1169,Bailey County Elec Coop Assn,C,Cooperative,,5.0,TX,2216.0,25258.0,3348.0,5019.0,68865.0,860.0,19119.0,248195.0,4923.0,,,,26354.0,342318.0,9131.0,26354.0,342318.0,351449.0,,,,0.128,,,75.3,44.1,,373312.0,SPP,
2024,1170,Bamberg Board of Public Works,M,Municipal,Y,1.0,SC,,,,,,,,,,,,,,,,,,37585.0,83.0,,,,,,,,,,,
2024,1172,Bancroft Municipal Utilities,M,Municipal,Y,1.0,IA,,,,,,,,,,,,,,,,,,,621.0,,,,,,,,,,,
2024,1175,"Bandera Electric Coop, Inc",C,Cooperative,,7.0,TX,61819.0,498494.0,35346.0,19804.0,189317.0,6612.0,1671.0,18566.0,65.0,,,,83294.0,706377.0,42023.0,83294.0,706377.0,748400.0,,,1611.0,16.423000000000002,75.893,0.825,191.8,296.6,,771613.0,TRE,
2024,1176,City of Bandon - (OR),M,Municipal,Y,2.0,OR,,,,,,,,,,,,,,,,,,,4843.0,,,,,,,,,,,
2024,1179,Versant Power,I,Investor Owned,,6.0,ME,228840.2,832115.0,137906.0,135326.59999999998,730740.0,27582.0,30648.1,374632.0,72.0,0.0,0.0,0.0,394814.9,1937487.0,165560.0,394814.89999999997,1937487.0,2098413.0,441.0,,,565.95,1206.0,4.379,369.0,346.0,,1968707.0,NPCC,
2024,1181,Village of Bangor - (WI),M,Municipal,Y,2.0,WI,,,,,,,,,,,,,,,,,,,1892.0,,1.0,,,,,,,,,
2024,1192,City of Banning - (CA),M,Municipal,Y,1.0,CA,,,,,,,,,,,,,,,,,,158854.0,,,,,,,,,,,,
2024,1196,Village of Baraga - (MI),M,Municipal,,1.0,MI,424.7,2772.0,555.0,1951.8,14206.0,254.0,0.0,0.0,0.0,0.0,0.0,0.0,2376.5,16978.0,809.0,2376.5,16978.0,4951.0,809.0,,,0.186,,,3.8,3.5,0.0,18448.0,MISO,
2024,1201,Barbourville Utility Comm,M,Municipal,Y,1.0,KY,,,,,,,,,,,,,,,,,,,,,,,,,,,,,,
2024,1205,City of Bardwell - (KY),M,Municipal,Y,1.0,KY,,,,,,,,,,,,,,,,,,0.0,484.0,,,,,,,,,,,
2024,1208,Town of Bargersville - (IN),M,Municipal,Y,1.0,IN,,,,,,,,,,,,,,,,,,,3658.0,,,,,,,,,,,
2024,1232,City of Barnesville - (GA),M,Municipal,Y,1.0,GA,,,,,,,,,,,,,,,,,,,,,,,,,,,,,,
2024,1233,City of Barnesville - (MN),M,Municipal,Y,1.0,MN,,,,,,,,,,,,,,,,,,20208.0,164.0,,,,,,,,,,,
2024,1251,Barron Electric Coop,C,Cooperative,,8.0,WI,30025.0,190990.0,19266.0,3103.0,27675.0,222.0,7171.0,87706.0,168.0,,,,40299.0,306371.0,19656.0,40299.0,306371.0,327891.0,,6189.0,13.0,4.23,275.383,1.979,61.0,55.1,119.0,358358.0,MRO,529.0
2024,1273,"Bartlett Electric Coop, Inc",C,Cooperative,,5.0,TX,30344.3,188623.0,11527.0,9764.6,58796.0,3726.0,,,,,,,40108.9,247419.0,15253.0,40108.9,247419.0,262672.0,0.0,,,12.544,190.921,1.496,66.7,105.5,,261527.0,TRE,13.322
2024,1276,"Barrow Utils & Elec Coop, Inc",C,Cooperative,Y,1.0,AK,,,,,,,,,,,,,,,,,,,,,,,,,,,,,,
2024,1278,City of Barron - (WI),M,Municipal,Y,1.0,WI,,,,,,,,,,,,,,,,,,,1859.0,,4.0,,,,,,,,,
2024,1279,Barry Electric Coop,C,Cooperative,Y,2.0,MO,,,,,,,,,,,,,,,,,,187942.0,,,,,,,,,,,,
2024,1283,Bartholomew County Rural E M C,C,Cooperative,,4.0,IN,22940.4,155960.0,11427.0,6318.2,47841.0,731.0,21346.2,225890.0,12.0,0.0,0.0,0.0,50604.8,429691.0,12170.0,50604.8,429691.0,441861.0,,,291.0,1.126,177.84,1.87,97.1,93.3,,439810.0,RFC,
2024,1287,City of Bartlett - (TX),M,Municipal,Y,2.0,TX,,,,,,,,,,,,,,,,,,,,,,,,,,,,,,
2024,1299,"Barton Village, Inc",M,Municipal,Y,1.0,VT,,,,,,,,,,,,,,,,,,,,,,,,,,,,,,
2024,1300,City of Bartow - (FL),M,Municipal,,1.0,FL,17056.5,157492.0,11613.0,8518.0,89833.0,1530.0,6484.1,64218.0,287.0,,,,32058.6,311543.0,13430.0,32058.6,311543.0,11918.0,13430.0,,,6.65,,,67.9,43.5,,316791.0,FRCC,
2024,1301,"Barton County Elec Coop, Inc",C,Cooperative,Y,5.0,MO,,,,,,,,,,,,,,,,,,170583.0,,,,,,,,,,,,
2024,1307,Basin Electric Power Coop,C,Cooperative,,1.0,ND,,,,,,,56625.2,1170657.0,1.0,,,,56625.2,1170657.0,1.0,56625.2,1170657.0,1170658.0,,,,,,,4788.0,5134.0,18629110.0,20405612.0,SPP,
2024,1324,City of Bastrop - (TX),M,Municipal,Y,1.0,TX,,,,,,,,,,,,,,,,,,81284.0,,,,,,,,,,,,
2024,1325,City of Batavia - (IL),M,Municipal,,1.0,IL,12330.0,87561.0,10020.0,15642.0,130597.0,1368.0,17254.0,184363.0,10.0,,,,45226.0,402521.0,11398.0,45226.0,402521.0,250.0,11398.0,,,,46.48,0.72,85.5,63.3,,414515.0,RFC,
2024,1326,Village of Bartley - (NE),M,Municipal,Y,1.0,NE,,,,,,,,,,,,,,,,,,,,,,,,,,,,,,
2024,1343,Bath Electric Gas & Water,M,Municipal,Y,1.0,NY,,,,,,,,,,,,,,,,,,,4416.0,,,,,,,,,,,
2024,1346,City of Battle Creek- (NE),M,Municipal,Y,1.0,NE,,,,,,,,,,,,,,,,,,,561.0,,,,,,,,,,,
2024,1353,City of Baudette - (MN),M,Municipal,Y,1.0,MN,,,,,,,,,,,,,,,,,,,,,,,,,,,,,,
2024,1366,City of Bay City - (MI),M,Municipal,,1.0,MI,19124.1,124579.0,18028.0,24793.8,131259.0,2205.0,6305.8,53589.0,133.0,,,,50223.7,309427.0,20366.0,50223.7,309427.0,329793.0,,,68.0,0.258,414.996,2.127,77.1,47.0,893.0,328642.0,RFC,3356.0
2024,1367,"Bayfield Electric Coop, Inc",C,Cooperative,Y,7.0,"MI,WI",,,,,,,,,,,,,,,,,,89002.0,,,,,,,,,,,,
2024,1374,City of Bayard - (NE),M,Municipal,Y,1.0,NE,,,,,,,,,,,,,,,,,,,584.0,,,,,,,,,,,
2024,1386,Village of Beach City - (OH),M,Municipal,Y,2.0,OH,,,,,,,,,,,,,,,,,,,,,,,,,,,,,,
2024,1387,City of Benham,M,Municipal,Y,1.0,KY,,,,,,,,,,,,,,,,,,,,,,,,,,,,,,
2024,1417,"Beartooth Electric Coop, Inc",C,Cooperative,Y,4.0,"MT,WY",,,,,,,,,,,,,,,,,,85253.0,,,7014.0,,,,,,,,,
2024,1427,City of Beatrice - (NE),M,Municipal,Y,1.0,NE,,,,,,,,,,,,,,,,,,187005.0,,,,,,,,,,,,
2024,1434,Beaver City Corporation,M,Municipal,Y,1.0,UT,,,,,,,,,,,,,,,,,,38546.0,,,,,,,,,,,,
2024,1435,City of Beaver City - (NE),M,Municipal,Y,1.0,NE,,,,,,,,,,,,,,,,,,,,,,,,,,,,,,
2024,1456,Town of Bedford - (VA),M,Municipal,Y,1.0,VA,,,,,,,,,,,,,,,,,,,6938.0,,,,,,,,,,,
2024,1458,"Beauregard Electric Coop, Inc",C,Cooperative,,7.0,LA,81907.0,598074.0,40051.0,23999.0,176294.0,4455.0,52235.0,704923.0,4.0,,,,158141.0,1479291.0,44510.0,158141.0,1479291.0,1523801.0,,,,7.45,,,302.0,371.3,,1514249.0,SERC,
2024,1494,Town of Belhaven - (NC),M,Municipal,Y,1.0,NC,,,,,,,,,,,,,,,,,,,,,,,,,,,,,,
2024,1512,City of Belleville - (KS),M,Municipal,Y,1.0,KS,,,,,,,,,,,,,,,,,,,,,,,,,,,,,,
2024,1515,City of Bellevue - (IA),M,Municipal,Y,1.0,IA,,,,,,,,,,,,,,,,,,,,,,,,,,,,,,
2024,1519,City of Bellville - (TX),M,Municipal,Y,1.0,TX,,,,,,,,,,,,,,,,,,0.0,2617.0,,,,,,,,,,,
2024,1522,Village of Belmont - (WI),M,Municipal,Y,1.0,WI,,,,,,,,,,,,,,,,,,,587.0,,9.0,,,,,,,,,
2024,1523,Town of Belmont - (MA),M,Municipal,Y,1.0,MA,,,,,,,,,,,,,,,,,,134452.0,2.0,,269.0,,,,,,,,,
2024,1525,City of Beloit - (KS),M,Municipal,Y,1.0,KS,,,,,,,,,,,,,,,,,,,2303.0,,,,,,,,,,,
2024,1529,"Beltrami Electric Coop, Inc",C,Cooperative,,6.0,MN,39669.0,275547.0,20732.0,12338.0,147717.0,1615.0,19.0,70.0,17.0,,,,52026.0,423334.0,22364.0,52026.0,423334.0,453207.0,,7519.0,20.0,4.106,117.69,1.313,72.5,100.4,32.0,565268.0,MRO,5676.56
2024,1554,City of Benkelman - (NE),M,Municipal,Y,1.0,NE,,,,,,,,,,,,,,,,,,,618.0,,,,,,,,,,,
2024,1566,City of Bennettsville - (SC),M,Municipal,Y,1.0,SC,,,,,,,,,,,,,,,,,,,,,,,,,,,,,,
2024,1571,Town of Benson - (NC),M,Municipal,Y,1.0,NC,,,,,,,,,,,,,,,,,,40879.0,7.0,,,,,,,,,,,
2024,1572,Badger Power Marketing Authority,W,Wholesale Power Marketer,,1.0,WI,,,,,,,,,,,,,,,,,,,,,,,,,69.3,61.6,,368390.0,RFC,
2024,1573,City of Benson - (MN),M,Municipal,Y,1.0,MN,,,,,,,,,,,,,,,,,,5478.0,1265.0,,,,,,,,,,,
2024,1578,Benton County,M,Municipal,,1.0,TN,15567.0,112158.0,8775.0,8168.0,53806.0,1886.0,2668.0,27312.0,3.0,0.0,0.0,0.0,26403.0,193276.0,10664.0,26403.0,193276.0,203940.0,0.0,,1816.0,,,,47.0,50.1,0.0,204793.0,SERC,
2024,1579,PUD No 1 of Benton County,P,Political Subdivision,,1.0,WA,64590.7,732971.0,50072.0,39104.9,564214.0,6770.0,28517.9,511637.0,985.0,,,,132213.5,1808822.0,57827.0,132213.5,1808822.0,1866649.0,,,,19.763,52.9,0.5,437.6,393.2,,1939523.0,WECC,3756.0
2024,1581,City of Benton - (AR),M,Municipal,,1.0,AR,16004.0,155389.0,12972.0,8044.0,89129.0,1777.0,2993.0,39037.0,7.0,,,,27041.0,283555.0,14756.0,27041.0,283555.0,275276.0,230.0,,,,,,79.4,61.8,22459.0,284676.0,SERC,
2024,1582,City of Benton - (KY),M,Municipal,,1.0,KY,3315.0,23554.0,1889.0,4076.0,30935.0,680.0,1263.0,15345.0,1.0,0.0,0.0,0.0,8654.0,69834.0,2570.0,8654.0,69834.0,72404.0,0.0,,1.0,,,,16.7,11.9,0.0,73052.0,SERC,
2024,1585,Village of Benton - (WI),M,Municipal,Y,1.0,WI,,,,,,,,,,,,,,,,,,,,,,,,,,,,,,
2024,1586,City of Bentonville - (AR),M,Municipal,,1.0,AR,33472.0,287396.0,25103.0,40564.0,448206.0,3921.0,,,,,,,74036.0,735602.0,29024.0,74036.0,735602.0,764626.0,,,,30.86,,,170.0,141.0,,739840.0,SPP,
2024,1591,"Big Country Electric Coop, Inc",C,Cooperative,,12.0,TX,12135.4,88439.0,9449.0,24729.2,255720.0,3452.0,1274.7,10799.0,695.0,,,,38139.3,354958.0,13596.0,38139.299999999996,354958.0,359012.0,1.0,,12.0,1.056,,,71.8,68.2,,392577.0,TRE,
2024,1601,City of Beresford,M,Municipal,Y,2.0,SD,,,,,,,,,,,,,,,,,,42610.0,,,,,,,,,,,,
2024,1604,Village of Bergen - (NY),M,Municipal,Y,1.0,NY,,,,,,,,,,,,,,,,,,,676.0,,,,,,,,,,,
2024,1611,"Messer Energy Services, Inc.",R,Retail Power Marketer,,,,0.0,0.0,0.0,0.0,0.0,0.0,62837.0,1245250.0,14.0,0.0,0.0,0.0,62837.0,1245250.0,14.0,62837.0,1245250.0,,,,,,,,142.2,142.2,,1270198.0,RFC,
2024,1613,Berkeley Electric Coop Inc,C,Cooperative,,3.0,SC,235265.0,1575297.0,115117.0,240829.0,3386125.0,18121.0,4263.0,41760.0,10.0,0.0,0.0,0.0,480357.0,5003182.0,133248.0,480357.0,5003182.0,5139379.0,,797.0,456.0,24.433999999999997,293.3,1.59,893.5,941.2,,5093201.0,SERC,1572.07
2024,1615,Town of Berlin - (MD),M,Municipal,Y,1.0,MD,,,,,,,,,,,,,,,,,,1415.0,101.0,,,,,,,,,,,
2024,1618,Borough of Berlin - (PA),M,Municipal,Y,1.0,PA,,,,,,,,,,,,,,,,,,,1208.0,,,,,,,,,,,
2024,1625,Benton Rural Electric Assn,C,Cooperative,,3.0,WA,21279.3,229481.0,13422.0,12069.9,172650.0,1645.0,14599.0,218406.0,1386.0,,,,47948.2,620537.0,16453.0,47948.2,620537.0,76854.0,16434.0,,,12.976,1887.0,1.413,142.0,137.8,,648329.0,WECC,
2024,1640,City of Bessemer Utilities,M,Municipal,,1.0,AL,14276.0,116464.0,9378.0,19580.0,154423.0,1764.0,712.0,9433.0,1.0,0.0,0.0,0.0,34568.0,280320.0,11143.0,34568.0,280320.0,20576.0,11142.0,,,,,,66.5,59.7,0.0,303937.0,SERC,
2024,1647,City of Bethany - (MO),M,Municipal,Y,1.0,MO,,,,,,,,,,,,,,,,,,18207.0,0.0,,,,,,,,,,,
2024,1648,Village of Bethany - (IL),M,Municipal,Y,1.0,IL,,,,,,,,,,,,,,,,,,,,,,,,,,,,,,
2024,1650,Village of Bethel - (OH),M,Municipal,Y,1.0,OH,,,,,,,,,,,,,,,,,,,,,,,,,,,,,,
2024,1671,Big Flat Electric Coop Inc,C,Cooperative,Y,3.0,MT,,,,,,,,,,,,,,,,,,,2075.0,,,,,,,,,,,
2024,1675,Big Horn Rural Electric Co,C,Cooperative,Y,7.0,"MT,WY",,,,,,,,,,,,,,,,,,,4149.0,,4.0,,,,,,,,,
2024,1677,Village of Bloomdale - (OH),M,Municipal,Y,1.0,OH,,,,,,,,,,,,,,,,,,,,,,,,,,,,,,
2024,1683,"Big Horn County Elec Coop, Inc",C,Cooperative,Y,2.0,"MT,WY",,,,,,,,,,,,,,,,,,9890.0,,,,,,,,,,,,
2024,1692,Big Rivers Electric Corp,C,Cooperative,,,,,,,,,,,,,,,,,,,,,,,,,,,,1168.0,1159.0,3195863.0,2886513.0,SERC,
2024,1698,City of Big Stone City - (SD),M,Municipal,Y,1.0,SD,,,,,,,,,,,,,,,,,,,,,,,,,,,,,,
2024,1702,City of Biggs - (CA),M,Municipal,Y,1.0,CA,,,,,,,,,,,,,,,,,,0.0,842.0,,,,,,,,,,,
2024,1708,Big Sandy Rural Elec Coop Corp,C,Cooperative,,8.0,KY,20742.0,151557.0,11574.0,4001.0,32228.0,1028.0,1582.0,16422.0,9.0,,,,26325.0,200207.0,12611.0,26325.0,200207.0,,12611.0,,,0.15000000000000002,814.826,4.145,44.1,56.2,,212380.0,RFC,
2024,1723,"Big Bend Electric Coop, Inc",C,Cooperative,,5.0,WA,10530.9,115719.0,5841.0,10348.3,124100.0,2059.0,22904.9,342029.0,2511.0,0.0,0.0,0.0,43784.1,581848.0,10411.0,43784.1,581848.0,592259.0,0.0,,,2.263,248.41,0.926,153.8,78.4,,620263.0,WECC,1695.77
2024,1726,City of Blue Mound - (KS),M,Municipal,Y,1.0,KS,,,,,,,,,,,,,,,,,,,,,,,,,,,,,,
2024,1736,Blachly-Lane County Coop El Assn,C,Cooperative,Y,1.0,OR,,,,,,,,,,,,,,,,,,,3667.0,,,,,,,,,,,
2024,1738,Bonneville Power Administration,F,Federal,,83.0,"CA,ID,MT,OR,WA",,,,30914.0,687678.0,8.0,7256.0,546474.0,3.0,,,,38170.0,1234152.0,11.0,38170.0,1234152.0,,67.0,,,,,,9405.0,11496.0,58141741.0,11157734.0,WECC,
2024,1747,Birch Creek Village Elec Util - (AK),M,Municipal,Y,1.0,AK,,,,,,,,,,,,,,,,,,,,,,,,,,,,,,
2024,1753,City of Biwabik - (MN),M,Municipal,Y,1.0,MN,,,,,,,,,,,,,,,,,,6112.0,1.0,,,,,,,,,,,
2024,1763,"Black River Electric Coop, Inc - (SC)",C,Cooperative,,4.0,SC,62240.3,462168.0,30610.0,17513.8,133573.0,4210.0,10220.7,126348.0,13.0,,,,89974.8,722089.0,34833.0,89974.8,722089.0,756922.0,,,,8.161000000000001,228.0,2.004,163.0,204.0,,747819.0,SERC,
2024,1764,Black Diamond Power Co,I,Investor Owned,,4.0,WV,4975.5,32418.0,3479.0,1949.4,13864.0,454.0,,,,,,,6924.9,46282.0,3933.0,6924.9,46282.0,,3933.0,,,,,,9.7,12.7,,46282.0,RFC,
2024,1765,Village of Black Earth - (WI),M,Municipal,Y,2.0,WI,,,,,,,,,,,,,,,,,,,,,,,,,,,,,,
2024,1769,"Black Hills Electric Coop, Inc",C,Cooperative,,6.0,SD,18125.5,122760.0,9227.0,5163.2,36002.0,1955.0,412.2,2221.0,96.0,0.0,0.0,0.0,23700.9,160983.0,11278.0,23700.9,160983.0,172247.0,1.0,802.0,7867.0,2.778,228.71,1.031,34.6,50.6,357.0,175056.0,WECC,
2024,1775,Black River Electric Coop - (MO),C,Cooperative,,8.0,MO,36664.0,286283.0,21575.0,16384.0,138800.0,3979.0,1504.0,20851.0,2.0,,,,54552.0,445934.0,25556.0,54552.0,445934.0,450639.0,2.0,,,1.102,1161.95,,105.7,104.1,98.0,477796.0,SERC,
2024,1776,City of Black River Falls,M,Municipal,,1.0,WI,2635.4,18397.0,2321.0,4075.2,33861.0,564.0,137.0,479.0,1.0,0.0,0.0,0.0,6847.6,52737.0,2886.0,6847.6,52737.0,55495.0,7.0,,195.0,0.99,,,12.2,9.3,6153.0,49785.0,MISO,
2024,1779,Town of Basin - (WY),M,Municipal,Y,1.0,WY,,,,,,,,,,,,,,,,,,,,,,,,,,,,,,
2024,1780,Black Warrior Elec Member Corp,C,Cooperative,,12.0,AL,35392.8,267309.0,20053.0,12216.9,100396.0,6593.0,364.9,3695.0,2.0,,,,47974.6,371400.0,26648.0,47974.600000000006,371400.0,,26648.0,,,,,,91.1,134.9,,394945.0,SERC,
2024,1795,Town of Blackstone - (VA),M,Municipal,Y,1.0,VA,,,,,,,,,,,,,,,,,,,2035.0,,,,,,,,,,,
2024,1800,City of Blackwell - (OK),M,Municipal,Y,1.0,OK,,,,,,,,,,,,,,,,,,,,,,,,,,,,,,
2024,1818,City of Blaine - (WA),M,Municipal,Y,1.0,WA,,,,,,,,,,,,,,,,,,,3881.0,,,,,,,,,,,
2024,1823,Borough of Blakely - (PA),M,Municipal,Y,1.0,PA,,,,,,,,,,,,,,,,,,37461.0,,,,,,,,,,,,
2024,1826,City of Blakely - (GA),M,Municipal,Y,1.0,GA,,,,,,,,,,,,,,,,,,29654.0,1473.0,,,,,,,,,,,
2024,1832,Village of Blanchester - (OH),M,Municipal,Y,1.0,OH,,,,,,,,,,,,,,,,,,,2226.0,,,,,,,,,,,
2024,1839,City of Blanding - (UT),M,Municipal,Y,1.0,UT,,,,,,,,,,,,,,,,,,896.0,1681.0,,,,,,,,,,,
2024,1857,Block Island Utility District,P,Political Subdivision,,1.0,RI,3005.0,7576.0,1629.0,2922.0,7148.0,384.0,,,,,,,5927.0,14724.0,2013.0,5927.0,14724.0,16733.0,0.0,,,0.77,,,5.6,2.1,119.0,14605.0,NPCC,
2024,1866,Bloomer Electric & Water Co,M,Municipal,Y,1.0,WI,,,,,,,,,,,,,,,,,,67645.0,,,14.0,,,,,,,,,
2024,1869,City of Bloomfield - (IA),M,Municipal,Y,1.0,IA,,,,,,,,,,,,,,,,,,,1322.0,,,,,,,,,,,
2024,1871,City of Blooming Prairie - (MN),M,Municipal,Y,2.0,MN,,,,,,,,,,,,,,,,,,,729.0,,,,,,,,,,,
2024,1876,City of Blountstown - (FL),M,Municipal,Y,1.0,FL,,,,,,,,,,,,,,,,,,,49.0,,,,,,,,,,,
2024,1883,Blue Earth Light & Water,M,Municipal,Y,1.0,MN,,,,,,,,,,,,,,,,,,,1981.0,,,,,,,,,,,
2024,1884,BENCO Electric Cooperative,C,Cooperative,,5.0,MN,31200.0,207600.0,18361.0,11563.0,90700.0,1556.0,7500.0,79159.0,17.0,,,,50263.0,377459.0,19934.0,50263.0,377459.0,397149.0,1.0,,51.0,7.6240000000000006,,,81.3,59.0,,394154.0,MRO,
2024,1886,Blue Grass Energy Coop Corp,C,Cooperative,,23.0,KY,104665.0,849399.0,60641.0,22466.0,191732.0,3199.0,26937.0,360852.0,16.0,,,,154068.0,1401983.0,63856.0,154068.0,1401983.0,1465839.0,,,68.0,9.024000000000001,596.51,2.225,284.0,432.0,,1452309.0,RFC,
2024,1889,Blue Ridge Elec Member Corp - (NC),C,Cooperative,,7.0,NC,109395.0,749928.0,71926.0,32284.0,260865.0,8829.0,7516.0,101301.0,7.0,,,,149195.0,1112094.0,80762.0,149195.0,1112094.0,1192856.0,,36775.0,61.0,6.997999999999999,6038.46,3.32,196.0,341.0,,1179722.0,SERC,145.5
2024,1890,Blue Ridge Electric Coop Inc - (SC),C,Cooperative,,5.0,SC,153538.5,810672.0,67553.0,27761.2,199683.0,5301.0,13047.8,154713.0,59.0,,,,194347.5,1165068.0,72913.0,194347.5,1165068.0,1237981.0,,199.0,,4.994000000000001,5291.42,,310.0,359.0,,1213898.0,SERC,
2024,1891,Blue Ridge Mountain EMC - (GA),C,Cooperative,,5.0,"GA,NC",72546.0,517077.0,46478.0,35708.0,230386.0,12585.0,1339.0,25511.0,1.0,0.0,0.0,0.0,109593.0,772974.0,59064.0,109593.0,772974.0,832038.0,0.0,,2.0,,588.503,4.792,177.1,272.6,0.0,828386.0,SERC,
2024,1892,"Bluebonnet Electric Coop, Inc",C,Cooperative,,14.0,TX,188096.4,1647723.0,113890.0,89212.7,1704548.0,17755.0,75739.3,740804.0,1574.0,,,,353048.4,4093075.0,133219.0,353048.39999999997,4093075.0,1687.0,131532.0,,,4.054,227.235,1.753,782.4,871.7,,4277643.0,TRE,
2024,1896,City of Bluffton - (IN),M,Municipal,,1.0,IN,5023.0,48379.0,5007.0,3456.0,32106.0,1013.0,17706.0,204465.0,34.0,,,,26185.0,284950.0,6054.0,26185.0,284950.0,6054.0,6054.0,,,,,,60.5,38.7,,293595.0,RFC,
2024,1898,"Bon Homme Yankton El Assn, Inc",C,Cooperative,Y,2.0,SD,,,,,,,,,,,,,,,,,,,4133.0,,,,,,,,,,,
2024,1913,City of Boerne,M,Municipal,Y,1.0,TX,,,,,,,,,,,,,,,,,,162854.0,,,,,,,,,,,,
2024,1936,Bolivar Energy Authority,M,Municipal,,2.0,TN,16757.0,124099.0,8929.0,11215.0,77047.0,2519.0,1369.0,18493.0,1.0,0.0,0.0,0.0,29341.0,219639.0,11449.0,29341.0,219639.0,231088.0,0.0,,,,335.278,1.88,50.1,59.6,0.0,225639.0,SERC,
2024,1955,City of Bridgeport Utilities - (NE),M,Municipal,Y,1.0,NE,,,,,,,,,,,,,,,,,,,913.0,,,,,,,,,,,
2024,1956,City of Bonners Ferry,M,Municipal,Y,1.0,ID,,,,,,,,,,,,,,,,,,,2913.0,,,,,,,,,,,
2024,1968,Boone Valley Electric Coop,C,Cooperative,Y,3.0,IA,,,,,,,,,,,,,,,,,,,,,,,,,,,,,,
2024,1970,Village of Boonville - (NY),M,Municipal,Y,2.0,NY,,,,,,,,,,,,,,,,,,39700.0,301.0,,,,,,,,,,,
2024,1987,Town of Bostic - (NC),M,Municipal,Y,1.0,NC,,,,,,,,,,,,,,,,,,,205.0,,,,,,,,,,,
2024,1997,City of Boscobel - (WI),M,Municipal,,1.0,WI,1234.7,11590.0,1448.0,2336.8,26061.0,333.0,345.0,4314.0,1.0,0.0,0.0,0.0,3916.5,41965.0,1782.0,3916.5,41965.0,43755.0,0.0,,8.0,0.054000000000000006,,,10.0,6.2,0.0,43423.0,MISO,
2024,2001,Boone Electric Coop,C,Cooperative,,6.0,MO,57566.0,429513.0,33806.0,10657.0,99157.0,1344.0,4296.0,42439.0,7.0,,,,72519.0,571109.0,35157.0,72519.0,571109.0,609039.0,,,259.0,6.65,125.34,0.69,148.7,160.9,,594426.0,SERC,
2024,2008,City of Boulder City - (NV),M,Municipal,,1.0,NV,11007.0,106104.0,7145.0,6958.0,53955.0,923.0,120.0,933.0,6.0,0.0,0.0,0.0,18085.0,160992.0,8074.0,18085.0,160992.0,,8249.0,,2.0,4.748,10.53,0.15,52.0,22.0,,165292.0,WECC,78.997
2024,2010,City of Bountiful,M,Municipal,,1.0,UT,20849.6,160774.0,15709.0,10495.3,88010.0,1658.0,2844.5,35238.0,1.0,0.0,0.0,0.0,34189.4,284022.0,17368.0,34189.399999999994,284022.0,1.0,17368.0,,,4.028,,,81.5,42.1,49799.0,248491.0,WECC,
2024,2049,"Bowie-Cass Electric Coop, Inc",C,Cooperative,,6.0,TX,59350.1,472356.0,34526.0,13586.6,115542.0,5298.0,3747.5,39904.0,8.0,,,,76684.2,627802.0,39832.0,76684.2,627802.0,,39832.0,,,7.794,,,148.9,160.9,,668903.0,SPP,
2024,2050,City of Bowie - (TX),M,Municipal,Y,1.0,TX,,,,,,,,,,,,,,,,,,74375.0,,,,,,,,,,,,
2024,2054,City of Bowling Green - (OH),M,Municipal,,1.0,OH,15168.0,98734.0,13068.0,8743.0,59356.0,1703.0,38396.0,360103.0,79.0,,,,62307.0,518193.0,14850.0,62307.0,518193.0,459202.0,13.0,,,,20.874,0.149,102.1,78.5,,539046.0,RFC,
2024,2056,City of Bowling Green - (KY),M,Municipal,,1.0,KY,33332.0,290316.0,27181.0,49271.0,465487.0,5331.0,7663.0,108410.0,5.0,0.0,0.0,0.0,90266.0,864213.0,32517.0,90266.0,864213.0,896730.0,0.0,,6.0,,72.92,0.747,195.7,156.3,0.0,891634.0,SERC,
2024,2064,Town of Boyce,M,Municipal,Y,1.0,LA,,,,,,,,,,,,,,,,,,,,,,,,,,,,,,
2024,2086,Town of Boylston - (MA),M,Municipal,Y,1.0,MA,,,,,,,,,,,,,,,,,,,2409.0,,,,,,,,,,,
2024,2089,Bozrah Light & Power Company,M,Municipal,,1.0,CT,4696.0,24294.0,2434.0,1704.0,8162.0,381.0,17288.0,179941.0,15.0,0.0,0.0,0.0,23688.0,212397.0,2830.0,23688.0,212397.0,166038.0,8.0,,,,277.87,1.03,31.9,28.0,,216083.0,NPCC,297.0
2024,2120,Village of Brainard - (NE),M,Municipal,Y,1.0,NE,,,,,,,,,,,,,,,,,,,228.0,,,,,,,,,,,
2024,2128,Village of Bradner - (OH),M,Municipal,Y,1.0,OH,,,,,,,,,,,,,,,,,,,,,,,,,,,,,,
2024,2135,City of Brady - (TX),M,Municipal,Y,1.0,TX,,,,,,,,,,,,,,,,,,57116.0,32.0,,,,,,,,,,,
2024,2138,Brainerd Public Utilities,M,Municipal,,1.0,MN,6342.9,52218.0,6956.0,21007.2,278324.0,1349.0,0.0,0.0,0.0,,,,27350.1,330542.0,8305.0,27350.1,330542.0,338850.0,,,,,95.76,0.97,44.0,23.0,9203.0,321339.0,MRO,
2024,2144,Town of Braintree - (MA),M,Municipal,,1.0,MA,18800.0,119085.0,14039.0,31028.0,185048.0,2725.0,2774.0,18339.0,5.0,,,,52602.0,322472.0,16769.0,52602.0,322472.0,339241.0,,,,3.093,2.53,0.04,76.5,58.8,23330.0,277070.0,NPCC,
2024,2152,Powerex Corporation,W,Wholesale Power Marketer,,,,,,,,,,,,,,,,,,,,,,,,,,,,,,,7467302.0,WECC,
2024,2182,City of Breckenridge- (MN),M,Municipal,Y,1.0,MN,,,,,,,,,,,,,,,,,,,,,,,,,,,,,,
2024,2183,City of Breda - (IA),M,Municipal,Y,1.0,IA,,,,,,,,,,,,,,,,,,,304.0,,,,,,,,,,,
2024,2188,City of Breese - (IL),M,Municipal,Y,1.0,IL,,,,,,,,,,,,,,,,,,,2570.0,,,,,,,,,,,
2024,2192,Bremen Electric Light & Power Co,M,Municipal,Y,1.0,IN,,,,,,,,,,,,,,,,,,,2020.0,,1.0,,,,,,,,,
2024,2194,City of Brenham - (TX),M,Municipal,,1.0,TX,8234.0,77840.0,6059.0,7280.3,79152.0,1359.0,8949.1,116218.0,24.0,,,,24463.4,273210.0,7442.0,24463.4,273210.0,,7388.0,,,0.334,,,63.0,57.0,,285696.0,TRE,
2024,2205,Village of Brewster - (OH),M,Municipal,Y,1.0,OH,,,,,,,,,,,,,,,,,,53488.0,,,,,,,,,,,,
2024,2206,City of Brewster - (MN),M,Municipal,Y,1.0,MN,,,,,,,,,,,,,,,,,,,268.0,,,,,,,,,,,
2024,2210,City of Bridgeport - (TX),M,Municipal,Y,1.0,TX,,,,,,,,,,,,,,,,,,56738.0,,,,,,,,,,,,
2024,2212,"Broad River Electric Coop, Inc",C,Cooperative,,8.0,"NC,SC",47589.700000000004,299198.0,23622.0,6439.8,43868.0,1305.0,6367.9,76605.0,11.0,,,,60397.4,419671.0,24938.0,60397.40000000001,419671.0,,24938.0,,482.0,7.64,,,89.5,125.0,,445249.0,SERC,
2024,2215,"Bridger Valley Elec Assn, Inc",C,Cooperative,Y,5.0,"UT,WY",,,,,,,,,,,,,,,,,,108460.0,4.0,,,,,,,,,,,
2024,2220,Brigham City Corporation,M,Municipal,Y,1.0,UT,,,,,,,,,,,,,,,,,,,8642.0,,,,,,,,,,,
2024,2236,Town of Brinson - (GA),M,Municipal,Y,1.0,GA,,,,,,,,,,,,,,,,,,,,,,,,,,,,,,
2024,2247,City of Bristol - (TN),M,Municipal,,1.0,TN,48093.0,444739.0,29622.0,37814.0,310905.0,4812.0,7205.0,105803.0,8.0,0.0,0.0,0.0,93112.0,861447.0,34442.0,93112.0,861447.0,449499.0,12267.0,,4.0,,545.49,2.779,168.4,251.8,0.0,904031.0,SERC,
2024,2248,Bristol Virginia Utilities,M,Municipal,,3.0,VA,21515.0,195777.0,13633.0,20643.0,178798.0,2849.0,4749.0,71743.0,3.0,0.0,0.0,0.0,46907.0,446318.0,16485.0,46907.0,446318.0,462803.0,0.0,,2.0,,530.395,7.579,87.2,122.2,0.0,464459.0,SERC,
2024,2268,Town of Braman - (OK),M,Municipal,Y,1.0,OK,,,,,,,,,,,,,,,,,,,,,,,,,,,,,,
2024,2270,City of Bronson,M,Municipal,Y,1.0,KS,,,,,,,,,,,,,,,,,,,125.0,,,,,,,,,,,
2024,2272,Village of Brocton - (NY),M,Municipal,Y,1.0,NY,,,,,,,,,,,,,,,,,,,867.0,,,,,,,,,,,
2024,2273,Brodhead Water & Lighting Comm,M,Municipal,,2.0,WI,1668.1,12628.0,1545.0,1651.7,13944.0,311.0,494.2,4248.0,1.0,0.0,0.0,0.0,3814.0,30820.0,1857.0,3814.0,30820.0,32663.0,0.0,,51.0,0.332,,,7.9,6.2,0.0,32132.0,MISO,
2024,2277,City of Broken Bow - (NE),M,Municipal,Y,1.0,NE,,,,,,,,,,,,,,,,,,,2706.0,,,,,,,,,,,
2024,2285,City of Brookings - (SD),M,Municipal,,1.0,SD,11361.0,102150.0,10544.0,4460.0,38506.0,1597.0,14740.0,180336.0,168.0,0.0,0.0,0.0,30561.0,320992.0,12309.0,30561.0,320992.0,11.0,12252.0,,,,10.568,0.135,62.1,56.4,,331783.0,MRO,1217.814
2024,2287,City of Brooklyn - (IA),M,Municipal,Y,1.0,IA,,,,,,,,,,,,,,,,,,,816.0,,,,,,,,,,,
2024,2289,Town of Brooklyn,M,Municipal,Y,1.0,IN,,,,,,,,,,,,,,,,,,,,,,,,,,,,,,
2024,2304,Town of Brookston - (IN),M,Municipal,Y,1.0,IN,,,,,,,,,,,,,,,,,,,748.0,,,,,,,,,,,
2024,2316,Brown County Rural Elec Assn,C,Cooperative,Y,8.0,MN,,,,,,,,,,,,,,,,,,133375.0,,,6.0,,,,,,,,,
2024,2354,Brown-Atchison E C A Inc,C,Cooperative,Y,6.0,KS,,,,,,,,,,,,,,,,,,50907.0,,,,,,,,,,,,
2024,2394,Burke-Divide Electric Coop Inc,C,Cooperative,,6.0,ND,3130.0,39715.0,1789.0,1544.0,14244.0,349.0,19542.0,159041.0,1357.0,,,,24216.0,213000.0,3495.0,24216.0,213000.0,212737.0,5.0,,,0.048,,,26.4,38.4,,224122.0,MRO,
2024,2404,City of Brownfield - (TX),M,Municipal,Y,1.0,TX,,,,,,,,,,,,,,,,,,,,,,,,,,,,,,
2024,2409,Brownsville Public Utilities Board,M,Municipal,,1.0,TX,81913.0,644833.0,48146.0,87336.0,685671.0,6566.0,0.0,0.0,0.0,0.0,0.0,0.0,169249.0,1330504.0,54712.0,169249.0,1330504.0,47687.0,58527.0,,,18.454,160.78,2.832,305.2,303.4,559179.0,1485948.0,TRE,
2024,2411,City of Brownsville,M,Municipal,,1.0,TN,5728.0,50123.0,4067.0,6976.0,57247.0,1351.0,4884.0,75259.0,3.0,0.0,0.0,0.0,17588.0,182629.0,5421.0,17588.0,182629.0,80680.0,5418.0,,5.0,,,,39.0,26.7,0.0,187505.0,SERC,
2024,2412,City of Brownton - (MN),M,Municipal,Y,1.0,MN,,,,,,,,,,,,,,,,,,4783.0,,,,,,,,,,,,
2024,2423,City of Brundidge - (AL),M,Municipal,Y,1.0,AL,,,,,,,,,,,,,,,,,,49024.0,,,,,,,,,,,,
2024,2439,City of Bryan - (OH),M,Municipal,Y,1.0,OH,,,,,,,,,,,,,,,,,,84215.0,,,11.0,,,,,,,,,
2024,2442,City of Bryan - (TX),M,Municipal,,3.0,TX,89811.0,788907.0,58284.0,63628.0,665412.0,10387.0,12856.0,161336.0,14.0,0.0,,,166295.0,1615655.0,68685.0,166295.0,1615655.0,1684340.0,,,30.0,14.623999999999999,,,386.6,376.5,151424.0,2136427.0,TRE,940.395
2024,2448,City of Bryant - (SD),M,Municipal,Y,1.0,SD,,,,,,,,,,,,,,,,,,,,,,,,,,,,,,
2024,2469,Buckeye Water C&D District,P,Political Subdivision,Y,1.0,AZ,,,,,,,,,,,,,,,,,,,,,,,,,,,,,,
2024,2481,Cargill Power Markets LLC,W,Wholesale Power Marketer,,,,,,,,,,,,,,,,,,,,,,,,,,,,,,,,MRO,
2024,2485,City of Buffalo - (MN),M,Municipal,Y,1.0,MN,,,,,,,,,,,,,,,,,,1137.0,0.0,,,,,,,,,,,
2024,2487,City of Buford,M,Municipal,,2.0,GA,5277.0,39567.0,2985.0,10335.8,74983.0,1049.0,10169.3,99548.0,26.0,,,,25782.1,214098.0,4060.0,25782.1,214098.0,1661.0,4622.0,,,0.164,,,47.1,39.9,,221620.0,SERC,
2024,2491,City of Buhl - (MN),M,Municipal,Y,1.0,MN,,,,,,,,,,,,,,,,,,,,,,,,,,,,,,
2024,2502,"Buckeye Rural Elec Coop, Inc",C,Cooperative,,9.0,OH,40808.7,205052.0,16349.0,4352.6,18933.0,2265.0,1548.3,9523.0,88.0,,,,46709.6,233508.0,18702.0,46709.6,233508.0,252210.0,,,,,2912.663,4.173,64.9,57.6,,251331.0,RFC,
2024,2507,City of Burbank Water and Power,M,Municipal,,1.0,CA,49794.0,258668.0,46157.0,123658.0,683972.0,6998.0,,,,,,,173452.0,942640.0,53155.0,173452.0,942640.0,991598.0,113.0,,5871.0,33.132000000000005,,,263.0,134.0,468620.0,852354.0,WECC,7782.816
2024,2534,City of Burke - (SD),M,Municipal,Y,1.0,SD,,,,,,,,,,,,,,,,,,,,,,,,,,,,,,
2024,2545,City of Burley - (ID),M,Municipal,Y,2.0,ID,,,,,,,,,,,,,,,,,,,5296.0,,,,,,,,,,,
2024,2547,City of Burlingame - (KS),M,Municipal,Y,1.0,KS,,,,,,,,,,,,,,,,,,,675.0,,,,,,,,,,,
2024,2548,City of Burlington Electric - (VT),M,Municipal,,1.0,VT,16987.2,89954.0,17861.0,29791.2,167696.0,3972.0,8909.2,64937.0,9.0,0.0,0.0,0.0,55687.6,322587.0,21842.0,55687.600000000006,322587.0,340605.0,464.0,,393.0,12.027999999999999,,,60.4,46.5,128383.0,210049.0,NPCC,1249.0
2024,2550,City of Burlington - (CO),M,Municipal,Y,1.0,CO,,,,,,,,,,,,,,,,,,,,,,,,,,,,,,
2024,2551,City of Burlington - (KS),M,Municipal,Y,1.0,KS,,,,,,,,,,,,,,,,,,32000.0,,,,,,,,,,,,
2024,2553,City of Burlington - (OK),M,Municipal,Y,1.0,OK,,,,,,,,,,,,,,,,,,,,,,,,,,,,,,
2024,2559,City of Burnet - (TX),M,Municipal,Y,1.0,TX,,,,,,,,,,,,,,,,,,91160.0,,,,,,,,,,,,
2024,2599,Burt County Public Power Dist,P,Political Subdivision,Y,6.0,NE,,,,,,,,,,,,,,,,,,94859.0,,,,,,,,,,,,
2024,2600,City of Burt,M,Municipal,Y,1.0,IA,,,,,,,,,,,,,,,,,,,307.0,,,,,,,,,,,
2024,2609,City of Burwell - (NE),M,Municipal,Y,1.0,NE,,,,,,,,,,,,,,,,,,,738.0,,,,,,,,,,,
2024,2633,City of Bushnell - (FL),M,Municipal,Y,1.0,FL,,,,,,,,,,,,,,,,,,,,,,,,,,,,,,
2024,2634,City of Bushnell - (IL),M,Municipal,Y,1.0,IL,,,,,,,,,,,,,,,,,,0.0,1328.0,,,,,,,,,,,
2024,2641,"Butler Rural El Coop Assn, Inc - (KS)",C,Cooperative,Y,7.0,KS,,,,,,,,,,,,,,,,,,165178.0,,,7805.0,,,,,,,,,
2024,2643,Butler Public Power District - (NE),P,Political Subdivision,,2.0,NE,7292.0,65668.0,4774.0,3606.0,38920.0,610.0,9492.0,107000.0,1184.0,0.0,0.0,0.0,20390.0,211588.0,6568.0,20390.0,211588.0,218156.0,,,,0.746,,,52.5,37.2,,223358.0,MRO,516.068
2024,2647,City of Butler - (MO),M,Municipal,Y,1.0,MO,,,,,,,,,,,,,,,,,,45853.0,,,,,,,,,,,,
2024,2650,Borough of Butler - (NJ),M,Municipal,Y,2.0,NJ,,,,,,,,,,,,,,,,,,166994.0,,,,,,,,,,,,
2024,2651,Butler Rural Electric Coop Inc - (OH),C,Cooperative,,5.0,"IN,OH",32898.0,181115.0,11374.0,2524.0,15520.0,463.0,1712.0,13828.0,8.0,,,,37134.0,210463.0,11845.0,37134.0,210463.0,222308.0,,,8.0,3.4480000000000004,226.91,2.06,47.6,52.6,,220025.0,RFC,
2024,2652,Butler County Rural Elec Coop - (IA),C,Cooperative,,7.0,IA,9793.6,63458.0,3898.0,8.1,21.0,10.0,18578.3,213587.0,1202.0,,,,28380.0,277066.0,5110.0,28380.0,277066.0,283763.0,7.0,,,0.056,85.668,0.748,51.7,46.4,478.0,315177.0,MRO,
2024,2655,"Butte Electric Coop, Inc",C,Cooperative,Y,3.0,SD,,,,,,,,,,,,,,,,,,123244.0,,,18.0,,,,,,,,,
2024,2678,C & L Electric Coop Corp,C,Cooperative,,9.0,AR,33414.0,251978.0,20000.0,12694.0,98700.0,2251.0,1569.0,15968.0,10.0,,,,47677.0,366646.0,22261.0,47677.0,366646.0,,22261.0,18.0,,11.8,,,104.2,118.7,,383594.0,SPP,
2024,2726,City of Cabool - (MO),M,Municipal,Y,1.0,MO,,,,,,,,,,,,,,,,,,38355.0,,,,,,,,,,,,
2024,2759,Village of Cadott - (WI),M,Municipal,Y,1.0,WI,,,,,,,,,,,,,,,,,,,,,,,,,,,,,,
2024,2773,City of Cairo - (GA),M,Municipal,Y,1.0,GA,,,,,,,,,,,,,,,,,,136091.0,0.0,,,,,,,,,,,
2024,2774,CMS Electric Coop Inc,C,Cooperative,,10.0,KS,4896.8,26157.0,3198.0,12966.9,92459.0,2601.0,7062.2,84042.0,86.0,,,,24925.9,202658.0,5885.0,24925.9,202658.0,,5885.0,,,,,,38.8,31.2,,209071.0,SPP,
2024,2776,Cairo Public Utility Company,M,Municipal,Y,2.0,IL,,,,,,,,,,,,,,,,,,,1.0,,,,,,,,,,,
2024,2800,City of Caldwell,M,Municipal,Y,1.0,TX,,,,,,,,,,,,,,,,,,,,,,,,,,,,,,
2024,2809,City of Callender - (IA),M,Municipal,Y,1.0,IA,,,,,,,,,,,,,,,,,,,,,,,,,,,,,,
2024,2810,City of Caledonia - (MN),M,Municipal,Y,1.0,MN,,,,,,,,,,,,,,,,,,,1680.0,,,,,,,,,,,
2024,2812,City of Calhoun - (GA),M,Municipal,,1.0,GA,7020.6,50099.0,4944.0,10250.6,71728.0,1290.0,21020.4,238785.0,20.0,,,,38291.6,360612.0,6254.0,38291.600000000006,360612.0,366866.0,,,,0.314,123.71,0.85,67.6,62.6,,406877.0,SERC,
2024,2821,City of Caliente - (NV),M,Municipal,Y,1.0,NV,,,,,,,,,,,,,,,,,,,,,,,,,,,,,,
2024,2830,Calpine Power America LLC,R,Retail Power Marketer,,,,,,,60746.0,1286540.0,4.0,6582.0,198236.0,2.0,,,,67328.0,1484776.0,6.0,67328.0,1484776.0,,,,2.0,,,,,,,1484776.0,TRE,
2024,2849,Central Electric Power Assn - (MS),C,Cooperative,,6.0,MS,57602.0,471500.0,30905.0,34555.0,265696.0,8062.0,13292.0,191348.0,8.0,0.0,0.0,0.0,105449.0,928544.0,38975.0,105449.0,928544.0,240387.82,38967.0,,6.0,,,,205.9,234.7,0.0,970020.0,SERC,
2024,2851,City of California - (MO),M,Municipal,Y,1.0,MO,,,,,,,,,,,,,,,,,,,2394.0,,,,,,,,,,,
2024,2857,Calpine Energy Services LP,W,Wholesale Power Marketer,,,,,,,,,,,,,,,,,,,,,,,,,,,,,,,133332786.0,,
2024,2859,Village of Callaway - (NE),M,Municipal,Y,1.0,NE,,,,,,,,,,,,,,,,,,,,,,,,,,,,,,
2024,2888,City of Cambridge - (NE),M,Municipal,Y,1.0,NE,,,,,,,,,,,,,,,,,,,,,,,,,,,,,,
2024,2890,City of Camden,M,Municipal,Y,3.0,SC,,,,,,,,,,,,,,,,,,,11673.0,,,,,,,,,,,
2024,2900,City of Cameron,M,Municipal,Y,2.0,MO,,,,,,,,,,,,,,,,,,79965.0,,,,,,,,,,,,
2024,2903,Canoochee Electric Member Corp,C,Cooperative,,9.0,GA,45716.1,326992.0,24180.0,9207.3,100438.0,450.0,7201.1,67944.0,846.0,,,,62124.5,495374.0,25476.0,62124.49999999999,495374.0,153113.0,11705.0,,,4.06,,,121.0,132.0,,519334.0,SERC,
2024,2910,City of Camilla,M,Municipal,Y,1.0,GA,,,,,,,,,,,,,,,,,,,,,,,,,,,,,,
2024,2911,"Canadian Valley Elec Coop, Inc",C,Cooperative,,10.0,OK,44985.1,377977.0,24605.0,21560.1,216425.0,2745.0,13420.1,223000.0,11.0,,,,79965.3,817402.0,27361.0,79965.3,817402.0,844763.0,,,,,590.664,1.559,182.0,216.0,,866392.0,SPP,
2024,2931,Village of Campbell - (NE),M,Municipal,Y,1.0,NE,,,,,,,,,,,,,,,,,,,,,,,,,,,,,,
2024,2955,Canby Utility Board,M,Municipal,Y,1.0,OR,,,,,,,,,,,,,,,,,,67273.0,6031.0,,,,,,,,,,,
2024,2960,"Caney Fork Electric Coop, Inc",C,Cooperative,,8.0,TN,53128.0,412293.0,29631.0,21314.0,135795.0,6254.0,4498.0,65012.0,3.0,0.0,0.0,0.0,78940.0,613100.0,35888.0,78940.0,613100.0,648988.0,0.0,,2.0,,,,143.1,193.7,0.0,645009.0,SERC,
2024,2961,"Caney Valley El Coop Assn, Inc",C,Cooperative,Y,5.0,KS,,,,,,,,,,,,,,,,,,64935.0,,,,,,,,,,,,
2024,2964,Cannelton Utilities,M,Municipal,Y,1.0,IN,,,,,,,,,,,,,,,,,,,,,,,,,,,,,,
2024,2974,Canton Municipal Utilities,M,Municipal,Y,1.0,MS,,,,,,,,,,,,,,,,,,75900.0,,,,,,,,,,,,
2024,2982,Cape Hatteras Elec Member Corp,C,Cooperative,Y,1.0,NC,,,,,,,,,,,,,,,,,,138861.0,,,,,,,,,,,,
2024,2985,"Capital Electric Coop, Inc",C,Cooperative,,5.0,ND,29185.8,237167.0,19530.0,15458.3,147812.0,2935.0,139.8,1096.0,61.0,,,,44783.9,386075.0,22526.0,44783.9,386075.0,408601.0,,1134.0,22526.0,,,,89.1,86.7,,402177.0,MRO,
2024,2986,"Cam Wal Electric Coop, Inc",C,Cooperative,Y,3.0,SD,,,,,,,,,,,,,,,,,,,2586.0,,,,,,,,,,,
2024,2998,"Carbon Power & Light, Inc",C,Cooperative,Y,2.0,WY,,,,,,,,,,,,,,,,,,126621.0,,,519.0,,,,,,,,,
2024,3008,Village of Carey - (OH),M,Municipal,Y,1.0,OH,,,,,,,,,,,,,,,,,,92992.0,0.0,,,,,,,,,,,
2024,3029,City of Carlisle- (IA),M,Municipal,Y,1.0,IA,,,,,,,,,,,,,,,,,,,1578.0,,,,,,,,,,,
2024,3037,City of Carlyle - (IL),M,Municipal,Y,1.0,IL,,,,,,,,,,,,,,,,,,32910.0,,,,,,,,,,,,
2024,3040,City of Carmi - (IL),M,Municipal,Y,1.0,IL,,,,,,,,,,,,,,,,,,49095.0,0.0,,,,,,,,,,,
2024,3046,Duke Energy Progress - (NC),I,Investor Owned,,69.0,"NC,SC",2839030.8000000003,18351079.0,1499792.0,1739319.1,15332194.0,250586.0,737637.2,9601562.0,3197.0,0.0,0.0,0.0,5315987.1,43284835.0,1753575.0,5315987.100000001,43284835.0,44149107.0,8696.0,243718.0,57646.0,488.6600000000001,1032.875,1.698,12832.0,12974.0,61874628.0,9388807.0,SERC,330099.995
2024,3075,Carroll County - (TN),M,Municipal,,3.0,TN,21176.0,177621.0,12344.0,13035.0,107426.0,3225.0,10065.0,194048.0,2.0,0.0,0.0,0.0,44276.0,479095.0,15571.0,44276.0,479095.0,494666.0,0.0,,1.0,,,,97.3,97.7,0.0,496495.0,SERC,
2024,3076,"Carroll Electric Coop, Inc - (OH)",C,Cooperative,Y,6.0,OH,,,,,,,,,,,,,,,,,,163836.0,,,,,,,,,,,,
2024,3081,Carroll Electric Member Corp - (GA),C,Cooperative,,7.0,GA,102625.0,767238.0,53299.0,18018.0,139499.0,2851.0,20373.0,274301.0,40.0,,,,141016.0,1181038.0,56190.0,141016.0,1181038.0,1237228.0,,,,4.824,159.02,1.614,251.6,324.8,,1225552.0,SERC,
2024,3082,Carrollton Board of Public Wks,M,Municipal,Y,1.0,MO,,,,,,,,,,,,,,,,,,,1436.0,,,,,,,,,,,
2024,3093,Carroll Electric Coop Corp - (AR),C,Cooperative,,11.0,"AR,MO",178342.0,1450653.0,113263.0,48653.0,469710.0,7928.0,27686.0,364278.0,52.0,0.0,0.0,0.0,254681.0,2284641.0,121243.0,254681.0,2284641.0,2246030.0,3.0,,,38.757999999999996,1099.13,3.235,548.0,658.0,,2413387.0,SPP,
2024,3107,Carteret-Craven El Member Corp,C,Cooperative,,4.0,NC,57043.6,469633.0,38858.0,14648.0,139243.0,4278.0,,,,,,,71691.6,608876.0,43136.0,71691.6,608876.0,652551.0,,340.0,76.0,,104.452,1.256,201.9,191.3,,630714.0,SERC,2245.303
2024,3108,City of Cartersville - (GA),M,Municipal,,1.0,GA,12657.8,86931.0,6711.0,29442.0,231703.0,1468.0,18542.7,261013.0,5.0,,,,60642.5,579647.0,8184.0,60642.5,579647.0,10166.0,8031.0,,4.0,0.846,,,108.0,91.4,,606955.0,SERC,
2024,3111,Cass Electric Coop,C,Cooperative,Y,2.0,IA,,,,,,,,,,,,,,,,,,,,,,,,,,,,,,
2024,3113,City of Carthage - (MO),M,Municipal,,1.0,MO,11087.0,78868.0,7106.0,7504.0,61500.0,1119.0,13494.0,139595.0,26.0,,,,32085.0,279963.0,8251.0,32085.0,279963.0,288214.0,,,,1.274,243.432,3.365,65.0,50.0,0.0,289913.0,SPP,
2024,3136,City of Cascade Locks - (OR),M,Municipal,Y,2.0,OR,,,,,,,,,,,,,,,,,,,1064.0,,,,,,,,,,,
2024,3137,Cascade Municipal Utilities,M,Municipal,Y,2.0,IA,,,,,,,,,,,,,,,,,,,,,,,,,,,,,,
2024,3138,"Cavalier Rural Elec Coop, Inc",C,Cooperative,Y,2.0,ND,,,,,,,,,,,,,,,,,,,2045.0,,,,,,,,,,,
2024,3153,City of Casey - (IL),M,Municipal,Y,1.0,IL,,,,,,,,,,,,,,,,,,27.0,1815.0,,,,,,,,,,,
2024,3156,Village of Cashton - (WI),M,Municipal,Y,1.0,WI,,,,,,,,,,,,,,,,,,,648.0,,,,,,,,,,,
2024,3164,Village of Castile - (NY),M,Municipal,Y,1.0,NY,,,,,,,,,,,,,,,,,,,634.0,,,,,,,,,,,
2024,3168,City of Castroville - (TX),M,Municipal,Y,1.0,TX,,,,,,,,,,,,,,,,,,1975.0,,,,,,,,,,,,
2024,3170,Borough of Catawissa,M,Municipal,Y,1.0,PA,,,,,,,,,,,,,,,,,,,,,,,,,,,,,,
2024,3186,City of Cavalier - (ND),M,Municipal,Y,1.0,ND,,,,,,,,,,,,,,,,,,,874.0,,,,,,,,,,,
2024,3191,City of Cawker City - (KS),M,Municipal,Y,1.0,KS,,,,,,,,,,,,,,,,,,,,,,,,,,,,,,
2024,3203,Cedar Falls Utilities,M,Municipal,,3.0,IA,17475.7,167715.0,17772.0,28074.5,492516.0,2226.0,4760.0,65608.0,248.0,,,,50310.2,725839.0,20246.0,50310.2,725839.0,541274.0,7722.0,4.0,,5.193,,,135.0,106.8,198535.0,740696.0,MRO,1277.545
2024,3205,Cedar-Knox Public Power Dist,P,Political Subdivision,,5.0,NE,7787.6,92243.0,5556.0,9255.8,132351.0,774.0,5323.5,41841.0,1373.0,,,,22366.9,266435.0,7703.0,22366.9,266435.0,272016.0,2.0,781.0,,0.10200000000000001,,,74.8,47.9,,290511.0,MRO,494.646
2024,3208,Cedarburg Light & Water Comm,M,Municipal,,1.0,WI,5802.9,45697.0,6063.0,5275.1,48200.0,948.0,920.7,11847.0,1.0,0.0,0.0,0.0,11998.7,105744.0,7012.0,11998.7,105744.0,112287.0,4.0,,128.0,1.6320000000000001,,,26.2,17.6,0.0,108962.0,MISO,
2024,3216,City of Celina - (OH),M,Municipal,,2.0,OH,9047.0,99237.0,7557.0,8288.0,72386.0,897.0,6163.0,84539.0,14.0,,,,23498.0,256162.0,8468.0,23498.0,256162.0,8468.0,8468.0,,,,,,50.0,41.0,,256872.0,RFC,
2024,3222,Central Alabama Electric Coop,C,Cooperative,,10.0,AL,104651.0,628803.0,45036.0,13856.0,100391.0,2380.0,1088.0,8952.0,4.0,,,,119595.0,738146.0,47420.0,119595.0,738146.0,785566.0,,102.0,2.0,1.206,295.88,,182.4,272.4,,768935.0,SERC,
2024,3226,"Central Rural Electric Cooperative, Inc",C,Cooperative,,8.0,OK,41022.6,354953.0,19650.0,27309.2,247180.0,4948.0,1469.8,12052.0,4.0,,,,69801.6,614185.0,24602.0,69801.6,614185.0,627482.0,593.0,,2.0,4.255,198.728,1.3,138.4,173.6,,649183.0,,
2024,3227,City of Center - (CO),M,Municipal,Y,2.0,CO,,,,,,,,,,,,,,,,,,,906.0,,,,,,,,,,,
2024,3230,Town of Centerville - (IN),M,Municipal,Y,1.0,IN,,,,,,,,,,,,,,,,,,,,,,,,,,,,,,
2024,3235,City of Central City,M,Municipal,Y,1.0,NE,,,,,,,,,,,,,,,,,,0.0,335.0,,,,,,,,,,,
2024,3236,"Central Electric Coop, Inc - (SD)",C,Cooperative,,8.0,SD,15642.9,114649.0,6483.0,3572.2,28131.0,688.0,17683.4,205072.0,180.0,0.0,0.0,0.0,36898.5,347852.0,7351.0,36898.5,347852.0,,7351.0,,,,,,66.6,85.1,,357678.0,MRO,
2024,3240,Central Electric Coop Inc - (OR),C,Cooperative,,6.0,OR,55629.6,570582.0,34562.0,10862.9,139184.0,3193.0,7774.7,107080.0,1109.0,0.0,0.0,0.0,74267.2,816846.0,38864.0,74267.2,816846.0,855711.0,1.0,,,14.172,,,162.3,255.8,,863788.0,,1815.0
2024,3242,Central Electric Power Coop - (MO),C,Cooperative,,,,,,,,,,,,,,,,,,,,,,,,,,,,892.4,1115.8,,3864746.0,SERC,
2024,3245,"Central Florida Elec Coop, Inc",C,Cooperative,,6.0,FL,56144.0,412201.0,32771.0,12861.0,104426.0,3312.0,6903.0,72824.0,911.0,,,,75908.0,589451.0,36994.0,75908.0,589451.0,626302.0,14.0,,365.0,4.22,4439.851,4.767,143.9,136.0,,620300.0,FRCC,110.168
2024,3248,Central Georgia El Member Corp,C,Cooperative,,16.0,GA,114965.0,939245.0,61155.0,22756.0,203992.0,5873.0,23748.0,334806.0,107.0,,,,161469.0,1478043.0,67135.0,161469.0,1478043.0,1541732.0,436.0,3706.0,10.0,7.005000000000001,128.155,1.681,345.0,389.0,,1523845.0,SERC,126.088
2024,3249,Central Hudson Gas & Elec Corp,I,Investor Owned,,7.0,NY,517033.0,2167787.0,270859.0,239328.0,2009494.0,49472.0,31443.0,840758.0,861.0,0.0,0.0,0.0,787804.0,5018039.0,321192.0,787804.0,5018039.0,171420.0,319490.0,3434.0,1696.0,679.658,349.5,1.6,1103.0,912.0,60421.0,3056122.0,NPCC,32978.0
2024,3250,Central Electric Membership Corp. - (NC),C,Cooperative,,5.0,NC,48766.4,340189.0,22071.0,6794.3,54410.0,2541.0,3639.4,46520.0,14.0,,,,59200.1,441119.0,24626.0,59200.100000000006,441119.0,,24626.0,,3.0,,442.541,,104.1,130.9,,449451.0,SERC,
2024,3255,California Dept. of Water Resources,S,State,,,,,,,,,,,,,,,,,,,,,,,,,,,,1433.0,1392.0,4689957.0,869541.0,WECC,
2024,3258,Central Iowa Power Cooperative,C,Cooperative,,,,,,,,,,,,,,,,,,,,,,,,,,,,661.3,581.4,878798.0,1741048.0,MRO,
2024,3264,Central Lincoln People's Ut Dt,P,Political Subdivision,,4.0,OR,46668.3,426809.0,35904.0,16799.1,175177.0,5418.0,30122.3,592716.0,205.0,,,,93589.7,1194702.0,41527.0,93589.7,1194702.0,1233918.0,2.0,,,3.57,1482.454,2.63,187.3,224.3,,1227626.0,WECC,1635.46
2024,3265,Cleco Power LLC,I,Investor Owned,,24.0,LA,453519.0,3677934.0,251927.0,318698.0,2824748.0,42956.0,177175.0,2274844.0,502.0,,,,949392.0,8777526.0,295385.0,949392.0,8777526.0,9072122.0,58.0,,3106.0,53.574000000000005,,,2003.0,2777.0,9213374.0,92450.0,SPP,36328.38
2024,3266,Central Maine Power Co,I,Investor Owned,,14.0,ME,864098.0,3862592.0,577955.0,364053.0,3254330.0,77668.0,86322.0,1711085.0,1705.0,0.0,0.0,0.0,1314473.0,8828007.0,657328.0,1314473.0,8828007.0,8842191.0,3516.0,,5987.0,2909.178,1893.5,3.37,1643.0,1566.0,,5523425.0,NPCC,
2024,3268,Central Missouri Elec Coop Inc,C,Cooperative,,3.0,MO,22833.0,182465.0,11167.0,3406.5,30985.0,364.0,8177.7,113698.0,3.0,,,,34417.2,327148.0,11534.0,34417.2,327148.0,227176.0,1.0,,,2.632,95.4,0.893,68.5,81.5,,343985.0,SERC,
2024,3271,Central Nebraska Pub P&I Dist,P,Political Subdivision,,,,,,,,,,,,,,,,,,,,,,,,,,,,99.0,90.0,258988.0,767.0,MRO,
2024,3273,"Central New Mexico El Coop, Inc",C,Cooperative,,11.0,NM,23048.0,134301.0,19126.0,11664.0,51915.0,1647.0,6203.0,78907.0,249.0,,,,40915.0,265123.0,21022.0,40915.0,265123.0,286145.0,,,2093.0,37.346000000000004,,,39.5,40.3,,288870.0,WECC,
2024,3278,AEP Texas Central Company,I,Investor Owned,,44.0,TX,,,,,,,,,,,,,,,,,,29837487.0,402.0,319.0,,,228.5,1.634,,,,,TRE,48607.91
2024,3279,"Central Power Elec Coop, Inc",C,Cooperative,,,,,,,,,,,,,,,,,,,,,,,,,,,,369.3,501.2,,2632086.0,MRO,
2024,3282,"Central Texas Elec Coop, Inc",C,Cooperative,,11.0,TX,56175.7,509400.0,39569.0,8428.6,77510.0,4043.0,18625.7,278655.0,3981.0,,,,83230.0,865565.0,47593.0,83230.0,865565.0,913158.0,,,,12.5,145.8,1.9,202.2,270.8,,947965.0,,
2024,3287,"Central Valley Elec Coop, Inc",C,Cooperative,,4.0,NM,7730.9,86800.0,6150.0,5713.9,42791.0,4680.0,56364.1,782215.0,4395.0,,,,69808.9,911806.0,15225.0,69808.9,911806.0,926852.0,1.0,,,1.162,352.5,2.165,131.5,113.4,,956710.0,SPP,54.315
2024,3291,Central Virginia Electric Coop,C,Cooperative,,14.0,VA,80033.0,495787.0,34893.0,15784.0,112296.0,4652.0,10280.0,106787.0,28.0,,,,106097.0,714870.0,39573.0,106097.0,714870.0,,39573.0,,,14.719999999999999,351.0,2.61,226.0,161.0,,748726.0,SERC,
2024,3293,Central Wisconsin Elec Coop,C,Cooperative,Y,4.0,WI,,,,,,,,,,,,,,,,,,104771.0,0.0,,135.0,,,,,,,,,
2024,3294,City of Centralia - (KS),M,Municipal,Y,1.0,KS,,,,,,,,,,,,,,,,,,,,,,,,,,,,,,
2024,3295,City of Centralia - (WA),M,Municipal,,1.0,WA,12028.2,121687.0,9068.0,3836.5,32928.0,1557.0,10385.9,105963.0,134.0,,,,26250.6,260578.0,10759.0,26250.6,260578.0,,10759.0,,,2.326,179.941,0.96,43.4,62.7,33679.0,236349.0,WECC,
2024,3296,City of Centralia - (MO),M,Municipal,Y,1.0,MO,,,,,,,,,,,,,,,,,,30494.0,0.0,,,,,,,,,,,
2024,3314,"Chariton Valley Elec Coop, Inc",C,Cooperative,Y,7.0,IA,,,,,,,,,,,,,,,,,,101572.0,,,,,,,,,,,,
2024,3315,"Charles Mix Electric Assn, Inc",C,Cooperative,Y,4.0,SD,,,,,,,,,,,,,,,,,,,2660.0,,,,,,,,,,,
2024,3323,Town of Chalmers - (IN),M,Municipal,Y,1.0,IN,,,,,,,,,,,,,,,,,,,353.0,,,,,,,,,,,
2024,3329,Borough of Chambersburg,M,Municipal,,1.0,PA,11653.3,97501.0,9914.0,12992.2,119572.0,1783.0,9324.8,107070.0,21.0,0.0,0.0,0.0,33970.3,324143.0,11718.0,33970.3,324143.0,11718.0,11718.0,,1.0,0.366,18.04,0.51,67.5,56.5,26356.0,342883.0,RFC,
2024,3355,City of Chanute,M,Municipal,,1.0,KS,5622.0,43631.0,4556.0,4958.0,41735.0,917.0,14515.0,193791.0,94.0,,,,25095.0,279157.0,5567.0,25095.0,279157.0,5567.0,5567.0,,,,,,57.3,50.7,25263.0,344848.0,SPP,
2024,3356,City of Ceylon - (MN),M,Municipal,Y,1.0,MN,,,,,,,,,,,,,,,,,,2506.0,,,,,,,,,,,,
2024,3366,City of Chapman - (KS),M,Municipal,Y,1.0,KS,,,,,,,,,,,,,,,,,,,676.0,,,,,,,,,,,
2024,3373,City of Chappell - (NE),M,Municipal,Y,1.0,NE,,,,,,,,,,,,,,,,,,,776.0,,,,,,,,,,,
2024,3384,City of Charlevoix - (MI),M,Municipal,Y,1.0,MI,,,,,,,,,,,,,,,,,,,,,,,,,,,,,,
2024,3400,City of Chaska - (MN),M,Municipal,,1.0,MN,13849.6,85049.0,10954.0,27099.1,210864.0,1045.0,16147.9,124897.0,109.0,,,,57096.6,420810.0,12108.0,57096.6,420810.0,432357.0,4.0,,41.0,2.56,,,87.8,52.6,,431920.0,MRO,6158.9
2024,3405,Village of Chatham - (IL),M,Municipal,Y,1.0,IL,,,,,,,,,,,,,,,,,,,6470.0,,,,,,,,,,,
2024,3406,City of Chattahoochee - (FL),M,Municipal,Y,1.0,FL,,,,,,,,,,,,,,,,,,,,,,,,,,,,,,
2024,3408,City of Chattanooga - (TN),M,Municipal,,9.0,"GA,TN",287870.0,2337461.0,174783.0,260073.0,2189876.0,25757.0,82457.0,1276430.0,65.0,0.0,0.0,0.0,630400.0,5803767.0,200605.0,630400.0,5803767.0,6004372.0,0.0,,177.0,,,,1209.3,1321.0,0.0,6033679.0,SERC,
2024,3413,PUD No 1 of Chelan County,P,Political Subdivision,,4.0,WA,33049.1,900538.0,42120.0,19956.2,487575.0,6582.0,16128.5,470409.0,1435.0,,,,69133.8,1858522.0,50137.0,69133.8,1858522.0,1543488.0,4893.0,,27.0,1.202,174.05,0.962,292.0,583.0,7255782.0,4262094.0,WECC,11723.01
2024,3415,Village of Chelsea - (MI),M,Municipal,Y,1.0,MI,,,,,,,,,,,,,,,,,,,,,,,,,,,,,,
2024,3420,City of Cheney - (WA),M,Municipal,Y,1.0,WA,,,,,,,,,,,,,,,,,,26309.0,3938.0,,,,,,,,,,,
2024,3421,City of Chignik - (AK),M,Municipal,Y,1.0,AK,,,,,,,,,,,,,,,,,,,,,,,,,,,,,,
2024,3422,City of Chefornak,M,Municipal,Y,1.0,AK,,,,,,,,,,,,,,,,,,,,,,,,,,,,,,
2024,3426,Cherokee Electric Coop - (AL),C,Cooperative,,5.0,AL,38021.0,252438.0,18830.0,20730.0,118484.0,7734.0,3137.0,29752.0,2.0,0.0,0.0,0.0,61888.0,400674.0,26566.0,61888.0,400674.0,427240.0,0.0,,1.0,,,,99.3,126.0,0.0,431109.0,SERC,
2024,3435,"Cherry-Todd Electric Coop, Inc",C,Cooperative,Y,4.0,"NE,SD",,,,,,,,,,,,,,,,,,144512.0,,,,,,,,,,,,
2024,3436,Cherryland Electric Coop Inc,C,Cooperative,,6.0,MI,46240.3,282656.0,35100.0,13125.7,113954.0,3117.0,1188.9,9458.0,341.0,,,,60554.9,406068.0,38558.0,60554.9,406068.0,446278.0,,,,3.09,65.281,0.682,94.9,76.0,,437300.0,RFC,
2024,3437,City of Cherryville - (NC),M,Municipal,Y,1.0,NC,,,,,,,,,,,,,,,,,,51720.0,,,,,,,,,,,,
2024,3445,Village of Chester - (NE),M,Municipal,Y,1.0,NE,,,,,,,,,,,,,,,,,,,,,,,,,,,,,,
2024,3447,Town of Chester,M,Municipal,Y,2.0,MA,,,,,,,,,,,,,,,,,,,763.0,,,,,,,,,,,
2024,3454,City of Chetopa - (KS),M,Municipal,Y,1.0,KS,,,,,,,,,,,,,,,,,,,,,,,,,,,,,,
2024,3459,City of Chewelah,M,Municipal,Y,1.0,WA,,,,,,,,,,,,,,,,,,,1336.0,,,,,,,,,,,
2024,3461,Cheyenne Light Fuel & Power,I,Investor Owned,,2.0,WY,47383.0,279321.0,39954.0,155800.0,1742799.0,5434.0,14609.2,168031.0,2.0,0.0,0.0,0.0,217792.2,2190151.0,45390.0,217792.2,2190151.0,2234750.0,,,,18.168,33.407,0.495,309.0,314.0,787074.0,1623231.0,WECC,980.95
2024,3465,Chitina Electric Inc,I,Investor Owned,Y,1.0,AK,,,,,,,,,,,,,,,,,,,,,,,,,,,,,,
2024,3470,Cherokee County Elec Coop Assn - (TX),C,Cooperative,,4.0,TX,42747.0,286577.0,22026.0,8396.0,58533.0,1739.0,6949.0,124503.0,3.0,,,,58092.0,469613.0,23768.0,58092.0,469613.0,493381.0,2.0,,,4.214,2703.96,8.31,120.0,160.0,2481.0,511843.0,TRE,
2024,3475,City of Chickamauga,M,Municipal,,1.0,GA,1398.0,10264.0,831.0,1372.0,11428.0,142.0,0.0,0.0,0.0,0.0,0.0,0.0,2770.0,21692.0,973.0,2770.0,21692.0,22665.0,0.0,,,,,,5.4,5.0,0.0,24332.0,SERC,
2024,3477,City of Chicopee - (MA),M,Municipal,,1.0,MA,31462.1,194636.0,23218.0,20106.0,121635.0,2794.0,17334.7,121566.0,40.0,,,,68902.8,437837.0,26052.0,68902.8,437837.0,438073.0,547.0,,,3.793,10.53,0.209,94.9,76.5,497.0,356795.0,NPCC,1931.668
2024,3478,Cimarron Electric Coop,C,Cooperative,,9.0,OK,21038.0,177210.0,15258.0,41337.0,383554.0,4321.0,11162.0,177170.0,13.0,,,,73537.0,737934.0,19592.0,73537.0,737934.0,757526.0,,,,3.8379999999999996,79.6,0.889,149.1,123.7,,766365.0,SPP,
2024,3486,Chillicothe Municipal Utils,M,Municipal,Y,1.0,MO,,,,,,,,,,,,,,,,,,96925.0,,,,,,,,,,,,
2024,3495,Chimney Rock Public Power Dist,P,Political Subdivision,Y,5.0,NE,,,,,,,,,,,,,,,,,,,3321.0,,,,,,,,,,,
2024,3498,Chippewa Valley Electric Coop,C,Cooperative,Y,5.0,WI,,,,,,,,,,,,,,,,,,111268.0,,,47.0,,,,,,,,,
2024,3502,"Choctawhatche Elec Coop, Inc",C,Cooperative,,4.0,FL,109837.3,829925.0,57070.0,31435.6,270906.0,9407.0,1339.0,15545.0,2.0,0.0,0.0,0.0,142611.9,1116376.0,66479.0,142611.9,1116376.0,1002716.0,39.0,66479.0,820.0,10.55,278.328,1.596,268.6,313.2,,1163005.0,SERC,48.78
2024,3503,"Choptank Electric Cooperative, Inc",C,Cooperative,,9.0,MD,111393.4,676954.0,50697.0,35797.0,234147.0,6132.0,13602.0,122803.0,216.0,,,,160792.4,1033904.0,57045.0,160792.4,1033904.0,1089540.0,68.0,11.0,8.0,67.354,143.8,1.3,267.4,264.0,,1104835.0,RFC,
2024,3519,Central Minnesota Municipal Power Agency,P,Political Subdivision,,,,,,,,,,,,,,,,,,,,,,,,,,,,107.2,91.9,,430995.0,MRO,
2024,3522,Chugach Electric Assn Inc,C,Cooperative,,2.0,AK,125486.7,590921.0,97048.0,209672.6,1242359.0,16325.0,7514.7,52775.0,5.0,0.0,0.0,0.0,342674.0,1886055.0,113378.0,342674.0,1886055.0,1814381.0,34.0,,,10.745999999999999,209.045,1.986,284.0,339.0,2020794.0,354590.0,AK,
2024,3525,Village of Churchville - (NY),M,Municipal,Y,1.0,NY,,,,,,,,,,,,,,,,,,,1145.0,,,,,,,,,,,
2024,3527,Choctaw Electric Coop Inc,C,Cooperative,,6.0,OK,40176.0,304160.0,21483.0,9055.0,110863.0,315.0,5917.0,106593.0,2.0,,,,55148.0,521616.0,21800.0,55148.0,521616.0,436823.0,2.0,,,3.254,,,106.0,148.0,,539110.0,SPP,
2024,3535,City of Cimarron - (KS),M,Municipal,Y,1.0,KS,,,,,,,,,,,,,,,,,,0.0,1108.0,,,,,,,,,,,
2024,3542,Duke Energy Ohio Inc,I,Investor Owned,,23.0,OH,808413.5,7466279.0,693435.0,391104.5,7603442.0,64450.0,80719.8,4503969.0,1915.0,,,,1280237.8,19573690.0,759800.0,1280237.8,19573690.0,20013495.0,3277.0,,996.0,124.46600000000001,321.09,1.045,886.0,922.0,,4814484.0,RFC,
2024,3597,Citizens Electric Co - (PA),I,Investor Owned,,2.0,PA,11126.0,81723.0,5963.0,3231.0,25889.0,1171.0,1714.0,43289.0,40.0,0.0,0.0,0.0,16071.0,150901.0,7174.0,16071.0,150901.0,158075.0,,,,9.102,,,36.0,43.0,,120626.0,RFC,
2024,3600,Citizens Electric Corporation - (MO),C,Cooperative,,6.0,MO,44849.3,292472.0,24826.0,12151.0,90081.0,2817.0,80790.3,1286811.0,127.0,0.0,0.0,0.0,137790.6,1669364.0,27770.0,137790.6,1669364.0,527307.0,7.0,,,4.8,145.606,1.302,275.9,269.2,,1696865.0,SERC,
2024,3601,Boston Energy Trading and Marketing LLC,W,Wholesale Power Marketer,,,,,,,,,,,,,,,,,,,,,,,,,,,,,,,4831339.0,,
2024,3633,City of McLaughlin - (SD),M,Municipal,Y,1.0,SD,,,,,,,,,,,,,,,,,,,,,,,,,,,,,,
2024,3634,City of Nixa - (MO),M,Municipal,Y,1.0,MO,,,,,,,,,,,,,,,,,,,8328.0,,,,,,,,,,,
2024,3641,"Claiborne Electric Coop, Inc",C,Cooperative,,6.0,LA,37725.2,290221.0,21438.0,10363.8,80672.0,2638.0,24600.2,221528.0,99.0,,,,72689.2,592421.0,24175.0,72689.2,592421.0,616036.0,3.0,,,1.602,,,133.9,152.3,,617559.0,SERC,
2024,3644,PUD No 1 of Clallam County,P,Political Subdivision,,2.0,WA,54471.3,459616.0,30585.0,16940.2,174021.0,3494.0,1512.9,19771.0,1.0,,,,72924.4,653408.0,34080.0,72924.4,653408.0,416283.0,13929.0,,,10.562000000000001,,,102.2,223.9,,692775.0,WECC,2723.891
2024,3647,City of Claremore,M,Municipal,,1.0,OK,17927.0,135426.0,11855.0,4390.0,31396.0,1335.0,11180.0,116626.0,137.0,,,,33497.0,283448.0,13327.0,33497.0,283448.0,287424.0,57.0,,,1.554,178.817,1.983,80.0,51.0,,309461.0,SPP,
2024,3660,PUD No 1 of Clark County - (WA),P,Political Subdivision,,1.0,WA,276231.2,2653494.0,219477.0,116227.0,1365364.0,20389.0,44592.9,737975.0,30.0,0.0,0.0,0.0,437051.1,4756833.0,239896.0,437051.10000000003,4756833.0,3765.0,239896.0,634.0,,55.022000000000006,144.79,1.473,977.0,1144.0,1561663.0,4225121.0,WECC,58235.0
2024,3687,Clark Energy Coop Inc - (KY),C,Cooperative,,11.0,KY,43579.0,328940.0,26203.0,11648.0,91902.0,2142.0,1195.0,13891.0,2.0,,,,56422.0,434733.0,28347.0,56422.0,434733.0,463080.0,,,,2.538,1300.7,3.04,96.0,153.0,,454760.0,SERC,
2024,3701,Clark Electric Coop - (WI),C,Cooperative,Y,6.0,WI,,,,,,,,,,,,,,,,,,221923.0,,,198.0,,,,,,,,,
2024,3702,Clarksdale Public Utilities,M,Municipal,Y,1.0,MS,,,,,,,,,,,,,,,,,,111991.0,,,,,,,,,,,,
2024,3704,City of Clarksville - (TN),M,Municipal,,1.0,TN,130520.0,1021858.0,75953.0,69667.0,575059.0,9358.0,4293.0,69522.0,3.0,0.0,0.0,0.0,204480.0,1666439.0,85314.0,204480.0,1666439.0,1751753.0,0.0,,6.0,,205.07,2.16,373.2,525.7,0.0,1711422.0,SERC,
2024,3705,Clarksville Connected Utilities,M,Municipal,,1.0,AR,3923.8,45234.0,3812.0,3714.7,35537.0,716.0,7982.8,116217.0,50.0,,,,15621.3,196988.0,4578.0,15621.3,196988.0,42.0,4886.0,,,,,,40.0,39.0,,211554.0,SPP,
2024,3710,City of Clay Center - (KS),M,Municipal,Y,1.0,KS,,,,,,,,,,,,,,,,,,,,,,,,,,,,,,
2024,3712,Clay County Electric Coop Corp - (AR),C,Cooperative,,7.0,"AR,MO",15868.5,111777.0,10571.0,11909.2,83561.0,2784.0,7938.0,92833.0,14.0,,,,35715.700000000004,288171.0,13369.0,35715.7,288171.0,301540.0,,,,6.2139999999999995,,,73.1,56.9,,303076.0,SERC,
2024,3716,Clay-Union Electric Corp,C,Cooperative,Y,5.0,SD,,,,,,,,,,,,,,,,,,,3897.0,,,,,,,,,,,
2024,3722,Clarke Electric Coop Inc - (IA),C,Cooperative,Y,8.0,IA,,,,,,,,,,,,,,,,,,116489.0,0.0,,2.0,,,,,,,,,
2024,3726,Clay Electric Coop Inc - (IL),C,Cooperative,Y,7.0,IL,,,,,,,,,,,,,,,,,,54372.0,,,,,,,,,,,,
2024,3731,Town of Clayton - (NC),M,Municipal,Y,1.0,NC,,,,,,,,,,,,,,,,,,129572.0,,,6.0,,,,,,,,,
2024,3732,Town of Clayton - (DE),M,Municipal,Y,1.0,DE,,,,,,,,,,,,,,,,,,,,,,,,,,,,,,
2024,3735,City of Colman - (SD),M,Municipal,Y,1.0,SD,,,,,,,,,,,,,,,,,,,411.0,,,,,,,,,,,
2024,3739,Clearwater Power Company,C,Cooperative,Y,11.0,"ID,OR,WA",,,,,,,,,,,,,,,,,,23327615.0,,,,,,,,,,,,
2024,3755,Cleveland Electric Illum Co,I,Investor Owned,,9.0,OH,511987.9,5442567.0,676098.0,429018.7,5828964.0,81701.0,104750.90000000001,5828816.0,655.0,714.6,28573.0,1.0,1046472.1,17128920.0,758455.0,1046472.1000000001,17128920.0,9375337.0,470270.0,4.0,57.0,75.119,1918.07,1.783,4065.2,3066.8,0.0,1498978.0,RFC,26353.556
2024,3757,"Clay Electric Cooperative, Inc - (FL)",C,Cooperative,,15.0,FL,326753.7,2495611.0,171179.0,78068.3,723061.0,22773.0,28888.5,429338.0,34.0,,,,433710.5,3648010.0,193986.0,433710.5,3648010.0,3827787.0,596.0,7.0,,67.063,2142.0,5.3,853.1,775.1,3053.0,3792437.0,FRCC,2151.96
2024,3758,City of Cleveland - (TN),M,Municipal,,1.0,TN,48649.0,388347.0,29331.0,44672.0,376139.0,4999.0,17967.0,254629.0,18.0,0.0,0.0,0.0,111288.0,1019115.0,34348.0,111288.0,1019115.0,1053463.0,0.0,,7.0,,61.168,0.893,207.6,240.9,0.0,1048372.0,SERC,
2024,3762,City of Cleveland - (OH),M,Municipal,,1.0,OH,57086.1,383954.0,64914.0,85754.9,618173.0,8729.0,50582.1,543410.0,23.0,,,,193423.1,1545537.0,73666.0,193423.1,1545537.0,0.0,73666.0,,,4.314,170.35,1.08,296.5,242.2,472.0,1553669.0,RFC,
2024,3764,Clearwater-Polk Elec Coop Inc,C,Cooperative,Y,6.0,MN,,,,,,,,,,,,,,,,,,74487.0,,,,,,,,,,,,
2024,3774,City of Clewiston,M,Municipal,Y,1.0,FL,,,,,,,,,,,,,,,,,,102045.0,283.0,,,,,,,,,,,
2024,3804,Clinton Combined Utility Sys,M,Municipal,Y,1.0,SC,,,,,,,,,,,,,,,,,,74982.0,300.0,,,,,,,,,,,
2024,3806,"Clinton County Elec Coop, Inc",C,Cooperative,Y,6.0,IL,,,,,,,,,,,,,,,,,,143423.0,0.0,,,,,,,,,,,
2024,3812,City of Clinton - (TN),M,Municipal,,6.0,TN,48583.0,373990.0,26230.0,24259.0,183352.0,5106.0,16618.0,247931.0,10.0,0.0,0.0,0.0,89460.0,805273.0,31346.0,89460.0,805273.0,836619.0,0.0,,10.0,,264.0,1.23,159.1,193.6,0.0,831592.0,SERC,
2024,3813,Village of Clinton - (MI),M,Municipal,Y,2.0,MI,,,,,,,,,,,,,,,,,,,1488.0,,,,,,,,,,,
2024,3814,City of Clintonville - (WI),M,Municipal,Y,1.0,WI,,,,,,,,,,,,,,,,,,,2867.0,,22.0,,,,,,,,,
2024,3815,Town of Coatesville - (IN),M,Municipal,Y,1.0,IN,,,,,,,,,,,,,,,,,,,,,,,,,,,,,,
2024,3824,Clyde Light & Power,M,Municipal,,1.0,OH,2998.0,24773.0,2776.0,2562.0,18287.0,346.0,12389.0,161398.0,10.0,,,,17949.0,204458.0,3132.0,17949.0,204458.0,3132.0,3132.0,,,,,,35.0,34.0,,209601.0,RFC,
2024,3828,Cloverland Electric Co-op,C,Cooperative,,5.0,MI,40335.8,280674.0,36086.0,34349.9,285591.0,7685.0,13725.3,155658.0,8.0,0.0,0.0,0.0,88411.0,721923.0,43779.0,88411.00000000001,721923.0,24.0,45917.0,,,1.744,534.7,3.61,117.7,118.5,205084.0,524910.0,RFC,3694.0
2024,3839,Coahoma Electric Power Assn,C,Cooperative,Y,7.0,MS,,,,,,,,,,,,,,,,,,,8370.0,,,,,,,,,,,
2024,3841,Coast Electric Power Assn - (MS),C,Cooperative,,3.0,MS,169730.0,1229148.0,82510.0,55316.0,447918.0,7730.0,16642.0,239498.0,7.0,0.0,0.0,,241688.0,1916564.0,90247.0,241688.0,1916564.0,1764017.0,15.0,,28454.0,5.582,277.417,2.41,443.0,589.0,,1983496.0,SERC,4156.0
2024,3843,Coastal Electric Member Corp - (GA),C,Cooperative,,4.0,GA,43271.0,310505.0,20559.0,11449.5,86559.0,3414.0,13704.5,175213.0,5.0,,,,68425.0,572277.0,23978.0,68425.0,572277.0,596255.0,,,119.0,14.648,3698.13,4.24,119.2,137.7,,589784.0,SERC,
2024,3844,"Coastal Electric Coop, Inc - (SC)",C,Cooperative,Y,3.0,SC,,,,,,,,,,,,,,,,,,186041.0,,,,,,,,,,,,
2024,3850,"Codington-Clark Elec Coop, Inc",C,Cooperative,Y,10.0,SD,,,,,,,,,,,,,,,,,,168052.0,,,,,,,,,,,,
2024,3855,Columbia Power System - (TN),M,Municipal,,2.0,TN,48855.0,406984.0,31166.0,36281.0,316202.0,5409.0,10568.0,174592.0,2.0,0.0,0.0,0.0,95704.0,897778.0,36577.0,95704.0,897778.0,934355.0,0.0,,5.0,,174.289,2.772,198.0,214.6,0.0,925170.0,SERC,
2024,3881,City of Cody,M,Municipal,Y,1.0,WY,,,,,,,,,,,,,,,,,,,7463.0,,,,,,,,,,,
2024,3892,City of Coffeyville - (KS),M,Municipal,,2.0,KS,5667.5,49147.0,4723.0,7049.7,60638.0,1006.0,41416.2,687658.0,11.0,0.0,0.0,0.0,54133.4,797443.0,5740.0,54133.399999999994,797443.0,180859.0,1.0,,,,11.746,0.098,120.0,107.0,126641.0,712417.0,SPP,
2024,3900,City of Coggon - (IA),M,Municipal,Y,1.0,IA,,,,,,,,,,,,,,,,,,0.0,380.0,,,,,,,,,,,
2024,3913,City of Colby - (KS),M,Municipal,Y,1.0,KS,,,,,,,,,,,,,,,,,,,3185.0,,,,,,,,,,,
2024,3915,Coldwater Board of Public Util,M,Municipal,,1.0,MI,6548.4,44059.0,6393.0,6038.9,41953.0,1369.0,35346.4,389221.0,67.0,0.0,0.0,0.0,47933.7,475233.0,7829.0,47933.7,475233.0,483062.0,0.0,,243.0,,28.559,0.457,75.0,98.2,,483748.0,RFC,6124.883
2024,3916,Cobb Electric Membership Corp,C,Cooperative,,5.0,GA,309076.8,2709931.0,200601.0,127033.0,1250717.0,23460.0,11620.1,144838.0,63.0,0.0,0.0,0.0,447729.9,4105486.0,224124.0,447729.89999999997,4105486.0,4325011.0,313.0,,4329.0,20.144,60.41,0.99,1149.9,713.9,,4188776.0,SERC,
2024,3923,City of Coleman - (TX),M,Municipal,Y,1.0,TX,,,,,,,,,,,,,,,,,,,,,,,,,,,,,,
2024,3931,Coles-Moultrie Electric Coop,C,Cooperative,,8.0,IL,19469.0,113570.0,8456.0,7550.0,50271.0,1107.0,4120.0,35779.0,13.0,,,,31139.0,199620.0,9576.0,31139.0,199620.0,213555.0,2.0,82.0,,3.78,,,44.6,47.7,,209500.0,SERC,
2024,3938,"Coleman County Elec Coop, Inc",C,Cooperative,Y,8.0,TX,,,,,,,,,,,,,,,,,,260888.0,,,,,,,,,,,,
2024,3939,City of College Park - (GA),M,Municipal,,3.0,GA,9923.0,77270.0,7924.0,38484.6,476181.0,1008.0,,,,,,,48407.6,553451.0,8932.0,48407.6,553451.0,562384.0,,,1.0,,,,84.9,88.2,,573145.0,SERC,
2024,3940,City of College Station - (TX),M,Municipal,,1.0,TX,69892.0,479801.0,42995.0,59496.0,456623.0,4054.0,,,,,,,129388.0,936424.0,47049.0,129388.0,936424.0,983054.0,8.0,,,,22.8,0.4,243.0,207.4,,992393.0,TRE,1073.0
2024,3957,City of Collins - (MS),M,Municipal,Y,1.0,MS,,,,,,,,,,,,,,,,,,,,,,,,,,,,,,
2024,3986,City of Collinsville - (OK),M,Municipal,Y,1.0,OK,,,,,,,,,,,,,,,,,,62294.0,,,,,,,,,,,,
2024,3989,City of Colorado Springs - (CO),M,Municipal,,2.0,CO,232830.0,1611075.0,216771.0,117136.0,1224952.0,42408.0,165911.0,1811428.0,1503.0,0.0,0.0,0.0,515877.0,4647455.0,260682.0,515877.0,4647455.0,4998938.0,337.0,9033.0,2055.0,112.31,62.74,0.87,1011.0,844.0,3200175.0,2053737.0,WECC,3379.119
2024,3990,Colorado River Indian Irr Proj,F,Federal,Y,2.0,"AZ,CA",,,,,,,,,,,,,,,,,,67379.0,797.0,,,,,,,,,,,
2024,3991,CMS Energy Resource Management,R,Retail Power Marketer,,,,0.0,0.0,0.0,12032.4,256053.0,10.0,10353.3,176558.0,1.0,0.0,0.0,0.0,22385.7,432611.0,11.0,22385.699999999997,432611.0,,,,,,,,81.3,78.8,,5919701.0,RFC,
2024,4003,City of Colton - (CA),M,Municipal,,1.0,CA,27963.8,112530.0,17472.0,27568.1,68352.0,2313.0,27500.6,153120.0,279.0,,,,83032.5,334002.0,20064.0,83032.5,334002.0,178157.0,8451.0,,64.0,41.312,,,95.0,46.0,8812.0,325190.0,WECC,4528.0
2024,4005,"Columbia Basin Elec Cooperative, Inc",C,Cooperative,Y,5.0,OR,,,,,,,,,,,,,,,,,,70450.0,1671.0,,,,,,,,,,,
2024,4007,City of Columbia City - (IN),M,Municipal,Y,2.0,IN,,,,,,,,,,,,,,,,,,100967.0,0.0,,,,,,,,,,,
2024,4008,Columbia Power Coop Assn Inc - (OR),C,Cooperative,Y,3.0,OR,,,,,,,,,,,,,,,,,,,,,,,,,,,,,,
2024,4040,Calhoun County Elec Coop Assn,C,Cooperative,Y,5.0,IA,,,,,,,,,,,,,,,,,,37116.0,,,,,,,,,,,,
2024,4041,"Columbia Rural Elec Assn, Inc",C,Cooperative,,3.0,"OR,WA",8603.0,60853.0,4383.0,8500.599999999999,81929.0,1692.0,18625.5,233374.0,581.0,,,,35729.1,376156.0,6656.0,35729.1,376156.0,382812.0,,,,4.5040000000000004,258.5,1.959,114.8,50.2,,407427.0,WECC,425.0
2024,4045,City of Columbia - (MO),M,Municipal,,1.0,MO,59891.0,429787.0,45651.0,51441.0,451891.0,7597.0,26415.0,270015.0,28.0,,,,137747.0,1151693.0,53276.0,137747.0,1151693.0,7.0,53828.0,,6.0,12.207999999999998,34.616,0.502,281.0,234.0,23501.0,1209294.0,SERC,6454.0
2024,4061,City of Columbiana - (OH),M,Municipal,Y,2.0,OH,,,,,,,,,,,,,,,,,,,,,,,,,,,,,,
2024,4063,Co-Mo Electric Coop Inc,C,Cooperative,,9.0,MO,60709.0,399938.0,31119.0,8775.0,66541.0,2279.0,1009.0,11275.0,1.0,,,,70493.0,477754.0,33399.0,70493.0,477754.0,511153.0,,,,5.958,122.3,0.869,112.8,177.3,,501561.0,SERC,
2024,4065,City of Columbus - (OH),M,Municipal,,1.0,OH,11609.0,102518.0,15510.0,15633.4,112999.0,3530.0,65913.0,641354.0,481.0,,,,93155.4,856871.0,19521.0,93155.4,856871.0,118534.0,15209.0,1.0,,,245.27,2.17,183.0,138.0,,937047.0,RFC,
2024,4068,City of Columbus - (MS),M,Municipal,,1.0,MS,14495.0,120690.0,8842.0,23706.0,204942.0,3722.0,2236.0,37207.0,4.0,0.0,0.0,0.0,40437.0,362839.0,12568.0,40437.0,362839.0,375407.0,0.0,,1.0,,52.89,0.76,82.7,70.1,0.0,376405.0,SERC,
2024,4071,"Columbus Electric Coop, Inc",C,Cooperative,Y,5.0,"AZ,NM",,,,,,,,,,,,,,,,,,114476.0,,,,,,,,,,,,
2024,4073,City of Columbus - (WI),M,Municipal,,2.0,WI,2356.0,19092.0,2459.0,2693.2,24225.0,444.0,2720.4,31988.0,3.0,0.0,0.0,0.0,7769.6,75305.0,2906.0,7769.6,75305.0,78242.0,5.0,,85.0,0.156,,,16.6,12.0,0.0,76772.0,MISO,
2024,4078,City of Comanche - (OK),M,Municipal,Y,1.0,OK,,,,,,,,,,,,,,,,,,13097.0,,,,,,,,,,,,
2024,4091,City of Commerce - (GA),M,Municipal,Y,1.0,GA,,,,,,,,,,,,,,,,,,,,,,,,,,,,,,
2024,4100,Just Energy Solutions Inc.,R,Retail Power Marketer,,,,104936.79999999999,963211.0,97550.0,4171.4,33651.0,2969.0,0.0,0.0,0.0,0.0,0.0,0.0,109108.2,996862.0,100519.0,109108.19999999998,996862.0,,,,,,,,,,,996862.0,WECC,
2024,4110,Commonwealth Edison Co,I,Investor Owned,,24.0,IL,3652389.4,27273825.0,3727675.0,2113680.4,28811409.0,401021.0,964395.0,27869630.0,2051.0,13147.3,426515.0,2.0,6743612.1,84381379.0,4130749.0,6743612.1,84381379.0,87401946.0,4039.0,393006.0,381701.0,2012.4499999999998,131.9,0.68,21560.0,15077.0,,32670709.0,RFC,3189439.0
2024,4117,Community Electric Coop,C,Cooperative,Y,5.0,VA,,,,,,,,,,,,,,,,,,216916.0,0.0,,,,,,,,,,,
2024,4146,Concho Valley Elec Coop Inc,C,Cooperative,,10.0,TX,17351.9,136357.0,12060.0,3766.7,25895.0,2213.0,23738.2,434351.0,1841.0,0.0,0.0,0.0,44856.8,596603.0,16114.0,44856.8,596603.0,612629.0,0.0,,,2.918,389.8,2.877,104.1,108.0,,619775.0,TRE,
2024,4147,Town of Concord - (MA),M,Municipal,Y,1.0,MA,,,,,,,,,,,,,,,,,,162444.0,516.0,,68.0,,,,,,,,,
2024,4150,City of Concord - (NC),M,Municipal,,1.0,NC,42312.6,357228.0,29857.0,45722.2,424490.0,4325.0,13493.9,154868.0,61.0,,,,101528.7,936586.0,34243.0,101528.69999999998,936586.0,970398.0,430.0,,,,172.352,1.914,217.0,170.0,,959674.0,SERC,
2024,4153,"Concordia Electric Coop, Inc",C,Cooperative,,8.0,LA,18072.4,135274.0,11879.0,7770.3,45798.0,1723.0,1710.4,9665.0,186.0,,,,27553.1,190737.0,13788.0,27553.100000000002,190737.0,204091.0,,,,0.646,,,46.4,63.7,,202682.0,SERC,
2024,4160,Callaway Electric Cooperative,C,Cooperative,,5.0,MO,28509.4,175061.0,12647.0,5829.5,49865.0,883.0,,,,,,,34338.9,224926.0,13530.0,34338.9,224926.0,238456.0,,,,3.202,,,51.8,77.0,,240599.0,SERC,
2024,4166,"CECG Maine, LLC",W,Wholesale Power Marketer,,,,,,,,,,,,,,,,,,,,,,,,,,,,,,,1202065.0,RFC,
2024,4176,Connecticut Light & Power Co,I,Investor Owned,,8.0,CT,2493675.9,9853627.0,1174420.0,1152353.0,8459689.0,113631.0,164225.9,1660668.0,2825.0,12439.1,177405.0,2.0,3822693.9000000004,20151389.0,1290878.0,3822693.9,20151389.0,,1325846.0,23463.0,3586.0,2017.397,158.8,0.891,4528.0,3470.0,,18454138.0,NPCC,131042.785
2024,4180,Connecticut Mun Elec Engy Coop,A,Municipal Mktg Authority,,,,,,,,,,,,,,,,,,,,,,,,,,,,206.3,173.9,1.0,765548.0,NPCC,
2024,4226,Consolidated Edison Co-NY Inc,I,Investor Owned,,6.0,NY,4671811.0,13643968.0,3064038.0,5565803.0,35041849.0,572249.0,338525.0,1303892.0,10498.0,147553.0,2436261.0,2.0,10723692.0,52425970.0,3646787.0,10723692.0,52425970.0,45111548.0,44814.0,64664.0,,1726.022,,,11910.0,8206.0,1950239.0,24144696.0,NPCC,279967.79
2024,4237,Consolidated Electric Coop,C,Cooperative,,8.0,MO,15022.0,115909.0,7649.0,3307.0,29945.0,579.0,8496.0,84733.0,87.0,,,,26825.0,230587.0,8315.0,26825.0,230587.0,238902.0,,,,3.027,183.99,1.39,54.3,68.2,,252531.0,SERC,
2024,4247,Consolidated Water Power Co,I,Investor Owned,,2.0,WI,72.6,629.0,70.0,144.4,1433.0,15.0,26740.3,431003.0,6.0,0.0,0.0,0.0,26957.3,433065.0,91.0,26957.3,433065.0,1449.0,54.0,,,,,,61.7,70.4,177341.0,266428.0,RFC,
2024,4254,Consumers Energy Co - (MI),I,Investor Owned,,60.0,MI,2387568.9,12495282.0,1657843.0,1809586.0999999999,12856210.0,235287.0,737144.9,11169379.0,1362.0,,,,4934299.9,36520871.0,1894492.0,4934299.9,36520871.0,21799454.0,13660.0,325227.0,1648381.0,311.494,502.55,1.323,7472.0,5183.0,24219911.0,18761169.0,RFC,629374.963
2024,4262,Cooke County Elec Coop Assn,C,Cooperative,,5.0,TX,30869.0,220350.0,15886.0,15023.0,126177.0,2105.0,4065.0,51431.0,6.0,0.0,0.0,0.0,49957.0,397958.0,17997.0,49957.0,397958.0,415935.0,,,,7.086,288.61,1.81,93.6,127.7,,425012.0,TRE,
2024,4265,Continental Divide El Coop Inc,C,Cooperative,,5.0,NM,23992.0,149779.0,20415.0,15734.0,118417.0,2962.0,19670.0,300073.0,5.0,,,,59396.0,568269.0,23382.0,59396.0,568269.0,17901.0,14459.0,,,2.84,299.5,1.453,70.5,79.7,,622087.0,WECC,
2024,4280,Conway Corporation,M,Municipal,,1.0,AR,30354.0,366220.0,30979.0,20236.2,257739.0,3161.0,18092.0,277336.0,100.0,,,,68682.2,901295.0,34240.0,68682.2,901295.0,935535.0,,,,1.424,35.91,0.577,206.0,168.0,149155.0,782869.0,SERC,
2024,4294,City of Cookeville - (TN),M,Municipal,,1.0,TN,20619.0,182624.0,15946.0,35633.0,326551.0,3837.0,3048.0,48321.0,4.0,0.0,0.0,0.0,59300.0,557496.0,19787.0,59300.0,557496.0,87222.6,19675.0,,2.0,,,,122.9,117.1,0.0,578890.0,SERC,
2024,4295,Comanche County Elec Coop Assn,C,Cooperative,,7.0,TX,15624.0,100698.0,7359.0,27085.0,430743.0,10698.0,5041.0,46226.0,95.0,,,,47750.0,577667.0,18152.0,47750.0,577667.0,595819.0,,10.0,18.0,3.6590000000000003,,,122.1,105.3,,600704.0,TRE,
2024,4296,"Cookson Hills Elec Coop, Inc",C,Cooperative,,8.0,OK,34586.6,243938.0,17551.0,4236.0,35111.0,1390.0,3758.1,37394.0,112.0,,,,42580.7,316443.0,19053.0,42580.7,316443.0,335496.0,,,,1.862,399.113,1.087,78.5,55.4,,329690.0,SPP,
2024,4304,City of Corwith - (IA),M,Municipal,Y,1.0,IA,,,,,,,,,,,,,,,,,,,193.0,,,,,,,,,,,
2024,4305,City of Coon Rapids,M,Municipal,Y,2.0,IA,,,,,,,,,,,,,,,,,,,,,,,,,,,,,,
2024,4317,"Coos-Curry Electric Coop, Inc",C,Cooperative,,3.0,OR,23980.9,180123.0,15869.0,10774.0,90035.0,2239.0,5283.6,56649.0,425.0,,,,40038.5,326807.0,18533.0,40038.5,326807.0,345261.0,,,,1.174,570.7,2.56,43.6,74.5,,344025.0,WECC,205.0
2024,4319,Copan Public Works Authority,M,Municipal,Y,1.0,OK,,,,,,,,,,,,,,,,,,,,,,,,,,,,,,
2024,4327,Coosa Valley Electric Coop Inc,C,Cooperative,,6.0,AL,35671.0,227026.0,15612.0,6073.0,31744.0,2693.0,8551.0,66364.0,124.0,,,,50295.0,325134.0,18429.0,50295.0,325134.0,343563.0,,,2.0,0.02,263.9,2.49,74.4,110.7,,340648.0,SERC,
2024,4329,"Copper Valley Elec Assn, Inc",C,Cooperative,Y,1.0,AK,,,,,,,,,,,,,,,,,,87731.0,,,,,,,,,,,,
2024,4341,Corbin City Utilities Comm,M,Municipal,Y,2.0,KY,,,,,,,,,,,,,,,,,,,,,,,,,,,,,,
2024,4344,City of New Cordell - (OK),M,Municipal,Y,1.0,OK,,,,,,,,,,,,,,,,,,,,,,,,,,,,,,
2024,4346,Cooperative L&P Assn Lake County,C,Cooperative,Y,2.0,MN,,,,,,,,,,,,,,,,,,103874.0,,,,,,,,,,,,
2024,4356,Colorado River Comm of Nevada,S,State,,1.0,NV,0.0,0.0,0.0,6438.1,891932.0,12.0,3596.1,149530.0,4.0,0.0,0.0,0.0,10034.2,1041462.0,16.0,10034.2,1041462.0,757924.0,,,,,,,200.0,190.0,,1047725.0,WECC,
2024,4362,Corn Belt Energy Corporation,C,Cooperative,,18.0,IL,60011.3,380839.0,34710.0,23698.6,178417.0,2470.0,5266.0,71364.0,3.0,,,,88975.9,630620.0,37183.0,88975.9,630620.0,,37183.0,48.0,425.0,30.589,311.6,5.21,150.8,119.3,,652860.0,RFC,
2024,4363,Corn Belt Power Coop,C,Cooperative,,,,,,,,,,,,,,,,,,,,,,,5982.0,,,,,337.5,312.5,375379.0,1741851.0,MRO,2643.783
2024,4365,Town of Cornelius - (NC),M,Municipal,Y,1.0,NC,,,,,,,,,,,,,,,,,,,4009.0,,,,,,,,,,,
2024,4369,City of Cornell,M,Municipal,Y,1.0,WI,,,,,,,,,,,,,,,,,,,553.0,,,,,,,,,,,
2024,4373,Cornhusker Public Power Dist,P,Political Subdivision,,6.0,NE,13804.8,127295.0,7385.0,6946.1,81441.0,557.0,17012.6,195427.0,2463.0,0.0,0.0,0.0,37763.5,404163.0,10405.0,37763.5,404163.0,76.0,10405.0,,,1.698,,,75.5,68.2,,433557.0,MRO,
2024,4375,City of Corning - (IA),M,Municipal,Y,1.0,IA,,,,,,,,,,,,,,,,,,0.0,1143.0,,,,,,,,,,,
2024,4390,City of Corona - (CA),M,Municipal,,1.0,CA,1283.6,8282.0,1285.0,7954.4,64700.0,1474.0,5835.5,62420.0,14.0,0.0,0.0,0.0,15073.5,135402.0,2773.0,15073.5,135402.0,,1836.0,,21.0,1.098,0.0,0.0,28.0,24.8,,142910.0,WECC,
2024,4401,"Cotton Electric Coop, Inc",C,Cooperative,,8.0,OK,36617.3,308792.0,19696.0,20718.4,205491.0,4019.0,21899.5,348631.0,29.0,0.0,0.0,0.0,79235.2,862914.0,23744.0,79235.20000000001,862914.0,886659.0,0.0,,,4.793,355.62,3.13,173.0,191.0,,891912.0,SPP,159.249
2024,4410,"Shell Energy North America (US), L.P.",R,Retail Power Marketer,,,,0.0,0.0,0.0,493205.19999999995,3971450.0,10855.0,208424.1,2675506.0,328.0,0.0,0.0,0.0,701629.2999999999,6646956.0,11183.0,701629.2999999999,6646956.0,,,,,,,,,,,6646956.0,TRE,
2024,4414,City of Coulee Dam - (WA),M,Municipal,Y,3.0,WA,,,,,,,,,,,,,,,,,,,602.0,,,,,,,,,,,
2024,4429,City of Covington - (IN),M,Municipal,Y,1.0,IN,,,,,,,,,,,,,,,,,,,1672.0,,,,,,,,,,,
2024,4430,"Covington Electric Coop, Inc",C,Cooperative,,6.0,AL,52781.9,316974.0,23281.0,8821.7,65311.0,1394.0,2229.8,23724.0,8.0,,,,63833.4,406009.0,24683.0,63833.40000000001,406009.0,430692.0,,2539.0,7.0,0.226,178.805,1.933,101.0,132.0,,426505.0,SERC,
2024,4432,Coweta-Fayette El Member Corp,C,Cooperative,,8.0,GA,157461.4,1229803.0,83001.0,42895.2,318998.0,6631.0,13997.4,180387.0,62.0,,,,214354.0,1729188.0,89694.0,214353.99999999997,1729188.0,1818882.0,0.0,,115.0,6.655,218.402,2.025,458.7,424.7,,1794765.0,SERC,1786.051
2024,4433,City of Covington - (GA),M,Municipal,,2.0,GA,23283.0,159780.0,12459.0,19958.8,148823.0,2008.0,12662.1,163399.0,8.0,,,,55903.9,472002.0,14475.0,55903.9,472002.0,14476.0,14476.0,,34.0,0.2,,,93.7,86.9,,485724.0,SERC,
2024,4437,City of Covington - (TN),M,Municipal,,1.0,TN,5298.0,47690.0,3727.0,10365.0,93136.0,983.0,5682.0,81335.0,3.0,0.0,0.0,0.0,21345.0,222161.0,4713.0,21345.0,222161.0,4713.0,4713.0,,1.0,,,,45.9,32.5,0.0,227731.0,SERC,
2024,4442,PUD No 1 of Cowlitz County,P,Political Subdivision,,1.0,WA,67600.0,768514.0,48267.0,33320.0,378239.0,5418.0,146466.0,2991042.0,31.0,0.0,0.0,0.0,247386.0,4137795.0,53716.0,247386.0,4137795.0,4191844.0,38.0,,,10.701,262.887,1.721,568.3,631.8,45900.0,4146198.0,WECC,16177.028
2024,4459,Cozad Board of Public Works,M,Municipal,Y,1.0,NE,,,,,,,,,,,,,,,,,,,2553.0,,,,,,,,,,,
2024,4471,Craig-Botetourt Electric Coop,C,Cooperative,Y,7.0,"VA,WV",,,,,,,,,,,,,,,,,,90457.0,,,2.0,,,,,,,,,
2024,4483,City of Crane - (MO),M,Municipal,Y,1.0,MO,,,,,,,,,,,,,,,,,,,,,,,,,,,,,,
2024,4486,Town of Crane - (IN),M,Municipal,Y,1.0,IN,,,,,,,,,,,,,,,,,,,,,,,,,,,,,,
2024,4508,"Crawfordsville Elec, Lgt & Pwr",M,Municipal,,1.0,IN,11550.6,84808.0,8615.0,5147.7,38468.0,1489.0,27581.3,250829.0,89.0,,,,44279.6,374105.0,10193.0,44279.6,374105.0,362971.0,1998.0,,,0.182,,,73.2,58.3,,385428.0,RFC,
2024,4509,Craighead Electric Coop Corp,C,Cooperative,,8.0,AR,46240.0,385539.0,25326.0,15863.0,122431.0,6243.0,9790.0,71433.0,1236.0,,,,71893.0,579403.0,32805.0,71893.0,579403.0,,32805.0,746.0,,14.043999999999999,182.937,2.762,142.0,177.0,,619626.0,SERC,
2024,4524,"Crawford Electric Coop, Inc",C,Cooperative,,7.0,MO,33542.0,262433.0,19775.0,5322.8,49209.0,1752.0,245.4,3301.0,3.0,,,,39110.2,314943.0,21530.0,39110.200000000004,314943.0,336473.0,,,,2.1759999999999997,356.3,2.13,72.1,108.1,,331440.0,SERC,
2024,4527,City of Crete,M,Municipal,Y,1.0,NE,,,,,,,,,,,,,,,,,,,3.0,,,,,,,,,,,
2024,4538,Crisp County Power Comm,P,Political Subdivision,,5.0,GA,21172.7,145602.0,9206.0,17943.1,112153.0,2836.0,11350.2,121918.0,53.0,,,,50466.0,379673.0,12095.0,50466.0,379673.0,361926.0,29.0,2.0,105.0,0.15,,,80.2,91.1,36520.0,354768.0,SERC,
2024,4562,City of Croswell - (MI),M,Municipal,Y,1.0,MI,,,,,,,,,,,,,,,,,,15782.0,,,,,,,,,,,,
2024,4577,Crow Wing Cooperative Power & Light Comp,C,Cooperative,,4.0,MN,57820.2,433747.0,44698.0,16377.9,142396.0,2935.0,10786.2,108624.0,226.0,,,,84984.3,684767.0,47859.0,84984.29999999999,684767.0,746704.0,,,69.0,9.748000000000001,122.75,0.819,140.3,108.3,,728855.0,MRO,
2024,4604,City of Crystal Falls,M,Municipal,,1.0,MI,1385.9,7342.0,1330.0,1387.7,8993.0,273.0,0.0,0.0,0.0,0.0,0.0,0.0,2773.6,16335.0,1603.0,2773.6000000000004,16335.0,18024.0,0.0,,1603.0,0.006,,,3.6,2.9,4897.0,12645.0,MISO,
2024,4607,City of Cuba City,M,Municipal,,2.0,WI,881.6,7724.0,985.0,1060.2,9950.0,147.0,0.0,0.0,0.0,0.0,0.0,0.0,1941.8,17674.0,1132.0,1941.8000000000002,17674.0,1.0,1134.0,,3.0,0.048,,,4.6,3.1,0.0,18167.0,MISO,
2024,4608,City of Cuba - (MO),M,Municipal,Y,1.0,MO,,,,,,,,,,,,,,,,,,,1893.0,,,,,,,,,,,
2024,4610,City of Cuero - (TX),M,Municipal,Y,1.0,TX,,,,,,,,,,,,,,,,,,99868.0,,,,,,,,,,,,
2024,4617,Cullman Power Board,M,Municipal,,1.0,AL,11442.0,90546.0,7049.0,20169.0,164614.0,2026.0,1908.0,19807.0,3.0,0.0,0.0,0.0,33519.0,274967.0,9078.0,33519.0,274967.0,284045.0,0.0,,,,,,63.5,59.2,0.0,284779.0,SERC,
2024,4618,"Cullman Electric Coop, Inc",C,Cooperative,,4.0,AL,78419.0,591417.0,39779.0,34728.0,244981.0,8619.0,21828.0,274103.0,14.0,0.0,0.0,0.0,134975.0,1110501.0,48412.0,134975.0,1110501.0,1158913.0,0.0,,8.0,,231.9,2.003,240.1,322.6,0.0,1167654.0,SERC,
2024,4619,Town of Culpeper- (VA),M,Municipal,Y,1.0,VA,,,,,,,,,,,,,,,,,,,5855.0,,,,,,,,,,,
2024,4622,"Cumberland Valley Electric, Inc.",C,Cooperative,,11.0,"KY,TN",37734.0,293152.0,22556.0,11538.0,143506.0,1627.0,7742.0,82738.0,77.0,,,,57014.0,519396.0,24260.0,57014.0,519396.0,543656.0,,,8.0,1.466,1178.6,4.813,113.0,164.0,,538728.0,SERC,
2024,4624,Cumberland Elec Member Corp,C,Cooperative,,6.0,TN,213610.0,1643858.0,100585.0,73133.0,565206.0,11899.0,45337.0,670899.0,28.0,0.0,0.0,0.0,332080.0,2879963.0,112512.0,332080.0,2879963.0,2992475.0,0.0,,12.0,,,,636.1,845.9,0.0,3007498.0,SERC,
2024,4627,City of Cumberland - (WI),M,Municipal,Y,1.0,WI,,,,,,,,,,,,,,,,,,,,,,,,,,,,,,
2024,4632,Cuming County Public Pwr Dist,P,Political Subdivision,Y,7.0,NE,,,,,,,,,,,,,,,,,,104611.0,,,,,,,,,,,,
2024,4661,City of Curtis - (NE),M,Municipal,Y,1.0,NE,,,,,,,,,,,,,,,,,,,723.0,,,,,,,,,,,
2024,4667,City of Cushing - (OK),M,Municipal,Y,1.0,OK,,,,,,,,,,,,,,,,,,,,,,,,,,,,,,
2024,4671,Custer Public Power District,P,Political Subdivision,,16.0,NE,9426.4,74178.0,4707.0,6424.0,51368.0,1277.0,13963.9,107359.0,5062.0,0.0,0.0,0.0,29814.3,232905.0,11046.0,29814.3,232905.0,243951.0,0.0,1877.0,41.0,0.647,,,116.0,36.0,0.0,265704.0,MRO,380.043
2024,4675,Cuivre River Electric Coop Inc,C,Cooperative,,5.0,MO,122727.7,1108303.0,72974.0,5794.5,50072.0,1346.0,19109.9,236182.0,233.0,0.0,0.0,0.0,147632.1,1394557.0,74553.0,147632.1,1394557.0,1469110.0,0.0,7.0,7.0,4.66,132.88,1.274,359.3,420.5,,1448730.0,SERC,
2024,4683,City of Cuyahoga Falls - (OH),M,Municipal,,1.0,OH,23284.0,178861.0,24349.0,7324.0,55945.0,2235.0,17897.0,156914.0,199.0,0.0,0.0,0.0,48505.0,391720.0,26783.0,48505.0,391720.0,108.0,26783.0,,,1.326,75.71,0.76,103.3,62.7,,428150.0,RFC,989.301
2024,4685,Village of Cygnet - (OH),M,Municipal,Y,1.0,OH,,,,,,,,,,,,,,,,,,,,,,,,,,,,,,
2024,4704,"DS&O Electric Cooperative, Inc.",C,Cooperative,Y,10.0,KS,,,,,,,,,,,,,,,,,,142891.0,,,7427.0,,,,,,,,,
2024,4715,Dahlberg Light & Power Co,I,Investor Owned,,3.0,WI,9135.0,72394.0,10939.0,2311.0,18931.0,1286.0,1406.0,14638.0,33.0,,,,12852.0,105963.0,12258.0,12852.0,105963.0,12244.0,12244.0,,,1.158,,,24.7,22.8,-344.0,119991.0,MRO,
2024,4716,Dairyland Power Coop,C,Cooperative,,,,,,,,,,,,,,,,,,,,,,,,,,,,1168.0,992.0,2184947.0,4355724.0,MRO,
2024,4717,Dakota Valley Elec Coop Inc,C,Cooperative,,8.0,ND,14650.3,121970.0,5721.0,1203.2,9139.0,480.0,42500.5,546465.0,731.0,0.0,0.0,0.0,58354.0,677574.0,6932.0,58354.0,677574.0,,6989.0,,,,223.0,1.7,84.9,110.7,,691168.0,MRO,
2024,4720,Dakota Energy Coop Inc,C,Cooperative,,11.0,SD,9522.9,62251.0,3224.0,4658.8,47095.0,406.0,11976.0,154215.0,8.0,,,,26157.7,263561.0,3638.0,26157.7,263561.0,267199.0,,,,,,,49.4,57.3,,272157.0,SPP,
2024,4725,City of Custar,M,Municipal,Y,1.0,OH,,,,,,,,,,,,,,,,,,,,,,,,,,,,,,
2024,4739,Town of Dallas - (NC),M,Municipal,Y,1.0,NC,,,,,,,,,,,,,,,,,,,3847.0,,,,,,,,,,,
2024,4743,"Consumers Power, Inc",C,Cooperative,,6.0,OR,34405.7,264443.0,18751.0,12879.6,104148.0,4496.0,3977.6,42198.0,522.0,,,,51262.9,410789.0,23769.0,51262.899999999994,410789.0,434558.0,,,,10.139,1052.8,3.505,83.4,107.3,,440491.0,WECC,689.829
2024,4744,Dalton Utilities,M,Municipal,,1.0,GA,15788.0,156755.0,13482.0,110515.0,1979990.0,4316.0,63892.0,1160079.0,224.0,,,,190195.0,3296824.0,18022.0,190195.0,3296824.0,,18022.0,,,,,,475.9,486.0,901186.0,2552745.0,SERC,
2024,4791,City of Danville - (IA),M,Municipal,Y,2.0,IA,,,,,,,,,,,,,,,,,,0.0,430.0,,,,,,,,,,,
2024,4792,Village of Daggett - (MI),M,Municipal,Y,1.0,MI,,,,,,,,,,,,,,,,,,,,,,,,,,,,,,
2024,4794,City of Danville - (VA),M,Municipal,,5.0,VA,67661.6,450854.0,37781.0,30513.3,282358.0,5174.0,17181.9,236969.0,29.0,,,,115356.8,970181.0,42984.0,115356.80000000002,970181.0,1013986.0,5.0,4.0,5.0,7.912,,,224.7,207.6,117.0,1021122.0,RFC,410.418
2024,4796,"Darke Rural Electric Coop, Inc",C,Cooperative,Y,3.0,OH,,,,,,,,,,,,,,,,,,133484.0,,,,,,,,,,,,
2024,4799,Darlington Light & Power Co,M,Municipal,Y,1.0,IN,,,,,,,,,,,,,,,,,,,684.0,,,,,,,,,,,
2024,4836,City of David City,M,Municipal,Y,1.0,NE,,,,,,,,,,,,,,,,,,36572.0,,,,,,,,,,,,
2024,4848,Daviess Martin County R E M C,C,Cooperative,,4.0,IN,18346.0,121109.0,7975.0,4484.0,31743.0,551.0,20633.0,251524.0,3.0,,,,43463.0,404376.0,8529.0,43463.0,404376.0,413214.0,0.0,,14.0,0.858,547.388,2.044,71.6,62.2,,415713.0,RFC,
2024,4911,Dawson Power District,P,Political Subdivision,,7.0,NE,27989.2,245306.0,16080.0,7451.7,71275.0,1523.0,29430.0,234786.0,5858.0,,,,64870.9,551367.0,23461.0,64870.9,551367.0,574762.0,4.0,4737.0,,2.213,,,210.0,105.0,,593207.0,MRO,2003.942
2024,4914,Village of Davenport - (NE),M,Municipal,Y,1.0,NE,,,,,,,,,,,,,,,,,,,,,,,,,,,,,,
2024,4919,City of Dayton - (IA),M,Municipal,Y,1.0,IA,,,,,,,,,,,,,,,,,,,462.0,,,,,,,,,,,
2024,4920,City of Dayton - (TN),M,Municipal,,2.0,TN,13972.0,116633.0,9053.0,11635.0,91097.0,2356.0,6054.0,91526.0,5.0,0.0,0.0,0.0,31661.0,299256.0,11414.0,31661.0,299256.0,310670.0,0.0,,2.0,,,,66.8,61.4,0.0,314159.0,SERC,
2024,4922,Dayton Power & Light Co,I,Investor Owned,,24.0,OH,452185.0,5292123.0,478741.0,189024.0,4905649.0,60414.0,67232.0,3616729.0,1680.0,70.0,3073.0,1.0,708511.0,13817574.0,540836.0,708511.0,13817574.0,10430984.0,102419.0,,,30.458000000000002,502.58,1.26,3280.0,3006.0,,2479431.0,RFC,
2024,4939,"Deaf Smith Electric Coop, Inc",C,Cooperative,,4.0,TX,4921.9,55734.0,5333.0,8108.4,150741.0,1522.0,42132.8,602401.0,8457.0,,,,55163.1,808876.0,15312.0,55163.100000000006,808876.0,822188.0,,,,0.286,285.2,1.94,182.9,152.9,,863981.0,SPP,
2024,4958,Decatur Utilities,M,Municipal,,1.0,AL,35773.0,320833.0,22820.0,33558.0,304667.0,4104.0,31357.0,532532.0,11.0,0.0,0.0,0.0,100688.0,1158032.0,26935.0,100688.0,1158032.0,1184967.0,0.0,,7.0,,,,215.5,204.1,0.0,1186411.0,SERC,
2024,4959,Aniak Light & Power Co Inc,I,Investor Owned,Y,1.0,AK,,,,,,,,,,,,,,,,,,,,,,,,,,,,,,
2024,4960,Decatur County Rural E M C,C,Cooperative,,6.0,IN,17960.6,113442.0,8088.0,4648.3,37182.0,213.0,17903.0,200436.0,6.0,,,,40511.9,351060.0,8307.0,40511.899999999994,351060.0,359367.0,,,1.0,2.856,182.564,1.498,70.4,68.9,,357781.0,RFC,
2024,4961,Village of Decatur - (NE),M,Municipal,Y,1.0,NE,,,,,,,,,,,,,,,,,,,,,,,,,,,,,,
2024,4975,Deep East Texas Elec Coop Inc,C,Cooperative,,8.0,TX,63407.0,483986.0,40404.0,24234.0,203246.0,4924.0,9577.0,136951.0,25.0,,,,97218.0,824183.0,45353.0,97218.0,824183.0,869434.0,,,,2.004,3296.59,,200.4,270.9,,942464.0,TRE,
2024,4981,City of Deaver - (WY),M,Municipal,Y,1.0,WY,,,,,,,,,,,,,,,,,,,,,,,,,,,,,,
2024,5015,Delano Municipal Utilities,M,Municipal,Y,1.0,MN,,,,,,,,,,,,,,,,,,68827.0,0.0,,,,,,,,,,,
2024,5021,Delaware County Elec Coop Inc,C,Cooperative,Y,4.0,NY,,,,,,,,,,,,,,,,,,5581.0,23.0,,,,,,,,,,,
2024,5027,Delmarva Power,I,Investor Owned,,13.0,"DE,MD",931087.1,5310086.0,488318.0,368967.60000000003,5194749.0,66138.0,21758.1,1306901.0,243.0,0.0,0.0,0.0,1321812.7999999998,11811736.0,554699.0,1321812.8,11811736.0,13067832.0,712.0,323205.0,408214.0,480.548,103.0,0.7250000000000001,4130.0,3523.0,,7294105.0,RFC,49810.0
2024,5036,City of Delta - (CO),M,Municipal,Y,1.0,CO,,,,,,,,,,,,,,,,,,8462.0,3232.0,,,,,,,,,,,
2024,5056,City of Denison - (IA),M,Municipal,Y,1.0,IA,,,,,,,,,,,,,,,,,,,3607.0,,,,,,,,,,,
2024,5063,City of Denton - (TX),M,Municipal,,1.0,TX,90528.4,706593.0,58941.0,48485.6,1241113.0,7516.0,59792.0,614906.0,152.0,0.0,0.0,0.0,198806.0,2562612.0,66609.0,198806.0,2562612.0,1741345.0,13.0,,2.0,25.31,80.906,0.579,521.7,428.5,246657.0,2411334.0,TRE,703.805
2024,5070,Delaware Electric Cooperative,C,Cooperative,,2.0,DE,184505.0,1297535.0,104839.0,42188.0,304626.0,13488.0,873.0,4692.0,317.0,,,,227566.0,1606853.0,118644.0,227566.0,1606853.0,1680769.0,29.0,4036.0,1154.0,76.362,95.669,1.108,460.0,368.0,29541.0,1680158.0,RFC,463.507
2024,5071,Town of Dunreith - (IN),M,Municipal,Y,1.0,IN,,,,,,,,,,,,,,,,,,,,,,,,,,,,,,
2024,5076,City of Denver - (IA),M,Municipal,Y,1.0,IA,,,,,,,,,,,,,,,,,,,,,,,,,,,,,,
2024,5078,"Denton County Elec Coop, Inc",C,Cooperative,,6.0,TX,596470.0,4330266.0,298734.0,93048.1,653218.0,22050.0,175840.6,1543171.0,2999.0,,,,865358.7,6526655.0,323783.0,865358.7,6526655.0,6627402.0,136.0,12273.0,2817.0,178.86,43.8,0.585,1956.1,1376.1,,6718026.0,TRE,
2024,5086,Delta Montrose Electric Assn,C,Cooperative,,4.0,CO,41927.5,280040.0,32575.0,16678.8,143282.0,4053.0,10860.9,118410.0,265.0,,,,69467.2,541732.0,36893.0,69467.2,541732.0,578625.0,,,1728.0,31.788,157.826,1.421,104.7,102.5,32339.0,576213.0,WECC,
2024,5096,Village of Deshler - (OH),M,Municipal,Y,2.0,OH,,,,,,,,,,,,,,,,,,15169.0,0.0,,,,,,,,,,,
2024,5097,City of Deshler - (NE),M,Municipal,Y,1.0,NE,,,,,,,,,,,,,,,,,,,,,,,,,,,,,,
2024,5109,DTE Electric Company,I,Investor Owned,,23.0,MI,3045496.8,15131541.0,2067779.0,2428924.6,19175137.0,214696.0,732289.3,10107955.0,829.0,771.9,5477.0,2.0,6207482.600000001,44420110.0,2283306.0,6207482.600000001,44420110.0,42383523.0,7682.0,386356.0,23088.0,213.936,482.98,1.248,10689.0,6803.0,43041952.0,7176144.0,RFC,918741.0
2024,5111,City of Detroit Lakes - (MN),M,Municipal,Y,1.0,MN,,,,,,,,,,,,,,,,,,189284.0,,,1.0,,,,,,,,,
2024,5148,City of Dickson,M,Municipal,,5.0,TN,53049.0,455401.0,30808.0,31635.0,252454.0,8154.0,11146.0,140180.0,20.0,0.0,0.0,0.0,95830.0,848035.0,38982.0,95830.0,848035.0,887017.0,0.0,,2.0,,310.378,3.392,197.5,219.8,0.0,894387.0,SERC,
2024,5154,City of Dighton - (KS),M,Municipal,Y,1.0,KS,,,,,,,,,,,,,,,,,,,834.0,,,,,,,,,,,
2024,5155,City of Dike,M,Municipal,Y,1.0,IA,,,,,,,,,,,,,,,,,,,493.0,,,,,,,,,,,
2024,5175,Dixie Electric Power Assn - (MS),C,Cooperative,,7.0,MS,73397.8,546187.0,37803.0,24391.1,197875.0,3657.0,8661.6,91800.0,23.0,,,,106450.5,835862.0,41483.0,106450.5,835862.0,877345.0,,,,1.182,,,195.1,251.5,,888576.0,SERC,2657.4
2024,5202,Dixie Electric Membership Corp - (LA),C,Cooperative,,7.0,LA,209018.0,1754509.0,110675.0,27353.0,226972.0,7906.0,29496.0,282790.0,539.0,,,,265867.0,2264271.0,119120.0,265867.0,2264271.0,2004967.0,18484.0,,,18.663999999999998,237.14,4.76,600.4,690.0,,2394080.0,SERC,
2024,5204,Dixie Electric Coop - (AL),C,Cooperative,,8.0,AL,46941.0,311929.0,22054.0,27355.0,187587.0,4697.0,10980.0,100948.0,34.0,,,,85276.0,600464.0,26785.0,85276.0,600464.0,626803.0,12.0,,,,331.883,1.747,142.0,145.5,,621955.0,SERC,14.1
2024,5236,City of Doerun - (GA),M,Municipal,Y,1.0,GA,,,,,,,,,,,,,,,,,,,,,,,,,,,,,,
2024,5309,City of Dothan - (AL),M,Municipal,,2.0,AL,40445.0,377220.0,26752.0,43009.0,404400.0,5414.0,12518.0,166069.0,9.0,0.0,0.0,0.0,95972.0,947689.0,32175.0,95972.0,947689.0,979844.0,5.0,,,,72.957,0.747,203.3,244.5,,982608.0,SERC,
2024,5325,City of Douglas,M,Municipal,,1.0,GA,5597.8,58084.0,4124.0,22815.0,277603.0,1804.0,4209.6,49294.0,4.0,,,,32622.4,384981.0,5932.0,32622.4,384981.0,339758.0,90.0,,3.0,,,,68.4,65.0,,399855.0,SERC,
2024,5326,PUD No 1 of Douglas County,P,Political Subdivision,,1.0,WA,14320.0,454640.0,16667.0,43060.0,1099016.0,828.0,1367.0,47373.0,58.0,,,,58747.0,1601029.0,17553.0,58747.0,1601029.0,,22243.0,,,0.316,,,250.0,346.0,3502380.0,563292.0,WECC,
2024,5327,Douglas Electric Coop - (OR),C,Cooperative,Y,3.0,OR,,,,,,,,,,,,,,,,,,145962.0,0.0,,,,,,,,,,,
2024,5328,"Douglas Electric Coop, Inc",C,Cooperative,Y,5.0,SD,,,,,,,,,,,,,,,,,,,820.0,,,,,,,,,,,
2024,5334,"Doniphan Elec Coop Assn, Inc",C,Cooperative,Y,3.0,KS,,,,,,,,,,,,,,,,,,19663.0,,,,,,,,,,,,
2024,5335,City of Dover - (DE),M,Municipal,,1.0,DE,32754.0,211090.0,21601.0,28924.0,222788.0,3485.0,26276.0,281006.0,40.0,,,,87954.0,714884.0,25126.0,87954.0,714884.0,,25126.0,4.0,,11.928,,,163.8,112.9,13806.0,726385.0,RFC,
2024,5336,City of Dover - (OH),M,Municipal,,1.0,OH,8214.0,54650.0,5869.0,4326.0,29249.0,920.0,12732.0,106700.0,104.0,,,,25272.0,190599.0,6893.0,25272.0,190599.0,146083.0,1673.0,,,,109.46,0.83,40.8,30.3,59925.0,170242.0,RFC,
2024,5343,City of Dowagiac,M,Municipal,Y,1.0,MI,,,,,,,,,,,,,,,,,,,3073.0,,,,,,,,,,,
2024,5350,Village of Dorchester - (NE),M,Municipal,Y,1.0,NE,,,,,,,,,,,,,,,,,,,,,,,,,,,,,,
2024,5354,City of Drain - (OR),M,Municipal,Y,1.0,OR,,,,,,,,,,,,,,,,,,5762.0,429.0,,,,,,,,,,,
2024,5372,Town of Drexel - (NC),M,Municipal,Y,1.0,NC,,,,,,,,,,,,,,,,,,,,,,,,,,,,,,
2024,5392,Dublin Municipal Electric Util,M,Municipal,Y,1.0,IN,,,,,,,,,,,,,,,,,,,,,,,,,,,,,,
2024,5394,Dubois Rural Electric Coop Inc,C,Cooperative,,6.0,IN,24189.0,168200.0,13419.0,2695.0,19640.0,982.0,10675.0,102774.0,93.0,,,,37559.0,290614.0,14494.0,37559.0,290614.0,305047.0,2.0,,,0.98,,,70.9,58.9,213.0,304741.0,RFC,
2024,5399,Duck River Elec Member Corp,C,Cooperative,,14.0,TN,144303.0,1154607.0,71342.0,70285.0,525914.0,13828.0,19466.0,282324.0,15.0,0.0,0.0,0.0,234054.0,1962845.0,85185.0,234054.0,1962845.0,2048030.0,0.0,,5.0,,276.082,2.457,419.8,657.3,0.0,2037345.0,SERC,
2024,5402,City of Due West - (SC),M,Municipal,Y,1.0,SC,,,,,,,,,,,,,,,,,,,488.0,,,,,,,,,,,
2024,5416,"Duke Energy Carolinas, LLC",I,Investor Owned,,63.0,"NC,SC",4138376.5999999996,29665356.0,2487958.0,3060153.9,30598623.0,413160.0,1487411.1,19718073.0,5946.0,1273.5,12388.0,1.0,8687215.1,79994440.0,2907065.0,8687215.1,79994440.0,82151194.0,12849.0,302110.0,57646.0,734.25,4714.8745,2.4975,18322.0,18688.0,84962217.0,11997372.0,SERC,736160.426
2024,5417,Dunn County Electric Coop,C,Cooperative,,6.0,WI,16534.0,106993.0,9482.0,5849.0,50910.0,1108.0,4402.0,52495.0,6.0,,,,26785.0,210398.0,10596.0,26785.0,210398.0,220994.0,,3525.0,3.0,5.947,109.64,0.844,44.8,39.5,,221150.0,MRO,443.0
2024,5429,City of Duncan - (OK),M,Municipal,Y,1.0,OK,,,,,,,,,,,,,,,,,,179557.0,,,,,,,,,,,,
2024,5438,"Duncan Valley Elec Coop, Inc",C,Cooperative,Y,4.0,"AZ,NM",,,,,,,,,,,,,,,,,,,2468.0,,1.0,,,,,,,,,
2024,5442,Borough of Duncannon - (PA),M,Municipal,Y,1.0,PA,,,,,,,,,,,,,,,,,,,269.0,,,,,,,,,,,
2024,5470,ConocoPhillips Company,R,Retail Power Marketer,,,,0.0,0.0,0.0,1031.8,19631.0,1.0,12326.1,247352.0,1.0,0.0,0.0,0.0,13357.9,266983.0,2.0,13357.9,266983.0,,,,,,,,37.0,38.8,,19737899.0,,
2024,5479,City of Durant - (MS),M,Municipal,Y,1.0,MS,,,,,,,,,,,,,,,,,,,,,,,,,,,,,,
2024,5480,Town of Danvers,M,Municipal,,1.0,MA,15865.4,96468.0,11594.0,5049.9,31795.0,1549.0,21753.7,163111.0,349.0,,,,42669.0,291374.0,13492.0,42669.0,291374.0,16.0,13492.0,96.0,,4.561999999999999,,,76.0,48.2,,286542.0,NPCC,
2024,5487,Duquesne Light Co,I,Investor Owned,,3.0,PA,784398.0,4029736.0,550405.0,324328.0,5708249.0,62370.0,46833.0,3009242.0,1012.0,1328.0,14216.0,1.0,1156887.0,12761443.0,613788.0,1156887.0,12761443.0,12031604.0,109.0,,1344.0,194.196,,,2690.7,1922.6,,4538513.0,RFC,75228.17
2024,5509,City of Dyersburg,M,Municipal,,1.0,TN,14465.0,129756.0,9475.0,15951.0,138532.0,2590.0,7554.0,104658.0,10.0,0.0,0.0,0.0,37970.0,372946.0,12075.0,37970.0,372946.0,385021.0,0.0,,2.0,,26.34,0.28,83.6,71.6,0.0,386549.0,SERC,
2024,5518,City of Dysart - (IA),M,Municipal,Y,1.0,IA,,,,,,,,,,,,,,,,,,,,,,,,,,,,,,
2024,5529,City of Durant - (IA),M,Municipal,Y,3.0,IA,,,,,,,,,,,,,,,,,,,948.0,,,,,,,,,,,
2024,5531,Enerstar Power Corp,C,Cooperative,Y,5.0,IL,,,,,,,,,,,,,,,,,,,5293.0,,,,,,,,,,,
2024,5535,Egyptian Electric Coop Assn,C,Cooperative,,10.0,IL,28817.4,185504.0,13707.0,16950.0,131959.0,1758.0,,,,,,,45767.4,317463.0,15465.0,45767.4,317463.0,,15465.0,,,8.452,127.094,,73.4,95.0,,332705.0,RFC,
2024,5551,City of Eagle River - (WI),M,Municipal,,1.0,WI,872.7,6024.0,1055.0,2673.0,23076.0,532.0,0.0,0.0,0.0,0.0,0.0,0.0,3545.7,29100.0,1587.0,3545.7,29100.0,30695.0,0.0,,5.0,0.676,,,6.6,5.2,0.0,31094.0,MISO,
2024,5552,"East River Elec Pwr Coop, Inc",C,Cooperative,,,,,,,,,,,,,,,,,,,,,,,,,,,,657.5,836.2,,5195309.0,MRO,0.0
2024,5563,City of Earlville - (IA),M,Municipal,Y,1.0,IA,,,,,,,,,,,,,,,,,,,,,,,,,,,,,,
2024,5574,East Central Energy,C,Cooperative,,13.0,"MN,WI",99543.1,590164.0,60432.0,33439.7,269055.0,6977.0,9302.5,111872.0,184.0,0.0,0.0,0.0,142285.30000000002,971091.0,67593.0,142285.3,971091.0,1027853.0,54.0,,,18.548000000000002,178.4,0.6,190.3,155.7,,1022356.0,MRO,
2024,5575,City of East Grand Forks - (MN),M,Municipal,Y,1.0,MN,,,,,,,,,,,,,,,,,,165528.0,,,,,,,,,,,,
2024,5578,East Mississippi Elec Pwr Assn,C,Cooperative,,10.0,MS,18042.0,126541.0,9885.0,12626.0,91099.0,3351.0,0.0,0.0,0.0,0.0,0.0,0.0,30668.0,217640.0,13236.0,30668.0,217640.0,230876.0,0.0,,94.0,,663.0,3.63,50.8,65.2,0.0,232780.0,SERC,
2024,5580,"East Kentucky Power Coop, Inc",C,Cooperative,,,,,,,,,,,,,,,,,,,,,,,6495.0,,,,,2581.0,3754.0,9127998.0,5979584.0,SERC,5312.0
2024,5582,City of East Point - (GA),M,Municipal,,1.0,GA,19424.2,162306.0,16365.0,25146.7,274952.0,1507.0,,,,,,,44570.9,437258.0,17872.0,44570.9,437258.0,,17872.0,,1.0,,,,92.3,89.2,,479840.0,SERC,
2024,5583,City of Easton - (MO),M,Municipal,Y,1.0,MO,,,,,,,,,,,,,,,,,,,,,,,,,,,,,,
2024,5584,East End Mutual Elec Co Ltd,C,Cooperative,Y,2.0,ID,,,,,,,,,,,,,,,,,,,,,,,,,,,,,,
2024,5585,Eastern Illinois Elec Coop,C,Cooperative,,10.0,IL,28218.0,165027.0,11115.0,7968.0,51770.0,2370.0,2456.0,19230.0,14.0,0.0,0.0,0.0,38642.0,236027.0,13499.0,38642.0,236027.0,249526.0,0.0,,,12.004000000000001,268.0,2.177,51.6,54.6,,250876.0,RFC,
2024,5586,Borough of East Conemaugh,M,Municipal,Y,1.0,PA,,,,,,,,,,,,,,,,,,,,,,,,,,,,,,
2024,5588,East-Central Iowa Rural Elec Coop,C,Cooperative,,11.0,IA,15812.0,119049.0,7368.0,6769.0,58457.0,1850.0,3100.0,36964.0,6.0,,,,25681.0,214470.0,9224.0,25681.0,214470.0,223694.0,,,,0.504,37.85,0.53,45.0,51.0,,224030.0,RFC,
2024,5598,East Central Oklahoma Elec Coop Inc,C,Cooperative,,9.0,OK,54724.0,456285.0,33358.0,19663.0,203584.0,4081.0,,,,,,,74387.0,659869.0,37439.0,74387.0,659869.0,697275.0,1.0,,,5.362,286.045,1.659,154.7,190.7,,685547.0,SPP,
2024,5605,Eastern Iowa Light & Power Coop,C,Cooperative,,12.0,IA,38280.5,282368.0,20749.0,9270.4,77757.0,3304.0,15165.5,204507.0,17.0,,,,62716.4,564632.0,24070.0,62716.4,564632.0,588701.0,,,24070.0,11.15,220.0,1.29,113.8,94.9,,599165.0,MRO,212.346
2024,5609,Eastern Maine Electric Coop,C,Cooperative,,3.0,ME,11130.9,65257.0,10803.0,3644.9,23378.0,2424.0,1841.3,13908.0,30.0,0.0,0.0,0.0,16617.1,102543.0,13257.0,16617.1,102543.0,115187.0,81.0,,,0.722,1084.55,7.999,20.5,20.5,,102543.0,NPCC,
2024,5625,Easton Utilities Comm,M,Municipal,,1.0,MD,14012.7,107317.0,8590.0,16750.4,132123.0,2400.0,,,,,,,30763.1,239440.0,10990.0,30763.100000000002,239440.0,77.0,10990.0,,,7.34,10.492,0.225,58.4,55.3,-1779.0,253305.0,RFC,
2024,5630,City of Eaton Rapids - (MI),M,Municipal,Y,1.0,MI,,,,,,,,,,,,,,,,,,91275.0,,,,,,,,,,,,
2024,5631,Town of Eatonville - (WA),M,Municipal,Y,1.0,WA,,,,,,,,,,,,,,,,,,,,,,,,,,,,,,
2024,5632,Eau Claire Electric Coop,C,Cooperative,Y,8.0,WI,,,,,,,,,,,,,,,,,,218218.0,10.0,,32.0,,,,,,,,,
2024,5644,"Edisto Electric Coop, Inc",C,Cooperative,,8.0,SC,36978.6,225535.0,15421.0,10378.0,56887.0,5863.0,11004.1,101091.0,33.0,,,,58360.7,383513.0,21317.0,58360.7,383513.0,404831.0,,,,3.0340000000000003,2354.57,,99.9,112.9,,403929.0,SERC,
2024,5653,Village of Edgerton - (OH),M,Municipal,Y,1.0,OH,,,,,,,,,,,,,,,,,,,,,,,,,,,,,,
2024,5655,Edinburgh Municipal Utilities,M,Municipal,Y,3.0,IN,,,,,,,,,,,,,,,,,,67321.0,527.0,,,,,,,,,,,
2024,5656,Edgecombe-Martin County E M C,C,Cooperative,,8.0,NC,23470.4,146098.0,10716.0,4867.0,43033.0,1089.0,1620.6,19724.0,13.0,,,,29958.0,208855.0,11818.0,29958.0,208855.0,220673.0,,,,,113.372,1.156,49.9,48.8,,219474.0,SERC,
2024,5661,City of Edmond - (OK),M,Municipal,,1.0,OK,60235.5,536722.0,39532.0,40232.8,389655.0,4929.0,,,,,,,100468.3,926377.0,44461.0,100468.3,926377.0,970446.0,,,18.0,0.964,106.929,1.359,289.7,160.5,,1011224.0,SPP,
2024,5686,City of El Dorado Springs - (MO),M,Municipal,Y,1.0,MO,,,,,,,,,,,,,,,,,,,,,,,,,,,,,,
2024,5692,City of Eitzen - (MN),M,Municipal,Y,1.0,MN,,,,,,,,,,,,,,,,,,2164.0,,,,,,,,,,,,
2024,5701,El Paso Electric Co,I,Investor Owned,,7.0,"NM,TX",443790.0,3502702.0,407336.0,374087.0,4091846.0,52082.0,49735.0,1061926.0,54.0,0.0,0.0,0.0,867612.0,8656474.0,459472.0,867612.0,8656474.0,5096828.0,55377.0,38534.0,1125.0,416.11400000000003,77.94,0.8295,2316.0,1181.0,10924733.0,3861579.0,WECC,28042.0
2024,5703,Empire Natural Gas Corporation,R,Retail Power Marketer,,,,0.0,0.0,0.0,2402.4,36276.0,363.0,397.9,5820.0,30.0,0.0,0.0,0.0,2800.3,42096.0,393.0,2800.3,42096.0,,,,,,,,,,,54494.0,RFC,
2024,5721,City of Elfin Cove - (AK),M,Municipal,Y,2.0,AK,,,,,,,,,,,,,,,,,,,,,,,,,,,,,,
2024,5728,City of Elba - (AL),M,Municipal,Y,1.0,AL,,,,,,,,,,,,,,,,,,,,,,,,,,,,,,
2024,5729,Electrical Dist No8 Maricopa,P,Political Subdivision,,1.0,AZ,,,,,,,23288.0,391510.0,695.0,,,,23288.0,391510.0,695.0,23288.0,391510.0,695.0,695.0,,,,,,73.0,68.0,,402942.0,WECC,
2024,5730,City of Elberton,M,Municipal,Y,1.0,GA,,,,,,,,,,,,,,,,,,1354.0,3866.0,,,,,,,,,,,
2024,5732,City of Elbow Lake - (MN),M,Municipal,Y,1.0,MN,,,,,,,,,,,,,,,,,,,809.0,,,,,,,,,,,
2024,5741,City of Eldorado - (OK),M,Municipal,Y,1.0,OK,,,,,,,,,,,,,,,,,,,,,,,,,,,,,,
2024,5742,Eldridge City Utilities,M,Municipal,Y,1.0,IA,,,,,,,,,,,,,,,,,,,2753.0,,,,,,,,,,,
2024,5744,City of Electra - (TX),M,Municipal,Y,1.0,TX,,,,,,,,,,,,,,,,,,20706.0,,,,,,,,,,,,
2024,5752,Village of Eldorado - (OH),M,Municipal,Y,1.0,OH,,,,,,,,,,,,,,,,,,,,,,,,,,,,,,
2024,5760,City of Elizabeth City - (NC),M,Municipal,,1.0,NC,17876.0,152058.0,11366.0,14455.0,152165.0,2130.0,,,,,,,32331.0,304223.0,13496.0,32331.0,304223.0,297238.0,23.0,,,,,,72.1,72.6,,324916.0,SERC,
2024,5762,Village of Elk Creek - (NE),M,Municipal,Y,1.0,NE,,,,,,,,,,,,,,,,,,,,,,,,,,,,,,
2024,5763,City of Elizabethton - (TN),M,Municipal,,4.0,TN,37469.0,317055.0,23344.0,18845.0,162229.0,3707.0,2488.0,33605.0,2.0,0.0,0.0,0.0,58802.0,512889.0,27053.0,58802.0,512889.0,539942.0,0.0,,1.0,,,,101.4,154.6,0.0,534350.0,SERC,
2024,5771,City of Elk Point,M,Municipal,Y,1.0,SD,,,,,,,,,,,,,,,,,,,1046.0,,,,,,,,,,,
2024,5773,City of Elk River,M,Municipal,,3.0,MN,16337.0,103231.0,11776.0,4485.0,29416.0,1460.0,21712.0,184109.0,230.0,,,,42534.0,316756.0,13466.0,42534.0,316756.0,10430.0,8425.0,8.0,77.0,2.146,42.083,0.354,70.5,47.8,,327715.0,MRO,3606.099
2024,5777,City of Elkhorn - (WI),M,Municipal,Y,1.0,WI,,,,,,,,,,,,,,,,,,95645.0,105.0,,,,,,,,,,,
2024,5780,Elkhorn Rural Public Pwr Dist,P,Political Subdivision,,8.0,NE,9923.0,105401.0,6146.0,3779.0,39089.0,781.0,18713.0,199904.0,3304.0,0.0,0.0,0.0,32415.0,344394.0,10231.0,32415.0,344394.0,279259.0,10.0,1641.0,,0.6419999999999999,,,139.8,47.1,,365474.0,SPP,380.274
2024,5794,Town of Elkton,M,Municipal,Y,1.0,VA,,,,,,,,,,,,,,,,,,,1129.0,,,,,,,,,,,
2024,5795,City of Elsmore - (KS),M,Municipal,Y,1.0,KS,,,,,,,,,,,,,,,,,,,,,,,,,,,,,,
2024,5796,City of Ellaville,M,Municipal,Y,1.0,GA,,,,,,,,,,,,,,,,,,,,,,,,,,,,,,
2024,5802,City of Ellinwood - (KS),M,Municipal,Y,1.0,KS,,,,,,,,,,,,,,,,,,16160.0,,,,,,,,,,,,
2024,5827,City of Ellsworth - (IA),M,Municipal,Y,1.0,IA,,,,,,,,,,,,,,,,,,,,,,,,,,,,,,
2024,5828,Borough of Ellwood City - (PA),M,Municipal,Y,2.0,PA,,,,,,,,,,,,,,,,,,,4014.0,,,,,,,,,,,
2024,5832,Elmhurst Mutual Power & Light Co,C,Cooperative,,1.0,WA,18921.7,227517.0,15410.0,3919.3,47127.0,785.0,,,,,,,22841.0,274644.0,16195.0,22841.0,274644.0,44056.0,12966.0,,,1.586,,,46.6,79.0,,287466.0,WECC,374.0
2024,5833,Village of Elmore - (OH),M,Municipal,Y,1.0,OH,,,,,,,,,,,,,,,,,,,,,,,,,,,,,,
2024,5834,City of Elroy - (WI),M,Municipal,Y,1.0,WI,,,,,,,,,,,,,,,,,,,799.0,,,,,,,,,,,
2024,5839,City of Elwood - (KS),M,Municipal,Y,1.0,KS,,,,,,,,,,,,,,,,,,,,,,,,,,,,,,
2024,5841,City of Ely - (MN),M,Municipal,Y,1.0,MN,,,,,,,,,,,,,,,,,,41585.0,,,,,,,,,,,,
2024,5850,City of Emerson - (NE),M,Municipal,Y,3.0,NE,,,,,,,,,,,,,,,,,,6704.0,,,,,,,,,,,,
2024,5860,Empire District Electric Co,I,Investor Owned,,23.0,"AR,KS,MO,OK",286835.0,1932059.0,159663.0,216774.1,1677629.0,28404.0,109983.1,1163254.0,347.0,,,,613592.2,4772942.0,188414.0,613592.2,4772942.0,4895158.0,382.0,,165899.0,212.75999999999996,545.355,1.9505000000000003,1074.0,1239.0,3564736.0,2030630.0,SPP,16619.0
2024,5862,"Empire Electric Assn, Inc",C,Cooperative,,4.0,"CO,UT",17970.7,116908.0,13845.0,17148.1,156087.0,3176.0,22922.9,320376.0,143.0,,,,58041.7,593371.0,17164.0,58041.700000000004,593371.0,243717.0,18.0,,17164.0,13.446,158.2,1.762,87.1,87.9,19446.0,599847.0,WECC,1853.18
2024,5875,Village of Endicott - (NY),M,Municipal,Y,1.0,NY,,,,,,,,,,,,,,,,,,52757.0,,,,,,,,,,,,
2024,5880,"Energy Coop of New York, Inc",R,Retail Power Marketer,,,,10881.0,171026.0,4114.0,23739.0,368450.0,1978.0,1355.0,24633.0,7.0,0.0,0.0,0.0,35975.0,564109.0,6099.0,35975.0,564109.0,,,1.0,,,,,118.3,90.1,,586216.0,NPCC,
2024,5896,Town of Enfield - (NC),M,Municipal,Y,1.0,NC,,,,,,,,,,,,,,,,,,,1243.0,,,,,,,,,,,
2024,5905,Excelsior Electric Member Corp,C,Cooperative,,8.0,GA,45450.0,333979.0,23422.0,12749.0,183285.0,1639.0,4267.0,30314.0,410.0,,,,62466.0,547578.0,25471.0,62466.0,547578.0,573023.0,0.0,226.0,,1.855,,,103.3,133.3,,567153.0,SERC,
2024,5915,Village of Enosburg Falls - (VT),M,Municipal,Y,1.0,VT,,,,,,,,,,,,,,,,,,,,,,,,,,,,,,
2024,5919,City of Enterprise - (KS),M,Municipal,Y,1.0,KS,,,,,,,,,,,,,,,,,,0.0,431.0,,,,,,,,,,,
2024,5927,Village of Endicott - (NE),M,Municipal,Y,1.0,NE,,,,,,,,,,,,,,,,,,,,,,,,,,,,,,
2024,5928,Town of Etna Green,M,Municipal,Y,1.0,IN,,,,,,,,,,,,,,,,,,,,,,,,,,,,,,
2024,5929,"Fairfield Electric Coop, Inc",C,Cooperative,,5.0,SC,63647.0,443569.0,32397.0,11310.0,84472.0,1818.0,10358.0,143971.0,17.0,,,,85315.0,672012.0,34232.0,85315.0,672012.0,,34232.0,,,,,,166.0,172.0,,697114.0,SERC,
2024,5930,Village of Fairport - (NY),M,Municipal,,1.0,NY,15472.9,231269.0,16462.0,6737.6,89145.0,1602.0,4487.3,90635.0,12.0,0.0,0.0,0.0,26697.8,411049.0,18076.0,26697.8,411049.0,,18036.0,,,,36.565,0.91,80.9,95.2,,436233.0,NPCC,2556.66
2024,5932,City of Ephraim - (UT),M,Municipal,Y,1.0,UT,,,,,,,,,,,,,,,,,,39485.0,,,,,,,,,,,,
2024,5935,Borough of Ephrata - (PA),M,Municipal,Y,1.0,PA,,,,,,,,,,,,,,,,,,145129.0,,,,,,,,,,,,
2024,5945,City of Erath - (LA),M,Municipal,Y,1.0,LA,,,,,,,,,,,,,,,,,,,,,,,,,,,,,,
2024,5957,City of Erie - (KS),M,Municipal,Y,1.0,KS,,,,,,,,,,,,,,,,,,9900.0,0.0,,,,,,,,,,,
2024,5961,Town of Erwin - (TN),M,Municipal,,3.0,TN,11330.0,92620.0,7618.0,7014.0,53274.0,1387.0,3790.0,46257.0,3.0,0.0,0.0,0.0,22134.0,192151.0,9008.0,22134.0,192151.0,201159.0,0.0,,2.0,,,,38.6,46.7,0.0,198514.0,SERC,
2024,5964,"Escambia River Elec Coop, Inc",C,Cooperative,,2.0,FL,27476.0,179919.0,11914.0,6315.0,44596.0,1310.0,,,,,,,33791.0,224515.0,13224.0,33791.0,224515.0,237741.0,4.0,,8.0,2.382,,,56.0,56.0,,235960.0,SERC,
2024,5969,City of Escondido - (CA),M,Municipal,,1.0,CA,,,,215.0,4155.0,1.0,,,,,,,215.0,4155.0,1.0,215.0,4155.0,1.0,1.0,,,,,,0.7,0.5,4155.0,0.0,WECC,
2024,5995,City of Estelline - (SD),M,Municipal,Y,1.0,SD,,,,,,,,,,,,,,,,,,,,,,,,,,,,,,
2024,5997,Town of Estes Park,M,Municipal,Y,2.0,CO,,,,,,,,,,,,,,,,,,142055.0,630.0,,478.0,,,,,,,,,
2024,5998,City of Estherville - (IA),M,Municipal,Y,1.0,IA,,,,,,,,,,,,,,,,,,,,,,,,,,,,,,
2024,6008,City of Etowah,M,Municipal,,1.0,TN,8252.0,60613.0,4443.0,3974.0,27440.0,916.0,4518.0,72728.0,1.0,0.0,0.0,0.0,16744.0,160781.0,5360.0,16744.0,160781.0,166141.0,0.0,,1.0,,,,30.2,36.3,0.0,165754.0,SERC,
2024,6019,City of Eudora - (KS),M,Municipal,Y,1.0,KS,,,,,,,,,,,,,,,,,,43121.0,,,,,,,,,,,,
2024,6022,City of Eugene - (OR),M,Municipal,,1.0,OR,123745.7,946592.0,89582.0,76095.1,760734.0,9176.0,36992.2,568533.0,1181.0,0.0,0.0,0.0,236833.0,2275859.0,99939.0,236833.0,2275859.0,2098752.0,3586.0,,,20.402,65.26,0.34,418.3,447.9,286178.0,2740326.0,WECC,7740.0
2024,6043,City of Evansville,M,Municipal,,2.0,WI,4495.5,28402.0,3806.0,3813.0,27375.0,659.0,1059.2,9282.0,2.0,0.0,0.0,0.0,9367.7,65059.0,4467.0,9367.7,65059.0,69299.0,,,108.0,1.369,,,16.4,12.1,,69050.0,MISO,
2024,6052,City of Evergreen - (AL),M,Municipal,Y,1.0,AL,,,,,,,,,,,,,,,,,,51137.0,,,,,,,,,,,,
2024,6112,"Farmers Electric Coop, Inc - (IA)",C,Cooperative,Y,6.0,IA,,,,,,,,,,,,,,,,,,129793.0,,,1.0,,,,,,,,,
2024,6127,City of Fairbank - (IA),M,Municipal,Y,2.0,IA,,,,,,,,,,,,,,,,,,,587.0,,,,,,,,,,,
2024,6130,City of Fairburn - (GA),M,Municipal,Y,1.0,GA,,,,,,,,,,,,,,,,,,,3488.0,,,,,,,,,,,
2024,6132,City of Fairbury,M,Municipal,Y,3.0,NE,,,,,,,,,,,,,,,,,,,3591.0,,,,,,,,,,,
2024,6136,Village of Fairmont - (NE),M,Municipal,Y,1.0,NE,,,,,,,,,,,,,,,,,,,,,,,,,,,,,,
2024,6138,City of Fairfax - (MN),M,Municipal,Y,1.0,MN,,,,,,,,,,,,,,,,,,,754.0,,,,,,,,,,,
2024,6141,City of Fairfield- (IL),M,Municipal,Y,1.0,IL,,,,,,,,,,,,,,,,,,61357.0,,,,,,,,,,,,
2024,6145,City of Fairhope - (AL),M,Municipal,Y,1.0,AL,,,,,,,,,,,,,,,,,,7735.0,6253.0,,,,,,,,,,,
2024,6149,City of Ellensburg - (WA),M,Municipal,,1.0,WA,9950.0,95700.0,8799.0,9245.0,119740.0,1378.0,642.0,9078.0,1.0,,,,19837.0,224518.0,10178.0,19837.0,224518.0,12.0,10178.0,,,5.01,,,40.5,49.5,,226355.0,WECC,
2024,6151,Fairmont Public Utilities Comm,M,Municipal,Y,1.0,MN,,,,,,,,,,,,,,,,,,144394.0,33.0,,,,,,,,,,,
2024,6152,City of Fairview - (OK),M,Municipal,Y,1.0,OK,,,,,,,,,,,,,,,,,,33142.0,,,,,,,,,,,,
2024,6154,Fairview City Corporation,M,Municipal,Y,1.0,UT,,,,,,,,,,,,,,,,,,,946.0,,,,,,,,,,,
2024,6155,"Farmers Electric Company, Ltd - (ID)",C,Cooperative,Y,1.0,ID,,,,,,,,,,,,,,,,,,,,,,,,,,,,,,
2024,6157,City of Faith - (SD),M,Municipal,Y,1.0,SD,,,,,,,,,,,,,,,,,,,,,,,,,,,,,,
2024,6168,Farmers Electric Coop - (IA),C,Cooperative,Y,3.0,IA,,,,,,,,,,,,,,,,,,,902.0,,,,,,,,,,,
2024,6169,Fall River Rural Elec Coop Inc,C,Cooperative,,7.0,"ID,MT,WY",26983.0,243428.0,17282.0,12549.0,160038.0,3431.0,,,,,,,39532.0,403466.0,20713.0,39532.0,403466.0,424179.0,,,,4.03,13.646666666666667,0.10733333333333334,93.8,94.2,55329.0,404529.0,WECC,
2024,6172,City of Fallon - (NV),M,Municipal,Y,1.0,NV,,,,,,,,,,,,,,,,,,58790.0,1161.0,,,,,,,,,,,
2024,6173,Fannin County Electric Coop,C,Cooperative,,5.0,TX,25509.0,163036.0,11712.0,6779.0,59069.0,429.0,146.0,460.0,31.0,,,,32434.0,222565.0,12172.0,32434.0,222565.0,234737.0,,,,,,,60.0,85.0,,236096.0,TRE,
2024,6175,City of Falls City - (NE),M,Municipal,Y,1.0,NE,,,,,,,,,,,,,,,,,,,2648.0,,,,,,,,,,,
2024,6178,City of Falmouth - (KY),M,Municipal,Y,1.0,KY,,,,,,,,,,,,,,,,,,,1054.0,,,,,,,,,,,
2024,6181,"Farmers Electric Coop, Inc - (MO)",C,Cooperative,,10.0,MO,21636.1,162047.0,12451.0,4503.2,40227.0,1181.0,5379.7,76136.0,9.0,0.0,0.0,0.0,31519.0,278410.0,13641.0,31519.0,278410.0,292051.0,,,,3.266,276.79,1.54,63.2,71.4,,293506.0,SERC,
2024,6182,"Farmers Electric Coop, Inc - (TX)",C,Cooperative,,12.0,TX,144196.0,1252373.0,84006.0,27708.0,253915.0,16330.0,11921.0,191999.0,23.0,,,,183825.0,1698287.0,100359.0,183825.0,1698287.0,1789170.0,6494.0,2101.0,13.0,44.449,134.728,1.352,487.3,537.3,,1744393.0,TRE,
2024,6183,"Fayette Electric Coop, Inc",C,Cooperative,,8.0,TX,21194.0,168974.0,14150.0,7967.0,66480.0,2064.0,9650.0,127810.0,16.0,,,,38811.0,363264.0,16230.0,38811.0,363264.0,23.0,16230.0,,,3.236,,,74.3,98.8,,390513.0,TRE,
2024,6192,City of Farmer City - (IL),M,Municipal,Y,1.0,IL,,,,,,,,,,,,,,,,,,,1125.0,,,,,,,,,,,
2024,6194,Farmers Rural Electric Coop Corp - (KY),C,Cooperative,,11.0,KY,40733.0,311377.0,24889.0,9934.0,79164.0,2006.0,8969.0,93053.0,6.0,,,,59636.0,483594.0,26901.0,59636.0,483594.0,414589.0,21.0,,,1.419,396.41,1.99,114.2,151.2,,506676.0,RFC,
2024,6198,"Farmers Electric Coop, Inc - (NM)",C,Cooperative,,10.0,"NM,TX",13199.7,102596.0,10258.0,12438.4,102977.0,1882.0,16148.2,176577.0,1532.0,,,,41786.3,382150.0,13672.0,41786.3,382150.0,43.0,13672.0,,,4.856,,,73.1,64.3,,403483.0,SPP,117.0
2024,6203,City of Farmersville - (TX),M,Municipal,Y,1.0,TX,,,,,,,,,,,,,,,,,,32348.0,,,,,,,,,,,,
2024,6204,City of Farmington - (NM),M,Municipal,,2.0,NM,35708.0,281427.0,35990.0,41129.0,372913.0,9110.0,17908.0,260889.0,7.0,0.0,0.0,0.0,94745.0,915229.0,45107.0,94745.0,915229.0,23668.0,45107.0,,,5.128,103.431,0.833,182.0,137.0,438972.0,486660.0,WECC,
2024,6205,City of Farmington - (MO),M,Municipal,,1.0,MO,9495.8,92950.0,7250.0,2228.9,21050.0,970.0,6399.8,79100.0,180.0,,,,18124.5,193100.0,8400.0,18124.5,193100.0,952.0,8400.0,,,0.532,,,46.0,53.0,201594.0,,SERC,
2024,6206,Farmers Electric Coop Corp - (AR),C,Cooperative,Y,5.0,AR,,,,,,,,,,,,,,,,,,85356.0,,,,,,,,,,,,
2024,6207,Farmington River Power Company,I,Investor Owned,,1.0,CT,0.0,0.0,0.0,0.0,0.0,0.0,3385.2,31045.0,1.0,0.0,0.0,0.0,3385.2,31045.0,1.0,3385.2,31045.0,,,,,,,,9.0,9.0,31045.0,,NPCC,
2024,6209,Town of Farmville - (NC),M,Municipal,Y,1.0,NC,,,,,,,,,,,,,,,,,,50008.0,,,,,,,,,,,,
2024,6210,City of Farnhamville - (IA),M,Municipal,Y,1.0,IA,,,,,,,,,,,,,,,,,,,297.0,,,,,,,,,,,
2024,6231,City of Fayette - (MO),M,Municipal,Y,1.0,MO,,,,,,,,,,,,,,,,,,,,,,,,,,,,,,
2024,6234,City of Fayetteville,M,Municipal,,4.0,TN,30361.0,254558.0,16667.0,16495.0,125196.0,2793.0,6202.0,95041.0,5.0,0.0,0.0,0.0,53058.0,474795.0,19465.0,53058.0,474795.0,494260.0,0.0,,4.0,,217.269,2.209,106.1,120.7,0.0,496851.0,SERC,
2024,6235,Fayetteville Public Works Commission,M,Municipal,,1.0,NC,108073.0,885025.0,75987.0,79048.0,694522.0,9426.0,25043.0,364666.0,22.0,0.0,0.0,0.0,212164.0,1944213.0,85435.0,212164.0,1944213.0,2029648.0,,,85435.0,3.466,129.263,1.764,408.0,406.0,44893.0,2032283.0,SERC,
2024,6258,Federated Rural Electric Assn,C,Cooperative,,11.0,"IA,MN",9823.0,84386.0,5780.0,7841.0,71286.0,1255.0,20640.0,274494.0,8.0,,,,38304.0,430166.0,7043.0,38304.0,430166.0,437209.0,,,1.0,2.034,76.702,0.947,74.0,70.4,3940.0,448970.0,MRO,
2024,6272,"FEM Electric Assn, Inc",C,Cooperative,Y,3.0,SD,,,,,,,,,,,,,,,,,,168611.0,0.0,,,,,,,,,,,
2024,6274,City of Fennimore - (WI),M,Municipal,Y,1.0,WI,,,,,,,,,,,,,,,,,,27271.0,,,,,,,,,,,,
2024,6276,Town of Ferdinand - (IN),M,Municipal,Y,1.0,IN,,,,,,,,,,,,,,,,,,121.0,864.0,,,,,,,,,,,
2024,6297,PUD No 1 of Ferry County,P,Political Subdivision,Y,2.0,WA,,,,,,,,,,,,,,,,,,39295.0,0.0,,,,,,,,,,,
2024,6316,Fillmore City Corporation,M,Municipal,Y,1.0,UT,,,,,,,,,,,,,,,,,,38356.0,,,,,,,,,,,,
2024,6335,"Firelands Electric Coop, Inc",C,Cooperative,Y,5.0,OH,,,,,,,,,,,,,,,,,,156227.0,,,,,,,,,,,,
2024,6342,First Electric Coop Corp,C,Cooperative,,17.0,AR,163494.0,1332404.0,95175.0,36452.0,225602.0,7003.0,38310.0,505212.0,1782.0,,,,238256.0,2063218.0,103960.0,238256.0,2063218.0,1848551.0,3.0,6387.0,,41.528000000000006,277.783,2.435,463.6,599.8,,2150596.0,SERC,
2024,6369,Fishers Island Utility Co Inc,I,Investor Owned,,1.0,NY,1915.3,5018.0,657.0,457.6,2061.0,113.0,0.0,0.0,0.0,0.0,0.0,0.0,2372.9,7079.0,770.0,2372.9,7079.0,770.0,770.0,,,,,,2.5,1.2,0.0,7951.0,NPCC,
2024,6374,Fitchburg Gas & Elec Light Co,I,Investor Owned,,2.0,MA,39335.8,164122.0,26290.0,15758.6,94604.0,4564.0,13482.9,177234.0,30.0,,,,68577.3,435960.0,30884.0,68577.3,435960.0,468150.0,1.0,460.0,32.0,75.634,64.6,1.046,90.0,81.0,,94144.0,NPCC,3765.0
2024,6380,Fitzgerald Wtr Lgt & Bond Comm,M,Municipal,Y,1.0,GA,,,,,,,,,,,,,,,,,,21520.0,,,,,,,,,,,,
2024,6389,Energy Harbor Generation LLC,W,Wholesale Power Marketer,,,,,,,,,,,,,,,,,,,,,,,,,,,,,,32366868.0,,RFC,
2024,6390,City of Flandreau,M,Municipal,Y,1.0,SD,,,,,,,,,,,,,,,,,,33558.0,,,,,,,,,,,,
2024,6395,Flathead Electric Coop Inc,C,Cooperative,,6.0,MT,88257.1,913035.0,63317.0,36941.4,484660.0,12568.0,13173.8,219676.0,97.0,,,,138372.3,1617371.0,75982.0,138372.3,1617371.0,1687131.0,379.0,2749.0,63118.0,9.033,586.42,2.72,278.0,440.4,17777.0,1681705.0,WECC,1792.854
2024,6396,City of Flatonia - (TX),M,Municipal,Y,2.0,TX,,,,,,,,,,,,,,,,,,,,,,,,,,,,,,
2024,6411,Flint Electric Membership Corp,C,Cooperative,,17.0,GA,171879.6,1267065.0,83739.0,61667.0,515721.0,12181.0,15512.1,193993.0,787.0,,,,249058.7,1976779.0,96707.0,249058.7,1976779.0,2073487.0,,19118.0,473.0,13.984,157.62,1.4,444.7,566.1,0.0,2032575.0,SERC,
2024,6417,City of Flora - (IL),M,Municipal,Y,1.0,IL,,,,,,,,,,,,,,,,,,105476.0,0.0,,,,,,,,,,,
2024,6418,Town of Fleming - (CO),M,Municipal,Y,1.0,CO,,,,,,,,,,,,,,,,,,,,,,,,,,,,,,
2024,6422,City of Florence - (AL),M,Municipal,,1.0,AL,73769.0,635264.0,41594.0,53141.0,431864.0,10687.0,7239.0,117919.0,8.0,0.0,0.0,0.0,134149.0,1185047.0,52289.0,134149.0,1185047.0,190301.0,37609.0,,3.0,,,,270.8,325.6,0.0,1245018.0,SERC,
2024,6424,Florence Utility Comm,M,Municipal,,1.0,WI,1143.8,7360.0,1428.0,1182.3,7916.0,193.0,0.0,0.0,0.0,0.0,0.0,0.0,2326.1,15276.0,1621.0,2326.1,15276.0,9659.0,481.0,,3.0,0.08,41.695,0.277,3.6,3.1,0.0,16215.0,MISO,
2024,6425,Flora Utilities,M,Municipal,Y,1.0,IN,,,,,,,,,,,,,,,,,,8631.0,,,,,,,,,,,,
2024,6427,City of Floresville,M,Municipal,,2.0,TX,31990.7,258528.0,15797.0,16773.3,129723.0,2118.0,,,,,,,48764.0,388251.0,17915.0,48764.0,388251.0,393491.0,9.0,,,7.109999999999999,64.44,0.659,96.5,100.4,,413582.0,TRE,
2024,6431,"Flint Hills Rural E C A, Inc",C,Cooperative,Y,10.0,KS,,,,,,,,,,,,,,,,,,89392.0,,,782.0,,,,,,,,,
2024,6442,Fleming-Mason Energy Coop Inc,C,Cooperative,,8.0,KY,37395.0,286661.0,23666.0,14624.0,135943.0,2303.0,36410.0,566455.0,6.0,,,,88429.0,989059.0,25975.0,88429.0,989059.0,448573.0,6.0,,24.0,1.186,831.14,2.32,139.3,191.1,,1011893.0,RFC,
2024,6443,"Florida Keys El Coop Assn, Inc",C,Cooperative,,1.0,FL,60035.0,463854.0,28815.0,13781.0,99661.0,5175.0,27398.0,212323.0,532.0,,,,101214.0,775838.0,34522.0,101214.0,775838.0,810360.0,,,,7.022,50.447,0.784,166.0,119.0,,844469.0,FRCC,
2024,6452,Florida Power & Light Co,I,Investor Owned,,43.0,FL,9720848.0,70926801.0,5236277.0,5758038.0,53585736.0,653302.0,388560.0,4837136.0,15594.0,7246.0,66070.0,1.0,15874692.0,129415743.0,5905174.0,15874692.0,129415743.0,124242894.0,42948.0,649428.0,,2139.1899999999996,702.08,1.04,28266.0,20596.0,145650031.0,3692980.0,"FRCC, SERC",81105.0
2024,6455,"Duke Energy Florida, LLC",I,Investor Owned,,32.0,FL,3665224.1,22042842.0,1793067.0,1936988.4,15801970.0,214726.0,318169.2,3286894.0,1671.0,0.0,0.0,0.0,5920381.7,41131706.0,2009464.0,5920381.7,41131706.0,43141249.0,2100.0,433364.0,19083.0,1800.9159999999997,2499.54,2.206,9469.4,7354.3,43574886.0,2355348.0,FRCC,52706.0
2024,6457,Florida Public Utilities Co,I,Investor Owned,,4.0,FL,55947.0,310576.0,25560.0,47641.0,305971.0,4459.0,4625.0,77249.0,2.0,,,,108213.0,693796.0,30021.0,108213.0,693796.0,17309.0,33891.0,,7.0,16.958,,,145.5,153.0,,693796.0,FRCC,188.0
2024,6458,Energy Harbor Corp.,R,Retail Power Marketer,,,,852682.2,12298140.0,1159285.0,470001.39999999997,8638282.0,104552.0,333550.7,7123841.0,473.0,0.0,0.0,0.0,1656234.3,28060263.0,1264310.0,1656234.2999999998,28060263.0,,,,,,,,,,,28060263.0,RFC,
2024,6472,City of Floydada - (TX),M,Municipal,Y,1.0,TX,,,,,,,,,,,,,,,,,,,,,,,,,,,,,,
2024,6491,Foley Board of Utilities,M,Municipal,,1.0,AL,101881.0,755706.0,50954.0,54280.0,460537.0,7313.0,4446.0,45973.0,3.0,,,,160607.0,1262216.0,58270.0,160607.0,1262216.0,611138.0,39098.0,,,1.54,69.62,1.044,296.8,355.7,,1293031.0,,
2024,6496,City of Fonda - (IA),M,Municipal,Y,1.0,IA,,,,,,,,,,,,,,,,,,620.0,48.0,,,,,,,,,,,
2024,6501,City of Fontanelle - (IA),M,Municipal,Y,1.0,IA,,,,,,,,,,,,,,,,,,44.0,454.0,,,,,,,,,,,
2024,6509,Town of Fort Laramie- (WY),M,Municipal,Y,1.0,WY,,,,,,,,,,,,,,,,,,,158.0,,,,,,,,,,,
2024,6567,Florida Municipal Power Agency,M,Municipal,,,,,,,,,,,,,,,,,,,,,,,,,,,,1653.0,1199.9,8957242.0,347648.0,SERC,
2024,6579,City of Forest City- (IA),M,Municipal,Y,2.0,IA,,,,,,,,,,,,,,,,,,,2094.0,,,,,,,,,,,
2024,6580,Town of Forest City,M,Municipal,Y,1.0,NC,,,,,,,,,,,,,,,,,,,4269.0,,,,,,,,,,,
2024,6582,City of Forest Grove,M,Municipal,,1.0,OR,12076.0,121579.0,10369.0,2179.0,24176.0,807.0,9338.0,118163.0,140.0,0.0,0.0,0.0,23593.0,263918.0,11316.0,23593.0,263918.0,234.0,11415.0,,,1.222,,,52.9,61.5,,279407.0,WECC,
2024,6598,City of Forsyth - (GA),M,Municipal,Y,1.0,GA,,,,,,,,,,,,,,,,,,,2299.0,,,,,,,,,,,
2024,6604,City of Fort Collins - (CO),M,Municipal,,1.0,CO,69729.7,527984.0,70803.0,55003.0,478265.0,9174.0,38469.9,453613.0,13.0,,,,163202.6,1459862.0,79990.0,163202.6,1459862.0,1537378.0,148.0,6013.0,70656.0,73.34700000000001,11.09,0.24,307.2,245.3,,1471417.0,WECC,31586.1
2024,6608,Fort Loudoun Electric Coop,C,Cooperative,,3.0,TN,59487.0,491103.0,30527.0,19706.0,145628.0,5756.0,3722.0,46817.0,4.0,0.0,0.0,0.0,82915.0,683548.0,36287.0,82915.0,683548.0,719835.0,0.0,,3.0,,472.02,2.855,153.5,249.8,0.0,715663.0,SERC,
2024,6609,City of Fort Meade - (FL),M,Municipal,Y,1.0,FL,,,,,,,,,,,,,,,,,,,2757.0,,,,,,,,,,,
2024,6610,City of Fort Morgan,M,Municipal,,1.0,CO,4713.2,67589.0,5999.0,12182.3,127267.0,1134.0,6501.2,74720.0,1.0,0.0,0.0,0.0,23396.7,269576.0,7134.0,23396.7,269576.0,36682.0,4878.0,,,,,,50.0,46.1,,269576.0,WECC,
2024,6611,Fort Belknap Electric Coop Inc,C,Cooperative,Y,7.0,TX,,,,,,,,,,,,,,,,,,,6232.0,,,,,,,,,,,
2024,6612,Fort Payne Improvement Authority,M,Municipal,,1.0,AL,11776.0,96984.0,6922.0,16208.0,134765.0,2056.0,6347.0,79431.0,7.0,0.0,0.0,0.0,34331.0,311180.0,8985.0,34331.0,311180.0,320165.0,0.0,,1.0,,,,62.9,74.1,0.0,322432.0,SERC,
2024,6613,Town of Fountain - (NC),M,Municipal,Y,1.0,NC,,,,,,,,,,,,,,,,,,,,,,,,,,,,,,
2024,6615,City of Fort Pierre - (SD),M,Municipal,Y,1.0,SD,,,,,,,,,,,,,,,,,,,1414.0,,,,,,,,,,,
2024,6616,Fort Pierce Utilities Authority,M,Municipal,,1.0,FL,32351.0,256414.0,24444.0,39273.0,329191.0,5233.0,,,,,,,71624.0,585605.0,29677.0,71624.0,585605.0,389028.0,39.0,,,3.996,,,122.0,92.0,,609930.0,SERC,144.111
2024,6617,Fort Valley Utility Comm,M,Municipal,Y,2.0,GA,,,,,,,,,,,,,,,,,,75041.0,3100.0,,,,,,,,,,,
2024,6618,Town of Fort Supply - (OK),M,Municipal,Y,1.0,OK,,,,,,,,,,,,,,,,,,,,,,,,,,,,,,
2024,6627,City of Fosston - (MN),M,Municipal,Y,1.0,MN,,,,,,,,,,,,,,,,,,,649.0,,,,,,,,,,,
2024,6638,City of Fountain,M,Municipal,,1.0,CO,20575.0,149763.0,17242.0,9803.0,83657.0,1048.0,,,,,,,30378.0,233420.0,18290.0,30378.0,233420.0,256724.0,454.0,,63.0,11.896,17.97,0.15,64.6,43.0,,243892.0,WECC,
2024,6640,Four County Elec Member Corp,C,Cooperative,,6.0,NC,64259.4,459787.0,30807.0,23822.2,236798.0,4610.0,18902.1,280756.0,7.0,,,,106983.7,977341.0,35424.0,106983.70000000001,977341.0,1012765.0,,,15.0,4.208,,,204.5,213.3,,1028859.0,SERC,28550.0
2024,6641,4-County Electric Power Assn,C,Cooperative,,7.0,MS,77017.0,597902.0,41076.0,48591.0,321662.0,10184.0,13497.0,192010.0,8.0,0.0,0.0,0.0,139105.0,1111574.0,51268.0,139105.0,1111574.0,1162842.0,0.0,,1042.0,,,,243.8,301.6,0.0,1162296.0,SERC,
2024,6707,City of Frankfort - (IN),M,Municipal,,4.0,IN,8966.0,74481.0,7820.0,6958.0,59705.0,1596.0,20866.0,231024.0,56.0,,,,36790.0,365210.0,9472.0,36790.0,365210.0,9.0,9444.0,,,,,,70.4,54.5,,375099.0,RFC,
2024,6708,City of Frankfort - (KY),M,Municipal,,3.0,KY,23295.0,207471.0,17200.0,27290.0,279961.0,4727.0,14613.0,174757.0,41.0,,,,65198.0,662189.0,21968.0,65198.0,662189.0,684157.0,0.0,,,1.6039999999999999,38.182,0.384,137.4,136.1,,678762.0,SERC,
2024,6709,Easley Combined Utility System,M,Municipal,,1.0,SC,23635.0,184510.0,15772.0,14282.1,117280.0,1641.0,220.9,3154.0,1.0,,,,38138.0,304944.0,17414.0,38138.0,304944.0,322156.0,16.0,533.0,110.0,1.512,725.18,1.51,77.1,64.8,585.0,317546.0,SERC,
2024,6710,Town of Edenton - (NC),M,Municipal,Y,1.0,NC,,,,,,,,,,,,,,,,,,,9.0,,,,,,,,,,,
2024,6711,Village of Frankfort - (NY),M,Municipal,Y,1.0,NY,,,,,,,,,,,,,,,,,,,1832.0,,1832.0,,,,,,,,,
2024,6715,City of Franklin - (VA),M,Municipal,Y,4.0,VA,,,,,,,,,,,,,,,,,,139919.0,,,,,,,,,,,,
2024,6716,PUD No 1 of Franklin County,P,Political Subdivision,,1.0,WA,38424.0,396763.0,27388.0,32470.0,435005.0,2032.0,17730.0,272401.0,332.0,,,,88624.0,1104169.0,29752.0,88624.0,1104169.0,1133077.0,49.0,,,13.674,,,255.0,209.0,,1332299.0,WECC,3721.0
2024,6717,Franklin Electric Coop - (AL),C,Cooperative,,2.0,AL,11205.0,79843.0,5979.0,18377.0,188087.0,2012.0,3471.0,45050.0,3.0,0.0,0.0,0.0,33053.0,312980.0,7994.0,33053.0,312980.0,45053.0,7991.0,,4.0,,,,56.7,52.4,0.0,324286.0,SERC,
2024,6718,City of Franklin - (KY),M,Municipal,,1.0,KY,7074.0,54766.0,4561.0,6406.0,51880.0,1299.0,6842.0,117986.0,4.0,0.0,0.0,0.0,20322.0,224632.0,5864.0,20322.0,224632.0,230496.0,0.0,,4.0,,,,38.0,38.5,0.0,225350.0,SERC,
2024,6722,Franklin Rural Electric Coop - (IA),C,Cooperative,Y,6.0,IA,,,,,,,,,,,,,,,,,,77564.0,,,,,,,,,,,,
2024,6723,City of Franklin - (NE),M,Municipal,Y,1.0,NE,,,,,,,,,,,,,,,,,,,589.0,,,,,,,,,,,
2024,6735,Town of Frankton - (IN),M,Municipal,Y,1.0,IN,,,,,,,,,,,,,,,,,,,,,,,,,,,,,,
2024,6750,City of Frederick - (OK),M,Municipal,Y,1.0,OK,,,,,,,,,,,,,,,,,,56.0,,,,,,,,,,,,
2024,6753,City of Fredonia - (AZ),M,Municipal,Y,1.0,AZ,,,,,,,,,,,,,,,,,,,,,,,,,,,,,,
2024,6758,City of Fredericksburg - (TX),M,Municipal,Y,1.0,TX,,,,,,,,,,,,,,,,,,142474.0,,,,,,,,,,,,
2024,6759,City of Fredericksburg - (IA),M,Municipal,Y,1.0,IA,,,,,,,,,,,,,,,,,,,,,,,,,,,,,,
2024,6761,City of Fredericktown - (MO),M,Municipal,Y,1.0,MO,,,,,,,,,,,,,,,,,,46668.0,0.0,,,,,,,,,,,
2024,6762,City of Fredonia - (KS),M,Municipal,Y,1.0,KS,,,,,,,,,,,,,,,,,,,1266.0,,,,,,,,,,,
2024,6764,Village of Freeburg - (IL),M,Municipal,Y,1.0,IL,,,,,,,,,,,,,,,,,,,2260.0,,,,,,,,,,,
2024,6775,Village of Freeport - (NY),M,Municipal,,1.0,NY,17431.0,123471.0,13353.0,17427.0,126721.0,1966.0,,,,,,,34858.0,250192.0,15319.0,34858.0,250192.0,15319.0,15319.0,,,,26.606,1.15,58.0,58.0,29583.0,262181.0,NPCC,
2024,6779,City of Fremont - (NE),M,Municipal,,1.0,NE,17296.1,144541.0,14077.0,6092.7,56649.0,1972.0,27659.5,306725.0,573.0,,,,51048.3,507915.0,16622.0,51048.3,507915.0,,16622.0,,,3.13,17.78,0.19,115.8,90.5,533704.0,259167.0,MRO,
2024,6780,Town of Fremont - (NC),M,Municipal,Y,1.0,NC,,,,,,,,,,,,,,,,,,,799.0,,,,,,,,,,,
2024,6782,Freeborn Mower Electric Cooperative,C,Cooperative,,8.0,"IA,MN",27527.0,181674.0,17848.0,16565.0,136554.0,3383.0,14015.0,161038.0,33.0,,,,58107.0,479266.0,21264.0,58107.0,479266.0,425730.0,15.0,2103.0,41.0,10.494,86.4,0.738,98.6,84.2,,498307.0,MRO,3973.0
2024,6784,French Broad Elec Member Corp,C,Cooperative,,7.0,"NC,TN",50948.5,344645.0,37141.0,13032.7,104041.0,3993.0,7050.5,84738.0,5.0,,,,71031.70000000001,533424.0,41139.0,71031.7,533424.0,564962.0,247.0,,,10.351999999999999,,,96.0,146.7,1140.0,546319.0,SERC,5150.06
2024,6803,Town of Front Royal,M,Municipal,Y,1.0,VA,,,,,,,,,,,,,,,,,,,,,,,,,,,,,,
2024,6804,Frontier Power Company,C,Cooperative,Y,7.0,OH,,,,,,,,,,,,,,,,,,,9188.0,,,,,,,,,,,
2024,6839,City of Fulton - (MO),M,Municipal,Y,1.0,MO,,,,,,,,,,,,,,,,,,152090.0,,,,,,,,,,,,
2024,6840,City of Fulton - (KY),M,Municipal,,1.0,KY,1855.0,13639.0,1188.0,2639.0,20603.0,424.0,1490.0,16980.0,1.0,0.0,0.0,0.0,5984.0,51222.0,1613.0,5984.0,51222.0,52835.0,0.0,,,,,,11.1,8.6,0.0,53165.0,SERC,
2024,6848,Fulton County Rural E M C,C,Cooperative,Y,7.0,IN,,,,,,,,,,,,,,,,,,158205.0,,,,,,,,,,,,
2024,6866,"G & K, Inc",I,Investor Owned,Y,1.0,AK,,,,,,,,,,,,,,,,,,,,,,,,,,,,,,
2024,6894,City of Gaffney - (SC),M,Municipal,,1.0,SC,8961.0,72314.0,6314.0,14098.0,94506.0,1329.0,5399.0,51385.0,22.0,,,,28458.0,218205.0,7665.0,28458.0,218205.0,145826.0,869.0,,,0.3,,,48.5,45.2,461.0,238069.0,SERC,
2024,6907,City of Greendale,M,Municipal,Y,1.0,IN,,,,,,,,,,,,,,,,,,,2211.0,,,,,,,,,,,
2024,6909,Gainesville Regional Utilities,M,Municipal,,1.0,FL,129307.3,869643.0,92968.0,128812.0,789062.0,11529.0,22523.0,176908.0,12.0,,,,280642.3,1835613.0,104509.0,280642.3,1835613.0,506632.0,104352.0,,26.0,45.092,743.98,2.127,405.0,296.0,1815532.0,157395.0,FRCC,438.0
2024,6914,City of Galion,M,Municipal,Y,3.0,OH,,,,,,,,,,,,,,,,,,,,,,,,,,,,,,
2024,6915,Galena Electric Utility,M,Municipal,Y,1.0,AK,,,,,,,,,,,,,,,,,,,,,,,,,,,,,,
2024,6923,City of Gallatin - (TN),M,Municipal,,1.0,TN,33853.0,287320.0,23204.0,33467.0,316944.0,3749.0,10869.0,192056.0,10.0,0.0,0.0,0.0,78189.0,796320.0,26963.0,78189.0,796320.0,426548.36,13588.0,,3.0,,164.37,1.45,174.6,149.5,0.0,832028.0,SERC,
2024,6924,City of Gallatin - (MO),M,Municipal,Y,1.0,MO,,,,,,,,,,,,,,,,,,14550.0,,,,,,,,,,,,
2024,6930,City of Gallup - (NM),M,Municipal,Y,1.0,NM,,,,,,,,,,,,,,,,,,75966.0,1894.0,,,,,,,,,,,
2024,6931,City of Galva - (KS),M,Municipal,Y,1.0,KS,,,,,,,,,,,,,,,,,,,,,,,,,,,,,,
2024,6941,City of Garden City,M,Municipal,,1.0,KS,13693.0,86418.0,10449.0,9583.0,93217.0,1064.0,13072.0,134771.0,461.0,,,,36348.0,314406.0,11974.0,36348.0,314406.0,326380.0,,,,,,,77.7,44.3,,314406.0,SPP,
2024,6949,City of Gardner - (KS),M,Municipal,Y,1.0,KS,,,,,,,,,,,,,,,,,,172004.0,0.0,,,,,,,,,,,
2024,6950,Garland Light & Power Company,C,Cooperative,Y,2.0,WY,,,,,,,,,,,,,,,,,,,2320.0,,,,,,,,,,,
2024,6957,"Garkane Energy Coop, Inc",C,Cooperative,,9.0,"AZ,UT",17556.0,153226.0,13054.0,13082.900000000001,121392.0,2890.0,1266.8,19039.0,1.0,,,,31905.7,293657.0,15945.0,31905.7,293657.0,,15945.0,,502.0,11.806999999999999,718.8,,55.6,68.6,23560.0,288766.0,WECC,
2024,6958,City of Garland - (TX),M,Municipal,,1.0,TX,122442.0,908633.0,69421.0,100348.0,809954.0,6908.0,21172.0,319696.0,8.0,,,,243962.0,2038283.0,76337.0,243962.0,2038283.0,,76337.0,,,,,,506.0,430.0,52992.0,4125258.0,TRE,
2024,6965,City of Garnett - (KS),M,Municipal,Y,1.0,KS,,,,,,,,,,,,,,,,,,,,,,,,,,,,,,
2024,6970,City of Garrett,M,Municipal,Y,1.0,IN,,,,,,,,,,,,,,,,,,0.0,3100.0,,,,,,,,,,,
2024,6993,City of Gas City - (IN),M,Municipal,Y,1.0,IN,,,,,,,,,,,,,,,,,,,3299.0,,,,,,,,,,,
2024,7004,"Buckeye Power, Inc",C,Cooperative,,,,,,,,,,,,,,,,,,,,,,,121805.0,,65.73599999999999,,,1814.0,1733.0,8520858.0,1660662.0,RFC,5927.0
2024,7024,Gascosage Electric Coop,C,Cooperative,,5.0,MO,16576.0,134800.0,9253.0,3125.0,25873.0,930.0,3214.0,39743.0,2.0,,,,22915.0,200416.0,10185.0,22915.0,200416.0,,10185.0,,,1.08,,,43.7,64.4,,210454.0,SERC,
2024,7027,City of Gastonia - (NC),M,Municipal,,1.0,NC,35706.5,288003.0,27008.0,35294.4,323339.0,4238.0,8275.6,110891.0,90.0,,,,79276.5,722233.0,31336.0,79276.5,722233.0,4393.0,33078.0,,66.0,,1378.2,3.39,164.0,123.9,,751958.0,SERC,
2024,7048,City of Geary - (OK),M,Municipal,Y,1.0,OK,,,,,,,,,,,,,,,,,,,,,,,,,,,,,,
2024,7084,City of Declo - (ID),M,Municipal,Y,1.0,ID,,,,,,,,,,,,,,,,,,,135.0,,,,,,,,,,,
2024,7090,GreyStone Power Corporation,C,Cooperative,,8.0,GA,241837.7,1979465.0,139028.0,81386.7,638507.0,13026.0,42802.3,475798.0,92.0,0.0,0.0,0.0,366026.7,3093770.0,152146.0,366026.7,3093770.0,1918456.0,37276.0,102.0,,12.238,113.97,1.5,763.3,463.6,,3185737.0,SERC,
2024,7095,City of Geneseo - (IL),M,Municipal,Y,1.0,IL,,,,,,,,,,,,,,,,,,,3795.0,,,,,,,,,,,
2024,7096,City of Geneva- (IL),M,Municipal,,1.0,IL,8886.0,80550.0,8691.0,11991.0,125887.0,1576.0,11973.0,155527.0,20.0,,,,32850.0,361964.0,10287.0,32850.0,361964.0,2.0,10287.0,,5.0,3.894,196.471,1.843,83.6,68.6,9418.0,365821.0,RFC,
2024,7100,Village of Genoa - (OH),M,Municipal,Y,1.0,OH,,,,,,,,,,,,,,,,,,,1150.0,,,,,,,,,,,
2024,7128,City of Georgetown - (SC),M,Municipal,Y,1.0,SC,,,,,,,,,,,,,,,,,,111330.0,,,,,,,,,,,,
2024,7129,City of Georgetown - (TX),M,Municipal,,1.0,TX,45007.9,324460.0,29904.0,38060.9,347997.0,3124.0,14637.4,118481.0,38.0,,,,97706.2,790938.0,33066.0,97706.2,790938.0,823986.0,7.0,,,14.719999999999999,,,207.7,156.1,,996786.0,,
2024,7130,Town of Georgetown - (MA),M,Municipal,Y,1.0,MA,,,,,,,,,,,,,,,,,,51219.0,,,,,,,,,,,,
2024,7131,Village of Georgetown - (OH),M,Municipal,Y,1.0,OH,,,,,,,,,,,,,,,,,,43291.0,,,,,,,,,,,,
2024,7140,Georgia Power Co,I,Investor Owned,,155.0,GA,4509930.6,29113358.0,2452488.0,3995961.2,34306574.0,341063.0,1678490.6,23654325.0,10551.0,11591.4,151669.0,1.0,10195973.8,87225926.0,2804103.0,10195973.8,87225926.0,90075003.0,17596.0,40722.0,96633.0,197.136,1516.16,2.07,16555.0,16458.0,65055631.0,30818315.0,SERC,425662.067
2024,7149,City of Gering - (NE),M,Municipal,Y,1.0,NE,,,,,,,,,,,,,,,,,,,5008.0,,,,,,,,,,,
2024,7174,Gibson Electric Members Corp,C,Cooperative,,13.0,"KY,TN",63283.0,485843.0,31858.0,31682.0,248482.0,7393.0,11021.0,168754.0,9.0,0.0,0.0,0.0,105986.0,903079.0,39260.0,105986.0,903079.0,942339.0,0.0,,511.0,,312.0,2.71,206.9,233.5,0.0,943406.0,SERC,
2024,7184,City of Giddings - (TX),M,Municipal,Y,1.0,TX,,,,,,,,,,,,,,,,,,,2856.0,,,,,,,,,,,
2024,7194,City of Gilbert,M,Municipal,Y,1.0,MN,,,,,,,,,,,,,,,,,,,,,,,,,,,,,,
2024,7197,Georgia Transmission Corp,T,Transmission,,,,,,,,,,,,,,,,,,,,,,,,,,,,10317.6,10457.3,,,SERC,
2024,7200,City of Gilman City - (MO),M,Municipal,Y,1.0,MO,,,,,,,,,,,,,,,,,,,201.0,,,,,,,,,,,
2024,7222,City of Gillette - (WY),M,Municipal,,2.0,WY,18747.0,148545.0,13990.0,18707.0,189837.0,2739.0,,,,,,,37454.0,338382.0,16729.0,37454.0,338382.0,271.0,16818.0,,,0.632,,,79.1,70.2,183222.0,170567.0,WECC,
2024,7249,City of Giltner - (NE),M,Municipal,Y,1.0,NE,,,,,,,,,,,,,,,,,,,246.0,,,,,,,,,,,
2024,7256,Borough of Girard - (PA),M,Municipal,Y,1.0,PA,,,,,,,,,,,,,,,,,,,,,,,,,,,,,,
2024,7257,City of Girard - (KS),M,Municipal,Y,1.0,KS,,,,,,,,,,,,,,,,,,,1510.0,,,,,,,,,,,
2024,7262,"Glacier Electric Coop, Inc",C,Cooperative,Y,4.0,MT,,,,,,,,,,,,,,,,,,178973.0,,,,,,,,,,,,
2024,7264,"Glades Electric Coop, Inc",C,Cooperative,,4.0,FL,31637.0,190738.0,14456.0,8847.0,42709.0,3557.0,15161.0,110139.0,519.0,,,,55645.0,343586.0,18532.0,55645.0,343586.0,362117.0,,,22.0,5.22,2250.2,5.74,74.8,53.6,,368000.0,FRCC,58.329
2024,7265,City of Gladstone,M,Municipal,,1.0,MI,2328.2,14910.0,2339.0,1809.0,13400.0,348.0,0.0,0.0,0.0,0.0,0.0,0.0,4137.2,28310.0,2687.0,4137.2,28310.0,18326.0,466.0,,,0.034,,,6.9,5.5,0.0,31895.0,MISO,
2024,7269,City of Glasco - (KS),M,Municipal,Y,1.0,KS,,,,,,,,,,,,,,,,,,,,,,,,,,,,,,
2024,7270,City of Glasgow - (KY),M,Municipal,,1.0,KY,8744.0,64990.0,5644.0,16415.0,139257.0,1971.0,735.0,9528.0,3.0,0.0,0.0,0.0,25894.0,213775.0,7618.0,25894.0,213775.0,221393.0,0.0,,7577.0,,105.87,2.52,50.1,42.7,0.0,224963.0,SERC,
2024,7279,"NextEra Energy Services, LLC",R,Retail Power Marketer,,,,336728.9,3500028.0,681301.0,517484.10000000003,6022029.0,47023.0,1420.9,13833.0,35.0,,,,855633.9,9535890.0,728359.0,855633.9,9535890.0,,,,15.0,,,,1176.0,1047.0,,9535890.0,TRE,
2024,7287,City of Glen Elder - (KS),M,Municipal,Y,1.0,KS,,,,,,,,,,,,,,,,,,,,,,,,,,,,,,
2024,7292,Glencoe Light & Power Comm,M,Municipal,,1.0,MN,2344.0,20983.0,2585.0,7119.9,169714.0,385.0,2791.2,27476.0,4.0,,,,12255.1,218173.0,2974.0,12255.099999999999,218173.0,221147.0,,,,0.118,,,37.9,26.9,191.0,221588.0,MRO,754.0
2024,7294,City of Glendale - (CA),M,Municipal,,1.0,CA,129473.9,382936.0,77563.0,143675.8,576711.0,13395.0,5104.2,22759.0,32.0,,,,278253.9,982406.0,90990.0,278253.89999999997,982406.0,1073432.0,35.0,2287.0,566.0,67.11,,,349.0,114.0,46941.0,1062309.0,WECC,17059.0
2024,7295,City of Glidden - (IA),M,Municipal,Y,1.0,IA,,,,,,,,,,,,,,,,,,,712.0,,,,,,,,,,,
2024,7300,City of Glenwood Springs - (CO),M,Municipal,Y,1.0,CO,,,,,,,,,,,,,,,,,,144192.0,14.0,,,,,,,,,,,
2024,7303,Raccoon Valley Electric Cooperative,C,Cooperative,Y,9.0,IA,,,,,,,,,,,,,,,,,,131101.0,,,,,,,,,,,,
2024,7311,Village of Glouster - (OH),M,Municipal,Y,1.0,OH,,,,,,,,,,,,,,,,,,,974.0,,,,,,,,,,,
2024,7318,"Goldenwest Electric Coop, Inc",C,Cooperative,Y,6.0,"MT,ND",,,,,,,,,,,,,,,,,,,1663.0,,,,,,,,,,,
2024,7349,"Golden Spread Electric Cooperative, Inc",C,Cooperative,,,,,,,,,,,,,,,,,,,,,,,1.0,,,,,1897.0,1107.0,5542388.0,6270576.0,SPP,
2024,7353,Golden Valley Elec Assn Inc,C,Cooperative,,4.0,AK,87530.9,288667.0,40675.0,34685.4,118991.0,6905.0,179535.3,819779.0,583.0,0.0,0.0,0.0,301751.6,1227437.0,48163.0,301751.6,1227437.0,1275600.0,,,,10.206,552.949,2.635,165.0,206.0,958578.0,343545.0,AK,
2024,7359,Borough of Goldsboro - (PA),M,Municipal,Y,1.0,PA,,,,,,,,,,,,,,,,,,,,,,,,,,,,,,
2024,7368,City of Goldthwaite - (TX),M,Municipal,Y,1.0,TX,,,,,,,,,,,,,,,,,,,1334.0,,,,,,,,,,,
2024,7370,City of Gonzales - (TX),M,Municipal,Y,1.0,TX,,,,,,,,,,,,,,,,,,91213.0,66.0,,,,,,,,,,,
2024,7374,City of Goodland - (KS),M,Municipal,Y,1.0,KS,,,,,,,,,,,,,,,,,,0.0,2697.0,,,,,,,,,,,
2024,7411,City of Gothenburg - (NE),M,Municipal,Y,1.0,NE,,,,,,,,,,,,,,,,,,,2214.0,,,,,,,,,,,
2024,7419,City of Goldsmith - (TX),M,Municipal,Y,1.0,TX,,,,,,,,,,,,,,,,,,,,,,,,,,,,,,
2024,7424,Gowrie Municipal Utilities,M,Municipal,Y,1.0,IA,,,,,,,,,,,,,,,,,,,608.0,,,,,,,,,,,
2024,7441,Goltry Public Works Authority,M,Municipal,Y,1.0,OK,,,,,,,,,,,,,,,,,,,,,,,,,,,,,,
2024,7442,Grafton Electric - (IA),M,Municipal,Y,1.0,IA,,,,,,,,,,,,,,,,,,,,,,,,,,,,,,
2024,7443,City of Graettinger - (IA),M,Municipal,Y,1.0,IA,,,,,,,,,,,,,,,,,,,,,,,,,,,,,,
2024,7444,City of Grafton - (ND),M,Municipal,Y,1.0,ND,,,,,,,,,,,,,,,,,,,,,,,,,,,,,,
2024,7445,Village of Grafton - (OH),M,Municipal,Y,1.0,OH,,,,,,,,,,,,,,,,,,,,,,,,,,,,,,
2024,7450,Grady Electric Membership Corp,C,Cooperative,,6.0,GA,38617.3,260280.0,19283.0,6859.5,51150.0,995.0,769.1,4691.0,253.0,,,,46245.9,316121.0,20531.0,46245.9,316121.0,336652.0,,,,1.64,921.192,5.413,92.1,97.1,,337468.0,SERC,
2024,7456,Graham County Electric Coop Inc,C,Cooperative,Y,1.0,AZ,,,,,,,,,,,,,,,,,,147267.0,0.0,,,,,,,,,,,
2024,7460,Goodhue County Coop Elec Assn,C,Cooperative,Y,6.0,MN,,,,,,,,,,,,,,,,,,99375.0,,,,,,,,,,,,
2024,7478,Town of Granada - (CO),M,Municipal,Y,1.0,CO,,,,,,,,,,,,,,,,,,,,,,,,,,,,,,
2024,7480,City of Granbury - (TX),M,Municipal,Y,1.0,TX,,,,,,,,,,,,,,,,,,82897.0,48.0,,,,,,,,,,,
2024,7483,City of Grand Haven - (MI),M,Municipal,,1.0,MI,12967.1,87946.0,13231.0,11765.2,85759.0,1760.0,11486.4,98639.0,126.0,,,,36218.7,272344.0,15117.0,36218.700000000004,272344.0,287461.0,,,50.0,0.739,237.538,2.47,62.5,42.9,,299849.0,RFC,1012.9
2024,7484,"Grand Electric Coop, Inc",C,Cooperative,Y,7.0,"MT,SD",,,,,,,,,,,,,,,,,,88331.0,,,,,,,,,,,,
2024,7485,City of Grant - (NE),M,Municipal,Y,1.0,NE,,,,,,,,,,,,,,,,,,,,,,,,,,,,,,
2024,7486,City of Grand Junction - (IA),M,Municipal,Y,1.0,IA,,,,,,,,,,,,,,,,,,,,,,,,,,,,,,
2024,7487,City of Grand Marais - (MN),M,Municipal,Y,1.0,MN,,,,,,,,,,,,,,,,,,1492.0,,,,,,,,,,,,
2024,7489,Grand Rapids Public Util Comm,M,Municipal,Y,1.0,MN,,,,,,,,,,,,,,,,,,161960.0,0.0,,9.0,,,,,,,,,
2024,7490,Grand River Dam Authority,S,State,,1.0,OK,,,,467.5,5179.0,46.0,209567.2,4275283.0,33.0,,,,210034.7,4280462.0,79.0,210034.7,4280462.0,4270183.0,15.0,1.0,1.0,,,,1192.0,980.0,5730178.0,3835087.0,SPP,
2024,7494,City of Granite Falls - (MN),M,Municipal,Y,2.0,MN,,,,,,,,,,,,,,,,,,,1567.0,,,,,,,,,,,
2024,7496,Town of Granite Falls - (NC),M,Municipal,Y,1.0,NC,,,,,,,,,,,,,,,,,,,,,9.0,,,,,,,,,
2024,7501,City of Granite - (OK),M,Municipal,Y,1.0,OK,,,,,,,,,,,,,,,,,,,,,,,,,,,,,,
2024,7515,City of Grantville - (GA),M,Municipal,Y,2.0,GA,,,,,,,,,,,,,,,,,,,1007.0,,,,,,,,,,,
2024,7548,PUD No 1 of Grays Harbor County,P,Political Subdivision,,5.0,WA,63187.0,504823.0,39881.0,33836.0,314970.0,5686.0,6463.0,111396.0,20.0,0.0,0.0,0.0,103486.0,931189.0,45587.0,103486.0,931189.0,6.0,45260.0,,,5.6259999999999994,471.0,1.4,132.8,233.5,0.0,1183245.0,WECC,1388.56
2024,7554,Green Mountain Energy Company,R,Retail Power Marketer,,,,664306.6,3864069.0,401354.0,122338.5,1048137.0,28469.0,0.0,0.0,0.0,0.0,0.0,0.0,786645.1,4912206.0,429823.0,786645.1,4912206.0,,,,,,,,,,,4985410.0,TRE,
2024,7558,Grayson Rural Electric Coop Corp,C,Cooperative,,6.0,KY,26427.0,164405.0,14429.0,9278.0,93035.0,1166.0,2311.0,28163.0,2.0,,,,38016.0,285603.0,15597.0,38016.0,285603.0,301200.0,,,26.0,1.028,2369.86,4.82,60.0,67.0,,296958.0,ECAR,
2024,7559,"Grayson-Collin Elec Coop, Inc",C,Cooperative,,4.0,TX,201519.0,1228741.0,90464.0,44627.0,301890.0,5055.0,,,,,,,246146.0,1530631.0,95519.0,246146.0,1530631.0,1594404.0,114.0,,,62.322,,,487.0,452.4,,1548163.0,TRE,
2024,7561,"Greenbelt Electric Coop, Inc",C,Cooperative,,9.0,TX,5113.0,28403.0,3912.0,3158.0,22177.0,825.0,12927.0,158623.0,926.0,,,,21198.0,209203.0,5663.0,21198.0,209203.0,214866.0,,,,,,,44.0,25.0,159.0,222354.0,SPP,
2024,7563,Grand Valley Power,C,Cooperative,,3.0,CO,26160.0,164101.0,17268.0,10141.0,73225.0,2230.0,1399.0,11598.0,191.0,,,,37700.0,248924.0,19689.0,37700.0,248924.0,268563.0,16.0,,18958.0,18.162,94.3,,63.8,43.3,201.0,262451.0,WECC,10.088
2024,7570,Great River Energy,C,Cooperative,,,,,,,,,,,,,,,,,,,,,,,251423.0,,,,,2558.0,2296.0,435175.0,13735162.0,MRO,87557.451
2024,7593,City of Green Cove Springs,M,Municipal,Y,1.0,FL,,,,,,,,,,,,,,,,,,113403.0,51.0,,,,,,,,,,,
2024,7600,Village of Green Island - (NY),M,Municipal,Y,1.0,NY,,,,,,,,,,,,,,,,,,,1603.0,,,,,,,,,,,
2024,7601,Green Mountain Power Corp,I,Investor Owned,,13.0,VT,352142.0,1594099.0,226675.0,283180.0,1471398.0,48745.0,110540.0,1020096.0,74.0,,,,745862.0,4085593.0,275494.0,745862.0,4085593.0,4257696.0,8582.0,23446.0,11551.0,274.086,,,774.0,814.0,769744.0,4045171.0,NPCC,
2024,7624,Village of Greene - (NY),M,Municipal,Y,1.0,NY,,,,,,,,,,,,,,,,,,,1272.0,,,,,,,,,,,
2024,7625,City of Greeneville - (TN),M,Municipal,,1.0,TN,55921.0,469925.0,32388.0,36709.0,291839.0,8163.0,21958.0,337182.0,18.0,0.0,0.0,0.0,114588.0,1098946.0,40569.0,114588.0,1098946.0,0.0,40676.0,,9.0,,791.26,3.261,190.4,285.2,0.0,1124241.0,SERC,
2024,7626,City of Greenfield - (IA),M,Municipal,Y,1.0,IA,,,,,,,,,,,,,,,,,,,1173.0,,,,,,,,,,,
2024,7627,City of Greenfield - (IN),M,Municipal,,1.0,IN,14420.0,109792.0,11858.0,11534.0,92837.0,1187.0,16478.0,155681.0,10.0,,,,42432.0,358310.0,13055.0,42432.0,358310.0,207831.0,65.0,,,,9.78,0.13,76.9,61.1,,381690.0,RFC,
2024,7630,Village of Greenport - (NY),M,Municipal,Y,1.0,NY,,,,,,,,,,,,,,,,,,,,,,,,,,,,,,
2024,7631,City of Greensburg - (KS),M,Municipal,Y,1.0,KS,,,,,,,,,,,,,,,,,,,,,,,,,,,,,,
2024,7633,Village of Greenup - (IL),M,Municipal,Y,1.0,IL,,,,,,,,,,,,,,,,,,9774.0,0.0,,,,,,,,,,,
2024,7634,City of Greenville - (TX),M,Municipal,,1.0,TX,28417.0,190082.0,15165.0,35430.0,351199.0,2274.0,,,,,,,63847.0,541281.0,17439.0,63847.0,541281.0,17369.0,4528.0,1.0,88.0,,82.855,1.08,127.0,121.0,47621.0,1071311.0,TRE,2.7
2024,7639,Greenville Utilities Comm,M,Municipal,,1.0,NC,93792.4,783492.0,65731.0,62614.1,609944.0,7934.0,25038.8,371973.0,453.0,,,,181445.3,1765409.0,74118.0,181445.3,1765409.0,563498.0,80179.0,,,3.38,33.28,0.46,375.9,328.0,,1812161.0,SERC,
2024,7643,Village of Greenwich - (OH),M,Municipal,Y,1.0,OH,,,,,,,,,,,,,,,,,,,,,,,,,,,,,,
2024,7646,Greenwood CPW,M,Municipal,,1.0,SC,10348.0,114492.0,11753.0,12366.0,169303.0,2989.0,,,,,,,22714.0,283795.0,14742.0,22714.0,283795.0,30088.0,12446.0,,,,65.78,0.607,63.7,56.3,,292078.0,SERC,
2024,7650,Village of Greenwood - (NE),M,Municipal,Y,1.0,NE,,,,,,,,,,,,,,,,,,,349.0,,,,,,,,,,,
2024,7651,Greenwood Utilities Comm,M,Municipal,,2.0,MS,10489.7,93069.0,7204.0,12338.2,121516.0,1678.0,3027.9,35885.0,5.0,,,,25855.8,250470.0,8887.0,25855.800000000003,250470.0,259355.0,,,,,,,60.8,36.9,,259899.0,SERC,
2024,7654,Greer Commission of Public Wks,M,Municipal,,2.0,SC,28920.0,245024.0,24893.0,22872.0,201467.0,10414.0,,,,,,,51792.0,446491.0,35307.0,51792.0,446491.0,273541.0,10291.0,,,3.724,,,113.7,91.5,,464531.0,SERC,
2024,7665,Village of Gresham - (WI),M,Municipal,Y,1.0,WI,,,,,,,,,,,,,,,,,,23962.0,,,,,,,,,,,,
2024,7677,City of Gridley - (CA),M,Municipal,Y,1.0,CA,,,,,,,,,,,,,,,,,,,207.0,,,,,,,,,,,
2024,7679,City of Griffin - (GA),M,Municipal,,3.0,GA,24211.7,161378.0,13594.0,24722.3,161690.0,2389.0,8940.4,89710.0,24.0,,,,57874.4,412778.0,16007.0,57874.4,412778.0,428795.0,,,,,,,92.1,87.1,,429005.0,SERC,
2024,7712,City of Groton - (SD),M,Municipal,Y,1.0,SD,,,,,,,,,,,,,,,,,,16236.0,,,,,,,,,,,,
2024,7713,Village of Groton - (NY),M,Municipal,Y,1.0,NY,,,,,,,,,,,,,,,,,,,,,,,,,,,,,,
2024,7715,Town of Groton - (MA),M,Municipal,Y,1.0,MA,,,,,,,,,,,,,,,,,,77706.0,,,4374.0,,,,,,,,,
2024,7716,Groton Dept of Utilities - (CT),M,Municipal,,1.0,CT,19705.7,105354.0,12284.0,17000.5,94527.0,1588.0,25015.1,184750.0,17.0,0.0,0.0,0.0,61721.3,384631.0,13889.0,61721.299999999996,384631.0,394974.0,87.0,,,8.956000000000001,116.62,0.75,69.3,65.3,,404768.0,NPCC,679.0
2024,7719,Borough of Grove City - (PA),M,Municipal,Y,1.0,PA,,,,,,,,,,,,,,,,,,,2992.0,,,,,,,,,,,
2024,7720,"Grundy Electric Coop, Inc",C,Cooperative,Y,12.0,"IA,MO",,,,,,,,,,,,,,,,,,0.0,6955.0,,,,,,,,,,,
2024,7723,Town of Groveland - (MA),M,Municipal,Y,1.0,MA,,,,,,,,,,,,,,,,,,37199.0,,,,,,,,,,,,
2024,7732,City of Grove City,M,Municipal,Y,1.0,MN,,,,,,,,,,,,,,,,,,,424.0,,,,,,,,,,,
2024,7743,Grundy Center Mun Light & Power,M,Municipal,Y,1.0,IA,,,,,,,,,,,,,,,,,,,,,,,,,,,,,,
2024,7750,Guthrie County Rural E C A,C,Cooperative,Y,6.0,IA,,,,,,,,,,,,,,,,,,170066.0,,,,,,,,,,,,
2024,7751,Guadalupe Blanco River Authority,S,State,,,,,,,,,,,,,,,,,,,,,,,,,,,,,,4431.0,,TRE,
2024,7752,Guadalupe Valley Elec Coop Inc,C,Cooperative,,13.0,TX,165374.3,1324456.0,92189.0,41649.7,366237.0,10544.0,65823.0,1219504.0,1048.0,,,,272847.0,2910197.0,103781.0,272847.0,2910197.0,3013978.0,,3695.0,30.0,81.031,200.22,1.55,540.3,698.9,,3079521.0,TRE,
2024,7759,Town of Guernsey - (WY),M,Municipal,Y,1.0,WY,,,,,,,,,,,,,,,,,,,,,,,,,,,,,,
2024,7760,Town of Gueydan,M,Municipal,Y,1.0,LA,,,,,,,,,,,,,,,,,,,,,,,,,,,,,,
2024,7785,"Gulf Coast Electric Coop, Inc",C,Cooperative,,6.0,FL,44571.7,303810.0,21220.0,9623.7,74653.0,1548.0,,,,,,,54195.4,378463.0,22768.0,54195.399999999994,378463.0,400343.0,,711.0,,4.5600000000000005,828.147,4.851,89.1,113.8,,391979.0,SERC,140.4
2024,7787,Gunnison County Elec Assn.,C,Cooperative,Y,3.0,CO,,,,,,,,,,,,,,,,,,132188.0,,,119.0,,,,,,,,,
2024,7826,City of Gunnison - (CO),M,Municipal,Y,1.0,CO,,,,,,,,,,,,,,,,,,,4658.0,,19.0,,,,,,,,,
2024,7827,Guntersville Electric Board,M,Municipal,,1.0,AL,9143.0,71438.0,4875.0,11542.0,90107.0,2042.0,6985.0,84609.0,5.0,0.0,0.0,0.0,27670.0,246154.0,6922.0,27670.0,246154.0,253076.0,0.0,,1.0,,,,50.7,47.8,0.0,255821.0,SERC,
2024,7833,Gwitchyaa Zhee Utility Co,I,Investor Owned,Y,1.0,AK,,,,,,,,,,,,,,,,,,,,,,,,,,,,,,
2024,7837,City of Guttenberg,M,Municipal,Y,1.0,IA,,,,,,,,,,,,,,,,,,,,,,,,,,,,,,
2024,7864,Grundy County Rural Elec Coop,C,Cooperative,Y,6.0,IA,,,,,,,,,,,,,,,,,,99124.0,,,,,,,,,,,,
2024,7870,H-D Electric Coop Inc,C,Cooperative,Y,8.0,"MN,SD",,,,,,,,,,,,,,,,,,130948.0,,,,,,,,,,,,
2024,7887,Habersham Electric Membership Corp,C,Cooperative,,6.0,GA,62308.3,444362.0,35011.0,11547.7,95280.0,2627.0,1247.7,10816.0,17.0,,,,75103.7,550458.0,37655.0,75103.7,550458.0,588594.0,21.0,,,2.88,1144.828,4.407,130.0,204.3,,577786.0,SERC,
2024,7891,Guernsey-Muskingum El Coop Inc,C,Cooperative,,9.0,OH,30348.0,168625.0,15289.0,7625.2,46748.0,1879.0,4373.4,30900.0,10.0,,,,42346.6,246273.0,17178.0,42346.6,246273.0,17178.0,17178.0,,,1.858,494.44,2.68,68.7,54.0,,268823.0,RFC,
2024,7907,City of Hagerstown - (IN),M,Municipal,Y,1.0,IN,,,,,,,,,,,,,,,,,,,1139.0,,,,,,,,,,,
2024,7908,Hagerstown Light Department,M,Municipal,,1.0,MD,12852.0,165448.0,15099.0,7015.5,86781.0,2592.0,4575.4,67177.0,52.0,,,,24442.9,319406.0,17743.0,24442.9,319406.0,23547.0,17396.0,,,0.734,,,65.8,65.1,,332172.0,RFC,
2024,7958,City of Hallettsville - (TX),M,Municipal,Y,1.0,TX,,,,,,,,,,,,,,,,,,,1443.0,,,,,,,,,,,
2024,7969,City of Halstad - (MN),M,Municipal,Y,1.0,MN,,,,,,,,,,,,,,,,,,,,,,,,,,,,,,
2024,7973,Village of Hamersville - (OH),M,Municipal,Y,1.0,OH,,,,,,,,,,,,,,,,,,,,,,,,,,,,,,
2024,7977,City of Hamilton - (OH),M,Municipal,,1.0,OH,38789.0,251261.0,26964.0,33763.0,358215.0,2852.0,8911.0,78842.0,75.0,,,,81463.0,688318.0,29891.0,81463.0,688318.0,,29891.0,16.0,1.0,,90.451,1.714,145.4,106.9,8921.0,809732.0,RFC,
2024,7978,Halifax Electric Member Corp,C,Cooperative,Y,4.0,NC,,,,,,,,,,,,,,,,,,206911.0,,,,,,,,,,,,
2024,7979,Hamilton County Elec Coop Assn,C,Cooperative,,7.0,TX,31636.6,231024.0,19594.0,3995.5,31170.0,798.0,,,,,,,35632.1,262194.0,20392.0,35632.1,262194.0,282586.0,,,,11.286000000000001,,,74.2,109.2,,287759.0,TRE,
2024,7995,Village of Hamilton - (NY),M,Municipal,Y,1.0,NY,,,,,,,,,,,,,,,,,,,,,,,,,,,,,,
2024,7996,Town of Hamilton - (NC),M,Municipal,Y,1.0,NC,,,,,,,,,,,,,,,,,,,,,,,,,,,,,,
2024,8000,NineStar Connect,C,Cooperative,,4.0,IN,41374.0,263797.0,17770.0,6808.7,49559.0,1084.0,2940.0,23383.0,82.0,,,,51122.7,336739.0,18936.0,51122.7,336739.0,355675.0,,,17770.0,0.72,,,91.1,79.5,,351884.0,RFC,
2024,8022,City of Hampton - (GA),M,Municipal,Y,1.0,GA,,,,,,,,,,,,,,,,,,42424.0,,,,,,,,,,,,
2024,8034,Hancock-Wood Electric Coop Inc,C,Cooperative,,11.0,OH,25043.7,146926.0,11307.0,14797.6,101735.0,2321.0,11427.7,103817.0,12.0,,,,51269.0,352478.0,13640.0,51269.0,352478.0,366069.0,0.0,,13564.0,,80.38,0.93,73.2,60.7,,367244.0,RFC,
2024,8055,City of Hannibal - (MO),M,Municipal,,2.0,MO,10012.0,77552.0,7639.0,3627.2,27458.0,1069.0,10804.0,118666.0,90.0,,,,24443.2,223676.0,8798.0,24443.2,223676.0,232473.0,,,,0.258,58.92,0.78,55.7,31.8,,381315.0,SERC,
2024,8063,Village of Hampton - (NE),M,Municipal,Y,1.0,NE,,,,,,,,,,,,,,,,,,,,,,,,,,,,,,
2024,8083,City of Harbor Springs - (MI),M,Municipal,Y,1.0,MI,,,,,,,,,,,,,,,,,,,3877.0,,,,,,,,,,,
2024,8104,Town of Hardwick,M,Municipal,Y,4.0,VT,,,,,,,,,,,,,,,,,,,,,,,,,,,,,,
2024,8122,Harlan Municipal Utilities - (IA),M,Municipal,Y,1.0,IA,,,,,,,,,,,,,,,,,,,2866.0,,2866.0,,,,,,,,,
2024,8131,City of Harmony - (MN),M,Municipal,Y,1.0,MN,,,,,,,,,,,,,,,,,,2605.0,664.0,,,,,,,,,,,
2024,8139,Harquahala Valley Pwr District,P,Political Subdivision,Y,1.0,AZ,,,,,,,,,,,,,,,,,,,,,,,,,,,,,,
2024,8147,City of Harriman - (TN),M,Municipal,,2.0,TN,16662.0,123988.0,9335.0,9435.0,63606.0,1986.0,3478.0,68619.0,1.0,0.0,0.0,0.0,29575.0,256213.0,11322.0,29575.0,256213.0,267535.0,0.0,,1.0,,,,51.9,60.4,0.0,273057.0,SERC,
2024,8179,Harrison County Rural E M C,C,Cooperative,,5.0,IN,48864.1,351945.0,23221.0,10524.0,80263.0,1451.0,7020.0,61322.0,19.0,,,,66408.1,493530.0,24691.0,66408.1,493530.0,456760.0,27.0,1168.0,210.0,2.318,213.906,2.042,113.3,148.7,,513568.0,RFC,
2024,8183,Harmon Electric Assn Inc,C,Cooperative,Y,7.0,"OK,TX",,,,,,,,,,,,,,,,,,,3668.0,,,,,,,,,,,
2024,8192,"Harrison Rural Elec Assn, Inc",C,Cooperative,Y,7.0,WV,,,,,,,,,,,,,,,,,,98139.0,,,,,,,,,,,,
2024,8198,City of Harrisonburg - (VA),M,Municipal,,1.0,VA,23125.0,203590.0,18089.0,37053.0,371332.0,3603.0,9173.0,113817.0,13.0,,,,69351.0,688739.0,21705.0,69351.0,688739.0,710445.0,6.0,,,7.0,,,133.1,141.5,2345.0,706265.0,SERC,
2024,8199,City of Harrisonville - (MO),M,Municipal,Y,1.0,MO,,,,,,,,,,,,,,,,,,,4679.0,,,,,,,,,,,
2024,8205,City of Hart Hydro - (MI),M,Municipal,Y,1.0,MI,,,,,,,,,,,,,,,,,,41570.0,,,,,,,,,,,,
2024,8209,City of Hartford - (AL),M,Municipal,Y,1.0,AL,,,,,,,,,,,,,,,,,,,1416.0,,,,,,,,,,,
2024,8210,Hart Electric Member Corp,C,Cooperative,,6.0,GA,54598.0,415155.0,30297.0,25777.7,199721.0,9549.0,2519.3,26200.0,23.0,,,,82895.0,641076.0,39869.0,82895.0,641076.0,680690.0,19.0,39846.0,,3.034,1173.688,2.429,165.3,193.3,0.0,671122.0,SERC,
2024,8212,Hartford Electric,M,Municipal,,2.0,WI,6072.2,51874.0,6998.0,7554.0,79832.0,966.0,12756.9,169306.0,7.0,0.0,0.0,0.0,26383.1,301012.0,7971.0,26383.1,301012.0,308994.0,3.0,,97.0,0.324,,,58.0,42.2,0.0,307246.0,MISO,
2024,8214,City of Hartley - (IA),M,Municipal,Y,1.0,IA,,,,,,,,,,,,,,,,,,,955.0,,,,,,,,,,,
2024,8226,City of Hartselle,M,Municipal,,1.0,AL,7664.0,63141.0,4629.0,7094.0,59968.0,1124.0,1765.0,28737.0,2.0,0.0,0.0,0.0,16523.0,151846.0,5755.0,16523.0,151846.0,34492.0,5753.0,,2.0,,,,32.6,36.0,0.0,158827.0,SERC,
2024,8240,Village of Haskins - (OH),M,Municipal,Y,1.0,OH,,,,,,,,,,,,,,,,,,,555.0,,,,,,,,,,,
2024,8245,City of Hastings - (NE),M,Municipal,,2.0,NE,12582.0,111145.0,11611.0,11046.0,108334.0,2352.0,14563.0,198798.0,120.0,,,,38191.0,418277.0,14083.0,38191.0,418277.0,350378.0,2498.0,,,3.186,29.713,0.201,91.5,68.1,483781.0,161375.0,MRO,
2024,8254,Borough of Hatfield- (PA),M,Municipal,Y,1.0,PA,,,,,,,,,,,,,,,,,,24856.0,0.0,,,,,,,,,,,
2024,8276,Havana Power & Light Company,M,Municipal,Y,1.0,FL,,,,,,,,,,,,,,,,,,,,,,,,,,,,,,
2024,8279,City of Haven - (KS),M,Municipal,Y,1.0,KS,,,,,,,,,,,,,,,,,,,,,,,,,,,,,,
2024,8283,Harrison County Rrl Elec Coop,C,Cooperative,Y,5.0,IA,,,,,,,,,,,,,,,,,,141149.0,,,,,,,,,,,,
2024,8287,Hawaii Electric Light Co Inc,I,Investor Owned,,1.0,HI,206725.6,427915.0,78386.0,168124.4,365299.0,11434.0,100706.0,253488.0,103.0,0.0,0.0,0.0,475556.0,1046702.0,89923.0,475556.0,1046702.0,761212.0,5735.0,103.0,7741.0,280.72799999999995,,,185.7,184.3,541316.0,567096.0,HI,
2024,8288,City of Hawarden - (IA),M,Municipal,Y,1.0,IA,,,,,,,,,,,,,,,,,,26616.0,,,,,,,,,,,,
2024,8307,Hawley Public Utilities Comm,M,Municipal,Y,1.0,MN,,,,,,,,,,,,,,,,,,,1201.0,,,,,,,,,,,
2024,8311,Town of Haxtun - (CO),M,Municipal,Y,1.0,CO,,,,,,,,,,,,,,,,,,,,,,,,,,,,,,
2024,8319,Heartland Power Coop,C,Cooperative,,12.0,"IA,MN",10228.4,80755.0,4389.0,4714.8,45332.0,950.0,16048.9,239067.0,10.0,,,,30992.1,365154.0,5349.0,30992.1,365154.0,370314.0,,2912.0,73.0,4.832,64.96950000000001,0.732,59.2,60.0,,370865.0,MRO,2617.0
2024,8333,Haywood Electric Member Corp,C,Cooperative,,8.0,"GA,NC,SC",47399.0,285294.0,29520.0,3381.8,25845.0,947.0,757.0,6396.0,19.0,,,,51537.8,317535.0,30486.0,51537.8,317535.0,347399.0,,445.0,59.0,3.102,9611.748,6.664,69.3,103.1,1270.0,344875.0,SERC,
2024,8336,Village of Hazel Green - (WI),M,Municipal,Y,2.0,WI,,,,,,,,,,,,,,,,,,,,,,,,,,,,,,
2024,8348,City of Healdsburg - (CA),M,Municipal,Y,1.0,CA,,,,,,,,,,,,,,,,,,48480.0,2852.0,,143.0,,,,,,,,,
2024,8359,City of Hearne - (TX),M,Municipal,Y,1.0,TX,,,,,,,,,,,,,,,,,,,,,,,,,,,,,,
2024,8366,Heber Light & Power Company,M,Municipal,Y,1.0,UT,,,,,,,,,,,,,,,,,,237389.0,,,552.0,,,,,,,,,
2024,8379,City of Hecla,M,Municipal,Y,1.0,SD,,,,,,,,,,,,,,,,,,,,,,,,,,,,,,
2024,8428,City of Helper - (UT),M,Municipal,Y,1.0,UT,,,,,,,,,,,,,,,,,,,1132.0,,,,,,,,,,,
2024,8430,Village of Hemingford - (NE),M,Municipal,Y,1.0,NE,,,,,,,,,,,,,,,,,,,,,,,,,,,,,,
2024,8432,City of Hemphill - (TX),M,Municipal,Y,1.0,TX,,,,,,,,,,,,,,,,,,6317.0,0.0,,,,,,,,,,,
2024,8435,City of Hempstead - (TX),M,Municipal,Y,1.0,TX,,,,,,,,,,,,,,,,,,69147.0,0.0,,,,,,,,,,,
2024,8447,Hendricks County Rural E M C,C,Cooperative,,4.0,IN,72234.4,522062.0,37638.0,31901.2,295743.0,1047.0,5749.1,66334.0,5.0,,,,109884.7,884139.0,38690.0,109884.7,884139.0,921298.0,1.0,,38690.0,2.4589999999999996,107.1,1.3,193.3,181.2,,914964.0,RFC,
2024,8449,Henderson City Utility Comm,M,Municipal,,1.0,KY,12587.1,116150.0,10320.0,10088.6,101629.0,1616.0,23102.5,289919.0,33.0,,,,45778.2,507698.0,11969.0,45778.2,507698.0,12003.0,12003.0,,,2.106,19.589,0.26,97.0,88.3,,532818.0,SERC,19.5
2024,8459,City of Henning - (MN),M,Municipal,Y,1.0,MN,,,,,,,,,,,,,,,,,,,547.0,,,,,,,,,,,
2024,8466,Henry County Rural E M C,C,Cooperative,Y,8.0,IN,,,,,,,,,,,,,,,,,,205629.0,,,,,,,,,,,,
2024,8490,City of Herington - (KS),M,Municipal,Y,2.0,KS,,,,,,,,,,,,,,,,,,,1313.0,,,,,,,,,,,
2024,8493,City of Hermann,M,Municipal,Y,1.0,MO,,,,,,,,,,,,,,,,,,,1534.0,,,,,,,,,,,
2024,8497,City of Herndon,M,Municipal,Y,1.0,KS,,,,,,,,,,,,,,,,,,,,,,,,,,,,,,
2024,8515,City of Hermiston,M,Municipal,Y,1.0,OR,,,,,,,,,,,,,,,,,,112650.0,,,,,,,,,,,,
2024,8517,City of Hertford - (NC),M,Municipal,Y,1.0,NC,,,,,,,,,,,,,,,,,,24376.0,1.0,,,,,,,,,,,
2024,8532,City of Heyburn - (ID),M,Municipal,Y,1.0,ID,,,,,,,,,,,,,,,,,,62637.0,,,,,,,,,,,,
2024,8543,Hibbing Public Utilities Comm,M,Municipal,Y,1.0,MN,,,,,,,,,,,,,,,,,,,,,,,,,,,,,,
2024,8548,City of Hickman,M,Municipal,,1.0,KY,1352.0,9328.0,821.0,1063.0,6661.0,232.0,0.0,0.0,0.0,0.0,0.0,0.0,2415.0,15989.0,1053.0,2415.0,15989.0,17042.0,0.0,,,,,,4.0,3.4,0.0,16975.0,SERC,
2024,8566,High Plains Power Inc,C,Cooperative,,9.0,WY,19979.0,145725.0,12767.0,4521.0,41551.0,409.0,56291.0,688988.0,752.0,0.0,0.0,0.0,80791.0,876264.0,13928.0,80791.0,876264.0,891094.0,0.0,,400.0,2.29,311.52,,123.8,133.8,,913576.0,WECC,52381.1
2024,8567,City of Higginsville - (MO),M,Municipal,Y,1.0,MO,,,,,,,,,,,,,,,,,,54070.0,,,,,,,,,,,,
2024,8570,Highline Electric Assn,C,Cooperative,,11.0,"CO,NE",8810.699999999999,62379.0,5799.0,8642.8,65036.0,1592.0,39312.2,354666.0,3148.0,,,,56765.7,482081.0,10539.0,56765.7,482081.0,373382.0,21.0,554.0,7.0,1.5240000000000002,,,177.7,43.0,,512644.0,WECC,1105.77
2024,8571,Town of High Point,M,Municipal,,4.0,NC,46800.3,402417.0,38079.0,62234.5,591485.0,5926.0,14035.7,149600.0,190.0,0.0,0.0,0.0,123070.5,1143502.0,44195.0,123070.5,1143502.0,6116.0,44195.0,,202.0,,78.6,0.832,255.2,214.9,0.0,1171870.0,SERC,
2024,8573,City of Highland,M,Municipal,Y,4.0,IL,,,,,,,,,,,,,,,,,,97432.0,891.0,,,,,,,,,,,
2024,8574,"Jackson Electric Coop, Inc - (WI)",C,Cooperative,Y,6.0,WI,,,,,,,,,,,,,,,,,,196995.0,,,7946.0,,,,,,,,,
2024,8579,City of Highlands - (NC),M,Municipal,Y,2.0,NC,,,,,,,,,,,,,,,,,,,2974.0,,,,,,,,,,,
2024,8599,City of Hill City,M,Municipal,Y,1.0,KS,,,,,,,,,,,,,,,,,,,985.0,,,,,,,,,,,
2024,8610,City of Hinton,M,Municipal,Y,1.0,IA,,,,,,,,,,,,,,,,,,,393.0,,,,,,,,,,,
2024,8620,"HILCO Electric Cooperative, Inc.",C,Cooperative,,5.0,TX,69635.0,467038.0,26883.0,26228.0,180767.0,8438.0,728.0,7411.0,1.0,,,,96591.0,655216.0,35322.0,96591.0,655216.0,,35321.0,,,26.334000000000003,124.1,1.354,178.0,256.0,,688664.0,TRE,465.0
2024,8628,City of Hillsboro - (ND),M,Municipal,Y,1.0,ND,,,,,,,,,,,,,,,,,,,1016.0,,,,,,,,,,,
2024,8629,City of Hillsboro - (KS),M,Municipal,Y,1.0,KS,,,,,,,,,,,,,,,,,,,1441.0,,,,,,,,,,,
2024,8631,Hillsdale Board of Public Wks,M,Municipal,Y,1.0,MI,,,,,,,,,,,,,,,,,,118656.0,,,,,,,,,,,,
2024,8632,"Hill County Electric Coop, Inc",C,Cooperative,Y,5.0,MT,,,,,,,,,,,,,,,,,,177472.0,,,,,,,,,,,,
2024,8677,Town of Hobgood,M,Municipal,Y,1.0,NC,,,,,,,,,,,,,,,,,,,,,,,,,,,,,,
2024,8698,City of Hogansville - (GA),M,Municipal,Y,1.0,GA,,,,,,,,,,,,,,,,,,,1964.0,,,,,,,,,,,
2024,8699,Inland Power & Light Company,C,Cooperative,,13.0,"ID,WA",67495.59999999999,752153.0,43799.0,18629.100000000002,213927.0,3500.0,6480.200000000001,99967.0,506.0,0.0,0.0,0.0,92604.9,1066047.0,47805.0,92604.9,1066047.0,1113852.0,84.0,,164.0,12.266,386.0,1.202,205.0,320.1,,1157148.0,WECC,2630.6659999999997
2024,8700,Hohokam Irr & Drain Dist,P,Political Subdivision,Y,1.0,AZ,,,,,,,,,,,,,,,,,,50928.0,,,,,,,,,,,,
2024,8703,City of Hoisington - (KS),M,Municipal,Y,1.0,KS,,,,,,,,,,,,,,,,,,,1549.0,,,,,,,,,,,
2024,8714,Town of Holden - (UT),M,Municipal,Y,1.0,UT,,,,,,,,,,,,,,,,,,,,,,,,,,,,,,
2024,8715,Town of Holden - (MA),M,Municipal,Y,1.0,MA,,,,,,,,,,,,,,,,,,,8410.0,,,,,,,,,,,
2024,8717,City of Holdrege,M,Municipal,Y,1.0,NE,,,,,,,,,,,,,,,,,,,3793.0,,,,,,,,,,,
2024,8723,City of Holland,M,Municipal,,2.0,MI,21598.3,184987.0,26608.0,34099.2,319564.0,4674.0,47715.0,626843.0,175.0,,,,103412.5,1131394.0,31457.0,103412.5,1131394.0,1162766.0,15.0,,1028.0,1.78,339.4,0.618,237.1,163.2,997428.0,158591.0,RFC,18175.0
2024,8733,Village of Holley - (NY),M,Municipal,Y,1.0,NY,,,,,,,,,,,,,,,,,,,1003.0,,,,,,,,,,,
2024,8748,City of Holly Springs,M,Municipal,,2.0,MS,10673.0,87102.0,9399.0,6301.0,45244.0,2611.0,564.0,5463.0,2.0,0.0,0.0,0.0,17538.0,137809.0,12012.0,17538.0,137809.0,149821.0,0.0,,,,,,53.9,61.4,0.0,240422.0,SERC,
2024,8751,Town of Holly - (CO),M,Municipal,Y,1.0,CO,,,,,,,,,,,,,,,,,,,,,,,,,,,,,,
2024,8761,Holmes-Wayne Electric Coop Inc,C,Cooperative,,7.0,OH,29379.2,177870.0,14714.0,14622.2,101643.0,3211.0,10125.1,89625.0,22.0,0.0,0.0,0.0,54126.5,369138.0,17947.0,54126.5,369138.0,194588.0,17087.0,,,3.506,178.08,1.506,71.4,61.3,,387587.0,RFC,
2024,8764,"Holston Electric Coop, Inc",C,Cooperative,,2.0,TN,46877.0,359154.0,25773.0,20856.0,145281.0,6698.0,19513.0,269667.0,16.0,0.0,0.0,0.0,87246.0,774102.0,32487.0,87246.0,774102.0,806589.0,0.0,,5.0,,891.509,3.448,147.9,201.6,0.0,803109.0,SERC,
2024,8770,City of Holton - (KS),M,Municipal,Y,1.0,KS,,,,,,,,,,,,,,,,,,,,,,,,,,,,,,
2024,8773,"Holy Cross Electric Assn, Inc",C,Cooperative,,5.0,CO,83039.0,689825.0,49982.0,52321.0,521102.0,11196.0,6631.0,66272.0,19.0,0.0,0.0,0.0,141991.0,1277199.0,61197.0,141991.0,1277199.0,1234864.0,168.0,3017.0,92.0,77.211,56.481,1.163,157.4,281.0,350724.0,1558871.0,WECC,5306.0
2024,8774,City of Holyoke - (MA),M,Municipal,,1.0,MA,17929.0,108136.0,15040.0,33851.0,227354.0,2905.0,5370.0,46317.0,21.0,,,,57150.0,381807.0,17966.0,57150.0,381807.0,241316.0,7508.0,,,0.218,61.575,1.265,68.0,57.0,261412.0,211818.0,NPCC,71.182
2024,8777,City of Holyoke - (CO),M,Municipal,Y,1.0,CO,,,,,,,,,,,,,,,,,,,,,,,,,,,,,,
2024,8780,"Fox Islands Electric Coop, Inc",C,Cooperative,Y,1.0,ME,,,,,,,,,,,,,,,,,,12696.0,,,,,,,,,,,,
2024,8781,City of Holyrood - (KS),M,Municipal,Y,1.0,KS,,,,,,,,,,,,,,,,,,,,,,,,,,,,,,
2024,8786,Horry Electric Coop Inc,C,Cooperative,,1.0,SC,146028.0,1103356.0,86726.0,35355.0,260638.0,12280.0,1708.0,15588.0,8.0,,,,183091.0,1379582.0,99014.0,183091.0,1379582.0,,99014.0,,,5.642,133.415,1.851,344.0,441.0,,1435328.0,SERC,
2024,8795,City of Homestead - (FL),M,Municipal,,1.0,FL,49731.3,404627.0,26052.0,7434.6,66945.0,2133.0,12669.4,165753.0,610.0,,,,69835.3,637325.0,28795.0,69835.3,637325.0,122561.0,21768.0,,,6.035,,,126.0,89.0,-3259.0,655440.0,FRCC,
2024,8796,City of Hingham - (MA),M,Municipal,Y,1.0,MA,,,,,,,,,,,,,,,,,,,10570.0,,,,,,,,,,,
2024,8797,Hull Municipal Light Plant,M,Municipal,Y,1.0,MA,,,,,,,,,,,,,,,,,,53511.0,,,,,,,,,,,,
2024,8799,City of Hominy - (OK),M,Municipal,Y,1.0,OK,,,,,,,,,,,,,,,,,,,1380.0,,,,,,,,,,,
2024,8801,City of Hondo - (TX),M,Municipal,Y,1.0,TX,,,,,,,,,,,,,,,,,,47634.0,,,,,,,,,,,,
2024,8824,M J M Electric Cooperative Inc,C,Cooperative,Y,7.0,IL,,,,,,,,,,,,,,,,,,142136.0,,,,,,,,,,,,
2024,8825,Town of Hookerton - (NC),M,Municipal,Y,1.0,NC,,,,,,,,,,,,,,,,,,,389.0,,,,,,,,,,,
2024,8826,Hooversville Boro Elec Lgt Co,M,Municipal,Y,1.0,PA,,,,,,,,,,,,,,,,,,,,,,,,,,,,,,
2024,8830,Hood River Electric Coop,C,Cooperative,Y,1.0,OR,,,,,,,,,,,,,,,,,,,4015.0,,,,,,,,,,,
2024,8840,City of Hope - (AR),M,Municipal,,1.0,AR,7372.0,63051.0,5782.0,12317.0,110380.0,1099.0,4256.0,44823.0,1.0,,,,23945.0,218254.0,6882.0,23945.0,218254.0,225135.0,0.0,,,4.874,121.32,1.98,51.0,38.0,,233836.0,SPP,
2024,8846,City of Hopkinsville,M,Municipal,,1.0,KY,14675.0,117129.0,9832.0,16489.0,126059.0,3030.0,8533.0,146284.0,3.0,0.0,0.0,0.0,39697.0,389472.0,12865.0,39697.0,389472.0,402337.0,0.0,,4.0,,,,78.5,67.9,0.0,403850.0,SERC,
2024,8847,City of Hopkinton - (IA),M,Municipal,Y,1.0,IA,,,,,,,,,,,,,,,,,,,398.0,,,,,,,,,,,
2024,8871,City of Horton - (KS),M,Municipal,Y,2.0,KS,,,,,,,,,,,,,,,,,,,1208.0,,,,,,,,,,,
2024,8883,Houlton Water Company,M,Municipal,,1.0,ME,4123.6,34513.0,3907.0,2437.3999999999996,20241.0,1511.0,3281.5,59866.0,78.0,0.0,0.0,0.0,9842.5,114620.0,5496.0,9842.5,114620.0,5496.0,5496.0,,,,,,18.6,21.1,,82867.0,NPCC,
2024,8884,Terrebonne Parish Consol Gov't,M,Municipal,,1.0,LA,18759.0,174885.0,11218.0,13839.0,131482.0,2586.0,,,,,,,32598.0,306367.0,13804.0,32598.0,306367.0,13804.0,13804.0,,,,,,76.5,76.2,0.0,320863.0,SPP,
2024,8896,City of Houston - (MO),M,Municipal,Y,1.0,MO,,,,,,,,,,,,,,,,,,11143.0,,,,,,,,,,,,
2024,8898,Houston County Elec Coop Inc,C,Cooperative,,9.0,TX,36637.0,220692.0,21426.0,7600.4,59552.0,1466.0,9848.7,129188.0,9.0,,,,54086.1,409432.0,22901.0,54086.100000000006,409432.0,432333.0,,,,,,,97.8,119.7,735.0,425667.0,TRE,
2024,8901,CenterPoint Energy,I,Investor Owned,,12.0,TX,,,,,,,,,,,,,,,,,,54889013.0,10930.0,28180.0,,,4315.811,3.7,,,,,TRE,228512.041
2024,8911,Howard Electric Coop,C,Cooperative,Y,4.0,MO,,,,,,,,,,,,,,,,,,56447.0,,,3557.0,,,,,,,,,
2024,8919,City of Howard - (SD),M,Municipal,Y,1.0,SD,,,,,,,,,,,,,,,,,,,621.0,,,,,,,,,,,
2024,8924,Howard Greeley Rural P P D,P,Political Subdivision,Y,2.0,NE,,,,,,,,,,,,,,,,,,99902.0,,,,,,,,,,,,
2024,8934,"Howell-Oregon Elec Coop, Inc",C,Cooperative,,7.0,MO,37817.1,301522.0,23101.0,6358.1,57345.0,2541.0,4415.2,46483.0,122.0,,,,48590.4,405350.0,25764.0,48590.399999999994,405350.0,33.0,25764.0,,,6.046,,,95.7,120.6,,429764.0,SERC,
2024,8949,City of Hubbard,M,Municipal,Y,1.0,OH,,,,,,,,,,,,,,,,,,,,,,,,,,,,,,
2024,8972,City of Hudson - (OH),M,Municipal,Y,1.0,OH,,,,,,,,,,,,,,,,,,,7005.0,,,,,,,,,,,
2024,8973,Town of Hudson - (MA),M,Municipal,,1.0,MA,13981.7,104445.0,11448.0,4502.4,41774.0,1901.0,10337.2,68689.0,166.0,,,,28821.3,214908.0,13515.0,28821.3,214908.0,210339.0,46.0,,,,,,50.2,35.5,7694.0,201889.0,NPCC,
2024,9000,Hughes Power & Light Co,I,Investor Owned,Y,1.0,AK,,,,,,,,,,,,,,,,,,,,,,,,,,,,,,
2024,9011,City of Hugoton - (KS),M,Municipal,Y,1.0,KS,,,,,,,,,,,,,,,,,,,,,,,,,,,,,,
2024,9022,City of Hubbell- (NE),M,Municipal,Y,1.0,NE,,,,,,,,,,,,,,,,,,,51.0,,,,,,,,,,,
2024,9023,City of Humboldt,M,Municipal,,1.0,TN,4914.0,43266.0,3529.0,6769.0,60710.0,1051.0,6215.0,105315.0,5.0,0.0,0.0,0.0,17898.0,209291.0,4585.0,17898.0,209291.0,213876.0,0.0,,3.0,,,,41.0,33.2,0.0,215808.0,SERC,
2024,9025,City of Hunnewell - (MO),M,Municipal,Y,1.0,MO,,,,,,,,,,,,,,,,,,,,,,,,,,,,,,
2024,9067,City of Hope - (ND),M,Municipal,Y,1.0,ND,,,,,,,,,,,,,,,,,,,,,,,,,,,,,,
2024,9087,Town of Huntersville - (NC),M,Municipal,,1.0,NC,11545.9,95224.0,8080.0,6741.9,65751.0,710.0,9078.5,134646.0,2.0,,,,27366.3,295621.0,8792.0,27366.3,295621.0,,8948.0,,2.0,,238.841,1.654,62.1,39.0,,300466.0,SERC,
2024,9088,City of Huntingburg - (IN),M,Municipal,Y,1.0,IN,,,,,,,,,,,,,,,,,,,3709.0,,,,,,,,,,,
2024,9094,City of Huntsville - (AL),M,Municipal,,1.0,AL,318331.0,2779774.0,197537.0,240403.0,2168220.0,23010.0,33338.0,466766.0,29.0,0.0,0.0,0.0,592072.0,5414760.0,220576.0,592072.0,5414760.0,5635336.0,0.0,,18.0,,,,1189.2,1579.4,0.0,5676878.0,SERC,
2024,9096,City of Lafayette - (LA),M,Municipal,,1.0,LA,86739.0,856774.0,59961.0,95725.0,1119834.0,12382.0,,,,,,,182464.0,1976608.0,72343.0,182464.0,1976608.0,2042550.0,328.0,,,5.022,166.601,1.24,459.0,438.0,83787.0,2720789.0,SPP,
2024,9124,Hustisford Utilities,M,Municipal,,1.0,WI,1522.8,11017.0,1315.0,939.0,7160.0,282.0,0.0,0.0,0.0,0.0,0.0,0.0,2461.8,18177.0,1597.0,2461.8,18177.0,19767.0,0.0,,15.0,0.01,,,4.6,3.3,0.0,19221.0,MISO,
2024,9128,Hurricane City Power,M,Municipal,Y,1.0,UT,,,,,,,,,,,,,,,,,,,9754.0,,,,,,,,,,,
2024,9130,Hutchinson Utilities Comm,M,Municipal,,1.0,MN,6041.0,54495.0,6653.0,9051.0,95296.0,1009.0,8644.0,109141.0,3.0,0.0,0.0,0.0,23736.0,258932.0,7665.0,23736.0,258932.0,266597.0,,,,,,,54.4,39.0,38031.0,248349.0,MRO,
2024,9144,Village of Hyde Park - (VT),M,Municipal,Y,1.0,VT,,,,,,,,,,,,,,,,,,,,,,,,,,,,,,
2024,9163,Hyrum City Corporation,M,Municipal,Y,1.0,UT,,,,,,,,,,,,,,,,,,115889.0,,,,,,,,,,,,
2024,9186,"Idaho County L&P Coop Assn, Inc",C,Cooperative,Y,2.0,ID,,,,,,,,,,,,,,,,,,,4541.0,,,,,,,,,,,
2024,9187,City of Idaho Falls - (ID),M,Municipal,,1.0,ID,29714.7,321312.0,28142.0,28816.3,383763.0,4634.0,3420.8,59060.0,6.0,0.0,0.0,0.0,61951.8,764135.0,32782.0,61951.8,764135.0,796917.0,0.0,,,3.24,72.4,0.65,135.2,155.3,238124.0,747390.0,WECC,4743.0
2024,9188,"I-N-N Electric Coop, Inc",C,Cooperative,Y,1.0,AK,,,,,,,,,,,,,,,,,,,,,,,,,,,,,,
2024,9191,Idaho Power Co,I,Investor Owned,,29.0,"ID,OR",700402.0,5963609.0,539849.0,397289.80000000005,4332006.0,79101.0,463557.7,5675419.0,22617.0,0.0,0.0,0.0,1561249.5,15971034.0,641567.0,1561249.5,15971034.0,16593670.0,1224.0,20467.0,1444.0,349.59000000000003,358.185,1.97,3793.0,2719.0,13519916.0,6560359.0,WECC,143599.0
2024,9192,Igiugig Electric Company,P,Political Subdivision,Y,1.0,AK,,,,,,,,,,,,,,,,,,,,,,,,,,,,,,
2024,9200,Village of Ilion - (NY),M,Municipal,Y,1.0,NY,,,,,,,,,,,,,,,,,,,4098.0,,,,,,,,,,,
2024,9209,Illinois Rural Electric Coop,C,Cooperative,Y,10.0,IL,,,,,,,,,,,,,,,,,,205795.0,0.0,,143.0,,,,,,,,,
2024,9216,Imperial Irrigation District,P,Political Subdivision,,3.0,CA,353871.0,1975507.0,142078.0,288059.0,1581503.0,21915.0,18371.0,88354.0,809.0,,,,660301.0,3645364.0,164802.0,660301.0,3645364.0,3390597.0,70.0,,,294.84000000000003,60.96,0.69,1177.0,1004.0,1275903.0,2701996.0,WECC,20337.0
2024,9217,City of Imperial,M,Municipal,Y,1.0,NE,,,,,,,,,,,,,,,,,,31127.0,,,,,,,,,,,,
2024,9230,City of Independence - (IA),M,Municipal,,1.0,IA,2919.6,21131.0,2719.0,3658.5,37089.0,473.0,1124.3,14770.0,1.0,0.0,0.0,0.0,7702.4,72990.0,3193.0,7702.400000000001,72990.0,76184.0,0.0,,17.0,0.1,10.673,0.405,16.0,11.3,0.0,75832.0,MISO,
2024,9231,City of Independence - (MO),M,Municipal,,1.0,MO,85546.2,543440.0,53832.0,58307.2,389891.0,4944.0,6366.0,59664.0,13.0,0.0,0.0,0.0,150219.4,992995.0,58789.0,150219.4,992995.0,60011.0,60011.0,,,11.652,,,272.4,192.0,270194.0,845574.0,SPP,351.0
2024,9234,Indiana Municipal Power Agency,P,Political Subdivision,,,,,,,,,,,,,,,,,,,,,,,,,,,,1207.0,1016.0,3530041.0,3201191.0,RFC,44.0
2024,9246,"Indian Electric Coop, Inc",C,Cooperative,,7.0,OK,29143.4,231896.0,14839.0,23342.5,216997.0,5655.0,12100.6,176262.0,11.0,,,,64586.5,625155.0,20505.0,64586.5,625155.0,,20505.0,65.0,1.0,2.774,83.636,0.593,124.3,138.5,,656315.0,SPP,
2024,9267,"Hoosier Energy R E C, Inc",C,Cooperative,,,,,,,,,,,,,,,,,,,,,,,1297.0,,,,,1484.0,1598.0,1626573.0,7632951.0,RFC,6373.0
2024,9269,Indiana-Kentucky Electric Corp,I,Investor Owned,,,,,,,,,,,,,,,,,,,,,,,,,,,,1094.0,1195.0,5174499.0,,RFC,
2024,9273,AES Indiana,I,Investor Owned,,20.0,IN,694095.2,5048596.0,469499.0,253634.5,1774798.0,55587.0,615907.2,6041240.0,5716.0,0.0,0.0,,1563636.9,12864634.0,530802.0,1563636.9,12864634.0,13400634.0,271.0,66534.0,207.0,25.396,246.899,1.25,2662.0,2962.0,12470930.0,1519338.0,RFC,159949.0
2024,9274,City of Indianola - (NE),M,Municipal,Y,1.0,NE,,,,,,,,,,,,,,,,,,,354.0,,,,,,,,,,,
2024,9275,Indianola Municipal Utilities,M,Municipal,Y,1.0,IA,,,,,,,,,,,,,,,,,,,8680.0,,25.0,,,,,,,,,
2024,9286,Illinois Municipal Elec Agency,A,Municipal Mktg Authority,,,,,,,,,,,,,,,,,,,,,,,1.0,,,,,931.0,596.3,2598407.0,1112174.0,SERC,5006.69
2024,9292,Inter County Energy Coop Corp - (KY),C,Cooperative,,12.0,KY,48126.0,350346.0,26655.0,7421.0,59906.0,1352.0,12989.0,173229.0,10.0,,,,68536.0,583481.0,28017.0,68536.0,583481.0,611498.0,,,,3.314,276.66,1.91,118.0,209.0,,595149.0,RFC,
2024,9324,Indiana Michigan Power Co,I,Investor Owned,,31.0,"IN,MI",872163.1000000001,5300982.0,534662.0,628789.2,5321674.0,75139.0,615626.9,7297559.0,4755.0,0.0,0.0,0.0,2116579.2,17920215.0,614556.0,2116579.2,17920215.0,13569472.0,3499.0,28950.0,22261.0,104.691,257.85,1.2485,3924.0,3455.0,19660225.0,6427656.0,RFC,126972.704
2024,9331,Intercounty Electric Coop Assn - (MO),C,Cooperative,,9.0,MO,55773.0,428730.0,29956.0,7153.0,69384.0,2061.0,3100.0,45130.0,14.0,,,,66026.0,543244.0,32031.0,66026.0,543244.0,561816.0,,,,6.887,268.951,1.719,118.4,179.5,,574509.0,SERC,
2024,9336,CORE Electric Cooperative,C,Cooperative,,11.0,CO,257358.0,1710656.0,165067.0,105069.1,856370.0,15744.0,6057.0,64652.0,12.0,,,,368484.1,2631678.0,180823.0,368484.1,2631678.0,2812521.0,,,680.0,118.868,212.358,0.933,657.5,511.5,1093552.0,1746992.0,WECC,
2024,9416,Ipnatchiaq Electric Company,M,Municipal,Y,1.0,AK,,,,,,,,,,,,,,,,,,,,,,,,,,,,,,
2024,9417,Interstate Power and Light Co,I,Investor Owned,,84.0,IA,639738.0,3573253.0,417153.0,537537.0,4005972.0,85663.0,497215.0,6072390.0,1330.0,,,,1674490.0,13651615.0,504146.0,1674490.0,13651615.0,8796293.0,6966.0,45850.0,22006.0,401.262,,,2833.0,2359.0,11873705.0,5052764.0,MRO,118673.09
2024,9418,City of Iola - (KS),M,Municipal,Y,1.0,KS,,,,,,,,,,,,,,,,,,,,,,,,,,,,,,
2024,9422,J-A-C Electric Coop Inc,C,Cooperative,Y,4.0,TX,,,,,,,,,,,,,,,,,,,5984.0,,,,,,,,,,,
2024,9425,Iowa Lakes Electric Coop,C,Cooperative,,13.0,IA,23197.5,168339.0,9714.0,15380.4,130665.0,3414.0,23016.6,302707.0,78.0,,,,61594.5,601711.0,13206.0,61594.5,601711.0,614961.0,,5020.0,,7.244000000000001,44.9,0.48,107.3,105.6,70763.0,652601.0,MRO,
2024,9431,Irwin Electric Membership Corp,C,Cooperative,Y,8.0,GA,,,,,,,,,,,,,,,,,,202321.0,0.0,,,,,,,,,,,
2024,9442,Town of Ipswich - (MA),M,Municipal,Y,1.0,MA,,,,,,,,,,,,,,,,,,119147.0,0.0,,,,,,,,,,,
2024,9463,City of Isabel - (KS),M,Municipal,Y,1.0,KS,,,,,,,,,,,,,,,,,,,,,,,,,,,,,,
2024,9472,City of Itta Bena - (MS),M,Municipal,Y,1.0,MS,,,,,,,,,,,,,,,,,,,,,,,,,,,,,,
2024,9475,Itasca-Mantrap Co-op Electrical Assn,C,Cooperative,,5.0,MN,16406.6,122108.0,11200.0,2573.9,20292.0,1075.0,12879.2,141366.0,406.0,,,,31859.7,283766.0,12681.0,31859.7,283766.0,300757.0,11.0,,16.0,1.4380000000000002,149.35,1.54,62.1,76.7,,296086.0,MRO,
2024,9541,City of Iuka - (KS),M,Municipal,Y,1.0,KS,,,,,,,,,,,,,,,,,,,92.0,,,,,,,,,,,
2024,9572,Village of Jackson Center - (OH),M,Municipal,Y,1.0,OH,,,,,,,,,,,,,,,,,,24902.0,,,,,,,,,,,,
2024,9573,City of Jackson - (GA),M,Municipal,Y,1.0,GA,,,,,,,,,,,,,,,,,,,,,,,,,,,,,,
2024,9575,Jackson Energy Coop Corp - (KY),C,Cooperative,,15.0,KY,90862.4,665206.0,49423.0,17008.4,139293.0,3857.0,15325.1,189286.0,15.0,,,,123195.9,993785.0,53295.0,123195.9,993785.0,1047080.0,,,,3.728,856.0,2.993,199.4,332.8,,1045769.0,SERC,
2024,9576,Jackson County Rural E M C - (IN),C,Cooperative,,10.0,IN,55727.0,363693.0,24215.0,6687.0,50263.0,1160.0,4609.0,43890.0,24.0,,,,67023.0,457846.0,25399.0,67023.0,457846.0,483245.0,,904.0,27.0,2.154,249.03,2.181,96.4,143.4,,480212.0,RFC,808.094
2024,9590,"Jackson Electric Coop, Inc - (TX)",C,Cooperative,,6.0,TX,22826.0,170123.0,15620.0,5752.0,47660.0,1722.0,46174.0,764116.0,60.0,,,,74752.0,981899.0,17402.0,74752.0,981899.0,999292.0,,12.0,,1.268,,,99.0,93.0,,998734.0,TRE,
2024,9598,City of Jackson - (OH),M,Municipal,Y,1.0,OH,,,,,,,,,,,,,,,,,,,4196.0,,,,,,,,,,,
2024,9599,City of Jackson - (MN),M,Municipal,Y,1.0,MN,,,,,,,,,,,,,,,,,,45068.0,,,,,,,,,,,,
2024,9601,Jackson Electric Member Corp - (GA),C,Cooperative,,12.0,GA,395695.3,3476293.0,239558.0,186681.0,1645493.0,22797.0,60589.1,841910.0,274.0,0.0,0.0,0.0,642965.4,5963696.0,262629.0,642965.4,5963696.0,6146748.0,1035.0,23545.0,1691.0,27.426000000000002,129.37,1.39,1434.0,1454.0,,6093098.0,SERC,2795.0
2024,9603,City of Jackson - (MO),M,Municipal,Y,1.0,MO,,,,,,,,,,,,,,,,,,0.0,7718.0,,,,,,,,,,,
2024,9605,Jackson Purchase Energy Corporation,C,Cooperative,,6.0,KY,53021.5,338928.0,23979.0,37798.2,471428.0,6722.0,5034.1,43136.0,7.0,,,,95853.8,853492.0,30708.0,95853.8,853492.0,884200.0,,,,2.273,320.054,1.586,166.6,160.3,,879684.0,SERC,
2024,9610,Village of Jacksonville - (VT),M,Municipal,Y,1.0,VT,,,,,,,,,,,,,,,,,,,,,,,,,,,,,,
2024,9612,City of Jackson - (TN),M,Municipal,,1.0,TN,48852.0,408065.0,31856.0,63373.0,547092.0,6829.0,43265.0,691744.0,34.0,0.0,0.0,0.0,155490.0,1646901.0,38719.0,155490.0,1646901.0,1685620.0,0.0,,18.0,,115.2,1.08,340.2,244.0,0.0,1689946.0,SERC,
2024,9613,City of Lebanon - (IN),M,Municipal,,1.0,IN,9591.2,76278.0,8076.0,4025.7,29665.0,1340.0,14944.2,142004.0,146.0,,,,28561.1,247947.0,9562.0,28561.100000000002,247947.0,257509.0,,,,,,,55.9,42.4,,255707.0,RFC,
2024,9616,Beaches Energy Services,M,Municipal,,2.0,FL,54832.0,442908.0,30358.0,38357.0,289604.0,5618.0,,,,,,,93189.0,732512.0,35976.0,93189.0,732512.0,34066.0,35976.0,,,7.7620000000000005,50.073,0.659,169.3,152.0,,746312.0,SERC,
2024,9617,JEA,M,Municipal,,4.0,FL,748256.0,6021884.0,470564.0,437728.1,4156854.0,61115.0,213552.0,2690679.0,203.0,351.9,3848.0,1.0,1399888.0,12873265.0,531883.0,1399888.0,12873265.0,13405148.0,,,232.0,128.4,,,2478.0,2765.0,11789496.0,1580453.0,FRCC,32392.0
2024,9645,Jamestown Board of Public Util,M,Municipal,,1.0,NY,12766.9,151534.0,15562.0,12969.8,148786.0,2667.0,6882.8,95100.0,118.0,0.0,0.0,0.0,32619.5,395420.0,18347.0,32619.499999999996,395420.0,414831.0,422.0,,,,,,71.9,82.9,33576.0,479581.0,NPCC,
2024,9646,Town of Jamestown - (IN),M,Municipal,Y,2.0,IN,,,,,,,,,,,,,,,,,,,545.0,,,,,,,,,,,
2024,9650,City of Janesville - (MN),M,Municipal,Y,1.0,MN,,,,,,,,,,,,,,,,,,13504.0,1.0,,,,,,,,,,,
2024,9664,City of Jasper - (TX),M,Municipal,Y,1.0,TX,,,,,,,,,,,,,,,,,,,5273.0,,,,,,,,,,,
2024,9665,Jasper County Rural E M C,C,Cooperative,,6.0,IN,15658.4,102072.0,7745.0,15344.1,126305.0,965.0,3584.6,47550.0,2.0,,,,34587.1,275927.0,8712.0,34587.1,275927.0,246373.0,7.0,,,0.436,196.085,2.701,59.3,41.1,,286595.0,RFC,
2024,9666,Jay County Rural E M C,C,Cooperative,Y,6.0,IN,,,,,,,,,,,,,,,,,,203751.0,,,,,,,,,,,,
2024,9667,City of Jasper - (IN),M,Municipal,,1.0,IN,8002.2,71530.0,6568.0,11284.9,107550.0,1250.0,11042.5,98194.0,81.0,,,,30329.6,277274.0,7899.0,30329.6,277274.0,81377.0,349.0,,,0.046,,,66.1,57.9,,288867.0,RFC,
2024,9668,"Jasper-Newton Elec Coop, Inc",C,Cooperative,,5.0,TX,35690.0,275394.0,21180.0,6814.0,44456.0,2571.0,11484.0,135696.0,169.0,,,,53988.0,455546.0,23920.0,53988.0,455546.0,479466.0,,,,1.8820000000000001,2401.88,6.088,115.1,156.6,,495626.0,MRO,
2024,9682,"Jefferson Davis Elec Coop, Inc",C,Cooperative,,5.0,LA,18456.0,131371.0,9127.0,5223.0,38140.0,1472.0,6186.0,62890.0,126.0,,,,29865.0,232401.0,10725.0,29865.0,232401.0,10455.0,10725.0,,14.0,1.4000000000000001,,,41.6,37.9,41123.0,191374.0,SERC,
2024,9689,Jefferson Electric Member Corp,C,Cooperative,,11.0,GA,60484.0,455869.0,34490.0,9810.0,77024.0,2016.0,9299.0,106602.0,425.0,0.0,0.0,0.0,79593.0,639495.0,36931.0,79593.0,639495.0,676426.0,277.0,,,7.428,10318.0,3.85,159.6,161.4,,663426.0,SERC,
2024,9690,Jefferson Utilities,M,Municipal,,1.0,WI,3489.1,29398.0,3718.0,5229.7,49595.0,614.0,1297.5,16469.0,1.0,0.0,0.0,0.0,10016.3,95462.0,4333.0,10016.3,95462.0,76178.0,2561.0,,22.0,0.694,,,21.5,16.2,0.0,100223.0,MISO,
2024,9697,City of Jellico,M,Municipal,,2.0,"KY,TN",5786.0,44218.0,3383.0,3147.0,21925.0,1027.0,5791.0,107108.0,1.0,0.0,0.0,0.0,14724.0,173251.0,4411.0,14724.0,173251.0,177662.0,0.0,,,,,,27.2,32.8,0.0,177745.0,SERC,
2024,9699,"Jemez Mountains Elec Coop, Inc",C,Cooperative,,5.0,NM,30086.8,195881.0,28093.0,21059.8,149381.0,3574.0,2544.1,21075.0,9.0,,,,53690.7,366337.0,31676.0,53690.7,366337.0,47316.0,26787.0,,275.0,8.530000000000001,1876.735,4.946,70.3,69.8,,395619.0,WECC,185.7
2024,9726,Jersey Central Power & Lt Co,I,Investor Owned,,13.0,NJ,1467511.1,9805135.0,1038258.0,645979.1,8264725.0,131362.0,67808.4,1696013.0,2216.0,1727.9,83693.0,1.0,2183026.5,19849566.0,1171837.0,2183026.5,19849566.0,8178756.0,229693.0,7828.0,13496.0,1870.5790000000002,481.12,2.46,6183.6,3446.2,0.0,13265100.0,RFC,159502.604
2024,9732,City of Jetmore,M,Municipal,Y,1.0,KS,,,,,,,,,,,,,,,,,,,636.0,,,,,,,,,,,
2024,9734,City of Jewett City - (CT),M,Municipal,Y,1.0,CT,,,,,,,,,,,,,,,,,,24664.0,,,,,,,,,,,,
2024,9739,Joe Wheeler Elec Member Corp,C,Cooperative,,2.0,AL,86327.0,595913.0,36973.0,46185.0,326951.0,9140.0,52702.0,872520.0,22.0,0.0,0.0,0.0,185214.0,1795384.0,46135.0,185214.0,1795384.0,1841519.0,0.0,,22.0,,,,333.5,383.2,0.0,1852697.0,SERC,
2024,9750,"Jo-Carroll Energy, Inc",C,Cooperative,,4.0,IL,28977.0,146432.0,17227.0,14430.0,84700.0,2877.0,10360.3,266670.0,85.0,,,,53767.3,497802.0,20189.0,53767.3,497802.0,330170.0,8.0,1688.0,13.0,17.786,66.55,0.525,71.0,57.0,164.0,323642.0,MRO,684.0
2024,9776,City of Johnson - (KS),M,Municipal,Y,1.0,KS,,,,,,,,,,,,,,,,,,,,,,,,,,,,,,
2024,9777,Johnson City - (TN),M,Municipal,,4.0,TN,124321.0,1001670.0,72205.0,83210.0,731665.0,11891.0,11735.0,224295.0,13.0,0.0,0.0,0.0,219266.0,1957630.0,84109.0,219266.0,1957630.0,2041739.0,0.0,,14.0,,658.539,2.2,366.1,537.3,0.0,2006656.0,SERC,
2024,9778,Johnson County Rural E M C,C,Cooperative,,4.0,IN,50787.7,368238.0,28279.0,15389.8,116190.0,3180.0,7619.3,96748.0,42.0,,,,73796.8,581176.0,31501.0,73796.8,581176.0,612398.0,13.0,3.0,27980.0,1.686,123.205,1.657,144.5,119.8,,601757.0,RFC,931.0
2024,9806,Village of Johnson - (VT),M,Municipal,Y,1.0,VT,,,,,,,,,,,,,,,,,,,,,,,,,,,,,,
2024,9832,Kuiggluum Kallugvia,I,Investor Owned,Y,1.0,AK,,,,,,,,,,,,,,,,,,,,,,,,,,,,,,
2024,9837,Jones-Onslow Elec Member Corp,C,Cooperative,,6.0,NC,135231.7,1032935.0,79690.0,24980.9,245005.0,4632.0,3000.5,35040.0,4.0,0.0,0.0,0.0,163213.1,1312980.0,84326.0,163213.1,1312980.0,1390386.0,,,,8.838,124.706,1.046,308.9,402.2,,1373306.0,SERC,
2024,9879,City Water and Light Plant,M,Municipal,,1.0,AR,33351.0,503106.0,35013.0,21964.0,324371.0,5616.0,29367.0,577644.0,38.0,,,,84682.0,1405121.0,40667.0,84682.0,1405121.0,1350645.0,3326.0,,,1.524,,,306.0,300.0,772702.0,803265.0,SPP,
2024,9880,City of Jonesville - (LA),M,Municipal,Y,1.0,LA,,,,,,,,,,,,,,,,,,,,,,,,,,,,,,
2024,9897,City of King Cove,M,Municipal,Y,1.0,AK,,,,,,,,,,,,,,,,,,,,,,,,,,,,,,
2024,9922,Jump River Electric Coop Inc,C,Cooperative,Y,6.0,WI,,,,,,,,,,,,,,,,,,103838.0,,,,,,,,,,,,
2024,9928,City of Julesburg - (CO),M,Municipal,Y,1.0,CO,,,,,,,,,,,,,,,,,,,,,,,,,,,,,,
2024,9936,Juneau Utility Comm,M,Municipal,,1.0,WI,899.9,7699.0,970.0,2079.6,20928.0,194.0,1346.0,15959.0,2.0,0.0,0.0,0.0,4325.5,44586.0,1166.0,4325.5,44586.0,45780.0,0.0,,20.0,0.372,,,9.6,6.3,0.0,45917.0,MISO,
2024,9949,Just Energy,R,Retail Power Marketer,,,,936541.6000000001,6222475.0,428761.0,64161.4,444727.0,20255.0,0.0,0.0,0.0,0.0,0.0,0.0,1000703.0,6667202.0,449016.0,1000703.0000000001,6667202.0,,,,,,,,,,,6667202.0,,
2024,9961,Kansas Electric Power Coop Inc,C,Cooperative,,,,,,,,,,,,,,,,,,,,,,,,,,,,456.6,412.8,644388.0,1395825.0,MRO,
2024,9964,Kenergy Corp,C,Cooperative,,14.0,KY,101538.0,670042.0,47292.0,41625.0,304684.0,12384.0,221866.0,4473950.0,26.0,,,,365029.0,5448676.0,59702.0,365029.0,5448676.0,1116208.0,17.0,,,12.31,369.35,2.41,791.0,796.0,,5496836.0,,
2024,9973,City of Kahoka,M,Municipal,Y,1.0,MO,,,,,,,,,,,,,,,,,,,,,,,,,,,,,,
2024,9979,KAMO Electric Coop Inc,C,Cooperative,,,,,,,,,,,,,,,,,,,,,,,,,,,,1842.0,2314.0,,7750053.0,SPP,
2024,9991,Kandiyohi Power Coop,C,Cooperative,Y,4.0,MN,,,,,,,,,,,,,,,,,,172302.0,,,3.0,,,,,,,,,
2024,9995,Kanosh Town Corporation,M,Municipal,Y,1.0,UT,,,,,,,,,,,,,,,,,,,,,,,,,,,,,,
2024,9996,City of Kansas City - (KS),M,Municipal,,1.0,KS,87905.0,572473.0,61475.0,129362.0,1073013.0,7082.0,49823.0,507713.0,80.0,0.0,0.0,0.0,267090.0,2153199.0,68637.0,267090.0,2153199.0,2218282.0,1738.0,,,7.716,362.138,2.039,474.0,390.0,784577.0,1421728.0,SPP,55.8
2024,9999,Kankakee Valley Rural E M C,C,Cooperative,,7.0,IN,33202.9,218432.0,18994.0,8353.7,54191.0,2647.0,2750.7,24748.0,12.0,,,,44307.3,297371.0,21653.0,44307.3,297371.0,319024.0,,,,,678.9,3.658,98.2,55.0,,312200.0,RFC,
2024,10000,Evergy Metro,I,Investor Owned,,25.0,"KS,MO",734361.3999999999,5475157.0,518415.0,779842.3999999999,7414441.0,64768.0,131906.0,1708864.0,1706.0,293.2,2379.0,1.0,1646403.0,14600841.0,584890.0,1646402.9999999998,14600841.0,15107244.0,62.0,45850.0,263772.0,141.881,362.43,1.5185,3492.0,2941.0,12964109.0,6759679.0,MRO,43946.453
2024,10005,"Evergy Kansas South, Inc",I,Investor Owned,,24.0,KS,453478.9,3181627.0,302508.0,354433.4,3150612.0,40867.0,260844.9,3416549.0,3119.0,,,,1068757.2,9748788.0,346494.0,1068757.2,9748788.0,9778722.0,189.0,22048.0,1117.0,54.734,206.27,1.401,2688.0,1635.0,8021893.0,2094303.0,MRO,4885.495
2024,10009,Karnes Electric Coop Inc,C,Cooperative,,12.0,TX,22940.0,231647.0,13222.0,59235.0,640754.0,9416.0,38785.0,629504.0,511.0,,,,120960.0,1501905.0,23149.0,120960.0,1501905.0,1525054.0,,,,3.7860000000000005,,,265.9,237.9,,1580440.0,TRE,
2024,10012,Kay Electric Coop,C,Cooperative,,5.0,OK,7459.0,52805.0,4371.0,16305.0,130493.0,1521.0,15761.0,250547.0,7.0,0.0,0.0,0.0,39525.0,433845.0,5899.0,39525.0,433845.0,439744.0,0.0,,,,,,81.0,81.0,0.0,442810.0,SPP,
2024,10019,FreeState Electric Coop,C,Cooperative,,9.0,KS,36491.0,222322.0,17514.0,5600.0,37159.0,1467.0,2040.0,22544.0,11.0,,,,44131.0,282025.0,18992.0,44131.0,282025.0,301017.0,,,597.0,7.742,514.67,,33.7,35.9,158.0,297085.0,SPP,
2024,10025,City of Kaplan - (LA),M,Municipal,Y,1.0,LA,,,,,,,,,,,,,,,,,,,,,,,,,,,,,,
2024,10035,Kansas Municipal Energy Agency,A,Municipal Mktg Authority,,,,,,,,,,,,,,,,,,,,,,,,,,,,415.0,277.8,2632.0,1800241.0,SPP,
2024,10037,City of Kasota - (MN),M,Municipal,Y,1.0,MN,,,,,,,,,,,,,,,,,,,381.0,,,,,,,,,,,
2024,10040,City of Kasson,M,Municipal,Y,1.0,MN,,,,,,,,,,,,,,,,,,31726.0,500.0,,,,,,,,,,,
2024,10056,City of Kaukauna,M,Municipal,,1.0,WI,15556.2,124114.0,14543.0,13855.4,133536.0,2056.0,26858.7,356560.0,13.0,0.0,0.0,0.0,56270.3,614210.0,16612.0,56270.3,614210.0,631053.0,0.0,,186.0,1.989,229.469,1.35,125.8,106.8,171766.0,476855.0,MISO,
2024,10057,City of Lamar - (MO),M,Municipal,Y,1.0,MO,,,,,,,,,,,,,,,,,,2605.0,13.0,,,,,,,,,,,
2024,10063,Kaysville City Corporation,M,Municipal,Y,1.0,UT,,,,,,,,,,,,,,,,,,179040.0,,,,,,,,,,,,
2024,10065,KBR Rural Public Power District,P,Political Subdivision,Y,6.0,NE,,,,,,,,,,,,,,,,,,111914.0,,,,,,,,,,,,
2024,10066,K C Electric Association,C,Cooperative,,4.0,CO,5361.1,40943.0,3404.0,15200.8,121498.0,2560.0,8561.3,77042.0,661.0,,,,29123.2,239483.0,6625.0,29123.2,239483.0,246108.0,,,,0.9580000000000001,,,58.7,34.1,,250102.0,WECC,344.74
2024,10071,Kauai Island Utility Cooperative,C,Cooperative,,1.0,HI,79983.4,193728.0,30109.0,49287.1,118236.0,5094.0,59535.5,160503.0,113.0,0.0,0.0,0.0,188806.0,472467.0,35316.0,188806.0,472467.0,488881.0,1241.0,,,132.298,382.59,4.39,82.4,76.5,273324.0,222431.0,HICC,1922.503
2024,10089,Keewatin Public Utilities,M,Municipal,Y,1.0,MN,,,,,,,,,,,,,,,,,,,,,,,,,,,,,,
2024,10144,Kennebunk Light & Power Dist,M,Municipal,Y,1.0,ME,,,,,,,,,,,,,,,,,,,2644.0,,,,,,,,,,,
2024,10152,City of Kennett - (MO),M,Municipal,Y,1.0,MO,,,,,,,,,,,,,,,,,,125664.0,,,,,,,,,,,,
2024,10153,KEM Electric Coop Inc,C,Cooperative,Y,5.0,ND,,,,,,,,,,,,,,,,,,122742.0,,,,,,,,,,,,
2024,10170,"Kiamichi Electric Coop, Inc",C,Cooperative,,5.0,OK,35266.0,273463.0,18685.0,9157.0,73838.0,1835.0,3697.0,44218.0,12.0,,,,48120.0,391519.0,20532.0,48120.0,391519.0,,20532.0,,,2.14,473.2,2.77,98.5,128.4,,415700.0,SPP,
2024,10171,Kentucky Utilities Co,I,Investor Owned,,83.0,"KY,VA",749372.9,6258346.0,473342.0,671060.6,5767706.0,99064.0,444434.19999999995,6196783.0,1688.0,,,,1864867.7000000002,18222835.0,574094.0,1864867.7,18222835.0,6054057.0,109023.0,61183.0,5697.0,69.868,1313.35,1.971,3565.0,4470.0,18825842.0,1427506.0,SERC,15632.761
2024,10172,City of Marathon - (IA),M,Municipal,Y,1.0,IA,,,,,,,,,,,,,,,,,,,,,,,,,,,,,,
2024,10179,Kenyon Municipal Utilities,M,Municipal,Y,1.0,MN,,,,,,,,,,,,,,,,,,,986.0,,,,,,,,,,,
2024,10181,Keosauqua Municipal Light & Pwr,M,Municipal,Y,1.0,IA,,,,,,,,,,,,,,,,,,,717.0,,,,,,,,,,,
2024,10210,Ketchikan Public Utilities,M,Municipal,,1.0,AK,9741.7,78034.0,6561.0,9227.2,76702.0,1389.0,2361.1,22752.0,14.0,0.0,0.0,0.0,21330.0,177488.0,7964.0,21330.0,177488.0,80801.0,2102.0,,,,,,26.8,37.6,70367.0,113156.0,AK,
2024,10226,"Utility Board of the City of Key West, F",M,Municipal,,1.0,FL,55404.0,394917.0,27264.0,51965.0,346391.0,4609.0,,,,,,,107369.0,741308.0,31873.0,107369.0,741308.0,,31873.0,,16.0,11.053999999999998,43.33,1.3,148.6,135.6,-1803.0,789225.0,,
2024,10229,City of Hickman - (NE),M,Municipal,Y,1.0,NE,,,,,,,,,,,,,,,,,,,1564.0,,,,,,,,,,,
2024,10243,City of Kiel - (WI),M,Municipal,Y,1.0,WI,,,,,,,,,,,,,,,,,,,1864.0,,37.0,,,,,,,,,
2024,10260,City of Kimball - (NE),M,Municipal,Y,1.0,NE,,,,,,,,,,,,,,,,,,,1698.0,,,,,,,,,,,
2024,10265,City of Kimballton - (IA),M,Municipal,Y,1.0,IA,,,,,,,,,,,,,,,,,,,,,,,,,,,,,,
2024,10320,City of Kingfisher - (OK),M,Municipal,Y,1.0,OK,,,,,,,,,,,,,,,,,,53744.0,,,,,,,,,,,,
2024,10321,City of Kingman - (KS),M,Municipal,Y,1.0,KS,,,,,,,,,,,,,,,,,,38739.0,,,,,,,,,,,,
2024,10324,City of Kings Mountain - (NC),M,Municipal,Y,2.0,NC,,,,,,,,,,,,,,,,,,146602.0,,,,,,,,,,,,
2024,10325,Kings River Conservation Dist,P,Political Subdivision,,1.0,CA,,,,3623.4,450755.0,1.0,,,,,,,3623.4,450755.0,1.0,3623.4,450755.0,450756.0,,,,,,,198.7,27.6,450755.0,,WECC,
2024,10326,PUD No 1 of Kittitas County,P,Political Subdivision,Y,1.0,WA,,,,,,,,,,,,,,,,,,0.0,5179.0,,,,,,,,,,,
2024,10329,"Kingsbury Electric Coop, Inc",C,Cooperative,Y,5.0,SD,,,,,,,,,,,,,,,,,,28413.0,,,,,,,,,,,,
2024,10330,Town of Kingsford Heights,M,Municipal,Y,1.0,IN,,,,,,,,,,,,,,,,,,,,,,,,,,,,,,
2024,10331,Kingsport Power Co,I,Investor Owned,,3.0,TN,81661.0,636147.0,43159.0,53303.0,386067.0,6136.0,72743.0,780515.0,194.0,0.0,0.0,0.0,207707.0,1802729.0,49489.0,207707.0,1802729.0,1628467.0,40.0,,48.0,2.695,1027.6,1.8,311.0,439.0,,1838310.0,RFC,
2024,10345,City of Kinston - (NC),M,Municipal,,1.0,NC,16727.6,127937.0,10042.0,14982.5,128892.0,1948.0,13801.9,166762.0,12.0,,,,45512.0,423591.0,12002.0,45512.0,423591.0,435592.0,,3807.0,51.0,,56.73,0.407,92.0,73.4,,434090.0,SERC,
2024,10351,City of Kiowa - (KS),M,Municipal,Y,1.0,KS,,,,,,,,,,,,,,,,,,,,,,,,,,,,,,
2024,10359,Kirbyville Light & Power Co,M,Municipal,Y,1.0,TX,,,,,,,,,,,,,,,,,,,1013.0,,,,,,,,,,,
2024,10370,City of Kirkwood - (MO),M,Municipal,,1.0,MO,13781.0,96003.0,9084.0,11904.0,84685.0,1228.0,956.0,5835.0,1.0,,,,26641.0,186523.0,10313.0,26641.0,186523.0,196836.0,,,,0.692,167.155,1.291,57.3,41.5,,206261.0,RFC,
2024,10376,Kissimmee Utility Authority,M,Municipal,,1.0,FL,141365.0,1069507.0,79281.0,76210.9,601873.0,12232.0,16633.4,150994.0,48.0,0.0,0.0,0.0,234209.3,1822374.0,91561.0,234209.3,1822374.0,1917820.0,27.0,,47.0,92.572,,,413.0,338.0,,1891620.0,FRCC,486.787
2024,10378,"Kit Carson Electric Coop, Inc",C,Cooperative,,3.0,NM,28030.7,154183.0,26097.0,17617.0,112231.0,4700.0,2216.7,18551.0,10.0,,,,47864.4,284965.0,30807.0,47864.399999999994,284965.0,285280.0,1059.0,,597.0,7.074,185.07,1.415,41.0,61.9,,322766.0,WECC,
2024,10393,PUD No 1 of Klickitat County,P,Political Subdivision,,4.0,WA,19790.0,164190.0,11917.0,11226.0,112111.0,2115.0,6642.0,105219.0,254.0,,,,37658.0,381520.0,14286.0,37658.0,381520.0,394974.0,55.0,,78.0,7.449999999999999,,,77.4,105.1,37192.0,401252.0,WECC,339.093
2024,10407,Town of Knightstown - (IN),M,Municipal,Y,2.0,IN,,,,,,,,,,,,,,,,,,25607.0,,,,,,,,,,,,
2024,10421,Knoxville Utilities Board,M,Municipal,,7.0,TN,318595.0,2540563.0,193707.0,276829.0,2324105.0,25566.0,52491.0,1016780.0,24.0,0.0,0.0,0.0,647915.0,5881448.0,219297.0,647915.0,5881448.0,6100745.0,0.0,,454.0,,352.0,1.86,1181.2,1353.4,0.0,6068276.0,SERC,
2024,10433,Kodiak Electric Assn Inc,C,Cooperative,,1.0,AK,7498.0,39813.0,4772.0,4544.0,24379.0,1363.0,14128.0,84636.0,120.0,,,,26170.0,148828.0,6255.0,26170.0,148828.0,155155.0,,,,,,,23.6,29.9,158038.0,,AK,
2024,10447,City of Kosciusko - (MS),M,Municipal,Y,1.0,MS,,,,,,,,,,,,,,,,,,65231.0,0.0,,,,,,,,,,,
2024,10448,Kosciusko County Rural E M C,C,Cooperative,,4.0,IN,24889.6,187587.0,17435.0,,,,27723.8,260404.0,1568.0,,,,52613.4,447991.0,19003.0,52613.399999999994,447991.0,463574.0,20.0,,6.0,1.494,291.47,1.241,95.4,76.6,,464786.0,RFC,
2024,10451,Kotzebue Electric Assn Inc,C,Cooperative,,1.0,AK,3695.1,7715.0,1227.0,5258.4,11559.0,127.0,0.0,0.0,0.0,0.0,0.0,0.0,8953.5,19274.0,1354.0,8953.5,19274.0,1898.0,1116.0,,,,,,2.9,3.5,20862.0,0.0,AK,
2024,10454,Kootenai Electric Cooperative,C,Cooperative,,4.0,"ID,WA",50568.4,414578.0,30470.0,16256.5,141040.0,2716.0,2100.5,27592.0,40.0,0.0,0.0,0.0,68925.4,583210.0,33226.0,68925.4,583210.0,617175.0,,,,3.49,186.773,1.174,119.1,159.3,3863.0,608951.0,WECC,1411.155
2024,10455,Kokhanok Village Council,P,Political Subdivision,Y,1.0,AK,,,,,,,,,,,,,,,,,,,,,,,,,,,,,,
2024,10491,Kwig Power Company,P,Political Subdivision,Y,1.0,AK,,,,,,,,,,,,,,,,,,,,,,,,,,,,,,
2024,10494,Borough of Kutztown - (PA),M,Municipal,Y,1.0,PA,,,,,,,,,,,,,,,,,,44034.0,,,,,,,,,,,,
2024,10508,Village of L'Anse - (MI),M,Municipal,,1.0,MI,799.6,4753.0,946.0,972.0,6735.0,208.0,0.0,0.0,0.0,0.0,0.0,0.0,1771.6,11488.0,1154.0,1771.6,11488.0,0.0,1154.0,,,0.224,,,2.8,2.2,0.0,12454.0,MISO,
2024,10525,La Farge Municipal Electric Co,M,Municipal,Y,1.0,WI,,,,,,,,,,,,,,,,,,,562.0,,,,,,,,,,,
2024,10532,City of La Grange - (TX),M,Municipal,Y,1.0,TX,,,,,,,,,,,,,,,,,,30418.0,0.0,,,,,,,,,,,
2024,10533,City of La Harpe - (KS),M,Municipal,Y,1.0,KS,,,,,,,,,,,,,,,,,,,,,,,,,,,,,,
2024,10536,City of La Junta - (CO),M,Municipal,Y,1.0,CO,,,,,,,,,,,,,,,,,,,3800.0,,,,,,,,,,,
2024,10538,City of La Plata - (MO),M,Municipal,Y,1.0,MO,,,,,,,,,,,,,,,,,,,568.0,,,,,,,,,,,
2024,10539,"La Plata Electric Assn, Inc",C,Cooperative,,5.0,CO,52878.0,316525.0,39931.0,32002.0,252265.0,6839.0,24757.0,309449.0,232.0,,,,109637.0,878239.0,47002.0,109637.0,878239.0,882003.0,104.0,240.0,5116.0,55.22999999999999,184.11,1.436,129.8,155.0,1403.0,917723.0,WECC,3456.6
2024,10542,La Porte City Utilities,M,Municipal,Y,1.0,IA,,,,,,,,,,,,,,,,,,,1212.0,,,,,,,,,,,
2024,10550,McCook Public Power District,P,Political Subdivision,Y,6.0,NE,,,,,,,,,,,,,,,,,,154780.0,,,,,,,,,,,,
2024,10558,"LaCreek Electric Assn, Inc",C,Cooperative,Y,6.0,"NE,SD",,,,,,,,,,,,,,,,,,123126481.0,,,,,,,,,,,,
2024,10559,City of La Crosse - (KS),M,Municipal,Y,1.0,KS,,,,,,,,,,,,,,,,,,,920.0,,,,,,,,,,,
2024,10562,Lagrange County Rural E M C,C,Cooperative,Y,4.0,IN,,,,,,,,,,,,,,,,,,102781.0,,,,,,,,,,,,
2024,10568,Town of Ladoga - (IN),M,Municipal,Y,1.0,IN,,,,,,,,,,,,,,,,,,,,,,,,,,,,,,
2024,10570,City of Lafayette - (AL),M,Municipal,Y,1.0,AL,,,,,,,,,,,,,,,,,,,,,,,,,,,,,,
2024,10571,City of LaFayette - (GA),M,Municipal,Y,1.0,GA,,,,,,,,,,,,,,,,,,,4260.0,,,,,,,,,,,
2024,10573,Village of Hildreth - (NE),M,Municipal,Y,1.0,NE,,,,,,,,,,,,,,,,,,,,,,,,,,,,,,
2024,10574,L & O Power Co-operative,C,Cooperative,,,,,,,,,,,,,,,,,,,,,,,,,,,,95.0,91.0,,692350.0,MRO,
2024,10579,City of LaFollette,M,Municipal,,3.0,TN,34287.0,253837.0,19934.0,19612.0,171619.0,3418.0,1537.0,15307.0,2.0,0.0,0.0,0.0,55436.0,440763.0,23354.0,55436.0,440763.0,464117.0,0.0,,1.0,,742.0,5.87,93.7,137.7,0.0,471125.0,SERC,
2024,10585,City of La Grange - (GA),M,Municipal,,1.0,GA,18036.0,143475.0,12347.0,18141.0,175550.0,1906.0,15841.0,197311.0,59.0,,,,52018.0,516336.0,14312.0,52018.0,516336.0,500772.0,2571.0,,,,,,99.0,91.0,,527304.0,SERC,
2024,10586,Town of La Grange - (NC),M,Municipal,Y,1.0,NC,,,,,,,,,,,,,,,,,,25368.0,,,,,,,,,,,,
2024,10595,City of Lake City - (MN),M,Municipal,Y,2.0,MN,,,,,,,,,,,,,,,,,,85020.0,1436.0,,,,,,,,,,,
2024,10596,City of Lake Crystal - (MN),M,Municipal,,1.0,MN,1676.0,7993.0,1070.0,1418.2,7983.0,179.0,,,,,,,3094.2,15976.0,1249.0,3094.2,15976.0,17225.0,1.0,270.0,,0.526,,,4.5,2.7,20.0,16831.0,MRO,
2024,10599,"Lake Region Electric Coop, Inc - (OK)",C,Cooperative,,7.0,OK,41920.0,348681.0,24788.0,3992.0,35232.0,1497.0,7122.0,77152.0,196.0,,,,53034.0,461065.0,26481.0,53034.0,461065.0,487546.0,,,4.0,1.52,340.28,1.831,124.0,141.0,,488413.0,SPP,
2024,10603,"Laclede Electric Coop, Inc",C,Cooperative,,6.0,MO,59859.0,510467.0,35026.0,13303.0,114611.0,3927.0,2307.0,22638.0,14.0,,,,75469.0,647716.0,38967.0,75469.0,647716.0,686684.0,,,,7.674,363.35,2.63,143.5,252.5,,677086.0,SERC,
2024,10605,Lake Mills Light & Water,M,Municipal,,1.0,WI,4163.0,30030.0,4124.0,3963.5,32955.0,456.0,0.0,0.0,0.0,0.0,0.0,0.0,8126.5,62985.0,4580.0,8126.5,62985.0,61508.0,487.0,,29.0,0.622,,,16.5,10.2,0.0,65494.0,MISO,
2024,10606,City of Lake Mills,M,Municipal,Y,1.0,IA,,,,,,,,,,,,,,,,,,,1236.0,,,,,,,,,,,
2024,10608,City of Lake Park - (IA),M,Municipal,Y,1.0,IA,,,,,,,,,,,,,,,,,,,652.0,,,,,,,,,,,
2024,10609,City of Lake Park - (MN),M,Municipal,Y,1.0,MN,,,,,,,,,,,,,,,,,,,,,,,,,,,,,,
2024,10610,"Lake Placid Village, Inc - (NY)",M,Municipal,Y,1.0,NY,,,,,,,,,,,,,,,,,,,5274.0,,,,,,,,,,,
2024,10616,Village of Lakeview - (OH),M,Municipal,Y,1.0,OH,,,,,,,,,,,,,,,,,,,,,,,,,,,,,,
2024,10617,City of Lake View - (IA),M,Municipal,Y,1.0,IA,,,,,,,,,,,,,,,,,,,1435.0,,,,,,,,,,,
2024,10618,Lake Region Electric Cooperative - (MN),C,Cooperative,,8.0,MN,43164.9,325139.0,27239.0,12171.1,116245.0,2082.0,1912.7,13372.0,748.0,,,,57248.7,454756.0,30069.0,57248.7,454756.0,491521.0,,,11.0,3.964,297.43,1.82,74.5,76.2,70.0,482713.0,MRO,
2024,10620,City of Lake Worth Beach - (FL),M,Municipal,,1.0,FL,38018.9,301807.0,24475.0,24065.0,177571.0,3367.0,0.0,0.0,0.0,0.0,0.0,0.0,62083.9,479378.0,27842.0,62083.9,479378.0,503418.0,,,,5.287999999999999,,,103.4,82.5,2396.0,505108.0,SERC,
2024,10622,City of Lakefield - (MN),M,Municipal,Y,1.0,MN,,,,,,,,,,,,,,,,,,,,,,,,,,,,,,
2024,10623,City of Lakeland - (FL),M,Municipal,,1.0,FL,195448.0,1714227.0,121604.0,85758.0,905593.0,14851.0,51547.0,701589.0,88.0,0.0,0.0,0.0,332753.0,3321409.0,136543.0,332753.0,3321409.0,3458248.0,296.0,,1823.0,47.75600000000001,,,722.0,553.0,2640999.0,210772.0,FRCC,2455.211
2024,10624,Southern Rivers Energy,C,Cooperative,,9.0,GA,50769.0,309412.0,20411.0,6484.0,40613.0,1174.0,2825.0,25119.0,10.0,,,,60078.0,375144.0,21595.0,60078.0,375144.0,396739.0,,,,3.2560000000000002,598.35,4.21,91.3,126.8,,388476.0,SERC,
2024,10625,"Lamb County Electric Coop, Inc",C,Cooperative,,6.0,TX,3464.0,36392.0,2810.0,5141.0,61242.0,1528.0,20496.0,269268.0,7296.0,,,,29101.0,366902.0,11634.0,29101.0,366902.0,378535.0,,,,,,,92.8,53.8,,394149.0,SPP,
2024,10627,Lakeview Light & Power,C,Cooperative,,1.0,WA,10615.0,107115.0,8238.0,7806.0,82879.0,2151.0,4796.0,58861.0,49.0,,,,23217.0,248855.0,10438.0,23217.0,248855.0,259293.0,,,,0.41,,,39.7,57.4,,258486.0,WECC,787.0
2024,10628,City of Lakin - (KS),M,Municipal,Y,1.0,KS,,,,,,,,,,,,,,,,,,,1037.0,,,,,,,,,,,
2024,10629,City of Lakota - (ND),M,Municipal,Y,1.0,ND,,,,,,,,,,,,,,,,,,,,,,,,,,,,,,
2024,10632,"Lake Region Electric Assn, Inc - (SD)",C,Cooperative,Y,5.0,SD,,,,,,,,,,,,,,,,,,98159.0,,,,,,,,,,,,
2024,10633,City of Lamar - (CO),M,Municipal,Y,2.0,CO,,,,,,,,,,,,,,,,,,90799.0,0.0,,,,,,,,,,,
2024,10649,Lamar County Elec Coop Assn,C,Cooperative,,4.0,TX,23023.0,167869.0,12935.0,14316.7,126944.0,1078.0,,,,,,,37339.7,294813.0,14013.0,37339.7,294813.0,308825.0,,,,,,,93.2,91.1,,314632.0,TRE,
2024,10650,City of Lamoni - (IA),M,Municipal,Y,1.0,IA,,,,,,,,,,,,,,,,,,,,,,,,,,,,,,
2024,10656,City of Lampasas - (TX),M,Municipal,Y,1.0,TX,,,,,,,,,,,,,,,,,,,4699.0,,,,,,,,,,,
2024,10668,Licking Rural Electric Inc,C,Cooperative,,9.0,OH,55072.1,326266.0,25820.0,5232.9,29867.0,1663.0,9287.4,69207.0,85.0,0.0,0.0,0.0,69592.4,425340.0,27568.0,69592.4,425340.0,452468.0,13.0,,,,242.5,1.64,103.2,81.8,,447579.0,RFC,
2024,10669,Town of Landis - (NC),M,Municipal,Y,1.0,NC,,,,,,,,,,,,,,,,,,52239.0,,,,,,,,,,,,
2024,10681,Lane Electric Coop Inc,C,Cooperative,,1.0,OR,23235.0,185173.0,12413.0,4667.0,43047.0,1092.0,430.4,5823.0,2.0,,,,28332.4,234043.0,13507.0,28332.4,234043.0,242205.0,1.0,,,4.108,,,49.1,62.8,,247998.0,WECC,409.0
2024,10685,Lanesboro Public Utility Comm,M,Municipal,Y,1.0,MN,,,,,,,,,,,,,,,,,,7315.0,,,,,,,,,,,,
2024,10687,City of Lanett - (AL),M,Municipal,Y,1.0,AL,,,,,,,,,,,,,,,,,,,,,,,,,,,,,,
2024,10697,Lake Country Power,C,Cooperative,,8.0,MN,84024.3,469478.0,47204.0,17989.9,117384.0,4176.0,8417.6,105722.0,3.0,,,,110431.8,692584.0,51383.0,110431.80000000002,692584.0,743967.0,,,,6.09,372.51,2.31,105.7,185.2,,732252.0,MRO,
2024,10702,Borough of Lansdale,M,Municipal,Y,1.0,PA,,,,,,,,,,,,,,,,,,,8916.0,,1.0,,,,,,,,,
2024,10704,City of Lansing - (MI),M,Municipal,,3.0,MI,106606.0,538955.0,87301.0,158172.0,970905.0,12116.0,67691.0,502945.0,232.0,0.0,0.0,0.0,332469.0,2012805.0,99649.0,332469.0,2012805.0,1803162.0,298.0,133.0,82680.0,7.514,,,447.7,306.3,1390764.0,1302160.0,RFC,35062.0
2024,10706,City of Larchwood - (IA),M,Municipal,Y,1.0,IA,,,,,,,,,,,,,,,,,,,,,,,,,,,,,,
2024,10713,City of Larned - (KS),M,Municipal,Y,1.0,KS,,,,,,,,,,,,,,,,,,,2487.0,,,,,,,,,,,
2024,10716,City of Larsen Bay - (AK),M,Municipal,Y,1.0,AK,,,,,,,,,,,,,,,,,,,,,,,,,,,,,,
2024,10724,Lassen Municipal Utility District,M,Municipal,Y,1.0,CA,,,,,,,,,,,,,,,,,,40383.0,,,,,,,,,,,,
2024,10728,"Lane-Scott Electric Coop, Inc",C,Cooperative,Y,8.0,KS,,,,,,,,,,,,,,,,,,164221.0,,,,,,,,,,,,
2024,10730,City of Las Animas - (CO),M,Municipal,Y,1.0,CO,,,,,,,,,,,,,,,,,,,1637.0,,,,,,,,,,,
2024,10760,City of Laurel - (NE),M,Municipal,Y,1.0,NE,,,,,,,,,,,,,,,,,,,,,,,,,,,,,,
2024,10767,City of Linneus - (MO),M,Municipal,Y,1.0,MO,,,,,,,,,,,,,,,,,,,,,,,,,,,,,,
2024,10768,"Laurens Electric Coop, Inc",C,Cooperative,,7.0,SC,109482.0,746888.0,58438.0,32212.0,232117.0,6169.0,16351.0,181956.0,58.0,0.0,0.0,0.0,158045.0,1160961.0,64665.0,158045.0,1160961.0,1136217.0,28.0,5662.0,53.0,3.462,8309.98,2.84,320.7,287.1,,1205800.0,SERC,
2024,10769,City of Laurens - (IA),M,Municipal,Y,1.0,IA,,,,,,,,,,,,,,,,,,0.0,820.0,,,,,,,,,,,
2024,10770,City of Laurinburg - (NC),M,Municipal,Y,1.0,NC,,,,,,,,,,,,,,,,,,133711.0,0.0,,15.0,,,,,,,,,
2024,10776,Borough of Lavallette - (NJ),M,Municipal,Y,1.0,NJ,,,,,,,,,,,,,,,,,,,2565.0,,,,,,,,,,,
2024,10777,Town of Laverne - (OK),M,Municipal,Y,1.0,OK,,,,,,,,,,,,,,,,,,,722.0,,,,,,,,,,,
2024,10784,City of Lawler - (IA),M,Municipal,Y,1.0,IA,,,,,,,,,,,,,,,,,,,,,,,,,,,,,,
2024,10798,Lawrenceburg Municipal Utils,M,Municipal,Y,1.0,IN,,,,,,,,,,,,,,,,,,146213.0,,,,,,,,,,,,
2024,10799,City of Lawrenceburg,M,Municipal,,1.0,TN,32255.0,263879.0,18076.0,21164.0,150115.0,3754.0,5937.0,73971.0,8.0,0.0,0.0,0.0,59356.0,487965.0,21838.0,59356.0,487965.0,509803.0,0.0,,9.0,,,,106.0,132.0,0.0,508267.0,SERC,
2024,10800,City of Lawrenceville - (GA),M,Municipal,,1.0,GA,17255.1,109381.0,10667.0,26588.3,228318.0,1944.0,85.2,648.0,2.0,,,,43928.6,338347.0,12613.0,43928.59999999999,338347.0,,12613.0,,,0.102,,,77.1,61.0,,358321.0,SERC,
2024,10814,City of Le Sueur - (MN),M,Municipal,Y,2.0,MN,,,,,,,,,,,,,,,,,,85390.0,,,11.0,,,,,,,,,
2024,10817,"Lea County Electric Coop, Inc - (NM)",C,Cooperative,,6.0,"NM,TX",12901.0,128917.0,9206.0,61866.0,779779.0,7247.0,31669.0,473927.0,27.0,,,,106436.0,1382623.0,16480.0,106436.0,1382623.0,,16480.0,,,,,,211.1,167.1,,1426637.0,SPP,
2024,10830,City of Lebanon - (OH),M,Municipal,,1.0,OH,9704.0,87082.0,8707.0,1554.0,16167.0,627.0,18485.0,234136.0,490.0,,,,29743.0,337385.0,9824.0,29743.0,337385.0,347209.0,,,,1.082,,,71.8,55.8,,364810.0,RFC,
2024,10832,City of Lebanon - (MO),M,Municipal,,1.0,MO,7991.0,79919.0,6066.0,8266.0,85483.0,1384.0,7937.0,85081.0,40.0,,,,24194.0,250483.0,7490.0,24194.0,250483.0,16.0,7506.0,,,0.44,,,54.1,72.2,,266132.0,SERC,
2024,10857,"Lee County Electric Coop, Inc - (FL)",C,Cooperative,,6.0,FL,441966.2,3264831.0,231142.0,148052.9,1293951.0,26489.0,,,,,,,590019.1,4558782.0,257631.0,590019.1,4558782.0,4785004.0,0.0,13216.0,,169.876,,,1015.0,697.6,,4753484.0,FRCC,35317.2
2024,10868,City of Leesburg - (FL),M,Municipal,,2.0,FL,36733.8,284182.0,24482.0,25682.9,218812.0,4416.0,1107.3,8245.0,1.0,,,,63524.0,511239.0,28899.0,63524.00000000001,511239.0,528629.0,21.0,,,7.832,,,122.0,91.0,,521975.0,FRCC,303.432
2024,10879,Lehi City Corporation,M,Municipal,,1.0,UT,29047.1,265338.0,27459.0,25790.8,232986.0,2713.0,,,,,,,54837.9,498324.0,30172.0,54837.899999999994,498324.0,176229.0,18966.0,,,16.744,42.035,0.433,147.7,70.9,339165.0,167387.0,WECC,38.887
2024,10881,City of Lehigh - (IA),M,Municipal,Y,1.0,IA,,,,,,,,,,,,,,,,,,,,,,,,,,,,,,
2024,10882,Borough of Lehighton - (PA),M,Municipal,Y,1.0,PA,,,,,,,,,,,,,,,,,,,,,,,,,,,,,,
2024,10892,City of Leland - (MS),M,Municipal,Y,1.0,MS,,,,,,,,,,,,,,,,,,,,,,,,,,,,,,
2024,10906,City of Lenoir - (TN),M,Municipal,,3.0,TN,109361.0,914831.0,62455.0,87482.0,744498.0,14893.0,12639.0,215263.0,10.0,0.0,0.0,0.0,209482.0,1874592.0,77358.0,209482.0,1874592.0,1951950.0,0.0,,5.0,,,,432.9,397.6,0.0,1943338.0,SERC,
2024,10908,City of Lenox - (IA),M,Municipal,Y,1.0,IA,,,,,,,,,,,,,,,,,,,747.0,,,,,,,,,,,
2024,10935,City of Lewes - (DE),M,Municipal,Y,1.0,DE,,,,,,,,,,,,,,,,,,,,,,,,,,,,,,
2024,10944,PUD No 1 of Lewis County,P,Political Subdivision,,6.0,WA,46703.1,492598.0,29417.0,16407.4,190531.0,5213.0,17921.7,278086.0,136.0,,,,81032.2,961215.0,34766.0,81032.2,961215.0,35127.0,2848.0,,,5.555999999999999,721.634,3.711,144.0,242.0,,1142703.0,WECC,5498.38
2024,10959,Borough of Lewisberry - (PA),M,Municipal,Y,1.0,PA,,,,,,,,,,,,,,,,,,,,,,,,,,,,,,
2024,10960,City of Lewisburg - (TN),M,Municipal,,1.0,TN,7642.0,68095.0,4981.0,10553.0,89951.0,1673.0,10895.0,160155.0,8.0,0.0,0.0,0.0,29090.0,318201.0,6662.0,29090.0,318201.0,290945.0,748.0,,3.0,,59.22,0.997,59.5,56.3,0.0,324879.0,SERC,
2024,10961,City of Lewisville - (IN),M,Municipal,Y,1.0,IN,,,,,,,,,,,,,,,,,,2321.0,,,,,,,,,,,,
2024,10962,Lewis County Rural E C A,C,Cooperative,Y,7.0,MO,,,,,,,,,,,,,,,,,,119558.0,,,3.0,,,,,,,,,
2024,10966,City of Lexington - (NC),M,Municipal,,1.0,NC,27754.6,236225.0,18053.0,16094.9,131801.0,2239.0,2397.7,24503.0,31.0,,,,46247.2,392529.0,20323.0,46247.2,392529.0,,21103.0,,,,,,92.6,99.6,,414037.0,SERC,
2024,10967,City of Lexington - (NE),M,Municipal,,1.0,NE,5499.2,54961.0,3815.0,4325.4,43445.0,790.0,9388.1,138556.0,9.0,,,,19212.7,236962.0,4614.0,19212.699999999997,236962.0,241421.0,,,,0.69,,,43.1,48.9,,246497.0,MRO,390.997
2024,10968,City of Lexington - (TN),M,Municipal,,4.0,TN,27930.0,231999.0,17961.0,20353.0,157783.0,5616.0,3027.0,36670.0,7.0,0.0,0.0,0.0,51310.0,426452.0,23584.0,51310.0,426452.0,450036.0,0.0,,2.0,,,,110.3,94.8,0.0,451259.0,SERC,
2024,10969,City of Lexington - (TX),M,Municipal,Y,1.0,TX,,,,,,,,,,,,,,,,,,,,,,,,,,,,,,
2024,10970,City of Lexington - (OK),M,Municipal,Y,1.0,OK,,,,,,,,,,,,,,,,,,,815.0,,,,,,,,,,,
2024,10977,City of Liberal - (MO),M,Municipal,Y,1.0,MO,,,,,,,,,,,,,,,,,,,,,,,,,,,,,,
2024,10978,Levan Town Corporation - (UT),M,Municipal,Y,1.0,UT,,,,,,,,,,,,,,,,,,,380.0,,,,,,,,,,,
2024,10982,City of Liberty - (TX),M,Municipal,Y,1.0,TX,,,,,,,,,,,,,,,,,,116233.0,,,,,,,,,,,,
2024,11011,Licking Valley Rural E C C,C,Cooperative,,7.0,KY,25852.0,186865.0,16805.0,10813.0,135596.0,1080.0,987.0,11175.0,7.0,,,,37652.0,333636.0,17892.0,37652.0,333636.0,232042.0,265.0,,,,,,64.0,87.0,,346297.0,RFC,
2024,11014,"Lighthouse Electric Coop, Inc",C,Cooperative,,12.0,TX,3998.4,27407.0,3878.0,14781.9,442650.0,425.0,19558.2,148949.0,5197.0,,,,38338.5,619006.0,9500.0,38338.5,619006.0,628505.0,0.0,,,0.596,,,112.5,31.3,0.0,643039.0,SPP,
2024,11017,City of Lincoln Center - (KS),M,Municipal,Y,1.0,KS,,,,,,,,,,,,,,,,,,,,,,,,,,,,,,
2024,11018,Lincoln Electric System,M,Municipal,,1.0,NE,141987.4,1307690.0,134912.0,125712.9,1473540.0,17920.0,33439.0,469694.0,237.0,0.0,0.0,0.0,301139.3,3250924.0,153069.0,301139.3,3250924.0,1051743.0,152584.0,4062.0,7.0,14.564000000000002,187.1,0.7,784.0,647.0,1158494.0,2858795.0,MRO,3326.0
2024,11019,Little River Electric Coop Inc,C,Cooperative,Y,4.0,SC,,,,,,,,,,,,,,,,,,209830.0,,,,,,,,,,,,
2024,11021,Lincoln County Power Dist No 1,P,Political Subdivision,Y,1.0,NV,,,,,,,,,,,,,,,,,,60579.0,3.0,,,,,,,,,,,
2024,11022,"Lincoln Electric Coop, Inc",C,Cooperative,Y,2.0,MT,,,,,,,,,,,,,,,,,,139802.0,,,,,,,,,,,,
2024,11035,City of Lincolnton - (NC),M,Municipal,Y,1.0,NC,,,,,,,,,,,,,,,,,,58534.0,0.0,,,,,,,,,,,
2024,11040,City of Lindsborg - (KS),M,Municipal,Y,1.0,KS,,,,,,,,,,,,,,,,,,28939.0,0.0,,,,,,,,,,,
2024,11053,Linn County REC,C,Cooperative,,6.0,IA,44026.0,309400.0,30323.0,7950.0,57442.0,4214.0,14648.0,159962.0,197.0,,,,66624.0,526804.0,34734.0,66624.0,526804.0,561539.0,0.0,,34734.0,13.483999999999998,116.0,1.499,139.7,98.3,,546250.0,MRO,767.567
2024,11055,City of Linton - (IN),M,Municipal,Y,1.0,IN,,,,,,,,,,,,,,,,,,,3441.0,,,,,,,,,,,
2024,11058,City of Lindsay - (OK),M,Municipal,Y,1.0,OK,,,,,,,,,,,,,,,,,,27075.0,,,,,,,,,,,,
2024,11064,Litchfield Public Utilities,M,Municipal,Y,1.0,MN,,,,,,,,,,,,,,,,,,,3288.0,,,,,,,,,,,
2024,11083,Village of Little Valley - (NY),M,Municipal,Y,1.0,NY,,,,,,,,,,,,,,,,,,0.0,1168.0,,,,,,,,,,,
2024,11085,Town of Littleton - (MA),M,Municipal,,1.0,MA,9699.6,68711.0,6738.0,6439.7,42493.0,809.0,15052.1,112087.0,49.0,,,,31191.4,223291.0,7596.0,31191.4,223291.0,230887.0,,,49.0,2.458,,,39.9,37.0,,226918.0,NPCC,
2024,11093,City of Livermore- (IA),M,Municipal,Y,1.0,IA,,,,,,,,,,,,,,,,,,,208.0,,,,,,,,,,,
2024,11097,City of Livingston - (TX),M,Municipal,Y,1.0,TX,,,,,,,,,,,,,,,,,,,,,,,,,,,,,,
2024,11099,Town of Lingle - (WY),M,Municipal,Y,1.0,WY,,,,,,,,,,,,,,,,,,,,,,,,,,,,,,
2024,11103,City of Llano - (TX),M,Municipal,Y,1.0,TX,,,,,,,,,,,,,,,,,,,2062.0,,,,,,,,,,,
2024,11118,Lockhart Power Co,I,Investor Owned,,5.0,SC,8555.8,63769.0,4976.0,29504.3,547375.0,1357.0,6987.8,120386.0,10.0,,,,45047.9,731530.0,6343.0,45047.9,731530.0,,6343.0,,,,,,104.9,131.4,104007.0,889714.0,SERC,
2024,11119,City of Lockhart - (TX),M,Municipal,Y,1.0,TX,,,,,,,,,,,,,,,,,,,6177.0,,,,,,,,,,,
2024,11121,Lockwood Water & Light Company,M,Municipal,Y,1.0,MO,,,,,,,,,,,,,,,,,,,,,,,,,,,,,,
2024,11122,City of Lodgepole - (NE),M,Municipal,Y,1.0,NE,,,,,,,,,,,,,,,,,,,,,,,,,,,,,,
2024,11124,City of Lodi - (CA),M,Municipal,,1.0,CA,38996.0,173515.0,23751.0,33076.3,167813.0,2165.0,18178.9,117724.0,23.0,,,,90251.2,459052.0,25939.0,90251.20000000001,459052.0,,31294.0,,23.0,13.758,16.6,0.27,137.9,65.4,,468409.0,WECC,3823.301
2024,11125,City of Lodi - (WI),M,Municipal,,1.0,WI,1491.8,11224.0,1490.0,1851.2,15471.0,311.0,0.0,0.0,0.0,0.0,0.0,0.0,3343.0,26695.0,1801.0,3343.0,26695.0,28496.0,2.0,,22.0,0.252,,,7.7,4.5,0.0,27735.0,MISO,
2024,11126,Village of Lodi - (OH),M,Municipal,Y,1.0,OH,,,,,,,,,,,,,,,,,,,1908.0,,,,,,,,,,,
2024,11135,City of Logan - (UT),M,Municipal,,1.0,UT,15024.3,117191.0,19455.0,23039.7,202490.0,2312.0,9750.3,108086.0,7.0,,,,47814.3,427767.0,21774.0,47814.3,427767.0,449530.0,,,,12.276,39.338,0.273,103.6,70.0,23593.0,425335.0,WECC,23.638
2024,11141,City of Long Grove - (IA),M,Municipal,Y,1.0,IA,,,,,,,,,,,,,,,,,,,,,,,,,,,,,,
2024,11142,City of Logansport - (IN),M,Municipal,,1.0,IN,11069.0,101243.0,11350.0,7196.0,71870.0,1464.0,18109.0,240286.0,71.0,,,,36374.0,413399.0,12885.0,36374.0,413399.0,12885.0,12885.0,,,,,,80.6,67.3,,415263.0,RFC,
2024,11148,City of Lompoc - (CA),M,Municipal,Y,1.0,CA,,,,,,,,,,,,,,,,,,,15232.0,,,,,,,,,,,
2024,11171,Long Island Power Authority,S,State,,3.0,NY,2243216.6,9129429.0,1029955.0,1848219.0999999999,8971761.0,131832.0,,,,45659.3,308685.0,1.0,4137095.0,18409875.0,1161788.0,4137095.0,18409875.0,18831525.0,20252.0,46755.0,46755.0,1571.755,,,4985.0,3045.0,1841930.0,17041848.0,NPCC,224176.043
2024,11187,City of Longmont,M,Municipal,,2.0,CO,41698.5,338976.0,40855.0,37722.0,341771.0,2873.0,12141.8,136584.0,13.0,,,,91562.3,817331.0,43741.0,91562.3,817331.0,440071.0,1076.0,,13.0,15.979999999999999,19.252,0.467,195.2,136.4,2920.0,836157.0,WECC,4924.881
2024,11196,Town of Littleton - (NH),M,Municipal,Y,1.0,NH,,,,,,,,,,,,,,,,,,630.0,3721.0,,,,,,,,,,,
2024,11200,"Lorain-Medina R E C, Inc",C,Cooperative,,6.0,OH,36685.7,212521.0,15234.0,7378.8,46454.0,1594.0,3832.3,61966.0,3.0,,,,47896.8,320941.0,16831.0,47896.8,320941.0,337772.0,,,16831.0,,158.569,,64.7,73.0,,336917.0,RFC,
2024,11203,Logan County Coop Power & Light,C,Cooperative,Y,3.0,OH,,,,,,,,,,,,,,,,,,185890.0,,,,,,,,,,,,
2024,11204,Los Alamos County,M,Municipal,,1.0,NM,8687.9,61406.0,7742.0,7570.8,56271.0,838.0,31036.8,368103.0,1.0,0.0,0.0,0.0,47295.5,485780.0,8581.0,47295.5,485780.0,107718.0,342.0,,,7.096,30.419,0.286,72.4,90.3,24318.0,72425.0,WECC,
2024,11205,Town of Lucama - (NC),M,Municipal,Y,1.0,NC,,,,,,,,,,,,,,,,,,4347.0,28.0,,,,,,,,,,,
2024,11206,City of Mulberry - (KS),M,Municipal,Y,1.0,KS,,,,,,,,,,,,,,,,,,,,,,,,,,,,,,
2024,11207,City of Muscotah,M,Municipal,Y,1.0,KS,,,,,,,,,,,,,,,,,,,97.0,,,,,,,,,,,
2024,11208,Los Angeles Department of Water & Power,M,Municipal,,2.0,CA,1956785.0,8208619.0,1410191.0,2629825.0,11978429.0,91304.0,216919.0,1049637.0,9498.0,23687.1,110390.0,2.0,4827216.1,21347075.0,1510995.0,4827216.1,21347075.0,1010589.0,1629724.0,49922.0,37941.0,1400.9699999999998,111.16,0.66,6251.0,3246.0,19359904.0,428109.0,WECC,99728.733
2024,11211,Lost River Electric Coop Inc,C,Cooperative,Y,3.0,ID,,,,,,,,,,,,,,,,,,90010.0,,,,,,,,,,,,
2024,11222,Loudon Utilities Board,M,Municipal,,1.0,TN,20333.0,177561.0,12698.0,15128.0,131687.0,1928.0,16238.0,239473.0,11.0,0.0,0.0,0.0,51699.0,548721.0,14637.0,51699.0,548721.0,563358.0,0.0,,8.0,,,,110.5,123.3,0.0,610484.0,SERC,
2024,11228,Town of Louisburg - (NC),M,Municipal,Y,1.0,NC,,,,,,,,,,,,,,,,,,,2106.0,,,,,,,,,,,
2024,11235,Lafayette Public Power Authority,P,Political Subdivision,,,,,,,,,,,,,,,,,,,,,,,,,,,,246.0,246.0,646012.0,,SPP,
2024,11241,Entergy Louisiana LLC,I,Investor Owned,,60.0,LA,1554400.0,14061790.0,957522.0,1185845.3,11914015.0,141393.0,1781614.9,34520048.0,10241.0,,,,4521860.2,60495853.0,1109156.0,4521860.199999999,60495853.0,59504636.0,12092.0,11.0,8.0,200.106,609.9,2.045,10345.0,9002.0,52094291.0,17551236.0,SERC,77453.247
2024,11247,Louisville Electric System,M,Municipal,,1.0,MS,3323.0,30518.0,2444.0,5759.0,49166.0,1015.0,3189.0,46851.0,3.0,0.0,0.0,0.0,12271.0,126535.0,3462.0,12271.0,126535.0,129997.0,0.0,,1.0,,,,25.9,20.9,0.0,131219.0,SERC,
2024,11249,Louisville Gas & Electric Co,I,Investor Owned,,9.0,KY,516693.0,4206876.0,384902.0,524165.0,4682305.0,52286.0,178818.0,2379447.0,549.0,0.0,0.0,0.0,1219676.0,11268628.0,437737.0,1219676.0,11268628.0,4051048.0,107100.0,77578.0,3462.0,49.328,433.96,1.299,2510.0,1933.0,11875565.0,1436198.0,SERC,23339.0
2024,11250,Loup Valleys Rural P P D,P,Political Subdivision,Y,7.0,NE,,,,,,,,,,,,,,,,,,148096.0,,,,,,,,,,,,
2024,11251,Loup River Public Power Dist,P,Political Subdivision,,5.0,NE,25351.0,239409.0,16292.0,21498.5,213715.0,3874.0,41211.1,633215.0,596.0,,,,88060.6,1086339.0,20762.0,88060.6,1086339.0,1107224.0,,579.0,1.0,1.608,,,229.8,212.9,144965.0,1230899.0,MRO,1288.569
2024,11256,City of Loveland - (CO),M,Municipal,,1.0,CO,39771.3,276130.0,37007.0,14706.9,103458.0,4992.0,32394.8,328791.0,376.0,,,,86873.0,708379.0,42375.0,86873.0,708379.0,640187.0,260.0,,,8.128,80.68,0.183,161.0,110.7,4537.0,736984.0,WECC,5009.0
2024,11268,City of Lowell - (MI),M,Municipal,Y,1.0,MI,,,,,,,,,,,,,,,,,,93044.0,0.0,,5.0,,,,,,,,,
2024,11269,Lower Colorado River Authority,P,Political Subdivision,,,,,,,,,,,,,,,,,,,,,,,,,,,,3889.0,4207.0,13633965.0,845883.0,TRE,
2024,11272,"Lower Yellowstone R E A, Inc",C,Cooperative,,5.0,"MT,ND",5527.0,62394.0,4298.0,2515.9,21556.0,891.0,37216.0,371131.0,1197.0,,,,45258.9,455081.0,6386.0,45258.9,455081.0,,6386.0,,,0.04,,,59.9,69.2,,471650.0,SPP,
2024,11273,Lower Valley Energy Inc,C,Cooperative,,5.0,"ID,WY",36987.0,571453.0,24463.0,17557.0,276911.0,6391.0,4120.0,80995.0,287.0,0.0,0.0,0.0,58664.0,929359.0,31141.0,58664.0,929359.0,959874.0,,,,3.356,,,92.0,243.0,15602.0,943432.0,WECC,
2024,11291,Lumbee River Elec Member Corp,C,Cooperative,,5.0,NC,129687.0,1012516.0,64396.0,19579.8,199424.0,2801.0,12715.6,148381.0,17.0,,,,161982.4,1360321.0,67214.0,161982.4,1360321.0,1428615.0,,317.0,,,282.634,1.836,318.4,390.7,,1428869.0,SERC,2991.5
2024,11292,City of Lubbock - (TX),M,Municipal,,1.0,TX,32562.0,237850.0,4825.0,34716.0,320854.0,788.0,2308.0,31303.0,1.0,,,,69586.0,590007.0,5614.0,69586.0,590007.0,2674583.0,12.0,,,41.480000000000004,,,648.8,477.8,0.0,607299.0,TRE,
2024,11296,Village of Lucas - (OH),M,Municipal,Y,1.0,OH,,,,,,,,,,,,,,,,,,,,,,,,,,,,,,
2024,11298,Lyon Rural Electric Coop,C,Cooperative,Y,3.0,IA,,,,,,,,,,,,,,,,,,124506.0,,,,,,,,,,,,
2024,11299,City of Lucas- (KS),M,Municipal,Y,1.0,KS,,,,,,,,,,,,,,,,,,,,,,,,,,,,,,
2024,11305,Village of Ludlow - (VT),M,Municipal,Y,1.0,VT,,,,,,,,,,,,,,,,,,,,,,,,,,,,,,
2024,11306,City of Luray - (KS),M,Municipal,Y,1.0,KS,,,,,,,,,,,,,,,,,,,,,,,,,,,,,,
2024,11316,City of Luling - (TX),M,Municipal,Y,1.0,TX,,,,,,,,,,,,,,,,,,,2883.0,,,,,,,,,,,
2024,11318,City of Lumberton - (NC),M,Municipal,,1.0,NC,13589.0,98229.0,9983.0,15582.0,122044.0,1857.0,2334.0,22994.0,8.0,,,,31505.0,243267.0,11848.0,31505.0,243267.0,11848.0,11881.0,,,,,,51.5,56.8,,267889.0,SERC,
2024,11330,Town of Lusk - (WY),M,Municipal,Y,1.0,WY,,,,,,,,,,,,,,,,,,,1063.0,,,,,,,,,,,
2024,11332,City of Luverne - (MN),M,Municipal,Y,1.0,MN,,,,,,,,,,,,,,,,,,81902.0,0.0,,,,,,,,,,,
2024,11333,City of Luverne - (AL),M,Municipal,Y,1.0,AL,,,,,,,,,,,,,,,,,,,,,,,,,,,,,,
2024,11345,"Lyon Electric Cooperative, Inc.",C,Cooperative,Y,5.0,MN,,,,,,,,,,,,,,,,,,96828.0,,,,,,,,,,,,
2024,11346,Village of Lyman - (NE),M,Municipal,Y,1.0,NE,,,,,,,,,,,,,,,,,,,,,,,,,,,,,,
2024,11355,"Lynches River Elec Coop, Inc",C,Cooperative,,3.0,SC,41164.0,262103.0,21363.0,7878.0,57077.0,991.0,11564.0,158812.0,8.0,,,,60606.0,477992.0,22362.0,60606.0,477992.0,,22362.0,,,2.6,518.1,3.2,111.0,123.3,,499247.0,SERC,
2024,11359,The Town of Lyndon Electric Department,M,Municipal,Y,3.0,VT,,,,,,,,,,,,,,,,,,,,,,,,,,,,,,
2024,11360,Town of MacClesfield - (NC),M,Municipal,Y,1.0,NC,,,,,,,,,,,,,,,,,,,,,,,,,,,,,,
2024,11364,"Lyntegar Electric Coop, Inc",C,Cooperative,,12.0,TX,10886.0,121040.0,9021.0,25238.0,375771.0,3507.0,36403.0,409289.0,11354.0,,,,72527.0,906100.0,23882.0,72527.0,906100.0,882278.0,4.0,,,,184.49,,234.8,129.7,,970696.0,SPP,
2024,11372,City of Lyons - (NE),M,Municipal,Y,1.0,NE,,,,,,,,,,,,,,,,,,,570.0,,,,,,,,,,,
2024,11376,Town of Lyons - (CO),M,Municipal,Y,1.0,CO,,,,,,,,,,,,,,,,,,13578.0,,,,,,,,,,,,
2024,11380,M & A Electric Power Coop,C,Cooperative,,,,,,,,,,,,,,,,,,,,,,,,,,,,402.3,469.6,,1757617.0,SERC,
2024,11424,City of Mabel - (MN),M,Municipal,Y,1.0,MN,,,,,,,,,,,,,,,,,,,,,,,,,,,,,,
2024,11458,City of Macon - (MS),M,Municipal,,1.0,MS,1444.0,11140.0,892.0,1359.0,10299.0,288.0,257.0,1214.0,1.0,0.0,0.0,0.0,3060.0,22653.0,1181.0,3060.0,22653.0,2395.0,1180.0,,,,,,6.2,5.7,0.0,23772.0,SERC,
2024,11460,City of Macon - (MO),M,Municipal,Y,1.0,MO,,,,,,,,,,,,,,,,,,32460.0,297.0,,,,,,,,,,,
2024,11463,Macon Electric Coop,C,Cooperative,,9.0,MO,18137.6,122370.0,10023.0,5353.2,40733.0,1626.0,6047.8,84431.0,2.0,,,,29538.6,247534.0,11651.0,29538.6,247534.0,2.0,11651.0,,,2.3600000000000003,,,47.1,60.2,,258564.0,SERC,
2024,11470,City of Maddock - (ND),M,Municipal,Y,1.0,ND,,,,,,,,,,,,,,,,,,12029.0,,,,,,,,,,,,
2024,11475,City of Madison - (SD),M,Municipal,,1.0,SD,3819.0,33251.0,2802.0,3261.0,32470.0,452.0,2692.0,29176.0,68.0,0.0,0.0,0.0,9772.0,94897.0,3322.0,9772.0,94897.0,3322.0,3322.0,2078.0,,,,,19.6,19.9,,100557.0,MRO,5.07
2024,11476,Borough of Madison - (NJ),M,Municipal,Y,1.0,NJ,,,,,,,,,,,,,,,,,,,6792.0,,,,,,,,,,,
2024,11477,Town of Madison - (ME),M,Municipal,,1.0,ME,2949.0,19455.0,2413.0,680.0,3190.0,226.0,1537.1,38636.0,17.0,0.0,0.0,0.0,5166.099999999999,61281.0,2656.0,5166.1,61281.0,2641.0,2641.0,,,,,,5.0,4.5,,31650.0,NPCC,
2024,11479,Madison Gas & Electric Co,I,Investor Owned,,1.0,WI,175040.0,860759.0,147501.0,296563.0,2151231.0,21410.0,12984.0,141976.0,21.0,,,,484587.0,3153966.0,168932.0,484587.0,3153966.0,2310805.0,127508.0,,5262.0,111.548,278.6,0.59,718.0,477.0,2900164.0,914066.0,RFC,
2024,11481,City of Madison - (NE),M,Municipal,Y,1.0,NE,,,,,,,,,,,,,,,,,,,961.0,,,,,,,,,,,
2024,11482,City of Madison - (MN),M,Municipal,Y,1.0,MN,,,,,,,,,,,,,,,,,,,993.0,,,,,,,,,,,
2024,11488,Madisonville Municipal Utils,M,Municipal,,1.0,KY,8725.0,74710.0,6919.0,11616.0,113419.0,1520.0,6570.0,64076.0,5.0,0.0,0.0,0.0,26911.0,252205.0,8444.0,26911.0,252205.0,23460.0,1451.0,,,0.16,,,57.5,43.0,,263867.0,RFC,
2024,11501,Magic Valley Electric Coop Inc,C,Cooperative,,6.0,TX,200348.7,1963936.0,126402.0,31795.6,292304.0,18438.0,50248.9,603427.0,915.0,,,,282393.2,2859667.0,145755.0,282393.2,2859667.0,3005421.0,,1945.0,,35.306,122.04,,757.4,786.7,,2979679.0,TRE,45.0
2024,11515,Town of Maiden - (NC),M,Municipal,Y,1.0,NC,,,,,,,,,,,,,,,,,,80.0,1296.0,,14.0,,,,,,,,,
2024,11519,Magnolia Electric Power Assn,C,Cooperative,,6.0,MS,61427.0,409501.0,31070.0,14327.0,96208.0,2272.0,11344.0,133423.0,13.0,,,,87098.0,639132.0,33355.0,87098.0,639132.0,672487.0,,,,1.818,1809.57,,139.6,205.8,,678605.0,SERC,
2024,11521,"Maine Electric Power Co, Inc",T,Transmission,,,,,,,,,,,,,,,,,,,,,,,,,,,,,,,,NPCC,
2024,11540,City of Malden - (MO),M,Municipal,Y,1.0,MO,,,,,,,,,,,,,,,,,,,2128.0,,,,,,,,,,,
2024,11541,City of Manitou - (OK),M,Municipal,Y,1.0,OK,,,,,,,,,,,,,,,,,,,,,,,,,,,,,,
2024,11560,City of Manassas - (VA),M,Municipal,,1.0,VA,19329.0,166150.0,13947.0,19930.0,190715.0,2676.0,2775.0,37487.0,1.0,0.0,0.0,0.0,42034.0,394352.0,16624.0,42034.0,394352.0,360055.0,202.0,1976.0,,,55.707,2.42,77.0,68.0,1318.0,407359.0,,
2024,11566,City of Mangum - (OK),M,Municipal,Y,1.0,OK,,,,,,,,,,,,,,,,,,,,,,,,,,,,,,
2024,11568,Town of Manilla - (IA),M,Municipal,Y,1.0,IA,,,,,,,,,,,,,,,,,,,484.0,,,,,,,,,,,
2024,11571,Manitowoc Public Utilities,M,Municipal,,1.0,WI,11997.2,107643.0,16152.0,8491.7,88598.0,1997.0,23938.0,314816.0,79.0,,,,44426.9,511057.0,18228.0,44426.9,511057.0,525416.0,3.0,,98.0,0.41800000000000004,29.11,0.3,104.4,81.6,126471.0,502992.0,MRO,37.0
2024,11572,City of Mankato - (KS),M,Municipal,Y,1.0,KS,,,,,,,,,,,,,,,,,,,589.0,,,,,,,,,,,
2024,11578,Town of Mannford - (OK),M,Municipal,Y,1.0,OK,,,,,,,,,,,,,,,,,,,,,,,,,,,,,,
2024,11581,City of Manning,M,Municipal,Y,1.0,IA,,,,,,,,,,,,,,,,,,,,,,,,,,,,,,
2024,11585,City of Mansfield - (MO),M,Municipal,Y,1.0,MO,,,,,,,,,,,,,,,,,,,,,,,,,,,,,,
2024,11586,Town of Mansfield - (MA),M,Municipal,,1.0,MA,12398.7,81769.0,9399.0,3018.6,18915.0,888.0,17313.8,118663.0,277.0,,,,32731.1,219347.0,10564.0,32731.1,219347.0,41.0,10564.0,,,4.364,15.692,0.115,49.3,34.5,3203.0,177184.0,NPCC,
2024,11587,City of Mansfield - (GA),M,Municipal,Y,1.0,GA,,,,,,,,,,,,,,,,,,,,,,,,,,,,,,
2024,11588,City of Manti - (UT),M,Municipal,Y,1.0,UT,,,,,,,,,,,,,,,,,,14390.0,,,,,,,,,,,,
2024,11589,"Harney Electric Coop, Inc",C,Cooperative,Y,6.0,"NV,OR",,,,,,,,,,,,,,,,,,221029.0,,,,,,,,,,,,
2024,11609,City of Mapleton- (IA),M,Municipal,Y,1.0,IA,,,,,,,,,,,,,,,,,,,1002.0,,,,,,,,,,,
2024,11611,City of Maquoketa - (IA),M,Municipal,,2.0,IA,3079.1,23411.0,2805.0,3441.3,30453.0,609.0,1462.0,13518.0,2.0,0.0,0.0,0.0,7982.4,67382.0,3416.0,7982.4,67382.0,70801.0,0.0,,,0.974,,,17.4,11.7,240.0,71487.0,MISO,
2024,11618,Village of Marathon - (NY),M,Municipal,Y,2.0,NY,,,,,,,,,,,,,,,,,,,,,,,,,,,,,,
2024,11624,Town of Marblehead - (MA),M,Municipal,Y,1.0,MA,,,,,,,,,,,,,,,,,,109042.0,,,,,,,,,,,,
2024,11626,City of Marceline - (MO),M,Municipal,Y,1.0,MO,,,,,,,,,,,,,,,,,,,,,,,,,,,,,,
2024,11643,Marias River Electric Coop Inc,C,Cooperative,Y,3.0,MT,,,,,,,,,,,,,,,,,,78952.0,,,,,,,,,,,,
2024,11646,City of Marietta - (GA),M,Municipal,,1.0,GA,43110.7,361258.0,36273.0,72414.2,607785.0,6233.0,,,,,,,115524.9,969043.0,42506.0,115524.9,969043.0,499657.0,32035.0,,,0.622,128.63,1.694,218.8,179.8,,1446776.0,SERC,87.14
2024,11658,City of Marion - (KS),M,Municipal,Y,1.0,KS,,,,,,,,,,,,,,,,,,,,,,,,,,,,,,
2024,11691,City of Marlow - (OK),M,Municipal,Y,2.0,OK,,,,,,,,,,,,,,,,,,38669.0,,,,,,,,,,,,
2024,11701,City of Marquette - (MI),M,Municipal,,1.0,MI,15550.0,91673.0,15036.0,25414.6,166025.0,2130.0,,,,,,,40964.6,257698.0,17166.0,40964.6,257698.0,274864.0,,,,3.782,222.85,2.383,55.3,45.1,180351.0,102331.0,RFC,60.0
2024,11713,City of Marshall - (MI),M,Municipal,Y,1.0,MI,,,,,,,,,,,,,,,,,,,,,,,,,,,,,,
2024,11714,Marshall-De Kalb Electric Coop,C,Cooperative,,3.0,AL,32202.0,257918.0,17318.0,22649.0,177757.0,4055.0,2721.0,30154.0,4.0,0.0,0.0,0.0,57572.0,465829.0,21377.0,57572.0,465829.0,487206.0,0.0,,3.0,,,,103.0,135.5,0.0,489068.0,SERC,
2024,11731,City of Marshall - (MN),M,Municipal,,1.0,MN,5773.5,59549.0,5857.0,6871.7,81855.0,965.0,23237.7,376076.0,103.0,0.0,0.0,0.0,35882.9,517480.0,6925.0,35882.9,517480.0,221240.0,24.0,4470.0,,0.856,0.65,0.01,78.7,72.5,61.0,524634.0,MRO,590.222
2024,11732,City of Marshall - (MO),M,Municipal,Y,1.0,MO,,,,,,,,,,,,,,,,,,173715.0,,,10.0,,,,,,,,,
2024,11736,City of Marshall - (IL),M,Municipal,Y,1.0,IL,,,,,,,,,,,,,,,,,,5046.0,2274.0,,,,,,,,,,,
2024,11739,Village of Marshallville - (OH),M,Municipal,Y,1.0,OH,,,,,,,,,,,,,,,,,,,,,,,,,,,,,,
2024,11740,City of Marshfield - (WI),M,Municipal,,3.0,WI,9721.0,96545.0,11928.0,8519.0,87088.0,1984.0,14823.0,172841.0,54.0,,,,33063.0,356474.0,13966.0,33063.0,356474.0,370443.0,,,55.0,0.584,35.7,0.605,74.0,59.0,3964.0,365720.0,MRO,
2024,11767,Marshall County Rural E M C,C,Cooperative,Y,6.0,IN,,,,,,,,,,,,,,,,,,106427.0,,,,,,,,,,,,
2024,11770,City of Martinsville - (VA),M,Municipal,Y,2.0,VA,,,,,,,,,,,,,,,,,,162292.0,,,2.0,,,,,,,,,
2024,11788,Consumers Energy Coop - (IA),C,Cooperative,,5.0,IA,12702.0,84659.0,6922.0,3363.0,28559.0,619.0,6599.0,101506.0,19.0,,,,22664.0,214724.0,7560.0,22664.0,214724.0,222284.0,,,208.0,0.488,493.49,1.545,31.2,28.7,,222973.0,MRO,
2024,11789,Maryville Utilities,M,Municipal,,1.0,TN,30077.0,266710.0,19971.0,28689.0,244884.0,3091.0,15597.0,263561.0,11.0,0.0,0.0,0.0,74363.0,775155.0,23073.0,74363.0,775155.0,691132.0,4611.0,,3.0,,78.589,0.694,161.6,145.9,0.0,806989.0,SERC,
2024,11790,City of Mascoutah - (IL),M,Municipal,Y,1.0,IL,,,,,,,,,,,,,,,,,,28272.0,3125.0,,,,,,,,,,,
2024,11793,City of Mason - (TX),M,Municipal,Y,1.0,TX,,,,,,,,,,,,,,,,,,,,,,,,,,,,,,
2024,11804,Massachusetts Electric Co,I,Investor Owned,,12.0,MA,1833608.7,7947938.0,1210113.0,1015282.3999999999,8720298.0,160132.0,219398.30000000002,2358556.0,3510.0,169.9,695.0,1.0,3068459.3,19027487.0,1373756.0,3068459.2999999993,19027487.0,291754.0,1440597.0,,,2816.2980000000002,133.74,1.001,4507.0,3228.0,,4428689.0,NPCC,221836.6
2024,11806,Massachusetts Mun Wholes Electric Co,P,Political Subdivision,,,,,,,,,,,,,,,,,,,,,,,,,,,,,,1679698.0,1031476.0,NPCC,
2024,11811,Town of Massena - (NY),M,Municipal,,1.0,NY,7060.4,113978.0,8156.0,1317.9,16734.0,1017.0,4098.8,79012.0,155.0,,,,12477.1,209724.0,9328.0,12477.099999999999,209724.0,18213.0,9407.0,,1.0,0.136,,,31.4,42.2,,217962.0,NPCC,333.51
2024,11824,Matanuska Electric Assn Inc,C,Cooperative,,2.0,AK,109114.7,466931.0,64205.0,65069.0,321388.0,6849.0,0.0,0.0,0.0,0.0,0.0,0.0,174183.7,788319.0,71054.0,174183.7,788319.0,860003.0,1.0,,28.0,6.692,258.113,2.347,101.0,151.0,762445.0,85384.0,AK,
2024,11833,Municipal Energy Agency of MS,A,Municipal Mktg Authority,,,,,,,,,,,,,,,,,,,,,,,,,,,,121.3,77.4,,508187.0,SERC,
2024,11843,Maui Electric Co Ltd,I,Investor Owned,,2.0,HI,159187.6,362096.0,61811.0,134212.4,308918.0,9944.0,141409.5,366644.0,151.0,,,,434809.5,1037658.0,71906.0,434809.5,1037658.0,828232.0,3506.0,995.0,1294.0,300.261,,,181.1,176.1,797482.0,287293.0,HI,
2024,11844,Matinicus Plantation Elec Co,M,Municipal,Y,1.0,ME,,,,,,,,,,,,,,,,,,,,,,,,,,,,,,
2024,11871,City of Mayfield Plant Board,M,Municipal,,1.0,KY,6079.0,45463.0,4348.0,8192.0,66428.0,866.0,1117.0,11126.0,2.0,0.0,0.0,0.0,15388.0,123017.0,5216.0,15388.0,123017.0,128233.0,0.0,,1.0,,,,31.2,20.2,0.0,127941.0,SERC,
2024,11892,Village of Mayville - (NY),M,Municipal,Y,1.0,NY,,,,,,,,,,,,,,,,,,,1128.0,,,,,,,,,,,
2024,11895,Village of Mazomanie - (WI),M,Municipal,Y,1.0,WI,,,,,,,,,,,,,,,,,,,959.0,,13.0,,,,,,,,,
2024,11910,McLeod Cooperative Power Assn,C,Cooperative,Y,7.0,MN,,,,,,,,,,,,,,,,,,139702.0,,,2.0,,,,,,,,,
2024,11965,City of McCleary - (WA),M,Municipal,Y,1.0,WA,,,,,,,,,,,,,,,,,,,1199.0,,,,,,,,,,,
2024,11989,McCone Electric Coop Inc,C,Cooperative,Y,9.0,MT,,,,,,,,,,,,,,,,,,74567.0,,,,,,,,,,,,
2024,12006,Town of McCormick - (SC),M,Municipal,Y,1.0,SC,,,,,,,,,,,,,,,,,,,,,,,,,,,,,,
2024,12070,McDonough Power Coop,C,Cooperative,Y,7.0,IL,,,,,,,,,,,,,,,,,,,5004.0,,,,,,,,,,,
2024,12087,McKenzie Electric Coop Inc,C,Cooperative,,7.0,"MT,ND",8700.699999999999,110633.0,5407.0,155427.5,2028158.0,7129.0,282836.60000000003,4389509.0,1245.0,,,,446964.8,6528300.0,13781.0,446964.80000000005,6528300.0,,13781.0,,,,256.91,1.821,794.8,834.0,,6692180.0,MRO,
2024,12090,"McLean Electric Coop, Inc",C,Cooperative,,5.0,ND,7800.0,54734.0,3711.0,5440.0,43075.0,464.0,6834.0,91186.0,103.0,0.0,0.0,0.0,20074.0,188995.0,4278.0,20074.0,188995.0,,4286.0,,,0.2,,,30.5,32.8,0.0,194734.0,MRO,
2024,12114,City of McGregor- (IA),M,Municipal,Y,1.0,IA,,,,,,,,,,,,,,,,,,,529.0,,,,,,,,,,,
2024,12119,McGrath Light & Power Co,I,Investor Owned,Y,1.0,AK,,,,,,,,,,,,,,,,,,,,,,,,,,,,,,
2024,12167,City of McLeansboro - (IL),M,Municipal,Y,1.0,IL,,,,,,,,,,,,,,,,,,5799.0,,,,,,,,,,,,
2024,12186,McMinnville Electric System,M,Municipal,,1.0,TN,9258.0,78240.0,6646.0,10580.0,85186.0,1659.0,1019.0,10590.0,2.0,0.0,0.0,0.0,20857.0,174016.0,8307.0,20857.0,174016.0,182323.0,0.0,,,,30.74,0.233,39.4,45.3,0.0,180963.0,SERC,
2024,12187,City of McMinnville - (OR),M,Municipal,,1.0,OR,15461.0,204575.0,17190.0,12479.0,163461.0,2984.0,14269.0,358163.0,58.0,,,,42209.0,726199.0,20232.0,42209.0,726199.0,7043.0,20232.0,,,,,,158.1,167.1,,739299.0,WECC,1794.414
2024,12191,McMullen Valley Water C&D Dist,P,Political Subdivision,Y,1.0,AZ,,,,,,,,,,,,,,,,,,,,,,,,,,,,,,
2024,12199,Montana-Dakota Utilities Co,I,Investor Owned,,55.0,"MT,ND,SD,WY",139862.0,1159518.0,120043.0,173551.0,2556031.0,25424.0,42320.0,528913.0,219.0,0.0,0.0,0.0,355733.0,4244462.0,145686.0,355733.0,4244462.0,,145686.0,38.0,391.0,3.903,176.16750000000002,1.2605,675.0,647.4,1826427.0,2695728.0,MRO,281.51
2024,12208,City of McPherson - (KS),M,Municipal,,1.0,KS,8264.7,91983.0,7432.0,8711.0,100638.0,1535.0,49126.0,953740.0,21.0,,,,66101.7,1146361.0,8988.0,66101.7,1146361.0,360644.0,10.0,18.0,18.0,0.176,49.114,0.324,169.3,139.5,51531.0,1160165.0,MRO,
2024,12227,Meeker Coop Light & Power Assn,C,Cooperative,,6.0,MN,19357.7,137382.0,8572.0,3559.1,29543.0,659.0,2643.3,32052.0,130.0,,,,25560.1,198977.0,9361.0,25560.1,198977.0,208246.0,,,,5.077999999999999,98.6,1.04,34.1,47.0,,209561.0,MRO,
2024,12242,City of Meade - (KS),M,Municipal,Y,1.0,KS,,,,,,,,,,,,,,,,,,,,,,,,,,,,,,
2024,12243,Meade County Rural E C C,C,Cooperative,,6.0,KY,48783.4,341836.0,29248.0,14288.0,102306.0,2236.0,21733.2,527878.0,1.0,,,,84804.6,972020.0,31485.0,84804.6,972020.0,1003505.0,,,,3.5949999999999998,349.395,2.079,237.0,269.0,,990267.0,SERC,
2024,12260,Mecklenburg Electric Cooperative,C,Cooperative,,14.0,"NC,VA",51051.5,351991.0,30151.0,69198.20000000001,1309878.0,1892.0,16249.3,191222.0,29.0,,,,136499.0,1853091.0,32072.0,136499.0,1853091.0,1885163.0,,5.0,33.0,5.16,360.245,2.504,380.9,378.9,,1907223.0,SERC,
2024,12265,City of Medford - (WI),M,Municipal,Y,1.0,WI,,,,,,,,,,,,,,,,,,7714.0,,,53.0,,,,,,,,,
2024,12268,"Medina Electric Coop, Inc",C,Cooperative,,17.0,TX,49460.6,408889.0,30205.0,32024.5,314086.0,6325.0,64484.0,862775.0,1115.0,0.0,0.0,0.0,145969.1,1585750.0,37645.0,145969.1,1585750.0,1623395.0,0.0,744.0,,7.78,235.24,2.14,302.0,248.0,,1660352.0,TRE,
2024,12286,Melrose Public Utilities,M,Municipal,Y,1.0,MN,,,,,,,,,,,,,,,,,,119351.0,,,,,,,,,,,,
2024,12289,Meadow Town Corporation,M,Municipal,Y,1.0,UT,,,,,,,,,,,,,,,,,,,,,,,,,,,,,,
2024,12292,City of Meadville - (MO),M,Municipal,Y,1.0,MO,,,,,,,,,,,,,,,,,,,,,,,,,,,,,,
2024,12293,City of Memphis - (TN),M,Municipal,,1.0,TN,632029.2,5196735.0,380286.0,721756.5,6007246.0,42966.0,123814.6,1740384.0,86.0,0.0,0.0,0.0,1477600.3,12944365.0,423338.0,1477600.3,12944365.0,11101229.0,22107.0,,102.0,,327.2,1.95,3090.0,2324.0,,13048991.0,SERC,
2024,12294,City of Memphis - (MO),M,Municipal,Y,1.0,MO,,,,,,,,,,,,,,,,,,,1196.0,,,,,,,,,,,
2024,12296,Town of Merrimac - (MA),M,Municipal,Y,1.0,MA,,,,,,,,,,,,,,,,,,31834.0,,,,,,,,,,,,
2024,12298,City of Menasha - (WI),M,Municipal,,2.0,WI,7593.3,61128.0,8607.0,5782.1,55759.0,854.0,25110.4,358564.0,8.0,0.0,0.0,0.0,38485.8,475451.0,9469.0,38485.8,475451.0,448975.0,2787.0,,171.0,1.398,,,79.3,65.7,0.0,482775.0,MISO,
2024,12301,Nodak Electric Coop Inc,C,Cooperative,,13.0,ND,43918.0,363665.0,20803.0,29050.0,851482.0,3.0,64254.0,813668.0,534.0,0.0,0.0,0.0,137222.0,2028815.0,21340.0,137222.0,2028815.0,620902.0,19.0,5545.0,,0.5780000000000001,108.2,1.07,262.3,308.4,,2062186.0,MRO,
2024,12302,City of Mendon - (OH),M,Municipal,Y,1.0,OH,,,,,,,,,,,,,,,,,,,330.0,,,,,,,,,,,
2024,12312,Merced Irrigation District,P,Political Subdivision,,1.0,CA,21222.7,87505.0,11366.0,50705.7,262208.0,1678.0,26091.7,167623.0,96.0,,,,98020.1,517336.0,13140.0,98020.09999999999,517336.0,530476.0,,,,46.592,,,116.4,64.8,314473.0,553214.0,WECC,781.593
2024,12323,Miami Power Corporation,I,Investor Owned,,,,,,,,,,,,,,,,,,,,,,,,,,,,,,,,RFC,
2024,12330,Meriwether Lewis Electric Coop,C,Cooperative,,5.0,TN,58724.0,429142.0,30319.0,31657.0,215638.0,6430.0,30409.0,516157.0,9.0,0.0,0.0,0.0,120790.0,1160937.0,36758.0,120790.0,1160937.0,1197695.0,0.0,,3.0,,,,223.4,240.2,0.0,1204320.0,SERC,
2024,12336,Village of Merrillan - (WI),M,Municipal,Y,1.0,WI,,,,,,,,,,,,,,,,,,,,,,,,,,,,,,
2024,12341,MidAmerican Energy Co,I,Investor Owned,,60.0,"IA,IL,SD",729083.7999999999,6690630.0,710254.0,464669.3,5589082.0,117441.0,1068629.4,17784382.0,1601.0,,,,2262382.5,30064094.0,829296.0,2262382.5,30064094.0,644.0,830753.0,65747.0,1626.0,174.17000000000002,333.0,1.42,5623.0,4675.0,41425330.0,3676051.0,,169623.5
2024,12351,City of Mesa - (AZ),M,Municipal,,1.0,AZ,26812.0,158340.0,15331.0,23503.2,167792.0,2770.0,,,,,,,50315.2,326132.0,18101.0,50315.2,326132.0,112875.0,4459.0,91.0,,4.48,64.35,1.52,86.3,46.0,0.0,354731.0,WECC,
2024,12377,Midwest Energy Cooperative - (MI),C,Cooperative,,12.0,"IN,MI,OH",67855.90000000001,341173.0,30456.0,41541.8,234914.0,6572.0,,,,,,,109397.7,576087.0,37028.0,109397.70000000001,576087.0,,37043.0,4816.0,142.0,4.168,432.70000000000005,1.6,147.4,98.9,,615647.0,RFC,
2024,12385,Metlakatla Power & Light,M,Municipal,Y,1.0,AK,,,,,,,,,,,,,,,,,,,,,,,,,,,,,,
2024,12388,City of Metropolis - (IL),M,Municipal,Y,1.0,IL,,,,,,,,,,,,,,,,,,,3546.0,,,,,,,,,,,
2024,12395,Menard Electric Coop,C,Cooperative,,8.0,IL,19338.2,107126.0,9048.0,4901.8,32060.0,606.0,7958.7,40486.0,1318.0,,,,32198.7,179672.0,10972.0,32198.7,179672.0,175294.0,1.0,1317.0,,5.022,168.73,1.492,73.8,32.3,,194735.0,SERC,17.51
2024,12397,Metropolitan Water District of S CA,S,State,,,,,,,,,,,,,,,,,,,,,,,,,,,,264.5,262.6,1008374.0,937748.0,WECC,
2024,12406,Miami-Cass County Rural E M C,C,Cooperative,Y,3.0,IN,,,,,,,,,,,,,,,,,,182137.0,,,,,,,,,,,,
2024,12408,Miami Special Utility Authority,M,Municipal,Y,1.0,OK,,,,,,,,,,,,,,,,,,,,,,,,,,,,,,
2024,12439,"Midstate Electric Coop, Inc",C,Cooperative,,4.0,OR,30323.0,288117.0,18594.0,11378.0,127546.0,2917.0,3102.0,37552.0,6.0,,,,44803.0,453215.0,21517.0,44803.0,453215.0,474732.0,,,,1.952,,,111.0,125.0,,482056.0,WECC,
2024,12450,Midland Power Coop,C,Cooperative,,17.0,IA,27419.0,201590.0,11939.0,6828.0,60498.0,599.0,16823.0,238479.0,24.0,,,,51070.0,500567.0,12562.0,51070.0,500567.0,515729.0,8.0,,21.0,0.482,,,107.9,96.1,,541185.0,,517.012
2024,12452,Mid-South Electric Coop Assn,C,Cooperative,,6.0,TX,76901.7,546054.0,36267.0,23294.1,161693.0,5043.0,28350.6,314315.0,21.0,,,,128546.4,1022062.0,41331.0,128546.4,1022062.0,1059995.0,18.0,,,14.068,,,225.0,238.0,,1052612.0,TRE,
2024,12462,Mid-Carolina Electric Coop Inc,C,Cooperative,,5.0,SC,115582.9,776807.0,56463.0,30053.8,231506.0,4094.0,3313.3,34783.0,9.0,,,,148950.0,1043096.0,60566.0,148949.99999999997,1043096.0,1103663.0,,,,2.69,3915.314,3.217,276.1,291.1,,1080937.0,SERC,
2024,12463,"Mid-Yellowstone Elec Coop, Inc",C,Cooperative,Y,5.0,MT,,,,,,,,,,,,,,,,,,26846.0,,,,,,,,,,,,
2024,12465,"System Energy Resources, Inc",I,Investor Owned,,,,,,,,,,,,,,,,,,,,,,,,,,,,,,9586463.0,,SERC,
2024,12470,Middle Tennessee E M C,C,Cooperative,,8.0,TN,547097.0,4650561.0,307370.0,363416.0,3173415.0,36886.0,56766.0,848729.0,39.0,0.0,0.0,0.0,967279.0,8672705.0,344295.0,967279.0,8672705.0,9017000.0,0.0,,356.0,,49.4,0.933,1988.7,2287.5,0.0,8882558.0,SERC,
2024,12472,Middle Georgia El Member Corp,C,Cooperative,Y,7.0,GA,,,,,,,,,,,,,,,,,,156821.0,,,,,,,,,,,,
2024,12473,Town of Middleborough - (MA),M,Municipal,,1.0,MA,22393.6,141406.0,14884.0,19472.6,130291.0,3231.0,5972.5,43896.0,17.0,,,,47838.7,315593.0,18132.0,47838.7,315593.0,330441.0,30.0,,,2.046,,,68.2,48.5,0.0,311322.0,NPCC,
2024,12474,Borough of Middletown - (PA),M,Municipal,Y,1.0,PA,,,,,,,,,,,,,,,,,,71372.0,,,,,,,,,,,,
2024,12476,Town of Middletown - (IN),M,Municipal,Y,1.0,IN,,,,,,,,,,,,,,,,,,,,,,,,,,,,,,
2024,12477,Town of Middleton - (MA),M,Municipal,Y,1.0,MA,,,,,,,,,,,,,,,,,,,4030.0,,,,,,,,,,,
2024,12478,Town of Middletown - (DE),M,Municipal,,1.0,DE,17226.8,100606.0,9071.0,1506.2,8162.0,694.0,21377.5,164300.0,403.0,,,,40110.5,273068.0,10168.0,40110.5,273068.0,224125.0,20.0,3.0,,10.328,,,69.0,53.0,,298410.0,RFC,641.0
2024,12485,Middle Kuskokwim Elec Coop Inc,C,Cooperative,Y,1.0,AK,,,,,,,,,,,,,,,,,,,,,,,,,,,,,,
2024,12515,"Midwest Electric, Inc - (OH)",C,Cooperative,,7.0,OH,26145.3,171169.0,10836.0,11373.4,99538.0,353.0,2300.8,23407.0,4.0,0.0,0.0,0.0,39819.5,294114.0,11193.0,39819.5,294114.0,305333.0,0.0,,27.0,,292.6,1.775,58.0,51.6,,308270.0,RFC,
2024,12523,Borough of Mifflinburg - (PA),M,Municipal,Y,1.0,PA,,,,,,,,,,,,,,,,,,43080.0,,,,,,,,,,,,
2024,12524,Midwest Energy Inc - (KS),C,Cooperative,,34.0,KS,36288.3,317121.0,29832.0,40537.7,379076.0,13429.0,65123.9,837215.0,7043.0,0.0,0.0,0.0,141949.9,1533412.0,50304.0,141949.9,1533412.0,1583716.0,,,,,433.8,2.42,443.0,295.0,136387.0,1715575.0,SPP,
2024,12531,City of Milan - (MO),M,Municipal,Y,1.0,MO,,,,,,,,,,,,,,,,,,,,,,,,,,,,,,
2024,12532,City of Milan - (TN),M,Municipal,,3.0,TN,12130.0,100330.0,6902.0,7583.0,62081.0,1630.0,1636.0,17572.0,2.0,0.0,0.0,0.0,21349.0,179983.0,8534.0,21349.0,179983.0,188517.0,0.0,,1.0,,348.0,1.732,43.5,48.2,0.0,189830.0,SERC,
2024,12533,Village of Milan - (OH),M,Municipal,Y,2.0,OH,,,,,,,,,,,,,,,,,,,,,,,,,,,,,,
2024,12539,Midwest Electric Member Corp - (NE),C,Cooperative,,5.0,NE,4127.7,34285.0,2389.0,5436.9,39628.0,2214.0,23044.2,170878.0,2186.0,0.0,0.0,0.0,32608.8,244791.0,6789.0,32608.8,244791.0,251581.0,0.0,1885.0,2186.0,0.77,81.24,0.493,152.3,18.7,,265947.0,MRO,389.25
2024,12540,City of Milford - (DE),M,Municipal,,2.0,DE,12128.9,79966.0,7169.0,9686.6,68432.0,1559.0,10676.1,90239.0,12.0,0.0,0.0,0.0,32491.6,238637.0,8740.0,32491.6,238637.0,247377.0,0.0,,12.0,4.299,,,54.5,45.2,,255112.0,RFC,
2024,12541,City of Milford - (IA),M,Municipal,Y,1.0,IA,,,,,,,,,,,,,,,,,,,1604.0,,,,,,,,,,,
2024,12546,Mille Lacs Energy Cooperative,C,Cooperative,,3.0,MN,21446.7,121995.0,14546.0,4890.3,37741.0,1319.0,4019.0,33606.0,113.0,,,,30356.0,193342.0,15978.0,30356.0,193342.0,213041.0,4.0,,23.0,2.0220000000000002,237.32,10.41,41.1,43.2,,203538.0,MRO,
2024,12580,City of Miller - (SD),M,Municipal,Y,1.0,SD,,,,,,,,,,,,,,,,,,,,,,,,,,,,,,
2024,12608,Borough of Milltown - (NJ),M,Municipal,Y,1.0,NJ,,,,,,,,,,,,,,,,,,,,,,,,,,,,,,
2024,12609,City of Minidoka - (ID),M,Municipal,Y,1.0,ID,,,,,,,,,,,,,,,,,,,,,,,,,,,,,,
2024,12615,City of Milton-Freewater- (OR),M,Municipal,Y,1.0,OR,,,,,,,,,,,,,,,,,,91873.0,,,,,,,,,,,,
2024,12616,City of Milton - (WA),M,Municipal,Y,2.0,WA,,,,,,,,,,,,,,,,,,55170.0,93.0,,,,,,,,,,,
2024,12625,City of Minden - (LA),M,Municipal,Y,1.0,LA,,,,,,,,,,,,,,,,,,132470.0,,,,,,,,,,,,
2024,12626,City of Minden - (NE),M,Municipal,Y,1.0,NE,,,,,,,,,,,,,,,,,,,1609.0,,,,,,,,,,,
2024,12627,City of Mindenmines - (MO),M,Municipal,Y,1.0,MO,,,,,,,,,,,,,,,,,,,99.0,,,,,,,,,,,
2024,12642,Maquoketa Valley Rrl Elec Coop,C,Cooperative,,9.0,IA,19314.4,140384.0,11051.0,16355.2,141949.0,6062.0,982.4,10918.0,57.0,,,,36652.0,293251.0,17170.0,36652.00000000001,293251.0,312018.0,1.0,,17170.0,,133.54,1.2,68.6,61.2,,310633.0,RFC,591.91
2024,12647,"ALLETE, Inc.",I,Investor Owned,,17.0,MN,154078.7,983680.0,125896.0,174471.2,1204294.0,26027.0,555452.3,6203291.0,419.0,0.0,0.0,0.0,884002.2,8391265.0,152342.0,884002.2000000001,8391265.0,8543066.0,57.0,7563.0,15596.0,40.162,119.9,1.3,1532.0,1532.0,5832104.0,7147244.0,MRO,69800.477
2024,12651,Minnesota Valley Electric Coop,C,Cooperative,,9.0,MN,69003.0,493660.0,43412.0,38691.0,367261.0,4220.0,,,,,,,107694.0,860921.0,47632.0,107694.0,860921.0,917086.0,7.0,,766.0,12.027000000000001,61.0,0.722,193.4,139.4,,889879.0,MRO,
2024,12658,"Minnkota Power Coop, Inc",C,Cooperative,,,,,,,,,,,,,,,,,,,,,,,,,,,,821.0,990.0,1326376.0,6008921.0,MRO,
2024,12660,Village of Minster - (OH),M,Municipal,Y,2.0,OH,,,,,,,,,,,,,,,,,,92999.0,1490.0,,,,,,,,,,,
2024,12667,Minnesota Municipal Power Agny,P,Political Subdivision,,,,,,,,,,,,,,,,,,,,,,,,,,,,421.5,285.9,1249452.0,2732530.0,MRO,
2024,12674,City of Mishawaka,M,Municipal,,1.0,IN,18613.7,180338.0,25071.0,38709.7,355874.0,3801.0,,,,,,,57323.4,536212.0,28872.0,57323.399999999994,536212.0,2239.0,28738.0,,,,,,150.1,150.1,,566787.0,RFC,
2024,12681,Mississippi County Electric Co,C,Cooperative,,1.0,AR,4653.0,54855.0,3232.0,1409.0,16187.0,779.0,159029.0,3129990.0,908.0,0.0,0.0,0.0,165091.0,3201032.0,4919.0,165091.0,3201032.0,162.0,4919.0,835.0,,2.206,,,599.0,576.0,,3347579.0,SERC,
2024,12685,Entergy Mississippi LLC,I,Investor Owned,,46.0,MS,724601.0,5483701.0,384611.0,633904.1,4984401.0,71533.0,195193.9,2357445.0,4037.0,,,,1553699.0,12825547.0,460181.0,1553699.0,12825547.0,13210029.0,3509.0,11365.0,83.0,3.222,692.3,2.306,2907.0,2478.0,14189498.0,4757159.0,SERC,43390.0
2024,12686,Mississippi Power Co,I,Investor Owned,,23.0,MS,303566.0,2097472.0,157437.0,326014.0,2947843.0,34553.0,334964.0,4735309.0,426.0,0.0,,,964544.0,9780624.0,192416.0,964544.0,9780624.0,1349200.0,191804.0,12.0,4.0,14.23,124.2,1.12,2390.0,2000.0,17666745.0,363219.0,SERC,26277.55
2024,12692,"Missoula Electric Coop, Inc",C,Cooperative,,7.0,"ID,MT",19980.0,190265.0,14732.0,5155.3,53681.0,1576.0,1361.2,15268.0,267.0,0.0,0.0,0.0,26496.5,259214.0,16575.0,26496.5,259214.0,275789.0,1.0,,16017.0,3.0060000000000002,1606.3,3.591,50.3,71.6,,280558.0,WECC,292.768
2024,12698,Evergy Missouri West,I,Investor Owned,,31.0,MO,449877.9,3584586.0,305583.0,338432.4,3535452.0,40976.0,95662.9,1390662.0,225.0,,,,883973.2,8510700.0,346784.0,883973.2000000001,8510700.0,8311149.0,323.0,29316.0,233550.0,165.061,306.18,1.847,1968.0,1818.0,2213641.0,7019467.0,MRO,39911.319
2024,12700,Missouri Rural Electric Coop,C,Cooperative,,3.0,MO,8961.0,65800.0,5049.0,2974.0,24911.0,572.0,8584.0,127614.0,11.0,,,,20519.0,218325.0,5632.0,20519.0,218325.0,,5651.0,,5049.0,0.494,,,35.1,41.5,50.0,224783.0,SERC,
2024,12706,Mitchell Electric Member Corp,C,Cooperative,,14.0,GA,47853.8,298974.0,21293.0,22196.0,158238.0,4387.0,,,,,,,70049.8,457212.0,25680.0,70049.8,457212.0,482892.0,,,,1.6,,,147.2,123.3,,485640.0,SERC,
2024,12710,Missouri Basin Muni Power Agny,P,Political Subdivision,,,,,,,,,,,,,,,,,,,,,,,,,,,,554.1,510.9,,3526614.0,MRO,
2024,12717,City of Mitchell - (NE),M,Municipal,Y,1.0,NE,,,,,,,,,,,,,,,,,,,,,,,,,,,,,,
2024,12744,Modern Electric Water Company,C,Cooperative,,1.0,WA,7588.6,102145.0,9181.0,8563.9,122895.0,1748.0,,,,,,,16152.5,225040.0,10929.0,16152.5,225040.0,235969.0,,,,0.66,,,45.6,50.1,,236892.0,WECC,390.467
2024,12745,Modesto Irrigation District,P,Political Subdivision,,2.0,CA,218924.8,1005119.0,103650.0,146788.0,855244.0,29728.0,99166.8,808929.0,139.0,0.0,0.0,0.0,464879.6,2669292.0,133517.0,464879.6,2669292.0,2802808.0,,2225.0,150.0,181.108,58.16,0.608,713.0,333.0,475280.0,3644981.0,WECC,3087.0
2024,12759,Mohawk Municipal Comm,M,Municipal,Y,1.0,NY,,,,,,,,,,,,,,,,,,,1415.0,,,,,,,,,,,
2024,12782,City of Monett - (MO),M,Municipal,,2.0,MO,6348.1,46509.0,4118.0,6663.5,55061.0,732.0,12858.4,118112.0,37.0,,,,25870.0,219682.0,4887.0,25870.0,219682.0,30243.0,2427.0,,,0.664,62.42,0.86,43.8,39.2,,223019.0,SPP,
2024,12789,City of Monmouth - (OR),M,Municipal,Y,1.0,OR,,,,,,,,,,,,,,,,,,80709.0,,,,,,,,,,,,
2024,12796,Monongahela Power Co,I,Investor Owned,,34.0,WV,500111.5,3579591.0,334588.0,357066.0,3269443.0,56139.0,428976.7,5567182.0,6468.0,0.0,0.0,0.0,1286154.2,12416216.0,397195.0,1286154.2,12416216.0,296090.0,403534.0,,,23.874000000000002,851.75,2.866,2150.5,2061.9,10535533.0,4240034.0,RFC,
2024,12797,City of Monroe - (UT),M,Municipal,Y,1.0,UT,,,,,,,,,,,,,,,,,,,1273.0,,,,,,,,,,,
2024,12800,City of Monroe - (GA),M,Municipal,Y,1.0,GA,,,,,,,,,,,,,,,,,,0.0,7157.0,,,,,,,,,,,
2024,12801,City of Monroe - (NC),M,Municipal,,1.0,NC,14970.0,121868.0,10543.0,18779.3,167292.0,2249.0,28627.0,433741.0,113.0,,,,62376.3,722901.0,12905.0,62376.3,722901.0,33.0,14137.0,,,,22.383,0.478,135.8,110.8,,741891.0,SERC,
2024,12802,City of Monroe City - (MO),M,Municipal,Y,3.0,MO,,,,,,,,,,,,,,,,,,,,,,,,,,,,,,
2024,12803,"Monroe County Elec Coop, Inc",C,Cooperative,Y,3.0,IL,,,,,,,,,,,,,,,,,,118939.0,,,,,,,,,,,,
2024,12807,Michigan South Central Power Agency,P,Political Subdivision,,,,,,,,,,,,,,,,,,,,,,,,,,,,139.8,141.9,,773800.0,RFC,
2024,12811,Village of Monroeville - (OH),M,Municipal,Y,1.0,OH,,,,,,,,,,,,,,,,,,,,,,,,,,,,,,
2024,12817,Mont Alto Borough,M,Municipal,Y,1.0,PA,,,,,,,,,,,,,,,,,,10830.0,,,,,,,,,,,,
2024,12825,NorthWestern Energy LLC - (MT),I,Investor Owned,,38.0,"MT,WY",398790.3,2803098.0,328421.0,424721.0,3232651.0,85310.0,60140.0,3389997.0,2275.0,,,,883651.3,9425746.0,416006.0,883651.3,9425746.0,6900.0,416685.0,,,145.05700000000002,233.438,1.296,2089.0,1832.0,4401005.0,3595503.0,WECC,58869.0
2024,12838,City of Montezuma - (KS),M,Municipal,Y,1.0,KS,,,,,,,,,,,,,,,,,,,,,,,,,,,,,,
2024,12839,City of Montezuma - (IA),M,Municipal,Y,1.0,IA,,,,,,,,,,,,,,,,,,,912.0,,,,,,,,,,,
2024,12840,Town of Montezuma - (IN),M,Municipal,Y,1.0,IN,,,,,,,,,,,,,,,,,,,,,,,,,,,,,,
2024,12851,City of Monticello - (GA),M,Municipal,Y,1.0,GA,,,,,,,,,,,,,,,,,,,1329.0,,,,,,,,,,,
2024,12860,Morgan County Rural Elec Assn,C,Cooperative,,6.0,CO,10218.9,71098.0,5825.0,25230.7,255922.0,2122.0,18153.4,146336.0,1617.0,,,,53603.0,473356.0,9564.0,53603.0,473356.0,482920.0,,,18.0,1.43,,,87.1,65.0,,498403.0,WECC,
2024,12861,Village of Montpelier - (OH),M,Municipal,Y,1.0,OH,,,,,,,,,,,,,,,,,,,,,,,,,,,,,,
2024,12866,Moon Lake Electric Assn Inc,C,Cooperative,,7.0,"CO,UT",15739.6,174655.0,14801.0,12906.5,146741.0,3341.0,66920.2,758841.0,2235.0,0.0,0.0,0.0,95566.3,1080237.0,20377.0,95566.29999999999,1080237.0,978027.0,1225.0,,2.0,1.75,,,153.3,155.2,10202.0,1115329.0,WECC,
2024,12876,City of Moore Haven - (FL),M,Municipal,Y,1.0,FL,,,,,,,,,,,,,,,,,,,,,,,,,,,,,,
2024,12892,City of Mooreland - (OK),M,Municipal,Y,1.0,OK,,,,,,,,,,,,,,,,,,0.0,775.0,,,,,,,,,,,
2024,12894,City of Moorhead - (MN),M,Municipal,,1.0,MN,20247.8,177935.0,18180.0,3726.3,30796.0,1856.0,17386.8,199268.0,368.0,,,,41360.9,407999.0,20404.0,41360.899999999994,407999.0,576.0,21128.0,2604.0,,1.5339999999999998,9.184,0.343,82.7,73.4,1297.0,425303.0,MRO,732.671
2024,12896,City of Morrill - (KS),M,Municipal,Y,1.0,KS,,,,,,,,,,,,,,,,,,,,,,,,,,,,,,
2024,12897,Moose Lake Water & Light Comm,M,Municipal,Y,1.0,MN,,,,,,,,,,,,,,,,,,28955.0,589.0,,,,,,,,,,,
2024,12899,Mor-Gran-Sou Electric Coop Inc,C,Cooperative,Y,6.0,ND,,,,,,,,,,,,,,,,,,174603.0,,,,,,,,,,,,
2024,12900,City of Mora - (MN),M,Municipal,Y,1.0,MN,,,,,,,,,,,,,,,,,,,1956.0,,,,,,,,,,,
2024,12901,Mora-San Miguel Elec Coop,C,Cooperative,Y,4.0,NM,,,,,,,,,,,,,,,,,,82310.0,2.0,,,,,,,,,,,
2024,12909,City of Moran - (KS),M,Municipal,Y,1.0,KS,,,,,,,,,,,,,,,,,,,,,,,,,,,,,,
2024,12915,Moreau-Grand Electric Coop Inc,C,Cooperative,Y,3.0,SD,,,,,,,,,,,,,,,,,,108890.0,,,,,,,,,,,,
2024,12917,Morgan Stanley Capital Grp Inc,R,Retail Power Marketer,,,,,,,26763.8,237168.0,2.0,9184.3,177943.0,1.0,,,,35948.1,415111.0,3.0,35948.1,415111.0,,,,,,,,,,,141384141.0,NPCC,
2024,12919,Morenci Water and Electric,I,Investor Owned,,1.0,AZ,2366.6,21078.0,2232.0,1787.2,16742.0,396.0,123443.6,2702496.0,2.0,0.0,0.0,0.0,127597.4,2740316.0,2630.0,127597.40000000001,2740316.0,108.0,2630.0,,,0.07200000000000001,,,346.9,357.9,,2740316.0,WECC,
2024,12927,Morgan City - (LA),M,Municipal,Y,1.0,LA,,,,,,,,,,,,,,,,,,,6224.0,,,,,,,,,,,
2024,12928,Morgan City - (UT),M,Municipal,Y,1.0,UT,,,,,,,,,,,,,,,,,,291.0,1733.0,,,,,,,,,,,
2024,12929,South Central Indiana REMC,C,Cooperative,,7.0,IN,79935.0,450962.0,34901.0,8168.0,56312.0,592.0,9171.0,82227.0,11.0,,,,97274.0,589501.0,35504.0,97274.0,589501.0,560525.0,4.0,,9.0,11.227,741.5,3.41,140.1,166.8,,614177.0,RFC,
2024,12944,City of Morganton - (NC),M,Municipal,,1.0,NC,8012.0,75066.0,7055.0,8607.0,104382.0,1774.0,8391.0,117702.0,39.0,,,,25010.0,297150.0,8868.0,25010.0,297150.0,8868.0,8868.0,,,,,,64.5,58.7,,326694.0,SERC,
2024,12952,Village of Morrill - (NE),M,Municipal,Y,2.0,NE,,,,,,,,,,,,,,,,,,,,,,,,,,,,,,
2024,12988,City of Morristown - (TN),M,Municipal,,1.0,TN,21567.0,169235.0,13459.0,35193.0,308118.0,3021.0,30466.0,446774.0,29.0,0.0,0.0,0.0,87226.0,924127.0,16509.0,87226.0,924127.0,940636.0,0.0,,7.0,,238.92,2.45,162.1,160.4,0.0,947915.0,SERC,
2024,12989,Village of Morrisville - (VT),M,Municipal,Y,1.0,VT,,,,,,,,,,,,,,,,,,,,,,,,,,,,,,
2024,12990,Consolidated Cooperative,C,Cooperative,,8.0,OH,41474.0,257472.0,16897.0,15500.0,105064.0,2363.0,7853.0,67699.0,12.0,,,,64827.0,430235.0,19272.0,64827.0,430235.0,449507.0,,,,4.0440000000000005,354.0,1.23,87.9,82.9,,442088.0,RFC,
2024,13025,City of Moulton - (TX),M,Municipal,Y,1.0,TX,,,,,,,,,,,,,,,,,,,,,,,,,,,,,,
2024,13026,City of Moultrie - (GA),M,Municipal,Y,1.0,GA,,,,,,,,,,,,,,,,,,13882.0,,,,,,,,,,,,
2024,13027,"Mountain Electric Coop, Inc",C,Cooperative,,6.0,"NC,TN",39979.0,321586.0,28030.0,24035.0,173209.0,8293.0,5692.0,96185.0,3.0,0.0,0.0,0.0,69706.0,590980.0,36326.0,69706.0,590980.0,627306.0,0.0,,2.0,,166.3,2.91,100.7,178.1,0.0,624234.0,SERC,
2024,13029,City of Moundridge - (KS),M,Municipal,Y,1.0,KS,,,,,,,,,,,,,,,,,,,,,,,,,,,,,,
2024,13032,Mt Carmel Public Utility Co,I,Investor Owned,,1.0,IL,8725.0,45617.0,4327.0,2953.0,15381.0,818.0,3872.0,22680.0,88.0,,,,15550.0,83678.0,5233.0,15550.0,83678.0,5597.0,5597.0,,,1.516,,,23.3,17.1,,94386.0,SERC,
2024,13033,City of Mount Dora - (FL),M,Municipal,Y,1.0,FL,,,,,,,,,,,,,,,,,,,6189.0,,,,,,,,,,,
2024,13035,City of Mount Hope - (KS),M,Municipal,Y,1.0,KS,,,,,,,,,,,,,,,,,,5346.0,,,,,,,,,,,,
2024,13036,Village of Mt. Horeb - (WI),M,Municipal,,1.0,WI,3632.8,29683.0,3734.0,3327.5,27826.0,552.0,0.0,0.0,0.0,0.0,0.0,0.0,6960.3,57509.0,4286.0,6960.3,57509.0,61775.0,10.0,,48.0,1.732,,,15.9,11.6,0.0,59104.0,MISO,
2024,13037,City of Mt Pleasant - (UT),M,Municipal,Y,1.0,UT,,,,,,,,,,,,,,,,,,5209.0,,,,,,,,,,,,
2024,13038,City of Mt Pleasant - (IA),M,Municipal,Y,1.0,IA,,,,,,,,,,,,,,,,,,2683.0,2460.0,,,,,,,,,,,
2024,13039,City of Mt Pleasant - (TN),M,Municipal,,2.0,TN,6441.0,49316.0,3524.0,4531.0,32733.0,764.0,5143.0,61876.0,6.0,0.0,0.0,0.0,16115.0,143925.0,4294.0,16115.0,143925.0,148219.0,0.0,,1.0,,,,29.1,30.1,0.0,149033.0,SERC,
2024,13040,City of Mount Vernon - (MO),M,Municipal,Y,1.0,MO,,,,,,,,,,,,,,,,,,,2939.0,,,,,,,,,,,
2024,13044,City of Mountain Iron - (MN),M,Municipal,Y,1.0,MN,,,,,,,,,,,,,,,,,,,1199.0,,,,,,,,,,,
2024,13048,City of Mountain Lake - (MN),M,Municipal,Y,1.0,MN,,,,,,,,,,,,,,,,,,,1285.0,,,,,,,,,,,
2024,13050,"Mountain Parks Electric, Inc",C,Cooperative,,5.0,CO,27476.0,171905.0,19183.0,16077.0,130744.0,3568.0,3532.0,41723.0,28.0,0.0,0.0,0.0,47085.0,344372.0,22779.0,47085.0,344372.0,367151.0,,,493.0,7.114000000000001,148.7,1.76,35.7,72.3,0.0,357808.0,WECC,513.58
2024,13057,City of Mountain View - (MO),M,Municipal,Y,1.0,MO,,,,,,,,,,,,,,,,,,27941.0,,,,,,,,,,,,
2024,13058,"Mountain View Elec Assn, Inc",C,Cooperative,,8.0,CO,99901.3,643841.0,59789.0,26288.5,200506.0,4445.0,11898.4,138797.0,41.0,,,,138088.2,983144.0,64275.0,138088.2,983144.0,1047267.0,44.0,,90.0,63.637,55.602,0.487,220.4,205.9,,1025101.0,WECC,2715.719
2024,13073,"Mt Wheeler Power, Inc",C,Cooperative,,7.0,"NV,UT",7490.3,87825.0,5380.0,4231.4,44004.0,1848.0,30948.1,444180.0,521.0,0.0,0.0,0.0,42669.8,576009.0,7749.0,42669.8,576009.0,,7748.0,,,0.436,,,84.3,81.4,,596009.0,WECC,
2024,13090,Village of Mullen - (NE),M,Municipal,Y,1.0,NE,,,,,,,,,,,,,,,,,,,,,,,,,,,,,,
2024,13095,City of Mulvane - (KS),M,Municipal,Y,2.0,KS,,,,,,,,,,,,,,,,,,46362.0,,,,,,,,,,,,
2024,13100,Municipal Electric Authority,A,Municipal Mktg Authority,,,,,,,,,,,,,,,,,,,,,,,,,,,,2399.0,2108.0,12661011.0,1835146.0,SERC,
2024,13137,City of Murray - (UT),M,Municipal,,1.0,UT,14005.0,126657.0,17000.0,17805.0,224319.0,3238.0,2599.0,43056.0,2.0,,,,34409.0,394032.0,20240.0,34409.0,394032.0,97.0,20335.0,,,5.2,,,101.3,65.0,47537.0,360359.0,WECC,
2024,13138,City of Murray - (KY),M,Municipal,,1.0,KY,8520.0,64202.0,6163.0,15871.0,147589.0,1773.0,2709.0,41987.0,2.0,0.0,0.0,0.0,27100.0,253778.0,7938.0,27100.0,253778.0,261716.0,0.0,,3.0,,,,56.9,42.5,0.0,264052.0,SERC,
2024,13143,Board of Water Electric & Communications,M,Municipal,,1.0,IA,12394.2,98119.0,10123.0,13314.0,138754.0,1585.0,40733.9,637771.0,16.0,,,,66442.1,874644.0,11724.0,66442.1,874644.0,783918.0,11835.0,,,3.078,40.79,0.533,141.3,121.7,560637.0,968716.0,MRO,201.98
2024,13144,City of Muscle Shoals,M,Municipal,,1.0,AL,12631.0,105580.0,7154.0,13519.0,109529.0,1837.0,7767.0,102752.0,9.0,0.0,0.0,0.0,33917.0,317861.0,9000.0,33917.0,317861.0,78150.0,8995.0,,5.0,,,,68.0,62.2,0.0,327986.0,SERC,
2024,13145,Village of Muscoda - (WI),M,Municipal,,3.0,WI,785.1,7190.0,938.0,1026.9,8813.0,197.0,3349.4,39472.0,3.0,0.0,0.0,0.0,5161.4,55475.0,1138.0,5161.4,55475.0,41178.0,1133.0,,12.0,0.7000000000000001,,,11.0,10.5,0.0,58561.0,MISO,
2024,13149,City of Needles - (CA),M,Municipal,Y,1.0,CA,,,,,,,,,,,,,,,,,,83506.0,0.0,,,,,,,,,,,
2024,13190,"N W Electric Power Coop, Inc",C,Cooperative,,,,,,,,,,,,,,,,,,,,,,,,,,,,408.0,474.0,,1859121.0,SERC,
2024,13196,Northern Plains Electric Coop,C,Cooperative,,12.0,ND,24261.0,227714.0,10393.0,8407.0,76917.0,1458.0,11527.0,137098.0,188.0,0.0,0.0,0.0,44195.0,441729.0,12039.0,44195.0,441729.0,,18660.0,,,,262.4,1.904,62.0,91.0,,461655.0,MRO,
2024,13201,"Naknek Electric Assn, Inc",C,Cooperative,Y,1.0,AK,,,,,,,,,,,,,,,,,,,,,,,,,,,,,,
2024,13205,"New Enterprise R E C, Inc",C,Cooperative,Y,3.0,PA,,,,,,,,,,,,,,,,,,67003.0,,,,,,,,,,,,
2024,13206,Nantucket Electric Co,I,Investor Owned,,1.0,MA,26889.699999999997,130024.0,12823.0,7534.9,56919.0,1717.0,73.6,596.0,4.0,,,,34498.2,187539.0,14544.0,34498.2,187539.0,349.0,15296.0,,,9.43,138.16,0.719,55.6,30.5,,23380.0,NPCC,
2024,13208,City of Naperville - (IL),M,Municipal,,2.0,IL,66567.1,512938.0,56117.0,66085.0,609689.0,6865.0,9547.7,89472.0,8.0,,,,142199.8,1212099.0,62990.0,142199.80000000002,1212099.0,1275089.0,0.0,1.0,,21.662,24.84,0.5,347.1,206.5,,1272056.0,RFC,191.592
2024,13209,City of Napoleon - (OH),M,Municipal,Y,2.0,OH,,,,,,,,,,,,,,,,,,,6087.0,,,,,,,,,,,
2024,13211,Napakiak Ircinraq Power Co,I,Investor Owned,Y,1.0,AK,,,,,,,,,,,,,,,,,,,,,,,,,,,,,,
2024,13214,The Narragansett Electric Co,I,Investor Owned,,5.0,RI,759365.6000000001,3027335.0,451381.0,487263.39999999997,3612883.0,61694.0,74321.20000000001,599259.0,1587.0,2494.6,21914.0,1.0,1323444.8,7261391.0,514663.0,1323444.8,7261391.0,58024.0,527808.0,,,1187.36,104.25,0.896,1746.0,1143.0,,3979523.0,NPCC,73385.767
2024,13216,Nashville Electric Service,M,Municipal,,7.0,TN,689133.0,5115864.0,417640.0,730152.0,6069079.0,45757.0,69388.0,917818.0,58.0,0.0,0.0,0.0,1488673.0,12102761.0,463455.0,1488673.0,12102761.0,12566216.0,0.0,,47.0,,0.0,0.0,2539.4,2830.3,0.0,12408138.0,SERC,
2024,13219,City of Nashwauk - (MN),M,Municipal,Y,1.0,MN,,,,,,,,,,,,,,,,,,11081.0,,,,,,,,,,,,
2024,13227,Natchez Trace Elec Power Assn,C,Cooperative,,3.0,MS,21763.0,170086.0,12611.0,14374.0,104438.0,3614.0,2440.0,22187.0,4.0,0.0,0.0,0.0,38577.0,296711.0,16229.0,38577.0,296711.0,312940.0,0.0,,1.0,,,,72.7,80.0,0.0,322717.0,SERC,
2024,13228,City of Natchitoches,M,Municipal,,1.0,LA,8072.4,87226.0,7234.0,9669.5,107833.0,1242.0,3437.1,74927.0,5.0,,,,21179.0,269986.0,8481.0,21179.0,269986.0,8481.0,8481.0,,,0.72,,,59.0,52.0,,290266.0,SPP,
2024,13233,City of Neligh - (NE),M,Municipal,Y,1.0,NE,,,,,,,,,,,,,,,,,,,1135.0,,,,,,,,,,,
2024,13286,New Hampton Village Precinct,M,Municipal,Y,1.0,NH,,,,,,,,,,,,,,,,,,,,,,,,,,,,,,
2024,13292,Norris Electric Coop,C,Cooperative,,10.0,IL,36904.0,244675.0,18074.0,12546.0,92927.0,2213.0,3595.0,23621.0,13.0,,,,53045.0,361223.0,20300.0,53045.0,361223.0,,20300.0,,,7.252,,,84.9,64.2,,384824.0,RFC,
2024,13314,Navajo Tribal Utility Authority,S,State,,6.0,"AZ,NM,UT",38137.0,231721.0,38653.0,48736.0,282874.0,4512.0,21840.0,373888.0,143.0,0.0,0.0,0.0,108713.0,888483.0,43308.0,108713.0,888483.0,931790.0,,,,,,,139.0,173.0,,1006700.0,WECC,
2024,13318,"Navopache Electric Coop, Inc",C,Cooperative,,5.0,"AZ,NM",40723.0,302264.0,41569.0,8138.0,72308.0,3842.0,10640.0,104644.0,424.0,,,,59501.0,479216.0,45835.0,59501.0,479216.0,515004.0,1570.0,,6533.0,9.584,,,93.0,101.0,,499438.0,WECC,
2024,13332,"Navarro County Elec Coop, Inc",C,Cooperative,,5.0,TX,38926.0,273090.0,18435.0,7105.0,48369.0,1814.0,17828.0,242553.0,13.0,,,,63859.0,564012.0,20262.0,63859.0,564012.0,261.0,20348.0,,,16.826,,,130.0,174.0,,604288.0,TRE,
2024,13334,City of Nebraska City,M,Municipal,Y,3.0,NE,,,,,,,,,,,,,,,,,,,5596.0,,,,,,,,,,,
2024,13337,Nebraska Public Power District,P,Political Subdivision,,42.0,"NE,SD",89634.0,844553.0,74694.0,91905.0,1101923.0,19906.0,86141.0,1906518.0,62.0,0.0,0.0,0.0,267680.0,3852994.0,94662.0,267680.0,3852994.0,3931280.0,0.0,696.0,309.0,5.071999999999999,74.35,0.74,3006.0,2251.0,13946357.0,4635025.0,MRO,3923.212
2024,13352,City of Negaunee,M,Municipal,,1.0,MI,2400.9,11056.0,1978.0,1608.7,9946.0,285.0,0.0,0.0,0.0,0.0,0.0,0.0,4009.6,21002.0,2263.0,4009.6000000000004,21002.0,16392.0,768.0,,,0.062,,,4.9,3.9,0.0,23000.0,MISO,
2024,13355,New England Hydro-Tran Elec Co,T,Transmission,,,,,,,,,,,,,,,,,,,,,,,,,,,,,,,,NPCC,
2024,13356,New England Hydro-Trans Corp,T,Transmission,,,,,,,,,,,,,,,,,,,,,,,,,,,,,,,,NPCC,
2024,13374,"Constellation NewEnergy, Inc",R,Retail Power Marketer,,,,1308840.9,10137317.0,1113912.0,8583479.1,106998386.0,589040.0,1359456.6,18945013.0,8344.0,49085.5,482823.0,7.0,11300862.1,136563539.0,1711303.0,11300862.1,136563539.0,,,,183326.0,,,,,,,138436524.0,NPCC,
2024,13375,City of Nelson - (NE),M,Municipal,Y,1.0,NE,,,,,,,,,,,,,,,,,,,,,,,,,,,,,,
2024,13380,City of Neodesha - (KS),M,Municipal,Y,1.0,KS,,,,,,,,,,,,,,,,,,38497.0,,,,,,,,,,,,
2024,13382,City of Neola - (IA),M,Municipal,Y,1.0,IA,,,,,,,,,,,,,,,,,,,231.0,,,,,,,,,,,
2024,13386,"Nemaha-Marshall E C A, Inc",C,Cooperative,Y,5.0,KS,,,,,,,,,,,,,,,,,,52300.0,,,,,,,,,,,,
2024,13387,"Nespelem Valley Elec Coop, Inc",C,Cooperative,Y,3.0,WA,,,,,,,,,,,,,,,,,,,1547.0,,,,,,,,,,,
2024,13388,Nephi City Corporation,M,Municipal,Y,1.0,UT,,,,,,,,,,,,,,,,,,133745.0,,,,,,,,,,,,
2024,13402,Nevada Irrigation District,P,Political Subdivision,,,,,,,,,,,,,,,,,,,,,,,,,,,,87.0,73.0,145057.0,0.0,WECC,
2024,13407,Nevada Power Co,I,Investor Owned,,2.0,NV,1615271.8,10535373.0,916385.0,647847.8,8659672.0,117197.0,577208.6,5826635.0,1556.0,814.0,7638.0,1.0,2841142.2,25029318.0,1035139.0,2841142.2,25029318.0,26127527.0,922.0,74945.0,17425.0,2005.9339999999997,72.99,0.66,6649.0,2555.0,16323560.0,7917079.0,WECC,186069.0
2024,13412,City of New Albany - (MS),M,Municipal,,4.0,MS,14009.0,113112.0,8157.0,14274.0,110561.0,3161.0,6433.0,101378.0,3.0,0.0,0.0,0.0,34716.0,325051.0,11321.0,34716.0,325051.0,336372.0,0.0,,2.0,,,,76.1,59.3,0.0,342075.0,SERC,
2024,13416,City of New Bern - (NC),M,Municipal,,2.0,NC,32903.7,260174.0,21226.0,20053.0,186521.0,3722.0,1365.7,17226.0,4.0,,,,54322.4,463921.0,24952.0,54322.399999999994,463921.0,404225.0,28.0,,,,144.201,1.189,113.1,110.4,,480563.0,SERC,
2024,13418,City of New Braunfels - (TX),M,Municipal,,2.0,TX,89975.0,682873.0,53975.0,58920.0,482519.0,6470.0,52854.3,580021.0,18.0,,,,201749.3,1745413.0,60463.0,201749.3,1745413.0,1376757.0,37.0,,,21.137,76.372,0.942,363.6,350.1,,1901474.0,TRE,
2024,13420,Village of New Bremen - (OH),M,Municipal,Y,1.0,OH,,,,,,,,,,,,,,,,,,79300.0,,,,,,,,,,,,
2024,13423,Town of New Carlisle- (IN),M,Municipal,Y,1.0,IN,,,,,,,,,,,,,,,,,,,980.0,,,,,,,,,,,
2024,13424,New Castle Municipal Serv Comm,M,Municipal,Y,1.0,DE,,,,,,,,,,,,,,,,,,78012.0,,,,,,,,,,,,
2024,13433,New England Power Company,I,Investor Owned,,,,,,,,,,,,,,,,,,,,,,,,,,,,,,,,NPCC,
2024,13437,City of Newbern,M,Municipal,,1.0,TN,2080.0,20120.0,1495.0,2276.0,20925.0,338.0,4805.0,59405.0,3.0,0.0,0.0,0.0,9161.0,100450.0,1836.0,9161.0,100450.0,63926.02,1736.0,,2.0,,,,20.9,17.8,0.0,107518.0,SERC,
2024,13438,Village of New Glarus - (WI),M,Municipal,,1.0,WI,1078.1,8003.0,1091.0,1642.0,15340.0,205.0,0.0,0.0,0.0,0.0,0.0,0.0,2720.1,23343.0,1296.0,2720.1,23343.0,24216.0,12.0,,2.0,0.698,,,5.5,3.8,0.0,24338.0,MISO,
2024,13441,New Hampshire Elec Coop Inc,C,Cooperative,,9.0,NH,121456.4,514355.0,74144.0,37774.4,213284.0,10730.0,8620.1,83015.0,32.0,0.0,0.0,0.0,167850.9,810654.0,84906.0,167850.9,810654.0,886552.0,,4249.0,395.0,45.108000000000004,,,180.5,181.9,,696845.0,NPCC,5356.744
2024,13444,City of New Hampton - (IA),M,Municipal,Y,1.0,IA,,,,,,,,,,,,,,,,,,,,,,,,,,,,,,
2024,13448,City of New Holstein - (WI),M,Municipal,,1.0,WI,2547.9,19119.0,2255.0,2497.1,21486.0,461.0,0.0,0.0,0.0,0.0,0.0,0.0,5045.0,40605.0,2716.0,5045.0,40605.0,8407.0,2714.0,,53.0,0.40900000000000003,,,9.4,7.4,0.0,42507.0,MISO,
2024,13464,Village of New Knoxville - (OH),M,Municipal,Y,1.0,OH,,,,,,,,,,,,,,,,,,,,,,,,,,,,,,
2024,13465,City of Nielsville - (MN),M,Municipal,Y,1.0,MN,,,,,,,,,,,,,,,,,,,,,,,,,,,,,,
2024,13466,City of New Lisbon,M,Municipal,Y,1.0,WI,,,,,,,,,,,,,,,,,,,1079.0,,,,,,,,,,,
2024,13467,New London Electric&Water Util,M,Municipal,,2.0,WI,3218.9,26187.0,3501.0,3772.1,35104.0,636.0,9809.2,120190.0,5.0,0.0,0.0,0.0,16800.2,181481.0,4142.0,16800.2,181481.0,185643.0,0.0,,48.0,0.161,,,34.9,24.4,0.0,187250.0,MISO,
2024,13468,New London Municipal Utilities,M,Municipal,Y,2.0,IA,,,,,,,,,,,,,,,,,,,1236.0,,,,,,,,,,,
2024,13470,City of New Madrid - (MO),M,Municipal,Y,1.0,MO,,,,,,,,,,,,,,,,,,37864.0,,,,,,,,,,,,
2024,13471,City of New Martinsville - (WV),M,Municipal,Y,1.0,WV,,,,,,,,,,,,,,,,,,0.0,1738.0,,,,,,,,,,,
2024,13477,Nelson Lagoon Elec Coop Inc,C,Cooperative,Y,1.0,AK,,,,,,,,,,,,,,,,,,,,,,,,,,,,,,
2024,13478,"Entergy New Orleans, LLC",I,Investor Owned,,2.0,LA,306672.6,2353677.0,188178.0,305430.0,2874888.0,19331.0,29612.2,395547.0,1335.0,1157.0,10026.0,1.0,642871.8,5634138.0,208845.0,642871.7999999999,5634138.0,5938999.0,1290.0,10319.0,,119.80199999999999,586.4,2.004,1212.0,1110.0,2855715.0,5099757.0,SERC,61981.0
2024,13480,New Prague Utilities Comm,M,Municipal,Y,2.0,MN,,,,,,,,,,,,,,,,,,72126.0,,,15.0,,,,,,,,,
2024,13481,City of New Richmond,M,Municipal,,1.0,WI,4701.0,40537.0,4957.0,6522.6,65940.0,748.0,0.0,0.0,0.0,0.0,0.0,0.0,11223.6,106477.0,5705.0,11223.6,106477.0,26125.0,5738.0,,52.0,0.85,51.04,1.18,25.3,17.7,0.0,110644.0,MISO,
2024,13482,New River Light & Power Co,S,State,,1.0,NC,7752.0,62263.0,7247.0,15003.8,144747.0,1850.0,,,,,,,22755.8,207010.0,9097.0,22755.8,207010.0,216173.0,,,,0.33399999999999996,307.21,1.52,36.7,53.4,,217986.0,SERC,
2024,13483,City of New Roads - (LA),M,Municipal,Y,1.0,LA,,,,,,,,,,,,,,,,,,,,,,,,,,,,,,
2024,13485,New Smyrna Beach City of,M,Municipal,,1.0,FL,34872.0,319280.0,27879.0,15571.0,143474.0,3611.0,,,,,,,50443.0,462754.0,31490.0,50443.0,462754.0,145.0,31490.0,2766.0,,4.414000000000001,2858.0,2.32,110.0,91.0,-91.0,484565.0,FRCC,
2024,13488,New Ulm Public Utilities Comm,M,Municipal,Y,1.0,MN,,,,,,,,,,,,,,,,,,,7424.0,,,,,,,,,,,
2024,13489,Borough of New Wilmington - (PA),M,Municipal,Y,1.0,PA,,,,,,,,,,,,,,,,,,,739.0,,,,,,,,,,,
2024,13495,City of Newfolden - (MN),M,Municipal,Y,1.0,MN,,,,,,,,,,,,,,,,,,,,,,,,,,,,,,
2024,13511,New York State Elec & Gas Corp,I,Investor Owned,,44.0,NY,1228409.3,6919839.0,792300.0,472634.4,5806928.0,127567.0,62332.0,2472844.0,1500.0,1609.0,32158.0,2.0,1764984.7,15231769.0,921369.0,1764984.7000000002,15231769.0,3542936.0,455759.0,18766.0,130592.0,2449.401,,,3031.2,2805.4,205601.0,10391884.0,NPCC,143256.9
2024,13519,City of Newark - (DE),M,Municipal,,1.0,DE,18762.0,98785.0,11888.0,12830.7,73371.0,1492.0,30063.6,250502.0,59.0,0.0,0.0,0.0,61656.3,422658.0,13439.0,61656.3,422658.0,436097.0,,3.0,,8.71,84.4,0.77,87.5,56.7,1431.0,449122.0,RFC,2437.0
2024,13520,"New-Mac Electric Coop, Inc",C,Cooperative,,5.0,MO,38474.0,304731.0,19445.0,6055.0,51801.0,171.0,3475.0,49514.0,4.0,,,,48004.0,406046.0,19620.0,48004.0,406046.0,425666.0,0.0,,,7.723,,,92.1,121.9,,427942.0,SERC,
2024,13521,City of Newberry - (FL),M,Municipal,Y,1.0,FL,,,,,,,,,,,,,,,,,,50260.0,,,,,,,,,,,,
2024,13523,City of Newberry - (SC),M,Municipal,Y,1.0,SC,,,,,,,,,,,,,,,,,,117053.0,4504.0,,,,,,,,,,,
2024,13524,"Newberry Electric Coop, Inc",C,Cooperative,,4.0,SC,25345.0,155329.0,12970.0,10059.2,142968.0,741.0,14971.8,175301.0,26.0,0.0,0.0,0.0,50376.0,473598.0,13737.0,50376.0,473598.0,24.0,13922.0,,,3.3,,,95.1,98.5,0.0,487738.0,SERC,
2024,13525,Newberry Water & Light Board,M,Municipal,Y,1.0,MI,,,,,,,,,,,,,,,,,,,,,,,,,,,,,,
2024,13527,City of Newburg - (MO),M,Municipal,Y,1.0,MO,,,,,,,,,,,,,,,,,,,,,,,,,,,,,,
2024,13530,City of Newkirk - (OK),M,Municipal,Y,1.0,OK,,,,,,,,,,,,,,,,,,0.0,74.0,,,,,,,,,,,
2024,13539,New York Mun Power Agency,A,Municipal Mktg Authority,,,,,,,,,,,,,,,,,,,,,,,,,,,,432.6,569.2,,342171.0,NPCC,
2024,13547,"Newnan Wtr, Sewer & Light Comm",M,Municipal,,1.0,GA,13189.0,99916.0,9209.0,21168.0,200124.0,1840.0,6279.0,64220.0,1.0,,,,40636.0,364260.0,11050.0,40636.0,364260.0,311089.0,,,,,,,91.9,97.3,,370338.0,SERC,
2024,13550,City of Newport - (TN),M,Municipal,,3.0,TN,35443.0,256270.0,19859.0,17849.0,127248.0,3619.0,9803.0,145129.0,6.0,0.0,0.0,0.0,63095.0,528647.0,23484.0,63095.0,528647.0,552131.0,0.0,,3.0,,,,102.0,143.2,0.0,555733.0,SERC,
2024,13560,City of Newton - (IL),M,Municipal,Y,1.0,IL,,,,,,,,,,,,,,,,,,,1657.0,,,,,,,,,,,
2024,13561,City of Newton - (NC),M,Municipal,Y,1.0,NC,,,,,,,,,,,,,,,,,,133632.0,0.0,,10.0,,,,,,,,,
2024,13563,City of Newton Falls - (OH),M,Municipal,Y,1.0,OH,,,,,,,,,,,,,,,,,,44612.0,51.0,,,,,,,,,,,
2024,13566,Newton County Rural E M C,C,Cooperative,Y,3.0,IN,,,,,,,,,,,,,,,,,,62144.0,,,,,,,,,,,,
2024,13570,Ninnescah Rural E C A Inc,C,Cooperative,Y,10.0,KS,,,,,,,,,,,,,,,,,,74669.0,3.0,,,,,,,,,,,
2024,13573,Niagara Mohawk Power Corp.,I,Investor Owned,,37.0,NY,1972635.4000000001,11833895.0,1532294.0,792737.3,12576316.0,185072.0,220623.0,8302774.0,1554.0,48.6,5108.0,1.0,2986044.3,32718093.0,1718921.0,2986044.3000000003,32718093.0,6506464.0,1175381.0,26628.0,459.0,3540.3779999999997,510.14,1.694,6019.0,6002.0,,18010085.0,NPCC,302738.0
2024,13577,City of Nicholasville - (KY),M,Municipal,Y,1.0,KY,,,,,,,,,,,,,,,,,,126073.0,2746.0,,,,,,,,,,,
2024,13602,City of Niles - (OH),M,Municipal,,1.0,OH,7347.0,78886.0,11882.0,8035.0,95336.0,911.0,4486.0,62720.0,22.0,,,,19868.0,236942.0,12815.0,19868.0,236942.0,12815.0,12815.0,,,,,,57.6,35.5,,259606.0,RFC,
2024,13603,City of Newton - (TX),M,Municipal,Y,1.0,TX,,,,,,,,,,,,,,,,,,,,,,,,,,,,,,
2024,13604,City of Niles - (MI),M,Municipal,Y,1.0,MI,,,,,,,,,,,,,,,,,,,6410.0,,,,,,,,,,,
2024,13610,Niobrara Valley El Member Corp,C,Cooperative,Y,5.0,NE,,,,,,,,,,,,,,,,,,166774.0,,,,,,,,,,,,
2024,13630,North Carolina Mun Power Agny #1,A,Municipal Mktg Authority,,,,,,,,,,,,,,,,,,,,,,,18490.0,,,,,1104.5,965.8,7108230.0,588395.0,SERC,2558.342
2024,13640,Northern Virginia Elec Coop,C,Cooperative,,7.0,VA,265681.0,2296226.0,167274.0,616008.0,9912583.0,14796.0,1649.0,22272.0,4.0,,,,883338.0,12231081.0,182074.0,883338.0,12231081.0,9941017.0,149373.0,39032.0,24.0,84.38,94.632,0.859,2070.8,1778.1,,12430960.0,SERC,
2024,13642,Nome Joint Utility Systems,M,Municipal,Y,1.0,AK,,,,,,,,,,,,,,,,,,31862.0,0.0,,,,,,,,,,,
2024,13646,City of Norcross- (GA),M,Municipal,Y,3.0,GA,,,,,,,,,,,,,,,,,,168365.0,,,,,,,,,,,,
2024,13647,Noble County R E M C,C,Cooperative,,8.0,IN,17971.4,132778.0,10986.0,2466.0,19151.0,542.0,5438.1,50327.0,139.0,,,,25875.5,202256.0,11667.0,25875.5,202256.0,213923.0,,,16.0,2.116,135.9,1.105,42.5,42.2,,211653.0,RFC,
2024,13651,Nolin Rural Electric Coop Corp,C,Cooperative,,9.0,KY,64182.0,490715.0,35855.0,13918.0,119508.0,2884.0,8879.0,131740.0,2.0,,,,86979.0,741963.0,38741.0,86979.0,741963.0,780704.0,,,,5.851000000000001,199.626,1.663,150.1,233.8,,767439.0,RFC,
2024,13664,Norris Public Power District,P,Political Subdivision,,6.0,NE,32191.5,334982.0,18387.0,16191.8,154274.0,6524.0,43813.5,611419.0,2854.0,0.0,0.0,0.0,92196.8,1100675.0,27765.0,92196.8,1100675.0,1128440.0,0.0,1697.0,,4.83,203.7,1.596,245.5,212.2,,1195929.0,MRO,2688.139
2024,13669,North Alabama Electric Coop,C,Cooperative,,2.0,AL,25483.0,198549.0,13099.0,16840.0,113566.0,6410.0,7232.0,145448.0,3.0,0.0,0.0,0.0,49555.0,457563.0,19512.0,49555.0,457563.0,477075.0,0.0,,3.0,,,,92.7,124.9,0.0,479183.0,SERC,
2024,13670,"Northeast Texas Elec Coop, Inc",C,Cooperative,,,,,,,,,,,,,,,,,,,,,,,,,,,,734.0,1081.0,1804712.0,2113132.0,SPP,
2024,13675,Nishnabotna Valley R E C,C,Cooperative,Y,6.0,IA,,,,,,,,,,,,,,,,,,219785.0,0.0,,,,,,,,,,,
2024,13676,"North Arkansas Elec Coop, Inc",C,Cooperative,,7.0,AR,54083.4,420412.0,36355.0,11834.9,106787.0,2614.0,7856.8,97849.0,9.0,,,,73775.1,625048.0,38978.0,73775.1,625048.0,,38978.0,8236.0,27.0,7.552,1183.52,2.91,167.8,221.3,,665857.0,SPP,205.735
2024,13679,Town of North Attleborough - (MA),M,Municipal,,1.0,MA,18329.5,115237.0,12607.0,5281.0,33397.0,1161.0,9793.4,65305.0,128.0,,,,33403.9,213939.0,13896.0,33403.9,213939.0,80217.0,3409.0,,,2.681,5.949,0.089,54.3,39.1,603.0,127326.0,NPCC,
2024,13683,North Carolina El Member Corp,C,Cooperative,,,,,,,,,,,,,,,,,,,,,,,15306.0,,,,,3446.0,3815.0,6599486.0,10105759.0,SERC,
2024,13684,Nobles Cooperative Electric,C,Cooperative,Y,11.0,"IA,MN",,,,,,,,,,,,,,,,,,197729.0,,,2.0,,,,,,,,,
2024,13685,"Niobrara Electric Assn, Inc",C,Cooperative,Y,8.0,"NE,SD,WY",,,,,,,,,,,,,,,,,,,3037.0,,21.0,,,,,,,,,
2024,13687,North Carolina Eastern M P A,A,Municipal Mktg Authority,,1.0,NC,,,,,,,,,,,,,,,,,,,,134422.0,,,,,1632.8,1391.4,,7616966.0,SERC,476.82
2024,13690,North Central MO Elec Coop Inc,C,Cooperative,Y,3.0,MO,,,,,,,,,,,,,,,,,,166924.0,,,,,,,,,,,,
2024,13693,"North Central Elec Coop, Inc - (OH)",C,Cooperative,,8.0,OH,20479.1,119796.0,8433.0,5253.4,32032.0,1270.0,7633.9,69024.0,42.0,,,,33366.4,220852.0,9745.0,33366.4,220852.0,230597.0,,,9745.0,,65.16,,43.0,40.6,,232533.0,RFC,
2024,13694,"North Central Elec Coop, Inc - (ND)",C,Cooperative,,5.0,ND,14691.5,134786.0,6061.0,11456.4,84389.0,1526.0,1142.3,14595.0,5.0,0.0,0.0,0.0,27290.2,233770.0,7592.0,27290.2,233770.0,,7592.0,,,,,,30.4,56.5,,247214.0,SPP,
2024,13697,North Central Power Co Inc,I,Investor Owned,,5.0,WI,3991.7,25371.0,4991.0,1078.4,7545.0,520.0,294.7,3076.0,5.0,0.0,0.0,0.0,5364.8,35992.0,5516.0,5364.8,35992.0,5574.0,5574.0,,92.0,0.966,,,8.5,6.9,,41107.0,MRO,
2024,13698,North Central Public Pwr Dist,P,Political Subdivision,Y,4.0,NE,,,,,,,,,,,,,,,,,,165288.0,,,1.0,,,,,,,,,
2024,13700,North Itasca Electric Coop Inc,C,Cooperative,Y,3.0,MN,,,,,,,,,,,,,,,,,,,7198.0,,,,,,,,,,,
2024,13704,"North Western Elec Coop, Inc",C,Cooperative,Y,4.0,OH,,,,,,,,,,,,,,,,,,136442.0,0.0,,,,,,,,,,,
2024,13716,North Georgia Elec Member Corp,C,Cooperative,,7.0,GA,177226.0,1454917.0,90182.0,77087.0,818532.0,16106.0,13126.0,181624.0,28.0,0.0,0.0,0.0,267439.0,2455073.0,106316.0,267439.0,2455073.0,2561389.0,0.0,,84.0,,274.09,2.37,514.3,760.1,0.0,2543927.0,SERC,
2024,13718,City of North Little Rock - (AR),M,Municipal,,1.0,AR,45431.0,371555.0,34984.0,23588.0,196936.0,4886.0,31745.0,322557.0,266.0,34.0,259.0,1.0,100798.0,891307.0,40137.0,100798.0,891307.0,904746.0,,,36.0,12.280000000000001,,,230.0,156.0,114729.0,814001.0,SERC,
2024,13725,City of North Platte,M,Municipal,,1.0,NE,13376.0,117701.0,11906.0,13726.0,133653.0,2204.0,2112.0,34849.0,4.0,0.0,0.0,0.0,29214.0,286203.0,14114.0,29214.0,286203.0,3345.0,10928.0,,,0.223,,,64.0,62.0,,302087.0,MRO,121.774
2024,13726,North Shore Towers Apts Inc,C,Cooperative,Y,1.0,NY,,,,,,,,,,,,,,,,,,,,,,,,,,,,,,
2024,13730,City of North St Paul - (MN),M,Municipal,Y,2.0,MN,,,,,,,,,,,,,,,,,,,6697.0,,1.0,,,,,,,,,
2024,13731,"North Star Electric Coop, Inc",C,Cooperative,Y,4.0,MN,,,,,,,,,,,,,,,,,,108878.0,,,,,,,,,,,,
2024,13734,Northeast Oklahoma Electric Co,C,Cooperative,,8.0,OK,65472.0,509520.0,37871.0,22755.0,203758.0,4113.0,2849.0,33613.0,11.0,0.0,0.0,0.0,91076.0,746891.0,41995.0,91076.0,746891.0,788219.0,0.0,,,6.02,,,197.3,257.7,,785958.0,SPP,
2024,13735,Northcentral Mississippi E P A,C,Cooperative,,2.0,MS,53251.0,425370.0,29136.0,57509.0,450517.0,6493.0,14560.0,208810.0,14.0,0.0,0.0,0.0,125320.0,1084697.0,35643.0,125320.0,1084697.0,0.0,35643.0,,16.0,,241.0,2.09,294.6,194.4,0.0,1254433.0,SERC,
2024,13738,Northeast Missouri El Pwr Coop,T,Transmission,,,,,,,,,,,,,,,,,,,,,,,,,,,,272.4,288.6,,1454058.0,SERC,
2024,13739,Northeast Power,P,Political Subdivision,,6.0,NE,10682.0,109811.0,6846.0,14495.0,201291.0,1003.0,3718.0,20960.0,805.0,,,,28895.0,332062.0,8654.0,28895.0,332062.0,340715.0,,,798.0,0.544,,,73.6,66.2,,358163.0,MRO,
2024,13749,"NorVal Electric Cooperative, Inc",C,Cooperative,Y,5.0,MT,,,,,,,,,,,,,,,,,,55137.0,,,,,,,,,,,,
2024,13750,"Northern Electric Coop, Inc",C,Cooperative,,12.0,"ND,SD",15583.9,138063.0,5757.0,5203.7,52760.0,883.0,8866.9,104955.0,248.0,0.0,0.0,0.0,29654.5,295778.0,6888.0,29654.5,295778.0,302698.0,,,,,49.761,0.672,40.1,66.9,,305152.0,MRO,
2024,13756,Northern Indiana Pub Serv Co,I,Investor Owned,,20.0,IN,649930.9,3404882.0,430648.0,633805.1,3765256.0,59920.0,500011.7,7984846.0,2131.0,2200.9,17876.0,1.0,1785948.6,15172860.0,492700.0,1785948.5999999999,15172860.0,1374.0,492700.0,,,118.862,534.0,1.34,3562.0,2519.0,6753982.0,9253762.0,RFC,112635.272
2024,13757,North Plains Electric Coop Inc,C,Cooperative,,7.0,TX,3440.0,33900.0,3081.0,9035.0,107126.0,2678.0,18736.0,275762.0,1444.0,,,,31211.0,416788.0,7203.0,31211.0,416788.0,,7203.0,,,0.146,,,120.2,59.8,,451966.0,SPP,
2024,13758,"Northern Lights, Inc",C,Cooperative,,6.0,"ID,MT,WA",34098.0,292123.0,22510.0,6718.0,60435.0,1389.0,2138.0,35522.0,11.0,0.0,0.0,0.0,42954.0,388080.0,23910.0,42954.0,388080.0,0.0,23910.0,,,,,,59.5,120.3,803.0,412563.0,WECC,
2024,13762,"Northern Neck Elec Coop, Inc",C,Cooperative,,6.0,VA,39223.0,243248.0,17991.0,6248.0,40629.0,2667.0,,,,,,,45471.0,283877.0,20658.0,45471.0,283877.0,294273.0,14.0,4479.0,4268.0,4.388,,,71.6,97.6,,303500.0,SERC,
2024,13777,Northern Rio Arriba E Coop Inc,C,Cooperative,Y,1.0,NM,,,,,,,,,,,,,,,,,,,3255.0,,440.0,,,,,,,,,
2024,13780,Northern States Power Co,I,Investor Owned,,30.0,"MI,WI",297037.60000000003,1880399.0,228153.0,317005.4,2720597.0,43027.0,180197.6,2124664.0,118.0,0.0,0.0,0.0,794240.6,6725660.0,271298.0,794240.6,6725660.0,1541340.0,56043.0,19642.0,16306.0,30.066000000000003,187.435,1.065,1378.0,1059.0,1053454.0,6152554.0,MRO,1050.0
2024,13781,Northern States Power Co - Minnesota,I,Investor Owned,,67.0,"MN,ND,SD",1676254.8,10232245.0,1405248.0,1790161.2,14193083.0,171696.0,736896.2,7628739.0,531.0,1948.5,15332.0,1.0,4205260.7,32069399.0,1577476.0,4205260.7,32069399.0,10203640.0,262503.0,971100.0,33839.0,376.59000000000003,154.47,0.9933333333333333,7444.0,5216.0,36225554.0,21249648.0,MRO,439199.0
2024,13782,City of New Ross - (IN),M,Municipal,Y,1.0,IN,,,,,,,,,,,,,,,,,,2693.0,,,,,,,,,,,,
2024,13783,Northeast Louisiana Power Coop Inc.,C,Cooperative,,7.0,LA,20534.0,192625.0,11543.0,7554.0,60475.0,3317.0,2472.0,12710.0,2895.0,,,,30560.0,265810.0,17755.0,30560.0,265810.0,283564.0,,,,1.206,,,67.0,86.0,,287934.0,SERC,
2024,13788,Northern Wasco County PUD,P,Political Subdivision,,1.0,OR,11221.0,145326.0,9800.0,2814.8,121887.0,502.0,100335.2,1263389.0,190.0,,,,114371.0,1530602.0,10492.0,114371.0,1530602.0,1496958.0,15.0,,,1.1139999999999999,34.841,0.217,194.3,211.7,77578.0,1465216.0,WECC,340.0
2024,13789,Village of Northfield - (VT),M,Municipal,Y,1.0,VT,,,,,,,,,,,,,,,,,,,,,,,,,,,,,,
2024,13798,Northwest Iowa Power Coop,C,Cooperative,,,,,,,,,,,,,,,,,,,,,,,17745.0,,,,,137.4,146.9,29399.0,1525831.0,MRO,4294.0
2024,13799,Prairie Land Electric Coop Inc,C,Cooperative,,18.0,KS,18782.2,131438.0,13273.0,20682.2,153986.0,8922.0,20861.6,273417.0,2346.0,,,,60326.0,558841.0,24541.0,60326.0,558841.0,583334.0,28.0,,,1.026,,,145.7,87.5,0.0,688306.0,SPP,
2024,13805,Northwest Rural Pub Pwr Dist,P,Political Subdivision,Y,5.0,NE,,,,,,,,,,,,,,,,,,79916.0,,,1462.0,,,,,,,,,
2024,13807,Northwestern Electric Coop Inc - (OK),C,Cooperative,,7.0,OK,16273.0,106464.0,9620.0,13614.0,109967.0,2335.0,8957.0,132140.0,11.0,,,,38844.0,348571.0,11966.0,38844.0,348571.0,,11966.0,,,,,,70.2,70.2,,362685.0,SPP,
2024,13809,NorthWestern Energy - (SD),I,Investor Owned,,27.0,SD,70012.0,557457.0,51467.0,80339.0,668834.0,13444.0,34748.0,438660.0,60.0,,,,185099.0,1664951.0,64971.0,185099.0,1664951.0,1285725.0,166.0,,,,75.993,0.704,326.2,315.3,1083537.0,2016501.0,MRO,
2024,13815,Northwestern Wisconsin Elec Co,I,Investor Owned,,3.0,"MN,WI",11785.2,85162.0,13078.0,6062.5,51300.0,2045.0,3690.6,41097.0,27.0,,,,21538.3,177559.0,15150.0,21538.3,177559.0,217.0,15339.0,,688.0,1.944,,,39.9,32.1,30.0,188265.0,MRO,
2024,13816,City of Northwood - (ND),M,Municipal,Y,1.0,ND,,,,,,,,,,,,,,,,,,,867.0,,,,,,,,,,,
2024,13819,City of Norton,M,Municipal,Y,1.0,KS,,,,,,,,,,,,,,,,,,13088.0,,,,,,,,,,,,
2024,13825,Norwalk Third Taxing District,M,Municipal,Y,1.0,CT,,,,,,,,,,,,,,,,,,,4104.0,,,,,,,,,,,
2024,13826,City of Norway,M,Municipal,,1.0,MI,2211.1,12961.0,1995.0,1397.0,8961.0,262.0,0.0,0.0,0.0,0.0,0.0,0.0,3608.1,21922.0,2257.0,3608.1,21922.0,22168.0,135.0,,,0.034,,,5.8,3.9,27590.0,3060.0,MISO,
2024,13830,Nueces Electric Cooperative,C,Cooperative,,8.0,TX,75700.29999999999,708490.0,46409.0,14538.0,149849.0,6160.0,492.3,1990.0,34.0,0.0,0.0,0.0,90730.6,860329.0,52603.0,90730.59999999999,860329.0,599288.0,0.0,,,,437.147,3.272,126.6,139.0,,861723.0,TRE,
2024,13831,City of Norwich - (CT),M,Municipal,,1.0,CT,31757.3,139392.0,18870.0,25862.2,127341.0,2014.0,2382.1,12973.0,14.0,,,,60001.6,279706.0,20898.0,60001.6,279706.0,284437.0,372.0,,,3.498,287.98,1.45,61.1,47.5,3349.0,292699.0,NPCC,
2024,13838,"Northfork Electric Coop, Inc",C,Cooperative,Y,7.0,OK,,,,,,,,,,,,,,,,,,182556.0,5.0,,,,,,,,,,,
2024,13839,City of Norwood - (MA),M,Municipal,,1.0,MA,15915.8,90086.0,13601.0,20461.5,104543.0,2148.0,19512.3,124942.0,45.0,,,,55889.6,319571.0,15794.0,55889.600000000006,319571.0,333110.0,2.0,431.0,,,64.06,0.85,74.9,48.2,,327051.0,NPCC,714.341
2024,13853,Oahe Electric Coop Inc,C,Cooperative,Y,2.0,SD,,,,,,,,,,,,,,,,,,,3383.0,,,,,,,,,,,
2024,13870,"Nushagak Electric Coop, Inc",C,Cooperative,Y,1.0,AK,,,,,,,,,,,,,,,,,,308.0,1244.0,,,,,,,,,,,
2024,13931,Town of Oak City - (NC),M,Municipal,Y,1.0,NC,,,,,,,,,,,,,,,,,,3221.0,,,,,,,,,,,,
2024,13932,Village of Oak Harbor - (OH),M,Municipal,Y,1.0,OH,,,,,,,,,,,,,,,,,,,1581.0,,,,,,,,,,,
2024,13933,City of Oak Ridge,M,Municipal,,1.0,TN,21636.0,173511.0,15497.0,36715.0,305349.0,2332.0,877.0,10861.0,2.0,0.0,0.0,0.0,59228.0,489721.0,17831.0,59228.0,489721.0,17831.0,17831.0,,2.0,,,,104.5,95.7,0.0,507296.0,SERC,
2024,13934,Ocmulgee Electric Member Corp,C,Cooperative,Y,5.0,GA,,,,,,,,,,,,,,,,,,,12992.0,,,,,,,,,,,
2024,13935,Oakdale&South San Joaquin Irrigation D.,P,Political Subdivision,,,,,,,,,,,,,,,,,,,,,,,,,,,,124.9,111.2,463216.0,,,
2024,13936,Oakdale Electric Coop,C,Cooperative,,5.0,WI,23056.0,145324.0,17027.0,6659.0,51759.0,1758.0,14968.0,172767.0,58.0,0.0,0.0,0.0,44683.0,369850.0,18843.0,44683.0,369850.0,388586.0,0.0,5346.0,197.0,2.898,148.5,1.032,71.0,54.8,,395782.0,MRO,176.0
2024,13948,City of Oberlin - (KS),M,Municipal,Y,1.0,KS,,,,,,,,,,,,,,,,,,,1324.0,,,,,,,,,,,
2024,13949,City of Oberlin - (OH),M,Municipal,Y,1.0,OH,,,,,,,,,,,,,,,,,,,3104.0,,,,,,,,,,,
2024,13950,Village of Obetz - (OH),M,Municipal,Y,1.0,OH,,,,,,,,,,,,,,,,,,,,,,,,,,,,,,
2024,13955,City of Ocala,M,Municipal,,1.0,FL,68469.2,565310.0,45171.0,25586.1,215595.0,10888.0,54207.8,580635.0,976.0,0.0,0.0,0.0,148263.1,1361540.0,57035.0,148263.09999999998,1361540.0,1418575.0,,,,16.41,,,325.0,242.0,,1433969.0,FRCC,
2024,13959,Occidental Power Marketing LP,R,Retail Power Marketer,,,,,,,,,,,,,,,,,,,,,,,,,,,,,,,,,
2024,13961,Ocotillo Water Conserv. Dist.,P,Political Subdivision,Y,1.0,AZ,,,,,,,,,,,,,,,,,,,,,,,,,,,,,,
2024,13962,Oconee Electric Member Corp,C,Cooperative,,7.0,GA,23115.3,147116.0,10743.0,6234.9,38030.0,2665.0,5904.1,73479.0,10.0,,,,35254.3,258625.0,13418.0,35254.299999999996,258625.0,271805.0,13.0,,,0.55,,,62.3,72.8,,271351.0,SERC,
2024,13963,Oconomowoc Utilities,M,Municipal,,1.0,WI,11006.0,80049.0,9972.0,12484.8,113253.0,1400.0,2380.8,26911.0,4.0,0.0,0.0,0.0,25871.6,220213.0,11376.0,25871.6,220213.0,231852.0,0.0,,309.0,1.229,,,54.7,34.4,0.0,226310.0,MISO,
2024,13964,Oconto Electric Cooperative,C,Cooperative,Y,4.0,WI,,,,,,,,,,,,,,,,,,,10328.0,,,,,,,,,,,
2024,13965,Oconto Falls Water & Light Comm,M,Municipal,,1.0,WI,1326.1,9703.0,1364.0,1834.6,15743.0,310.0,0.0,0.0,0.0,0.0,0.0,0.0,3160.7,25446.0,1674.0,3160.7,25446.0,26994.0,5.0,,18.0,,,,6.5,4.5,0.0,27005.0,MISO,
2024,13966,City of Olustee,M,Municipal,Y,1.0,OK,,,,,,,,,,,,,,,,,,,,,,,,,,,,,,
2024,13971,City of Odessa - (MO),M,Municipal,Y,1.0,MO,,,,,,,,,,,,,,,,,,43303.0,0.0,,,,,,,,,,,
2024,13990,City of Ogden - (IA),M,Municipal,Y,1.0,IA,,,,,,,,,,,,,,,,,,,1109.0,,,,,,,,,,,
2024,13993,City of Oglesby - (IL),M,Municipal,Y,1.0,IL,,,,,,,,,,,,,,,,,,42468.0,1507.0,,,,,,,,,,,
2024,13994,Oglethorpe Power Corporation,C,Cooperative,,,,,,,,,,,,,,,,,,,,,,,,,,,,10341.0,10489.0,32468269.0,50516.0,SERC,
2024,13997,Village of Ohio City - (OH),M,Municipal,Y,1.0,OH,,,,,,,,,,,,,,,,,,,,,,,,,,,,,,
2024,13998,Ohio Edison Co,I,Investor Owned,,36.0,OH,895821.5,9381436.0,957780.0,398875.6,6164194.0,114908.0,161179.59999999998,8889823.0,1378.0,0.0,0.0,0.0,1455876.7,24435453.0,1074066.0,1455876.7000000002,24435453.0,12013847.0,813738.0,16.0,75.0,149.933,233.75,1.278,5623.3,4441.9,0.0,3232787.0,RFC,47716.036
2024,14006,Ohio Power Co,I,Investor Owned,,54.0,OH,2027904.0,14127800.0,1339232.0,1116460.0,20420120.0,185282.0,372742.0,14104987.0,8751.0,,,,3517106.0,48652907.0,1533265.0,3517106.0,48652907.0,34673293.0,331286.0,,486.0,399.183,272.2,1.13,9014.0,7541.0,,10661186.0,RFC,3080.0
2024,14012,"Ohop Mutual Light Company, Inc",C,Cooperative,Y,1.0,WA,,,,,,,,,,,,,,,,,,3704.0,3194.0,,,,,,,,,,,
2024,14015,Ohio Valley Electric Corp,I,Investor Owned,,1.0,OH,,,,,,,4132.0,104845.0,1.0,,,,4132.0,104845.0,1.0,4132.0,104845.0,,1.0,,,,,,937.0,1013.0,4814792.0,5281392.0,RFC,
2024,14022,Town of Oak City - (UT),M,Municipal,Y,1.0,UT,,,,,,,,,,,,,,,,,,,,,,,,,,,,,,
2024,14054,Town of Oak Creek - (CO),M,Municipal,Y,1.0,CO,,,,,,,,,,,,,,,,,,,650.0,,,,,,,,,,,
2024,14055,PUD No 1 of Okanogan County,P,Political Subdivision,,1.0,WA,30420.0,297361.0,18133.0,25333.2,315880.0,4020.0,934.6,13173.0,2.0,,,,56687.8,626414.0,22155.0,56687.799999999996,626414.0,648582.0,15.0,,,2.08,,,114.0,204.0,,876111.0,WECC,
2024,14057,Okeene Public Works Authority,M,Municipal,Y,1.0,OK,,,,,,,,,,,,,,,,,,,618.0,,,,,,,,,,,
2024,14062,Oklahoma Electric Coop Inc,C,Cooperative,,7.0,OK,108658.0,886736.0,58544.0,36010.0,312684.0,5523.0,19172.0,336865.0,141.0,,,,163840.0,1536285.0,64208.0,163840.0,1536285.0,1600493.0,,,39967.0,16.002,89.1,1.184,368.5,379.7,,1600297.0,SPP,
2024,14063,Oklahoma Gas & Electric Co,I,Investor Owned,,65.0,"AR,OK",1150867.0999999999,9785883.0,768341.0,1103702.3,13595741.0,125358.0,484832.8,8590247.0,9015.0,0.0,0.0,0.0,2739402.2,31971871.0,902714.0,2739402.1999999997,31971871.0,32864892.0,193.0,114397.0,106907.0,233.38899999999998,,,6669.0,5508.0,14685632.0,19607904.0,SPP,210460.709
2024,14074,"Okanogan County Elec Coop, Inc",C,Cooperative,Y,1.0,WA,,,,,,,,,,,,,,,,,,,4169.0,,,,,,,,,,,
2024,14077,Oklahoma Municipal Power Authority,S,State,,,,,,,,,,,,,,,,,,,,,,,,,,,,733.6,471.5,2332586.0,643182.0,MRO,
2024,14078,City of Okolona,M,Municipal,,1.0,MS,7593.0,59217.0,4289.0,3681.0,26445.0,1101.0,0.0,0.0,0.0,0.0,0.0,0.0,11274.0,85662.0,5390.0,11274.0,85662.0,5390.0,5390.0,,152.0,,,,20.0,29.5,0.0,94297.0,SERC,
2024,14103,City of Olive Hill - (KY),M,Municipal,Y,1.0,KY,,,,,,,,,,,,,,,,,,7777.0,1194.0,,,,,,,,,,,
2024,14107,City of Olivia - (MN),M,Municipal,Y,1.0,MN,,,,,,,,,,,,,,,,,,27009.0,,,,,,,,,,,,
2024,14109,"Oregon Trail El Cons Coop, Inc",C,Cooperative,,4.0,OR,31515.0,312802.0,25997.0,16193.0,190990.0,4500.0,10343.0,171374.0,1326.0,,,,58051.0,675166.0,31823.0,58051.0,675166.0,706990.0,,,,3.802,,,129.4,144.4,368.0,707068.0,WECC,1546.528
2024,14124,Borough of Olyphant - (PA),M,Municipal,Y,1.0,PA,,,,,,,,,,,,,,,,,,25277.0,,,,,,,,,,,,
2024,14125,"Oneida-Madison Elec Coop, Inc",C,Cooperative,Y,2.0,NY,,,,,,,,,,,,,,,,,,26960.0,,,,,,,,,,,,
2024,14127,Omaha Public Power District,P,Political Subdivision,,15.0,"IA,NE",476086.0,3852495.0,362918.0,516016.0,6415364.0,50370.0,225964.0,3213379.0,126.0,0.0,0.0,0.0,1218066.0,13481238.0,413414.0,1218066.0,13481238.0,1031.0,416328.0,59419.0,113.0,25.844,1186.2,1.68,2810.9,2081.8,7547931.0,9989747.0,MRO,11967.84
2024,14132,City of Onawa - (IA),M,Municipal,Y,1.0,IA,,,,,,,,,,,,,,,,,,,3282.0,,,,,,,,,,,
2024,14138,City of Onida - (SD),M,Municipal,Y,1.0,SD,,,,,,,,,,,,,,,,,,,,,,,,,,,,,,
2024,14146,City of Opelika - (AL),M,Municipal,,1.0,AL,21140.0,164791.0,13555.0,26160.0,223504.0,2371.0,2352.0,22776.0,7.0,,,,49652.0,411071.0,15933.0,49652.0,411071.0,427004.0,,,2.0,,,,99.0,91.0,,435414.0,SERC,
2024,14151,City of Opp - (AL),M,Municipal,Y,1.0,AL,,,,,,,,,,,,,,,,,,67407.0,,,,,,,,,,,,
2024,14154,Orange & Rockland Utils Inc,I,Investor Owned,,3.0,NY,374928.7,1750770.0,211011.0,203018.59999999998,2023377.0,33695.0,16500.6,313637.0,85.0,0.0,0.0,0.0,594447.9,4087784.0,244791.0,594447.9,4087784.0,3800223.0,1891.0,6429.0,,534.367,,,1480.0,894.0,,2343443.0,NPCC,95147.0
2024,14156,Ontonagon County R E A,C,Cooperative,Y,5.0,MI,,,,,,,,,,,,,,,,,,30017.0,115.0,,,,,,,,,,,
2024,14159,City of Orange City - (IA),M,Municipal,Y,1.0,IA,,,,,,,,,,,,,,,,,,87404.0,,,,,,,,,,,,
2024,14160,Orange County Rural E M C,C,Cooperative,Y,5.0,IN,,,,,,,,,,,,,,,,,,,8292.0,,419.0,,,,,,,,,
2024,14164,City of Orangeburg - (SC),M,Municipal,,1.0,SC,40812.0,263507.0,20639.0,32002.7,252377.0,3710.0,21000.1,230843.0,112.0,,,,93814.8,746727.0,24461.0,93814.79999999999,746727.0,771186.0,,,15.0,3.84,733.2,2.842,154.0,134.0,990.0,781756.0,SERC,
2024,14166,City of Orient - (IA),M,Municipal,Y,1.0,IA,,,,,,,,,,,,,,,,,,,,,,,,,,,,,,
2024,14170,Orcas Power & Light Coop,C,Cooperative,,1.0,WA,29823.0,162295.0,13948.0,9490.0,56915.0,1995.0,,,,,,,39313.0,219210.0,15943.0,39313.0,219210.0,,15943.0,,47.0,15.857999999999999,252.3,2.184,29.3,85.2,,234043.0,WECC,
2024,14172,City of Ord - (NE),M,Municipal,Y,1.0,NE,,,,,,,,,,,,,,,,,,,1447.0,,,,,,,,,,,
2024,14175,"Tri-County Electric Coop, Inc (SC)",C,Cooperative,,6.0,SC,43120.0,232956.0,17672.0,6470.0,40286.0,521.0,3050.0,27317.0,273.0,,,,52640.0,300559.0,18466.0,52640.0,300559.0,,18466.0,17568.0,266.0,3.102,1041.7,4.09,77.8,95.5,,316172.0,SERC,
2024,14176,City of Orlando - (OK),M,Municipal,Y,1.0,OK,,,,,,,,,,,,,,,,,,,,,,,,,,,,,,
2024,14178,"P K M Electric Coop, Inc",C,Cooperative,Y,3.0,MN,,,,,,,,,,,,,,,,,,111666.0,,,,,,,,,,,,
2024,14191,South Feather Water and Power Agency,P,Political Subdivision,,,,,,,,,,,,,,,,,,,,,,,,,,,,,,419826.0,,WECC,
2024,14192,Osage Valley Elec Coop Assn,C,Cooperative,,7.0,MO,35338.0,252446.0,16945.0,4532.0,36178.0,1084.0,,,,,,,39870.0,288624.0,18029.0,39870.0,288624.0,306653.0,,,,9.208,,,73.5,102.0,,288624.0,SERC,
2024,14194,City of Orrville - (OH),M,Municipal,,2.0,OH,8159.0,74411.0,6314.0,7672.0,69356.0,787.0,14590.0,155323.0,13.0,,,,30421.0,299090.0,7114.0,30421.0,299090.0,,7114.0,,,,,,60.4,50.1,20252.0,347174.0,RFC,
2024,14196,City of Ortonville - (MN),M,Municipal,Y,1.0,MN,,,,,,,,,,,,,,,,,,0.0,1340.0,,,,,,,,,,,
2024,14198,Price Municipal Corporation,M,Municipal,Y,1.0,UT,,,,,,,,,,,,,,,,,,,4847.0,,,,,,,,,,,
2024,14199,City of Osage City - (KS),M,Municipal,Y,1.0,KS,,,,,,,,,,,,,,,,,,,1746.0,,,,,,,,,,,
2024,14201,City of Osage - (IA),M,Municipal,Y,1.0,IA,,,,,,,,,,,,,,,,,,,,,,,,,,,,,,
2024,14202,"Osceola Electric Coop, Inc",C,Cooperative,Y,4.0,IA,,,,,,,,,,,,,,,,,,108107.0,,,,,,,,,,,,
2024,14203,City of Osawatomie - (KS),M,Municipal,Y,1.0,KS,,,,,,,,,,,,,,,,,,,2070.0,,,,,,,,,,,
2024,14214,City of Osborne - (KS),M,Municipal,Y,1.0,KS,,,,,,,,,,,,,,,,,,,,,,,,,,,,,,
2024,14216,City of Osceola - (AR),M,Municipal,Y,1.0,AR,,,,,,,,,,,,,,,,,,39116.0,0.0,,,,,,,,,,,
2024,14224,Otero County Electric Coop Inc,C,Cooperative,,4.0,NM,20000.0,113297.0,16448.0,13854.0,87939.0,4134.0,,,,,,,33854.0,201236.0,20582.0,33854.0,201236.0,221818.0,,,,12.605999999999998,,,42.7,34.4,,218972.0,WECC,
2024,14229,City of Ottawa - (KS),M,Municipal,Y,1.0,KS,,,,,,,,,,,,,,,,,,91067.0,0.0,,,,,,,,,,,
2024,14232,Otter Tail Power Co,I,Investor Owned,,75.0,"MN,ND,SD",132922.7,1174545.0,104633.0,251500.5,3283159.0,29751.0,66296.0,1223564.0,13.0,0.0,0.0,0.0,450719.2,5681268.0,134397.0,450719.2,5681268.0,1317752.0,15424.0,41716.0,40586.0,7.166,153.46666666666667,1.3699999999999999,808.2,980.9,3290430.0,3012593.0,MRO,57296.411
2024,14234,City of Ouzinkie - (AK),M,Municipal,Y,1.0,AK,,,,,,,,,,,,,,,,,,,,,,,,,,,,,,
2024,14238,Ouachita Electric Coop Corp,C,Cooperative,,5.0,AR,12576.0,95374.0,8391.0,2870.0,24247.0,614.0,10796.0,118382.0,276.0,,,,26242.0,238003.0,9281.0,26242.0,238003.0,128698.0,282.0,,,,,,41.9,56.2,,239024.0,SERC,
2024,14245,Overton Power District No 5,P,Political Subdivision,,1.0,NV,24614.0,230182.0,15545.0,11990.2,122800.0,2945.0,12338.2,109749.0,49.0,,,,48942.4,462731.0,18539.0,48942.399999999994,462731.0,481270.0,,,,9.724,157.98,1.625,124.8,92.9,,490830.0,WECC,
2024,14246,City of Owatonna - (MN),M,Municipal,,1.0,MN,13222.7,86579.0,11434.0,7507.5,58727.0,990.0,24581.0,236195.0,65.0,,,,45311.2,381501.0,12489.0,45311.2,381501.0,394286.0,,6688.0,361.0,1.31,65.625,0.858,74.4,58.7,,399831.0,MRO,2183.0
2024,14251,Owen Electric Coop Inc,C,Cooperative,,9.0,KY,106790.0,851113.0,63984.0,22278.0,208087.0,2740.0,111628.0,1835475.0,39.0,,,,240696.0,2894675.0,66763.0,240696.0,2894675.0,2961437.0,19.0,,183.0,7.39,199.53,1.643,524.9,564.8,,2927172.0,,
2024,14261,Village of Orleans - (VT),M,Municipal,Y,1.0,VT,,,,,,,,,,,,,,,,,,,,,,,,,,,,,,
2024,14267,"Otsego Electric Coop, Inc",C,Cooperative,Y,4.0,NY,,,,,,,,,,,,,,,,,,57918.0,,,7.0,,,,,,,,,
2024,14268,City of Owensboro - (KY),M,Municipal,,2.0,"IN,KY",28818.6,214670.0,23286.0,25809.3,242083.0,3196.0,27326.1,296228.0,74.0,,,,81954.0,752981.0,26556.0,81954.0,752981.0,22545.0,27404.0,,,3.282,149.087,1.37,176.2,114.0,,825622.0,SERC,
2024,14275,City of Oxford - (MS),M,Municipal,,1.0,MS,10880.0,93616.0,8502.0,14683.0,129444.0,1964.0,0.0,0.0,0.0,0.0,0.0,0.0,25563.0,223060.0,10466.0,25563.0,223060.0,233526.0,0.0,,1.0,,46.89,0.8,55.8,52.4,0.0,233696.0,SERC,
2024,14276,City of Oxford - (KS),M,Municipal,Y,1.0,KS,,,,,,,,,,,,,,,,,,,639.0,,,,,,,,,,,
2024,14277,Village of Oxford - (NE),M,Municipal,Y,2.0,NE,,,,,,,,,,,,,,,,,,,509.0,,,,,,,,,,,
2024,14285,Ozark Border Electric Coop,C,Cooperative,,11.0,MO,59792.0,512979.0,33229.0,17154.0,158380.0,7746.0,2240.0,25177.0,13.0,,,,79186.0,696536.0,40988.0,79186.0,696536.0,5.0,40988.0,,,2.5620000000000003,,,174.6,225.7,,739677.0,SERC,
2024,14288,Ozark Electric Coop Inc - (MO),C,Cooperative,,9.0,MO,60423.5,429321.0,31534.0,12326.0,102930.0,3756.0,948.1,11147.0,1.0,,,,73697.6,543398.0,35291.0,73697.6,543398.0,578689.0,,,,12.056000000000001,,,155.8,160.4,,575877.0,SERC,
2024,14289,Ozarks Electric Coop Corp - (AR),C,Cooperative,,9.0,"AR,OK",136243.0,1032838.0,83859.0,51136.0,404322.0,6335.0,13174.0,135297.0,42.0,,,,200553.0,1572457.0,90236.0,200553.0,1572457.0,1662693.0,,,15.0,157.622,253.72,1.7799999999999998,384.7,389.7,,1658977.0,SPP,
2024,14323,Pacific Northwest Generating Coop,C,Cooperative,,,,,,,,,,,,,,,,,,,,,,,,,,,,981.3,1468.5,38366.0,6037659.0,WECC,
2024,14324,PUD No 2 of Pacific County,P,Political Subdivision,,3.0,WA,18052.0,196783.0,16513.0,7993.0,90423.0,2063.0,1439.0,23911.0,1.0,,,,27484.0,311117.0,18577.0,27484.0,311117.0,86370.0,13464.0,,,1.77,,,43.6,91.2,,330669.0,WECC,
2024,14328,Pacific Gas & Electric Co.,I,Investor Owned,,50.0,CA,8238576.0,25987213.0,5047461.0,7442691.0,28797402.0,585807.0,4022637.0,19047639.0,92135.0,17435.1,370714.0,1.0,19721339.1,74202968.0,5725404.0,19721339.1,74202968.0,78913608.0,49295.0,84644.0,872948.0,18782.876,509.3,2.154,18987.0,12876.0,32455418.0,54243398.0,WECC,1576086.0
2024,14349,"Avangrid Power, LLC",R,Retail Power Marketer,,,,0.0,0.0,0.0,20957.0,409225.0,3.0,0.0,0.0,0.0,0.0,0.0,0.0,20957.0,409225.0,3.0,20957.0,409225.0,,,,,,,,,,,16563750.0,WECC,
2024,14354,PacifiCorp,I,Investor Owned,,90.0,"CA,ID,OR,UT,WA,WY",2385584.5,18252979.0,1837507.0,2156608.7,21994492.0,233796.0,1510192.6,18618220.0,32787.0,7953.8,65023.0,2.0,6060339.6,58930714.0,2104092.0,6060339.600000001,58930714.0,30609135.0,336546.0,119533.0,16467.0,2229.3469999999998,273.1266666666666,1.6654999999999998,11017.0,9026.0,44960268.0,20246502.0,WECC,479223.36600000004
2024,14371,City of Paducah - (KY),M,Municipal,,1.0,KY,31394.9,201834.0,18863.0,42123.2,295270.0,3893.0,3407.7,27805.0,6.0,,,,76925.8,524909.0,22762.0,76925.8,524909.0,547671.0,,,,,17.76,0.37,135.4,92.9,59737.0,496827.0,SERC,
2024,14373,Page Utility Enterprises,M,Municipal,Y,1.0,AZ,,,,,,,,,,,,,,,,,,123604.0,,,,,,,,,,,,
2024,14381,City of Painesville,M,Municipal,,1.0,OH,10961.0,85971.0,10832.0,10287.0,86102.0,1775.0,3483.0,46456.0,7.0,0.0,0.0,0.0,24731.0,218529.0,12614.0,24731.0,218529.0,91841.0,3559.0,,,,348.151,1.511,52.9,35.9,-1147.0,241664.0,RFC,
2024,14396,City of Palmetto - (GA),M,Municipal,Y,2.0,GA,,,,,,,,,,,,,,,,,,,2043.0,,,,,,,,,,,
2024,14398,Palmetto Electric Coop Inc,C,Cooperative,,4.0,SC,126187.3,986672.0,68338.0,56687.5,471914.0,11651.0,8025.3,90949.0,26.0,,,,190900.1,1549535.0,80015.0,190900.09999999998,1549535.0,1530919.0,0.0,40528.0,219.0,8.021,630.7,2.439,362.9,409.8,,1594801.0,SERC,
2024,14400,City of Palmyra - (MO),M,Municipal,Y,1.0,MO,,,,,,,,,,,,,,,,,,32364.0,0.0,,,,,,,,,,,
2024,14401,City of Palo Alto - (CA),M,Municipal,,1.0,CA,32625.0,157856.0,26249.0,105108.0,619338.0,3526.0,21843.0,115063.0,58.0,,,,159576.0,892257.0,29833.0,159576.0,892257.0,479933.0,6934.0,,1.0,42.8,134.68,0.88,183.7,135.0,,924076.0,WECC,2417.8
2024,14424,"Panola-Harrison Elec Coop, Inc",C,Cooperative,,4.0,"LA,TX",23295.800000000003,255236.0,17853.0,9353.0,103657.0,2843.0,4282.0,55893.0,15.0,,,,36930.8,414786.0,20711.0,36930.8,414786.0,101.0,20710.0,,,1.38,,,94.6,131.6,,432039.0,SPP,
2024,14426,Panhandle Rural El Member Assn,C,Cooperative,Y,10.0,NE,,,,,,,,,,,,,,,,,,113850.0,,,,,,,,,,,,
2024,14433,City of Panora - (IA),M,Municipal,Y,1.0,IA,,,,,,,,,,,,,,,,,,,740.0,,,,,,,,,,,
2024,14435,Town of Paoli - (IN),M,Municipal,Y,1.0,IN,,,,,,,,,,,,,,,,,,,,,,,,,,,,,,
2024,14443,Town of Paragonah - (UT),M,Municipal,Y,1.0,UT,,,,,,,,,,,,,,,,,,,,,,,,,,,,,,
2024,14446,Paragould Municipal Utilities,M,Municipal,,1.0,AR,18933.0,199769.0,12540.0,8158.0,87033.0,1864.0,20974.0,290890.0,39.0,,,,48065.0,577692.0,14443.0,48065.0,577692.0,1703.0,14443.0,,,0.658,,,109.0,141.0,3713.0,586183.0,SPP,
2024,14451,Village of Pardeeville - (WI),M,Municipal,Y,1.0,WI,,,,,,,,,,,,,,,,,,,1398.0,,,,,,,,,,,
2024,14455,City of Paris - (TN),M,Municipal,,1.0,TN,25131.0,217582.0,16263.0,22301.0,185299.0,6553.0,8921.0,160316.0,8.0,0.0,0.0,0.0,56353.0,563197.0,22824.0,56353.0,563197.0,586021.0,0.0,,15.0,,484.966,5.324,114.5,126.5,0.0,572566.0,SERC,
2024,14456,City of Paris - (MO),M,Municipal,Y,1.0,MO,,,,,,,,,,,,,,,,,,,,,,,,,,,,,,
2024,14459,City of Paris - (KY),M,Municipal,Y,1.0,KY,,,,,,,,,,,,,,,,,,,3100.0,,,,,,,,,,,
2024,14460,City of Paris - (AR),M,Municipal,Y,1.0,AR,,,,,,,,,,,,,,,,,,,,,,,,,,,,,,
2024,14468,People's Cooperative Services,C,Cooperative,,6.0,MN,37899.0,226998.0,21665.0,11081.9,79521.0,2203.0,5700.6,52974.0,48.0,0.0,0.0,0.0,54681.5,359493.0,23916.0,54681.5,359493.0,385118.0,,2062.0,355.0,13.18,131.6,1.052,92.2,65.6,,376682.0,MRO,6444.0
2024,14471,Parke County Rural E M C,C,Cooperative,Y,6.0,IN,,,,,,,,,,,,,,,,,,188270.0,2.0,,15.0,,,,,,,,,
2024,14472,Borough of Park Ridge - (NJ),M,Municipal,Y,1.0,NJ,,,,,,,,,,,,,,,,,,,,,,,,,,,,,,
2024,14473,City of Paton - (IA),M,Municipal,Y,1.0,IA,,,,,,,,,,,,,,,,,,,,,,,,,,,,,,
2024,14474,City of Park River - (ND),M,Municipal,Y,1.0,ND,,,,,,,,,,,,,,,,,,,857.0,,,,,,,,,,,
2024,14489,City of Parker - (SD),M,Municipal,Y,1.0,SD,,,,,,,,,,,,,,,,,,,426.0,,,,,,,,,,,
2024,14500,Park Electric Coop Inc,C,Cooperative,Y,4.0,MT,,,,,,,,,,,,,,,,,,200194.0,,,,,,,,,,,,
2024,14505,Parkland Light & Water Company,C,Cooperative,Y,1.0,WA,,,,,,,,,,,,,,,,,,,4599.0,,,,,,,,,,,
2024,14512,Parowan City Corporation,M,Municipal,Y,1.0,UT,,,,,,,,,,,,,,,,,,22840.0,,,,,,,,,,,,
2024,14534,City of Pasadena - (CA),M,Municipal,,1.0,CA,86833.0,334268.0,58551.0,156460.1,667164.0,8507.0,0.0,0.0,0.0,1847.1,8074.0,1.0,245140.2,1009506.0,67059.0,245140.2,1009506.0,150.0,67236.0,,182.0,53.58,42.936,0.451,331.0,152.0,38527.0,1269689.0,WECC,10058.0
2024,14537,Pascoag Utility District,M,Municipal,,1.0,RI,5946.0,35982.0,4373.0,721.0,3697.0,549.0,2542.0,15422.0,62.0,0.0,0.0,0.0,9209.0,55101.0,4984.0,9209.0,55101.0,,5314.0,,,0.064,,,14.5,12.4,,59793.0,NPCC,552.0
2024,14543,Tohono O'Odham Utility Authority,P,Political Subdivision,Y,3.0,AZ,,,,,,,,,,,,,,,,,,34953.0,1343.0,,,,,,,,,,,
2024,14563,Pearl River Valley El Pwr Assn,C,Cooperative,,12.0,MS,106666.5,748470.0,52077.0,24259.2,196709.0,1852.0,12376.1,123663.0,29.0,,,,143301.8,1068842.0,53958.0,143301.8,1068842.0,1122800.0,1.0,,1.0,3.098,371.807,3.324,250.6,369.1,,1121987.0,SERC,822.6
2024,14577,City of Paullina - (IA),M,Municipal,Y,1.0,IA,,,,,,,,,,,,,,,,,,,631.0,,,,,,,,,,,
2024,14581,Village of Paw Paw - (MI),M,Municipal,Y,1.0,MI,,,,,,,,,,,,,,,,,,,2022.0,,,,,,,,,,,
2024,14582,City of Pawhuska - (OK),M,Municipal,Y,1.0,OK,,,,,,,,,,,,,,,,,,,2073.0,,,,,,,,,,,
2024,14583,City of Pawnee - (OK),M,Municipal,Y,1.0,OK,,,,,,,,,,,,,,,,,,,,,,,,,,,,,,
2024,14585,Town of Paxton - (MA),M,Municipal,Y,1.0,MA,,,,,,,,,,,,,,,,,,25109.0,11.0,,,,,,,,,,,
2024,14599,"Paulding-Putman Elec Coop, Inc",C,Cooperative,,7.0,"IN,OH",28143.5,169924.0,13027.0,9749.7,75963.0,697.0,11341.2,109082.0,15.0,0.0,0.0,0.0,49234.4,354969.0,13739.0,49234.399999999994,354969.0,368708.0,0.0,,,,,,67.9,67.3,0.0,376006.0,RFC,
2024,14600,Payson City Corporation,M,Municipal,Y,1.0,UT,,,,,,,,,,,,,,,,,,94114.0,5117.0,,,,,,,,,,,
2024,14602,Pea River Electric Coop,C,Cooperative,,4.0,AL,34400.8,205084.0,14922.0,16633.9,97901.0,4835.0,1775.0,20008.0,2.0,,,,52809.7,322993.0,19759.0,52809.700000000004,322993.0,342752.0,,,18.0,,,,79.7,100.9,,337938.0,SERC,
2024,14605,City of Peabody - (MA),M,Municipal,,1.0,MA,30371.2,193326.0,22546.0,5880.6,31571.0,2673.0,39206.7,244352.0,1867.0,0.0,0.0,0.0,75458.5,469249.0,27086.0,75458.5,469249.0,496335.0,,,12.0,1.504,,,121.9,80.3,4584.0,474290.0,NPCC,
2024,14606,"Peace River Electric Coop, Inc",C,Cooperative,,10.0,FL,100621.0,814932.0,57589.0,38529.0,359883.0,8626.0,169.0,738.0,18.0,0.0,0.0,0.0,139319.0,1175553.0,66233.0,139319.0,1175553.0,1241785.0,14.0,,103.0,22.458000000000002,1460.4,5.83,252.0,201.0,,1244970.0,FRCC,69.105
2024,14610,Orlando Utilities Comm,M,Municipal,,2.0,FL,447347.4,2935918.0,248683.0,377196.1,4392622.0,33499.0,,,,,,,824543.5,7328540.0,282182.0,824543.5,7328540.0,6425348.0,177.0,,795.0,260.236,,,1233.0,979.0,4971340.0,3486173.0,,27715.328
2024,14624,PUD No 2 of Grant County,P,Political Subdivision,,5.0,WA,50832.0,845768.0,42485.0,157723.8,3621318.0,8098.0,74887.3,1881611.0,5360.0,,,,283443.1,6348697.0,55943.0,283443.1,6348697.0,5650174.0,36.0,8.0,,3.189,,,1015.0,1014.0,7890721.0,2498827.0,WECC,26724.599
2024,14626,"Pedernales Electric Coop, Inc",C,Cooperative,,24.0,TX,708402.1,5797914.0,405587.0,224622.7,1760388.0,51822.0,23642.5,370182.0,189.0,,,,956667.3,7928484.0,457598.0,956667.3,7928484.0,8386082.0,246.0,,3661.0,224.019,57.443,0.792,2197.9,2288.9,,8351562.0,TRE,
2024,14633,Pedro Bay Village Council - (AK),M,Municipal,Y,1.0,AK,,,,,,,,,,,,,,,,,,,,,,,,,,,,,,
2024,14645,City of Pella - (IA),M,Municipal,Y,2.0,IA,,,,,,,,,,,,,,,,,,,3963.0,,,,,,,,,,,
2024,14648,Borough of Pemberton - (NJ),M,Municipal,Y,1.0,NJ,,,,,,,,,,,,,,,,,,,,,,,,,,,,,,
2024,14649,Planters Electric Member Corp,C,Cooperative,,7.0,GA,32351.0,222583.0,16385.0,4438.0,36177.0,1097.0,3614.0,23288.0,716.0,,,,40403.0,282048.0,18198.0,40403.0,282048.0,300245.0,,,,,,,85.8,86.6,,296159.0,SERC,
2024,14650,Village of Pemberville - (OH),M,Municipal,Y,1.0,OH,,,,,,,,,,,,,,,,,,,249.0,,,,,,,,,,,
2024,14653,PUD No 1 of Pend Oreille County,P,Political Subdivision,,1.0,WA,13543.0,157751.0,9120.0,25804.2,448506.0,977.0,1696.9,21874.0,4.0,,,,41044.1,628131.0,10101.0,41044.1,628131.0,323.0,10101.0,,,0.536,,,92.0,119.7,466094.0,1036634.0,WECC,
2024,14656,City of Pender - (NE),M,Municipal,Y,1.0,NE,,,,,,,,,,,,,,,,,,,667.0,,,,,,,,,,,
2024,14659,Town of Pendleton - (IN),M,Municipal,Y,1.0,IN,,,,,,,,,,,,,,,,,,75627.0,0.0,,,,,,,,,,,
2024,14668,Peninsula Light Company,C,Cooperative,,2.0,WA,56522.5,538073.0,35478.0,6072.3,77296.0,138.0,,,,,,,62594.8,615369.0,35616.0,62594.8,615369.0,650985.0,,,,9.952,651.56,4.021,109.3,175.0,,641021.0,WECC,734.0
2024,14700,Village of Penn Yan - (NY),M,Municipal,Y,1.0,NY,,,,,,,,,,,,,,,,,,,,,,,,,,,,,,
2024,14712,Pemiscot-Dunklin Elec Coop Inc,C,Cooperative,Y,3.0,MO,,,,,,,,,,,,,,,,,,162916.0,,,,,,,,,,,,
2024,14715,PPL Electric Utilities Corp,I,Investor Owned,,33.0,PA,1755726.1,14226624.0,1295883.0,455779.60000000003,13897227.0,188515.0,53512.7,8500095.0,2949.0,0.0,0.0,0.0,2265018.4,36623946.0,1487347.0,2265018.4000000004,36623946.0,38127560.0,,,1238.0,943.464,455.1,1.248,7255.0,6953.0,,10872035.0,RFC,320196.142
2024,14717,Pee Dee Electric Member Corp,C,Cooperative,,7.0,NC,39343.5,266304.0,19396.0,13755.5,116144.0,2871.0,1205.3,12731.0,5.0,,,,54304.3,395179.0,22272.0,54304.3,395179.0,417451.0,,82.0,2.0,9.96,532.124,3.655,99.5,100.7,,420179.0,SERC,13.0
2024,14724,Pennyrile Rural Electric Coop,C,Cooperative,,8.0,KY,76104.0,578172.0,40645.0,43821.0,325262.0,6889.0,25287.0,368318.0,26.0,0.0,0.0,0.0,145212.0,1271752.0,47560.0,145212.0,1271752.0,646267.19,33650.0,,17.0,,,,272.9,310.4,0.0,1333896.0,SERC,
2024,14771,PUD No 1 of Asotin County,M,Municipal,Y,1.0,WA,,,,,,,,,,,,,,,,,,,,,,,,,,,,,,
2024,14775,People's Electric Cooperative,C,Cooperative,,11.0,OK,29831.1,238100.0,14728.0,32231.2,232824.0,8422.0,22483.1,355260.0,26.0,0.0,0.0,0.0,84545.4,826184.0,23176.0,84545.4,826184.0,849360.0,,,,6.7,,,159.2,172.0,285632.0,933676.0,SPP,
2024,14792,Borough of Perkasie - (PA),M,Municipal,Y,1.0,PA,,,,,,,,,,,,,,,,,,,4390.0,,,,,,,,,,,
2024,14806,City of Perry - (MO),M,Municipal,Y,1.0,MO,,,,,,,,,,,,,,,,,,,,,,,,,,,,,,
2024,14829,City of Perry - (OK),M,Municipal,Y,1.0,OK,,,,,,,,,,,,,,,,,,70468.0,,,,,,,,,,,,
2024,14832,Native Village of Perryville - (AK),M,Municipal,Y,1.0,AK,,,,,,,,,,,,,,,,,,,,,,,,,,,,,,
2024,14839,City of Peru - (IN),M,Municipal,,2.0,IN,12168.0,88532.0,9062.0,9498.0,73187.0,1517.0,7734.0,68191.0,12.0,,,,29400.0,229910.0,10591.0,29400.0,229910.0,240501.0,,,,0.304,58.88,0.85,54.9,43.1,5.0,242051.0,RFC,
2024,14840,City of Peru - (IL),M,Municipal,,1.0,IL,4491.0,37429.0,4993.0,10364.0,81610.0,1159.0,11246.0,116965.0,9.0,,,,26101.0,236004.0,6161.0,26101.0,236004.0,237271.0,73.0,,1.0,0.738,,,48.7,36.5,31142.0,216703.0,RFC,
2024,14841,City of Peterson - (MN),M,Municipal,Y,1.0,MN,,,,,,,,,,,,,,,,,,,,,,,,,,,,,,
2024,14856,Petersburg Borough - (AK),M,Municipal,Y,1.0,AK,,,,,,,,,,,,,,,,,,7261.0,0.0,,,,,,,,,,,
2024,14857,Pitt & Greene Elec Member Corp,C,Cooperative,Y,6.0,NC,,,,,,,,,,,,,,,,,,198313.0,,,,,,,,,,,,
2024,14864,Petit Jean Electric Coop Corp,C,Cooperative,,9.0,AR,33236.0,212826.0,18776.0,9656.0,68557.0,2131.0,2184.0,15440.0,10.0,,,,45076.0,296823.0,20917.0,45076.0,296823.0,314740.0,,,1.0,3.32,205.66,1.652,73.1,111.2,,319954.0,SERC,
2024,14867,City of Petoskey - (MI),M,Municipal,Y,1.0,MI,,,,,,,,,,,,,,,,,,,214.0,,,,,,,,,,,
2024,14940,PECO Energy Co,I,Investor Owned,,6.0,PA,2038126.8,13822845.0,1535818.0,510688.7,7593320.0,167329.0,230256.4,13525656.0,3149.0,7078.3,469922.0,3.0,2786150.2,35411743.0,1706299.0,2786150.1999999997,35411743.0,37061003.0,367.0,,4238.0,423.78,212.0,0.97,8651.0,6180.0,,15341519.0,RFC,367245.0
2024,14945,Village of Philadelphia - (NY),M,Municipal,Y,1.0,NY,,,,,,,,,,,,,,,,,,,,,,,,,,,,,,
2024,14947,City of Philadelphia - (MS),M,Municipal,,1.0,MS,4357.0,37115.0,2667.0,7483.0,63133.0,1171.0,548.0,5372.0,1.0,0.0,0.0,0.0,12388.0,105620.0,3839.0,12388.0,105620.0,3839.0,3839.0,,,,,,25.6,24.3,0.0,110228.0,SERC,
2024,14954,Philippi Municipal Electric,M,Municipal,Y,1.0,WV,,,,,,,,,,,,,,,,,,,,,,,,,,,,,,
2024,14999,"Pilot Power Group, LLC",R,Retail Power Marketer,,,,4047.0,24530.0,3892.0,49060.0,470207.0,1529.0,58257.0,620006.0,138.0,0.0,0.0,0.0,111364.0,1114743.0,5559.0,111364.0,1114743.0,,,,,,,,,,,1153759.0,,
2024,15016,Pickwick Electric Coop,C,Cooperative,,4.0,TN,30854.0,243526.0,16609.0,17312.0,120660.0,4889.0,1240.0,13376.0,2.0,0.0,0.0,0.0,49406.0,377562.0,21500.0,49406.0,377562.0,399062.0,0.0,,,,,,89.3,131.5,0.0,396085.0,SERC,
2024,15022,City of Piedmont - (AL),M,Municipal,Y,1.0,AL,,,,,,,,,,,,,,,,,,,,,,,,,,,,,,
2024,15023,Piedmont Electric Member Corp,C,Cooperative,,7.0,NC,65034.5,416987.0,30334.0,10410.3,72524.0,4111.0,2224.4,23916.0,3.0,,,,77669.2,513427.0,34448.0,77669.2,513427.0,535780.0,83.0,6865.0,2389.0,9.433,397.776,2.2,127.5,148.0,,543443.0,SERC,1051.162
2024,15028,Piedmont Municipal Power Agny,P,Political Subdivision,,,,,,,,,,,,,,,,,,,,,,,,,,,,534.6,437.2,2310864.0,273162.0,SERC,
2024,15034,Pierce-Pepin Coop Services,C,Cooperative,Y,4.0,WI,,,,,,,,,,,,,,,,,,130477.0,,,,,,,,,,,,
2024,15039,City of Pierce - (NE),M,Municipal,Y,1.0,NE,,,,,,,,,,,,,,,,,,,1238.0,,,,,,,,,,,
2024,15040,City of Pierre - (SD),M,Municipal,,1.0,SD,6899.0,64789.0,6126.0,2859.4,24901.0,1038.0,5115.6,69568.0,163.0,0.0,0.0,0.0,14874.0,159258.0,7327.0,14874.0,159258.0,166585.0,,,,,,,37.8,35.5,,165789.0,MRO,
2024,15041,City of Pierz - (MN),M,Municipal,Y,1.0,MN,,,,,,,,,,,,,,,,,,,818.0,,,,,,,,,,,
2024,15043,City of Piggott - (AR),M,Municipal,Y,1.0,AR,,,,,,,,,,,,,,,,,,,2194.0,,,,,,,,,,,
2024,15045,Pike County Light & Power Co,I,Investor Owned,,1.0,PA,6379.1,34192.0,4347.0,7749.6,47430.0,1015.0,0.0,0.0,0.0,0.0,0.0,0.0,14128.699999999999,81622.0,5362.0,14128.7,81622.0,809.0,5362.0,,,0.9380000000000001,,,17.0,19.0,,71519.0,NPCC,
2024,15046,Town of Pikeville - (NC),M,Municipal,Y,1.0,NC,,,,,,,,,,,,,,,,,,,3.0,,,,,,,,,,,
2024,15048,Electrical Dist No2 Pinal County,P,Political Subdivision,,1.0,AZ,8833.0,66589.0,5218.0,12446.0,147044.0,1014.0,6210.0,61078.0,15.0,,,,27489.0,274711.0,6247.0,27489.0,274711.0,280957.0,0.0,,,,53.21,0.81,74.8,45.3,2292.0,329492.0,WECC,
2024,15049,Electrical Dist No4 Pinal County,P,Political Subdivision,Y,1.0,AZ,,,,,,,,,,,,,,,,,,,3274.0,,,,,,,,,,,
2024,15051,City of Pine Bluffs - (WY),M,Municipal,Y,1.0,WY,,,,,,,,,,,,,,,,,,11257.0,,,,,,,,,,,,
2024,15054,"Pioneer Rural Elec Coop, Inc - (OH)",C,Cooperative,,11.0,OH,40654.2,251232.0,16310.0,6818.5,43929.0,1080.0,33710.9,381969.0,17.0,0.0,0.0,0.0,81183.6,677130.0,17407.0,81183.6,677130.0,514779.0,8.0,,,,126.9,1.25,130.0,120.0,,692724.0,RFC,
2024,15058,Town of Pinetops - (NC),M,Municipal,Y,1.0,NC,,,,,,,,,,,,,,,,,,,711.0,,,,,,,,,,,
2024,15062,Town of Pineville - (NC),M,Municipal,Y,1.0,NC,,,,,,,,,,,,,,,,,,,4135.0,,,,,,,,,,,
2024,15072,Village of Pioneer - (OH),M,Municipal,Y,1.0,OH,,,,,,,,,,,,,,,,,,,,,,,,,,,,,,
2024,15073,"Pioneer Electric Coop, Inc - (KS)",C,Cooperative,,10.0,KS,6967.0,62283.0,5031.0,29398.0,328555.0,10694.0,34343.0,577679.0,625.0,0.0,0.0,0.0,70708.0,968517.0,16350.0,70708.0,968517.0,984867.0,1.0,,,0.71,197.68,0.96,164.0,139.0,0.0,1048542.0,SPP,
2024,15086,Pioneer Power and Light Co,I,Investor Owned,,3.0,WI,2402.0,14019.0,2021.0,768.0,4508.0,224.0,614.0,5486.0,33.0,0.0,0.0,0.0,3784.0,24013.0,2278.0,3784.0,24013.0,9.0,2312.0,,8.0,,,,8.0,5.0,,38492.0,RFC,
2024,15095,City of Piqua - (OH),M,Municipal,,1.0,OH,11281.1,87795.0,9829.0,9203.0,85197.0,1098.0,10497.8,108649.0,16.0,,,,30981.9,281641.0,10943.0,30981.899999999998,281641.0,292584.0,0.0,,,,25.768,0.932,60.7,49.7,381.0,300073.0,RFC,
2024,15104,Borough of Pitcairn - (PA),M,Municipal,Y,1.0,PA,,,,,,,,,,,,,,,,,,12809.0,,,,,,,,,,,,
2024,15116,Town of Pittsboro - (IN),M,Municipal,Y,1.0,IN,,,,,,,,,,,,,,,,,,,798.0,,,,,,,,,,,
2024,15127,Placer County Water Agency,P,Political Subdivision,,,,,,,,,,,,,,,,,,,,,,,,,,,,209.8,209.8,765003.0,,WECC,
2024,15134,City of Plankinton - (SD),M,Municipal,Y,1.0,SD,,,,,,,,,,,,,,,,,,9741.0,,,,,,,,,,,,
2024,15137,City of Plaquemine - (LA),M,Municipal,Y,1.0,LA,,,,,,,,,,,,,,,,,,,,,,,,,,,,,,
2024,15138,"Platte-Clay Electric Coop, Inc",C,Cooperative,,7.0,MO,44605.0,357865.0,23584.0,10896.5,122840.0,3405.0,6016.5,44888.0,11.0,,,,61518.0,525593.0,27000.0,61518.0,525593.0,,26998.0,,,8.448,103.14,1.177,150.0,162.0,,631284.0,SERC,
2024,15141,Plateau Electric Cooperative,C,Cooperative,,2.0,TN,21576.0,163330.0,14331.0,17315.0,132109.0,3920.0,7218.0,141216.0,3.0,0.0,0.0,0.0,46109.0,436655.0,18254.0,46109.0,436655.0,454909.0,0.0,,2.0,,95.46,4.068,86.2,74.7,0.0,458896.0,SERC,
2024,15143,Platte River Power Authority,P,Political Subdivision,,,,,,,,,,,,,,,,,,,,,,,,,,,,690.8,529.3,1754003.0,2635516.0,WECC,
2024,15145,City of Plattsburgh - (NY),M,Municipal,,1.0,NY,7508.6,149707.0,8801.0,4756.6,97692.0,1364.0,9154.8,270680.0,8.0,,,,21420.0,518079.0,10173.0,21420.0,518079.0,32.0,10228.0,,,,,,58.8,107.3,,540914.0,NPCC,
2024,15159,City of Plymouth - (WI),M,Municipal,,2.0,WI,7273.7,61636.0,7358.0,9086.3,95261.0,1402.0,7987.9,102174.0,8.0,0.0,0.0,0.0,24347.9,259071.0,8768.0,24347.9,259071.0,267839.0,5.0,,82.0,3.8500000000000005,30.99,0.3,52.6,38.0,0.0,264573.0,MISO,
2024,15175,Pointe Coupee Elec Member Corp,C,Cooperative,,3.0,LA,15905.0,118482.0,8255.0,7374.0,50542.0,2411.0,4789.0,42368.0,7.0,,,,28068.0,211392.0,10673.0,28068.0,211392.0,222065.0,21.0,,,1.6720000000000002,,,50.3,53.8,,221517.0,SERC,
2024,15180,City of Pocahontas - (IA),M,Municipal,Y,1.0,IA,,,,,,,,,,,,,,,,,,,1349.0,,,,,,,,,,,
2024,15188,Polk County Rural Pub Pwr Dist,P,Political Subdivision,Y,6.0,NE,,,,,,,,,,,,,,,,,,96712.0,,,,,,,,,,,,
2024,15201,City of Pomona - (KS),M,Municipal,Y,1.0,KS,,,,,,,,,,,,,,,,,,1477.0,,,,,,,,,,,,
2024,15202,City of Ponca City - (OK),M,Municipal,,2.0,OK,17853.0,149695.0,13790.0,12845.0,119862.0,2068.0,6593.0,76420.0,18.0,,,,37291.0,345977.0,15876.0,37291.0,345977.0,,15876.0,,,,144.243,1.547,93.3,60.3,,363938.0,SPP,
2024,15203,Village of Plymouth - (OH),M,Municipal,Y,1.0,OH,,,,,,,,,,,,,,,,,,,,,,,,,,,,,,
2024,15211,Pontotoc Electric Power Assn,C,Cooperative,,2.0,MS,31356.0,240818.0,16377.0,19543.0,140252.0,4314.0,3909.0,52042.0,3.0,0.0,0.0,0.0,54808.0,433112.0,20694.0,54808.0,433112.0,453806.0,0.0,,3.0,,,,104.5,110.4,0.0,459787.0,SERC,
2024,15229,City of Poplar Bluff - (MO),M,Municipal,,1.0,MO,12815.0,114590.0,7715.0,17324.6,156280.0,1882.0,3971.0,56466.0,14.0,0.0,0.0,0.0,34110.6,327336.0,9611.0,34110.6,327336.0,336462.0,0.0,,,0.662,,,70.1,80.6,686.0,508803.0,SPP,
2024,15231,City of Port Angeles - (WA),M,Municipal,,1.0,WA,11300.0,123731.0,9321.0,7693.0,96981.0,1703.0,5914.0,125070.0,4.0,,,,24907.0,345782.0,11028.0,24907.0,345782.0,11028.0,11028.0,,,2.516,,,51.8,93.2,,356829.0,WECC,706.504
2024,15246,City of Portland - (MI),M,Municipal,Y,1.0,MI,,,,,,,,,,,,,,,,,,19762.0,,,,,,,,,,,,
2024,15248,Portland General Electric Co,I,Investor Owned,,7.0,OR,1406371.0,7731594.0,828857.0,901939.0,6948233.0,109692.0,473489.0,7006503.0,4330.0,1230.0,10202.0,1.0,2783029.0,21696532.0,942880.0,2783029.0,21696532.0,20215005.0,,193757.0,24181.0,579.412,772.0,1.27,4367.0,3969.0,17049964.0,13893153.0,WECC,
2024,15257,"Poudre Valley REA, Inc",C,Cooperative,,3.0,CO,64284.2,526321.0,49587.0,47535.9,426421.0,5014.0,43397.9,593532.0,743.0,,,,155218.0,1546274.0,55344.0,155218.0,1546274.0,1021530.0,153.0,,,42.262,324.62,1.334,289.3,234.8,,1586527.0,WECC,3027.69
2024,15263,The Potomac Edison Company,I,Investor Owned,,15.0,"MD,WV",689593.5,5299688.0,391834.0,224172.7,2925164.0,52321.0,111536.1,2301461.0,4354.0,0.0,0.0,0.0,1025302.2999999999,10526313.0,448509.0,1025302.2999999999,10526313.0,373530.0,453706.0,,1618.0,299.833,221.305,1.3210000000000002,2977.5,3390.6,3687378.0,3925445.0,RFC,120149.06
2024,15270,Potomac Electric Power Co,I,Investor Owned,,3.0,"DC,MD",1390439.0,7942990.0,872387.0,1196455.6,14550141.0,77330.0,10821.6,475454.0,10.0,21533.1,566641.0,5.0,2619249.3000000003,23535226.0,949732.0,2619249.3000000003,23535226.0,25352143.0,4080.0,255528.0,395081.0,1094.222,49.03,0.4325,5312.0,4330.0,0.0,9965263.0,RFC,165386.0
2024,15291,Prairie Energy Coop,C,Cooperative,,11.0,IA,7568.9,52787.0,3440.0,15.1,124.0,89.0,23838.7,275987.0,788.0,,,,31422.7,328898.0,4317.0,31422.7,328898.0,334118.0,,,,0.402,,,55.8,49.5,165.0,337182.0,MRO,
2024,15293,Powell Valley Electric Coop,C,Cooperative,,8.0,"TN,VA",39746.0,346382.0,27736.0,19315.0,152699.0,7201.0,10207.0,172171.0,6.0,0.0,0.0,0.0,69268.0,671252.0,34943.0,69268.0,671252.0,706195.0,0.0,,2.0,,504.02549999999997,4.967499999999999,128.0,188.9,0.0,705460.0,SERC,
2024,15294,City of Powell - (WY),M,Municipal,Y,1.0,WY,,,,,,,,,,,,,,,,,,,3432.0,,,,,,,,,,,
2024,15296,New York Power Authority,S,State,,,,0.0,0.0,0.0,560527.0,7769397.0,361.0,285479.0,7026856.0,543.0,234021.0,2697361.0,3.0,1080027.0,17493614.0,907.0,1080027.0,17493614.0,,,,,,,,2821.0,2954.0,27412956.0,13228930.0,NPCC,29.147
2024,15297,City of Plummer - (ID),M,Municipal,Y,1.0,ID,,,,,,,,,,,,,,,,,,,,,1006.0,,,,,,,,,
2024,15308,Plumas-Sierra Rural Elec Coop,C,Cooperative,Y,4.0,"CA,NV",,,,,,,,,,,,,,,,,,0.0,8430.0,,,,,,,,,,,
2024,15311,Prague Public Works Authority,M,Municipal,Y,1.0,OK,,,,,,,,,,,,,,,,,,23281.0,,,,,,,,,,,,
2024,15312,Village of Prairie Du Sac - (WI),M,Municipal,,1.0,WI,1716.8,15161.0,1921.0,2414.9,23120.0,305.0,1187.6,12052.0,1.0,0.0,0.0,0.0,5319.3,50333.0,2227.0,5319.299999999999,50333.0,52546.0,0.0,,32.0,1.014,,,12.3,8.6,0.0,50785.0,MISO,
2024,15321,City of Pratt- (KS),M,Municipal,Y,1.0,KS,,,,,,,,,,,,,,,,,,3093.0,3819.0,,,,,,,,,,,
2024,15327,PUD No 1 of Wahkiakum County,P,Political Subdivision,Y,1.0,WA,,,,,,,,,,,,,,,,,,0.0,2795.0,,,,,,,,,,,
2024,15334,Prentiss County Elec Pwr Assn,C,Cooperative,,2.0,MS,16867.0,155357.0,10999.0,13074.0,109284.0,3166.0,6198.0,70502.0,8.0,0.0,0.0,0.0,36139.0,335143.0,14173.0,36139.0,335143.0,349316.0,0.0,,,,,,78.2,72.2,0.0,347675.0,SERC,
2024,15336,City of Prescott - (KS),M,Municipal,Y,1.0,KS,,,,,,,,,,,,,,,,,,,122.0,,,,,,,,,,,
2024,15337,City of Prescott - (AR),M,Municipal,Y,1.0,AR,,,,,,,,,,,,,,,,,,,1.0,,,,,,,,,,,
2024,15340,Presque Isle Elec & Gas Coop,C,Cooperative,,9.0,MI,36570.0,174203.0,32446.0,5788.0,40183.0,2220.0,3995.0,32156.0,573.0,,,,46353.0,246542.0,35239.0,46353.0,246542.0,274687.0,903.0,,11.0,0.822,,,59.0,49.5,,270568.0,RFC,1343.566
2024,15344,Polk-Burnett Electric Coop,C,Cooperative,,6.0,WI,29241.0,183871.0,20379.0,6301.0,53106.0,1760.0,26.1,93.0,18.0,,,,35568.1,237070.0,22157.0,35568.1,237070.0,264284.0,,7159.0,,3.762,95.23,0.982,54.9,50.4,,252274.0,MRO,436.0
2024,15346,Village of Polk - (NE),M,Municipal,Y,1.0,NE,,,,,,,,,,,,,,,,,,,,,,,,,,,,,,
2024,15348,Preston Public Utilities Comm,M,Municipal,Y,1.0,MN,,,,,,,,,,,,,,,,,,14896.0,,,,,,,,,,,,
2024,15349,City of Preston,M,Municipal,,1.0,IA,577.1,3749.0,521.0,393.3,3390.0,101.0,0.0,0.0,0.0,0.0,0.0,0.0,970.4,7139.0,622.0,970.4000000000001,7139.0,0.0,639.0,,,0.028,,,2.1,1.2,0.0,7466.0,MISO,
2024,15352,Village of Prague - (NE),M,Municipal,Y,1.0,NE,,,,,,,,,,,,,,,,,,,,,,,,,,,,,,
2024,15356,Price Electric Coop Inc,C,Cooperative,Y,9.0,WI,,,,,,,,,,,,,,,,,,75476.0,,,,,,,,,,,,
2024,15371,Town of Princeton - (MA),M,Municipal,Y,1.0,MA,,,,,,,,,,,,,,,,,,0.0,1629.0,,,,,,,,,,,
2024,15377,City of Primghar - (IA),M,Municipal,Y,1.0,IA,,,,,,,,,,,,,,,,,,,627.0,,,,,,,,,,,
2024,15385,City of Princeton - (WI),M,Municipal,Y,1.0,WI,,,,,,,,,,,,,,,,,,,,,,,,,,,,,,
2024,15386,City of Princeton - (KY),M,Municipal,Y,1.0,KY,,,,,,,,,,,,,,,,,,,3798.0,,,,,,,,,,,
2024,15387,Princeton Public Utils Comm,M,Municipal,Y,2.0,MN,,,,,,,,,,,,,,,,,,57111.0,0.0,,,,,,,,,,,
2024,15388,City of Princeton - (IL),M,Municipal,Y,1.0,IL,,,,,,,,,,,,,,,,,,,4564.0,,,,,,,,,,,
2024,15410,Prince George Electric Coop,C,Cooperative,,6.0,VA,22296.0,170875.0,10954.0,8579.0,73281.0,1511.0,11698.0,117968.0,24.0,,,,42573.0,362124.0,12489.0,42573.0,362124.0,374613.0,6.0,,,2.4,279.99,,72.9,95.1,,378245.0,SERC,
2024,15419,PUD No 3 of Mason County,P,Political Subdivision,,4.0,WA,63717.0,461961.0,33975.0,18198.0,177258.0,2431.0,3302.0,42754.0,1.0,0.0,0.0,0.0,85217.0,681973.0,36407.0,85217.0,681973.0,718380.0,42.0,,,5.9959999999999996,,,103.9,189.0,,710305.0,,1206.276
2024,15432,Prospect Corporation,M,Municipal,Y,2.0,OH,,,,,,,,,,,,,,,,,,,,,,,,,,,,,,
2024,15433,Town of Prosperity - (SC),M,Municipal,Y,1.0,SC,,,,,,,,,,,,,,,,,,,824.0,,,,,,,,,,,
2024,15443,City of Providence - (KY),M,Municipal,Y,1.0,KY,,,,,,,,,,,,,,,,,,,,,,,,,,,,,,
2024,15444,Provo City Corp,M,Municipal,,1.0,UT,29407.8,258209.0,35299.0,35845.5,384365.0,4757.0,8895.7,132797.0,1.0,0.0,0.0,0.0,74149.0,775371.0,40057.0,74149.0,775371.0,682631.0,1.0,,24.0,17.682000000000002,35.37,0.47,189.1,128.5,,802125.0,WECC,
2024,15460,Proctor Public Utilities Comm,M,Municipal,Y,1.0,MN,,,,,,,,,,,,,,,,,,,1527.0,,,,,,,,,,,
2024,15462,City of Pryor - (OK),M,Municipal,Y,1.0,OK,,,,,,,,,,,,,,,,,,,,,,,,,,,,,,
2024,15466,Public Service Co of Colorado,I,Investor Owned,,56.0,CO,1478540.7,9826647.0,1365053.0,1498938.1,12655120.0,224348.0,451516.2,5839189.0,308.0,8279.6,85688.0,1.0,3437274.6,28406644.0,1589710.0,3437274.6,28406644.0,12569090.0,176292.0,206778.0,1152804.0,1803.884,351.67,1.68,6834.0,5692.0,23554141.0,15705551.0,WECC,427743.0
2024,15470,"Duke Energy Indiana, LLC",I,Investor Owned,,71.0,IN,1149061.0,9014130.0,796265.0,818253.0,8229148.0,110116.0,724778.0,9197328.0,2630.0,0.0,0.0,0.0,2692092.0,26440606.0,909011.0,2692092.0,26440606.0,27377132.0,3600.0,85295.0,276.0,195.292,295.63,1.18,5840.0,6487.0,20435864.0,12892992.0,RFC,182665.0
2024,15472,Public Service Co of NH,I,Investor Owned,,10.0,NH,639307.7,3410560.0,459907.0,343560.4,3026659.0,79467.0,106659.8,1370037.0,2684.0,,,,1089527.9,7807256.0,542058.0,1089527.9,7807256.0,158.0,577160.0,3294.0,225.0,472.59700000000004,786.2,1.604,1710.0,1285.0,,3115640.0,NPCC,63386.75
2024,15473,Public Service Co of NM,I,Investor Owned,,19.0,NM,528978.3,3397273.0,492945.0,473827.0,3869779.0,59510.0,146685.6,2607603.0,183.0,,,,1149490.9,9874655.0,552638.0,1149490.9000000001,9874655.0,543074.0,579149.0,66873.0,7766.0,747.588,278.72,1.281,2147.0,1576.0,5230105.0,10191430.0,WECC,87399.47
2024,15474,Public Service Co of Oklahoma,I,Investor Owned,,46.0,OK,800878.2,6292790.0,501093.0,610771.9,6952135.0,67741.0,349700.7,5882233.0,5925.0,,,,1761350.8,19127158.0,574759.0,1761350.8,19127158.0,18947115.0,335.0,14228.0,571691.0,70.24799999999999,188.5,1.549,4198.0,3263.0,9896109.0,10637276.0,SPP,135125.0
2024,15477,Public Service Elec & Gas Co,I,Investor Owned,,14.0,NJ,2754545.0,13907144.0,2056231.0,2143875.2,22745379.0,325149.0,227736.1,3689099.0,8379.0,9937.6,317085.0,6.0,5136093.9,40658707.0,2389765.0,5136093.899999999,40658707.0,39419437.0,128116.0,,,3079.448,45.33,0.57,10152.0,6357.0,141305.0,25765838.0,RFC,635411.38
2024,15497,Puerto Rico Electric Pwr Authority,S,State,,78.0,PR,1642120.0,7305682.0,1383774.0,2055975.0,8365287.0,127490.0,368709.0,1558835.0,583.0,0.0,0.0,0.0,4066804.0,17229804.0,1511847.0,4066804.0,17229804.0,162844.0,1491774.0,18.0,18.0,2053.954,4415.05,18.62,3184.0,2708.0,12531348.0,6102871.0,PR,
2024,15500,Puget Sound Energy Inc,I,Investor Owned,,8.0,WA,1677597.3,11462976.0,1091599.0,1187870.2000000002,8936022.0,143363.0,143330.6,3054231.0,3188.0,2142.0,16188.0,1.0,3010940.1,23469417.0,1238151.0,3010940.1,23469417.0,24661340.0,12677.0,602266.0,9800.0,446.787,1196.0,2.2,3832.0,4957.0,14295585.0,17015402.0,WECC,258144.724
2024,15507,City of Pulaski - (TN),M,Municipal,,2.0,TN,23437.0,176137.0,12432.0,14385.0,107211.0,2880.0,12937.0,146930.0,11.0,0.0,0.0,0.0,50759.0,430278.0,15323.0,50759.0,430278.0,445601.0,0.0,,2.0,,756.56,3.63,90.6,110.7,0.0,453128.0,SERC,
2024,15515,City of Purcell - (OK),M,Municipal,Y,1.0,OK,,,,,,,,,,,,,,,,,,56684.0,,,,,,,,,,,,
2024,15541,Borough of Quakertown - (PA),M,Municipal,Y,1.0,PA,,,,,,,,,,,,,,,,,,89447.0,,,,,,,,,,,,
2024,15566,City of Quincy - (FL),M,Municipal,Y,1.0,FL,,,,,,,,,,,,,,,,,,,,,,,,,,,,,,
2024,15573,City of Quitman,M,Municipal,Y,1.0,GA,,,,,,,,,,,,,,,,,,,,,,,,,,,,,,
2024,15619,City of Radford - (VA),M,Municipal,Y,3.0,VA,,,,,,,,,,,,,,,,,,,7564.0,,,,,,,,,,,
2024,15665,City of Randall - (MN),M,Municipal,Y,1.0,MN,,,,,,,,,,,,,,,,,,,349.0,,,,,,,,,,,
2024,15671,Randolph Electric Member Corp,C,Cooperative,,5.0,NC,60855.3,382556.0,31086.0,15114.2,121585.0,2722.0,1757.3,18392.0,7.0,,,,77726.8,522533.0,33815.0,77726.8,522533.0,554691.0,26.0,257.0,121.0,,224.155,2.078,128.7,148.5,,550680.0,SERC,70.0
2024,15672,Ralls County Electric Coop,C,Cooperative,Y,5.0,MO,,,,,,,,,,,,,,,,,,,6598.0,,,,,,,,,,,
2024,15674,City of Randolph - (NE),M,Municipal,Y,2.0,NE,,,,,,,,,,,,,,,,,,,,,,,,,,,,,,
2024,15686,Village of Rantoul - (IL),M,Municipal,Y,1.0,IL,,,,,,,,,,,,,,,,,,,6127.0,,,,,,,,,,,
2024,15698,Raton Public Service Company,M,Municipal,Y,1.0,NM,,,,,,,,,,,,,,,,,,40060.0,253.0,,,,,,,,,,,
2024,15700,Rayle Electric Membership Corp,C,Cooperative,,10.0,GA,31555.0,218845.0,16369.0,9478.0,67313.0,3546.0,1050.0,12989.0,4.0,,,,42083.0,299147.0,19919.0,42083.0,299147.0,318591.0,25.0,2.0,,1.476,3490.25,4.41,70.6,94.0,,315034.0,SERC,
2024,15711,Rainbow Energy Marketing Corp,W,Wholesale Power Marketer,,,,,,,,,,,,,,,,,,,,,,,,,,,,,,,4758524.0,MRO,
2024,15728,City of Rayne - (LA),M,Municipal,Y,1.0,LA,,,,,,,,,,,,,,,,,,,,,,,,,,,,,,
2024,15746,Red River Valley Rrl Elec Assn,C,Cooperative,,5.0,OK,23536.0,206750.0,15852.0,11258.0,97721.0,1910.0,10873.0,174420.0,4.0,,,,45667.0,478891.0,17766.0,45667.0,478891.0,,17766.0,,,,,,103.0,134.0,,498621.0,SPP,
2024,15748,Town of Reading - (MA),M,Municipal,,1.0,MA,41138.6,259395.0,27405.0,49749.5,379553.0,3295.0,,,,,,,90888.1,638948.0,30700.0,90888.1,638948.0,182897.0,29716.0,19.0,911.0,11.504000000000001,46.02,0.66,158.8,98.9,602.0,657349.0,NPCC,234.146
2024,15750,Redwood Electric Coop,C,Cooperative,Y,5.0,MN,,,,,,,,,,,,,,,,,,90104.0,390.0,,,,,,,,,,,
2024,15751,City of Readlyn - (IA),M,Municipal,Y,1.0,IA,,,,,,,,,,,,,,,,,,0.0,373.0,,,,,,,,,,,
2024,15772,City of Red Bud - (IL),M,Municipal,Y,1.0,IL,,,,,,,,,,,,,,,,,,,,,,,,,,,,,,
2024,15773,City of Red Cloud - (NE),M,Municipal,Y,1.0,NE,,,,,,,,,,,,,,,,,,,,,,,,,,,,,,
2024,15776,Central Florida Tourism Oversight District,M,Municipal,,2.0,FL,14.0,122.0,9.0,109292.0,1163344.0,1554.0,,,,,,,109306.0,1163466.0,1563.0,109306.0,1163466.0,26.0,1563.0,,,0.746,,,194.8,174.5,,1215895.0,FRCC,
2024,15778,Town of Red Springs - (NC),M,Municipal,Y,1.0,NC,,,,,,,,,,,,,,,,,,37747.0,4.0,,,,,,,,,,,
2024,15783,City of Redding - (CA),M,Municipal,,1.0,CA,69425.0,388866.0,38170.0,64934.0,363092.0,5977.0,2531.0,12638.0,318.0,,,,136890.0,764596.0,44465.0,136890.0,764596.0,257326.0,45503.0,,,47.206,34.07,0.261,240.9,108.3,291806.0,833161.0,WECC,32.322
2024,15787,Redlands Water & Power Company,I,Investor Owned,,,,,,,,,,,,,,,,,,,,,,,,,,,,1.4,1.4,6677.0,,WECC,
2024,15793,Redwood Falls Public Util Comm,M,Municipal,Y,1.0,MN,,,,,,,,,,,,,,,,,,,2814.0,,,,,,,,,,,
2024,15804,Reedsburg Utility Comm,M,Municipal,,1.0,WI,4698.9,38885.0,4833.0,6953.2,67758.0,724.0,10679.8,124437.0,7.0,0.0,0.0,0.0,22331.9,231080.0,5564.0,22331.899999999998,231080.0,95739.0,5580.0,,56.0,1.104,,,44.8,38.3,0.0,235553.0,MISO,
2024,15811,"Rich Mountain Elec Coop, Inc",C,Cooperative,Y,6.0,"AR,OK",,,,,,,,,,,,,,,,,,,,,,,,,,,,,,
2024,15845,Renville-Sibley Coop Pwr Assn,C,Cooperative,Y,6.0,MN,,,,,,,,,,,,,,,,,,184486.0,,,,,,,,,,,,
2024,15846,City of Remsen - (IA),M,Municipal,Y,1.0,IA,,,,,,,,,,,,,,,,,,,875.0,,,,,,,,,,,
2024,15847,Reliant Energy Retail Services,R,Retail Power Marketer,,,,3325842.4,19136371.0,1548250.0,662359.7,4997940.0,107929.0,1440332.2,21428482.0,1724.0,0.0,0.0,0.0,5428534.3,45562793.0,1657903.0,5428534.3,45562793.0,,,,,,,,,,,48139153.0,TRE,
2024,15860,City of Rensselaer - (IN),M,Municipal,Y,1.0,IN,,,,,,,,,,,,,,,,,,3912.0,1101.0,,,,,,,,,,,
2024,15862,City of Renwick - (IA),M,Municipal,Y,1.0,IA,,,,,,,,,,,,,,,,,,,,,,,,,,,,,,
2024,15865,Village of Republic - (OH),M,Municipal,Y,1.0,OH,,,,,,,,,,,,,,,,,,0.0,308.0,,,,,,,,,,,
2024,15923,City of Pond Creek - (OK),M,Municipal,Y,1.0,OK,,,,,,,,,,,,,,,,,,,555.0,,,,,,,,,,,
2024,15938,Rice Lake Utilities,M,Municipal,Y,1.0,WI,,,,,,,,,,,,,,,,,,156821.0,,,62.0,,,,,,,,,
2024,15978,City of Richland Center - (WI),M,Municipal,,1.0,WI,1954.3,16384.0,2434.0,3665.4,39754.0,501.0,4322.9,51813.0,4.0,0.0,0.0,0.0,9942.6,107951.0,2939.0,9942.599999999999,107951.0,72804.0,2967.0,,36.0,0.3,,,20.5,14.9,0.0,110273.0,MISO,
2024,15979,City of Richland - (WA),M,Municipal,,1.0,WA,37671.0,383484.0,25687.0,27712.0,410500.0,1821.0,10031.0,163887.0,55.0,,,,75414.0,957871.0,27563.0,75414.0,957871.0,972927.0,58.0,,,13.126,93.996,0.732,205.6,238.1,,993138.0,WECC,4239.0
2024,15981,City of Richland - (MO),M,Municipal,Y,3.0,MO,,,,,,,,,,,,,,,,,,,,,,,,,,,,,,
2024,15982,Town of Richlands - (VA),M,Municipal,Y,1.0,VA,,,,,,,,,,,,,,,,,,,8714.0,,,,,,,,,,,
2024,15983,Richland Electric Coop,C,Cooperative,Y,4.0,WI,,,,,,,,,,,,,,,,,,48275.0,0.0,,,,,,,,,,,
2024,15989,City of Richmond - (IN),M,Municipal,,1.0,IN,23498.3,179056.0,16310.0,21886.4,167969.0,4889.0,51493.3,526028.0,129.0,,,,96878.0,873053.0,21328.0,96878.0,873053.0,178725.0,5690.0,,86.0,0.212,,,151.0,145.9,,902581.0,RFC,
2024,15991,Village of Richmondville - (NY),M,Municipal,Y,1.0,NY,,,,,,,,,,,,,,,,,,,,,,,,,,,,,,
2024,16022,Village of Reynolds - (NE),M,Municipal,Y,1.0,NE,,,,,,,,,,,,,,,,,,,,,,,,,,,,,,
2024,16057,"Rio Grande Electric Coop, Inc",C,Cooperative,,20.0,"NM,TX",19542.199999999997,105597.0,9530.0,18824.8,132417.0,4447.0,35031.7,342970.0,589.0,0.0,0.0,0.0,73398.7,580984.0,14566.0,73398.7,580984.0,595550.0,,,14566.0,,332.02,,154.4,138.9,,636487.0,TRE,
2024,16060,Riverland Energy Cooperative,C,Cooperative,,6.0,WI,37302.3,228807.0,18970.0,4803.3,36632.0,1077.0,1830.9,18952.0,13.0,,,,43936.5,284391.0,20060.0,43936.50000000001,284391.0,307157.0,22.0,6926.0,559.0,,261.78,1.756,66.3,55.4,,305190.0,MRO,1023.0
2024,16062,Village of Ripley - (OH),M,Municipal,Y,1.0,OH,,,,,,,,,,,,,,,,,,,928.0,,,,,,,,,,,
2024,16063,"Rita Blanca Electric Coop, Inc",C,Cooperative,,8.0,TX,3142.0,37934.0,1255.0,56055.0,975488.0,532.0,,,,,,,59197.0,1013422.0,1787.0,59197.0,1013422.0,,8769.0,,,0.172,,,190.8,71.1,,1065046.0,SPP,
2024,16068,City of Rising Sun - (IN),M,Municipal,Y,2.0,IN,,,,,,,,,,,,,,,,,,,1618.0,,,,,,,,,,,
2024,16082,City of River Falls,M,Municipal,,2.0,WI,6800.4,51215.0,6709.0,7278.1,64077.0,792.0,1242.4,12921.0,3.0,0.0,0.0,0.0,15320.9,128213.0,7504.0,15320.9,128213.0,135879.0,4.0,,108.0,2.989,13.08,0.15,31.7,20.9,1177.0,130558.0,MISO,
2024,16088,City of Riverside - (CA),M,Municipal,,1.0,CA,155114.0,767945.0,100450.0,85084.0,445358.0,12243.0,136098.0,928560.0,680.0,,,,376296.0,2141863.0,113373.0,376296.0,2141863.0,1537139.0,77081.0,,2668.0,141.26,76.61,0.61,658.5,274.6,95818.0,2164538.0,WECC,13535.0
2024,16092,Village of Riverton - (IL),M,Municipal,Y,1.0,IL,,,,,,,,,,,,,,,,,,,1726.0,,,,,,,,,,,
2024,16101,Roanoke Electric Member Corp,C,Cooperative,,7.0,NC,34743.0,164384.0,12049.0,11535.0,63455.0,2059.0,3648.0,33080.0,7.0,,,,49926.0,260919.0,14115.0,49926.0,260919.0,275034.0,,1377.0,50.0,0.54,126.558,1.258,65.6,68.2,,278939.0,SERC,147.0
2024,16105,City of Riverdale - (ND),M,Municipal,Y,1.0,ND,,,,,,,,,,,,,,,,,,,298.0,,,,,,,,,,,
2024,16113,City of Robersonville - (NC),M,Municipal,Y,1.0,NC,,,,,,,,,,,,,,,,,,,,,,,,,,,,,,
2024,16135,City of Robinson - (KS),M,Municipal,Y,1.0,KS,,,,,,,,,,,,,,,,,,,,,,,,,,,,,,
2024,16140,City of Robertsdale,M,Municipal,Y,1.0,AL,,,,,,,,,,,,,,,,,,22194.0,2644.0,,,,,,,,,,,
2024,16146,"Navasota Valley Elec Coop, Inc",C,Cooperative,,9.0,TX,34992.1,222107.0,19672.0,13114.1,87007.0,1924.0,9248.0,100392.0,19.0,,,,57354.2,409506.0,21615.0,57354.2,409506.0,427730.0,135.0,,,5.016,1743.11,4.442,90.6,110.8,,435954.0,TRE,
2024,16164,Roosevelt Public Power Dist,P,Political Subdivision,Y,3.0,NE,,,,,,,,,,,,,,,,,,68689.0,0.0,,,,,,,,,,,
2024,16175,City of Robstown - (TX),M,Municipal,Y,1.0,TX,,,,,,,,,,,,,,,,,,,,,,,,,,,,,,
2024,16177,"Robison Energy, LLC",R,Retail Power Marketer,,,,4194.7,31081.0,1260.0,1261.6,11290.0,112.0,,,,,,,5456.3,42371.0,1372.0,5456.299999999999,42371.0,,,,,,,,11.7,7.1,,42371.0,NY,
2024,16179,Rochelle Municipal Utilities,M,Municipal,,2.0,IL,6160.0,46606.0,5854.0,5238.0,43525.0,1073.0,32758.0,312532.0,82.0,,,,44156.0,402663.0,7009.0,44156.0,402663.0,405532.0,20.0,,228.0,1.755,22.449,0.528,65.1,68.7,421307.0,16934.0,RFC,
2024,16181,Rochester Public Utilities,M,Municipal,,1.0,MN,66161.6,369451.0,54943.0,91288.3,673014.0,5189.0,11687.2,90802.0,1.0,,,,169137.1,1133267.0,60133.0,169137.10000000003,1133267.0,71.0,60133.0,9506.0,296.0,12.437,102.076,0.983,290.5,173.9,76586.0,1163055.0,MRO,17663.0
2024,16183,Rochester Gas & Electric Corp,I,Investor Owned,,7.0,NY,504699.5,2842349.0,351481.0,259093.59999999998,3044406.0,40227.0,49085.7,984961.0,634.0,,,,812878.8,6871716.0,392342.0,812878.7999999999,6871716.0,1907593.0,120656.0,15383.0,4389.0,461.415,,,1505.3,1069.6,4979.0,3634562.0,NPCC,54927.94
2024,16195,City of Rock Hill - (SC),M,Municipal,,1.0,SC,45256.0,360691.0,36492.0,51559.0,403075.0,3847.0,8767.0,88057.0,40.0,,,,105582.0,851823.0,40379.0,105582.0,851823.0,892198.0,1.0,2742.0,,5.644,604.972,2.116,201.1,148.2,,878771.0,SERC,
2024,16196,Rock Energy Cooperative,C,Cooperative,,8.0,"IL,WI",24616.0,167270.0,16649.0,16012.0,141419.0,1422.0,14448.0,215450.0,97.0,,,,55076.0,524139.0,18168.0,55076.0,524139.0,206.0,18293.0,,,2.008,52.67,0.47850000000000004,117.6,91.3,,546936.0,MRO,
2024,16198,City of Rock Falls - (IL),M,Municipal,Y,1.0,IL,,,,,,,,,,,,,,,,,,46169.0,1657.0,,,,,,,,,,,
2024,16206,Rock Rapids Municipal Utility,M,Municipal,Y,1.0,IA,,,,,,,,,,,,,,,,,,,1475.0,,,,,,,,,,,
2024,16211,City of Rockford- (IA),M,Municipal,Y,1.0,IA,,,,,,,,,,,,,,,,,,,473.0,,,,,,,,,,,
2024,16213,Rockland Electric Co,I,Investor Owned,,3.0,NJ,152000.0,744007.0,66360.0,88238.5,796390.0,9653.0,4778.9,40752.0,21.0,0.0,0.0,0.0,245017.4,1581149.0,76034.0,245017.4,1581149.0,1329802.0,1981.0,2031.0,,86.458,,,401.0,200.0,,1089113.0,NPCC,14416.0
2024,16217,Village of Rockville Centre - (NY),M,Municipal,Y,1.0,NY,,,,,,,,,,,,,,,,,,0.0,6520.0,,,,,,,,,,,
2024,16219,Town of Rockville - (IN),M,Municipal,Y,1.0,IN,,,,,,,,,,,,,,,,,,,1486.0,,,,,,,,,,,
2024,16223,City of Rockwood - (TN),M,Municipal,,1.0,TN,21972.0,172855.0,12042.0,12356.0,88881.0,3388.0,2029.0,26471.0,5.0,0.0,0.0,0.0,36357.0,288207.0,15435.0,36357.0,288207.0,303642.0,0.0,,5.0,,323.652,2.4,66.6,82.0,0.0,303981.0,SERC,
2024,16226,City of Rocky Mount - (NC),M,Municipal,,2.0,NC,37085.0,304444.0,25407.0,28846.0,301437.0,3748.0,11255.0,144105.0,33.0,,,,77186.0,749986.0,29188.0,77186.0,749986.0,86.0,28120.0,,,,86.79,1.52,165.3,133.1,,773516.0,,
2024,16259,City of Rolla - (MO),M,Municipal,,1.0,MO,10603.0,99848.0,8132.0,5112.0,55003.0,1393.0,11779.0,145779.0,108.0,,,,27494.0,300630.0,9633.0,27494.0,300630.0,1.0,9633.0,,,0.6739999999999999,146.05,1.78,61.2,75.0,167.0,319111.0,SERC,
2024,16267,Rolling Hills Electric Coop,C,Cooperative,Y,16.0,KS,,,,,,,,,,,,,,,,,,223081.0,0.0,,293.0,,,,,,,,,
2024,16269,City of Roodhouse - (IL),M,Municipal,Y,1.0,IL,,,,,,,,,,,,,,,,,,,925.0,,,,,,,,,,,
2024,16273,Roosevelt Irrigation District,P,Political Subdivision,Y,,,,,,,,,,,,,,,,,,,,,,,,,,,,,,,,
2024,16284,"Roseau Electric Coop, Inc",C,Cooperative,Y,4.0,MN,,,,,,,,,,,,,,,,,,151818.0,,,,,,,,,,,,
2024,16285,City of Roseau - (MN),M,Municipal,Y,1.0,MN,,,,,,,,,,,,,,,,,,37388.0,,,,,,,,,,,,
2024,16286,Rosebud Electric Coop Inc,C,Cooperative,,4.0,SD,6767.4,63650.0,4856.0,2139.1,23349.0,760.0,77.6,757.0,21.0,0.0,0.0,0.0,8984.1,87756.0,5637.0,8984.1,87756.0,93396.0,,,,,111.6,0.84,16.8,29.2,,94668.0,MRO,
2024,16295,City of Roseville - (CA),M,Municipal,,1.0,CA,101628.0,544702.0,63052.0,74650.8,446943.0,7394.0,24554.8,190320.0,29.0,,,,200833.6,1181965.0,70475.0,200833.59999999998,1181965.0,1249547.0,194.0,3580.0,29.0,116.33500000000001,,,361.6,179.1,560499.0,652027.0,WECC,14413.0
2024,16325,Village of Rouses Point - (NY),M,Municipal,Y,1.0,NY,,,,,,,,,,,,,,,,,,,1349.0,,,,,,,,,,,
2024,16368,Runestone Electric Assn,C,Cooperative,,7.0,MN,27624.0,192378.0,14282.0,2938.0,22261.0,818.0,1558.0,14291.0,291.0,,,,32120.0,228930.0,15391.0,32120.0,228930.0,248634.0,4.0,,,2.368,68.34,0.518,46.3,60.3,,243925.0,MRO,
2024,16375,Borough of Royalton - (PA),M,Municipal,Y,1.0,PA,,,,,,,,,,,,,,,,,,,,,,,,,,,,,,
2024,16377,Town of Rowley - (MA),M,Municipal,Y,1.0,MA,,,,,,,,,,,,,,,,,,,3111.0,,,,,,,,,,,
2024,16382,"Rural Electric Coop, Inc - (OK)",C,Cooperative,,6.0,OK,14260.4,125619.0,9047.0,31081.0,313625.0,3545.0,10765.7,184254.0,13.0,,,,56107.1,623498.0,12605.0,56107.100000000006,623498.0,636103.0,0.0,,,1.8079999999999998,638.7,2.733,105.1,103.4,,646571.0,SPP,
2024,16416,City of Rupert - (ID),M,Municipal,Y,1.0,ID,,,,,,,,,,,,,,,,,,105505.0,,,,,,,,,,,,
2024,16420,Rural Electric Conven Coop - (IL),C,Cooperative,Y,5.0,IL,,,,,,,,,,,,,,,,,,117498.0,,,,,,,,,,,,
2024,16427,City of Rushford - (MN),M,Municipal,Y,1.0,MN,,,,,,,,,,,,,,,,,,,,,,,,,,,,,,
2024,16438,City of Russell - (MA),M,Municipal,Y,1.0,MA,,,,,,,,,,,,,,,,,,,468.0,,,,,,,,,,,
2024,16440,City of Russell - (KS),M,Municipal,Y,1.0,KS,,,,,,,,,,,,,,,,,,118341.0,1839.0,,,,,,,,,,,
2024,16443,Rushmore Electric Pwr Coop Inc,C,Cooperative,,,,,,,,,,,,,,,,,,,,,,,,,,,,248.7,304.5,,1266931.0,MRO,
2024,16451,City of Rushmore - (MN),M,Municipal,Y,1.0,MN,,,,,,,,,,,,,,,,,,,,,,,,,,,,,,
2024,16458,City of Russellville - (AL),M,Municipal,,1.0,AL,6688.0,50459.0,3890.0,8390.0,61920.0,1204.0,1773.0,26048.0,2.0,0.0,0.0,0.0,16851.0,138427.0,5096.0,16851.0,138427.0,26050.0,5094.0,,1.0,,,,28.8,26.7,0.0,143558.0,SERC,
2024,16459,City of Russellville - (KY),M,Municipal,,1.0,KY,4465.0,37234.0,3092.0,5519.0,43620.0,1078.0,3216.0,35725.0,4.0,0.0,0.0,0.0,13200.0,116579.0,4174.0,13200.0,116579.0,120753.0,0.0,,,,,,27.4,23.8,0.0,120154.0,SERC,
2024,16461,"Rusk County Electric Coop, Inc",C,Cooperative,,5.0,TX,36242.7,281054.0,18152.0,13806.5,97638.0,5444.0,8985.3,122467.0,24.0,,,,59034.5,501159.0,23620.0,59034.5,501159.0,486230.0,6.0,,,3.312,3860.5,,128.1,173.9,,536881.0,SPP,
2024,16462,Town of Ruston - (WA),M,Municipal,Y,1.0,WA,,,,,,,,,,,,,,,,,,10919.0,,,,,,,,,,,,
2024,16463,City of Ruston - (LA),M,Municipal,,1.0,LA,6141.0,108531.0,9900.0,6892.0,163720.0,1941.0,1299.0,25146.0,16.0,,,,14332.0,297397.0,11857.0,14332.0,297397.0,309254.0,,,,0.604,206.5,1.96,74.0,50.0,,303723.0,SERC,
2024,16487,Town of Ryan - (OK),M,Municipal,Y,1.0,OK,,,,,,,,,,,,,,,,,,,,,,,,,,,,,,
2024,16496,Rutherford Elec Member Corp,C,Cooperative,,10.0,NC,124293.0,946790.0,70743.0,22675.0,179707.0,5735.0,16403.0,206080.0,36.0,0.0,0.0,0.0,163371.0,1332577.0,76514.0,163371.0,1332577.0,1409091.0,,7372.0,206.0,6.4300000000000015,5532.416,2.483,308.4,412.3,,1409732.0,SERC,
2024,16511,Sac-Osage Electric Coop Inc,C,Cooperative,Y,9.0,MO,,,,,,,,,,,,,,,,,,,11869.0,,7.0,,,,,,,,,
2024,16518,City of Sabetha - (KS),M,Municipal,Y,2.0,KS,,,,,,,,,,,,,,,,,,,,,,,,,,,,,,
2024,16528,City of Sabula - (IA),M,Municipal,Y,1.0,IA,,,,,,,,,,,,,,,,,,,,,,,,,,,,,,
2024,16534,Sacramento Municipal Util Dist,P,Political Subdivision,,2.0,CA,892673.1,4995051.0,592557.0,676029.4,4150764.0,71160.0,208942.2,1549024.0,2517.0,4080.8,26362.0,1.0,1781725.5,10721201.0,666235.0,1781725.5,10721201.0,10808329.0,679.0,107091.0,642588.0,791.48,,,3147.0,1542.0,7264859.0,7943974.0,WECC,64096.0
2024,16537,Safe Harbor Water Power Corp,I,Investor Owned,,,,,,,,,,,,,,,,,,,,,,,,,,,,,,1059662.0,0.0,RFC,
2024,16538,City of Safford - (AZ),M,Municipal,Y,1.0,AZ,,,,,,,,,,,,,,,,,,96972.0,,,,,,,,,,,,
2024,16549,City of Salamanca - (NY),M,Municipal,Y,1.0,NY,,,,,,,,,,,,,,,,,,,3756.0,,,,,,,,,,,
2024,16555,Salem Electric - (OR),C,Cooperative,,2.0,OR,21211.0,192449.0,18385.0,10492.0,106192.0,2453.0,1815.0,19160.0,7.0,,,,33518.0,317801.0,20845.0,33518.0,317801.0,338332.0,11.0,,,2.218,,,78.4,75.3,,331933.0,WECC,982.0
2024,16557,Salem City Corporation - (UT),M,Municipal,Y,1.0,UT,,,,,,,,,,,,,,,,,,6681.0,3202.0,,,,,,,,,,,
2024,16558,City of Salem - (VA),M,Municipal,,2.0,VA,18847.5,124695.0,11298.0,14485.9,96855.0,2152.0,15670.4,121361.0,69.0,0.0,0.0,0.0,49003.8,342911.0,13519.0,49003.8,342911.0,352389.0,1.0,,,1.88,26.785,0.241,78.6,64.4,,360836.0,RFC,
2024,16559,City of Salem - (MO),M,Municipal,Y,1.0,MO,,,,,,,,,,,,,,,,,,51806.0,,,,,,,,,,,,
2024,16560,City of Salisbury - (MO),M,Municipal,Y,1.0,MO,,,,,,,,,,,,,,,,,,,,,,,,,,,,,,
2024,16561,City of Sallisaw - (OK),M,Municipal,Y,1.0,OK,,,,,,,,,,,,,,,,,,,3013.0,,,,,,,,,,,
2024,16565,Salmon River Electric Coop Inc,C,Cooperative,,3.0,ID,3412.0,37927.0,2383.0,1630.0,21605.0,471.0,2485.0,42779.0,128.0,0.0,0.0,0.0,7527.0,102311.0,2982.0,7527.0,102311.0,105293.0,,,1.0,,198.88,2.004,17.0,22.0,,107354.0,WECC,
2024,16572,Salt River Project,P,Political Subdivision,,3.0,AZ,2060051.0,15307643.0,1053407.0,1481943.0,13767916.0,112637.0,346996.0,4491678.0,49.0,1079.0,10037.0,1.0,3890069.0,33577274.0,1166094.0,3890069.0,33577274.0,29750255.0,835.0,68317.0,374983.0,1217.33,58.05,0.953,8258.0,5209.0,32746812.0,13646087.0,WECC,654332.0
2024,16587,Salt River Electric Coop Corp,C,Cooperative,,10.0,KY,83823.1,770315.0,53479.0,31360.9,299184.0,3741.0,18662.1,223716.0,22.0,,,,133846.1,1293215.0,57242.0,133846.1,1293215.0,1350457.0,,,,5.78,357.5,2.6,278.3,342.7,,1339121.0,RFC,
2024,16603,"San Luis Valley R E C, Inc",C,Cooperative,,7.0,CO,12986.0,70637.0,9115.0,7130.0,52066.0,1586.0,15813.0,80709.0,2584.0,,,,35929.0,203412.0,13285.0,35929.0,203412.0,216765.0,1.0,,3815.0,9.326,296.2,1.784,62.4,33.1,,223315.0,WECC,398.616
2024,16604,City of San Antonio - (TX),M,Municipal,,8.0,TX,1382966.5,11123381.0,865914.0,1366184.6,13566138.0,96322.0,50030.9,565237.0,36.0,,,,2799182.0,25254756.0,962272.0,2799182.0,25254756.0,18262686.0,2943.0,506073.0,71.0,1047.976,73.808,1.148,5835.0,5346.0,29481316.0,8962970.0,TRE,186699.0
2024,16605,City of San Augustine - (TX),M,Municipal,Y,1.0,TX,,,,,,,,,,,,,,,,,,53.0,,,,,,,,,,,,
2024,16606,"Santee Electric Coop, Inc",C,Cooperative,,4.0,SC,78003.0,529109.0,35235.0,20465.3,136962.0,9605.0,32902.1,481918.0,15.0,,,,131370.4,1147989.0,44855.0,131370.4,1147989.0,,44855.0,,,4.964,441.86,,236.8,282.8,,1185366.0,SERC,246.0
2024,16609,San Diego Gas & Electric Co,I,Investor Owned,,2.0,CA,1561695.6,4809988.0,1364361.0,1503216.2,7417146.0,156958.0,635911.1,4387026.0,4644.0,15929.0,77013.0,5.0,3716751.9,16691173.0,1525968.0,3716751.9,16691173.0,17125356.0,2406.0,86046.0,25941.0,4725.386,157.23,0.611,5032.0,3215.0,2157008.0,9812657.0,WECC,279929.817
2024,16610,City of Scribner - (NE),M,Municipal,Y,1.0,NE,,,,,,,,,,,,,,,,,,,,,,,,,,,,,,
2024,16611,Access Energy Coop,C,Cooperative,,10.0,IA,16832.6,112566.0,8850.0,3279.8,26156.0,191.0,19476.3,283550.0,26.0,0.0,0.0,0.0,39588.7,422272.0,9067.0,39588.7,422272.0,431693.0,,,,,,,71.0,63.7,,431745.0,SERC,
2024,16612,City & County of San Francisco,M,Municipal,,2.0,CA,10213.6,42476.0,2618.0,137259.1,743836.0,291.0,16466.8,69575.0,31.0,19069.1,97793.0,1.0,183008.6,953680.0,2941.0,183008.6,953680.0,61974.0,1964.0,,,0.574,,,139.3,141.9,1216531.0,361558.0,WECC,745.155
2024,16613,Sam Houston Electric Coop Inc,C,Cooperative,,10.0,TX,148891.0,1179641.0,86118.0,20792.0,164368.0,7164.0,45377.0,506185.0,204.0,,,,215060.0,1850194.0,93486.0,215060.0,1850194.0,1943679.0,,,,,4584.0,,486.0,598.0,,1883805.0,SERC,
2024,16616,"San Isabel Electric Assn, Inc",C,Cooperative,,7.0,CO,32484.1,182662.0,23289.0,13809.0,85835.0,2745.0,10293.0,142193.0,12.0,,,,56586.1,410690.0,26046.0,56586.1,410690.0,5.0,26046.0,,1716.0,17.448,,,83.1,79.3,,437039.0,WECC,
2024,16622,"San Miguel Power Assn, Inc",C,Cooperative,,6.0,CO,19263.8,118032.0,12154.0,12957.0,96510.0,2616.0,213.0,1297.0,81.0,,,,32433.8,215839.0,14851.0,32433.8,215839.0,229710.0,36.0,,,13.11,,,27.0,45.8,,228268.0,WECC,838.21
2024,16624,"San Miguel Electric Coop, Inc",C,Cooperative,,,,,,,,,,,,,,,,,,,,,,,,,,,,395.0,398.0,1311276.0,,TRE,
2024,16627,San Patricio Electric Coop Inc,C,Cooperative,,9.0,TX,18710.5,133740.0,10007.0,5989.2,43298.0,2467.0,6581.0,74369.0,48.0,,,,31280.7,251407.0,12522.0,31280.7,251407.0,263875.0,4.0,22.0,,1.672,199.676,2.094,56.3,71.8,,270077.0,TRE,
2024,16628,City of Sanborn - (IA),M,Municipal,Y,1.0,IA,,,,,,,,,,,,,,,,,,0.0,808.0,,,,,,,,,,,
2024,16629,Sand Mountain Electric Coop,C,Cooperative,,3.0,AL,48380.0,385353.0,27298.0,24381.0,179227.0,6299.0,5673.0,67617.0,4.0,0.0,0.0,0.0,78434.0,632197.0,33601.0,78434.0,632197.0,665798.0,0.0,,1.0,,,,137.9,207.1,0.0,666914.0,SERC,
2024,16637,City of Sandersville - (GA),M,Municipal,,1.0,GA,2929.7,26880.0,2234.0,66768.2,1489582.0,597.0,3554.0,53538.0,4.0,,,,73251.9,1570000.0,2835.0,73251.9,1570000.0,,2835.0,,1.0,,,,232.7,224.1,,1574121.0,SERC,
2024,16638,"San Bernard Electric Coop, Inc",C,Cooperative,,8.0,TX,66066.2,466463.0,31774.0,12533.5,111002.0,1083.0,19728.7,221040.0,6.0,,,,98328.4,798505.0,32863.0,98328.4,798505.0,831368.0,,,,9.254,1238.5,3.0,176.3,185.0,,833064.0,TRE,
2024,16647,City of Sanger - (TX),M,Municipal,Y,1.0,TX,,,,,,,,,,,,,,,,,,5226.0,317.0,,,,,,,,,,,
2024,16648,City of Santa Clara - (UT),M,Municipal,Y,1.0,UT,,,,,,,,,,,,,,,,,,3851.0,,,,,,,,,,,,
2024,16649,Sangre De Cristo Elec Assn Inc,C,Cooperative,Y,5.0,CO,,,,,,,,,,,,,,,,,,146557.0,,,226.0,,,,,,,,,
2024,16655,City of Santa Clara - (CA),M,Municipal,,1.0,CA,43895.9,260068.0,50949.0,28715.0,130095.0,7153.0,651648.2,4309793.0,1286.0,218.1,828.0,1.0,724477.2,4700784.0,59389.0,724477.2,4700784.0,62838.0,6115.0,,,48.684,208.74,0.91,704.8,713.5,3610774.0,1090010.0,WECC,15896.0
2024,16667,City of Sargent - (NE),M,Municipal,Y,1.0,NE,,,,,,,,,,,,,,,,,,,,,,,,,,,,,,
2024,16674,Satilla Rural Elec Member Corporation,C,Cooperative,,12.0,GA,104060.1,744068.0,54115.0,19974.1,131221.0,5397.0,14410.3,284208.0,37.0,,,,138444.5,1159497.0,59549.0,138444.5,1159497.0,1219046.0,,1038.0,1038.0,10.588000000000001,,,279.4,308.9,,1217194.0,SERC,24.0
2024,16679,City of Sauk Centre - (MN),M,Municipal,Y,1.0,MN,,,,,,,,,,,,,,,,,,58244.0,,,47.0,,,,,,,,,
2024,16680,Village of Sauk City - (WI),M,Municipal,Y,1.0,WI,,,,,,,,,,,,,,,,,,,1955.0,,48.0,,,,,,,,,
2024,16740,Scenic Rivers Energy Coop,C,Cooperative,,9.0,"IL,WI",27796.6,182500.0,13609.0,223.3,1258.0,169.0,5155.3,42479.0,843.0,,,,33175.2,226237.0,14621.0,33175.2,226237.0,240996.0,,5116.0,,5.2,,,53.9,43.5,,233361.0,MRO,512.0
2024,16751,Three Rivers Electric Coop,C,Cooperative,,7.0,MO,37775.1,302838.0,22561.0,7657.1,72380.0,1947.0,2560.5,26377.0,13.0,,,,47992.7,401595.0,24521.0,47992.7,401595.0,426116.0,,,,4.237,137.012,0.981,97.5,127.4,,428109.0,SERC,
2024,16759,"Sheridan Electric Coop, Inc",C,Cooperative,Y,5.0,"MT,ND",,,,,,,,,,,,,,,,,,,4181.0,,,,,,,,,,,
2024,16765,City of Schulenburg - (TX),M,Municipal,Y,2.0,TX,,,,,,,,,,,,,,,,,,67840.0,,,,,,,,,,,,
2024,16778,City of Schuyler - (NE),M,Municipal,Y,1.0,NE,,,,,,,,,,,,,,,,,,,2801.0,,,,,,,,,,,
2024,16780,Borough of Schuylkill Haven - (PA),M,Municipal,Y,1.0,PA,,,,,,,,,,,,,,,,,,,3036.0,,,,,,,,,,,
2024,16788,Town of Scotland Neck - (NC),M,Municipal,Y,1.0,NC,,,,,,,,,,,,,,,,,,,7.0,,,,,,,,,,,
2024,16805,SEMO Electric Cooperative,C,Cooperative,,6.0,MO,22140.4,173149.0,10783.0,15002.6,87105.0,5473.0,6726.9,91488.0,10.0,,,,43869.9,351742.0,16266.0,43869.9,351742.0,368008.0,,358.0,,2.5,,,88.1,81.5,,369989.0,SERC,
2024,16821,Sam Rayburn Municipal Pwr Agny,P,Political Subdivision,,,,,,,,,,,,,,,,,,,,,,,,,,,,66.0,68.8,,305272.0,SERC,
2024,16829,City of Scottsboro - (AL),M,Municipal,,1.0,AL,12835.0,99747.0,7090.0,14370.0,120941.0,1639.0,6671.0,96370.0,8.0,0.0,0.0,0.0,33876.0,317058.0,8737.0,33876.0,317058.0,325795.0,0.0,,3.0,,,,65.6,65.2,0.0,329204.0,SERC,
2024,16830,City of Scottsburg - (IN),M,Municipal,Y,1.0,IN,,,,,,,,,,,,,,,,,,91574.0,,,,,,,,,,,,
2024,16834,City of Scranton - (KS),M,Municipal,Y,1.0,KS,,,,,,,,,,,,,,,,,,,,,,,,,,,,,,
2024,16840,"Calpine Energy Solutions, LLC",R,Retail Power Marketer,,,,0.0,0.0,0.0,2855760.6,41090159.0,1008.0,286168.0,3822171.0,114.0,0.0,0.0,0.0,3141928.6,44912330.0,1122.0,3141928.6,44912330.0,,,,,,,,,,,44912330.0,WECC,
2024,16845,Village of Shickley - (NE),M,Municipal,Y,1.0,NE,,,,,,,,,,,,,,,,,,,,,,,,,,,,,,
2024,16851,SE-MA-NO Electric Coop,C,Cooperative,Y,4.0,MO,,,,,,,,,,,,,,,,,,121147.0,6603.0,,,,,,,,,,,
2024,16852,City of Seaford- (DE),M,Municipal,Y,1.0,DE,,,,,,,,,,,,,,,,,,114637.0,,,,,,,,,,,,
2024,16853,Borough of St Clair - (PA),M,Municipal,Y,1.0,PA,,,,,,,,,,,,,,,,,,1865.0,,,,,,,,,,,,
2024,16854,"Heartland Rural Elec Coop, Inc",C,Cooperative,Y,12.0,KS,,,,,,,,,,,,,,,,,,201375.0,,,291.0,,,,,,,,,
2024,16864,Seaside Heights Municipal Utility,M,Municipal,Y,1.0,NJ,,,,,,,,,,,,,,,,,,3131.0,3125.0,,,,,,,,,,,
2024,16865,Sawnee Electric Membership Corporation,C,Cooperative,,7.0,GA,296924.7,2573235.0,181600.0,107528.6,993534.0,20437.0,16723.6,223443.0,107.0,0.0,0.0,0.0,421176.9,3790212.0,202144.0,421176.9,3790212.0,3971404.0,182.0,66827.0,1243.0,13.104,61.8,0.88,1085.0,799.4,,3934041.0,SERC,783.01
2024,16868,City of Seattle - (WA),M,Municipal,,1.0,WA,467404.3,3317659.0,459964.0,583327.9,4954390.0,52473.0,69995.6,693409.0,58.0,8705.2,76818.0,3.0,1129433.0,9042276.0,512498.0,1129433.0,9042276.0,5811353.0,11677.0,,334.0,130.43200000000002,323.6,1.119,1435.0,2027.0,4533707.0,6491171.0,WECC,71100.226
2024,16873,Village of Sebewaing - (MI),M,Municipal,Y,1.0,MI,,,,,,,,,,,,,,,,,,,,,,,,,,,,,,
2024,16876,City of Savonburg - (KS),M,Municipal,Y,1.0,KS,,,,,,,,,,,,,,,,,,,,,,,,,,,,,,
2024,16900,City of Seguin - (TX),M,Municipal,,1.0,TX,11145.0,102375.0,8478.0,11618.0,111444.0,1477.0,10918.0,139646.0,15.0,,,,33681.0,353465.0,9970.0,33681.0,353465.0,363435.0,,,,,,,80.6,71.6,,372305.0,TRE,
2024,16914,Town of Selma - (NC),M,Municipal,Y,1.0,NC,,,,,,,,,,,,,,,,,,54011.0,8.0,,,,,,,,,,,
2024,16920,Sedgwick County El Coop Assn Inc,C,Cooperative,Y,5.0,KS,,,,,,,,,,,,,,,,,,161903.0,,,5.0,,,,,,,,,
2024,16921,City of Seneca - (SC),M,Municipal,Y,1.0,SC,,,,,,,,,,,,,,,,,,,7191.0,,,,,,,,,,,
2024,16922,City of Seneca - (KS),M,Municipal,Y,1.0,KS,,,,,,,,,,,,,,,,,,,1303.0,,,,,,,,,,,
2024,16930,Sequachee Valley Electric Coop,C,Cooperative,,8.0,TN,59074.0,455551.0,33206.0,33406.0,270051.0,6072.0,10848.0,130459.0,6.0,0.0,0.0,0.0,103328.0,856061.0,39284.0,103328.0,856061.0,895345.0,0.0,,5.0,,300.73,3.088,177.9,229.3,0.0,897321.0,SERC,
2024,16932,City of Sergeant Bluff - (IA),M,Municipal,Y,1.0,IA,,,,,,,,,,,,,,,,,,,2151.0,,,,,,,,,,,
2024,16949,Sevier County Electric System,M,Municipal,,2.0,TN,54866.0,484327.0,35626.0,130336.0,1118298.0,27875.0,3624.0,55201.0,5.0,0.0,0.0,0.0,188826.0,1657826.0,63506.0,188826.0,1657826.0,1721332.0,0.0,,9.0,,330.0,2.42,344.4,503.1,0.0,1703752.0,SERC,
2024,16951,Seville Board of Public Affairs,M,Municipal,Y,1.0,OH,,,,,,,,,,,,,,,,,,,2241.0,,,,,,,,,,,
2024,16953,City of Seward - (NE),M,Municipal,Y,1.0,NE,,,,,,,,,,,,,,,,,,121576.0,,,,,,,,,,,,
2024,16955,City of Seward - (AK),M,Municipal,Y,1.0,AK,,,,,,,,,,,,,,,,,,,2955.0,,,,,,,,,,,
2024,16959,City of Seymour - (MO),M,Municipal,Y,1.0,MO,,,,,,,,,,,,,,,,,,,,,,,,,,,,,,
2024,16961,City of Seymour - (TX),M,Municipal,Y,1.0,TX,,,,,,,,,,,,,,,,,,4276.0,,,,,,,,,,,,
2024,16971,Shakopee Public Utilities Comm,M,Municipal,,1.0,MN,21575.0,138811.0,18517.0,1852.0,14028.0,1428.0,34037.0,273774.0,584.0,0.0,0.0,0.0,57464.0,426613.0,20529.0,57464.0,426613.0,205893.0,1865.0,,41.0,5.262,8.303,0.069,105.1,64.0,,449243.0,MRO,7637.842
2024,16988,City of Sharon Springs - (KS),M,Municipal,Y,1.0,KS,,,,,,,,,,,,,,,,,,,,,,,,,,,,,,
2024,16992,City of Stanton - (IA),M,Municipal,Y,1.0,IA,,,,,,,,,,,,,,,,,,,,,,,,,,,,,,
2024,17004,Town of Sharpsburg - (NC),M,Municipal,Y,3.0,NC,,,,,,,,,,,,,,,,,,,745.0,,,,,,,,,,,
2024,17008,"Sharyland Utilities, LLC",T,Transmission,,,,,,,,,,,,,,,,,,,,,,,,,,,,25.7,26.6,,,,
2024,17011,Shawano Municipal Utilities,M,Municipal,,1.0,WI,4285.0,33862.0,4932.0,1677.5,11443.0,1007.0,19329.8,217743.0,165.0,,,,25292.3,263048.0,6104.0,25292.3,263048.0,,6104.0,,218.0,,,,47.9,41.2,,267611.0,RFC,
2024,17028,City of Sheboygan Falls - (WI),M,Municipal,Y,1.0,WI,,,,,,,,,,,,,,,,,,,5411.0,,,,,,,,,,,
2024,17033,Sheffield Utilities,M,Municipal,,1.0,AL,28928.0,234217.0,15663.0,20201.0,142637.0,3895.0,17700.0,319756.0,8.0,0.0,0.0,0.0,66829.0,696610.0,19566.0,66829.0,696610.0,592666.0,4838.0,,7.0,,,,126.7,149.7,0.0,723344.0,SERC,
2024,17035,City of Shelbina - (MO),M,Municipal,Y,1.0,MO,,,,,,,,,,,,,,,,,,,999.0,,,,,,,,,,,
2024,17037,City of Shelby - (NC),M,Municipal,Y,1.0,NC,,,,,,,,,,,,,,,,,,,9580.0,,2.0,,,,,,,,,
2024,17038,RushShelby Energy,C,Cooperative,,9.0,IN,34432.0,203882.0,14761.0,6635.0,48631.0,267.0,15849.0,185616.0,13.0,,,,56916.0,438129.0,15041.0,56916.0,438129.0,400980.0,2356.0,,,2.084,,,93.1,93.1,,456866.0,RFC,
2024,17040,"Shelby Electric Coop, Inc - (IL)",C,Cooperative,,9.0,IL,22822.4,122528.0,9871.0,3541.1,26695.0,156.0,9406.4,85641.0,27.0,,,,35769.9,234864.0,10054.0,35769.9,234864.0,17.0,10570.0,1033.0,,4.576,,,49.7,45.1,,254798.0,RFC,
2024,17043,City of Shelby - (OH),M,Municipal,Y,1.0,OH,,,,,,,,,,,,,,,,,,0.0,5315.0,,,,,,,,,,,
2024,17044,"Shelby Energy Coop, Inc - (KY)",C,Cooperative,,10.0,KY,32654.0,247143.0,17437.0,9240.0,87359.0,627.0,11488.0,136815.0,12.0,,,,53382.0,471317.0,18076.0,53382.0,471317.0,489393.0,,,,4.032,527.6,2.0,99.1,128.4,,471317.0,SERC,
2024,17045,City of Sharon- (ND),M,Municipal,Y,1.0,ND,,,,,,,,,,,,,,,,,,,83.0,,,,,,,,,,,
2024,17046,City of Shelby - (IA),M,Municipal,Y,2.0,IA,,,,,,,,,,,,,,,,,,,,,,,,,,,,,,
2024,17047,City of Shelbyville - (TN),M,Municipal,,1.0,TN,14880.0,131389.0,9877.0,15390.0,133061.0,1863.0,6812.0,94363.0,6.0,0.0,0.0,0.0,37082.0,358813.0,11746.0,37082.0,358813.0,370559.0,0.0,,2.0,,24.833,0.534,74.7,84.3,0.0,368618.0,SERC,
2024,17066,Shenandoah Valley Elec Coop,C,Cooperative,,12.0,VA,164727.5,1192869.0,85281.0,64563.7,525096.0,15465.0,61845.6,679294.0,81.0,0.0,0.0,0.0,291136.8,2397259.0,100827.0,291136.8,2397259.0,1612381.0,28369.0,6623.0,16.0,35.194,480.8,2.95,563.0,594.5,,2502967.0,SERC,
2024,17074,City of Shelly - (MN),M,Municipal,Y,1.0,MN,,,,,,,,,,,,,,,,,,,,,,,,,,,,,,
2024,17079,Village of Sherburne - (NY),M,Municipal,Y,1.0,NY,,,,,,,,,,,,,,,,,,,2445.0,,,,,,,,,,,
2024,17085,City of Sherrill - (NY),M,Municipal,Y,2.0,NY,,,,,,,,,,,,,,,,,,,1492.0,,,,,,,,,,,
2024,17098,Village of Shiloh - (OH),M,Municipal,Y,1.0,OH,,,,,,,,,,,,,,,,,,,,,,,,,,,,,,
2024,17101,City of Shiner - (TX),M,Municipal,Y,1.0,TX,,,,,,,,,,,,,,,,,,42374.0,0.0,,,,,,,,,,,
2024,17106,Sho-Me Power Electric Coop,C,Cooperative,,,,,,,,,,,,,,,,,,,,,,,,,,,,679.1,969.1,533.0,3201094.0,SERC,
2024,17127,Town of Shrewsbury - (MA),M,Municipal,,1.0,MA,19669.0,137811.0,15713.0,6535.0,44781.0,1171.0,11705.0,96656.0,102.0,,,,37909.0,279248.0,16986.0,37909.0,279248.0,208498.0,7587.0,445.0,,3.1710000000000003,,,58.6,47.8,5967.0,209692.0,NPCC,
2024,17130,City of Shullsburg - (WI),M,Municipal,Y,1.0,WI,,,,,,,,,,,,,,,,,,,744.0,,2.0,,,,,,,,,
2024,17141,City of Sibley - (IA),M,Municipal,Y,1.0,IA,,,,,,,,,,,,,,,,,,,1523.0,,,,,,,,,,,
2024,17149,City of Sidney - (NE),M,Municipal,Y,1.0,NE,,,,,,,,,,,,,,,,,,67030.0,,,,,,,,,,,,
2024,17166,Sierra Pacific Power Co,I,Investor Owned,,14.0,NV,395796.6,2726243.0,330891.0,411871.9,4170299.0,49443.0,229122.4,4721538.0,1539.0,0.0,0.0,0.0,1036790.9,11618080.0,381873.0,1036790.9,11618080.0,11318918.0,1261.0,11867.0,6670.0,300.476,403.32,2.34,2127.0,1379.0,5502804.0,3856027.0,WECC,43924.0
2024,17177,City of Sikeston - (MO),M,Municipal,,2.0,MO,11219.3,113575.0,7058.0,12175.3,122501.0,1669.0,7237.0,114137.0,22.0,,,,30631.6,350213.0,8749.0,30631.6,350213.0,358962.0,,,,2.386,,,69.0,79.0,1592418.0,366371.0,SPP,
2024,17184,City of Siloam Springs - (AR),M,Municipal,,1.0,AR,10344.0,88813.0,8590.0,2708.0,20916.0,954.0,15995.0,196645.0,243.0,,,,29047.0,306374.0,9787.0,29047.0,306374.0,193735.0,488.0,,,0.818,14.347,0.133,67.7,51.3,,310980.0,SPP,
2024,17186,Village of Silver Springs - (NY),M,Municipal,Y,1.0,NY,,,,,,,,,,,,,,,,,,,456.0,,,,,,,,,,,
2024,17252,Singing River Elec Cooperative,C,Cooperative,,9.0,"AL,MS",141479.7,1050966.0,72679.0,41349.6,346429.0,7919.0,7570.8,78433.0,15.0,0.0,0.0,0.0,190400.1,1475828.0,80613.0,190400.1,1475828.0,1556442.0,,,65.0,,243.34,,344.0,473.3,,1550524.0,SERC,452.1
2024,17260,North West Rural Electric Coop,C,Cooperative,,11.0,IA,22965.9,247896.0,9400.0,34250.6,503569.0,926.0,555.1,6420.0,62.0,0.0,0.0,0.0,57771.6,757885.0,10388.0,57771.6,757885.0,768272.0,0.0,,,0.51,,,130.8,145.9,0.0,782032.0,MRO,
2024,17261,Slope Electric Coop Inc,C,Cooperative,,4.0,ND,5981.0,43295.0,3204.0,2827.0,19770.0,590.0,10621.0,141610.0,304.0,0.0,0.0,0.0,19429.0,204675.0,4098.0,19429.0,204675.0,208773.0,0.0,,,,,,26.3,38.6,,215972.0,MRO,
2024,17264,City of Sioux Center,M,Municipal,Y,1.0,IA,,,,,,,,,,,,,,,,,,128662.0,,,,,,,,,,,,
2024,17265,City of Sioux Falls - (SD),M,Municipal,Y,1.0,SD,,,,,,,,,,,,,,,,,,97679.0,,,,,,,,,,,,
2024,17267,Sioux Valley SW Elec Coop,C,Cooperative,,15.0,"MN,SD",52897.2,410959.0,25583.0,8755.8,55710.0,2935.0,40319.600000000006,457296.0,668.0,,,,101972.59999999999,923965.0,29186.0,101972.6,923965.0,953151.0,,,690.0,2.17,45.7915,0.9155,163.4,169.2,,941895.0,MRO,1500.0
2024,17271,City & Borough of Sitka - (AK),M,Municipal,Y,1.0,AK,,,,,,,,,,,,,,,,,,,,,,,,,,,,,,
2024,17279,PUD No 1 of Skamania Co,P,Political Subdivision,Y,1.0,WA,,,,,,,,,,,,,,,,,,42220.0,,,,,,,,,,,,
2024,17280,Village of Skaneateles - (NY),M,Municipal,Y,1.0,NY,,,,,,,,,,,,,,,,,,29946.0,2.0,,,,,,,,,,,
2024,17286,City of Skiatook - (OK),M,Municipal,Y,2.0,OK,,,,,,,,,,,,,,,,,,84841.0,,,,,,,,,,,,
2024,17290,Slash Pine Elec Member Corp,C,Cooperative,Y,7.0,GA,,,,,,,,,,,,,,,,,,,9387.0,,,,,,,,,,,
2024,17312,City of Slater - (MO),M,Municipal,Y,1.0,MO,,,,,,,,,,,,,,,,,,,1023.0,,,,,,,,,,,
2024,17320,Sleepy Eye Public Utility Comm,M,Municipal,Y,1.0,MN,,,,,,,,,,,,,,,,,,,1990.0,,,,,,,,,,,
2024,17324,Slinger Utilities,M,Municipal,,1.0,WI,2505.6,20765.0,2586.0,2472.4,21120.0,451.0,0.0,0.0,0.0,0.0,0.0,0.0,4978.0,41885.0,3037.0,4978.0,41885.0,44914.0,1.0,,10.0,0.352,,,11.2,8.6,0.0,43885.0,MISO,
2024,17337,Borough of Smethport - (PA),M,Municipal,Y,1.0,PA,,,,,,,,,,,,,,,,,,,,,,,,,,,,,,
2024,17451,Town of Smithfield - (NC),M,Municipal,Y,1.0,NC,,,,,,,,,,,,,,,,,,157535.0,,,,,,,,,,,,
2024,17452,City of Smithville - (TN),M,Municipal,,1.0,TN,3179.0,26250.0,2408.0,5534.0,44203.0,640.0,2528.0,41750.0,3.0,0.0,0.0,0.0,11241.0,112203.0,3051.0,11241.0,112203.0,115254.0,0.0,,1.0,,,,24.5,18.8,0.0,117124.0,SERC,
2024,17453,City of Smithville - (TX),M,Municipal,Y,1.0,TX,,,,,,,,,,,,,,,,,,42138.0,,,,,,,,,,,,
2024,17457,Town of Smyrna - (DE),M,Municipal,Y,2.0,DE,,,,,,,,,,,,,,,,,,116442.0,141.0,,,,,,,,,,,
2024,17470,PUD No 1 of Snohomish County,P,Political Subdivision,,2.0,WA,452788.0,3933257.0,346532.0,229745.0,2431764.0,35453.0,33545.0,440362.0,77.0,0.0,0.0,0.0,716078.0,6805383.0,382062.0,716078.0,6805383.0,1402303.0,325713.0,,24.0,102.03,620.9,2.48,1112.0,1603.0,427447.0,8569029.0,WECC,51441.235
2024,17492,"Socorro Electric Coop, Inc",C,Cooperative,Y,7.0,NM,,,,,,,,,,,,,,,,,,195369.0,,,1579.0,,,,,,,,,
2024,17493,City of Soda Springs - (ID),M,Municipal,Y,1.0,ID,,,,,,,,,,,,,,,,,,,1894.0,,,,,,,,,,,
2024,17497,City of Snyder - (NE),M,Municipal,Y,1.0,NE,,,,,,,,,,,,,,,,,,,,,,,,,,,,,,
2024,17512,Village of Solvay - (NY),M,Municipal,,1.0,NY,3769.0,58052.0,4680.0,1742.0,28889.0,476.0,23048.0,449220.0,26.0,,,,28559.0,536161.0,5182.0,28559.0,536161.0,,5182.0,,,,,,76.0,78.0,,536161.0,NPCC,
2024,17513,Southern California P P A,P,Political Subdivision,,,,,,,,,,,,,,,,,,,,,,,,,,,,,,6972331.0,6733000.0,WECC,
2024,17534,"South Alabama Elec Coop, Inc",C,Cooperative,,8.0,AL,31775.0,205849.0,16801.0,7082.0,49152.0,901.0,17011.0,153956.0,5.0,0.0,0.0,0.0,55868.0,408957.0,17707.0,55868.0,408957.0,426664.0,,,,,288.005,2.024,93.2,109.5,,426279.0,SERC,
2024,17539,"Dominion Energy South Carolina, Inc",I,Investor Owned,,11.0,SC,1258517.2,8626724.0,696385.0,919148.5,7842225.0,109264.0,388812.0,5253133.0,785.0,0.0,0.0,0.0,2566477.7,21722082.0,806434.0,2566477.7,21722082.0,14635757.0,9064.0,35.0,6217.0,296.677,1908.47,2.52,4710.0,4428.0,19041598.0,4116856.0,SERC,63368.0
2024,17540,"South Central Ark El Coop, Inc",C,Cooperative,,8.0,AR,16012.0,108938.0,9410.0,4672.0,31177.0,1247.0,8571.0,109945.0,18.0,,,,29255.0,250060.0,10675.0,29255.0,250060.0,,10675.0,,,,,,55.6,71.5,,261556.0,SERC,
2024,17543,South Carolina Public Service Authority,S,State,,3.0,SC,239381.3,2103044.0,185529.0,187643.1,1989136.0,30938.0,304621.7,5994535.0,27.0,0.0,0.0,0.0,731646.1,10086715.0,216494.0,731646.1000000001,10086715.0,10230612.0,95.0,1446.0,107.0,25.376,58.447,0.687,4949.0,5325.0,20396807.0,6981192.0,SERC,13058.984
2024,17548,South Central Public Pwr Dist,P,Political Subdivision,,7.0,NE,5910.6,61945.0,3777.0,10441.0,225222.0,1361.0,8984.0,77683.0,3430.0,0.0,0.0,0.0,25335.6,364850.0,8568.0,25335.6,364850.0,373418.0,0.0,1160.0,13.0,0.22,,,100.7,52.8,0.0,370185.0,SPP,480.496
2024,17550,South Central Electric Assn,C,Cooperative,,8.0,MN,11375.0,74853.0,4665.0,6926.0,52156.0,1266.0,6626.0,100573.0,13.0,,,,24927.0,227582.0,5944.0,24927.0,227582.0,233526.0,0.0,,,2.9480000000000004,71.696,0.954,39.2,35.8,,235183.0,MRO,
2024,17553,Town of South Coffeyville - (OK),M,Municipal,Y,1.0,OK,,,,,,,,,,,,,,,,,,,,,,,,,,,,,,
2024,17554,"South Carolina Genertg Co, Inc",I,Investor Owned,,,,,,,,,,,,,,,,,,,,,,,,,,,,570.0,582.0,1898619.0,,SERC,
2024,17560,Town of South Hadley - (MA),M,Municipal,Y,1.0,MA,,,,,,,,,,,,,,,,,,98232.0,1.0,,,,,,,,,,,
2024,17561,South Plains Electric Coop Inc,C,Cooperative,,18.0,TX,74650.4,721370.0,56173.0,41249.8,395786.0,11306.0,49340.8,634362.0,7922.0,,,,165241.0,1751518.0,75401.0,165241.0,1751518.0,,75401.0,,,2.168,,,422.3,291.0,,1824972.0,TRE,
2024,17562,City of South Haven - (MI),M,Municipal,Y,2.0,MI,,,,,,,,,,,,,,,,,,,,,,,,,,,,,,
2024,17564,South Kentucky Rural E C C,C,Cooperative,,13.0,"KY,TN",101380.0,784648.0,65029.0,13842.0,94779.0,6060.0,34843.0,359417.0,479.0,0.0,0.0,0.0,150065.0,1238844.0,71568.0,150065.0,1238844.0,1310412.0,,,,3.638,728.9,2.71,276.5,481.9,,1307602.0,SERC,
2024,17565,South Louisiana Elec Coop Assn,C,Cooperative,,5.0,LA,34782.0,258112.0,16997.0,27438.0,191188.0,4305.0,6840.0,52306.0,11.0,,,,69060.0,501606.0,21313.0,69060.0,501606.0,21313.0,21313.0,,,3.138,,,124.0,127.1,,523753.0,SERC,
2024,17568,Cooperative Energy,C,Cooperative,,,,,,,,,,,,,,,,,,,,,,,,,,,,1642.0,2041.0,11442076.0,4662990.0,SERC,
2024,17569,City of South Norwalk - (CT),M,Municipal,Y,1.0,CT,,,,,,,,,,,,,,,,,,96835.0,,,,,,,,,,,,
2024,17571,Borough of South River - (NJ),M,Municipal,Y,1.0,NJ,,,,,,,,,,,,,,,,,,,,,,,,,,,,,,
2024,17572,South River Elec Member Corp,C,Cooperative,,5.0,NC,91755.0,689832.0,45730.0,14128.0,146124.0,2625.0,831.0,10794.0,2.0,,,,106714.0,846750.0,48357.0,106714.0,846750.0,895107.0,,2915.0,296.0,12.27,,,206.7,262.8,,885763.0,SERC,409.13
2024,17576,"South Side Electric, Inc",C,Cooperative,Y,1.0,ID,,,,,,,,,,,,,,,,,,,,,,,,,,,,,,
2024,17577,City of South Sioux City,M,Municipal,,1.0,NE,6289.4,48767.0,5217.0,14413.9,182924.0,1006.0,,,,,,,20703.3,231691.0,6223.0,20703.3,231691.0,,6223.0,,1.0,9.904,,,43.2,40.5,,239739.0,MRO,
2024,17583,"South Texas Electric Coop, Inc",C,Cooperative,,,,,,,,,,,,,,,,,,,,,,,,,,,,1967.2,2160.2,920740.0,9620827.0,TRE,
2024,17585,"Southeastern IL Elec Coop, Inc",C,Cooperative,,10.0,IL,45231.0,312673.0,22731.0,12731.0,88535.0,2429.0,34575.0,332808.0,28.0,,,,92537.0,734016.0,25188.0,92537.0,734016.0,,25206.0,,,7.016,602.712,3.068,160.4,195.1,,757055.0,RFC,
2024,17588,South Vienna Corporation,M,Municipal,Y,1.0,OH,,,,,,,,,,,,,,,,,,,,,,,,,,,,,,
2024,17589,Town of South Whitley - (IN),M,Municipal,Y,1.0,IN,,,,,,,,,,,,,,,,,,,,,,,,,,,,,,
2024,17592,Southeast Colorado Power Assn,C,Cooperative,,11.0,CO,12390.0,71970.0,8148.0,17652.0,136010.0,2766.0,5467.0,40269.0,11.0,,,,35509.0,248249.0,10925.0,35509.0,248249.0,259173.0,,,31.0,4.156000000000001,674.8,,59.2,28.8,,273291.0,WECC,
2024,17593,"Southeast Electric Coop, Inc",C,Cooperative,Y,6.0,"MT,SD,WY",,,,,,,,,,,,,,,,,,74891.0,0.0,,,,,,,,,,,
2024,17599,Southeastern Indiana R E M C,C,Cooperative,,7.0,IN,54061.7,355150.0,26172.0,9962.4,71536.0,2343.0,7245.5,84169.0,10.0,,,,71269.6,510855.0,28525.0,71269.6,510855.0,,28525.0,1530.0,42.0,3.459,255.4,1.55,121.2,149.7,,537393.0,RFC,282.0
2024,17603,Southeastern Electric Coop Inc - (OK),C,Cooperative,,5.0,OK,20361.0,224018.0,15583.0,4913.3,40944.0,1625.0,10551.0,189454.0,10.0,,,,35825.3,454416.0,17218.0,35825.3,454416.0,471634.0,,,5.0,,325.2,2.252,98.1,131.7,,676258.0,SPP,
2024,17609,Southern California Edison Co,I,Investor Owned,,18.0,"AZ,CA,NV",7745773.0,27414312.0,4594415.0,8811759.0,48211694.0,679872.0,783798.0,4784643.0,23074.0,,,,17341330.0,80410649.0,5297361.0,17341330.0,80410649.0,54726667.0,43597.0,238881.0,3301482.0,13875.788999999999,158.299,0.99,23809.0,12296.0,10975259.0,57243486.0,WECC,150399.26
2024,17612,Bear Valley Electric Service,I,Investor Owned,,1.0,CA,26596.1,86717.0,23327.0,9982.0,33935.0,1485.0,3689.0,17623.0,7.0,0.0,0.0,0.0,40267.1,138275.0,24819.0,40267.1,138275.0,,24819.0,,24.0,12.485999999999999,101.0,0.9,28.7,38.0,1454.0,156172.0,WECC,6.74
2024,17622,Southern Electric Gen Co,I,Investor Owned,,,,,,,,,,,,,,,,,,,,,,,,,,,,,,1416128.0,,SERC,
2024,17631,Southern Illinois Elec Coop,C,Cooperative,Y,8.0,IL,,,,,,,,,,,,,,,,,,185397.0,,,,,,,,,,,,
2024,17632,Southern Illinois Power Coop,C,Cooperative,,,,,,,,,,,,,,,,,,,,,,,,,,,,403.0,454.2,1615912.0,727641.0,SERC,
2024,17633,Southern Indiana Gas & Elec Co,I,Investor Owned,,7.0,IN,249368.5,1423253.0,133795.0,182118.8,1161784.0,19466.0,191142.0,2233775.0,110.0,,,,622629.3,4818812.0,153371.0,622629.3,4818812.0,4979385.0,,35404.0,,40.042,,,1178.0,947.0,1961695.0,2995382.0,RFC,35291.0
2024,17637,Southern Maryland Elec Coop Inc,C,Cooperative,,4.0,MD,324671.69999999995,2204121.0,160882.0,153021.19999999998,1237133.0,16273.0,0.0,0.0,0.0,0.0,0.0,0.0,477692.9,3441254.0,177155.0,477692.8999999999,3441254.0,3612025.0,358.0,7089.0,1406.0,181.08999999999997,145.98,1.31,853.8,864.3,,1079504.0,RFC,81043.0
2024,17642,Southern Public Power District,P,Political Subdivision,,17.0,"KS,NE",21776.1,236324.0,15215.0,18459.3,365095.0,2852.0,49092.9,770360.0,9968.0,0.0,0.0,0.0,89328.3,1371779.0,28035.0,89328.29999999999,1371779.0,1399814.0,0.0,,,1.34,,,327.1,146.6,,1432187.0,MRO,2325.035
2024,17643,"Southern Iowa Elec Coop, Inc",C,Cooperative,Y,4.0,IA,,,,,,,,,,,,,,,,,,77230.0,,,4792.0,,,,,,,,,
2024,17646,"Southern Pine Elec Coop, Inc",C,Cooperative,,5.0,AL,36514.0,262752.0,20645.0,19768.0,174656.0,1994.0,4223.0,40406.0,28.0,,,,60505.0,477814.0,22667.0,60505.0,477814.0,499850.0,,,2.0,0.004,,,89.4,127.7,,496873.0,SERC,
2024,17647,Southern Pine Electric Cooperative,C,Cooperative,,11.0,MS,127681.9,911422.0,65176.0,42076.0,327403.0,5549.0,59628.6,639465.0,46.0,,,,229386.5,1878290.0,70771.0,229386.5,1878290.0,1949061.0,,,18.0,2.786,1003.22,6.287,456.3,552.8,,1947848.0,SERC,487.6
2024,17668,City of Southport - (NC),M,Municipal,Y,1.0,NC,,,,,,,,,,,,,,,,,,62700.0,,,3532.0,,,,,,,,,
2024,17671,Southwest Arkansas E C C,C,Cooperative,,11.0,"AR,OK,TX",50051.9,387203.0,26186.0,15883.699999999999,141573.0,3108.0,13985.0,186236.0,4.0,0.0,0.0,0.0,79920.6,715012.0,29298.0,79920.6,715012.0,557934.0,7.0,5.0,,2.6759999999999997,408.624,2.209,148.2,177.6,0.0,752055.0,,
2024,17681,Southwest Rural Elec Assn Inc,C,Cooperative,Y,10.0,"OK,TX",,,,,,,,,,,,,,,,,,181860.0,,,,,,,,,,,,
2024,17683,Southwest Mississippi E P A,C,Cooperative,,9.0,MS,40677.4,270673.0,23153.0,11065.5,81407.0,2247.0,10637.0,110243.0,16.0,,,,62379.9,462323.0,25416.0,62379.9,462323.0,487739.0,,,2.0,,3672.1,,101.0,133.5,,491931.0,SERC,
2024,17684,Southwest Louisiana E M C,C,Cooperative,,9.0,LA,206788.1,1789693.0,108368.0,60015.1,483081.0,8953.0,24458.6,253487.0,25.0,,,,291261.8,2526261.0,117346.0,291261.8,2526261.0,2487444.0,88.0,5.0,5.0,14.182,,,608.0,815.9,,2665177.0,SERC,
2024,17692,Southwest Public Power Dist,P,Political Subdivision,,6.0,NE,3486.3,34326.0,2186.0,5358.4,51136.0,2659.0,13469.2,135157.0,1439.0,,,,22313.9,220619.0,6284.0,22313.9,220619.0,226656.0,,1211.0,,0.092,208.36,1.71,90.8,28.3,,238906.0,MRO,
2024,17693,"Southwest Texas Elec Coop, Inc",C,Cooperative,,12.0,TX,5329.0,39339.0,5886.0,4341.0,32219.0,3576.0,18415.0,240181.0,442.0,,,,28085.0,311739.0,9904.0,28085.0,311739.0,502.0,9904.0,,,,,,47.0,43.0,,336421.0,TRE,
2024,17694,Southwest Tennessee E M C,C,Cooperative,,9.0,TN,87419.0,677417.0,43750.0,34189.0,238284.0,8602.0,1184.0,17304.0,1.0,0.0,0.0,0.0,122792.0,933005.0,52353.0,122792.0,933005.0,985358.0,0.0,,21.0,,,,258.2,231.7,0.0,986193.0,SERC,
2024,17697,Southwestern Electric Coop Inc - (IL),C,Cooperative,,11.0,IL,45817.6,334854.0,24822.0,10688.4,81391.0,445.0,7811.3,67331.0,17.0,,,,64317.3,483576.0,25284.0,64317.3,483576.0,505272.0,,,,,304.79,2.214,113.7,95.9,0.0,496076.0,SERC,
2024,17698,Southwestern Electric Power Co,I,Investor Owned,,50.0,"AR,LA,TX",726517.0,5767234.0,471384.0,574684.2,5535619.0,76123.0,349059.9,5101651.0,6627.0,,,,1650261.1,16404504.0,554134.0,1650261.1,16404504.0,9032245.0,222125.0,8.0,496037.0,79.55699999999999,1006.3666666666668,2.894666666666667,4593.0,4845.0,15189520.0,8316081.0,SPP,89234.0
2024,17710,"Spark Energy, LP",R,Retail Power Marketer,,,,77926.0,461274.0,40680.0,4515.0,26374.0,1248.0,0.0,0.0,0.0,0.0,0.0,0.0,82441.0,487648.0,41928.0,82441.0,487648.0,,,,,,,,,,,520273.0,TRE,
2024,17715,Southwestern Electric Coop Inc - (NM),C,Cooperative,,8.0,"CO,NM,OK,TX",2322.1,9660.0,1449.0,1593.0,9561.0,327.0,21141.4,268918.0,396.0,,,,25056.5,288139.0,2172.0,25056.5,288139.0,249.0,2165.0,,,0.56,,,44.4,39.2,,295140.0,WECC,
2024,17716,Southwestern Power Administration,F,Federal,,,,,,,,,,,,,,,,,,,,,,,,,,,,1763.0,1708.0,4521482.0,306576.0,MRO,
2024,17718,Southwestern Public Service Co,I,Investor Owned,,51.0,"NM,TX",484710.9,3753854.0,322686.0,528126.1,6130103.0,85743.0,718182.4,15371469.0,340.0,0.0,0.0,0.0,1731019.4,25255426.0,408769.0,1731019.4,25255426.0,2244980.0,211847.0,7169.0,388.0,57.802,174.815,1.2149999999999999,4458.0,3559.0,15973950.0,13437266.0,SPP,101124.0
2024,17727,Village of Spalding - (NE),M,Municipal,Y,1.0,NE,,,,,,,,,,,,,,,,,,,,,,,,,,,,,,
2024,17732,Spanish Fork City Corporation,M,Municipal,,1.0,UT,13461.0,133336.0,13988.0,11025.0,117231.0,2143.0,3864.0,57312.0,11.0,0.0,0.0,0.0,28350.0,307879.0,16142.0,28350.0,307879.0,324021.0,0.0,,,9.472,,,86.0,57.0,,330041.0,WECC,
2024,17740,City of Sparta,M,Municipal,,1.0,TN,3066.0,25681.0,2258.0,5638.0,47364.0,830.0,4138.0,50022.0,4.0,0.0,0.0,0.0,12842.0,123067.0,3092.0,12842.0,123067.0,126159.0,0.0,,,,,,26.1,19.5,0.0,126336.0,SERC,
2024,17754,City of Summerfield - (KS),M,Municipal,Y,1.0,KS,,,,,,,,,,,,,,,,,,,,,,,,,,,,,,
2024,17783,City of Spencer - (IA),M,Municipal,Y,1.0,IA,,,,,,,,,,,,,,,,,,157582.0,,,,,,,,,,,,
2024,17787,City of Spencer - (NE),M,Municipal,Y,1.0,NE,,,,,,,,,,,,,,,,,,,,,,,,,,,,,,
2024,17789,Village of Spencerport - (NY),M,Municipal,Y,1.0,NY,,,,,,,,,,,,,,,,,,,2940.0,,,,,,,,,,,
2024,17790,Town of Spiceland - (IN),M,Municipal,Y,1.0,IN,,,,,,,,,,,,,,,,,,,603.0,,,,,,,,,,,
2024,17802,Town of Spiro - (OK),M,Municipal,Y,1.0,OK,,,,,,,,,,,,,,,,,,,,,,,,,,,,,,
2024,17811,City of Spooner - (WI),M,Municipal,Y,1.0,WI,,,,,,,,,,,,,,,,,,,1868.0,,,,,,,,,,,
2024,17823,City of Spring Grove,M,Municipal,Y,1.0,MN,,,,,,,,,,,,,,,,,,,,,,,,,,,,,,
2024,17824,Spring Valley Pub Utils Comm,M,Municipal,Y,1.0,MN,,,,,,,,,,,,,,,,,,,1359.0,,,,,,,,,,,
2024,17826,"Springer Electric Coop, Inc",C,Cooperative,,5.0,NM,2854.0,15017.0,2453.0,3143.0,20908.0,626.0,11994.0,163717.0,5.0,,,,17991.0,199642.0,3084.0,17991.0,199642.0,38894.0,114.0,,57.0,0.25,,,27.4,28.4,2030.0,206138.0,WECC,
2024,17827,Town of Springer - (NM),M,Municipal,Y,1.0,NM,,,,,,,,,,,,,,,,,,,717.0,,,,,,,,,,,
2024,17828,City of Springfield - (IL),M,Municipal,,1.0,IL,70964.8,593685.0,59621.0,115980.9,874808.0,11558.0,,,,,,,186945.7,1468493.0,71179.0,186945.7,1468493.0,10.0,70121.0,,42.0,19.55,,,376.0,291.0,611680.0,1092027.0,SERC,2247.965
2024,17829,City of Springfield - (TN),M,Municipal,,1.0,TN,11338.0,98887.0,7675.0,11259.0,118479.0,1463.0,4212.0,70841.0,6.0,0.0,0.0,0.0,26809.0,288207.0,9144.0,26809.0,288207.0,297351.0,0.0,,2.0,,,,63.8,64.5,0.0,300903.0,SERC,
2024,17832,Snapping Shoals El Member Corp,C,Cooperative,,8.0,GA,201056.0,1625834.0,105253.0,30985.0,273019.0,4440.0,16211.0,219312.0,49.0,,,,248252.0,2118165.0,109742.0,248252.0,2118165.0,2227906.0,,109742.0,,,219.055,1.612,553.8,543.9,,2173473.0,SERC,21919.66
2024,17833,City Utilities of Springfield - (MO),M,Municipal,,1.0,MO,120995.5,1055318.0,105029.0,147741.7,1573861.0,16341.0,35592.8,447202.0,233.0,0.0,0.0,0.0,304330.0,3076381.0,121603.0,304330.0,3076381.0,3186269.0,138.0,,,17.392,65.328,0.998,731.0,563.0,2544344.0,1792017.0,,874.0
2024,17834,City of Springfield - (CO),M,Municipal,Y,1.0,CO,,,,,,,,,,,,,,,,,,,944.0,,,,,,,,,,,
2024,17836,Springfield Public Utils Comm - (MN),M,Municipal,Y,1.0,MN,,,,,,,,,,,,,,,,,,,,,,,,,,,,,,
2024,17838,"Spoon River Electric Coop, Inc",C,Cooperative,Y,5.0,IL,,,,,,,,,,,,,,,,,,,4893.0,,,,,,,,,,,
2024,17839,City of Springfield - (OR),M,Municipal,,1.0,OR,29315.7,361741.0,29882.0,18293.3,233897.0,3141.0,9215.9,127870.0,124.0,,,,56824.9,723508.0,33147.0,56824.9,723508.0,19010.0,33553.0,,,2.234,28.209,0.326,133.9,150.7,,748523.0,WECC,1490.15
2024,17844,Spring City Corporation,M,Municipal,Y,1.0,UT,,,,,,,,,,,,,,,,,,,638.0,,,,,,,,,,,
2024,17845,City of Springville - (UT),M,Municipal,,1.0,UT,13120.4,102925.0,10852.0,13221.1,113685.0,1512.0,6980.9,77961.0,2.0,,,,33322.4,294571.0,12366.0,33322.4,294571.0,245934.0,4924.0,,,5.086,154.545,1.426,72.0,44.9,12395.0,297843.0,WECC,
2024,17846,Village of Springville - (NY),M,Municipal,Y,1.0,NY,,,,,,,,,,,,,,,,,,,2558.0,,,,,,,,,,,
2024,17858,Square Butte Electric Coop,C,Cooperative,,,,,,,,,,,,,,,,,,,,,,,,,,,,495.0,499.0,3016577.0,,MRO,
2024,17860,City of St Charles - (IL),M,Municipal,,2.0,IL,17468.0,113684.0,14181.0,23492.0,170525.0,2239.0,19276.0,189472.0,41.0,0.0,0.0,0.0,60236.0,473681.0,16461.0,60236.0,473681.0,16461.0,16461.0,,,5.3839999999999995,,,115.0,70.5,0.0,490861.0,RFC,
2024,17862,City of St Charles - (MN),M,Municipal,Y,1.0,MN,,,,,,,,,,,,,,,,,,0.0,1918.0,,,,,,,,,,,
2024,17865,City of St Clairsville - (OH),M,Municipal,Y,1.0,OH,,,,,,,,,,,,,,,,,,47734.0,,,,,,,,,,,,
2024,17868,St Croix Electric Coop,C,Cooperative,Y,4.0,WI,,,,,,,,,,,,,,,,,,212703.0,,,1988.0,,,,,,,,,
2024,17872,City of St Francis - (KS),M,Municipal,Y,1.0,KS,,,,,,,,,,,,,,,,,,0.0,1012.0,,,,,,,,,,,
2024,17874,City of St George,M,Municipal,,1.0,UT,38198.4,335123.0,28436.0,37972.1,381696.0,5097.0,0.0,0.0,0.0,0.0,0.0,0.0,76170.5,716819.0,33533.0,76170.5,716819.0,,33533.0,,,16.983999999999998,30.034,,223.5,110.3,148028.0,598283.0,WECC,
2024,17876,City of St James - (MN),M,Municipal,Y,1.0,MN,,,,,,,,,,,,,,,,,,,2204.0,,,,,,,,,,,
2024,17877,City of St James - (MO),M,Municipal,Y,1.0,MO,,,,,,,,,,,,,,,,,,53656.0,,,,,,,,,,,,
2024,17879,City of St. John - (KS),M,Municipal,Y,1.0,KS,,,,,,,,,,,,,,,,,,10476.0,,,,,,,,,,,,
2024,17886,City of St Louis - (MI),M,Municipal,Y,1.0,MI,,,,,,,,,,,,,,,,,,,1875.0,,,,,,,,,,,
2024,17889,City of St Martinville - (LA),M,Municipal,Y,1.0,LA,,,,,,,,,,,,,,,,,,6222.0,2090.0,,,,,,,,,,,
2024,17891,City of St Marys - (OH),M,Municipal,Y,1.0,OH,,,,,,,,,,,,,,,,,,176351.0,,,,,,,,,,,,
2024,17894,City of St Marys - (KS),M,Municipal,Y,1.0,KS,,,,,,,,,,,,,,,,,,,,,,,,,,,,,,
2024,17896,City of Shasta Lake - (CA),M,Municipal,,1.0,CA,8193.8,42533.0,4268.0,2300.0,11756.0,315.0,23466.5,140150.0,14.0,,,,33960.3,194439.0,4597.0,33960.3,194439.0,199036.0,,,1.0,3.34,76.5,0.64,37.9,31.4,,199209.0,WECC,80.0
2024,17898,City of Saint Paul - (AK),M,Municipal,Y,1.0,AK,,,,,,,,,,,,,,,,,,,,,,,,,,,,,,
2024,17899,City of St Paul - (NE),M,Municipal,Y,1.0,NE,,,,,,,,,,,,,,,,,,,1251.0,,,,,,,,,,,
2024,17900,City of Saint Peter,M,Municipal,Y,2.0,MN,,,,,,,,,,,,,,,,,,68386.0,0.0,,,,,,,,,,,
2024,17918,City of St Robert - (MO),M,Municipal,Y,1.0,MO,,,,,,,,,,,,,,,,,,,,,,,,,,,,,,
2024,17924,City of Stafford - (KS),M,Municipal,Y,1.0,KS,,,,,,,,,,,,,,,,,,,,,,,,,,,,,,
2024,17946,City of Stanberry - (MO),M,Municipal,Y,1.0,MO,,,,,,,,,,,,,,,,,,,,,,,,,,,,,,
2024,17979,Stanton County Public Pwr Dist,P,Political Subdivision,Y,5.0,NE,,,,,,,,,,,,,,,,,,287532.0,0.0,,,,,,,,,,,
2024,17981,Town of Stantonsburg - (NC),M,Municipal,Y,3.0,NC,,,,,,,,,,,,,,,,,,,1255.0,,,,,,,,,,,
2024,17983,City of Staples- (MN),M,Municipal,Y,1.0,MN,,,,,,,,,,,,,,,,,,,,,,,,,,,,,,
2024,18004,City of Starke - (FL),M,Municipal,Y,1.0,FL,,,,,,,,,,,,,,,,,,,,,,,,,,,,,,
2024,18006,City of Starkville,M,Municipal,,1.0,MS,15748.0,130418.0,12632.0,28859.0,279606.0,1761.0,1891.0,25901.0,2.0,0.0,0.0,0.0,46498.0,435925.0,14395.0,46498.0,435925.0,450320.0,0.0,,4.0,,,,96.3,75.8,0.0,451341.0,SERC,
2024,18014,City of State Center - (IA),M,Municipal,Y,2.0,IA,,,,,,,,,,,,,,,,,,,1020.0,,,,,,,,,,,
2024,18019,Stearns Cooperative Elec Assn,C,Cooperative,,6.0,MN,52381.8,377521.0,26138.0,11251.9,95867.0,1803.0,4983.9,50919.0,617.0,,,,68617.6,524307.0,28558.0,68617.6,524307.0,560099.0,3.0,,2.0,7.279999999999999,132.623,0.817,102.2,107.6,21.0,546530.0,MRO,
2024,18022,City of Statesville - (NC),M,Municipal,,1.0,NC,15148.0,129403.0,12120.0,19394.0,186929.0,2627.0,10782.0,123599.0,58.0,,,,45324.0,439931.0,14805.0,45324.0,439931.0,366471.0,17.0,,38.0,,87.109,0.782,98.1,84.9,,458429.0,SERC,
2024,18045,City of Steelville,M,Municipal,Y,1.0,MO,,,,,,,,,,,,,,,,,,,,,,,,,,,,,,
2024,18047,Steele-Waseca Cooperative Electric,C,Cooperative,,9.0,MN,18893.9,120886.0,10725.0,9237.9,68578.0,1274.0,15331.9,160761.0,47.0,,,,43463.7,350225.0,12046.0,43463.700000000004,350225.0,361312.0,61.0,,20.0,8.568,41.0,0.48,62.6,53.4,,360840.0,MRO,
2024,18051,Town of Steilacoom,M,Municipal,Y,1.0,WA,,,,,,,,,,,,,,,,,,,,,,,,,,,,,,
2024,18063,City of Stephen - (MN),M,Municipal,Y,1.0,MN,,,,,,,,,,,,,,,,,,,,,,,,,,,,,,
2024,18074,City of Stephenson - (MI),M,Municipal,Y,1.0,MI,,,,,,,,,,,,,,,,,,,512.0,,,,,,,,,,,
2024,18085,South Central Power Company,C,Cooperative,,24.0,OH,225096.0,1514090.0,117469.0,50875.2,374616.0,10093.0,85389.0,793864.0,289.0,0.0,0.0,0.0,361360.2,2682570.0,127851.0,361360.2,2682570.0,2810116.0,24.0,,,,319.821,2.521,555.8,502.5,,2878087.0,RFC,
2024,18086,City of Sterling - (KS),M,Municipal,Y,2.0,KS,,,,,,,,,,,,,,,,,,,,,,,,,,,,,,
2024,18087,Town of Sterling - (MA),M,Municipal,Y,1.0,MA,,,,,,,,,,,,,,,,,,72678.0,0.0,,81.0,,,,,,,,,
2024,18100,Steuben County Rural E M C,C,Cooperative,Y,3.0,IN,,,,,,,,,,,,,,,,,,225550.0,,,,,,,,,,,,
2024,18102,"Steuben Rural Elec Coop, Inc",C,Cooperative,Y,4.0,NY,,,,,,,,,,,,,,,,,,94437.0,,,47.0,,,,,,,,,
2024,18125,Stillwater Utilities Authority,M,Municipal,,1.0,OK,27913.0,210623.0,19640.0,21576.0,183115.0,2546.0,4075.0,45813.0,5.0,,,,53564.0,439551.0,22191.0,53564.0,439551.0,330666.0,2284.0,1.0,,1.022,145.05,1.04,122.0,88.0,,486705.0,SPP,
2024,18126,City of Stilwell - (OK),M,Municipal,Y,1.0,OK,,,,,,,,,,,,,,,,,,10447.0,0.0,,,,,,,,,,,
2024,18129,City of Stratton - (NE),M,Municipal,Y,1.0,NE,,,,,,,,,,,,,,,,,,,,,,,,,,,,,,
2024,18137,City of Stockton - (KS),M,Municipal,Y,1.0,KS,,,,,,,,,,,,,,,,,,,934.0,,,,,,,,,,,
2024,18177,City of Story City - (IA),M,Municipal,Y,3.0,IA,,,,,,,,,,,,,,,,,,,1901.0,,,,,,,,,,,
2024,18181,City of Stoughton - (WI),M,Municipal,,2.0,WI,8030.8,63755.0,8391.0,6068.2,57526.0,1049.0,1718.6,18709.0,3.0,0.0,0.0,0.0,15817.6,139990.0,9443.0,15817.6,139990.0,41208.0,9023.0,,108.0,5.928000000000001,56.255,0.568,36.2,24.1,0.0,146082.0,MISO,
2024,18193,Direct Energy Business,R,Retail Power Marketer,,,,0.0,0.0,0.0,1457989.0,15313762.0,62137.0,3841875.6,46600144.0,5880.0,11681.4,136008.0,2.0,5311546.0,62049914.0,68019.0,5311546.0,62049914.0,,,,,,,,,,,65150223.0,,
2024,18199,"Swisher Electric Coop, Inc",C,Cooperative,Y,6.0,TX,,,,,,,,,,,,,,,,,,170352.0,,,,,,,,,,,,
2024,18200,Village of Stratford - (WI),M,Municipal,Y,1.0,WI,,,,,,,,,,,,,,,,,,,,,,,,,,,,,,
2024,18201,City of Stratford - (IA),M,Municipal,Y,2.0,IA,,,,,,,,,,,,,,,,,,,,,,,,,,,,,,
2024,18203,Tallapoosa River Elec Coop Inc,C,Cooperative,,8.0,AL,59051.0,410431.0,29578.0,6810.5,52727.0,952.0,15139.5,141563.0,12.0,,,,81001.0,604721.0,30542.0,81001.0,604721.0,635263.0,,1.0,,,377.686,2.26,133.0,190.0,,624055.0,SERC,
2024,18204,City of Strawberry Point,M,Municipal,Y,1.0,IA,,,,,,,,,,,,,,,,,,,715.0,,,,,,,,,,,
2024,18205,Strawberry Water Users Assn,I,Investor Owned,,,,,,,,,,,,,,,,,,,,,,,,,,,,,,14491.0,,WECC,
2024,18206,Strawberry Electric Serv Dist,P,Political Subdivision,,1.0,UT,7573.3,49963.0,3593.0,1674.0,10455.0,452.0,382.2,2925.0,27.0,0.0,0.0,0.0,9629.5,63343.0,4072.0,9629.5,63343.0,2.0,4109.0,,,4.292,167.042,,18.6,10.5,,66595.0,WECC,
2024,18217,City of Stromsburg - (NE),M,Municipal,Y,1.0,NE,,,,,,,,,,,,,,,,,,,1014.0,,,,,,,,,,,
2024,18224,City of Stroud - (OK),M,Municipal,Y,1.0,OK,,,,,,,,,,,,,,,,,,0.0,1508.0,,,,,,,,,,,
2024,18230,City of Stuart - (NE),M,Municipal,Y,1.0,NE,,,,,,,,,,,,,,,,,,,441.0,,,,,,,,,,,
2024,18231,City of Stuart - (IA),M,Municipal,Y,2.0,IA,,,,,,,,,,,,,,,,,,,982.0,,,,,,,,,,,
2024,18249,City of Sturgeon Bay - (WI),M,Municipal,,1.0,WI,6673.8,53539.0,7786.0,8424.2,79748.0,1842.0,1155.8,13903.0,1.0,0.0,0.0,0.0,16253.8,147190.0,9629.0,16253.8,147190.0,156779.0,2.0,,345.0,0.8439999999999999,27.7,0.3,31.9,25.7,0.0,152716.0,MISO,
2024,18250,Town of Straughn - (IN),M,Municipal,Y,1.0,IN,,,,,,,,,,,,,,,,,,1209.0,,,,,,,,,,,,
2024,18252,City of Sturgis - (MI),M,Municipal,,1.0,MI,7027.5,47785.0,6117.0,6416.7,37596.0,992.0,12594.8,119701.0,64.0,,,,26039.0,205082.0,7173.0,26039.0,205082.0,212255.0,0.0,,30.0,0.238,13.907,0.156,46.1,33.3,12729.0,210903.0,RFC,914.25
2024,18260,Surprise Valley Electrification,C,Cooperative,,4.0,"CA,NV,OR",6518.799999999999,50087.0,4002.0,2144.1,15588.0,1473.0,9133.1,76604.0,1237.0,0.0,0.0,0.0,17796.0,142279.0,6712.0,17796.0,142279.0,,6712.0,,,0.5,,,37.3,16.9,,158611.0,WECC,
2024,18273,City of Sullivan - (MO),M,Municipal,Y,2.0,MO,,,,,,,,,,,,,,,,,,,4056.0,,,,,,,,,,,
2024,18277,City of Sullivan - (IL),M,Municipal,Y,1.0,IL,,,,,,,,,,,,,,,,,,60681.0,0.0,,,,,,,,,,,
2024,18280,Sulphur Springs Valley E C Inc,C,Cooperative,,4.0,AZ,55275.9,409660.0,46008.0,51295.2,477743.0,8388.0,5737.0,47879.0,6.0,0.0,,,112308.1,935282.0,54402.0,112308.1,935282.0,989684.0,,799.0,123.0,41.646,138.27,1.32,228.8,119.6,112034.0,868388.0,WECC,265.075
2024,18282,City of Sumas - (WA),M,Municipal,Y,1.0,WA,,,,,,,,,,,,,,,,,,,862.0,,,,,,,,,,,
2024,18284,Borough of Summerhill - (PA),M,Municipal,Y,1.0,PA,,,,,,,,,,,,,,,,,,,293.0,,,,,,,,,,,
2024,18301,City of Sumner - (IA),M,Municipal,Y,1.0,IA,,,,,,,,,,,,,,,,,,,,,,,,,,,,,,
2024,18304,"Sumter Electric Coop, Inc",C,Cooperative,,7.0,FL,367528.6,2808084.0,228855.0,44819.3,304004.0,22092.0,92054.8,1033135.0,1420.0,,,,504402.7,4145223.0,252367.0,504402.69999999995,4145223.0,3291273.0,71295.0,8.0,8.0,75.268,,,966.7,834.9,,4287051.0,FRCC,104.7
2024,18305,Sumter Electric Member Corp,C,Cooperative,,11.0,GA,33043.4,233692.0,15049.0,17745.8,108896.0,6255.0,3567.9,31350.0,10.0,,,,54357.1,373938.0,21314.0,54357.1,373938.0,395252.0,,,934.0,2.9240000000000004,218.1,,110.2,108.9,,393227.0,SERC,
2024,18312,Sun Prairie Utilities,M,Municipal,,1.0,WI,14259.6,117532.0,16647.0,14416.6,141336.0,1846.0,2579.9,31300.0,5.0,0.0,0.0,0.0,31256.1,290168.0,18498.0,31256.100000000002,290168.0,308651.0,13.0,,383.0,7.007999999999999,33.54,1.01,72.5,48.0,0.0,299202.0,MISO,
2024,18315,Sunflower Electric Power Corp,C,Cooperative,,,,,,,,,,,,,,,,,,,,,,,,,,,,894.0,597.0,1488855.0,3605679.0,SPP,
2024,18316,"Sumner-Cowley Elec Coop, Inc",C,Cooperative,Y,6.0,KS,,,,,,,,,,,,,,,,,,85652.0,,,,,,,,,,,,
2024,18330,City of Superior - (NE),M,Municipal,Y,1.0,NE,,,,,,,,,,,,,,,,,,43784.0,,,,,,,,,,,,
2024,18336,Superior Water and Light Co,I,Investor Owned,,1.0,WI,13217.3,85631.0,13072.0,14069.1,119525.0,2507.0,67168.2,818646.0,112.0,0.0,0.0,0.0,94454.6,1023802.0,15691.0,94454.6,1023802.0,208401.0,599.0,,95.0,,22.44,0.281,142.0,140.0,,1033941.0,MRO,
2024,18339,Surry-Yadkin Elec Member Corp,C,Cooperative,,5.0,NC,55836.0,347700.0,28080.0,2439.9,21594.0,297.0,380.6,2697.0,2.0,0.0,0.0,0.0,58656.5,371991.0,28379.0,58656.5,371991.0,400229.0,10.0,,1444.0,,1432.316,3.064,89.6,107.3,,398764.0,SERC,142.88
2024,18354,City of Sutton - (NE),M,Municipal,Y,1.0,NE,,,,,,,,,,,,,,,,,,,941.0,,,,,,,,,,,
2024,18360,Suwannee Valley Elec Coop Inc,C,Cooperative,,4.0,FL,51648.0,344357.0,25934.0,15403.0,116808.0,3450.0,7948.0,102096.0,8.0,,,,74999.0,563261.0,29392.0,74999.0,563261.0,592653.0,0.0,,367.0,3.866,7274.8,9.204,127.0,116.0,,586240.0,FRCC,541.441
2024,18371,Village of Swanton - (VT),M,Municipal,Y,1.0,VT,,,,,,,,,,,,,,,,,,,,,,,,,,,,,,
2024,18383,Taylor Electric Coop - (WI),C,Cooperative,Y,4.0,WI,,,,,,,,,,,,,,,,,,71892.0,,,166.0,,,,,,,,,
2024,18384,City of Sweetwater,M,Municipal,,1.0,TN,13451.0,115794.0,7534.0,9958.0,82018.0,2332.0,4612.0,51510.0,4.0,0.0,0.0,0.0,28021.0,249322.0,9870.0,28021.0,249322.0,61380.0,9866.0,,3.0,,,,51.9,66.5,0.0,258489.0,SERC,
2024,18393,Village of Sycamore - (OH),M,Municipal,Y,1.0,OH,,,,,,,,,,,,,,,,,,,,,,,,,,,,,,
2024,18395,Sylacauga Utilities Board,M,Municipal,Y,1.0,AL,,,,,,,,,,,,,,,,,,207575.0,,,,,,,,,,,,
2024,18397,City of Sylvania - (GA),M,Municipal,,2.0,GA,2845.4,22086.0,1913.0,17968.4,303638.0,461.0,16697.3,497206.0,2.0,,,,37511.1,822930.0,2376.0,37511.100000000006,822930.0,2376.0,2376.0,,3.0,,,,75.1,76.3,,848844.0,SERC,
2024,18401,"Sun River Electric Coop, Inc",C,Cooperative,Y,8.0,MT,,,,,,,,,,,,,,,,,,108346.0,,,,,,,,,,,,
2024,18403,City of Sylvester - (GA),M,Municipal,Y,1.0,GA,,,,,,,,,,,,,,,,,,,2924.0,,,,,,,,,,,
2024,18408,City of Syracuse - (NE),M,Municipal,Y,1.0,NE,,,,,,,,,,,,,,,,,,,1238.0,,,,,,,,,,,
2024,18428,Village of Talmage - (NE),M,Municipal,Y,1.0,NE,,,,,,,,,,,,,,,,,,,164.0,,,,,,,,,,,
2024,18429,City of Tacoma - (WA),M,Municipal,,4.0,WA,212225.8,1962766.0,180357.0,32954.3,319870.0,20032.0,160128.6,2081037.0,2795.0,75.2,791.0,1.0,405383.9,4364464.0,203185.0,405383.89999999997,4364464.0,346653.0,189064.0,,,39.06,170.78,0.93,718.3,992.9,2140141.0,3630088.0,WECC,36969.526
2024,18433,Tahlequah Public Works Authority,M,Municipal,Y,1.0,OK,,,,,,,,,,,,,,,,,,,5353.0,,,,,,,,,,,
2024,18445,City of Tallahassee - (FL),M,Municipal,,1.0,FL,161682.8,1189213.0,106946.0,157399.3,1596371.0,13274.0,,,,,,,319082.1,2785584.0,120220.0,319082.1,2785584.0,2905528.0,,4.0,693.0,26.113999999999997,,,593.8,590.5,2984545.0,119672.0,FRCC,5644.324
2024,18446,T I P Rural Electric Coop,C,Cooperative,Y,10.0,IA,,,,,,,,,,,,,,,,,,148206.0,,,,,,,,,,,,
2024,18447,Tallahatchie Valley E P A,C,Cooperative,,5.0,MS,35092.0,282764.0,21493.0,23453.0,160096.0,7052.0,5328.0,59845.0,7.0,0.0,0.0,0.0,63873.0,502705.0,28552.0,63873.0,502705.0,531257.0,0.0,,2.0,,,,137.6,171.4,0.0,626481.0,SERC,
2024,18448,Tanner Electric Coop,C,Cooperative,Y,3.0,WA,,,,,,,,,,,,,,,,,,106919.0,,,,,,,,,,,,
2024,18449,"Talquin Electric Coop, Inc",C,Cooperative,,4.0,FL,108056.2,727858.0,53881.0,20865.2,166373.0,3376.0,9758.0,113188.0,4.0,,,,138679.4,1007419.0,57261.0,138679.4,1007419.0,1065339.0,59.0,,,15.940000000000001,2516.72,5.826,217.0,272.0,161.0,1053639.0,FRCC,635.715
2024,18454,Tampa Electric Co,I,Investor Owned,,4.0,FL,1506555.8,10269013.0,757280.0,901203.7,8413896.0,91286.0,162399.7,2018713.0,1310.0,0.0,0.0,0.0,2570159.2,20701622.0,849876.0,2570159.2,20701622.0,16924836.0,1295.0,1309.0,7617.0,788.797,4239.69,3.56,4323.0,3208.0,20300788.0,1911766.0,FRCC,101738.0
2024,18456,Borough of Tarentum - (PA),M,Municipal,Y,1.0,PA,,,,,,,,,,,,,,,,,,,2251.0,,,,,,,,,,,
2024,18466,Town of Tarboro - (NC),M,Municipal,,1.0,NC,8426.0,62151.0,5592.0,8083.0,66270.0,898.0,7748.0,86278.0,13.0,,,,24257.0,214699.0,6503.0,24257.0,214699.0,120512.0,38.0,,,,,,45.7,34.3,,222747.0,SERC,
2024,18472,City of Tarrant,M,Municipal,,1.0,AL,3897.0,28980.0,2069.0,4044.0,28809.0,622.0,480.0,6490.0,1.0,0.0,0.0,0.0,8421.0,64279.0,2692.0,8421.0,64279.0,38139.0,622.0,,1.0,,,,13.2,14.6,0.0,65223.0,SERC,
2024,18474,Tanana Power Co Inc,I,Investor Owned,Y,1.0,AK,,,,,,,,,,,,,,,,,,,,,,,,,,,,,,
2024,18476,"Tara Energy, LLC",R,Retail Power Marketer,,,,73061.3,461003.0,35103.0,83116.7,858428.0,10225.0,0.0,0.0,0.0,0.0,0.0,0.0,156178.0,1319431.0,45328.0,156178.0,1319431.0,,,,,,,,,,,1319431.0,,
2024,18480,Tatitlek Electric Utility,M,Municipal,Y,1.0,AK,,,,,,,,,,,,,,,,,,,,,,,,,,,,,,
2024,18488,City of Taunton,M,Municipal,,1.0,MA,57189.0,266446.0,35684.0,31161.0,137732.0,4545.0,36670.0,192022.0,461.0,,,,125020.0,596200.0,40690.0,125020.0,596200.0,40690.0,40690.0,178.0,,23.454,192.98,2.365,142.6,99.0,142374.0,451448.0,NPCC,96.606
2024,18498,Taylor County Rural E C C,C,Cooperative,,9.0,KY,40131.0,302324.0,24985.0,14787.0,131126.0,3287.0,6532.0,118953.0,9.0,,,,61450.0,552403.0,28281.0,61450.0,552403.0,580684.0,,,10.0,0.858,232.41,2.11,107.0,164.0,,581915.0,RFC,15.037
2024,18499,Three Notch Elec Member Corp,C,Cooperative,,6.0,GA,25210.9,148849.0,13695.0,5758.8,32991.0,510.0,9561.5,47313.0,1076.0,,,,40531.2,229153.0,15281.0,40531.2,229153.0,224.0,15281.0,,,1.17,,,84.5,59.2,,243517.0,SERC,
2024,18524,Tecumseh Utility Authority,M,Municipal,Y,1.0,OK,,,,,,,,,,,,,,,,,,,2337.0,,,,,,,,,,,
2024,18525,City of Tecumseh,M,Municipal,Y,1.0,NE,,,,,,,,,,,,,,,,,,,,,,,,,,,,,,
2024,18538,City of Tell City - (IN),M,Municipal,Y,1.0,IN,,,,,,,,,,,,,,,,,,76388.0,0.0,,,,,,,,,,,
2024,18541,City of Tenakee Springs - (AK),M,Municipal,Y,1.0,AK,,,,,,,,,,,,,,,,,,,,,,,,,,,,,,
2024,18546,Town of Templeton - (MA),M,Municipal,Y,1.0,MA,,,,,,,,,,,,,,,,,,69427.0,,,13.0,,,,,,,,,
2024,18589,"Rayburn Country Elec Coop, Inc",C,Cooperative,,,,,,,,,,,,,,,,,,,,,,,,,,,,1374.6,1602.2,3718416.0,1626663.0,TRE,
2024,18642,Tennessee Valley Authority,F,Federal,,3.0,"GA,KY,NC",0.0,0.0,0.0,89602.0,1207030.0,18.0,924690.4,20297420.0,46.0,0.0,0.0,0.0,1014292.4,21504450.0,64.0,1014292.4,21504450.0,21504608.0,,1659.0,54.0,,,,31096.0,34577.0,137030700.0,1873457.0,,272442.0
2024,18643,Tennessee Valley Electric Coop,C,Cooperative,,2.0,TN,27509.0,221627.0,16804.0,19336.0,152368.0,4119.0,729.0,8689.0,1.0,0.0,0.0,0.0,47574.0,382684.0,20924.0,47574.0,382684.0,403608.0,0.0,,,,,,92.2,105.6,0.0,401972.0,SERC,
2024,18805,Town of Thatcher- (AZ),M,Municipal,Y,1.0,AZ,,,,,,,,,,,,,,,,,,20211.0,,,,,,,,,,,,
2024,18806,City of Thayer - (MO),M,Municipal,Y,1.0,MO,,,,,,,,,,,,,,,,,,0.0,952.0,,,,,,,,,,,
2024,18813,Village of Theresa - (NY),M,Municipal,Y,1.0,NY,,,,,,,,,,,,,,,,,,,455.0,,,,,,,,,,,
2024,18820,City of Thief River Falls,M,Municipal,Y,1.0,MN,,,,,,,,,,,,,,,,,,135308.0,,,,,,,,,,,,
2024,18847,City of Thomaston - (GA),M,Municipal,Y,1.0,GA,,,,,,,,,,,,,,,,,,,,,,,,,,,,,,
2024,18848,City of Thomasville - (GA),M,Municipal,,2.0,GA,26285.9,193931.0,14025.0,33370.5,302081.0,2557.0,,,,,,,59656.4,496012.0,16582.0,59656.4,496012.0,,16582.0,,,0.754,1259.6,4.79,100.6,103.2,,524327.0,SERC,
2024,18887,City of Thorntown - (IN),M,Municipal,Y,1.0,IN,,,,,,,,,,,,,,,,,,,,,,,,,,,,,,
2024,18895,Thumb Electric Coop of Mich,C,Cooperative,Y,3.0,MI,,,,,,,,,,,,,,,,,,198835.0,0.0,,9.0,,,,,,,,,
2024,18901,Thurmont Municipal Light Co,M,Municipal,Y,1.0,MD,,,,,,,,,,,,,,,,,,,2845.0,,,,,,,,,,,
2024,18917,Tillamook Peoples Utility Dist,P,Political Subdivision,,3.0,OR,29567.0,250104.0,20133.0,10926.0,129604.0,2310.0,6342.0,109865.0,6.0,,,,46835.0,489573.0,22449.0,46835.0,489573.0,,22449.0,,6.0,1.2,,,69.5,109.5,,508962.0,WECC,2158.88
2024,18933,City of Timpson - (TX),M,Municipal,Y,1.0,TX,,,,,,,,,,,,,,,,,,,,,,,,,,,,,,
2024,18940,Tipmont Rural Elec Member Corp,C,Cooperative,,8.0,IN,53519.9,332963.0,28885.0,16471.4,124149.0,1962.0,8789.0,100771.0,5.0,,,,78780.3,557883.0,30852.0,78780.3,557883.0,588734.0,,,87.0,2.132,145.32,1.124,136.3,106.6,,583984.0,RFC,
2024,18941,City of Tipp City - (OH),M,Municipal,Y,1.0,OH,,,,,,,,,,,,,,,,,,182688.0,,,,,,,,,,,,
2024,18942,Tipton Municipal Electric Util,M,Municipal,Y,1.0,IN,,,,,,,,,,,,,,,,,,118960.0,,,,,,,,,,,,
2024,18943,Tippah Electric Power Assn,C,Cooperative,,1.0,MS,16810.0,127767.0,10521.0,12247.0,89557.0,3768.0,7176.0,79355.0,8.0,0.0,0.0,0.0,36233.0,296679.0,14297.0,36233.0,296679.0,0.0,14297.0,,3.0,,,,77.8,67.9,0.0,347742.0,SERC,
2024,18944,Village of Tontogany - (OH),M,Municipal,Y,1.0,OH,,,,,,,,,,,,,,,,,,,244.0,,,,,,,,,,,
2024,18945,City of Toronto - (KS),M,Municipal,Y,1.0,KS,,,,,,,,,,,,,,,,,,,,,,,,,,,,,,
2024,18947,City of Tipton - (IA),M,Municipal,Y,1.0,IA,,,,,,,,,,,,,,,,,,,,,,,,,,,,,,
2024,18951,Tishomingo County E P A,C,Cooperative,,2.0,MS,18677.0,146516.0,10943.0,13997.0,100077.0,2962.0,10039.0,193632.0,6.0,0.0,0.0,0.0,42713.0,440225.0,13911.0,42713.0,440225.0,454136.0,0.0,,2.0,,,,85.3,86.1,0.0,457905.0,SERC,
2024,18954,City of Trenton - (NE),M,Municipal,Y,1.0,NE,,,,,,,,,,,,,,,,,,,425.0,,,,,,,,,,,
2024,18955,"Tri-County Electric Coop, Inc (IL)",C,Cooperative,,10.0,IL,36852.6,229718.0,16197.0,4418.9,32935.0,356.0,11058.2,113794.0,51.0,,,,52329.7,376447.0,16604.0,52329.7,376447.0,329206.0,35.0,,,1.678,372.0,2.5,80.4,82.4,1278.0,391919.0,RFC,
2024,18956,Tri-County Elec Member Corp (GA),C,Cooperative,,8.0,GA,44242.0,298324.0,21154.0,8642.6,59177.0,2203.0,3599.4,52105.0,16.0,,,,56484.0,409606.0,23373.0,56484.0,409606.0,432979.0,,,,0.69,,,94.3,131.8,,430300.0,SERC,386.5
2024,18957,Tri-County Elec Member Corp (NC),C,Cooperative,,7.0,NC,42799.5,335449.0,22523.0,14566.8,118220.0,4455.0,7452.2,91015.0,3.0,,,,64818.5,544684.0,26981.0,64818.5,544684.0,,26981.0,,,3.144,111.75,1.05,129.0,142.2,,572972.0,SERC,
2024,18959,City of Troy - (KS),M,Municipal,Y,1.0,KS,,,,,,,,,,,,,,,,,,,,,,,,,,,,,,
2024,18961,Twin County Electric Pwr Assn,C,Cooperative,Y,7.0,MS,,,,,,,,,,,,,,,,,,215695.0,,,,,,,,,,,,
2024,18962,Twin Valley Electric Coop Inc,C,Cooperative,Y,4.0,KS,,,,,,,,,,,,,,,,,,36038.0,,,,,,,,,,,,
2024,18963,"Inside Passage Elec Coop, Inc",C,Cooperative,Y,3.0,AK,,,,,,,,,,,,,,,,,,12361.0,,,,,,,,,,,,
2024,18976,Trinity Valley Elec Coop Inc,C,Cooperative,,6.0,TX,136994.4,1216721.0,79954.0,23967.4,218539.0,8341.0,5869.7,100539.0,10.0,,,,166831.5,1535799.0,88305.0,166831.5,1535799.0,1620400.0,114.0,,,28.868000000000002,1042.0,3.91,396.3,622.4,,1574459.0,,
2024,18995,Tenaska Power Services,R,Retail Power Marketer,,,,0.0,0.0,0.0,245490.19999999998,3126262.0,20.0,322353.2,8295451.0,184.0,0.0,0.0,0.0,567843.3999999999,11421713.0,204.0,567843.4,11421713.0,,,,193.0,,,,,,,103781464.0,TRE,
2024,18997,The Toledo Edison Co,I,Investor Owned,,10.0,OH,260423.3,2542763.0,278814.0,128231.8,1745539.0,36663.0,57141.2,7124569.0,610.0,0.0,0.0,0.0,445796.3,11412871.0,316087.0,445796.3,11412871.0,4357638.0,192633.0,4.0,38.0,115.099,121.04,1.027,2222.9,1871.2,0.0,954346.0,RFC,11608.778
2024,19007,Tombigbee Electric Power Assn,C,Cooperative,,4.0,MS,69551.0,568801.0,37296.0,43089.0,323181.0,8545.0,16673.0,212246.0,18.0,0.0,0.0,0.0,129313.0,1104228.0,45859.0,129313.0,1104228.0,1150087.0,0.0,,3.0,,,,260.1,268.7,0.0,1169768.0,SERC,
2024,19016,Tonopah Irrigation District,P,Political Subdivision,Y,,,,,,,,,,,,,,,,,,,,,,,,,,,,,,,,
2024,19022,Tongue River Electric Coop Inc,C,Cooperative,Y,8.0,MT,,,,,,,,,,,,,,,,,,101908.0,,,,,,,,,,,,
2024,19025,City of Tonkawa - (OK),M,Municipal,Y,1.0,OK,,,,,,,,,,,,,,,,,,,,,,,,,,,,,,
2024,19027,"Tombigbee Electric Coop, Inc",C,Cooperative,Y,3.0,AL,,,,,,,,,,,,,,,,,,,9576.0,,,,,,,,,,,
2024,19032,City of Torrington - (WY),M,Municipal,Y,1.0,WY,,,,,,,,,,,,,,,,,,,3955.0,,,,,,,,,,,
2024,19048,Toledo Bend Project Joint Oper,S,State,,,,,,,,,,,,,,,,,,,,,,,,,,,,80.0,80.0,351281.0,,SERC,
2024,19060,"Traverse Electric Coop, Inc",C,Cooperative,Y,8.0,"MN,ND,SD",,,,,,,,,,,,,,,,,,107982.0,,,,,,,,,,,,
2024,19062,City of Traer - (IA),M,Municipal,Y,2.0,IA,,,,,,,,,,,,,,,,,,,13.0,,,,,,,,,,,
2024,19090,"ENGIE Energy Marketing NA, Inc",W,Wholesale Power Marketer,,,,,,,,,,,,,,,,,,,,,,,,,,,,,,,25292015.0,TRE,
2024,19096,TransAlta Energy Marketing (U.S.) Inc.,W,Wholesale Power Marketer,,,,,,,,,,,,,,,,,,,,,,,,,,,,,,,18848818.0,WECC,
2024,19107,ENGIE Resources LLC,R,Retail Power Marketer,,,,0.0,0.0,0.0,2707924.2,33531623.0,29335.0,483216.6,6149843.0,5657.0,17046.7,319416.0,2.0,3208187.5,40000882.0,34994.0,3208187.5000000005,40000882.0,,,,,,,,,,,41655640.0,TRE,
2024,19108,Tideland Electric Member Corp,C,Cooperative,,6.0,NC,38901.0,240406.0,21551.0,11812.0,94341.0,2776.0,1891.0,21145.0,10.0,0.0,0.0,0.0,52604.0,355892.0,24337.0,52604.0,355892.0,380229.0,,,,,268.061,2.543,90.4,99.6,,386733.0,,
2024,19114,Village of Trempealeau - (WI),M,Municipal,Y,1.0,WI,,,,,,,,,,,,,,,,,,16080.0,,,,,,,,,,,,
2024,19125,City of Traverse City - (MI),M,Municipal,,2.0,MI,7621.0,60013.0,9161.0,17577.0,144995.0,3945.0,10541.0,131746.0,40.0,0.0,0.0,,35739.0,336754.0,13146.0,35739.0,336754.0,349900.0,,,63.0,1.264,19.356,0.218,70.8,51.7,,336754.0,RFC,800.598
2024,19126,"TriEagle Energy, L.P.",R,Retail Power Marketer,,,,239644.30000000002,1587371.0,110944.0,7375.8,62065.0,1246.0,0.0,0.0,0.0,0.0,0.0,0.0,247020.1,1649436.0,112190.0,247020.1,1649436.0,,,2398.0,,,,,,,,1649436.0,TRE,
2024,19131,Trinity Public Utilities Dist,P,Political Subdivision,Y,1.0,CA,,,,,,,,,,,,,,,,,,125861.0,23.0,,,,,,,,,,,
2024,19149,City of Trenton - (TN),M,Municipal,,1.0,TN,2961.0,22998.0,1956.0,3671.0,29503.0,506.0,686.0,8595.0,1.0,0.0,0.0,0.0,7318.0,61096.0,2463.0,7318.0,61096.0,63559.0,0.0,,,,,,14.7,14.0,0.0,62980.0,SERC,
2024,19150,Trenton Municipal Utilities - (MO),M,Municipal,Y,1.0,MO,,,,,,,,,,,,,,,,,,,2985.0,,,,,,,,,,,
2024,19154,Tri-State Electric Member Corp,C,Cooperative,,3.0,"GA,NC,TN",29635.0,210561.0,17506.0,15392.0,104667.0,4151.0,0.0,0.0,0.0,0.0,0.0,0.0,45027.0,315228.0,21657.0,45027.0,315228.0,0.0,21657.0,,,,,,72.9,111.6,0.0,334582.0,SERC,
2024,19156,Powder River Energy Corp,C,Cooperative,,7.0,"MT,WY",24734.699999999997,210900.0,15458.0,64131.0,716275.0,7385.0,73725.1,1029322.0,4050.0,0.0,0.0,0.0,162590.8,1956497.0,26893.0,162590.8,1956497.0,1982404.0,125.0,,295.0,3.0060000000000002,496.45,2.88,250.9,320.0,,2032865.0,WECC,
2024,19157,MiEnergy Cooperative,C,Cooperative,,11.0,"IA,MN",40066.9,240473.0,21230.0,18567.0,156581.0,2317.0,12906.2,163491.0,21.0,,,,71540.1,560545.0,23568.0,71540.1,560545.0,586032.0,14.0,9902.0,68.0,38.81,85.232,0.6950000000000001,128.2,112.1,33.0,692466.0,MRO,1731.214
2024,19158,Tri-County Electric Coop Assn (MO),C,Cooperative,Y,8.0,MO,,,,,,,,,,,,,,,,,,95564.0,,,,,,,,,,,,
2024,19159,"Tri-County Electric Coop, Inc (TX)",C,Cooperative,,16.0,TX,266548.2,2106793.0,118075.0,128365.5,1153776.0,19947.0,1598.6,11389.0,1294.0,0.0,0.0,0.0,396512.3,3271958.0,139316.0,396512.3,3271958.0,3259475.0,75.0,,,40.68899999999999,134.6,1.419,879.9,963.8,0.0,3286149.0,TRE,
2024,19160,"Tri-County Electric Coop, Inc (OK)",C,Cooperative,,10.0,"CO,KS,NM,OK,TX",22061.6,138872.0,15513.0,42060.6,332204.0,11884.0,36396.5,400986.0,2679.0,,,,100518.7,872062.0,30076.0,100518.7,872062.0,902138.0,,31.0,31.0,1.338,,,151.1,119.5,,934464.0,SPP,
2024,19161,"Tri-County Electric Coop, Inc (FL)",C,Cooperative,,4.0,FL,33198.3,188475.0,18028.0,9251.6,54985.0,1625.0,10381.7,139571.0,298.0,0.0,0.0,0.0,52831.6,383031.0,19951.0,52831.600000000006,383031.0,402980.0,,,,5.536,8347.26,7.6,79.1,74.4,,404102.0,FRCC,131.687
2024,19162,Tri-County Elec Member Corp (TN),C,Cooperative,,16.0,"KY,TN",81050.0,652861.0,45353.0,55899.0,503164.0,11565.0,5444.0,75934.0,6.0,0.0,0.0,0.0,142393.0,1231959.0,56924.0,142393.0,1231959.0,1288883.0,0.0,,2.0,,382.53,3.965,256.8,377.2,0.0,1295438.0,SERC,
2024,19174,Tuolumne County Pub Power Agny,P,Political Subdivision,Y,1.0,CA,,,,,,,,,,,,,,,,,,,,,,,,,,,,,,
2024,19176,"Tricounty Rural Elec Coop, Inc - (OH)",C,Cooperative,Y,5.0,OH,,,,,,,,,,,,,,,,,,8934.0,,,,,,,,,,,,
2024,19189,Trico Electric Cooperative Inc,C,Cooperative,,3.0,AZ,84010.2,592945.0,52450.0,29248.8,235687.0,2376.0,3933.7,45234.0,34.0,0.0,0.0,0.0,117192.7,873866.0,54860.0,117192.7,873866.0,934285.0,,26.0,1957.0,120.606,150.15,1.03,262.3,127.6,380.0,919156.0,WECC,240.55
2024,19204,City of Trinidad - (CO),M,Municipal,Y,1.0,CO,,,,,,,,,,,,,,,,,,52620.0,,,,,,,,,,,,
2024,19219,Diverse Power Incorporated,C,Cooperative,,15.0,"AL,GA",80976.0,483097.0,32587.0,23951.3,146640.0,5391.0,9381.1,132718.0,29.0,0.0,0.0,0.0,114308.4,762455.0,38007.0,114308.40000000001,762455.0,800462.0,,,,0.998,209.2725,2.2815,247.0,185.2,,790285.0,SERC,
2024,19225,City of Troy - (AL),M,Municipal,,1.0,AL,9511.5,98455.0,7855.0,3779.4,41258.0,1476.0,20022.0,317249.0,170.0,,,,33312.9,456962.0,9501.0,33312.9,456962.0,466452.0,,,,,,,85.4,73.9,,471524.0,SERC,
2024,19227,City of Troy - (IN),M,Municipal,Y,2.0,IN,,,,,,,,,,,,,,,,,,,288.0,,,,,,,,,,,
2024,19229,Truckee Donner P U D,P,Political Subdivision,Y,2.0,CA,,,,,,,,,,,,,,,,,,183192.0,6.0,,48.0,,,,,,,,,
2024,19236,City of Troy - (MT),M,Municipal,Y,1.0,MT,,,,,,,,,,,,,,,,,,0.0,959.0,,,,,,,,,,,
2024,19237,Truman Public Utilities Comm,M,Municipal,Y,1.0,MN,,,,,,,,,,,,,,,,,,,675.0,,,,,,,,,,,
2024,19246,City of Truth or Consequences - (NM),M,Municipal,Y,1.0,NM,,,,,,,,,,,,,,,,,,16015.0,,,,,,,,,,,,
2024,19264,City of Tulia,M,Municipal,Y,1.0,TX,,,,,,,,,,,,,,,,,,5443.0,,,,,,,,,,,,
2024,19266,Tullahoma Board-Public Utils,M,Municipal,,3.0,TN,14248.0,127490.0,9278.0,15131.0,134176.0,2014.0,1571.0,18146.0,3.0,0.0,0.0,0.0,30950.0,279812.0,11295.0,30950.0,279812.0,291107.0,0.0,,11258.0,,55.951,3.936,62.4,70.2,0.0,291660.0,SERC,
2024,19267,Tuntutuliak Comm Services Assn,C,Cooperative,Y,1.0,AK,,,,,,,,,,,,,,,,,,,,,,,,,,,,,,
2024,19273,City of Tupelo - (MS),M,Municipal,,1.0,MS,15357.0,139489.0,10620.0,34724.0,316663.0,5022.0,7522.0,126285.0,3.0,0.0,0.0,0.0,57603.0,582437.0,15645.0,57603.0,582437.0,598082.0,0.0,,3.0,,,,128.7,87.1,0.0,601847.0,SERC,
2024,19274,Village of Tupper Lake - (NY),M,Municipal,Y,1.0,NY,,,,,,,,,,,,,,,,,,,1320.0,,,,,,,,,,,
2024,19277,TDX North Slope Generating Co,I,Investor Owned,,1.0,AK,,,,11825.0,47662.0,162.0,,,,,,,11825.0,47662.0,162.0,11825.0,47662.0,162.0,162.0,,,,,,8.0,9.0,51016.0,,AK,
2024,19281,Turlock Irrigation District,P,Political Subdivision,,3.0,CA,136142.0,833392.0,80575.0,74285.0,547752.0,8945.0,109861.0,863283.0,6226.0,,,,320288.0,2244427.0,95746.0,320288.0,2244427.0,2337160.0,195.0,,4262.0,137.168,74.0,0.79,707.0,340.0,2598586.0,811556.0,WECC,2292.0
2024,19293,Southeastern Electric Coop Inc - (SD),C,Cooperative,,13.0,SD,33864.5,272917.0,20160.0,21187.7,207515.0,2996.0,26822.8,331265.0,280.0,0.0,0.0,0.0,81875.0,811697.0,23436.0,81875.0,811697.0,842515.0,,,,0.29800000000000004,,,133.5,122.0,,828700.0,MRO,
2024,19307,City of Tuscumbia,M,Municipal,,1.0,AL,6432.0,54455.0,4038.0,3736.0,28542.0,944.0,1465.0,11731.0,2.0,0.0,0.0,0.0,11633.0,94728.0,4984.0,11633.0,94728.0,0.0,4984.0,,1.0,,,,22.3,24.0,0.0,98531.0,SERC,
2024,19308,City of Tuskegee,M,Municipal,Y,1.0,AL,,,,,,,,,,,,,,,,,,160822.0,,,,,,,,,,,,
2024,19321,City of Two Harbors- (MN),M,Municipal,Y,1.0,MN,,,,,,,,,,,,,,,,,,,2040.0,,,,,,,,,,,
2024,19324,Two Rivers Water & Light,M,Municipal,,1.0,WI,4318.3,33983.0,5573.0,4389.8,41643.0,664.0,456.0,4584.0,1.0,0.0,0.0,0.0,9164.1,80210.0,6238.0,9164.1,80210.0,46146.0,5120.0,,40.0,0.476,89.2,0.88,13.6,19.2,0.0,83851.0,MISO,
2024,19325,Umatilla Electric Coop Assn,C,Cooperative,,3.0,OR,17894.8,181783.0,12620.0,518443.4,7507887.0,2472.0,44316.1,742260.0,1554.0,,,,580654.3,8431930.0,16646.0,580654.3,8431930.0,8448576.0,,,,2.14,208.426,1.163,1163.8,1077.3,1479.0,8599386.0,WECC,15683.679
2024,19327,"TXU Energy Retail Co, LLC",R,Retail Power Marketer,,,,3494663.0,18685055.0,1446391.0,463093.0,2721232.0,108504.0,2949897.0,43156902.0,284881.0,0.0,0.0,0.0,6907653.0,64563189.0,1839776.0,6907653.0,64563189.0,,,4589.0,147928.0,,,,,,,64563189.0,,
2024,19328,Luminant ET Services,R,Retail Power Marketer,,,,,,,,,,,,,,,,,,,,,,,,,,,,,,,,,
2024,19332,City of Tyler - (MN),M,Municipal,Y,1.0,MN,,,,,,,,,,,,,,,,,,,722.0,,,,,,,,,,,
2024,19333,City of Tyndall - (SD),M,Municipal,Y,1.0,SD,,,,,,,,,,,,,,,,,,,647.0,,,,,,,,,,,
2024,19344,City of Udall - (KS),M,Municipal,Y,1.0,KS,,,,,,,,,,,,,,,,,,,,,,,,,,,,,,
2024,19389,Upper Missouri G&T El Coop Inc,C,Cooperative,,,,,,,,,,,,,,,,,,,,,,,,,,,,1791.8,2030.3,,15196960.0,MRO,
2024,19390,"UGI Utilities, Inc",I,Investor Owned,,2.0,PA,103721.2,551084.0,55011.0,29147.7,328021.0,7756.0,3922.6,100857.0,153.0,0.0,0.0,0.0,136791.5,979962.0,62920.0,136791.5,979962.0,3738.0,63694.0,,237.0,6.279,182.0,1.16,214.6,189.1,,830080.0,RFC,3450.0
2024,19396,Tri-County Electric Coop (MI),C,Cooperative,,13.0,MI,39547.8,219213.0,23034.0,8650.8,47601.0,3903.0,10200.7,97385.0,205.0,0.0,0.0,0.0,58399.3,364199.0,27142.0,58399.3,364199.0,391041.0,,6124.0,255.0,5.846,239.0,1.0,94.1,65.0,,386038.0,RFC,1038.6
2024,19397,City of Ukiah - (CA),M,Municipal,Y,1.0,CA,,,,,,,,,,,,,,,,,,0.0,2191.0,,,,,,,,,,,
2024,19430,City of Union City,M,Municipal,,1.0,TN,7184.0,63511.0,5203.0,10290.0,86905.0,1275.0,11323.0,159681.0,5.0,0.0,0.0,0.0,28797.0,310097.0,6483.0,28797.0,310097.0,316580.0,0.0,,2.0,,,,62.7,52.0,0.0,317650.0,SERC,
2024,19431,City of Union - (SC),M,Municipal,Y,1.0,SC,,,,,,,,,,,,,,,,,,,6988.0,,,,,,,,,,,
2024,19432,Village of Union City - (MI),M,Municipal,Y,1.0,MI,,,,,,,,,,,,,,,,,,,1549.0,,,,,,,,,,,
2024,19435,Union Electric Membership Corp - (NC),C,Cooperative,,5.0,NC,166989.0,1249017.0,84602.0,21396.0,197080.0,3148.0,9287.0,168566.0,1.0,,,,197672.0,1614663.0,87751.0,197672.0,1614663.0,1702414.0,,,,9.682,357.11,1.43,443.0,334.0,,1684656.0,SERC,2276.0
2024,19436,Union Electric Co - (MO),I,Investor Owned,,65.0,MO,1633293.9,13001145.0,1095619.0,1327351.0,13645800.0,165295.0,311205.8,4094258.0,3554.0,2234.7,23045.0,1.0,3274085.4,30764248.0,1264469.0,3274085.4,30764248.0,30891514.0,2101.0,51605.0,898913.0,270.978,148.0,0.77,7199.0,6726.0,32058525.0,4055132.0,SERC,165240.958
2024,19437,Western Iowa Power Coop,C,Cooperative,Y,9.0,IA,,,,,,,,,,,,,,,,,,97675.0,0.0,,,,,,,,,,,
2024,19445,"Southern Indiana R E C, Inc",C,Cooperative,,4.0,IN,16381.0,104163.0,8936.0,4447.0,33782.0,622.0,22573.0,290286.0,32.0,,,,43401.0,428231.0,9590.0,43401.0,428231.0,437821.0,,,,1.122,219.7,1.775,75.5,68.7,,437258.0,RFC,
2024,19446,Duke Energy Kentucky,I,Investor Owned,,6.0,KY,199940.5,1487303.0,139405.0,200525.0,1767187.0,14374.0,70765.3,720270.0,294.0,,,,471230.8,3974760.0,154073.0,471230.8,3974760.0,4097505.0,631.0,12490.0,894.0,14.762,130.58,0.845,845.0,720.0,2635581.0,2064439.0,RFC,19621.899
2024,19454,City of Unalaska - (AK),M,Municipal,Y,1.0,AK,,,,,,,,,,,,,,,,,,,1055.0,,,,,,,,,,,
2024,19474,City of Unionville - (MO),M,Municipal,Y,1.0,MO,,,,,,,,,,,,,,,,,,17214.0,,,,,,,,,,,,
2024,19490,United Electric Coop Service Inc - (TX),C,Cooperative,,14.0,TX,178555.0,1373708.0,88324.0,67199.0,541512.0,17201.0,78779.0,843789.0,106.0,,,,324533.0,2759009.0,105631.0,324533.0,2759009.0,2864640.0,30.0,62861.0,31.0,57.972,111.81,1.187,590.0,799.0,,2893381.0,TRE,10782.331
2024,19493,Union County Electric Coop Inc,C,Cooperative,Y,1.0,SD,,,,,,,,,,,,,,,,,,32064.0,,,,,,,,,,,,
2024,19497,United Illuminating Co,I,Investor Owned,,2.0,CT,652813.1,2101455.0,312291.0,345146.3,2347471.0,32665.0,41839.0,380334.0,920.0,1080.2,13735.0,1.0,1040878.6000000001,4842995.0,345877.0,1040878.5999999999,4842995.0,4403803.0,33791.0,8092.0,80176.0,508.562,121.8,0.79,1168.0,651.0,2791468.0,2219790.0,NPCC,33445.917
2024,19499,"United Power, Inc",C,Cooperative,,6.0,CO,155543.0,987339.0,101502.0,82783.0,655929.0,11980.0,171766.0,1811226.0,896.0,,,,410092.0,3454494.0,114378.0,410092.0,3454494.0,3449699.0,75.0,3275.0,3811.0,153.82999999999998,76.896,1.196,649.4,497.6,,3526445.0,WECC,20493.94
2024,19501,"Union Rural Electric Coop, Inc",C,Cooperative,,6.0,OH,25881.6,165126.0,11812.0,11177.2,87120.0,455.0,25289.8,250752.0,8.0,,,,62348.6,502998.0,12275.0,62348.600000000006,502998.0,514943.0,45.0,,,,259.5,2.106,101.7,80.3,,515456.0,RFC,
2024,19502,"United Electric Co-op, Inc - (ID)",C,Cooperative,,2.0,ID,7952.8,100760.0,5100.0,4889.6,72210.0,1234.0,10447.0,190500.0,1256.0,,,,23289.4,363470.0,7590.0,23289.4,363470.0,370973.0,,,,0.772,49.67,0.7,67.5,59.8,,381846.0,WECC,
2024,19528,University of Illinois,S,State,Y,2.0,IL,,,,,,,,,,,,,,,,,,,1.0,,,,,,,,,,,
2024,19545,"Black Hills Power, Inc.",I,Investor Owned,,11.0,"MT,SD,WY",83227.7,580801.0,62981.0,108044.5,822199.0,14518.0,38812.8,467005.0,23.0,0.0,0.0,0.0,230085.0,1870005.0,77522.0,230085.0,1870005.0,1947527.0,,,,4.254,39.644666666666666,0.6976666666666667,388.0,346.0,1915842.0,802744.0,WECC,787.0
2024,19547,Hawaiian Electric Co Inc,I,Investor Owned,,1.0,HI,645375.5,1505403.0,276206.0,721234.3,1947937.0,33181.0,880036.4,2681210.0,452.0,0.0,0.0,0.0,2246646.2,6134550.0,309839.0,2246646.2,6134550.0,3016046.0,14577.0,29100.0,12933.0,1150.4360000000001,,,1052.0,1028.0,3912807.0,2694728.0,HI,
2024,19558,Homer Electric Assn Inc,C,Cooperative,,1.0,AK,52771.3,177136.0,29721.0,42424.1,160774.0,4415.0,18653.4,150301.0,21.0,0.0,0.0,0.0,113848.8,488211.0,34157.0,113848.79999999999,488211.0,2309.0,33318.0,,,8.018,606.53,2.63,67.8,75.7,111.0,516531.0,AK,
2024,19574,Upper Cumberland E M C,C,Cooperative,,9.0,TN,82319.0,644627.0,45560.0,37244.0,272359.0,8620.0,9913.0,119988.0,10.0,0.0,0.0,0.0,129476.0,1036974.0,54190.0,129476.0,1036974.0,1091164.0,0.0,,3.0,,,,231.3,335.8,0.0,1088696.0,SERC,
2024,19578,Upper Peninsula Power Company,I,Investor Owned,,11.0,MI,67142.0,242922.0,47660.0,32553.0,148814.0,6192.0,26583.0,348240.0,59.0,0.0,0.0,0.0,126278.0,739976.0,53911.0,126278.0,739976.0,437852.0,431.0,,1.0,4.226,404.3,1.65,132.0,115.0,77509.0,659461.0,RFC,14052.0
2024,19579,Upshur Rural Elec Coop Corp,C,Cooperative,,10.0,TX,77807.0,627655.0,44415.0,20589.0,171085.0,6398.0,9490.0,125844.0,23.0,,,,107886.0,924584.0,50836.0,107886.0,924584.0,947957.0,12.0,,,7.142,1382.123,7.243,229.7,338.4,,985582.0,SPP,
2024,19581,Upson Elec Member Corp,C,Cooperative,Y,6.0,GA,,,,,,,,,,,,,,,,,,,9665.0,,,,,,,,,,,
2024,19603,USBIA-Mission Valley Power,F,Federal,,4.0,MT,22859.0,256616.0,16292.0,11321.0,135525.0,5726.0,1073.0,15065.0,1106.0,0.0,0.0,0.0,35253.0,407206.0,23124.0,35253.0,407206.0,1108.0,22698.0,,,1.468,,,85.6,138.9,,433613.0,WECC,
2024,19604,USBIA-San Carlos Project,F,Federal,,5.0,AZ,24640.0,126426.0,11432.0,17526.0,97721.0,1907.0,1002.0,6386.0,2.0,,,,43168.0,230533.0,13341.0,43168.0,230533.0,38.0,13341.0,,,,,,62.9,46.1,,244578.0,WECC,
2024,19667,Utilities Dist-Western IN REMC,C,Cooperative,,11.0,IN,38859.3,241346.0,18898.0,6186.9,42638.0,1062.0,4051.9,40758.0,15.0,0.0,0.0,0.0,49098.1,324742.0,19975.0,49098.100000000006,324742.0,344666.0,5.0,,4.0,4.4350000000000005,1372.08,3.15,74.9,86.6,0.0,342745.0,RFC,
2024,19677,City of Valentine - (NE),M,Municipal,Y,1.0,NE,,,,,,,,,,,,,,,,,,46689.0,,,,,,,,,,,,
2024,19687,City of Valley City,M,Municipal,Y,1.0,ND,,,,,,,,,,,,,,,,,,102709.0,,,,,,,,,,,,
2024,19702,Van Buren Light & Power Dist,M,Municipal,Y,1.0,ME,,,,,,,,,,,,,,,,,,,,,,,,,,,,,,
2024,19716,City of Vanceburg,M,Municipal,Y,1.0,KY,,,,,,,,,,,,,,,,,,51204.0,,,,,,,,,,,,
2024,19719,City of Yale - (OK),M,Municipal,Y,1.0,OK,,,,,,,,,,,,,,,,,,,,,,,,,,,,,,
2024,19722,City of Vandalia - (MO),M,Municipal,Y,1.0,MO,,,,,,,,,,,,,,,,,,,,,,,,,,,,,,
2024,19728,"UNS Electric, Inc",I,Investor Owned,,2.0,AZ,169013.1,1055159.0,95191.0,112101.0,736251.0,12287.0,13686.4,114290.0,6.0,,,,294800.5,1905700.0,107484.0,294800.5,1905700.0,1428344.0,19894.0,29.0,22945.0,201.63,72.436,0.792,527.0,311.0,940571.0,1335937.0,WECC,33487.0
2024,19771,Town of Veedersburg - (IN),M,Municipal,Y,1.0,IN,,,,,,,,,,,,,,,,,,,,,,,,,,,,,,
2024,19780,Vermont Public Power Supply Authority,P,Political Subdivision,,,,,,,,,,,,,,,,,,,,,,,,,,,,,,38600.0,352211.0,NPCC,
2024,19784,Vera Irrigation District #15,P,Political Subdivision,,1.0,WA,14678.0,159937.0,12171.0,6997.0,78080.0,1379.0,,,,,,,21675.0,238017.0,13550.0,21675.0,238017.0,,13550.0,,,1.246,,,54.0,60.5,,245797.0,WECC,
2024,19785,Verdigris Valley Elec Coop Inc,C,Cooperative,,5.0,OK,70188.5,588211.0,35102.0,5896.8,47700.0,3264.0,10807.4,106739.0,701.0,0.0,0.0,0.0,86892.7,742650.0,39067.0,86892.7,742650.0,781717.0,,,1.0,4.266,,,209.8,207.9,,788258.0,SPP,
2024,19788,City of Vermillion - (SD),M,Municipal,Y,1.0,SD,,,,,,,,,,,,,,,,,,76888.0,,,,,,,,,,,,
2024,19790,Verendrye Electric Coop Inc,C,Cooperative,,9.0,ND,23590.2,220422.0,14336.0,14429.5,139671.0,2333.0,15000.6,215519.0,70.0,0.0,0.0,0.0,53020.3,575612.0,16739.0,53020.299999999996,575612.0,592351.0,0.0,3796.0,,0.20400000000000001,36.74,0.7,91.0,126.2,0.0,592642.0,MRO,223.9
2024,19791,"Vermont Electric Cooperative, Inc",C,Cooperative,,8.0,VT,56043.6,240929.0,35964.0,24544.0,133028.0,5139.0,12968.7,100533.0,19.0,0.0,0.0,0.0,93556.3,474490.0,41122.0,93556.3,474490.0,118.0,41052.0,,95.0,66.95599999999999,895.8,3.34,81.6,81.9,,565886.0,NPCC,
2024,19792,"Vermont Electric Power Co, Inc",T,Transmission,,,,,,,,,,,,,,,,,,,,,,,,,,,,,,,,NPCC,
2024,19798,City of Vernon,M,Municipal,,1.0,CA,48.9,336.0,73.0,88339.7,395921.0,1222.0,105950.5,638818.0,449.0,,,,194339.1,1035075.0,1744.0,194339.09999999998,1035075.0,549.0,1942.0,1.0,199.0,15.68,,,175.5,166.3,367888.0,715000.0,WECC,870.87
2024,19805,Village of Versailles - (OH),M,Municipal,Y,1.0,OH,,,,,,,,,,,,,,,,,,1362.0,,,,,,,,,,,,
2024,19806,"Victoria Electric Coop, Inc",C,Cooperative,,6.0,TX,38976.5,321257.0,21500.0,6213.0,51033.0,3056.0,19627.3,252604.0,380.0,0.0,0.0,0.0,64816.8,624894.0,24936.0,64816.8,624894.0,649258.0,14.0,18.0,18.0,22.977999999999998,267.07,2.68,138.1,146.2,,656032.0,TRE,2.539
2024,19813,Vernon Electric Coop,C,Cooperative,Y,7.0,WI,,,,,,,,,,,,,,,,,,158907.0,,,19.0,,,,,,,,,
2024,19820,Victory Electric Coop Assn Inc,C,Cooperative,,9.0,KS,17211.0,145060.0,14243.0,21856.0,216669.0,3861.0,32183.0,467106.0,2328.0,,,,71250.0,828835.0,20432.0,71250.0,828835.0,849267.0,,,4.0,2.262,431.2,,161.4,106.7,,854810.0,SPP,
2024,19828,Town of Vidalia - (LA),M,Municipal,Y,1.0,LA,,,,,,,,,,,,,,,,,,,,,,,,,,,,,,
2024,19840,"Valley Electric Assn, Inc",C,Cooperative,,5.0,"CA,NV",53753.5,321364.0,22380.0,32601.6,233072.0,2464.0,4135.3,36435.0,222.0,0.0,0.0,0.0,90490.40000000001,590871.0,25066.0,90490.40000000001,590871.0,,25066.0,,,44.226,84.98,1.073,153.2,136.8,,631066.0,WECC,
2024,19843,City of Villisca - (IA),M,Municipal,Y,1.0,IA,,,,,,,,,,,,,,,,,,,719.0,,,,,,,,,,,
2024,19856,City of Vineland - (NJ),M,Municipal,,1.0,NJ,37399.4,209692.0,22774.0,46966.0,269223.0,3071.0,30946.3,228824.0,60.0,0.0,0.0,0.0,115311.7,707739.0,25905.0,115311.7,707739.0,14778.0,25667.0,,,52.612,,,159.9,101.8,136829.0,594296.0,RFC,
2024,19865,City of Vinton - (IA),M,Municipal,Y,1.0,IA,,,,,,,,,,,,,,,,,,24782.0,1007.0,,,,,,,,,,,
2024,19866,Town of Vinton - (LA),M,Municipal,Y,1.0,LA,,,,,,,,,,,,,,,,,,,,,,,,,,,,,,
2024,19867,Village of Viola - (WI),M,Municipal,Y,2.0,WI,,,,,,,,,,,,,,,,,,,520.0,,,,,,,,,,,
2024,19869,Vinton Public Power Authority,P,Political Subdivision,,1.0,LA,,,,,,,24906.0,442573.0,3.0,,,,24906.0,442573.0,3.0,24906.0,442573.0,442576.0,,,,,,,8.2,323.7,,477846.0,SERC,
2024,19876,Virginia Electric & Power Co,I,Investor Owned,,129.0,"NC,VA",4269146.8,30307702.0,2492204.0,5097751.4,61120776.0,290177.0,445458.0,6923605.0,875.0,26443.3,285755.0,1.0,9838799.500000002,98637838.0,2783257.0,9838799.5,98637838.0,70564358.0,23396.0,43152.0,28236.0,1105.778,,,18409.0,17409.0,76233909.0,22809951.0,SERC,233406.767
2024,19879,Virgin Islands Water & Power Authority,S,State,,3.0,VI,88317.1,266483.0,44256.0,64489.2,148381.0,7915.0,87197.2,209582.0,2286.0,,,,240003.5,624446.0,54457.0,240003.5,624446.0,666028.0,982.0,,,29.6,,,109.5,50.9,654170.0,,VI,
2024,19882,Virginia Tech Electric Service,S,State,,1.0,VA,9177.6,53434.0,5660.0,37413.4,266131.0,1182.0,1096.0,9460.0,7.0,0.0,0.0,0.0,47687.0,329025.0,6849.0,47687.0,329025.0,3240.0,6849.0,,,2.752,,,59.5,58.1,,333951.0,RFC,
2024,19883,City of Virginia - (MN),M,Municipal,Y,1.0,MN,,,,,,,,,,,,,,,,,,,4546.0,,,,,,,,,,,
2024,19885,Virginia Mun Elec Assn No 1,A,Municipal Mktg Authority,,,,,,,,,,,,,,,,,,,,,,,,,,,,273.0,272.0,5115.0,1434230.0,SERC,
2024,19896,City of Volga - (SD),M,Municipal,,1.0,SD,1483.9,11591.0,1075.0,216.8,1700.0,148.0,4283.9,51558.0,43.0,0.0,0.0,0.0,5984.6,64849.0,1266.0,5984.599999999999,64849.0,,1266.0,,,,,,10.4,9.9,,65038.0,MRO,
2024,19898,Volunteer Electric Coop,C,Cooperative,,15.0,TN,180630.0,1481331.0,104387.0,79529.0,628824.0,24098.0,27334.0,456245.0,17.0,0.0,0.0,0.0,287493.0,2566400.0,128502.0,287493.0,2566400.0,2694902.0,0.0,,12.0,,684.8,5.8,536.7,745.0,0.0,2705699.0,SERC,
2024,19947,City of Wadena - (MN),M,Municipal,Y,2.0,MN,,,,,,,,,,,,,,,,,,67073.0,,,,,,,,,,,,
2024,19950,Vermont Electric Trans Co Inc,T,Transmission,,,,,,,,,,,,,,,,,,,,,,,,,,,,,,,,NPCC,
2024,19951,City of Wadsworth - (OH),M,Municipal,,2.0,OH,13596.0,113414.0,12180.0,8431.0,86195.0,1492.0,6559.0,74040.0,141.0,,,,28586.0,273649.0,13813.0,28586.0,273649.0,287462.0,,244.0,499.0,0.22000000000000003,54.0,0.39,62.7,43.8,,289193.0,RFC,
2024,19952,City of Waelder - (TX),M,Municipal,Y,1.0,TX,,,,,,,,,,,,,,,,,,,,,,,,,,,,,,
2024,19968,City of Wahoo - (NE),M,Municipal,Y,1.0,NE,,,,,,,,,,,,,,,,,,,2682.0,,,,,,,,,,,
2024,19974,Town of Wake Forest - (NC),M,Municipal,Y,1.0,NC,,,,,,,,,,,,,,,,,,177559.0,0.0,,,,,,,,,,,
2024,19975,City of Wakefield - (MI),M,Municipal,Y,1.0,MI,,,,,,,,,,,,,,,,,,,,,,,,,,,,,,
2024,19978,Town of Wakefield - (VA),M,Municipal,Y,1.0,VA,,,,,,,,,,,,,,,,,,,,,,,,,,,,,,
2024,19979,Town of Wakefield - (MA),M,Municipal,Y,1.0,MA,,,,,,,,,,,,,,,,,,,13663.0,,4.0,,,,,,,,,
2024,19980,City of Wakefield - (NE),M,Municipal,Y,2.0,NE,,,,,,,,,,,,,,,,,,,698.0,,,,,,,,,,,
2024,19981,Wake Electric Membership Corp,C,Cooperative,,7.0,NC,95341.2,710186.0,53268.0,13930.2,125070.0,2792.0,2326.1,49165.0,2.0,,,,111597.5,884421.0,56062.0,111597.5,884421.0,940368.0,5.0,5.0,1368.0,34.248000000000005,165.5,1.903,233.5,214.9,,924402.0,SERC,1155.523
2024,20021,Town of Walkerton - (IN),M,Municipal,Y,1.0,IN,,,,,,,,,,,,,,,,,,31190.0,375.0,,,,,,,,,,,
2024,20025,City of Wall Lake - (IA),M,Municipal,Y,1.0,IA,,,,,,,,,,,,,,,,,,,533.0,,,,,,,,,,,
2024,20038,Town of Wallingford - (CT),M,Municipal,,1.0,CT,33299.9,212760.0,21405.0,27797.0,216797.0,3670.0,12610.1,114529.0,25.0,0.0,0.0,0.0,73707.0,544086.0,25100.0,73707.0,544086.0,6327.0,25100.0,,,2.8339999999999996,,,127.8,86.6,,553762.0,NPCC,4228.1
2024,20061,Walters Public Works Authority,M,Municipal,Y,1.0,OK,,,,,,,,,,,,,,,,,,,,,,,,,,,,,,
2024,20063,Village of Walthill - (NE),M,Municipal,Y,1.0,NE,,,,,,,,,,,,,,,,,,,,,,,,,,,,,,
2024,20065,Walton Electric Member Corp,C,Cooperative,,10.0,GA,255174.7,1964784.0,131915.0,132147.0,1904768.0,10990.0,9448.5,145055.0,18.0,0.0,0.0,0.0,396770.2,4014607.0,142923.0,396770.2,4014607.0,4156327.0,,,2255.0,44.79599999999999,392.52,2.675,854.9,798.4,0.0,4081221.0,SERC,
2024,20069,City of Wamego - (KS),M,Municipal,Y,1.0,KS,,,,,,,,,,,,,,,,,,,2413.0,,,,,,,,,,,
2024,20070,Borough of Wampum,M,Municipal,Y,1.0,PA,,,,,,,,,,,,,,,,,,,,,,,,,,,,,,
2024,20071,Town of Walstonburg,M,Municipal,Y,1.0,NC,,,,,,,,,,,,,,,,,,,,,,,,,,,,,,
2024,20077,City of Wapakoneta - (OH),M,Municipal,Y,1.0,OH,,,,,,,,,,,,,,,,,,153329.0,2.0,,10.0,,,,,,,,,
2024,20110,City of Warren - (MN),M,Municipal,Y,1.0,MN,,,,,,,,,,,,,,,,,,1001.0,0.0,,,,,,,,,,,
2024,20111,Warren County Rural E M C,C,Cooperative,Y,5.0,IN,,,,,,,,,,,,,,,,,,5069.0,,,37.0,,,,,,,,,
2024,20122,Town of Warren - (IN),M,Municipal,Y,1.0,IN,,,,,,,,,,,,,,,,,,,872.0,,,,,,,,,,,
2024,20130,Warren Rural Elec Coop Corp,C,Cooperative,,8.0,KY,110154.0,919314.0,60701.0,59302.0,455823.0,15688.0,64725.0,918438.0,45.0,0.0,0.0,0.0,234181.0,2293575.0,76434.0,234181.0,2293575.0,2370009.0,0.0,,27.0,,457.72,2.866,465.7,550.9,0.0,2383341.0,SERC,
2024,20134,City of Warroad,M,Municipal,Y,1.0,MN,,,,,,,,,,,,,,,,,,,1140.0,,,,,,,,,,,
2024,20135,City of Washington - (UT),M,Municipal,Y,1.0,UT,,,,,,,,,,,,,,,,,,,11649.0,,,,,,,,,,,
2024,20136,City of Waseca - (MN),M,Municipal,Y,1.0,MN,,,,,,,,,,,,,,,,,,0.0,4257.0,,,,,,,,,,,
2024,20138,"Wasco Electric Coop, Inc",C,Cooperative,Y,5.0,OR,,,,,,,,,,,,,,,,,,,4749.0,,,,,,,,,,,
2024,20139,City of Washington - (IN),M,Municipal,Y,1.0,IN,,,,,,,,,,,,,,,,,,,7964.0,,,,,,,,,,,
2024,20140,City of Washington - (GA),M,Municipal,,1.0,GA,3110.7,19312.0,1856.0,33771.7,711664.0,372.0,2854.8,35228.0,2.0,,,,39737.2,766204.0,2230.0,39737.2,766204.0,,2230.0,,1.0,,,,104.3,98.9,,782506.0,SERC,
2024,20141,City of Washington - (KS),M,Municipal,Y,1.0,KS,,,,,,,,,,,,,,,,,,,,,,,,,,,,,,
2024,20142,City of Washington - (NC),M,Municipal,,3.0,NC,17933.7,137861.0,11547.0,13469.9,104206.0,2730.0,2203.8,20440.0,5.0,,,,33607.4,262507.0,14282.0,33607.4,262507.0,,14282.0,,,,,,65.0,58.0,,277371.0,SERC,
2024,20146,Washington Elec Member Corp,C,Cooperative,,10.0,GA,28160.4,191835.0,15200.0,8287.4,68369.0,1129.0,12588.1,186394.0,8.0,,,,49035.9,446598.0,16337.0,49035.9,446598.0,462935.0,,,1.0,0.73,6929.9,,92.6,102.8,,472400.0,SERC,
2024,20150,Washington Electric Coop - (OH),C,Cooperative,Y,6.0,OH,,,,,,,,,,,,,,,,,,,10568.0,,,,,,,,,,,
2024,20151,Washington Electric Coop - (VT),C,Cooperative,Y,4.0,VT,,,,,,,,,,,,,,,,,,88136.0,,,,,,,,,,,,
2024,20153,"Washington Island El Coop, Inc",C,Cooperative,Y,1.0,WI,,,,,,,,,,,,,,,,,,0.0,1112.0,,,,,,,,,,,
2024,20160,Energy Northwest,S,State,,,,,,,,,,,,,,,,,,,,,,,,,,,,1228.4,1278.8,10239416.0,,WECC,
2024,20163,Wagoner Public Works Authority,M,Municipal,Y,1.0,OK,,,,,,,,,,,,,,,,,,77338.0,,,,,,,,,,,,
2024,20169,Avista Corp,I,Investor Owned,,19.0,"ID,MT,WA",473446.0,4017618.0,374290.0,379847.0,3199806.0,46713.0,145880.0,2195429.0,1164.0,0.0,0.0,0.0,999173.0,9412853.0,422167.0,999173.0,9412853.0,4887042.0,144748.0,,,76.03799999999998,188.5,1.1099999999999999,1831.0,1869.0,8163171.0,5424379.0,WECC,77573.758
2024,20176,City of Water Valley - (MS),M,Municipal,,1.0,MS,2489.0,19682.0,1522.0,1996.0,15321.0,556.0,1844.0,28137.0,1.0,0.0,0.0,0.0,6329.0,63140.0,2079.0,6329.0,63140.0,268.0,2079.0,,1.0,,,,13.4,12.0,0.0,66915.0,SERC,
2024,20180,City of Waterloo - (IL),M,Municipal,Y,1.0,IL,,,,,,,,,,,,,,,,,,88936.0,4.0,,,,,,,,,,,
2024,20182,Waterloo Light & Water Comm,M,Municipal,,1.0,WI,1742.3,12515.0,1626.0,2567.4,19824.0,300.0,0.0,0.0,0.0,0.0,0.0,0.0,4309.7,32339.0,1926.0,4309.7,32339.0,32634.0,15.0,,40.0,0.158,,,8.1,6.0,0.0,34609.0,MISO,
2024,20187,Watertown Municipal Utilities,M,Municipal,,1.0,SD,11115.0,119500.0,11633.0,11065.0,128940.0,2579.0,10216.0,141558.0,96.0,0.0,0.0,0.0,32396.0,389998.0,14308.0,32396.0,389998.0,,14392.0,,,,3.257,0.056,75.2,69.2,,401987.0,MRO,2256.068
2024,20188,City of Watertown - (NY),M,Municipal,,,,,,,,,,,,,,,,,,,,,,,,,,,,,,21649.0,,NPCC,
2024,20189,City of Waterville - (KS),M,Municipal,Y,1.0,KS,,,,,,,,,,,,,,,,,,4440.0,,,,,,,,,,,,
2024,20192,City of Wathena - (KS),M,Municipal,Y,1.0,KS,,,,,,,,,,,,,,,,,,,,,,,,,,,,,,
2024,20193,Village of Watkins Glen - (NY),M,Municipal,Y,1.0,NY,,,,,,,,,,,,,,,,,,,1486.0,,,,,,,,,,,
2024,20196,City of Watonga - (OK),M,Municipal,Y,1.0,OK,,,,,,,,,,,,,,,,,,29085.0,,,,,,,,,,,,
2024,20206,Borough of Watsontown - (PA),M,Municipal,Y,1.0,PA,,,,,,,,,,,,,,,,,,,,,,,,,,,,,,
2024,20209,City of Wauchula - (FL),M,Municipal,Y,1.0,FL,,,,,,,,,,,,,,,,,,,2873.0,,,,,,,,,,,
2024,20211,Village of Waunakee - (WI),M,Municipal,,1.0,WI,6678.1,57071.0,6677.0,5981.9,55542.0,855.0,2019.1,23980.0,4.0,0.0,0.0,0.0,14679.1,136593.0,7536.0,14679.1,136593.0,144146.0,2.0,,173.0,4.343,40.464,0.28,36.4,21.7,0.0,140453.0,MISO,
2024,20212,Village of Wauneta - (NE),M,Municipal,Y,1.0,NE,,,,,,,,,,,,,,,,,,,24.0,,,,,,,,,,,
2024,20213,Waupun Utilities,M,Municipal,,2.0,WI,3800.0,32084.0,3950.0,4105.3,39280.0,591.0,2704.5,36154.0,2.0,0.0,0.0,0.0,10609.8,107518.0,4543.0,10609.8,107518.0,112029.0,0.0,,304.0,0.124,12.781,0.129,23.1,16.3,0.0,110508.0,MISO,
2024,20214,Waverly Municipal Elec Utility,M,Municipal,Y,10.0,IA,,,,,,,,,,,,,,,,,,67912.0,2549.0,,7.0,,,,,,,,,
2024,20216,Whitewater Valley Rural EMC,C,Cooperative,,6.0,IN,25598.0,161691.0,11998.0,4774.0,37094.0,193.0,4286.0,49751.0,8.0,0.0,0.0,0.0,34658.0,248536.0,12199.0,34658.0,248536.0,260735.0,,,48.0,1.226,,,60.4,59.0,,259962.0,RFC,
2024,20219,City of Wayne,M,Municipal,Y,1.0,NE,,,,,,,,,,,,,,,,,,,2760.0,,,,,,,,,,,
2024,20222,Wayne-White Counties Elec Coop,C,Cooperative,,11.0,IL,24960.2,150579.0,11957.0,9950.1,81523.0,1518.0,14442.1,161705.0,179.0,0.0,0.0,0.0,49352.4,393807.0,13654.0,49352.4,393807.0,407461.0,,,5.0,2.762,,,84.8,82.3,0.0,408180.0,RFC,
2024,20223,Village of Waynesfield - (OH),M,Municipal,Y,1.0,OH,,,,,,,,,,,,,,,,,,,,,,,,,,,,,,
2024,20224,City of Waynesville - (MO),M,Municipal,Y,1.0,MO,,,,,,,,,,,,,,,,,,,2750.0,,,,,,,,,,,
2024,20225,Town of Waynesville - (NC),M,Municipal,Y,1.0,NC,,,,,,,,,,,,,,,,,,,3296.0,,,,,,,,,,,
2024,20226,City of Waynetown - (IN),M,Municipal,Y,1.0,IN,,,,,,,,,,,,,,,,,,,527.0,,,,,,,,,,,
2024,20227,City of Waynoka - (OK),M,Municipal,Y,1.0,OK,,,,,,,,,,,,,,,,,,,,,,,,,,,,,,
2024,20228,Weakley County Mun Elec Sys,M,Municipal,,3.0,TN,26706.0,236469.0,15315.0,22158.0,188404.0,5573.0,3062.0,32733.0,5.0,0.0,0.0,0.0,51926.0,457606.0,20893.0,51926.0,457606.0,478499.0,0.0,,3.0,,,,112.3,129.1,0.0,482550.0,SERC,
2024,20230,Weatherford Mun Utility System,M,Municipal,,1.0,TX,25849.0,203739.0,14466.0,21502.0,192779.0,2497.0,3227.0,29370.0,4.0,,,,50578.0,425888.0,16967.0,50578.0,425888.0,442855.0,,,,3.464,,,107.9,127.2,,432061.0,TRE,
2024,20232,Borough of Weatherly - (PA),M,Municipal,Y,1.0,PA,,,,,,,,,,,,,,,,,,,,,,,,,,,,,,
2024,20259,City of Webster City - (IA),M,Municipal,Y,1.0,IA,,,,,,,,,,,,,,,,,,61449.0,62.0,,,,,,,,,,,
2024,20297,City of Weiser - (ID),M,Municipal,Y,1.0,ID,,,,,,,,,,,,,,,,,,,,,,,,,,,,,,
2024,20310,Town of Wellesley - (MA),M,Municipal,,1.0,MA,17933.1,110693.0,9437.0,13995.3,92137.0,1220.0,6148.4,42493.0,5.0,0.0,0.0,0.0,38076.8,245323.0,10662.0,38076.799999999996,245323.0,,10661.0,,5.0,4.432,,,55.3,37.3,,244990.0,NPCC,
2024,20313,Village of Wellington - (OH),M,Municipal,Y,1.0,OH,,,,,,,,,,,,,,,,,,,,,,,,,,,,,,
2024,20315,City of Wellington - (KS),M,Municipal,Y,1.0,KS,,,,,,,,,,,,,,,,,,,,,,,,,,,,,,
2024,20318,Webster Electric Coop,C,Cooperative,,7.0,MO,31031.9,304392.0,18820.0,8965.0,105660.0,865.0,,,,,,,39996.9,410052.0,19685.0,39996.9,410052.0,429737.0,,,,2.656,,,95.2,117.3,,424496.0,SERC,
2024,20326,Town of West Boylston - (MA),M,Municipal,Y,1.0,MA,,,,,,,,,,,,,,,,,,0.0,3785.0,,,,,,,,,,,
2024,20331,City of Weimar - (TX),M,Municipal,Y,1.0,TX,,,,,,,,,,,,,,,,,,,728.0,,,,,,,,,,,
2024,20332,Wells Rural Electric Co,C,Cooperative,,3.0,"NV,UT",6530.8,64675.0,5131.0,5634.5,60472.0,1161.0,27648.1,528819.0,175.0,,,,39813.4,653966.0,6467.0,39813.399999999994,653966.0,,6467.0,,,,,,89.0,92.0,,668479.0,WECC,
2024,20334,Wellsborough Electric Co,I,Investor Owned,,1.0,PA,6903.4,41970.0,5158.0,3912.9,30336.0,1298.0,1771.7,24610.0,13.0,0.0,0.0,0.0,12588.0,96916.0,6469.0,12588.0,96916.0,103385.0,0.0,,,2.9699999999999998,,,19.4,18.9,0.0,100696.0,RFC,
2024,20337,Village of Wellsville - (NY),M,Municipal,Y,1.0,NY,,,,,,,,,,,,,,,,,,,2549.0,,,,,,,,,,,
2024,20343,Town of Welsh - (LA),M,Municipal,Y,1.0,LA,,,,,,,,,,,,,,,,,,,1720.0,,,,,,,,,,,
2024,20359,City of Wessington Springs,M,Municipal,Y,1.0,SD,,,,,,,,,,,,,,,,,,,,,,,,,,,,,,
2024,20363,West Central Electric Coop Inc - (MO),C,Cooperative,,5.0,MO,31922.3,259946.0,15280.0,5079.2,72448.0,166.0,,,,,,,37001.5,332394.0,15446.0,37001.5,332394.0,347840.0,,,,4.622,167.89,1.201,77.8,101.8,,347245.0,SERC,
2024,20364,City of West Bend,M,Municipal,Y,3.0,IA,,,,,,,,,,,,,,,,,,,,,,,,,,,,,,
2024,20368,West Central Electric Coop Inc - (SD),C,Cooperative,Y,6.0,SD,,,,,,,,,,,,,,,,,,135441.0,,,,,,,,,,,,
2024,20371,"West Florida El Coop Assn, Inc",C,Cooperative,,4.0,FL,55465.0,339027.0,26357.0,10479.0,71363.0,3325.0,8701.0,119487.0,202.0,,,,74645.0,529877.0,29884.0,74645.0,529877.0,445527.0,1.0,,17.0,3.658,568.48,3.152,119.7,152.6,,553751.0,SERC,
2024,20377,West Kentucky Rural E C C,C,Cooperative,,6.0,KY,59888.0,445087.0,32062.0,27680.0,192566.0,7034.0,9810.0,248852.0,5.0,0.0,0.0,0.0,97378.0,886505.0,39101.0,97378.0,886505.0,925606.0,0.0,,7.0,,874.678,2.434,202.1,190.4,0.0,929027.0,SERC,
2024,20379,Town of Westfield - (IA),M,Municipal,Y,1.0,IA,,,,,,,,,,,,,,,,,,,76.0,,,,,,,,,,,
2024,20380,City of West Liberty - (IA),M,Municipal,Y,1.0,IA,,,,,,,,,,,,,,,,,,,1804.0,,,,,,,,,,,
2024,20382,City of West Memphis - (AR),M,Municipal,,1.0,AR,11281.0,139667.0,10199.0,8557.0,99222.0,1509.0,15705.0,125626.0,192.0,,,,35543.0,364515.0,11900.0,35543.0,364515.0,236848.0,100.0,,,,,,78.0,66.0,369958.0,562176.0,,
2024,20385,West Oregon Electric Coop Inc,C,Cooperative,Y,5.0,OR,,,,,,,,,,,,,,,,,,0.0,4553.0,,,,,,,,,,,
2024,20392,City of West Plains - (MO),M,Municipal,Y,1.0,MO,,,,,,,,,,,,,,,,,,179777.0,10.0,,,,,,,,,,,
2024,20393,City of West Point - (GA),M,Municipal,Y,2.0,GA,,,,,,,,,,,,,,,,,,,,,,,,,,,,,,
2024,20394,City of West Point - (MS),M,Municipal,,1.0,MS,4220.0,34496.0,2978.0,5369.0,39562.0,860.0,3006.0,39697.0,2.0,0.0,0.0,0.0,12595.0,113755.0,3840.0,12595.0,113755.0,117595.0,0.0,,1.0,,,,26.5,19.2,0.0,118057.0,SERC,
2024,20396,West Point Utility System,M,Municipal,Y,1.0,IA,,,,,,,,,,,,,,,,,,,855.0,,,,,,,,,,,
2024,20397,City of West Point - (NE),M,Municipal,Y,1.0,NE,,,,,,,,,,,,,,,,,,50541.0,,,,,,,,,,,,
2024,20401,West River Electric Assn Inc,C,Cooperative,,6.0,SD,28264.0,198316.0,18423.0,13356.0,102611.0,2228.0,3797.0,36394.0,23.0,0.0,0.0,0.0,45417.0,337321.0,20674.0,45417.0,337321.0,357995.0,,5483.0,43.0,2.4239999999999995,43.5,0.53,81.0,81.0,,355491.0,MRO,37.918
2024,20404,AEP Texas North Company,I,Investor Owned,,51.0,TX,,,,,,,,,,,,,,,,,,10869226.0,155.0,75.0,,,108.0,1.15,,,,,TRE,11786.47
2024,20413,Mountrail-Williams Elec Coop,C,Cooperative,,6.0,ND,14090.4,194599.0,11405.0,85895.8,1632610.0,2651.0,346441.4,4471060.0,4987.0,,,,446427.6,6298269.0,19043.0,446427.60000000003,6298269.0,6348338.0,,,,0.492,282.33,1.293,805.4,850.9,,6405188.0,MRO,
2024,20421,Western Minnesota Mun Pwr Agny,P,Political Subdivision,,,,,,,,,,,,,,,,,,,,,,,,,,,,554.1,510.9,1264901.0,,MRO,
2024,20422,Whetstone Valley Elec Coop Inc,C,Cooperative,Y,4.0,SD,,,,,,,,,,,,,,,,,,99440.0,,,1691.0,,,,,,,,,
2024,20430,City of Westbrook,M,Municipal,Y,1.0,MN,,,,,,,,,,,,,,,,,,926.0,439.0,,,,,,,,,,,
2024,20434,City of Westby,M,Municipal,,1.0,WI,964.4,8376.0,1054.0,1693.4,16145.0,221.0,0.0,0.0,0.0,0.0,0.0,0.0,2657.8,24521.0,1275.0,2657.8,24521.0,2855.0,1274.0,,8.0,0.314,,,6.1,4.0,0.0,25577.0,MISO,
2024,20447,"Western Farmers Elec Coop, Inc",C,Cooperative,,,,,,,,,,,,,,,,,,,,,,,,,,,,2203.0,2276.0,3093678.0,10304017.0,SPP,
2024,20456,Twin Valleys Public Power Dist,P,Political Subdivision,Y,6.0,NE,,,,,,,,,,,,,,,,,,112527.0,,,,,,,,,,,,
2024,20466,City of Whalan - (MN),M,Municipal,Y,1.0,MN,,,,,,,,,,,,,,,,,,,,,,,,,,,,,,
2024,20471,Village of Wharton - (OH),M,Municipal,Y,1.0,OH,,,,,,,,,,,,,,,,,,,,,,,,,,,,,,
2024,20472,"Wharton County Elec Coop, Inc",C,Cooperative,,4.0,TX,9899.0,74044.0,5548.0,7168.0,60493.0,1108.0,9270.0,112212.0,17.0,,,,26337.0,246749.0,6673.0,26337.0,246749.0,1123.0,6680.0,922.0,,,,,52.8,43.3,,254291.0,TRE,
2024,20476,Western Coop Electric Assn Inc,C,Cooperative,,13.0,KS,8498.3,59961.0,5799.0,24777.1,269367.0,5797.0,1541.0,11558.0,480.0,,,,34816.4,340886.0,12076.0,34816.399999999994,340886.0,352992.0,,,,0.718,,,61.3,50.9,,362560.0,SPP,
2024,20477,City of Westerville - (OH),M,Municipal,,2.0,OH,22950.0,173993.0,15713.0,31186.0,260296.0,2252.0,1507.0,15754.0,1.0,,,,55643.0,450043.0,17966.0,55643.0,450043.0,468009.0,0.0,1195.0,78.0,8.894,57.41,0.85,99.2,79.8,,478290.0,RFC,1149.0
2024,20480,Village of Westfield - (NY),M,Municipal,Y,1.0,NY,,,,,,,,,,,,,,,,,,,3055.0,,,,,,,,,,,
2024,20481,City of Westfield - (MA),M,Municipal,,1.0,MA,22857.0,129962.0,16200.0,20379.0,100674.0,2078.0,21601.0,121574.0,66.0,,,,64837.0,352210.0,18344.0,64837.0,352210.0,370877.0,54.0,,,,122.784,1.741,75.8,53.7,,365053.0,NPCC,918.0
2024,20490,City of Westminster - (SC),M,Municipal,Y,1.0,SC,,,,,,,,,,,,,,,,,,27611.0,8.0,,,,,,,,,,,
2024,20502,City of Wetumka - (OK),M,Municipal,Y,1.0,OK,,,,,,,,,,,,,,,,,,,,,,,,,,,,,,
2024,20506,"Wheatland Rural Elec Assn, Inc",C,Cooperative,Y,4.0,WY,,,,,,,,,,,,,,,,,,97941.0,4078.0,,137.0,,,,,,,,,
2024,20509,Wheat Belt Public Power Dist,P,Political Subdivision,Y,7.0,NE,,,,,,,,,,,,,,,,,,5210.0,,,144.0,,,,,,,,,
2024,20510,"Wheatland Electric Coop, Inc",C,Cooperative,,15.0,"CO,KS",29601.0,211914.0,20149.0,54331.0,496289.0,10928.0,8667.0,80382.0,1291.0,,,,92599.0,788585.0,32368.0,92599.0,788585.0,820771.0,4.0,,1300.0,1.516,219.55,2.26,196.8,131.0,,843704.0,SPP,
2024,20512,Town of Wheatland - (WY),M,Municipal,Y,1.0,WY,,,,,,,,,,,,,,,,,,,,,,,,,,,,,,
2024,20521,Wheeling Power Co,I,Investor Owned,,4.0,WV,64787.0,372163.0,34392.0,46831.0,377859.0,6411.0,301447.0,4213488.0,437.0,,,,413065.0,4963510.0,41240.0,413065.0,4963510.0,4506275.0,268.0,111.0,2299.0,4.633,661.1,2.31,735.0,662.0,2045224.0,3370211.0,RFC,145.5
2024,20534,City of Whigham - (GA),M,Municipal,Y,1.0,GA,,,,,,,,,,,,,,,,,,5533.0,,,,,,,,,,,,
2024,20535,City of White Mountain - (AK),M,Municipal,Y,1.0,AK,,,,,,,,,,,,,,,,,,,,,,,,,,,,,,
2024,20574,White River Valley El Coop Inc,C,Cooperative,,5.0,MO,69622.0,486769.0,39216.0,30996.0,246665.0,8863.0,5391.0,56878.0,10.0,,,,106009.0,790312.0,48089.0,106009.0,790312.0,,48089.0,,,15.398,,,201.4,298.5,,831860.0,SERC,
2024,20576,"White River Electric Assn, Inc",C,Cooperative,,3.0,CO,3047.8,22111.0,2633.0,3339.7,27891.0,759.0,40223.3,481136.0,93.0,,,,46610.8,531138.0,3485.0,46610.8,531138.0,493868.0,4.0,,,0.312,,,64.9,73.8,626.0,538493.0,WECC,
2024,20583,Whitehall Electric Utility,M,Municipal,,1.0,WI,756.9,6156.0,778.0,1943.2,20094.0,184.0,518.4,5988.0,1.0,0.0,0.0,0.0,3218.5,32238.0,963.0,3218.5,32238.0,33207.0,0.0,,12.0,0.054,,,6.6,5.1,0.0,32840.0,MISO,
2024,20588,City of Whitesboro - (TX),M,Municipal,Y,1.0,TX,,,,,,,,,,,,,,,,,,36451.0,,,,,,,,,,,,
2024,20603,Northeastern Rural E M C,C,Cooperative,,6.0,IN,54890.0,366913.0,30610.0,23599.0,185453.0,2096.0,52811.0,1160541.0,7.0,,,,131300.0,1712907.0,32713.0,131300.0,1712907.0,1744092.0,,1622.0,,4.98,60.6,1.07,338.3,312.6,10667.0,1731772.0,RFC,
2024,20604,City of Whittemore - (IA),M,Municipal,Y,1.0,IA,,,,,,,,,,,,,,,,,,,,,,,,,,,,,,
2024,20618,Town of Wickenburg,M,Municipal,Y,1.0,AZ,,,,,,,,,,,,,,,,,,,,,,,,,,,,,,
2024,20632,City of Wilber,M,Municipal,Y,1.0,NE,,,,,,,,,,,,,,,,,,,,,,,,,,,,,,
2024,20639,"Wild Rice Electric Coop, Inc",C,Cooperative,,5.0,MN,28119.0,196012.0,13948.0,6036.6,52376.0,849.0,987.7,10833.0,4.0,,,,35143.3,259221.0,14801.0,35143.299999999996,259221.0,274062.0,4.0,6706.0,,3.642,,,43.1,69.1,,275535.0,MRO,2020.986
2024,20641,Village of Wilcox - (NE),M,Municipal,Y,1.0,NE,,,,,,,,,,,,,,,,,,0.0,106.0,,,,,,,,,,,
2024,20659,"WGL Energy Services, Inc.",R,Retail Power Marketer,,,,40216.0,400619.0,43663.0,905109.0,12171262.0,46649.0,0.0,0.0,0.0,18642.0,225104.0,2.0,963967.0,12796985.0,90314.0,963967.0,12796985.0,,,,,,,,,,,12796985.0,,
2024,20729,Town of Williamsport - (MD),M,Municipal,Y,1.0,MD,,,,,,,,,,,,,,,,,,,1025.0,,,,,,,,,,,
2024,20730,City of Williamsport - (IN),M,Municipal,Y,1.0,IN,,,,,,,,,,,,,,,,,,,966.0,,,,,,,,,,,
2024,20731,Williamstown Utility Comm,M,Municipal,Y,1.0,KY,,,,,,,,,,,,,,,,,,41960.0,,,,,,,,,,,,
2024,20735,City of Williston - (FL),M,Municipal,Y,1.0,FL,,,,,,,,,,,,,,,,,,,,,,,,,,,,,,
2024,20737,Willmar Municipal Utilities,M,Municipal,,1.0,MN,8341.0,68300.0,8662.0,11309.0,102569.0,1492.0,8620.0,94111.0,17.0,,,,28270.0,264980.0,10171.0,28270.0,264980.0,275151.0,,,,0.277,34.261,0.585,57.8,41.0,3136.0,267649.0,MRO,383.859
2024,20739,City of Willow Springs - (MO),M,Municipal,Y,1.0,MO,,,,,,,,,,,,,,,,,,,,,,,,,,,,,,
2024,20785,City of Wilson - (NC),M,Municipal,,7.0,NC,50589.3,416897.0,32078.0,37217.8,314449.0,4628.0,32470.0,390176.0,45.0,,,,120277.1,1121522.0,36751.0,120277.1,1121522.0,1133102.0,1676.0,,,,123.06,1.072,237.0,194.0,,1177794.0,SERC,
2024,20789,City of Wilton - (IA),M,Municipal,Y,2.0,IA,,,,,,,,,,,,,,,,,,,1567.0,,,,,,,,,,,
2024,20792,Town of Winamac - (IN),M,Municipal,Y,1.0,IN,,,,,,,,,,,,,,,,,,,2185.0,,,,,,,,,,,
2024,20793,City of Winchester - (TN),M,Municipal,,1.0,TN,8272.0,70034.0,5292.0,8749.0,72813.0,1539.0,2756.0,28330.0,4.0,0.0,0.0,0.0,19777.0,171177.0,6835.0,19777.0,171177.0,6835.0,6835.0,,,,237.76,1.31,39.3,42.1,0.0,178207.0,SERC,
2024,20806,City of Windom,M,Municipal,Y,1.0,MN,,,,,,,,,,,,,,,,,,,2564.0,,,,,,,,,,,
2024,20811,Town of Windsor- (NC),M,Municipal,Y,1.0,NC,,,,,,,,,,,,,,,,,,,1729.0,,,,,,,,,,,
2024,20813,City of Winfield - (KS),M,Municipal,,1.0,KS,8510.0,61557.0,6284.0,8152.0,70540.0,1244.0,6348.0,86312.0,23.0,,,,23010.0,218409.0,7551.0,23010.0,218409.0,225956.0,27.0,,,,,,52.6,35.4,8509.0,238045.0,SPP,
2024,20823,Winner Municipal Utility,M,Municipal,Y,1.0,SD,,,,,,,,,,,,,,,,,,38030.0,6.0,,,,,,,,,,,
2024,20824,Village of Winnetka - (IL),M,Municipal,Y,1.0,IL,,,,,,,,,,,,,,,,,,,,,1.0,,,,,,,,,
2024,20826,Town of Winnsboro - (SC),M,Municipal,Y,1.0,SC,,,,,,,,,,,,,,,,,,,,,,,,,,,,,,
2024,20827,City of Winona - (MO),M,Municipal,Y,1.0,MO,,,,,,,,,,,,,,,,,,644.0,0.0,,,,,,,,,,,
2024,20835,City of Winterset - (IA),M,Municipal,Y,1.0,IA,,,,,,,,,,,,,,,,,,,2058.0,,,,,,,,,,,
2024,20836,City of Winterville - (NC),M,Municipal,Y,1.0,NC,,,,,,,,,,,,,,,,,,,3365.0,,,,,,,,,,,
2024,20837,City of Winthrop - (MN),M,Municipal,Y,1.0,MN,,,,,,,,,,,,,,,,,,,792.0,,,,,,,,,,,
2024,20841,"Wiregrass Electric Coop, Inc",C,Cooperative,,6.0,AL,50742.0,328360.0,22401.0,11978.0,80675.0,4697.0,,,,,,,62720.0,409035.0,27098.0,62720.0,409035.0,436133.0,,277.0,,,194.91,1.641,102.4,138.3,,433590.0,SERC,137.257
2024,20844,Wisconsin Dells Electric Util,M,Municipal,Y,3.0,WI,,,,,,,,,,,,,,,,,,,,,36.0,,,,,,,,,
2024,20845,Wolverine Power Marketing Coop,C,Cooperative,,,,0.0,0.0,0.0,13277.4,182433.0,7.0,77642.4,1234916.0,14.0,0.0,0.0,0.0,90919.8,1417349.0,21.0,90919.79999999999,1417349.0,,,,,,,,206.9,192.5,,1421056.0,RFC,
2024,20846,City of Woolstock - (IA),M,Municipal,Y,1.0,IA,,,,,,,,,,,,,,,,,,,,,,,,,,,,,,
2024,20847,Wisconsin Electric Power Co,I,Investor Owned,,28.0,WI,1512017.5,7861068.0,1048148.0,1209999.4,8752660.0,121553.0,604938.0,6497522.0,615.0,239.9,1307.0,2.0,3327194.8,23112557.0,1170318.0,3327194.8,23112557.0,23740402.0,142.0,76.0,37157.0,132.24200000000002,296.0,1.04,5372.5,3657.6,19977451.0,10343770.0,,
2024,20848,City of Blue Hill - (NE),M,Municipal,Y,1.0,NE,,,,,,,,,,,,,,,,,,,481.0,,,,,,,,,,,
2024,20856,Wisconsin Power & Light Co,I,Investor Owned,,35.0,WI,596530.0,3530976.0,437211.0,302132.0,2354882.0,63281.0,455118.0,5088387.0,1152.0,0.0,0.0,0.0,1353780.0,10974245.0,501644.0,1353780.0,10974245.0,8363327.0,2959.0,10327.0,12815.0,82.158,,,2805.0,2034.0,15788364.0,3029504.0,MRO,
2024,20858,WPPI Energy,A,Municipal Mktg Authority,,,,,,,,,,,,,,,,,,,,,,,,,,,,1049.0,732.3,1261069.0,4563682.0,MISO,686.367
2024,20860,Wisconsin Public Service Corp,I,Investor Owned,,22.0,WI,477309.8,2940351.0,411775.0,453690.9,4051564.0,55942.0,274041.0,3810867.0,193.0,0.0,0.0,0.0,1205041.7,10802782.0,467910.0,1205041.7,10802782.0,10217116.0,9.0,,18316.0,73.6,465.0,1.22,2184.0,1578.0,11036110.0,2637063.0,,
2024,20862,Wisconsin Rapids W W & L Comm,M,Municipal,,2.0,WI,12602.0,94221.0,12395.0,13716.0,111031.0,2167.0,4324.0,48336.0,6.0,,,,30642.0,253588.0,14568.0,30642.0,253588.0,,14568.0,,184.0,0.8130000000000001,,,58.0,38.5,,265226.0,MRO,
2024,20863,Wisconsin River Power Company,I,Investor Owned,,,,,,,,,,,,,,,,,,,,,,,,,,,,,,200090.0,,RFC,
2024,20880,City of Wisner,M,Municipal,Y,1.0,NE,,,,,,,,,,,,,,,,,,,,,,,,,,,,,,
2024,20885,Withlacoochee River Elec Coop,C,Cooperative,,5.0,FL,416094.5,3369193.0,229375.0,117991.2,1083177.0,28558.0,16810.6,309972.0,1706.0,,,,550896.3,4762342.0,259639.0,550896.2999999999,4762342.0,490438.0,245607.0,,,125.15,1322.73,2.79,1113.6,966.0,,4924704.0,FRCC,483.015
2024,20910,Wolverine Power Supply Coop,C,Cooperative,,33.0,MI,,,,,,,,,,,,,,,,,,,,,,,,,663.0,546.0,874552.0,6653670.0,RFC,
2024,20913,Town of Wolfeboro - (NH),M,Municipal,Y,2.0,NH,,,,,,,,,,,,,,,,,,,5769.0,,,,,,,,,,,
2024,20924,Wonewoc Electric & Water Util,M,Municipal,Y,1.0,WI,,,,,,,,,,,,,,,,,,,,,22.0,,,,,,,,,
2024,20927,"Wood County Electric Coop, Inc",C,Cooperative,,9.0,TX,59180.0,461399.0,35793.0,26341.0,294249.0,5736.0,,,,,,,85521.0,755648.0,41529.0,85521.0,755648.0,796899.0,20.0,,,,1362.26,5.11,209.8,301.7,,792020.0,SPP,
2024,20945,City of Wood River- (NE),M,Municipal,Y,1.0,NE,,,,,,,,,,,,,,,,,,,774.0,,,,,,,,,,,
2024,20948,Wise Electric Coop Inc,C,Cooperative,,7.0,TX,54686.0,351373.0,20137.0,45026.0,403269.0,6597.0,,,,,,,99712.0,754642.0,26734.0,99712.0,754642.0,,26734.0,,,17.067999999999998,,,175.0,188.0,,808492.0,TRE,
2024,20949,City of Woodbine - (IA),M,Municipal,Y,1.0,IA,,,,,,,,,,,,,,,,,,,,,,,,,,,,,,
2024,20950,Village of Winside - (NE),M,Municipal,Y,1.0,NE,,,,,,,,,,,,,,,,,,,,,,,,,,,,,,
2024,20951,Woodbury County Rural E C A,C,Cooperative,Y,5.0,IA,,,,,,,,,,,,,,,,,,118633.0,0.0,,,,,,,,,,,
2024,20963,Woodruff Electric Coop Corp,C,Cooperative,,7.0,AR,19123.2,167759.0,12125.0,13508.7,137507.0,1533.0,22703.8,104725.0,6366.0,,,,55335.7,409991.0,20024.0,55335.7,409991.0,430015.0,,4013.0,,5.368,37.9,0.44,165.4,100.3,,448109.0,SERC,61.869
2024,20977,City of Woodsfield - (OH),M,Municipal,Y,1.0,OH,,,,,,,,,,,,,,,,,,,1518.0,,,,,,,,,,,
2024,20979,Village of Woodville - (OH),M,Municipal,Y,1.0,OH,,,,,,,,,,,,,,,,,,,,,,,,,,,,,,
2024,20980,Precinct of Woodsville,M,Municipal,Y,1.0,NH,,,,,,,,,,,,,,,,,,,,,,,,,,,,,,
2024,20996,Wright-Hennepin Coop Elec Assn,C,Cooperative,,7.0,MN,84339.7,578061.0,53714.0,31457.8,272150.0,2455.0,4828.1,47318.0,110.0,0.0,0.0,0.0,120625.6,897529.0,56279.0,120625.6,897529.0,964604.0,,,688.0,9.716000000000001,45.35,0.37,192.2,164.4,,939144.0,MRO,
2024,20997,Yellowstone Valley Elec Co-op,C,Cooperative,,6.0,MT,30655.0,229678.0,21182.0,9466.0,73279.0,1859.0,1170.0,9497.0,255.0,,,,41291.0,312454.0,23296.0,41291.0,312454.0,,23296.0,,,6.646,,,78.2,72.1,,327596.0,WECC,360.0
2024,21002,York Electric Coop Inc,C,Cooperative,,6.0,"NC,SC",107008.0,845693.0,65259.0,30991.0,257829.0,5043.0,7443.0,74091.0,28.0,,,,145442.0,1177613.0,70330.0,145442.0,1177613.0,1055537.0,2750.0,5948.0,,17.92,980.87,2.2,327.2,262.6,,1223652.0,SERC,129.0
2024,21013,City of Worthington - (MN),M,Municipal,,1.0,MN,4230.2,35013.0,4662.0,8401.0,84335.0,878.0,8579.6,110098.0,1.0,,,,21210.8,229446.0,5541.0,21210.800000000003,229446.0,11.0,5584.0,2364.0,,0.028,,,45.1,34.1,,239337.0,MRO,1093.735
2024,21015,City of Wrangell - (AK),M,Municipal,Y,1.0,AK,,,,,,,,,,,,,,,,,,38265.0,0.0,,,,,,,,,,,
2024,21021,City of Wray,M,Municipal,Y,1.0,CO,,,,,,,,,,,,,,,,,,,,,,,,,,,,,,
2024,21048,Wyandotte Municipal Serv Comm,M,Municipal,,1.0,MI,12576.1,77238.0,11730.0,8768.2,67781.0,1124.0,10296.3,122927.0,2.0,,,,31640.6,267946.0,12856.0,31640.600000000002,267946.0,157617.0,7.0,,,1.444,,,58.6,39.3,70.0,324128.0,RFC,312.0
2024,21056,City of Wymore - (NE),M,Municipal,Y,1.0,NE,,,,,,,,,,,,,,,,,,,825.0,,,,,,,,,,,
2024,21066,City of Wynnewood - (OK),M,Municipal,Y,1.0,OK,,,,,,,,,,,,,,,,,,16380.0,,,,,,,,,,,,
2024,21075,Y-W Electric Assn Inc,C,Cooperative,,3.0,"CO,NE",7130.0,45595.0,4876.0,16812.0,164892.0,2277.0,25658.0,191311.0,1750.0,,,,49600.0,401798.0,8903.0,49600.0,401798.0,410701.0,,,,1.342,270.183,,132.0,41.0,,426640.0,WECC,0.661
2024,21079,Wyrulec Company,C,Cooperative,Y,6.0,"NE,WY",,,,,,,,,,,,,,,,,,215748.0,1.0,,,,,,,,,,,
2024,21081,Yampa Valley Electric Assn Inc,C,Cooperative,,6.0,"CO,WY",41420.8,246865.0,23822.0,17418.100000000002,131965.0,4707.0,13975.7,175991.0,112.0,0.0,0.0,0.0,72814.6,554821.0,28641.0,72814.6,554821.0,583462.0,,,,12.579999999999998,294.005,2.201,68.9,122.4,,579505.0,WECC,
2024,21093,3 Phases Renewables Inc,R,Retail Power Marketer,,,,45.0,335.0,55.0,22174.0,447497.0,517.0,2674.0,50831.0,50.0,0.0,0.0,0.0,24893.0,498663.0,622.0,24893.0,498663.0,,,,,,,,83.6,73.1,,520953.0,WECC,
2024,21095,Public Serv Comm of Yazoo City,M,Municipal,Y,1.0,MS,,,,,,,,,,,,,,,,,,,,,,,,,,,,,,
2024,21101,Village of Yellow Springs - (OH),M,Municipal,Y,1.0,OH,,,,,,,,,,,,,,,,,,36327.0,1497.0,,,,,,,,,,,
2024,21108,City of Yoakum - (TX),M,Municipal,Y,2.0,TX,,,,,,,,,,,,,,,,,,33370.0,,,,,,,,,,,,
2024,21111,Perennial Public Power Dist,P,Political Subdivision,,5.0,NE,7342.7,75351.0,4142.0,1992.8,13100.0,1056.0,20456.2,269584.0,2549.0,,,,29791.7,358035.0,7747.0,29791.7,358035.0,365782.0,,1546.0,,0.516,,,112.2,47.1,,377814.0,SPP,1122.063
2024,21114,Yazoo Valley Elec Power Assn,C,Cooperative,,6.0,MS,19666.8,120429.0,9488.0,6352.7,36944.0,997.0,27942.4,403996.0,8.0,,,,53961.9,561369.0,10493.0,53961.9,561369.0,,10493.0,,,,,,115.4,118.5,,573137.0,SERC,
2024,21140,Yuba County Water Agency,P,Political Subdivision,,,,,,,,,,,,,,,,,,,,,,,,,,,,,,1508739.0,,WECC,
2024,21143,City of Yuma - (CO),M,Municipal,Y,1.0,CO,,,,,,,,,,,,,,,,,,3690.0,1285.0,,,,,,,,,,,
2024,21158,City of Zeeland - (MI),M,Municipal,,1.0,MI,4856.8,47975.0,6037.0,5200.4,54045.0,885.0,26869.5,337768.0,119.0,,,,36926.7,439788.0,7041.0,36926.7,439788.0,424720.0,18.0,,,0.148,5.042,0.13,88.2,64.0,888.0,452946.0,RFC,3167.48
2024,21160,Borough of Zelienople - (PA),M,Municipal,Y,1.0,PA,,,,,,,,,,,,,,,,,,,,,,,,,,,,,,
2024,21239,Electrical Dist No7 Maricopa,P,Political Subdivision,Y,,,,,,,,,,,,,,,,,,,,,,,,,,,,,,,,
2024,21244,"Southside Electric Coop, Inc",C,Cooperative,,18.0,VA,116956.9,755643.0,56846.0,13896.9,115000.0,2473.0,6351.9,69237.0,19.0,,,,137205.7,939880.0,59338.0,137205.69999999998,939880.0,999216.0,,1271.0,4.0,13.172,392.057,3.119,210.4,298.1,,993711.0,SERC,
2024,21249,"HQ Energy Services (U.S.), Inc.",W,Wholesale Power Marketer,,,,,,,,,,,,,,,,,,,,,,,,,,,,,,,10846150.0,NPCC,
2024,21352,Municipal Energy Agency of NE,P,Political Subdivision,,,,,,,,,,,,,,,,,,,,,,,,,,,,482.4,437.7,467905.0,1776714.0,MRO,800.15
2024,21513,"Fergus Electric Coop, Inc",C,Cooperative,,14.0,MT,9967.0,64241.0,6682.0,17286.0,192382.0,144.0,616.0,4227.0,173.0,,,,27869.0,260850.0,6999.0,27869.0,260850.0,261161.0,,,,1.788,,,45.1,48.5,,269501.0,WECC,
2024,21526,City of Laurens - (SC),M,Municipal,Y,1.0,SC,,,,,,,,,,,,,,,,,,71352.0,2275.0,,18.0,,,,,,,,,
2024,21533,City of Minneapolis - (KS),M,Municipal,Y,1.0,KS,,,,,,,,,,,,,,,,,,,,,,,,,,,,,,
2024,21538,"Mohave Electric Cooperative, Inc.",C,Cooperative,,3.0,AZ,54352.3,485505.0,41009.0,24201.4,225019.0,4502.0,8203.3,91312.0,24.0,,,,86757.0,801836.0,45535.0,86757.00000000001,801836.0,808731.0,1153.0,,10.0,51.331999999999994,170.8,,229.5,108.1,21536.0,1037339.0,WECC,798.491
2024,21554,Seminole Electric Cooperative Inc,C,Cooperative,,,,,,,,,,,,,,,,,,,,,,,8313.0,,,,,3742.0,3398.0,13379726.0,4243373.0,FRCC,
2024,21567,"Washington-St Tammany E C, Inc",C,Cooperative,,3.0,LA,93583.0,789798.0,50901.0,24747.5,216186.0,4697.0,297.9,1949.0,1.0,,,,118628.4,1007933.0,55599.0,118628.4,1007933.0,,55473.0,,1.0,8.778,1507.55,4.93,252.6,356.5,,1078932.0,SERC,
2024,21632,EnergyUnited Elec Member Corp,C,Cooperative,,19.0,NC,200670.0,1739084.0,121995.0,62613.0,639488.0,20172.0,24199.0,415022.0,34.0,,,,287482.0,2793594.0,142201.0,287482.0,2793594.0,2900176.0,29.0,11155.0,,11.475999999999999,424.32,2.129,660.3,732.2,,2924528.0,SERC,214.309
2024,21664,Willwood Light & Power Company,C,Cooperative,Y,1.0,WY,,,,,,,,,,,,,,,,,,,,,,,,,,,,,,
2024,21704,MSR Public Power Agency,P,Political Subdivision,,,,,,,,,,,,,,,,,,,,,,,,,,,,,,,586060.0,WECC,
2024,22053,Kentucky Power Co,I,Investor Owned,,20.0,KY,279998.0,1858160.0,130852.0,193074.0,1446978.0,30697.0,167645.0,2016139.0,958.0,0.0,0.0,0.0,640717.0,5321277.0,162507.0,640717.0,5321277.0,424.0,162022.0,4.0,1010.0,9.041,1256.2,2.774,980.0,1288.0,3146375.0,3020447.0,RFC,234.4
2024,22056,Smarr EMC,C,Cooperative,,,,,,,,,,,,,,,,,,,,,,,,,,,,,,722833.0,,SERC,
2024,22355,PUD No 1 of Mason County,P,Political Subdivision,Y,2.0,WA,,,,,,,,,,,,,,,,,,,5693.0,,,,,,,,,,,
2024,22500,"Evergy Kansas Central, Inc",I,Investor Owned,,41.0,KS,495679.0,3468990.0,341806.0,470946.5,4275484.0,54306.0,170020.9,1869300.0,1114.0,,,,1136646.4,9613774.0,397226.0,1136646.4,9613774.0,9889521.0,74.0,25219.0,1160.0,70.098,318.06,1.65,2760.0,1972.0,8913947.0,8166641.0,MRO,5673.171
2024,22646,"United Electric Coop, Inc - (MO)",C,Cooperative,Y,15.0,"IA,MO",,,,,,,,,,,,,,,,,,174520.0,,,,,,,,,,,,
2024,22690,Roosevelt County Elec Coop Inc,C,Cooperative,,4.0,NM,5916.0,49024.0,3918.0,1223.0,7515.0,616.0,11146.0,91058.0,1545.0,0.0,0.0,0.0,18285.0,147597.0,6079.0,18285.0,147597.0,153593.0,,,,,,,29.0,28.5,,158460.0,SPP,
2024,22814,Raft Rural Elec Coop Inc,C,Cooperative,,6.0,"ID,NV,UT",4492.0,46534.0,3336.0,6188.0,107900.0,749.0,9734.0,186084.0,1306.0,0.0,0.0,0.0,20414.0,340518.0,5391.0,20414.0,340518.0,326549.0,1.0,,,,,,91.0,30.0,,359535.0,,
2024,22815,Delta Electric Power Assn,C,Cooperative,,13.0,MS,33712.1,245090.0,20460.0,6914.4,43652.0,3384.0,36156.7,261741.0,5900.0,0.0,0.0,0.0,76783.2,550483.0,29744.0,76783.2,550483.0,580227.0,,,62.0,0.192,722.1,5.067,218.2,108.0,,594684.0,SERC,472.2
2024,22822,Clark County Rural E M C - (IN),C,Cooperative,,5.0,IN,57146.4,390573.0,27103.0,8526.4,71124.0,1348.0,5546.0,50276.0,134.0,,,,71218.8,511973.0,28585.0,71218.8,511973.0,540558.0,,,409.0,1.61,117.458,1.306,125.5,133.8,,533841.0,RFC,
2024,23326,"Sierra Electric Coop, Inc",C,Cooperative,Y,4.0,NM,,,,,,,,,,,,,,,,,,49605.0,,,285.0,,,,,,,,,
2024,23586,"Vigilante Electric Coop, Inc",C,Cooperative,Y,10.0,"ID,MT",,,,,,,,,,,,,,,,,,78813.0,,,,,,,,,,,,
2024,23826,Bluestem Electric Coop Inc,C,Cooperative,Y,11.0,KS,,,,,,,,,,,,,,,,,,13539.0,3543.0,,33.0,,,,,,,,,
2024,24211,Tucson Electric Power Co,I,Investor Owned,,2.0,AZ,619593.9,3964038.0,412747.0,306959.0,1970104.0,41903.0,302414.0,3029758.0,558.0,51.1,284.0,1.0,1229018.0,8964184.0,455209.0,1229018.0,8964184.0,6840626.0,14096.0,14904.0,64882.0,1026.0259999999998,113.246,0.992,2764.0,2349.0,12784672.0,2962057.0,WECC,135258.0
2024,24431,Utah Municipal Power Agency,P,Political Subdivision,,,,,,,,,,,,,,,,,,,,,,,,,,,,310.0,186.8,1212965.0,1528526.0,WECC,2432.686
2024,24486,City of Akutan - (AK),M,Municipal,Y,1.0,AK,,,,,,,,,,,,,,,,,,,,,,,,,,,,,,
2024,24558,City of Escanaba,M,Municipal,Y,1.0,MI,,,,,,,,,,,,,,,,,,51345.0,1856.0,,,,,,,,,,,
2024,24590,Unitil Energy Systems,I,Investor Owned,,2.0,NH,91714.4,495521.0,68602.0,46734.4,332183.0,12687.0,24663.6,320530.0,163.0,,,,163112.4,1148234.0,81452.0,163112.4,1148234.0,957426.0,144.0,710.0,51.0,70.103,593.36,1.732,287.0,197.0,,510054.0,NPCC,10296.5
2024,24753,Boone County Rural EMC,C,Cooperative,,5.0,IN,43497.0,263418.0,18371.0,28779.0,241117.0,672.0,,,,,,,72276.0,504535.0,19043.0,72276.0,504535.0,523578.0,,,,2.564,59.89,0.66,111.6,101.2,,526946.0,RFC,
2024,24791,Village of Bradshaw - (NE),M,Municipal,Y,1.0,NE,,,,,,,,,,,,,,,,,,,216.0,,,,,,,,,,,
2024,24889,Brunswick Electric Member Corp,C,Cooperative,,4.0,NC,165648.0,1212351.0,105562.0,48265.0,404082.0,11777.0,,,,,,,213913.0,1616433.0,117339.0,213913.0,1616433.0,1724584.0,2.0,,150.0,14.364,44.497,0.852,403.0,502.0,,1686692.0,SERC,
2024,24949,Cass County Elec Coop Inc,C,Cooperative,,8.0,ND,76658.0,615863.0,51968.0,51691.0,478106.0,7117.0,27523.0,264216.0,602.0,,,,155872.0,1358185.0,59687.0,155872.0,1358185.0,1417872.0,,9225.0,896.0,1.532,24.49,0.392,270.1,275.1,,1401758.0,MRO,39.31
2024,25060,Wellton-Mohawk Irr & Drain Dist,P,Political Subdivision,Y,1.0,AZ,,,,,,,,,,,,,,,,,,,,,,,,,,,,,,
2024,25177,Dakota Electric Association,C,Cooperative,,4.0,MN,130042.0,929091.0,108097.0,87149.0,886201.0,8313.0,911.0,5853.0,404.0,,,,218102.0,1821145.0,116814.0,218102.0,1821145.0,1867846.0,836.0,,23.0,32.656000000000006,25.45,0.35,432.5,282.1,,1864511.0,MRO,
2024,25251,"Entergy Power, LLC",I,Investor Owned,,,,,,,,,,,,,,,,,,,,,,,,,,,,,,426569.0,,SERC,
2024,25262,"DTE Energy Trading, Inc",W,Wholesale Power Marketer,,,,,,,,,,,,,,,,,,,,,,,,,,,,,,,296100.0,RFC,
2024,25295,Western Indiana Energy REMC,C,Cooperative,,8.0,IN,30415.4,211398.0,15017.0,15235.9,116997.0,2381.0,28797.2,277437.0,41.0,,,,74448.5,605832.0,17439.0,74448.5,605832.0,623271.0,,,374.0,2.5460000000000003,1048.9,2.372,133.4,135.7,,627007.0,RFC,
2024,25866,Ak-Chin Electric Utility Authority,S,State,,1.0,AZ,649.5,5016.0,319.0,3110.7,35199.0,116.0,155.4,1127.0,31.0,0.0,0.0,0.0,3915.6,41342.0,466.0,3915.6,41342.0,,471.0,,,,,,8.8,10.1,,49511.0,WECC,
2024,26120,Town of Langford- (SD),M,Municipal,Y,1.0,SD,,,,,,,,,,,,,,,,,,,190.0,,,,,,,,,,,
2024,26218,Little Ocmulgee El Member Corp,C,Cooperative,Y,5.0,GA,,,,,,,,,,,,,,,,,,,11896.0,,,,,,,,,,,
2024,26253,Louisiana Energy & Power Authority,P,Political Subdivision,,,,,,,,,,,,,,,,,,,,,,,,,,,,256.7,205.9,407372.0,1279655.0,SERC,
2024,26317,Manokotak Power Company,M,Municipal,Y,1.0,AK,,,,,,,,,,,,,,,,,,,,,,,,,,,,,,
2024,26510,Liberty Utilities (Granite State Electri,I,Investor Owned,,5.0,NH,58147.0,304727.0,39667.0,43663.0,483353.0,6957.0,9124.0,124910.0,173.0,0.0,0.0,0.0,110934.0,912990.0,46797.0,110934.0,912990.0,143066.0,48053.0,,705.0,47.556,370.312,1.555,196.6,141.0,,310530.0,NPCC,8197.312
2024,26616,North Slope Borough Power & Light,M,Municipal,Y,1.0,AK,,,,,,,,,,,,,,,,,,0.0,1226.0,,,,,,,,,,,
2024,26751,"National Grid Generation, LLC",I,Investor Owned,,,,,,,,,,,,,,,,,,,,,,,,,,,,2651.0,879.0,5190494.0,,NPCC,
2024,26765,Pella Cooperative Elec Assn,C,Cooperative,Y,5.0,IA,,,,,,,,,,,,,,,,,,65078.0,,,3.0,,,,,,,,,
2024,26894,City of Radium - (KS),M,Municipal,Y,1.0,KS,,,,,,,,,,,,,,,,,,,,,,,,,,,,,,
2024,26916,"Ravalli County Elec Coop, Inc",C,Cooperative,Y,2.0,MT,,,,,,,,,,,,,,,,,,203072.0,,,12088.0,,,,,,,,,
2024,26934,"Red Lake Electric Coop, Inc",C,Cooperative,Y,6.0,MN,,,,,,,,,,,,,,,,,,115401.0,11.0,,,,,,,,,,,
2024,26939,Red River Valley Coop Pwr Assn,C,Cooperative,Y,3.0,MN,,,,,,,,,,,,,,,,,,139150.0,0.0,,,,,,,,,,,
2024,27000,WAPA-- Western Area Power Administration,F,Federal,,259.0,"AZ,CA,CO,IA,KS,MN,MO,MT,ND,NE,NM,NV,OR,SD,UT,WY",0.0,0.0,0.0,114871.59999999999,2939735.0,138.0,60836.0,2221150.0,84.0,259.0,23926.0,1.0,175966.6,5184811.0,223.0,175966.59999999998,5184811.0,0.0,244.0,,,,,,5923.0,4923.0,23909228.0,5902263.0,,
2024,27026,City of Round Lake - (MN),M,Municipal,Y,1.0,MN,,,,,,,,,,,,,,,,,,,276.0,,,,,,,,,,,
2024,27058,"High West Energy, Inc",C,Cooperative,,9.0,"CO,NE,WY",13471.300000000001,92973.0,8001.0,17357.0,339587.0,102.0,48633.200000000004,450860.0,2878.0,0.0,0.0,0.0,79461.5,883420.0,10981.0,79461.5,883420.0,894391.0,,,210.0,1.1400000000000001,,,105.9,77.7,,913457.0,WECC,
2024,27222,City of Ripley - (TN),M,Municipal,,1.0,TN,8167.0,66145.0,5106.0,8516.0,64821.0,1555.0,1982.0,23360.0,2.0,0.0,0.0,0.0,18665.0,154326.0,6663.0,18665.0,154326.0,160989.0,0.0,,3.0,,88.89,0.772,35.8,31.9,0.0,160350.0,SERC,
2024,27238,"Southwest Electric Coop, Inc",C,Cooperative,,11.0,MO,61699.0,514552.0,41386.0,10676.0,97451.0,3308.0,,,,,,,72375.0,612003.0,44694.0,72375.0,612003.0,656697.0,,,,7.8100000000000005,246.01,0.84,159.0,245.0,,648713.0,SERC,
2024,27269,City of Stanhope - (IA),M,Municipal,Y,1.0,IA,,,,,,,,,,,,,,,,,,,,,,,,,,,,,,
2024,27316,Town of Stowe- (VT),M,Municipal,Y,1.0,VT,,,,,,,,,,,,,,,,,,86735.0,,,,,,,,,,,,
2024,27369,Taylor Electric Coop Inc - (TX),C,Cooperative,,11.0,TX,36659.0,238436.0,18722.0,10970.9,79117.0,2740.0,13843.9,257744.0,16.0,,,,61473.8,575297.0,21478.0,61473.8,575297.0,596775.0,,,,,371.032,3.337,151.3,171.3,,582803.0,TRE,
2024,27422,Todd-Wadena Electric Coop,C,Cooperative,Y,8.0,MN,,,,,,,,,,,,,,,,,,191049.0,2.0,,,,,,,,,,,
2024,27545,City of Vermillion - (KS),M,Municipal,Y,1.0,KS,,,,,,,,,,,,,,,,,,,,,,,,,,,,,,
2024,27599,Carroll-White REMC,C,Cooperative,,9.0,IN,28268.0,189289.0,14807.0,13359.0,115768.0,340.0,9743.0,113424.0,2.0,,,,51370.0,418481.0,15149.0,51370.0,418481.0,,15149.0,,,1.528,423.1,,85.7,72.9,,433067.0,RFC,881.0
2024,27703,U S Army Corps of Engineers,F,Federal,,,,,,,,,,,,,,,,,,,,,,,,,,,,23.2,21.3,161261.0,,RFC,
2024,28541,Clatskanie Peoples Util Dist,P,Political Subdivision,,2.0,OR,5274.8,69492.0,3761.0,1517.9,21775.0,545.0,50372.3,871556.0,6.0,0.0,0.0,0.0,57165.0,962823.0,4312.0,57165.0,962823.0,183167.0,39.0,,3.0,0.29,517.86,2.09,123.4,134.4,0.0,1102440.0,WECC,745.692
2024,28604,Kerrville Public Utility Board,M,Municipal,,1.0,TX,24903.2,285925.0,20278.0,18341.1,222391.0,4109.0,,,,,,,43244.3,508316.0,24387.0,43244.3,508316.0,532703.0,50.0,,,14.632,26.786,0.388,124.1,172.8,,546938.0,TRE,9365.8
2024,28802,"Talen Energy Marketing, LLC",R,Retail Power Marketer,,,,,,,1553.0,17518.0,1.0,20905.0,290216.0,13.0,,,,22458.0,307734.0,14.0,22458.0,307734.0,,,,,,,,2.0,35.0,,35347180.0,RFC,
2024,28978,City of San Marcos - (TX),M,Municipal,,1.0,TX,29281.0,243423.0,22261.0,41801.0,399413.0,3761.0,240.0,2422.0,2.0,,,,71322.0,645258.0,26024.0,71322.0,645258.0,671252.0,9.0,,,9.622,127.142,1.431,138.6,144.0,,682533.0,ERCOT,
2024,28981,City of San Saba - (TX),M,Municipal,Y,1.0,TX,,,,,,,,,,,,,,,,,,,,,,,,,,,,,,
2024,29295,City of Wells - (MN),M,Municipal,Y,1.0,MN,,,,,,,,,,,,,,,,,,,,,,,,,,,,,,
2024,29296,Western Illinois Elec Coop,C,Cooperative,Y,4.0,IL,,,,,,,,,,,,,,,,,,74066.0,,,,,,,,,,,,
2024,29297,Pelican Utility,M,Municipal,Y,1.0,AK,,,,,,,,,,,,,,,,,,,,,,,,,,,,,,
2024,29304,Southeastern Power Admin,F,Federal,,,,,,,,,,,,,,,,,,,,,,,,,,,,,,6606177.0,349601.0,SERC,
2024,29305,City of Madelia - (MN),M,Municipal,Y,1.0,MN,,,,,,,,,,,,,,,,,,,1221.0,,,,,,,,,,,
2024,30151,"Tri-State G & T Assn, Inc",C,Cooperative,,,,,,,,,,,,,,,,,,,,,,,,,,,,2526.0,2383.0,7250845.0,10575525.0,WECC,
2024,30517,"Pioneer Electric Coop, Inc - (AL)",C,Cooperative,Y,9.0,AL,,,,,,,,,,,,,,,,,,184281.0,,,66.0,,,,,,,,,
2024,30518,Electrical Dist No3 Pinal County,P,Political Subdivision,,1.0,AZ,63271.5,454173.0,32009.0,24108.7,192543.0,2106.0,11621.2,222524.0,411.0,,,,99001.4,869240.0,34526.0,99001.4,869240.0,901863.0,9.0,247.0,1080.0,51.14,132.41,1.55,260.0,92.0,,911849.0,WECC,
2024,30856,City of Winnfield - (LA),M,Municipal,Y,1.0,LA,,,,,,,,,,,,,,,,,,,2418.0,,,,,,,,,,,
2024,31516,Midvale Irrigation District,P,Political Subdivision,Y,1.0,WY,,,,,,,,,,,,,,,,,,,,,,,,,,,,,,
2024,31833,Okefenoke Rural El Member Corp,C,Cooperative,,8.0,"FL,GA",78347.9,553765.0,38824.0,10193.4,77367.0,2827.0,8384.7,227268.0,3.0,,,,96926.0,858400.0,41654.0,96925.99999999999,858400.0,900093.0,,,18.0,7.925999999999999,1740.9294999999997,4.6015,213.1,235.3,,893915.0,SERC,
2024,36189,"Mid-Ohio Energy Coop, Inc",C,Cooperative,Y,10.0,OH,,,,,,,,,,,,,,,,,,173133.0,,,,,,,,,,,,
2024,38084,Great Lakes Energy Coop,C,Cooperative,,26.0,MI,169510.9,884220.0,120645.0,30329.7,184901.0,11315.0,50799.4,528391.0,292.0,,,,250640.0,1597512.0,132252.0,250640.0,1597512.0,1729764.0,,,,9.754000000000001,484.37,2.83,304.2,265.9,71.0,1677015.0,MRO,3554.1
2024,39347,"East Texas Electric Coop, Inc",C,Cooperative,,,,,,,,,,,,,,,,,,,,,,,,,,,,1094.3,1705.4,3145236.0,2591937.0,SERC,
2024,40036,Westfield Electric Company,I,Investor Owned,,1.0,WI,758.0,4226.0,622.0,770.0,4538.0,143.0,782.0,4526.0,30.0,0.0,0.0,0.0,2310.0,13290.0,795.0,2310.0,13290.0,,754.0,,7.0,,,,3.1,3.1,,13983.0,RFC,
2024,40051,Texas-New Mexico Power Co,I,Investor Owned,,42.0,TX,,,,,,,,,,,,,,,,,,10200249.0,231.0,144.0,,,,,3226.0,2812.0,,,TRE,15675.643
2024,40127,Clarke-Washington E M C,C,Cooperative,,4.0,AL,34811.0,220870.0,18708.0,5615.0,38074.0,1793.0,2631.0,21231.0,61.0,,,,43057.0,280175.0,20562.0,43057.0,280175.0,298792.0,2.0,,,,,,67.8,99.0,,299187.0,SERC,
2024,40165,"Dixie Escalante R E A, Inc",C,Cooperative,,4.0,"AZ,UT",43711.4,487099.0,29696.0,17866.399999999998,245560.0,3387.0,1595.1,22953.0,1.0,,,,63172.899999999994,755612.0,33084.0,63172.9,755612.0,788696.0,,244.0,,5.626,41.1465,0.522,221.4,117.2,,796084.0,WECC,
2024,40166,"Chickasaw Electric Coop, Inc",C,Cooperative,,3.0,TN,35972.0,326957.0,19576.0,20326.0,180362.0,3527.0,1736.0,29927.0,3.0,0.0,0.0,0.0,58034.0,537246.0,23106.0,58034.0,537246.0,493359.97000000003,2541.0,,62.0,,,,146.7,114.1,0.0,562046.0,SERC,
2024,40167,"Somerset Rural Elec Coop, Inc",C,Cooperative,,4.0,PA,17484.0,125202.0,12322.0,6517.0,52872.0,1578.0,1695.0,17226.0,3.0,,,,25696.0,195300.0,13903.0,25696.0,195300.0,68929.0,10157.0,,,2.672,,,38.3,64.0,,207649.0,RFC,
2024,40208,"Ark Valley Elec Coop Assn, Inc",C,Cooperative,Y,9.0,KS,,,,,,,,,,,,,,,,,,104972.0,,,4843.0,,,,,,,,,
2024,40211,"Wabash Valley Power Assn, Inc",C,Cooperative,,,,,,,,,,,,,,,,,,,,,,,17790.0,,,,,1755.0,1516.0,3037287.0,8296078.0,RFC,18274.072999999997
2024,40212,Colquitt Electric Membership Corp,C,Cooperative,,10.0,GA,120594.7,913680.0,65743.0,10036.8,72698.0,3788.0,34323.9,318604.0,3447.0,,,,164955.4,1304982.0,72978.0,164955.4,1304982.0,1385868.0,20.0,2313.0,,5.276,,,336.0,343.0,,1354824.0,SERC,
2024,40215,"Cordova Electric Coop, Inc",C,Cooperative,Y,1.0,AK,,,,,,,,,,,,,,,,,,,1039.0,,,,,,,,,,,
2024,40218,"Central Electric Pwr Coop, Inc - (SC)",C,Cooperative,,,,,,,,,,,,,,,,,,,,,,,,,,,,4343.0,4641.0,,21259109.0,SERC,
2024,40219,"United Electric Coop, Inc - (PA)",C,Cooperative,Y,10.0,PA,,,,,,,,,,,,,,,,,,186969.0,,,,,,,,,,,,
2024,40220,Adams Electric Cooperative Inc,C,Cooperative,,4.0,PA,64263.0,445525.0,32231.0,11393.0,86441.0,2289.0,4368.0,42873.0,14.0,,,,80024.0,574839.0,34534.0,80024.0,574839.0,609373.0,,,,11.468,,,123.0,115.5,808.0,608620.0,RFC,
2024,40221,"Bedford Rural Elec Coop, Inc",C,Cooperative,,3.0,PA,14457.0,99379.0,8837.0,3947.0,31218.0,743.0,10568.0,100908.0,2.0,,,,28972.0,231505.0,9582.0,28972.0,231505.0,241083.0,,,,0.762,,,56.5,69.3,,241486.0,RFC,
2024,40222,Valley Rural Electric Coop Inc,C,Cooperative,,8.0,PA,30509.0,205157.0,18180.0,10919.0,76843.0,4403.0,489.0,3955.0,2.0,,,,41917.0,285955.0,22585.0,41917.0,285955.0,308540.0,,,,2.4000000000000004,,,64.5,65.8,,301208.0,RFC,
2024,40223,Warren Electric Coop Inc,C,Cooperative,Y,5.0,PA,,,,,,,,,,,,,,,,,,61670.0,,,,,,,,,,,,
2024,40224,"Central Electric Coop, Inc - (PA)",C,Cooperative,,7.0,PA,36790.0,216051.0,23629.0,9073.0,65626.0,1966.0,2451.0,21309.0,9.0,,,,48314.0,302986.0,25604.0,48314.0,302986.0,328590.0,,,,4.09,,,67.0,59.8,,320434.0,RFC,
2024,40228,Rappahannock Electric Coop,C,Cooperative,,22.0,VA,346690.0,2328716.0,169489.0,54652.0,453437.0,10884.0,112782.0,1287079.0,589.0,,,,514124.0,4069232.0,180962.0,514124.0,4069232.0,4201138.0,94.0,10424.0,48.0,70.144,301.03,2.16,846.0,1066.0,,4260823.0,SERC,
2024,40229,Old Dominion Electric Coop,C,Cooperative,,,,,,,,,,,,,,,,,,,,,,,,,,,,2863.0,3154.0,6236249.0,8070279.0,SERC,
2024,40230,Deseret Generation & Tran Coop,C,Cooperative,Y,1.0,CO,,,,,,,,,,,,,,,,,,,,,,,,,,,,,,
2024,40236,"Forked Deer Electric Coop, Inc",C,Cooperative,,4.0,TN,18878.0,131721.0,8345.0,4982.0,25347.0,1797.0,0.0,0.0,0.0,0.0,0.0,0.0,23860.0,157068.0,10142.0,23860.0,157068.0,167210.0,0.0,,1.0,,,,42.6,50.4,0.0,167005.0,SERC,
2024,40289,Claverack Rural Elec Coop Inc,C,Cooperative,,8.0,PA,30449.0,166838.0,16742.0,9650.0,70184.0,2365.0,7024.0,77359.0,4.0,,,,47123.0,314381.0,19111.0,47123.0,314381.0,315898.0,1487.0,,,3.242,,,59.6,67.9,,330704.0,RFC,
2024,40290,Tri-County Rural Elec Coop Inc (PA),C,Cooperative,,7.0,PA,24934.0,124161.0,18206.0,7686.0,59371.0,1352.0,3121.0,33664.0,4.0,,,,35741.0,217196.0,19562.0,35741.0,217196.0,131125.0,8272.0,,,3.098,,,51.2,49.8,,241550.0,RFC,
2024,40291,"Sullivan County R E C, Inc - (PA)",C,Cooperative,Y,3.0,PA,,,,,,,,,,,,,,,,,,58528.0,,,52.0,,,,,,,,,
2024,40292,REA Energy Coop Inc,C,Cooperative,,7.0,PA,33963.0,233726.0,20932.0,8050.0,64486.0,1891.0,9275.0,81845.0,13.0,,,,51288.0,380057.0,22836.0,51288.0,380057.0,402892.0,,,,1.512,,,88.5,87.9,,400861.0,RFC,
2024,40293,"Northwestern Rural E C A, Inc - (PA)",C,Cooperative,,5.0,PA,30333.0,194697.0,18190.0,6260.0,43111.0,1428.0,1099.0,10760.0,3.0,,,,37692.0,248568.0,19621.0,37692.0,248568.0,268189.0,,,,2.4400000000000004,,,71.0,71.6,,264883.0,RFC,
2024,40299,Sussex Rural Electric Coop Inc,C,Cooperative,Y,1.0,NJ,,,,,,,,,,,,,,,,,,176707.0,,,,,,,,,,,,
2024,40300,Nebraska Electric G&T Coop Inc,C,Cooperative,,,,,,,,,,,,,,,,,,,,,,,,,,,,1035.8,657.1,,4748233.0,MRO,
2024,40301,Central Montana E Pwr Coop Inc,C,Cooperative,,,,,,,,,,,,,,,,,,,,,,,,,,,,193.6,205.2,,997963.0,WECC,
2024,40302,North East Mississippi EPA,C,Cooperative,,4.0,MS,43475.0,324599.0,26142.0,25772.0,246558.0,3518.0,4679.0,59614.0,4.0,0.0,0.0,0.0,73926.0,630771.0,29664.0,73926.0,630771.0,660435.0,0.0,,3.0,,,,162.0,172.1,0.0,723766.0,SERC,
2024,40303,Monroe County Elec Power Assn,C,Cooperative,,2.0,MS,20739.0,165572.0,10170.0,6592.0,45272.0,1650.0,0.0,0.0,0.0,0.0,0.0,0.0,27331.0,210844.0,11820.0,27331.0,210844.0,222664.0,0.0,,,,,,51.9,79.4,0.0,224246.0,SERC,
2024,40304,Minnesota Valley Coop L&P Assn,C,Cooperative,,8.0,MN,14738.4,120612.0,4931.0,2229.8,18418.0,338.0,6461.8,79080.0,41.0,,,,23430.0,218110.0,5310.0,23430.0,218110.0,220724.0,,,,1.5939999999999999,148.7,0.81,33.5,46.7,,229889.0,MRO,
2024,40307,"Prairie Power, Inc",C,Cooperative,,,,,,,,,,,,,,,,,,,,,,,,,,,,322.9,312.3,991829.0,555413.0,SERC,
2024,40355,Maricopa County M W C Dist #1,P,Political Subdivision,Y,1.0,AZ,,,,,,,,,,,,,,,,,,,,,,,,,,,,,,
2024,40357,Electrical Dist No6 Pinal County,P,Political Subdivision,Y,,,,,,,,,,,,,,,,,,,,,,,,,,,,,,,,
2024,40364,City of Courtland,M,Municipal,,1.0,AL,901.0,7566.0,551.0,2193.0,21214.0,212.0,0.0,0.0,0.0,0.0,0.0,0.0,3094.0,28780.0,763.0,3094.0,28780.0,763.0,763.0,,,,,,4.1,4.8,0.0,28780.0,SERC,
2024,40367,Village of Ladd - (IL),M,Municipal,Y,1.0,IL,,,,,,,,,,,,,,,,,,,677.0,,,,,,,,,,,
2024,40369,City of Oxford - (GA),M,Municipal,Y,1.0,GA,,,,,,,,,,,,,,,,,,,,,,,,,,,,,,
2024,40382,City of Rockport - (MO),M,Municipal,Y,1.0,MO,,,,,,,,,,,,,,,,,,,,,,,,,,,,,,
2024,40383,City of Osceola - (MO),M,Municipal,Y,1.0,MO,,,,,,,,,,,,,,,,,,,,,,,,,,,,,,
2024,40390,City of Buffalo - (IA),M,Municipal,Y,1.0,IA,,,,,,,,,,,,,,,,,,,539.0,,,,,,,,,,,
2024,40428,Guam Power Authority,S,State,,1.0,GU,187362.1,537878.0,45808.0,355415.7,1018473.0,7751.0,,,,,,,542777.8,1556351.0,53559.0,542777.8,1556351.0,1250443.0,75.0,,,85.434,,,264.0,238.0,1655806.0,,GU,7779.564
2024,40429,American Samoa Power Authority,S,State,,5.0,AS,26519.0,62505.0,10998.0,30482.0,74799.0,1674.0,12099.0,30763.0,12.0,,,,69100.0,168067.0,12684.0,69100.0,168067.0,12684.0,12684.0,,,1.9720000000000002,284.38,4.52,29.8,25.6,189367.0,,AS,
2024,40433,City of Enterprise - (UT),M,Municipal,Y,1.0,UT,,,,,,,,,,,,,,,,,,,830.0,,,,,,,,,,,
2024,40435,City of White - (SD),M,Municipal,Y,1.0,SD,,,,,,,,,,,,,,,,,,,,,,,,,,,,,,
2024,40437,Emerald People's Utility Dist,P,Political Subdivision,,4.0,OR,32181.6,291288.0,19968.0,11900.0,112866.0,2360.0,7666.299999999999,388114.0,751.0,,,,51747.9,792268.0,23079.0,51747.899999999994,792268.0,809404.0,75.0,,,4.678,,,92.2,108.2,23041.0,495045.0,WECC,1509.5
2024,40438,Columbia River Peoples Ut Dist,P,Political Subdivision,,2.0,OR,21464.4,231555.0,16378.0,8563.9,94610.0,1092.0,8090.8,148966.0,26.0,0.0,0.0,0.0,38119.1,475131.0,17496.0,38119.100000000006,475131.0,494655.0,3.0,,,2.396,92.782,0.653,93.1,103.1,,503418.0,WECC,1734.915
2024,40440,City of Stanton - (ND),M,Municipal,Y,1.0,ND,,,,,,,,,,,,,,,,,,,,,,,,,,,,,,
2024,40441,Town of Murphy - (NC),M,Municipal,,1.0,NC,6149.0,47863.0,3685.0,9974.0,79747.0,1724.0,13294.0,265579.0,4.0,0.0,0.0,0.0,29417.0,393189.0,5413.0,29417.0,393189.0,273846.0,5410.0,,3.0,,,,72.8,77.5,0.0,404419.0,SERC,
2024,40456,PUD No 1 of Whatcom County,P,Political Subdivision,,1.0,WA,,,,,,,10702.0,228736.0,1.0,,,,10702.0,228736.0,1.0,10702.0,228736.0,1.0,1.0,,,,,,30.0,30.5,,240849.0,WECC,
2024,40548,Unalakleet Valley Elec Coop,C,Cooperative,Y,1.0,AK,,,,,,,,,,,,,,,,,,,,,,,,,,,,,,
2024,40575,Utah Associated Mun Power Sys,P,Political Subdivision,,,,,,,,,,,,,,,,,,,,,,,,,,,,762.8,1087.5,1032860.0,2382976.0,WECC,144.0
2024,40576,Intermountain Power Agency,P,Political Subdivision,,,,,,,,,,,,,,,,,,,,,,,,,,,,1800.0,1800.0,5685474.0,,WECC,
2024,40577,"American Mun Power-Ohio, Inc",A,Municipal Mktg Authority,,,,,,,,,,,,,,,,,,,,,,,,,,,,3125.8,2668.3,8830628.0,6887909.0,RFC,
2024,40580,Southern Minnesota Mun P Agny,P,Political Subdivision,,,,,,,,,,,,,,,,,,,,,,,,,,,,631.0,422.0,1485210.0,1383241.0,MRO,
2024,40581,Northern Municipal Power Agency,A,Municipal Mktg Authority,,,,,,,,,,,,,,,,,,,,,,,,,,,,80.5,74.6,667482.0,,MRO,
2024,40582,Michigan Public Power Agency,P,Political Subdivision,,,,,,,,,,,,,,,,,,,,,,,,,,,,878.5,621.8,1011079.0,2157875.0,RF,
2024,40603,Wyoming Municipal Power Agency,A,Municipal Mktg Authority,,,,,,,,,,,,,,,,,,,,,,,,,,,,52.6,46.7,,243555.0,WECC,
2024,40604,Heartland Consumers Power Dist,P,Political Subdivision,Y,,,,,,,,,,,,,,,,,,,,,,,,,,,,,,,,
2024,40606,City of Grand Island - (NE),M,Municipal,,2.0,NE,23868.0,218313.0,22799.0,22058.0,209903.0,4532.0,24301.0,290405.0,94.0,,,,70227.0,718621.0,27425.0,70227.0,718621.0,600573.0,5257.0,,,0.454,12.222,0.451,164.2,124.0,359689.0,823428.0,MRO,
2024,40613,Northern California Power Agny,P,Political Subdivision,,,,0.0,0.0,0.0,0.0,0.0,0.0,0.0,0.0,0.0,36126.0,360898.0,1.0,36126.0,360898.0,1.0,36126.0,360898.0,,,,,,,,,,2012231.0,2018737.0,WECC,
2024,40614,Alabama Municipal Elec Authority,A,Municipal Mktg Authority,,,,,,,,,,,,,,,,,,,,,,,,,,,,755.4,899.9,40381.0,3339690.0,SERC,
2024,44372,Oncor Electric Delivery Company LLC,I,Investor Owned,,99.0,TX,,,,,,,,,,,,,,,,,,82538492.0,10362.0,84230.0,,,,,30509.7,28374.8,,,TRE,196151.298
2024,44388,New England Elec Transm'n Corp,T,Transmission,,,,,,,,,,,,,,,,,,,,,,,,,,,,,,,,NPCC,
2024,49730,American PowerNet,R,Retail Power Marketer,,,,0.0,0.0,0.0,45897.5,851024.0,18.0,46684.6,818138.0,16.0,0.0,0.0,0.0,92582.1,1669162.0,34.0,92582.1,1669162.0,,,,,,,,,,,1669162.0,,
2024,49746,The Energy Coop,C,Cooperative,,,,2594.4,18866.0,2515.0,240.7,1794.0,144.0,0.0,0.0,0.0,0.0,0.0,0.0,2835.1,20660.0,2659.0,2835.1,20660.0,,,,,,,,6.7,4.4,,20660.0,,
2024,49803,Alaska Electric & Energy Coop,C,Cooperative,,,,,,,,,,,,,,,,,,,,,,,,,,,,73.0,86.2,458968.0,65619.0,AK,
2024,49817,Dow Hydrocarbons and Resources,R,Retail Power Marketer,,,,,,,,,,,,,,,,,,,,,,,,,,,,,,,,,
2024,49818,"Alliance Power Company, LLC.",R,Retail Power Marketer,,,,8355.8,79547.0,5272.0,9131.5,128107.0,2986.0,0.0,0.0,0.0,0.0,0.0,0.0,17487.3,207654.0,8258.0,17487.3,207654.0,,,,,,,,53.9,43.6,0.0,216737.0,,
2024,49824,Calpine Power Management LLC,W,Wholesale Power Marketer,,,,,,,,,,,,,,,,,,,,,,,,,,,,,,,11415313.0,TRE,
2024,49826,Mohegan Tribal Utility Authority,P,Political Subdivision,Y,1.0,CT,,,,,,,,,,,,,,,,,,,76.0,,,,,,,,,,,
2024,49848,Massachusetts Bay Trans Authority,P,Political Subdivision,,3.0,MA,0.0,0.0,0.0,767.9,2753.0,66.0,0.0,0.0,0.0,4155.3,33840.0,2.0,4923.2,36593.0,68.0,4923.2,36593.0,,,,,,,,52.4,60.0,,325824.0,NPCC,
2024,49853,Amigo Energy,R,Retail Power Marketer,,,,307336.1,1898234.0,146495.0,26932.3,239304.0,5754.0,0.0,0.0,0.0,0.0,0.0,0.0,334268.4,2137538.0,152249.0,334268.39999999997,2137538.0,,,,,,,,,,,2137538.0,TRE,
2024,49922,U.S. Energy Partners LLC,R,Retail Power Marketer,,,,645.3,5120.0,633.0,28910.7,250038.0,3925.0,,,,,,,29556.0,255158.0,4558.0,29556.0,255158.0,,,,18.0,,,,39.0,24.0,,273020.0,,
2024,49952,3000 Energy Corp,R,Retail Power Marketer,,,,3123.7,25859.0,1416.0,799.3,9214.0,119.0,0.0,0.0,0.0,0.0,0.0,0.0,3923.0,35073.0,1535.0,3923.0,35073.0,,,,,,,,,,,35073.0,,
2024,49956,Merrill Lynch Commodities,W,Wholesale Power Marketer,,,,,,,,,,,,,,,,,,,,,,,,,,,,,,,61116654.0,,
2024,49986,Southwest Iowa Rural Elec Coop,C,Cooperative,Y,11.0,IA,,,,,,,,,,,,,,,,,,102117.0,,,,,,,,,,,,
2024,49987,Harvard Dedicated Energy Limit,R,Retail Power Marketer,,,,0.0,0.0,0.0,9419.5,142288.0,1.0,0.0,0.0,0.0,0.0,0.0,0.0,9419.5,142288.0,1.0,9419.5,142288.0,,,,,,,,,,,142288.0,,
2024,49998,City of Berea Municipal Utility,M,Municipal,,1.0,KY,5205.5,57571.0,4722.0,1913.8,22227.0,579.0,3034.8,42680.0,58.0,0.0,0.0,0.0,10154.1,122478.0,5359.0,10154.1,122478.0,0.0,5359.0,,,0.974,,,25.2,34.9,,127060.0,RFC,
2024,50041,"Stream SPE, LTD",R,Retail Power Marketer,,,,377745.5,2276109.0,158854.0,42879.7,230935.0,14308.0,0.0,0.0,0.0,0.0,0.0,0.0,420625.2,2507044.0,173162.0,420625.2,2507044.0,,,,,,,,,,,2679777.0,,
2024,50046,"Texas Retail Energy, LLC",R,Retail Power Marketer,,,,0.0,0.0,0.0,336536.1,4578204.0,1801.0,0.0,0.0,0.0,0.0,0.0,0.0,336536.1,4578204.0,1801.0,336536.1,4578204.0,,,,1801.0,,,,832.0,560.0,,4817253.0,,
2024,50153,"APN Starfirst, L.P.",R,Retail Power Marketer,,,,0.0,0.0,0.0,0.0,0.0,0.0,7353.599999999999,193591.0,10.0,0.0,0.0,0.0,7353.599999999999,193591.0,10.0,7353.599999999999,193591.0,,,,,,,,,,,193591.0,,
2024,50174,Electric Transmission Texas LLC,T,Transmission,,,,,,,,,,,,,,,,,,,,,,,,,,,,,,,,ERCOT,
2024,54728,Texas General Land Office,R,Retail Power Marketer,,,,0.0,0.0,0.0,11989.0,179847.0,259.0,0.0,0.0,0.0,132.5,1428.0,2.0,12121.5,181275.0,261.0,12121.5,181275.0,,,,,,,,,,,181275.0,,
2024,54820,Direct Energy Services,R,Retail Power Marketer,,,,1644699.9,11619216.0,1228774.0,116746.5,950582.0,62542.0,0.0,0.0,0.0,0.0,0.0,0.0,1761446.4,12569798.0,1291316.0,1761446.4,12569798.0,,,,,,,,,,,13225781.0,,
2024,54862,Champion Energy Services,R,Retail Power Marketer,,,,257329.8,2579074.0,225587.0,264925.4,4273624.0,14283.0,0.0,0.0,0.0,0.0,0.0,0.0,522255.2,6852698.0,239870.0,522255.2,6852698.0,,,,,,,,1855.5,1718.7,,6852698.0,,
2024,54872,"Accent Energy Holdings, LLC",R,Retail Power Marketer,,,,7471.0,42624.0,3135.0,2521.0,18300.0,501.0,,,,,,,9992.0,60924.0,3636.0,9992.0,60924.0,,,,,,,,,,0.0,60924.0,,
2024,54873,Freedom Energy,R,Retail Power Marketer,,,,0.0,0.0,0.0,0.0,0.0,0.0,3751.0,86067.0,10.0,0.0,0.0,0.0,3751.0,86067.0,10.0,3751.0,86067.0,,,,,,,,,,,86067.0,,
2024,54893,NOCO Electric,R,Retail Power Marketer,,,,6097.9,86569.0,6619.0,40958.0,547290.0,6344.0,0.0,0.0,0.0,0.0,0.0,0.0,47055.9,633859.0,12963.0,47055.9,633859.0,,,,,,,,,,,664514.0,NPCC,
2024,54913,NSTAR Electric Company,I,Investor Owned,,11.0,MA,1568609.0,7873785.0,1303076.0,1182760.0,12087866.0,221348.0,101414.0,1101509.0,2133.0,3662.0,290560.0,1.0,2856445.0,21353720.0,1526558.0,2856445.0,21353720.0,1157.0,1561349.0,57891.0,9103.0,3257.016,80.6,0.692,5118.0,3798.0,63981.0,6197786.0,,187681.01
2024,55701,"Sempra Gas & Power Marketing, LLC",W,Wholesale Power Marketer,,,,,,,,,,,,,,,,,,,,,,,,,,,,,,,3819917.0,,
2024,55719,TDM US,W,Wholesale Power Marketer,,,,,,,,,,,,,,,,,,,,,,,,,,,,,,,3818977.0,WECC,
2024,55722,AEP Energy,R,Retail Power Marketer,,,,425585.6,5350903.0,545124.0,1214651.5,19966962.0,89685.0,0.0,0.0,0.0,0.0,0.0,0.0,1640237.1,25317865.0,634809.0,1640237.1,25317865.0,,,,,,,,4893.3,5010.1,,25317865.0,RFC,
2024,55758,"GenOn Energy Management, LLC",W,Wholesale Power Marketer,,,,,,,,,,,,,,,,,,,,,,,,,,,,,,0.0,20351.0,,
2024,55787,City of Moreno Valley - (CA),M,Municipal,,1.0,CA,18450.0,46278.0,7936.0,41508.0,164012.0,998.0,3621.0,15208.0,10.0,0.0,,,63579.0,225498.0,8944.0,63579.0,225498.0,234442.0,0.0,,2380.0,37.480000000000004,44.78,0.369,63.8,29.2,905.0,232970.0,WECC,479.33
2024,55814,"Columbia Utilities Power, LLC",R,Retail Power Marketer,,,,,,,,,,,,,,,,,,,,,,,,,,,,,,,0.0,,
2024,55815,"IDT Energy, Inc.",R,Retail Power Marketer,,,,63196.5,430387.0,63657.0,29074.3,199625.0,4398.0,0.0,0.0,0.0,0.0,0.0,0.0,92270.8,630012.0,68055.0,92270.8,630012.0,,,,,,,,141.9,205.1,,630012.0,,
2024,55874,"Energy Services Providers, Inc",R,Retail Power Marketer,,,,94509.6,720615.0,84834.0,22752.3,157801.0,6305.0,0.0,0.0,0.0,0.0,0.0,0.0,117261.9,878416.0,91139.0,117261.90000000001,878416.0,,,,,,,,,,,878416.0,,
2024,55878,Hudson Energy Services,R,Retail Power Marketer,,,,7785.0,63832.0,4332.0,618246.2,6105667.0,73670.0,0.0,0.0,0.0,0.0,0.0,0.0,626031.2,6169499.0,78002.0,626031.2,6169499.0,,,,,,,,,,,6169499.0,,
2024,55897,PSEG Energy Resources and Trade,W,Wholesale Power Marketer,,,,,,,,,,,,,,,,,,,,,,,,,,,,,,,31158301.0,,
2024,55937,Entergy Texas Inc.,I,Investor Owned,,27.0,TX,907326.8,6639981.0,457369.0,493772.9,5140970.0,55766.0,557027.6,9488792.0,6081.0,,,,1958127.3,21269743.0,519216.0,1958127.3000000003,21269743.0,21309088.0,7370.0,1880.0,96.0,106.886,1727.5,3.455,4084.0,3557.0,13164413.0,9598901.0,SERC,46249.485
2024,55959,Roughrider Electric Cooperativ,C,Cooperative,,8.0,ND,16734.0,163427.0,11183.0,37904.0,328186.0,3927.0,23006.0,271288.0,77.0,0.0,0.0,0.0,77644.0,762901.0,15187.0,77644.0,762901.0,,15187.0,,1.0,,,,121.7,151.3,,806163.0,MRO,
2024,55962,City of Victorville - (CA),M,Municipal,Y,1.0,CA,,,,,,,,,,,,,,,,,,,78.0,,78.0,,,,,,,,,
2024,55982,Heart of Texas Electric Coop,C,Cooperative,,7.0,TX,43220.0,342370.0,18722.0,11987.0,86604.0,5928.0,11559.0,207001.0,90.0,,,,66766.0,635975.0,24740.0,66766.0,635975.0,660715.0,0.0,,1.0,9.166,357.7,2.169,133.3,180.0,,655688.0,,
2024,56068,International Transmission Company,T,Transmission,,,,,,,,,,,,,,,,,,,,,,,,,,,,10771.0,6883.0,,,,
2024,56146,"Black Hills Colorado Electric, LLC",I,Investor Owned,,7.0,CO,104284.0,611784.0,89252.0,103298.0,857046.0,12411.0,34814.0,351971.0,55.0,0.0,0.0,0.0,242396.0,1820801.0,101718.0,242396.0,1820801.0,1922519.0,,,,220.854,323.297,2.39,394.0,311.0,864987.0,1616417.0,WECC,14952.0
2024,56161,ITC Midwest LLC,T,Transmission,,,,,,,,,,,,,,,,,,,,,,,,,,,,3379.0,2806.0,,,,
2024,56162,American Transmission Systems Inc,T,Transmission,,,,,,,,,,,,,,,,,,,,,,,,,,,,11626.0,9352.0,,,RFC,
2024,56163,"Michigan Electric Transmission Company,",T,Transmission,,,,,,,,,,,,,,,,,,,,,,,,,,,,8533.0,5862.0,,,,
2024,56196,Just Energy New York Corp.,R,Retail Power Marketer,,,,4911.8,43938.0,6558.0,84.8,755.0,89.0,0.0,0.0,0.0,0.0,0.0,0.0,4996.6,44693.0,6647.0,4996.6,44693.0,,,,,,,,,,,44693.0,,
2024,56212,"Ambit Energy Holdings, LLC",R,Retail Power Marketer,,,,852119.2999999999,4706270.0,426878.0,113353.2,683174.0,35532.0,0.0,0.0,0.0,0.0,0.0,0.0,965472.5,5389444.0,462410.0,965472.4999999999,5389444.0,,,,16517.0,,,,1251.0,1447.0,,5389444.0,,
2024,56220,Anthracite Power & Light,R,Retail Power Marketer,,,,737.0,8230.0,697.0,16822.8,227822.0,245.0,0.0,0.0,0.0,0.0,0.0,0.0,17559.8,236052.0,942.0,17559.8,236052.0,,,,,,,,,,,255586.0,,
2024,56223,Macquarie Energy LLC,R,Retail Power Marketer,,,,0.0,0.0,0.0,689.3,12765.0,1.0,0.0,0.0,0.0,0.0,0.0,0.0,689.3,12765.0,1.0,689.3,12765.0,,,,,,,,,,,32510903.0,,
2024,56224,Rancho Cucamonga Municipal Utility,M,Municipal,Y,1.0,CA,,,,,,,,,,,,,,,,,,123773.0,,,29.0,,,,,,,,,
2024,56248,"Young Energy, LLC",R,Retail Power Marketer,,,,119805.0,616988.0,53002.0,0.0,0.0,0.0,0.0,0.0,0.0,0.0,0.0,0.0,119805.0,616988.0,53002.0,119805.0,616988.0,,,,,,,,162.8,158.9,,649187.0,TRE,
2024,56256,City of Atka - (AK),M,Municipal,Y,1.0,AK,,,,,,,,,,,,,,,,,,,,,,,,,,,,,,
2024,56265,Energy Plus Holdings LLC,R,Retail Power Marketer,,,,44411.1,300629.0,37578.0,5537.1,34939.0,2525.0,0.0,0.0,0.0,0.0,0.0,0.0,49948.2,335568.0,40103.0,49948.2,335568.0,,,,,,,,,,,354532.0,,
2024,56276,TransCanada Energy Marketing ULC,W,Wholesale Power Marketer,,,,,,,,,,,,,,,,,,,,,,,,,,,,,,,,WECC,
2024,56279,"Spartan Renewable Energy, Inc",R,Retail Power Marketer,,,,0.0,0.0,0.0,0.0,0.0,0.0,12512.6,207926.0,3.0,0.0,0.0,0.0,12512.6,207926.0,3.0,12512.6,207926.0,,,,,,,,31.9,28.6,3708.0,207926.0,,
2024,56286,"Frontier Utilities, LLC",R,Retail Power Marketer,,,,321074.60000000003,1947475.0,145409.0,5687.6,33128.0,494.0,,,,,,,326762.2,1980603.0,145903.0,326762.2,1980603.0,,,,,,,,592.0,544.0,,1980603.0,TRE,
2024,56288,Luminant Energy,W,Wholesale Power Marketer,,,,,,,,,,,,,,,,,,,,,,,,,,,,,,,101574027.0,,
2024,56379,"MC Squared Energy Services, LLC",R,Retail Power Marketer,,,,155344.0,2289157.0,244008.0,38858.0,520171.0,18755.0,1150.0,18475.0,16.0,0.0,0.0,0.0,195352.0,2827803.0,262779.0,195352.0,2827803.0,,,,2541.0,,,,,,,3041564.0,,
2024,56408,"UGI Energy Services, LLC",R,Retail Power Marketer,,,,354.3,4028.0,537.0,64291.3,796140.0,3020.0,38097.8,495585.0,524.0,0.0,0.0,0.0,102743.4,1295753.0,4081.0,102743.40000000001,1295753.0,,,,,,,,253.5,210.6,,1295753.0,,
2024,56496,"UP Power Marketing, LLC",R,Retail Power Marketer,,,,0.0,0.0,0.0,0.0,0.0,0.0,1182.7,15929.0,1.0,0.0,0.0,0.0,1182.7,15929.0,1.0,1182.7,15929.0,,,,,,,,,,,15929.0,MRO,
2024,56501,"Palmco Power NJ, LLC",R,Retail Power Marketer,,,,6851.2,30144.0,7102.0,1908.7,16673.0,109.0,0.0,0.0,0.0,0.0,0.0,0.0,8759.9,46817.0,7211.0,8759.9,46817.0,,,,,,,,,,,46817.0,,
2024,56503,TDX Manley Generating LLC,I,Investor Owned,Y,1.0,AK,,,,,,,,,,,,,,,,,,,,,,,,,,,,,,
2024,56504,Major Energy Electric Services,R,Retail Power Marketer,,,,30040.0,212754.0,27120.0,16805.0,135822.0,2486.0,0.0,0.0,0.0,0.0,0.0,0.0,46845.0,348576.0,29606.0,46845.0,348576.0,,,,,,,,,,,371954.0,NPCC,
2024,56521,"Devonshire Energy, LLC",R,Retail Power Marketer,,,,0.0,0.0,0.0,5927.9,104590.0,4.0,0.0,0.0,0.0,0.0,0.0,0.0,5927.9,104590.0,4.0,5927.9,104590.0,,,,,,,,,,,104590.0,,
2024,56526,"ITC Great Plains, LLC",T,Transmission,,,,,,,,,,,,,,,,,,,,,,,,,,,,,,,,,
2024,56528,JP Morgan,W,Wholesale Power Marketer,,,,,,,,,,,,,,,,,,,,,,,,,,,,,,,10293000.0,,
2024,56535,City of Williams - AZ,M,Municipal,Y,1.0,AZ,,,,,,,,,,,,,,,,,,,,,,,,,,,,,,
2024,56536,Riverside Electric Cooperative,C,Cooperative,Y,1.0,ID,,,,,,,,,,,,,,,,,,,,,,,,,,,,,,
2024,56546,Dominion Energy Marketing Inc.,W,Wholesale Power Marketer,,,,,,,,,,,,,,,,,,,,,,,,,,,,,,,7672806.0,,
2024,56571,AP Holdings LLC,R,Retail Power Marketer,,,,82656.7,867682.0,68501.0,175929.2,2336325.0,49884.0,0.0,0.0,0.0,0.0,0.0,0.0,258585.9,3204007.0,118385.0,258585.90000000002,3204007.0,,,,,,,,,,,3420499.0,,
2024,56573,"Palmco Power PA, LLC",R,Retail Power Marketer,,,,8420.7,46634.0,7072.0,923.9,8226.0,175.0,0.0,0.0,0.0,0.0,0.0,0.0,9344.6,54860.0,7247.0,9344.6,54860.0,,,,,,,,,,,54860.0,,
2024,56621,Yakama Power,C,Cooperative,Y,2.0,WA,,,,,,,,,,,,,,,,,,93738.0,,,,,,,,,,,,
2024,56692,Marin Clean Energy,G,Community Choice Aggregator,,,,432119.7,2862154.0,524852.0,382336.1,2636056.0,60310.0,0.0,0.0,0.0,0.0,0.0,0.0,814455.8,5498210.0,585162.0,814455.8,5498210.0,,,,411661.0,,,,1360.4,940.5,,5828102.0,WECC,26957.934
2024,56697,Ameren Illinois Company,I,Investor Owned,,81.0,IL,1259712.4,10715911.0,1060894.0,716833.3999999999,11886170.0,162240.0,178147.9,10948751.0,973.0,1371.8,15527.0,1.0,2156065.5,33566359.0,1224108.0,2156065.4999999995,33566359.0,31882624.0,1038.0,,147236.0,1297.752,223.9,1.13,8350.0,6917.0,,8894706.0,SERC,361657.0
2024,56734,Smart Prepaid Electric,R,Retail Power Marketer,,,,148.0,943.0,96.0,0.0,0.0,0.0,0.0,0.0,0.0,0.0,0.0,0.0,148.0,943.0,96.0,148.0,943.0,,,,,,,,,,,943.0,,
2024,56737,"Stream Energy Pennsylvania, LLC",R,Retail Power Marketer,,,,26890.2,201547.0,20591.0,4045.6,38456.0,1067.0,0.0,0.0,0.0,0.0,0.0,0.0,30935.8,240003.0,21658.0,30935.8,240003.0,,,,,,,,255.0,185.1,,253191.0,,
2024,56739,Gold Country Energy,I,Investor Owned,Y,1.0,AK,,,,,,,,,,,,,,,,,,,,,,,,,,,,,,
2024,56876,"Stream Energy Maryland, LLC",R,Retail Power Marketer,,,,4905.0,31048.0,2852.0,568.0,3812.0,160.0,0.0,0.0,0.0,0.0,0.0,0.0,5473.0,34860.0,3012.0,5473.0,34860.0,,,,,,,,24.1,18.7,,36408.0,,
2024,56890,Citigroup Energy Inc,W,Wholesale Power Marketer,,,,,,,,,,,,,,,,,,,,,,,,,,,,,,,96610981.0,,
2024,57037,Reliant Energy Northeast LLC,R,Retail Power Marketer,,,,546529.0,4352100.0,485207.0,8104.0,49569.0,3185.0,30296.6,412760.0,96.0,0.0,0.0,0.0,584929.6,4814429.0,488488.0,584929.6,4814429.0,,,,,,,,,,,5055250.0,,
2024,57074,"Stream Energy New Jersey, LLC",R,Retail Power Marketer,,,,8028.0,43487.0,5307.0,2744.0,17076.0,617.0,0.0,0.0,0.0,0.0,0.0,0.0,10772.0,60563.0,5924.0,10772.0,60563.0,,,,,,,,65.4,34.5,,64323.0,,
2024,57105,Commonwealth Utility Corporation - (MP),S,State,,3.0,MP,27591.5,95199.0,13052.0,31061.5,180702.0,4503.0,,,,,,,58653.0,275901.0,17555.0,58653.0,275901.0,17555.0,17555.0,,,9.16,,,40.4,37.2,189341.0,103635.0,MP,
2024,57132,"US Retailers, LLC",R,Retail Power Marketer,,,,959524.4,6570044.0,412301.0,327696.4,2865821.0,54076.0,,,,,,,1287220.8,9435865.0,466377.0,1287220.8,9435865.0,,,,,,,,,,,10061050.0,,
2024,57156,NYSERDA,D,Nonutility DSM Administrator,,,,,,,,,,,,,,,,,,,,,,,,,,,,,,,,,322933.0
2024,57185,"Palmco Power MD, LLC",R,Retail Power Marketer,,,,4825.0,21605.0,3776.0,275.9,2735.0,60.0,0.0,0.0,0.0,0.0,0.0,0.0,5100.9,24340.0,3836.0,5100.9,24340.0,,,,,,,,,,,24340.0,,
2024,57194,City of Industry,M,Municipal,Y,,,,,,,,,,,,,,,,,,,,,,,,,,,,,,,,
2024,57201,Energy Trust of Oregon,D,Nonutility DSM Administrator,,,,,,,,,,,,,,,,,,,,,,,,,,,,,,,,,311977.0
2024,57307,ENGIE Power & Gas LLC,R,Retail Power Marketer,,,,1626.0,9871.0,1260.0,15127.800000000001,136248.0,1901.0,0.0,0.0,0.0,0.0,0.0,0.0,16753.8,146119.0,3161.0,16753.800000000003,146119.0,,,,,,,,,,,146119.0,,
2024,57313,Tesla Inc.,B,Behind the Meter,,,,369801.0,2300696.0,322898.0,65686.1,554341.0,14457.0,0.0,0.0,0.0,0.0,0.0,0.0,435487.1,2855037.0,337355.0,435487.1,2855037.0,0.0,337342.0,,,,,,,,2855037.0,0.0,,
2024,57346,Efficiency Maine Trust,D,Nonutility DSM Administrator,,,,,,,,,,,,,,,,,,,,,,,325.0,,,,,,,,,,53134.342
2024,57347,Vermont Energy Investment Corporation,D,Nonutility DSM Administrator,,,,,,,,,,,,,,,,,,,,,,,,,,,,,,,,,58921.902
2024,57349,Focus on Energy,D,Nonutility DSM Administrator,,,,,,,,,,,,,,,,,,,,,,,,,,,,,,,,,446025.0
2024,57350,Summer Energy LLC,R,Retail Power Marketer,,,,21180.0,124587.0,8967.0,227781.0,2039384.0,43085.0,0.0,0.0,0.0,0.0,0.0,0.0,248961.0,2163971.0,52052.0,248961.0,2163971.0,,,,,,,,,,,2163971.0,,
2024,57351,City of Egegik - (AK),M,Municipal,Y,1.0,AK,,,,,,,,,,,,,,,,,,,,,,,,,,,,,,
2024,57394,Value Based Brands LLC,R,Retail Power Marketer,,,,535559.0,3178908.0,221191.0,0.0,0.0,0.0,0.0,0.0,0.0,0.0,0.0,0.0,535559.0,3178908.0,221191.0,535559.0,3178908.0,,,,,,,,,,,3178908.0,,
2024,57453,Independence Energy Group LLC,R,Retail Power Marketer,,,,2566.2,19402.0,1857.0,0.0,0.0,0.0,0.0,0.0,0.0,0.0,0.0,0.0,2566.2,19402.0,1857.0,2566.2,19402.0,,,,,,,,,,24002.0,,,
2024,57459,"Wolverine Alternative Investments, LLC",R,Retail Power Marketer,,,,332.9,2838.0,124.0,2780.4,33023.0,1148.0,0.0,0.0,0.0,0.0,0.0,0.0,3113.3,35861.0,1272.0,3113.3,35861.0,,,,,,,,10.8,8.5,,35861.0,,
2024,57483,Liberty Utilities,I,Investor Owned,,7.0,CA,76119.4,293637.0,43902.0,72586.2,279823.0,6128.0,,,,,,,148705.6,573460.0,50030.0,148705.59999999998,573460.0,35898.0,51185.0,,577.0,11.352,742.75,2.57,86.5,124.0,109710.0,494005.0,WECC,283.95
2024,57486,"XOOM Energy Texas, LLC",R,Retail Power Marketer,,,,124423.6,757034.0,56866.0,10765.8,57310.0,2374.0,0.0,0.0,0.0,0.0,0.0,0.0,135189.4,814344.0,59240.0,135189.4,814344.0,,,,,,,,,,,874058.0,,
2024,57487,"XOOM Energy Connecticut, LLC",R,Retail Power Marketer,,,,12941.0,97309.0,12460.0,11946.0,88776.0,2954.0,0.0,0.0,0.0,0.0,0.0,0.0,24887.0,186085.0,15414.0,24887.0,186085.0,,,,,,,,,,,194640.0,,
2024,57488,"XOOM Energy Illinois, LLC",R,Retail Power Marketer,,,,9284.0,83803.0,11083.0,3979.0,39587.0,1760.0,0.0,0.0,0.0,0.0,0.0,0.0,13263.0,123390.0,12843.0,13263.0,123390.0,,,,,,,,,,,131105.0,,
2024,57489,"XOOM Energy Massachusetts, LLC",R,Retail Power Marketer,,,,5216.0,31087.0,4805.0,1781.0,11089.0,801.0,0.0,0.0,0.0,0.0,0.0,0.0,6997.0,42176.0,5606.0,6997.0,42176.0,,,,,,,,,,,44708.0,,
2024,57490,"XOOM Energy Maryland, LLC",R,Retail Power Marketer,,,,10914.0,73804.0,7165.0,5788.0,42059.0,1002.0,0.0,0.0,0.0,0.0,0.0,0.0,16702.0,115863.0,8167.0,16702.0,115863.0,,,,,,,,,,,121796.0,,
2024,57491,"XOOM Energy New Jersey, LLC",R,Retail Power Marketer,,,,3261.0,19367.0,2300.0,2488.0,13811.0,813.0,,,,,,,5749.0,33178.0,3113.0,5749.0,33178.0,,,,,,,,,,,35603.0,,
2024,58085,"Electricity Maine, LLC",R,Retail Power Marketer,,,,15240.0,90850.0,17749.0,1861.0,12491.0,879.0,0.0,0.0,0.0,0.0,0.0,0.0,17101.0,103341.0,18628.0,17101.0,103341.0,,,,,,,,,,,108889.0,,
2024,58086,"Electricity NH, LLC",R,Retail Power Marketer,,,,19237.0,122975.0,15091.0,2277.0,14624.0,983.0,,,,,,,21514.0,137599.0,16074.0,21514.0,137599.0,,,,,,,,,,,144858.0,,
2024,58113,"Texas A&M, Utilities & Energy Services",S,State,,1.0,TX,1179.0,13560.0,2.0,3071.0,35481.0,28.0,564.0,6496.0,13.0,,,,4814.0,55537.0,43.0,4814.0,55537.0,,43.0,,,,,,93.7,72.6,106481.0,395192.0,,
2024,58116,"Public Power & Utility of Maryland, LLC",R,Retail Power Marketer,,,,1705.2,15357.0,2697.0,4431.1,31645.0,477.0,0.0,0.0,0.0,0.0,0.0,0.0,6136.3,47002.0,3174.0,6136.3,47002.0,,,,,,,,,,,47002.0,,
2024,58118,Public Power LLC (PA),R,Retail Power Marketer,,,,5879.5,60904.0,6862.0,7187.5,63746.0,1164.0,0.0,0.0,0.0,0.0,0.0,0.0,13067.0,124650.0,8026.0,13067.0,124650.0,,,,,,,,,,,124650.0,,
2024,58119,Public Power LLC (CT),R,Retail Power Marketer,,,,22986.5,310084.0,28450.0,12247.5,121307.0,2531.0,0.0,0.0,0.0,0.0,0.0,0.0,35234.0,431391.0,30981.0,35234.0,431391.0,,,,,,,,,,,431391.0,,
2024,58123,Aha Macav Power Service,P,Political Subdivision,Y,3.0,"AZ,CA,NV",,,,,,,,,,,,,,,,,,44617.0,0.0,,,,,,,,,,,
2024,58124,City of Winter Park - (FL),M,Municipal,,1.0,FL,26182.0,192053.0,12137.0,23549.0,246081.0,2606.0,,,,,,,49731.0,438134.0,14743.0,49731.0,438134.0,,14743.0,,24.0,5.295999999999999,,,77.2,80.3,,456473.0,SERC,15.3
2024,58126,Pittsburg Power Company,M,Municipal,Y,1.0,CA,,,,,,,,,,,,,,,,,,699.0,,,,,,,,,,,,
2024,58127,Cape Light Compact,D,Nonutility DSM Administrator,,,,,,,,,,,,,,,,,,,,,,,2828.0,,,,,,,,,,18066.0
2024,58128,DC Sustainable Energy Utility,D,Nonutility DSM Administrator,,,,,,,,,,,,,,,,,,,,,,,,,,,,,,,,,94043.167
2024,58139,Town of Pickstown - (SD),M,Municipal,Y,1.0,SD,,,,,,,,,,,,,,,,,,2979.0,,,,,,,,,,,,
2024,58158,FairPoint Energy LLC,R,Retail Power Marketer,,,,5785.200000000001,29321.0,5637.0,3041.0,24271.0,1004.0,0.0,0.0,0.0,0.0,0.0,0.0,8826.2,53592.0,6641.0,8826.2,53592.0,,,,,,,,,,,53592.0,,
2024,58160,Viridian Energy NY LLC,R,Retail Power Marketer,,,,2417.6,14818.0,2082.0,771.2,5178.0,295.0,0.0,0.0,0.0,0.0,0.0,0.0,3188.8,19996.0,2377.0,3188.8,19996.0,,,,,,,,,,,19996.0,,
2024,58161,Viridian Energy LLC,R,Retail Power Marketer,,,,10577.5,49179.0,7589.0,3255.8,15400.0,1057.0,0.0,0.0,0.0,0.0,0.0,0.0,13833.3,64579.0,8646.0,13833.3,64579.0,,,,,,,,,,,64579.0,,
2024,58162,Viridian Energy PA LLC,R,Retail Power Marketer,,,,17897.2,111158.0,13084.0,3761.2,23834.0,1286.0,0.0,0.0,0.0,0.0,0.0,0.0,21658.4,134992.0,14370.0,21658.4,134992.0,,,,,,,,,,,134992.0,,
2024,58181,"Stream Energy New York, LLC",R,Retail Power Marketer,,,,1631.0,17339.0,2314.0,205.0,1904.0,111.0,0.0,0.0,0.0,0.0,0.0,0.0,1836.0,19243.0,2425.0,1836.0,19243.0,,,,,,,,13.0,10.2,,19367.0,,
2024,58196,"C. N. Brown Electricity, LLC",R,Retail Power Marketer,,,,4587.7,36289.0,4843.0,4510.2,35096.0,871.0,0.0,0.0,0.0,0.0,0.0,0.0,9097.9,71385.0,5714.0,9097.9,71385.0,,,,,,,,,,,73736.0,,
2024,58230,MJMEUC,W,Wholesale Power Marketer,,,,,,,,,,,,,,,,,,,,,,,,,,,,720.1,709.2,2872313.0,4582607.0,SPP,
2024,58248,"EnergyMark, LLC",R,Retail Power Marketer,,,,1321.5,26917.0,3212.0,18458.6,336874.0,3429.0,24168.9,533442.0,199.0,0.0,0.0,0.0,43949.0,897233.0,6840.0,43949.0,897233.0,,,,6840.0,,,,105.5,117.4,,897233.0,,
2024,58314,"Palmco Power IL, LLC",R,Retail Power Marketer,,,,18759.7,106292.0,20713.0,4822.7,41781.0,619.0,0.0,0.0,0.0,0.0,0.0,0.0,23582.4,148073.0,21332.0,23582.4,148073.0,,,,,,,,,,,148073.0,,
2024,58339,"XOOM Energy Pennsylvania, LLC",R,Retail Power Marketer,,,,15022.0,136044.0,12172.0,7115.0,64071.0,2621.0,0.0,0.0,0.0,0.0,0.0,0.0,22137.0,200115.0,14793.0,22137.0,200115.0,,,,,,,,,,,212209.0,,
2024,58364,New Brunswick Power Generation Corp.,R,Retail Power Marketer,,,,,,,2693.2,29727.0,5.0,19054.4,187944.0,5.0,,,,21747.6,217671.0,10.0,21747.600000000002,217671.0,,,,,,,,1657.0,2841.0,,217671.0,,
2024,58367,"XOOM Energy New York, LLC",R,Retail Power Marketer,,,,12356.0,74487.0,12190.0,17237.0,105515.0,5378.0,0.0,0.0,0.0,0.0,0.0,0.0,29593.0,180002.0,17568.0,29593.0,180002.0,,,,,,,,,,,184307.0,,
2024,58458,Silver State Energy Association,R,Retail Power Marketer,,,,0.0,0.0,0.0,69911.0,982858.0,7.0,0.0,0.0,0.0,0.0,0.0,0.0,69911.0,982858.0,7.0,69911.0,982858.0,,,,,,,,,,,1268072.0,,
2024,58476,"Stream Energy Columbia, LLC",R,Retail Power Marketer,,,,263.0,1578.0,215.0,159.0,1080.0,25.0,0.0,0.0,0.0,0.0,0.0,0.0,422.0,2658.0,240.0,422.0,2658.0,,,,,,,,2.0,1.5,,2745.0,,
2024,58630,"XOOM Energy Maine, LLC",R,Retail Power Marketer,,,,6251.0,47016.0,5370.0,1883.0,15530.0,485.0,0.0,0.0,0.0,0.0,0.0,0.0,8134.0,62546.0,5855.0,8134.0,62546.0,,,,,,,,,,,66993.0,,
2024,58631,"XOOM Energy Rhode Island, LLC",R,Retail Power Marketer,,,,348.0,2226.0,271.0,87.0,546.0,33.0,0.0,0.0,0.0,0.0,0.0,0.0,435.0,2772.0,304.0,435.0,2772.0,,,,,,,,,,,2996.0,,
2024,58632,"XOOM Energy Delaware, LLC",R,Retail Power Marketer,,,,534.0,3784.0,362.0,224.0,1578.0,167.0,0.0,0.0,0.0,0.0,0.0,0.0,758.0,5362.0,529.0,758.0,5362.0,,,,,,,,,,,5654.0,,
2024,58633,"XOOM Energy New Hampshire, LLC",R,Retail Power Marketer,,,,1053.0,7456.0,1008.0,294.0,2147.0,204.0,,,,,,,1347.0,9603.0,1212.0,1347.0,9603.0,,,,,,,,,,,10386.0,,
2024,58663,Respond Power LLC,R,Retail Power Marketer,,,,33467.0,298275.0,27766.0,6209.0,51823.0,1154.0,0.0,0.0,0.0,0.0,0.0,0.0,39676.0,350098.0,28920.0,39676.0,350098.0,,,,,,,,,,,391838.0,,
2024,58667,"North American Power and Gas, LLC",R,Retail Power Marketer,,,,50560.0,319594.0,38173.0,1267.5,7710.0,660.0,0.0,0.0,0.0,0.0,0.0,0.0,51827.5,327304.0,38833.0,51827.5,327304.0,,,,,,,,101.6,77.9,,327304.0,,
2024,58747,"Provider Power MASS, LLC",R,Retail Power Marketer,,,,13811.0,60311.0,7469.0,1625.0,9241.0,381.0,,,,,,,15436.0,69552.0,7850.0,15436.0,69552.0,,,,,,,,,,,72642.0,,
2024,58789,DOD USMC Marine Air Ground Combat,F,Federal,Y,1.0,CA,,,,,,,,,,,,,,,,,,,273.0,,,,,,,,,,,
2024,58851,City of Cerritos - (CA),M,Municipal,,,,0.0,0.0,0.0,4612.0,42926.0,251.0,1738.7,17829.0,10.0,0.0,0.0,0.0,6350.7,60755.0,261.0,6350.7,60755.0,,,,261.0,,,,13.8,11.2,,64095.0,,
2024,58853,Kiwi Energy NY LLC,R,Retail Power Marketer,,,,8928.0,66759.0,10577.0,146.0,1090.0,220.0,0.0,0.0,0.0,0.0,0.0,0.0,9074.0,67849.0,10797.0,9074.0,67849.0,,,,,,,,,,,72822.0,,
2024,58854,Delaware Sustainable Energy Utility,D,Nonutility DSM Administrator,,,,,,,,,,,,,,,,,,,,,,,,,,,,,,,,,15691.598
2024,58855,Hawaii Energy Efficiency Program,D,Nonutility DSM Administrator,,,,,,,,,,,,,,,,,,,,,,,,,,,,,,,,,60111.007
2024,58951,"CleanChoice Energy, Inc.",R,Retail Power Marketer,,,,254613.0,1712644.0,234727.0,3061.4,19552.0,2029.0,0.0,0.0,0.0,0.0,0.0,0.0,257674.40000000002,1732196.0,236756.0,257674.4,1732196.0,,,,,,,,,,,1732196.0,,
2024,58952,Tomorrow Energy Corp.,R,Retail Power Marketer,,,,44217.5,268705.0,30755.0,688.7,2391.0,160.0,0.0,0.0,0.0,0.0,0.0,0.0,44906.200000000004,271096.0,30915.0,44906.2,271096.0,,,,,,,,,,,288833.0,WECC,
2024,58956,"SmartEnergy Holdings, LLC",R,Retail Power Marketer,,,,191362.1,1363271.0,201843.0,0.0,0.0,0.0,0.0,0.0,0.0,0.0,0.0,0.0,191362.1,1363271.0,201843.0,191362.1,1363271.0,,,,,,,,,,,1618763.0,,
2024,58957,"Interstate Gas Supply, Inc.",R,Retail Power Marketer,,,,216299.0,2111258.0,245348.0,434384.0,7197257.0,47390.0,,,,,,,650683.0,9308515.0,292738.0,650683.0,9308515.0,,,,,,,,,,,9308515.0,,
2024,58963,Brooklet Energy Distribution,R,Retail Power Marketer,,,,20560.0,164205.0,14072.0,177.0,2309.0,19.0,0.0,0.0,0.0,0.0,0.0,0.0,20737.0,166514.0,14091.0,20737.0,166514.0,,,,,,,,,,,181296.0,,
2024,58964,"Alpha Gas and Electric, LLC",R,Retail Power Marketer,,,,14597.9,89047.0,16773.0,1289.0,9901.0,62.0,0.0,0.0,0.0,0.0,0.0,0.0,15886.9,98948.0,16835.0,15886.9,98948.0,,,,,,,,,,,98948.0,,
2024,58966,Marathon Power LLC,R,Retail Power Marketer,,,,1001.9000000000001,9211.0,476.0,26361.5,288578.0,3023.0,0.0,0.0,0.0,0.0,0.0,0.0,27363.399999999998,297789.0,3499.0,27363.4,297789.0,,,,,,,,,,,297789.0,,
2024,58972,"Realgy, LLC",R,Retail Power Marketer,,,,4042.7,41468.0,6326.0,3921.6,62765.0,1379.0,0.0,0.0,0.0,0.0,0.0,0.0,7964.299999999999,104233.0,7705.0,7964.299999999999,104233.0,,,,,,,,19.0,41.0,,105711.0,,
2024,58973,"Town Square Energy East, LLC",R,Retail Power Marketer,,,,2547.0,21969.0,2123.0,141.0,1389.0,79.0,0.0,0.0,0.0,0.0,0.0,0.0,2688.0,23358.0,2202.0,2688.0,23358.0,,,,,,,,26.5,16.9,,23358.0,,
2024,58974,Clearview Electric Inc.,R,Retail Power Marketer,,,,81971.90000000001,538633.0,60588.0,4837.7,35205.0,1136.0,0.0,0.0,0.0,0.0,0.0,0.0,86809.6,573838.0,61724.0,86809.6,573838.0,,,,,,,,,,,573838.0,,
2024,58978,"Harborside Energy, LLC",R,Retail Power Marketer,,,,313.4,1446.0,246.0,65.7,639.0,4.0,,,,,,,379.1,2085.0,250.0,379.09999999999997,2085.0,,,,,,,,,,0.0,2085.0,,
2024,59013,PUD No 1 of Jefferson County,P,Political Subdivision,,1.0,WA,29017.3,223058.0,18661.0,8499.6,66107.0,2279.0,5913.7,98557.0,16.0,0.0,0.0,0.0,43430.6,387722.0,20956.0,43430.6,387722.0,302208.0,650.0,,,12.192,522.3,2.95,41.5,105.6,0.0,401960.0,,668.0
2024,59053,"Abest Power & Gas, LLC",R,Retail Power Marketer,,,,3639.0,21100.0,4194.0,59.2,330.0,43.0,0.0,0.0,0.0,0.0,0.0,0.0,3698.2,21430.0,4237.0,3698.2,21430.0,,,,,,,,5.8,3.9,,21430.0,,
2024,59054,"Eligo Energy, LLC",R,Retail Power Marketer,,,,37827.5,290293.0,35962.0,33128.8,267620.0,8914.0,,,,,,,70956.3,557913.0,44876.0,70956.3,557913.0,,,,,,,,,,,557913.0,,
2024,59055,"Choice Energy, LLC",R,Retail Power Marketer,,,,11050.5,88804.0,9670.0,0.0,0.0,0.0,0.0,0.0,0.0,0.0,0.0,0.0,11050.5,88804.0,9670.0,11050.5,88804.0,,,,,,,,,,0.0,93075.0,,
2024,59059,Town Square Energy,R,Retail Power Marketer,,,,118119.40000000001,905472.0,95405.0,21173.399999999998,159744.0,4909.0,0.0,0.0,0.0,0.0,0.0,0.0,139292.8,1065216.0,100314.0,139292.80000000002,1065216.0,,,,,,,,323.9,214.8,,1065216.0,,
2024,59062,"Horizon Power and Light, LLC",R,Retail Power Marketer,,,,1364.6000000000001,7960.0,723.0,4223.5,44456.0,254.0,24.0,303.0,13.0,,,,5612.1,52719.0,990.0,5612.1,52719.0,,,,,,,,17.7,18.1,,55444.0,,
2024,59064,"Great American Power, LLC",R,Retail Power Marketer,,,,3868.1,35939.0,5480.0,4.8,59.0,12.0,0.0,0.0,0.0,0.0,0.0,0.0,3872.8999999999996,35998.0,5492.0,3872.9,35998.0,,,,,,,,,,0.0,35998.0,,
2024,59065,Titan Gas LLC,R,Retail Power Marketer,,,,60144.6,419236.0,46197.0,16012.1,153132.0,3511.0,0.0,0.0,0.0,0.0,0.0,0.0,76156.7,572368.0,49708.0,76156.7,572368.0,,,,,,,,128.0,98.0,0.0,572368.0,ERCOT,
2024,59082,"Family Energy, Inc. New York",R,Retail Power Marketer,,,,10926.0,96207.0,17295.0,47935.8,421986.0,8636.0,,,,,,,58861.8,518193.0,25931.0,58861.8,518193.0,,,,,,,,,,,518193.0,,
2024,59083,"SFE Energy Pennsylvania, Inc.",R,Retail Power Marketer,,,,16555.0,150374.0,19133.0,48252.8,437818.0,6796.0,,,,,,,64807.8,588192.0,25929.0,64807.8,588192.0,,,,,,,,,,,588192.0,,
2024,59084,"SFE Energy Maryland, Inc.",R,Retail Power Marketer,,,,7373.8,61846.0,6585.0,7175.8,59951.0,1103.0,,,,,,,14549.6,121797.0,7688.0,14549.6,121797.0,,,,,,,,,,,121797.0,,
2024,59085,"SFE Energy NJ, Inc.",R,Retail Power Marketer,,,,2751.8,20000.0,2767.0,15554.9,112992.0,1770.0,,,,,,,18306.7,132992.0,4537.0,18306.7,132992.0,,,,,,,,,,,132992.0,,
2024,59086,"Constellation Solar Holding, LLC",B,Behind the Meter,,,,0.0,0.0,0.0,25018.0,179642.0,60.0,490.8,3786.0,4.0,0.0,0.0,0.0,25508.8,183428.0,64.0,25508.8,183428.0,,,,,,,,,,183428.0,,,
2024,59088,"Nordic Energy Services, LLC",R,Retail Power Marketer,,,,27093.1,199342.0,32212.0,5747.3,48598.0,2108.0,0.0,0.0,0.0,0.0,0.0,0.0,32840.4,247940.0,34320.0,32840.4,247940.0,,,,,,,,82.3,56.8,,247940.0,,
2024,59118,NJ Clean Energy Program,D,Nonutility DSM Administrator,,,,,,,,,,,,,,,,,,,,,,,,,,,,,,,,,81200.0
2024,59126,Sonoma Clean Power Authority,G,Community Choice Aggregator,,,,134263.7,1029779.0,199002.0,125759.8,943791.0,28686.0,19373.9,159239.0,2968.0,0.0,0.0,0.0,279397.4,2132809.0,230656.0,279397.4,2132809.0,,,11457.0,157705.0,,,,527.5,401.7,0.0,2259283.0,,
2024,59128,MPower Energy LLC,R,Retail Power Marketer,,,,22808.5,114833.0,30924.0,5645.5,30443.0,1512.0,0.0,0.0,0.0,0.0,0.0,0.0,28454.0,145276.0,32436.0,28454.0,145276.0,,,,,,,,,,,145276.0,NPCC,
2024,59310,"Inspire Energy Holdings, LLC",R,Retail Power Marketer,,,,375770.9,2466951.0,281896.0,4416.4,31747.0,1785.0,,,,,,,380187.3,2498698.0,283681.0,380187.30000000005,2498698.0,,,,,,,,703.0,607.0,,2498698.0,,
2024,59311,"XOOM Energy Ohio, LLC",R,Retail Power Marketer,,,,12065.0,135354.0,12224.0,3739.0,40824.0,2164.0,0.0,0.0,0.0,0.0,0.0,0.0,15804.0,176178.0,14388.0,15804.0,176178.0,,,,,,,,,,,187332.0,,
2024,59312,"XOOM Energy Washington DC, LLC",R,Retail Power Marketer,,,,768.0,4708.0,623.0,412.0,2504.0,353.0,0.0,0.0,0.0,0.0,0.0,0.0,1180.0,7212.0,976.0,1180.0,7212.0,,,,,,,,,,,7565.0,,
2024,59313,"Palmco Power MA, LLC",R,Retail Power Marketer,,,,7873.7,30853.0,7016.0,164.6,842.0,134.0,0.0,0.0,0.0,0.0,0.0,0.0,8038.3,31695.0,7150.0,8038.3,31695.0,,,,,,,,,,,31695.0,,
2024,59385,"Dynegy Energy Services, LLC",R,Retail Power Marketer,,,,584567.8,6688656.0,704952.0,967667.0,16092320.0,30243.0,96806.4,1768253.0,141.0,16714.0,351103.0,1.0,1665755.2000000002,24900332.0,735337.0,1665755.2,24900332.0,,,,87.0,,,,,,,24900332.0,,
2024,59410,"Shipley Choice, LLC",R,Retail Power Marketer,,,,19702.1,219752.0,20969.0,11997.400000000001,174377.0,1359.0,1164.3,20833.0,63.0,0.0,0.0,0.0,32863.8,414962.0,22391.0,32863.8,414962.0,,,,,,,,106.3,74.0,,448809.0,RF,
2024,59505,Heartland REMC,C,Cooperative,,8.0,IN,38024.0,258329.0,18013.0,22707.0,177748.0,467.0,21479.0,239060.0,7.0,,,,82210.0,675137.0,18487.0,82210.0,675137.0,693623.0,,,2.0,,,,129.2,115.8,,695237.0,,
2024,59579,Sunnova,B,Behind the Meter,,,,460568.39999999997,1854578.0,245107.0,,,,,,,,,,460568.39999999997,1854578.0,245107.0,460568.39999999997,1854578.0,,,,,,,,,,1854578.0,,,
2024,59580,"SunPower Capital, LLC",B,Behind the Meter,,,,179219.0,808842.0,107002.0,,,,,,,,,,179219.0,808842.0,107002.0,179219.0,808842.0,126291.0,,,,,,,,,808842.0,,,
2024,59620,Verde Energy USA,R,Retail Power Marketer,,,,64605.0,433243.0,48123.0,10312.0,79411.0,2561.0,0.0,0.0,0.0,0.0,0.0,0.0,74917.0,512654.0,50684.0,74917.0,512654.0,,,,,,,,,,,543842.0,,
2024,59622,"Ahana Renewables, LLC",B,Behind the Meter,,,,0.0,0.0,0.0,15427.4,100270.0,84.0,0.0,0.0,0.0,0.0,0.0,0.0,15427.4,100270.0,84.0,15427.4,100270.0,,,,,,,,,,100270.0,0.0,,
2024,59625,Lancaster Choice Energy,G,Community Choice Aggregator,,,,51127.0,323422.0,46856.0,24447.0,187198.0,5625.0,8211.0,69803.0,99.0,0.0,0.0,0.0,83785.0,580423.0,52580.0,83785.0,580423.0,,,,,,,,213.4,89.1,0.0,580423.0,,
2024,59647,Sunrun Inc.,B,Behind the Meter,,,,1342175.5999999999,5945968.0,705215.0,,,,,,,,,,1342175.5999999999,5945968.0,705215.0,1342175.5999999999,5945968.0,6709014.06,,,,,,,,,5945968.0,,,
2024,59676,"Collegiate Clean Energy, LLC",R,Retail Power Marketer,,,,0.0,0.0,0.0,4791.5,64424.0,89.0,0.0,0.0,0.0,0.0,0.0,0.0,4791.5,64424.0,89.0,4791.5,64424.0,,,,,,,,13.8,11.0,,64424.0,,
2024,59679,Aggregated Transit Energy,R,Retail Power Marketer,,,,0.0,0.0,0.0,0.0,0.0,0.0,0.0,0.0,0.0,21603.8,325824.0,1.0,21603.8,325824.0,1.0,21603.8,325824.0,,,,,,,,52.4,60.0,,325824.0,,
2024,59734,"SFE Energy Massachusetts, Inc.",R,Retail Power Marketer,,,,5689.0,33679.0,6435.0,19944.9,118611.0,3481.0,,,,,,,25633.9,152290.0,9916.0,25633.9,152290.0,,,,,,,,,,,152290.0,,
2024,59763,"Consolidated Power Co., LLC",R,Retail Power Marketer,,,,0.0,0.0,0.0,2620.1,15319.0,10.0,0.0,0.0,0.0,0.0,0.0,0.0,2620.1,15319.0,10.0,2620.1,15319.0,,,,,,,,,,,15319.0,,
2024,59793,"First Point Power, LLC",R,Retail Power Marketer,,,,179707.3,1331747.0,178807.0,188099.6,1589800.0,39164.0,122528.09999999999,1165730.0,425.0,0.0,0.0,0.0,490334.99999999994,4087277.0,218396.0,490335.0,4087277.0,,,,255.0,,,,952.6,816.3,,4087277.0,,
2024,59797,Park Power LLC,R,Retail Power Marketer,,,,10604.7,57649.0,7572.0,72.8,664.0,20.0,,,,,,,10677.5,58313.0,7592.0,10677.5,58313.0,,,,,,,,14.6,15.7,,62570.0,,
2024,59799,American Power & Gas,R,Retail Power Marketer,,,,73141.2,516699.0,45950.0,136715.0,868616.0,39851.0,0.0,0.0,0.0,0.0,0.0,0.0,209856.2,1385315.0,85801.0,209856.2,1385315.0,,,,,,,,,,0.0,1434877.0,FRCC,
2024,59807,"Rushmore Energy, LLC",R,Retail Power Marketer,,,,15373.9,138410.0,19353.0,5.5,53.0,6.0,0.0,0.0,0.0,0.0,0.0,0.0,15379.4,138463.0,19359.0,15379.4,138463.0,,,,,,,,,,,147633.0,,
2024,59808,MP2 Energy LLC,R,Retail Power Marketer,,,,84673.9,578090.0,39395.0,1500755.9,21686886.0,52020.0,402668.30000000005,9039617.0,2569.0,5261.2,123230.0,3.0,1993359.2999999998,31427823.0,93987.0,1993359.2999999998,31427823.0,,,,7935.0,,,,4668.7,4219.1,,31427823.0,TRE,
2024,59809,"Residents Energy, LLC",R,Retail Power Marketer,,,,80801.5,519146.0,77167.0,7659.5,58576.0,1958.0,0.0,0.0,0.0,0.0,0.0,0.0,88461.0,577722.0,79125.0,88461.0,577722.0,,,,,,,,153.7,140.3,,577722.0,,
2024,59810,Greenlight Energy Inc.,R,Retail Power Marketer,,,,5524.0,38965.0,5318.0,169.0,994.0,28.0,0.0,0.0,0.0,0.0,0.0,0.0,5693.0,39959.0,5346.0,5693.0,39959.0,,,,,,,,15.4,11.8,,39959.0,NPCC,
2024,59811,Santanna Energy Services,R,Retail Power Marketer,,,,18530.3,233210.0,20854.0,4252.9,37006.0,951.0,0.0,0.0,0.0,0.0,0.0,0.0,22783.2,270216.0,21805.0,22783.199999999997,270216.0,,,,,,,,,,,288229.0,,
2024,59812,New Wave Energy Corporation,R,Retail Power Marketer,,,,14844.4,155940.0,11233.0,38566.3,409535.0,5185.0,0.0,0.0,0.0,0.0,0.0,0.0,53410.7,565475.0,16418.0,53410.700000000004,565475.0,,,,,,,,,,,593652.0,,
2024,59818,Algonquin Energy Services,R,Retail Power Marketer,,,,0.0,0.0,0.0,686.6,5294.0,126.0,146.2,1025.0,1.0,0.0,0.0,0.0,832.8,6319.0,127.0,832.8,6319.0,,,,,,,,,,6319.0,,,
2024,59848,"ResCom Energy, LLC",R,Retail Power Marketer,,,,1114.9,14380.0,3024.0,,,,,,,,,,1114.9,14380.0,3024.0,1114.9,14380.0,,,,,,,,6.2,8.2,,15185.0,,
2024,59931,"MidAmerican Energy Services, LLC",R,Retail Power Marketer,,,,4656.8,39572.0,3081.0,204991.40000000002,2829841.0,17203.0,164131.2,2719647.0,287.0,0.0,0.0,0.0,373779.4,5589060.0,20571.0,373779.4,5589060.0,,,,989.0,,,,,,,5703573.0,,
2024,59943,Spruce Finance,B,Behind the Meter,,,,69066.3,404277.0,50856.0,0.0,0.0,0.0,0.0,0.0,0.0,0.0,0.0,0.0,69066.3,404277.0,50856.0,69066.3,404277.0,,,,,,,,20.6,15.4,404277.0,,,
2024,59972,The Regents of the Univ. of California,R,Retail Power Marketer,,,,0.0,0.0,0.0,65200.2,594231.0,768.0,0.0,0.0,0.0,0.0,0.0,0.0,65200.2,594231.0,768.0,65200.2,594231.0,,,,,,,,,,,611046.0,,
2024,59993,Discount Power Inc - (CT),R,Retail Power Marketer,,,,16806.7,76438.0,11464.0,454.0,2868.0,103.0,0.0,0.0,0.0,0.0,0.0,0.0,17260.7,79306.0,11567.0,17260.7,79306.0,,,,,,,,,,0.0,79306.0,,
2024,60025,Greenbacker Renewable Energy Corporation,B,Behind the Meter,,,,6.2,60.0,10.0,9688.8,83505.0,145.0,0.0,0.0,0.0,0.0,0.0,0.0,9695.0,83565.0,155.0,9695.0,83565.0,70634.0,,,,,,,,,83565.0,0.0,,
2024,60065,Cross Texas Transmission,T,Transmission,,,,,,,,,,,,,,,,,,,,,,,,,,,,,,,,,
2024,60066,Wind Energy Transmission Texas LLC,T,Transmission,,,,,,,,,,,,,,,,,,,,,,,,,,,,,,,,,
2024,60080,Pleasant Hill Community Line,C,Cooperative,Y,1.0,IA,,,,,,,,,,,,,,,,,,,,,,,,,,,,,,
2024,60123,Southeast Alaska Power Agency,T,Transmission,,,,,,,,,,,,,,,,,,,,,,,,,,,,,,201447.0,,,
2024,60124,Spring Energy RRH LLC,R,Retail Power Marketer,,,,10513.0,70686.0,10239.0,251.0,1691.0,58.0,0.0,0.0,0.0,0.0,0.0,0.0,10764.0,72377.0,10297.0,10764.0,72377.0,,,,,,,,,,,78884.0,,
2024,60181,CleanPowerSF,G,Community Choice Aggregator,,,,166312.7,1155703.0,353982.0,157667.4,1336088.0,30169.0,31482.7,353154.0,43.0,0.0,0.0,0.0,355462.8,2844945.0,384194.0,355462.8,2844945.0,,,,257235.0,,,,503.4,514.0,,2844945.0,,
2024,60202,Electranet Power LLC,R,Retail Power Marketer,,,,,,,,,,91.9,3307.0,29.0,,,,91.9,3307.0,29.0,91.9,3307.0,,,,29.0,,,,,,,3463.0,,
2024,60218,MPower Energy NJ LLC,R,Retail Power Marketer,,,,25661.3,139366.0,23119.0,763.8,3990.0,240.0,0.0,0.0,0.0,0.0,0.0,0.0,26425.1,143356.0,23359.0,26425.1,143356.0,,,,,,,,,,,143356.0,,
2024,60402,Peninsula Clean Energy Authority,G,Community Choice Aggregator,,,,189050.3,1392192.0,282893.0,235123.9,1750084.0,28444.0,32513.4,267381.0,303.0,0.0,0.0,0.0,456687.6,3409657.0,311640.0,456687.6,3409657.0,,,,,,,,732.0,603.0,,3599000.0,,
2024,60482,CKenergy Electric Cooperative,C,Cooperative,,9.0,OK,34784.6,271430.0,22555.0,35056.3,316967.0,4810.0,12875.7,188856.0,33.0,,,,82716.6,777253.0,27398.0,82716.59999999999,777253.0,804651.0,,,,2.8499999999999996,,,187.8,160.0,,818121.0,,
2024,60502,Port of Stockton - (CA),M,Municipal,Y,1.0,CA,,,,,,,,,,,,,,,,,,,92.0,,4.0,,,,,,,,,
2024,60579,"SFE Energy Ohio, Inc.",R,Retail Power Marketer,,,,3713.8,49314.0,6743.0,3698.7,49101.0,1480.0,,,,,,,7412.5,98415.0,8223.0,7412.5,98415.0,,,,,,,,,,,98415.0,,
2024,60583,Atlantic Energy LLC,R,Retail Power Marketer,,,,19784.8,93946.0,15104.0,9158.9,35296.0,1315.0,0.0,0.0,0.0,0.0,0.0,0.0,28943.7,129242.0,16419.0,28943.699999999997,129242.0,,,,,,,,,,,129242.0,,
2024,60631,Upper Michigan Energy Resources Corp.,I,Investor Owned,,10.0,MI,33033.3,223869.0,33252.0,19233.8,177438.0,4051.0,88349.0,1658295.0,56.0,0.0,0.0,0.0,140616.1,2059602.0,37359.0,140616.1,2059602.0,1839786.0,42.0,5.0,738.0,1.409,1082.0,1.71,271.9,273.2,545111.0,1494775.0,,
2024,60696,"Vista Energy Marketing, L.P.",R,Retail Power Marketer,,,,20006.600000000002,144485.0,20912.0,149.39999999999998,1420.0,36.0,0.0,0.0,0.0,0.0,0.0,0.0,20156.0,145905.0,20948.0,20156.000000000004,145905.0,,,,,,,,44.3,21.3,,145905.0,,
2024,60715,Port of Oakland,M,Municipal,Y,1.0,CA,,,,,,,,,,,,,,,,,,,617.0,,3.0,,,,,,,,,
2024,60758,Apple Valley Choice Energy,G,Community Choice Aggregator,,,,24604.0,149109.0,22941.0,8243.0,61714.0,2313.0,1757.0,15213.0,72.0,0.0,0.0,0.0,34604.0,226036.0,25326.0,34604.0,226036.0,,,,,,,,94.4,37.9,0.0,226036.0,,
2024,60759,Silicon Valley Clean Energy Authority,G,Community Choice Aggregator,,,,190728.3,1324868.0,249951.0,264947.6,1944042.0,25879.0,87121.3,715955.0,865.0,0.0,0.0,0.0,542797.2,3984865.0,276695.0,542797.2,3984865.0,,,,,,,,829.0,749.0,,4147587.0,,
2024,60839,Southern Pioneer Electric Company,C,Cooperative,,11.0,KS,18669.0,117680.0,12602.0,21270.0,149572.0,4435.0,27687.0,484602.0,68.0,0.0,0.0,0.0,67626.0,751854.0,17105.0,67626.0,751854.0,767960.0,1.0,,1.0,2.5,160.91,,137.8,106.7,,765513.0,,
2024,60868,Redwood Coast Energy Authority,G,Community Choice Aggregator,,,,34656.1,235696.0,51305.0,28010.6,202716.0,8654.0,11659.5,89144.0,1759.0,0.0,0.0,0.0,74326.2,527556.0,61718.0,74326.2,527556.0,,,,45662.0,,,,81.7,94.1,292.0,560864.0,,45.999
2024,60913,Dynegy Marketing and Trade LLC,W,Wholesale Power Marketer,,,,,,,,,,,,,,,,,,,,,,,,,,,,,,,108819397.0,,
2024,60914,Current Power & Gas Inc.,R,Retail Power Marketer,,,,58.8,870.0,121.0,2395.7,38309.0,3410.0,0.0,0.0,0.0,0.0,0.0,0.0,2454.5,39179.0,3531.0,2454.5,39179.0,,,,,,,,,,,39179.0,,
2024,60977,StateWise Energy Ohio LLC,R,Retail Power Marketer,,,,1770.7,25444.0,2874.0,6.3,90.0,5.0,,,,,,,1777.0,25534.0,2879.0,1777.0,25534.0,,,,,,,,,,,25534.0,,
2024,60981,"TerraForm US Energy Services, LLC",B,Behind the Meter,,,,0.0,0.0,0.0,17124.0,124193.0,341.0,0.0,0.0,0.0,0.0,0.0,0.0,17124.0,124193.0,341.0,17124.0,124193.0,341.0,341.0,,,,,,,,124193.0,,,
2024,61059,"Renaissance Power & Gas, Inc.",R,Retail Power Marketer,,,,8154.299999999999,64932.0,13058.0,2082.4,13082.0,733.0,0.0,0.0,0.0,0.0,0.0,0.0,10236.7,78014.0,13791.0,10236.699999999999,78014.0,,,,,,,,,,,78014.0,,
2024,61083,Pico Rivera Innovative Municipal Energy,G,Community Choice Aggregator,,,,13508.0,84710.0,15000.0,11335.0,86015.0,1743.0,3619.0,31419.0,33.0,,,,28462.0,202144.0,16776.0,28462.0,202144.0,,,,,,,,68.1,31.6,0.0,202144.0,,
2024,61092,"Stream Energy Illinois, LLC",R,Retail Power Marketer,,,,2482.0,20042.0,2989.0,531.0,4795.0,163.0,0.0,0.0,0.0,0.0,0.0,0.0,3013.0,24837.0,3152.0,3013.0,24837.0,,,,,,,,21.9,10.3,,26365.0,,
2024,61131,Freepoint Energy Solutions LLC,R,Retail Power Marketer,,,,0.0,0.0,0.0,863534.0,10753698.0,12785.0,0.0,0.0,0.0,0.0,0.0,0.0,863534.0,10753698.0,12785.0,863534.0,10753698.0,,,1.0,1376.0,,,,2104.4,1711.7,,10753698.0,ERCOT,
2024,61200,"Summer Energy Northeast, LLC",R,Retail Power Marketer,,,,473.0,909.0,191.0,324.0,600.0,66.0,0.0,0.0,0.0,0.0,0.0,0.0,797.0,1509.0,257.0,797.0,1509.0,,,,,,,,,,,1509.0,,
2024,61201,"Stream Energy Delaware, LLC",R,Retail Power Marketer,,,,271.0,1727.0,172.0,27.0,170.0,10.0,0.0,0.0,0.0,0.0,0.0,0.0,298.0,1897.0,182.0,298.0,1897.0,,,,,,,,2.2,1.5,,1986.0,,
2024,61206,Total Gas & Power North America Inc,R,Retail Power Marketer,,,,0.0,0.0,0.0,5943.5,156259.0,5.0,45135.5,803035.0,6.0,0.0,0.0,0.0,51079.0,959294.0,11.0,51079.0,959294.0,,,,,,,,178.2,231.4,0.0,11006731.0,,
2024,61264,Heritage Power LLC,R,Retail Power Marketer,,,,6637.6,45874.0,3235.0,4181.1,32140.0,742.0,0.0,0.0,0.0,0.0,0.0,0.0,10818.7,78014.0,3977.0,10818.7,78014.0,,,,,,,,21.8,17.6,0.0,82966.0,TRE,
2024,61265,Pogo Energy LLC,R,Retail Power Marketer,,,,24458.2,144508.0,11517.0,0.0,0.0,0.0,0.0,0.0,0.0,0.0,0.0,0.0,24458.2,144508.0,11517.0,24458.2,144508.0,,,,,,,,,,,152469.0,,
2024,61283,"Palmco Power DC, LLC",R,Retail Power Marketer,,,,1018.1,4618.0,868.0,319.1,3036.0,35.0,0.0,0.0,0.0,0.0,0.0,0.0,1337.2,7654.0,903.0,1337.2,7654.0,,,,,,,,,,,7654.0,,
2024,61300,Members 1st Power Cooperative,C,Cooperative,,,,,,,,,,,,,,,,,,,,,,,,,,,,304.6,374.6,,2403990.0,,
2024,61349,"Palmco Power DE, LLC",R,Retail Power Marketer,,,,428.4,2272.0,248.0,0.0,0.0,0.0,0.0,0.0,0.0,0.0,0.0,0.0,428.4,2272.0,248.0,428.4,2272.0,,,,,,,,,,,2272.0,,
2024,61353,Philadelphia Authority for Industrial Development,M,Municipal,,1.0,PA,,,,11857.8,92551.0,194.0,15834.3,103276.0,8.0,,,,27692.1,195827.0,202.0,27692.1,195827.0,196040.0,18.0,,,,,,22.2,32.0,7083.0,198484.0,,
2024,61367,South Bay Energy Corp.,R,Retail Power Marketer,,,,5212.4,28213.0,4568.0,11138.5,54881.0,2555.0,644.8,3085.0,38.0,0.0,0.0,0.0,16995.7,86179.0,7161.0,16995.7,86179.0,,,,,,,,25.3,19.7,,88076.0,,
2024,61424,Tidal Energy Marketing (U.S.) LLC,W,Wholesale Power Marketer,,,,,,,,,,,,,,,,,,,,,,,,,,,,,,,3578685.0,,
2024,61431,Pioneer Community Energy,G,Community Choice Aggregator,,,,141794.0,993284.0,144723.0,84394.0,605984.0,20290.0,16810.0,137775.0,643.0,0.0,0.0,0.0,242998.0,1737043.0,165656.0,242998.0,1737043.0,,,,,,,,564.0,287.7,0.0,1737043.0,,
2024,61432,Central Coast Community Energy,G,Community Choice Aggregator,,5.0,CA,219250.9,1684832.0,383835.0,218621.4,1884745.0,56989.0,125433.0,1123718.0,7225.0,0.0,0.0,0.0,563305.3,4693295.0,448049.0,563305.3,4693295.0,,,,329721.0,,,,821.6,721.9,,4966786.0,,
2024,61433,San Jacinto Power,G,Community Choice Aggregator,,,,16164.0,97293.0,13558.0,5881.0,44351.0,1507.0,3523.0,32140.0,43.0,0.0,0.0,0.0,25568.0,173784.0,15108.0,25568.0,173784.0,,,,,,,,73.1,24.5,0.0,173784.0,,
2024,61462,Valley Clean Energy Alliance,G,Community Choice Aggregator,,,,42415.5,272616.0,54337.0,39176.2,262265.0,6034.0,19332.7,138748.0,1928.0,0.0,0.0,0.0,100924.4,673629.0,62299.0,100924.4,673629.0,,,,,,,,155.0,84.0,,673629.0,,
2024,61471,Rancho Mirage Energy Authority,G,Community Choice Aggregator,,,,21525.0,128434.0,13079.0,9258.0,68775.0,1971.0,8602.0,79094.0,83.0,0.0,0.0,0.0,39385.0,276303.0,15133.0,39385.0,276303.0,,,,,,,,104.5,38.2,0.0,276303.0,,
2024,61475,Ava Community Energy,G,Community Choice Aggregator,,,,351874.0,2405490.0,581804.0,393444.0,2805875.0,54677.0,132429.0,964735.0,5707.0,0.0,0.0,0.0,877747.0,6176100.0,642188.0,877747.0,6176100.0,,,,488497.0,,,,1336.0,1047.0,,6596075.0,,
2024,61479,"Stream Ohio Gas & Electric, LLC",R,Retail Power Marketer,,,,1022.2,8925.0,848.0,108.5,1021.0,60.0,0.0,0.0,0.0,0.0,0.0,0.0,1130.7,9946.0,908.0,1130.7,9946.0,,,,,,,,13.2,8.1,,10504.0,,
2024,61526,Clean Power Alliance of Southern Califor,G,Community Choice Aggregator,,,,814624.2,5098735.0,753633.0,540332.2,3955143.0,66162.0,194491.5,1595624.0,1369.0,0.0,0.0,0.0,1549447.9,10649502.0,821164.0,1549447.9,10649502.0,,,,,,,,3112.9,1545.0,,10649502.0,,
2024,61570,King City Community Power,G,Community Choice Aggregator,,,,1644.0,10095.0,2838.0,2858.0,19394.0,569.0,637.0,4379.0,37.0,0.0,0.0,0.0,5139.0,33868.0,3444.0,5139.0,33868.0,,,,,,,,,,,35053.0,,
2024,61823,"Greenskies Renewable Energy, LLC",B,Behind the Meter,,,,,,,9974.8,151914.0,60.0,,,,,,,9974.8,151914.0,60.0,9974.8,151914.0,152271.0,,,,,,,,,151914.0,0.0,,
2024,61855,"Pulse Power, LLC",R,Retail Power Marketer,,,,220914.2,1499845.0,101940.0,17247.1,122235.0,6024.0,0.0,0.0,0.0,0.0,0.0,0.0,238161.3,1622080.0,107964.0,238161.30000000002,1622080.0,,,,,,,,3900.0,2900.0,,1622080.0,,
2024,61858,San Jose Clean Energy,G,Community Choice Aggregator,,,,241420.3,1594382.0,326459.0,268217.1,1807283.0,27891.0,45498.0,326840.0,51.0,2016.2,15057.0,1.0,557151.6,3743562.0,354402.0,557151.5999999999,3743562.0,,,,254358.0,,,,1075.0,1039.6,,3743562.0,WECC,546.111
2024,61920,"All American Power and Gas, LLC",R,Retail Power Marketer,,,,2661.0,8723.0,1371.0,17859.6,55359.0,2392.0,,,,,,,20520.6,64082.0,3763.0,20520.6,64082.0,,,,,,,,7.1,10.0,,64082.0,,
2024,61922,"Pure Energy USA, LLC",R,Retail Power Marketer,,,,19243.1,57168.0,10546.0,20656.1,66944.0,2704.0,,,,,,,39899.2,124112.0,13250.0,39899.2,124112.0,,,,,,,,,,,124112.0,,
2024,61972,"SunSea Energy, LLC",R,Retail Power Marketer,,,,8537.2,35621.0,6832.0,272.6,1049.0,115.0,,,,,,,8809.8,36670.0,6947.0,8809.800000000001,36670.0,,,,,,,,10.2,8.3,,36670.0,,
2024,62094,"SFE Energy Illinois, Inc.",R,Retail Power Marketer,,,,323.9,3170.0,385.0,7527.5,73761.0,1232.0,,,,,,,7851.4,76931.0,1617.0,7851.4,76931.0,,,,,,,,,,,76931.0,,
2024,62117,"SFE Energy Texas, Inc.",R,Retail Power Marketer,,,,,,,4379.5,34725.0,661.0,,,,,,,4379.5,34725.0,661.0,4379.5,34725.0,,,,,,,,,,,34725.0,,
2024,62148,Powervine Energy,R,Retail Power Marketer,,,,3925.3999999999996,41227.0,3940.0,38.4,558.0,23.0,0.0,0.0,0.0,0.0,0.0,0.0,3963.8,41785.0,3963.0,3963.7999999999997,41785.0,,,,,,,,,,0.0,41785.0,,
2024,62154,StateWise Energy Maryland LLC,R,Retail Power Marketer,,,,1962.9,17921.0,1758.0,23.7,204.0,3.0,,,,,,,1986.6,18125.0,1761.0,1986.6000000000001,18125.0,,,,,,,,,,,18125.0,,
2024,62156,"Power UP Energy, LLC",R,Retail Power Marketer,,,,287.8,807.0,56.0,6171.200000000001,18274.0,831.0,,,,,,,6459.0,19081.0,887.0,6459.000000000001,19081.0,,,,,,,,3.3,2.6,,19081.0,,
2024,62776,NorthPoint Energy,W,Wholesale Power Marketer,,,,,,,,,,,,,,,,,,,,,,,,,,,,,,,232021.0,,
2024,62779,Lathrop Irrigation District,P,Political Subdivision,Y,1.0,CA,,,,,,,,,,,,,,,,,,,4095.0,,,,,,,,,,,
2024,62790,"Summer Energy Midwest, LLC",R,Retail Power Marketer,,,,212.7,2280.0,138.0,25533.2,368524.0,1958.0,0.0,0.0,0.0,0.0,0.0,0.0,25745.9,370804.0,2096.0,25745.9,370804.0,,,,,,,,,,,370804.0,,
2024,62862,Chariot Energy,R,Retail Power Marketer,,,,74506.3,451677.0,31360.0,14819.3,87637.0,1392.0,0.0,0.0,0.0,0.0,0.0,0.0,89325.6,539314.0,32752.0,89325.6,539314.0,,,,,,,,,,,539314.0,,
2024,62914,StateWise Energy Pennsylvania LLC,R,Retail Power Marketer,,,,793.9,10464.0,1168.0,15.8,200.0,2.0,,,,,,,809.7,10664.0,1170.0,809.6999999999999,10664.0,,,,,,,,,,,10664.0,,
2024,62952,"Southern Federal Power, LLC",R,Retail Power Marketer,,,,26812.0,338947.0,19461.0,0.0,0.0,0.0,0.0,0.0,0.0,0.0,0.0,0.0,26812.0,338947.0,19461.0,26812.0,338947.0,,,,,,,,,,,338947.0,,
2024,62987,Octopus Energy LLC,R,Retail Power Marketer,,,,38522.0,305358.0,16024.0,,,,,,,,,,38522.0,305358.0,16024.0,38522.0,305358.0,,,,,,,,,,,305358.0,,
2024,63007,First Choice Energy LLC,R,Retail Power Marketer,,,,1691.4,9998.0,186.0,43.3,379.0,23.0,0.0,0.0,0.0,0.0,0.0,0.0,1734.7,10377.0,209.0,1734.7,10377.0,,,,,,,,2.5,3.0,,10377.0,,
2024,63008,Agressive Energy LLC,R,Retail Power Marketer,,,,0.0,0.0,0.0,246488.50000000003,2227173.0,7269.0,0.0,0.0,0.0,0.0,0.0,0.0,246488.50000000003,2227173.0,7269.0,246488.50000000003,2227173.0,,,,,,,,468.7,376.5,,2227173.0,,
2024,63122,"Approved Energy II, LLC",R,Retail Power Marketer,,,,17.2,117.0,4.0,87797.5,803742.0,7371.0,0.0,0.0,0.0,0.0,0.0,0.0,87814.7,803859.0,7375.0,87814.7,803859.0,,,,,,,,161.0,130.0,,803859.0,,
2024,63168,Median Energy Corp.,R,Retail Power Marketer,,,,9315.2,50273.0,8765.0,153.9,920.0,178.0,0.0,0.0,0.0,0.0,0.0,0.0,9469.1,51193.0,8943.0,9469.1,51193.0,,,,,,,,17.1,13.6,,51193.0,,
2024,63169,Median Energy PA LLC,R,Retail Power Marketer,,,,1520.0,8599.0,1255.0,37.3,230.0,30.0,0.0,0.0,0.0,0.0,0.0,0.0,1557.3,8829.0,1285.0,1557.3,8829.0,,,,,,,,3.6,2.1,,8829.0,,
2024,63200,"Heritage Power Marketing, LLC",W,Wholesale Power Marketer,,,,,,,,,,,,,,,,,,,,,,,,,,,,,,0.0,2394623.0,,
2024,63232,"National Gas & Electric, LLC",R,Retail Power Marketer,,,,24886.7,169560.0,20832.0,800.7,5669.0,136.0,140.0,1078.0,1.0,0.0,0.0,0.0,25827.399999999998,176307.0,20969.0,25827.4,176307.0,,,,,,,,,,,210858.0,,
2024,63286,"4 Rivers Electric Cooperative, Inc.",C,Cooperative,Y,,,,,,,,,,,,,,,,,,,,165973.0,,,,,,,,,,,,
2024,63356,SmartestEnergy US LLC,R,Retail Power Marketer,,,,0.0,0.0,0.0,359096.1,4195348.0,3519.0,0.0,0.0,0.0,0.0,0.0,0.0,359096.1,4195348.0,3519.0,359096.1,4195348.0,,,,,,,,919.0,691.0,0.0,4195348.0,,
2024,63364,"Mirabito Power & Gas, LLC",R,Retail Power Marketer,,,,38.7,534.0,34.0,11787.4,165630.0,1636.0,2030.6,30724.0,114.0,0.0,0.0,0.0,13856.7,196888.0,1784.0,13856.7,196888.0,,,,70.0,,,,,,0.0,211672.0,,
2024,63367,Commercial Energy of California,R,Retail Power Marketer,,,,0.0,0.0,0.0,41760.0,724909.0,1046.0,0.0,0.0,0.0,0.0,0.0,0.0,41760.0,724909.0,1046.0,41760.0,724909.0,,,,,,,,,,,724909.0,,
2024,63422,Varsity Energy,R,Retail Power Marketer,,,,12923.5,91958.0,7180.0,151.3,1063.0,34.0,0.0,0.0,0.0,0.0,0.0,0.0,13074.8,93021.0,7214.0,13074.8,93021.0,,,,,,,,22.0,36.6,,99068.0,TRE,
2024,63546,"Provision Power & Gas, LLC",R,Retail Power Marketer,,,,6435.8,65153.0,8165.0,137.4,1332.0,111.0,0.0,0.0,0.0,0.0,0.0,0.0,6573.2,66485.0,8276.0,6573.2,66485.0,,,,,,,,,,,70224.0,,
2024,63570,"Chief Energy Power, LLC",R,Retail Power Marketer,,,,1646.0,13521.0,1029.0,5092.0,35189.0,750.0,0.0,0.0,0.0,0.0,0.0,0.0,6738.0,48710.0,1779.0,6738.0,48710.0,,,,,,,,11.1,6.8,,48710.0,,
2024,63695,"RPA Energy, Inc.",R,Retail Power Marketer,,,,10251.7,51579.0,9495.0,14.1,104.0,9.0,0.0,0.0,0.0,0.0,0.0,0.0,10265.8,51683.0,9504.0,10265.800000000001,51683.0,,,,,,,,14.8,12.4,,51683.0,,
2024,63725,Pomona Choice Energy (PCE),G,Community Choice Aggregator,,,,34760.0,213516.0,36414.0,24154.0,177964.0,5309.0,1976.0,16975.0,42.0,0.0,0.0,0.0,60890.0,408455.0,41765.0,60890.0,408455.0,,,,,,,,150.4,60.7,0.0,408455.0,,
2024,63870,Click Energy LLC,R,Retail Power Marketer,,,,403.6,2448.0,249.0,,,,,,,,,,403.6,2448.0,249.0,403.6,2448.0,,,,,,,,0.6,0.7,,2529.0,,
2024,64011,Rhythm Ops LLC,R,Retail Power Marketer,,,,162524.3,660084.0,99070.0,5209.3,32609.0,1099.0,0.0,0.0,0.0,0.0,0.0,0.0,167733.6,692693.0,100169.0,167733.59999999998,692693.0,,,,,,,,,,0.0,692693.0,,
2024,64195,Desert Community Energy,G,Community Choice Aggregator,,,,39973.3,207316.0,28095.0,25010.0,144635.0,3970.0,3330.4,22969.0,333.0,0.0,0.0,0.0,68313.7,374920.0,32398.0,68313.7,374920.0,,,887.0,,,,,,,,374920.0,,
2024,64222,"Grid Power Direct, LLC",R,Retail Power Marketer,,,,0.0,0.0,0.0,33037.0,369126.0,273.0,0.0,0.0,0.0,0.0,0.0,0.0,33037.0,369126.0,273.0,33037.0,369126.0,,,,,,,,,,,369126.0,,
2024,64289,San Diego Community Power,G,Community Choice Aggregator,,,,502883.0,3219990.0,852720.0,643536.0,4214163.0,86298.0,37416.0,273665.0,3006.0,0.0,0.0,0.0,1183835.0,7707818.0,942024.0,1183835.0,7707818.0,,,,,,,,2324.6,1373.7,0.0,7707818.0,,
2024,64312,"JP Energy Resources, LLC",R,Retail Power Marketer,,,,4851.6,42184.0,4058.0,906.1,9790.0,353.0,0.0,0.0,0.0,0.0,0.0,0.0,5757.7,51974.0,4411.0,5757.700000000001,51974.0,,,,,,,,14.4,21.6,,51974.0,,
2024,64314,BP Energy Retail LLC,R,Retail Power Marketer,,,,0.0,0.0,0.0,1601532.0,26966131.0,1605.0,1771368.0,34661320.0,512.0,0.0,0.0,0.0,3372900.0,61627451.0,2117.0,3372900.0,61627451.0,,,,596.0,,,,,,,61627451.0,,
2024,64326,"Phoenix Energy Group, LLC",R,Retail Power Marketer,,,,,,,,,,,,,,,,,,,,,,,,,,,,,,,0.0,,
2024,64425,Clean Energy Alliance,G,Community Choice Aggregator,,,,126898.0,725846.0,181700.0,150616.0,1029766.0,26663.0,2571.0,18931.0,248.0,0.0,0.0,0.0,280085.0,1774543.0,208611.0,280085.0,1774543.0,,,,,,,,604.5,224.7,0.0,1774543.0,,
2024,64521,Ironhorse Power Services LLC,R,Retail Power Marketer,,,,62141.3,751712.0,48611.0,22366.7,304359.0,5193.0,0.0,0.0,0.0,0.0,0.0,0.0,84508.0,1056071.0,53804.0,84508.0,1056071.0,,,,,,,,303.7,200.4,,1034051.0,,
2024,64543,StateWise Energy Illinois LLC,R,Retail Power Marketer,,,,6.2,106.0,45.0,,,,,,,,,,6.2,106.0,45.0,6.2,106.0,,,,,,,,,,,106.0,,
2024,64554,OhmConnect Texas LLC,R,Retail Power Marketer,,,,23971.0,172676.0,15567.0,,,,,,,,,,23971.0,172676.0,15567.0,23971.0,172676.0,,,,,,,,,,,182853.0,,
2024,64555,Santa Barbara Clean Energy,G,Community Choice Aggregator,,,,22840.0,129973.0,32140.0,25181.0,168677.0,6400.0,3846.0,29988.0,42.0,0.0,0.0,0.0,51867.0,328638.0,38582.0,51867.0,328638.0,,,,,,,,71.3,57.1,0.0,328638.0,,
2024,64601,LE Energy,R,Retail Power Marketer,,,,14467.6,122558.0,15418.0,0.0,0.0,0.0,0.0,0.0,0.0,0.0,0.0,0.0,14467.6,122558.0,15418.0,14467.6,122558.0,,,,,,,,,,,122558.0,,
2024,64653,Declaration Energy LLC,R,Retail Power Marketer,,,,24911.2,180228.0,28854.0,1019.8,6098.0,1684.0,,,,,,,25931.0,186326.0,30538.0,25931.0,186326.0,,,,,,,,,,,186326.0,,
2024,64682,"Gexa Energy, LP",R,Retail Power Marketer,,,,673339.7,3717575.0,259811.0,611223.4,8342871.0,67920.0,0.0,0.0,0.0,0.0,0.0,0.0,1284563.1,12060446.0,327731.0,1284563.1,12060446.0,,,,22280.0,,,,2312.0,2004.0,,12060446.0,,
2024,64705,"NTHERM, LLC",R,Retail Power Marketer,,,,16307.8,91595.0,10004.0,44666.7,252965.0,12906.0,0.0,0.0,0.0,0.0,0.0,0.0,60974.5,344560.0,22910.0,60974.5,344560.0,,,,,,,,,,,344560.0,,
2024,64727,Branch Energy Texas LLC,R,Retail Power Marketer,,,,2690.6,17272.0,1243.0,0.0,0.0,0.0,0.0,0.0,0.0,0.0,0.0,0.0,2690.6,17272.0,1243.0,2690.6,17272.0,,,,,,,,5.2,5.0,,17272.0,,
2024,64777,"Mid-Atlantic Interstate Transmission, LLC",T,Transmission,,,,,,,,,,,,,,,,,,,,,,,,,,,,,,,,RFC,
2024,64813,"Lanyard Power Marketing, LLC",W,Wholesale Power Marketer,,,,,,,,,,,,,,,,,,,,,,,,,,,,,,0.0,1116676.0,,
2024,64906,Mothership,R,Retail Power Marketer,,,,145123.0,1029684.0,54612.0,120670.0,2720798.0,89.0,0.0,0.0,0.0,0.0,0.0,0.0,265793.0,3750482.0,54701.0,265793.0,3750482.0,,,,,,,,,,,3750482.0,,
2024,64923,Capital Energy PA LLC,R,Retail Power Marketer,,,,5334.5,39155.0,6214.0,282.2,2380.0,77.0,0.0,0.0,0.0,0.0,0.0,0.0,5616.7,41535.0,6291.0,5616.7,41535.0,,,,,,,,22.2,24.5,0.0,43752.0,TRE,
2024,64928,Orange County Power Authority,G,Community Choice Aggregator,,,,144846.0,979674.0,187088.0,155546.0,1124554.0,28803.0,54351.0,458698.0,205.0,0.0,0.0,0.0,354743.0,2562926.0,216096.0,354743.0,2562926.0,,,,,,,,667.1,406.5,0.0,2562926.0,,
2024,64929,"Good Charlie & Co., LLC",R,Retail Power Marketer,,,,55123.7,412637.0,23272.0,,,,,,,,,,55123.7,412637.0,23272.0,55123.7,412637.0,,,,,,,,104.0,85.0,,412637.0,,
2024,64974,PBF Power Marketing,R,Retail Power Marketer,,,,0.0,0.0,0.0,0.0,0.0,0.0,30556.1,1010125.0,3.0,0.0,0.0,0.0,30556.1,1010125.0,3.0,30556.1,1010125.0,,,,,,,,164.9,157.0,,1010125.0,RFC,
2024,64977,Revolution Energy LLC,R,Retail Power Marketer,,,,7103.6,51618.0,3960.0,491.0,4090.0,64.0,0.0,0.0,0.0,0.0,0.0,0.0,7594.6,55708.0,4024.0,7594.6,55708.0,,,,,,,,,,,58647.0,,
2024,65090,"Lone Star Transmission, LLC",T,Transmission,,,,,,,,,,,,,,,,,,,,,,,,,,,,,,,,,
2024,65242,"Scale Sustainable I, LLC",B,Behind the Meter,,,,,,,1182.7,8224.0,12.0,,,,,,,1182.7,8224.0,12.0,1182.7,8224.0,,,,,,,,,,9729.0,,,
2024,65259,Energy for Palmdale's Independent Choice,G,Community Choice Aggregator,,,,48705.0,294561.0,41057.0,21537.0,154046.0,4345.0,5227.0,47662.0,50.0,0.0,0.0,0.0,75469.0,496269.0,45452.0,75469.0,496269.0,,,,,,,,189.2,79.3,0.0,496269.0,,
2024,65261,Gila River Indian Utility Authority (GRICUA),C,Cooperative,,2.0,AZ,6709.0,47079.0,2682.0,29047.0,231658.0,751.0,0.0,,,0.0,,,35756.0,278737.0,3433.0,35756.0,278737.0,282170.0,0.0,,,2.0,267.47,4.405,63.0,42.0,0.0,319118.0,,
2024,65262,"Archer Energy, LLC",R,Retail Power Marketer,,,,34764.299999999996,477232.0,40588.0,14863.1,209531.0,6569.0,406.8,3849.0,7.0,0.0,0.0,0.0,50034.200000000004,690612.0,47164.0,50034.2,690612.0,,,,,,,,188.0,141.5,,690612.0,PJM,
2024,65310,Energywell LLC,R,Retail Power Marketer,,,,60412.4,520842.0,54348.0,11056.2,95732.0,3537.0,0.0,0.0,0.0,0.0,0.0,0.0,71468.6,616574.0,57885.0,71468.6,616574.0,,,,,,,,,,,616574.0,,
2024,65314,"BKV-BPP Retail, LLC",R,Retail Power Marketer,,,,136831.5,959459.0,52764.0,1068.8,7424.0,324.0,0.0,0.0,0.0,0.0,0.0,0.0,137900.3,966883.0,53088.0,137900.3,966883.0,,,,,,,,358.9,218.3,,846019.0,,
2024,65335,Pay Less Energy LLC,R,Retail Power Marketer,,,,153.1,660.0,136.0,13408.2,61290.0,1424.0,,,,,,,13561.3,61950.0,1560.0,13561.300000000001,61950.0,,,,,,,,11.7,8.1,,64459.0,,
2024,65352,Umpqua Indian Utility Cooperative,C,Cooperative,Y,1.0,OR,,,,,,,,,,,,,,,,,,,,,,,,,,,,,,
2024,65353,Arrow Energy TX LLC,R,Retail Power Marketer,,,,1331.0,11485.0,825.0,0.0,0.0,0.0,0.0,0.0,0.0,0.0,0.0,0.0,1331.0,11485.0,825.0,1331.0,11485.0,,,,,,,,,,,11642.0,,
2024,65413,Tesla Energy Ventures,R,Retail Power Marketer,,,,15448.3,116650.0,6348.0,10871.6,126820.0,151.0,138.0,1480.0,4.0,0.0,0.0,0.0,26457.9,244950.0,6503.0,26457.9,244950.0,,,,6503.0,,,,,,0.0,244950.0,,
2024,65439,CPV Retail Energy LP,R,Retail Power Marketer,,,,0.0,0.0,0.0,35470.0,480788.0,1463.0,0.0,0.0,0.0,0.0,0.0,0.0,35470.0,480788.0,1463.0,35470.0,480788.0,,,,,,,,140.0,62.0,0.0,509636.0,,
2024,65506,"Constellation Energy Generation, LLC",W,Wholesale Power Marketer,,,,,,,,,,,,,,,,,,,,,,,,,,,,,,207923244.0,254945750.0,,
2024,65604,Trans-Allegheny Interstate Line Co,T,Transmission,,,,,,,,,,,,,,,,,,,,,,,,,,,,,,,,,
2024,65610,Ammper Power LLC,R,Retail Power Marketer,,,,0.0,0.0,0.0,10618.0,127732.0,66.0,0.0,0.0,0.0,0.0,0.0,0.0,10618.0,127732.0,66.0,10618.0,127732.0,,,,,1.2000000000000002,,,33.9,32.8,0.0,132069.0,,
2024,65612,Citadel Energy Marketing LLC,W,Wholesale Power Marketer,,,,,,,,,,,,,,,,,,,,,,,,,,,,,,,19969756.0,,
2024,65613,"ABN Energy, LLC",R,Retail Power Marketer,,,,1.5,7.0,1.0,17546.1,76386.0,692.0,,,,,,,17547.6,76393.0,693.0,17547.6,76393.0,,,,,,,,17.8,11.4,,79365.0,,
2024,65636,"Nexus Line, LLC",T,Transmission,,,,,,,,,,,,,,,,,,,,,,,,,,,,,,,,,
2024,65649,Community Power Coalition of NH,G,Community Choice Aggregator,,,,62411.0,716822.0,104562.0,25892.4,292619.0,21670.0,165.3,1908.0,96.0,0.0,0.0,0.0,88468.7,1011349.0,126328.0,88468.7,1011349.0,,,,,,,,,,,1111827.0,,
2024,65848,"Morgan Stanley Energy Structuring, L.L.C.",W,Wholesale Power Marketer,,,,,,,,,,,,,,,,,,,,,,,,,,,,,,,4146699.0,,
2024,66017,"All Choice Energy, LLC",R,Retail Power Marketer,,,,147.4,1007.0,124.0,6739.0,43640.0,833.0,0.0,0.0,0.0,0.0,0.0,0.0,6886.4,44647.0,957.0,6886.4,44647.0,,,,,,,,,,,44647.0,,
2024,66026,"Palmetto Solar, LLC",B,Behind the Meter,,,,12730.0,99811.0,1468.0,,,,,,,,,,12730.0,99811.0,1468.0,12730.0,99811.0,,,,,,,,,,99811.0,,,
2024,66036,"EverBright, LLC",B,Behind the Meter,,,,33575.700000000004,200154.0,21642.0,,,,,,,,,,33575.700000000004,200154.0,21642.0,33575.700000000004,200154.0,,,,,,,,,,200154.0,,,
2024,66052,Kirkwood Meadows PUD,P,Political Subdivision,Y,2.0,CA,,,,,,,,,,,,,,,,,,,737.0,,,,,,,,,,,
2024,66058,Ticaboo Electric Improvement District,P,Political Subdivision,Y,1.0,UT,,,,,,,,,,,,,,,,,,,,,,,,,,,,,,
2024,66062,Shelter Cove Resort Improvement Dist No. 1,P,Political Subdivision,Y,1.0,CA,,,,,,,,,,,,,,,,,,,,,,,,,,,,,,
2024,66073,MPD Electric Cooperative,C,Cooperative,,7.0,SC,54936.0,501964.0,31874.0,37587.0,476280.0,6715.0,54669.0,767621.0,23.0,,,,147192.0,1745865.0,38612.0,147192.0,1745865.0,1214425.0,7.0,8.0,24.0,3.7279999999999998,212.921,1.628,294.0,334.0,,1866446.0,SERC,
2024,66082,Eastside Power Authority,P,Political Subdivision,,,,,,,,,,2294.8,37949.0,4.0,,,,2294.8,37949.0,4.0,2294.8,37949.0,,,,,,,,12.9,2.9,,40282.0,,
2024,66101,FirstEnergy Pennsylvania Electric Co,I,Investor Owned,,57.0,"NY,PA",2870531.4999999995,18579802.0,1806012.0,636501.4,9525791.0,279645.0,277406.1,22760400.0,4787.0,992.0,10662.0,1.0,3785431.0,50876655.0,2090445.0,3785430.9999999995,50876655.0,50271140.0,4724.0,,1951.0,673.985,402.64,1.851,10404.3,9649.9,0.0,19807571.0,RFC,368874.96
2024,66113,"EcoPlus Power, LLC",R,Retail Power Marketer,,,,6941.6,84077.0,10653.0,0.0,0.0,0.0,0.0,0.0,0.0,0.0,0.0,0.0,6941.6,84077.0,10653.0,6941.6,84077.0,,,,,,,,22.4,18.1,,84077.0,,
2024,66116,"Robindale Retail Power Services, LLC",R,Retail Power Marketer,,,,0.0,0.0,0.0,3125.0,40047.0,49.0,1105.0,14167.0,8.0,0.0,0.0,0.0,4230.0,54214.0,57.0,4230.0,54214.0,,,,,,,,,,,55204.0,,
2024,66118,Spartacus Energy Services LLC,R,Retail Power Marketer,,,,113.5,610.0,198.0,3347.3,19498.0,794.0,0.0,0.0,0.0,0.0,0.0,0.0,3460.8,20108.0,992.0,3460.8,20108.0,,,,,,,,,,,20108.0,,
2024,66164,"TerraForm Renewable Energy Services, LLC",R,Retail Power Marketer,,,,0.0,0.0,0.0,56043.0,939575.0,1.0,0.0,0.0,0.0,0.0,0.0,0.0,56043.0,939575.0,1.0,56043.0,939575.0,,,,,,,,132.0,132.0,579515.0,360060.0,,
2024,66173,Northeastern Power and Gas LLC,R,Retail Power Marketer,,,,1403.6,7652.0,969.0,10087.1,77618.0,743.0,,,,,,,11490.7,85270.0,1712.0,11490.7,85270.0,,,,,,,,,,0.0,85270.0,,
2024,66193,Power and Water Resources Pooling Authority,P,Political Subdivision,,,,,,,,,,,,,,,,,,,,,,,,,,,,81.9,25.5,20706.0,281361.0,,
2024,66332,"Base Texas REP, LLC",R,Retail Power Marketer,,,,285.2,2456.0,297.0,2.3,20.0,3.0,,,,,,,287.5,2476.0,300.0,287.5,2476.0,,,,,,,,,,,2608.0,TRE,
2024,66333,"Light Energy, LLC",R,Retail Power Marketer,,,,53.7,223.0,119.0,0.0,0.0,0.0,0.0,0.0,0.0,0.0,0.0,0.0,53.7,223.0,119.0,53.7,223.0,,,,,,,,0.1,0.4,0.0,242.0,,
2024,66398,Brookfield Renewable Trading and Marketing LP,R,Retail Power Marketer,,,,0.0,0.0,0.0,0.0,0.0,0.0,4407.0,86364.0,2.0,0.0,0.0,0.0,4407.0,86364.0,2.0,4407.0,86364.0,,,,,,,,,,,86364.0,,
2024,66399,Brookfield Renewable Energy Marketing US LLC,R,Retail Power Marketer,,,,0.0,0.0,0.0,37208.6,423367.0,8.0,21724.1,400125.0,2.0,0.0,0.0,0.0,58932.7,823492.0,10.0,58932.7,823492.0,,,,,,,,,,,823492.0,,
2024,66435,"MEMS Industrial Supply, LLC",R,Retail Power Marketer,,,,0.0,0.0,0.0,46564.7,1350240.0,13.0,0.0,0.0,0.0,0.0,0.0,0.0,46564.7,1350240.0,13.0,46564.7,1350240.0,,,,,,,,,,,1350240.0,,
2024,66436,Maison Energy LLC,R,Retail Power Marketer,,,,65.9,431.0,90.0,3.8,25.0,7.0,0.0,0.0,0.0,0.0,0.0,0.0,69.7,456.0,97.0,69.7,456.0,,,,,,,,,,0.0,479.0,TRE,
2024,66582,Pumpjack Power LLC,R,Retail Power Marketer,,,,0.0,0.0,0.0,11651.8,249968.0,75.0,59400.5,904899.0,935.0,0.0,0.0,0.0,71052.3,1154867.0,1010.0,71052.3,1154867.0,,,,,,,,,,,1154867.0,,
2024,66678,Polaris Power Services LLC,R,Retail Power Marketer,,,,2142.0,20872.0,792.0,14754.400000000001,132650.0,1300.0,0.0,0.0,0.0,0.0,0.0,0.0,16896.4,153522.0,2092.0,16896.4,153522.0,,,,,,,,86.7,36.6,,153522.0,,
2024,66846,"Transource Energy, LLC",T,Transmission,,,,,,,,,,,,,,,,,,,,,,,,,,,,,,,,,
2024,66851,Gridmatic Retail LLC,R,Retail Power Marketer,,,,0.0,0.0,0.0,4247.0,56824.0,69.0,151.0,1353.0,4.0,0.0,0.0,0.0,4398.0,58177.0,73.0,4398.0,58177.0,,,,,,,,,,0.0,58177.0,,
2024,66866,University of Massachusetts Amherst,S,State,,1.0,MA,,,,,,,,,,,,,,,,,,,,,,,,,25.5,20.0,96423.0,26837.0,,
2024,66867,David Energy Supply LLC,R,Retail Power Marketer,,,,1256.9,10770.0,1267.0,16459.9,150608.0,874.0,0.0,0.0,0.0,0.0,0.0,0.0,17716.8,161378.0,2141.0,17716.800000000003,161378.0,,,313.0,269.0,16.665999999999997,,,28.9,25.1,0.0,166916.0,,4983.0
2024,66889,Heartland Generation Ltd.,W,Wholesale Power Marketer,,,,,,,,,,,,,,,,,,,,,,,,,,,,,,,204905.0,,
2024,66909,"AEP Ohio Transmission Company, Inc.",T,Transmission,,,,,,,,,,,,,,,,,,,,,,,,,,,,,,,,,
2024,66923,"DCR Transmission, LLC",T,Transmission,,,,,,,,,,,,,,,,,,,,,,,,,,,,,,,,,
2024,67055,Mitsui & Co. Energy Marketing and Services,W,Wholesale Power Marketer,,,,,,,,,,,,,,,,,,,,,,,,,,,,,,,5766674.0,,
2024,67076,"FlowX, LLC",R,Retail Power Marketer,,,,,,,4388.0,149784.0,2.0,,,,,,,4388.0,149784.0,2.0,4388.0,149784.0,,,,,,,,,,0.0,0.0,,
2024,67099,"Energy Prepay II, LLC",W,Wholesale Power Marketer,,,,,,,,,,,,,,,,,,,,,,,,,,,,,,,426371.0,,
2024,67112,Keystone Appalachian Transmission Company,T,Transmission,,,,,,,,,,,,,,,,,,,,,,,,,,,,,,,,,
2024,67113,Morongo Transmission LLC,T,Transmission,,,,,,,,,,,,,,,,,,,,,,,,,,,,,,,,,
2024,67122,Selfserve Energy Corp.,R,Retail Power Marketer,,,,0.0,0.0,0.0,1368.9,44505.0,1.0,0.0,0.0,0.0,0.0,0.0,0.0,1368.9,44505.0,1.0,1368.9,44505.0,,,,,,,,,,,52799.0,,
2024,67251,GridLiance Heartland LLC,T,Transmission,,,,,,,,,,,,,,,,,,,,,,,,,,,,,,,,,
