utility_characteristics_year,state,utility_number,utility_name,ba_code,photovoltaic_capacity_mw_type,photovoltaic_capacity_mw_residential,photovoltaic_capacity_mw_commercial,photovoltaic_capacity_mw_industrial,photovoltaic_capacity_mw_transportation,photovoltaic_capacity_mw_total,photovoltaic_installations_residential,photovoltaic_installations_commercial,photovoltaic_installations_industrial,photovoltaic_installations_transportation,photovoltaic_installations_total,photovoltaic_energy_sold_back_mwh_residential,photovoltaic_energy_sold_back_mwh_commercial,photovoltaic_energy_sold_back_mwh_industrial,photovoltaic_energy_sold_back_mwh_transportation,photovoltaic_energy_sold_back_mwh_total,photovoltaic_virtual_capacity_1_mw_and_over_mw_residential,photovoltaic_virtual_capacity_1_mw_and_over_mw_commercial,photovoltaic_virtual_capacity_1_mw_and_over_mw_industrial,photovoltaic_virtual_capacity_1_mw_and_over_mw_transportation,photovoltaic_virtual_capacity_1_mw_and_over_mw_total,photovoltaic_virtual_customers_1_mw_and_over_residential,photovoltaic_virtual_customers_1_mw_and_over_commercial,photovoltaic_virtual_customers_1_mw_and_over_industrial,photovoltaic_virtual_customers_1_mw_and_over_transportation,photovoltaic_virtual_customers_1_mw_and_over_total,photovoltaic_virtual_capacity_under_1_mw_mw_residential,photovoltaic_virtual_capacity_under_1_mw_mw_commercial,photovoltaic_virtual_capacity_under_1_mw_mw_industrial,photovoltaic_virtual_capacity_under_1_mw_mw_transportation,photovoltaic_virtual_capacity_under_1_mw_mw_total,photovoltaic_virtual_customers_under_1_mw_residential,photovoltaic_virtual_customers_under_1_mw_commercial,photovoltaic_virtual_customers_under_1_mw_industrial,photovoltaic_virtual_customers_under_1_mw_transportation,photovoltaic_virtual_customers_under_1_mw_total,battery_pv_paired_battery_capacity_mw_residential,battery_pv_paired_battery_capacity_mw_commercial,battery_pv_paired_battery_capacity_mw_industrial,battery_pv_paired_battery_capacity_mw_transportation,battery_pv_paired_battery_capacity_mw_total,battery_pv_paired_installations_residential,battery_pv_paired_installations_commercial,battery_pv_paired_installations_industrial,battery_pv_paired_installations_transportation,battery_pv_paired_installations_total,battery_pv_paired_energy_capacity_mwh_residential,battery_pv_paired_energy_capacity_mwh_commercial,battery_pv_paired_energy_capacity_mwh_industrial,battery_pv_paired_energy_capacity_mwh_transportation,battery_pv_paired_energy_capacity_mwh_total,battery_not_pv_paired_battery_capacity_mw_residential,battery_not_pv_paired_battery_capacity_mw_commercial,battery_not_pv_paired_battery_capacity_mw_industrial,battery_not_pv_paired_battery_capacity_mw_transportation,battery_not_pv_paired_battery_capacity_mw_total,battery_not_pv_paired_installations_residential,battery_not_pv_paired_installations_commercial,battery_not_pv_paired_installations_industrial,battery_not_pv_paired_installations_transportation,battery_not_pv_paired_installations_total,battery_not_pv_paired_energy_capacity_mwh_residential,battery_not_pv_paired_energy_capacity_mwh_commercial,battery_not_pv_paired_energy_capacity_mwh_industrial,battery_not_pv_paired_energy_capacity_mwh_transportation,battery_not_pv_paired_energy_capacity_mwh_total,wind_capacity_mw_residential,wind_capacity_mw_commercial,wind_capacity_mw_industrial,wind_capacity_mw_transportation,wind_capacity_mw_total,wind_installations_residential,wind_installations_commercial,wind_installations_industrial,wind_installations_transportation,wind_installations_total,wind_energy_sold_back_mwh_residential,wind_energy_sold_back_mwh_commercial,wind_energy_sold_back_mwh_industrial,wind_energy_sold_back_mwh_transportation,wind_energy_sold_back_mwh_total,other_capacity_mw_residential,other_capacity_mw_commercial,other_capacity_mw_industrial,other_capacity_mw_transportation,other_capacity_mw_total,other_installations_residential,other_installations_commercial,other_installations_industrial,other_installations_transportation,other_installations_total,other_energy_sold_back_mwh_residential,other_energy_sold_back_mwh_commercial,other_energy_sold_back_mwh_industrial,other_energy_sold_back_mwh_transportation,other_energy_sold_back_mwh_total,all_technologies_capacity_mw_residential,all_technologies_capacity_mw_commercial,all_technologies_capacity_mw_industrial,all_technologies_capacity_mw_transportation,all_technologies_capacity_mw_total,all_technologies_installations_residential,all_technologies_installations_commercial,all_technologies_installations_industrial,all_technologies_installations_transportation,all_technologies_installations_total,all_technologies_energy_sold_back_mwh_residential,all_technologies_energy_sold_back_mwh_commercial,all_technologies_energy_sold_back_mwh_industrial,all_technologies_energy_sold_back_mwh_transportation,all_technologies_energy_sold_back_mwh_total
2024,AK,219.0,Alaska Power and Telephone Co,NA,AC,0.011,0.02,,,0.031,3,2,,,5,1.1,2.74,,,3.84,,,,,0.0,,,,,0,,,,,0.0,,,,,0,,,,,0.0,,,,,0,,,,,0,,,,,0.0,,,,,0,,,,,0,,,,,0,,,,,0,,,,,0,0.005,,,,0.005,1,,,,1,,,,,0,0.016,0.02,0,0,0.036,4,2,0,0,6,1.1,2.74,0,0,3.84
2024,AK,3522.0,Chugach Electric Assn Inc,CEA,AC,4.66,0.693,,,5.353,922,66,,,988,,,,,0,,,,,0.0,,,,,0,,,,,0.0,,,,,0,,,,,0.0,,,,,0,,,,,0,,,,,0.0,,,,,0,,,,,0,0.01,0.01,,,0.02,1,4,,,5,,,,,0,,,,,0,,,,,0,,,,,0,4.67,0.703,0,0,5.373,923,70,0,0,993,0,0,0,0,0
2024,AK,7353.0,Golden Valley Elec Assn Inc,NA,AC,4.336,0.616,0.121,,5.073,814,65,9,,888,534.897,56.467,,,591.364,,,,,0.0,,,,,0,,,,,0.0,,,,,0,,,,,0.0,,,,,0,,,,,0,,,,,0.0,,,,,0,,,,,0,0.018,0.012,,,0.03,6,2,,,8,,,,,0,,,,,0,,,,,0,,,,,0,4.354,0.628,0.121,0,5.103,820,67,9,0,896,534.897,56.467,0,0,591.364
2024,AK,11824.0,Matanuska Electric Assn Inc,NA,AC,2.725,0.494,,,3.219,453,39,,,492,,,,,0,,,,,0.0,,,,,0,,,,,0.0,,,,,0,,,,,0.0,,,,,0,,,,,0,,,,,0.0,,,,,0,,,,,0,0.061,0.016,,,0.077,19,3,,,22,,,,,0,0.046,0.004,,,0.05,7,1,,,8,,,,,0,2.832,0.514,0,0,3.346,479,43,0,0,522,0,0,0,0,0
2024,AK,19558.0,Homer Electric Assn Inc,NA,DC,2.963,0.929,0,0,3.892,514,57,0,0,571,1323.272,202.025,0,0,1525.297,,,,,0.0,,,,,0,,,,,0.0,,,,,0,,,,,0.0,,,,,0,,,,,0,,,,,0.0,,,,,0,,,,,0,0.103,0.014,0,0,0.117,31,3,0,0,34,21.107,1.512,0,0,22.619,,,,,0,,,,,0,,,,,0,3.066,0.943,0,0,4.009,545,60,0,0,605,1344.379,203.537,0,0,1547.916
2024,AK,99999.0,Adjustment 2024,NA,,-0.517,-0.162,0,0,-0.679,,,,,,,,,,,,,,,0.0,,,,,,,,,,0.0,,,,,,,,,,0.0,,,,,,,,,,,,,,,0.0,,,,,,,,,,,,,,,,,,,,,,,,,,,,,,,,,,,,,,,,,-0.517,-0.162,0,0,-0.679,,,,,,,,,,
2024,AL,3222.0,Central Alabama Electric Coop,SOCO,DC,0.603,,,,0.603,32,,,,32,1.876,,,,1.876,,,,,0.0,,,,,0,,,,,0.0,,,,,0,,,,,0.0,,,,,0,,,,,0,,,,,0.0,,,,,0,,,,,0,,,,,0,,,,,0,,,,,0,,,,,0,,,,,0,,,,,0,0.603,0,0,0,0.603,32,0,0,0,32,1.876,0,0,0,1.876
2024,AL,4327.0,Coosa Valley Electric Coop Inc,SOCO,AC,0.01,,,,0.01,1,,,,1,,,,,0,,,,,0.0,,,,,0,,,,,0.0,,,,,0,,,,,0.0,,,,,0,,,,,0,,,,,0.0,,,,,0,,,,,0,,,,,0,,,,,0,,,,,0,,,,,0,,,,,0,,,,,0,0.01,0,0,0,0.01,1,0,0,0,1,0,0,0,0,0
2024,AL,4430.0,"Covington Electric Coop, Inc",SOCO,AC,0.113,,,,0.113,14,,,,14,46.8,,,,46.8,,,,,0.0,,,,,0,,,,,0.0,,,,,0,,,,,0.0,,,,,0,,,,,0,,,,,0.0,,,,,0,,,,,0,,,,,0,,,,,0,,,,,0,,,,,0,,,,,0,,,,,0,0.113,0,0,0,0.113,14,0,0,0,14,46.8,0,0,0,46.8
2024,AL,6491.0,Foley Board of Utilities,SOCO,AC,0.248,0.522,,,0.77,27,6,,,33,,,,,0,,,,,0.0,,,,,0,,,,,0.0,,,,,0,,,,,0.0,,,,,0,,,,,0,,,,,0.0,,,,,0,,,,,0,,,,,0,,,,,0,,,,,0,,,,,0,,,,,0,,,,,0,0.248,0.522,0,0,0.77,27,6,0,0,33,0,0,0,0,0
2024,AL,17646.0,"Southern Pine Elec Coop, Inc",SOCO,AC,0.001,,,,0.001,2,,,,2,,,,,0,,,,,0.0,,,,,0,,,,,0.0,,,,,0,,,,,0.0,,,,,0,,,,,0,,,,,0.0,,,,,0,,,,,0,0.001,,,,0.001,1,,,,1,,,,,0,,,,,0,,,,,0,,,,,0,0.002,0,0,0,0.002,3,0,0,0,3,0,0,0,0,0
2024,AL,99999.0,Adjustment 2024,SOCO,,-0.105,,,,-0.105,,,,,,,,,,,,,,,0.0,,,,,,,,,,0.0,,,,,,,,,,0.0,,,,,,,,,,,,,,,0.0,,,,,,,,,,,,,,,,,,,,,,,,,,,,,,,,,,,,,,,,,-0.105,,,,-0.105,,,,,,,,,,
2024,AR,814.0,Entergy Arkansas LLC,MISO,DC,86.67,95.942,33.809,,216.421,7813,340,46,,8199,,,,,0,,,,,0.0,,,,,0,,,,,0.0,,,,,0,,,,,0.0,,,,,0,,,,,0,,,,,0.0,,,,,0,,,,,0,0.007,0.002,0.006,,0.015,1,1,2,,4,,,,,0,0.022,,,,0.022,1,,,,1,,,,,0,86.699,95.944,33.815,0,216.458,7815,341,48,0,8204,0,0,0,0,0
2024,AR,817.0,Arkansas Valley Elec Coop Corp,SWPP,AC,11.662,2.39,,,14.052,979,16,,,995,7548.372,2720.769,,,10269.141,,,,,0.0,,,,,0,,,,,0.0,,,,,0,,,,,0.0,,,,,0,,,,,0,,,,,0.0,,,,,0,,,,,0,0.001,,,,0.001,1,,,,1,0.84,,,,0.84,,,,,0,,,,,0,,,,,0,11.663,2.39,0,0,14.053,980,16,0,0,996,7549.212,2720.769,0,0,10269.981
2024,AR,1586.0,City of Bentonville - (AR),SWPP,DC,10.33,5.1,,,15.43,413,17,,,430,,,,,0,,,,,0.0,,,,,0,,,,,0.0,,,,,0,,,,,0.0,,,,,0,,,,,0,,,,,0.0,,,,,0,,,,,0,,,,,0,,,,,0,,,,,0,,,,,0,,,,,0,,,,,0,10.33,5.1,0,0,15.43,413,17,0,0,430,0,0,0,0,0
2024,AR,2678.0,C & L Electric Coop Corp,MISO,DC,2.292,3.608,,,5.9,192,17,,,209,,,,,0,,,,,0.0,,,,,0,,,,,0.0,,,,,0,,,,,0.0,,,,,0,,,,,0,,,,,0.0,,,,,0,,,,,0,,,,,0,,,,,0,,,,,0,,,,,0,,,,,0,,,,,0,2.292,3.608,0,0,5.9,192,17,0,0,209,0,0,0,0,0
2024,AR,3093.0,Carroll Electric Coop Corp - (AR),SWPP,DC,19.36,,,,19.36,2261,,,,2261,,,,,0,,,,,0.0,,,,,0,,,,,0.0,,,,,0,,,,,0.0,,,,,0,,,,,0,,,,,0.0,,,,,0,,,,,0,0.019,,,,0.019,3,,,,3,,,,,0,,,,,0,,,,,0,,,,,0,19.379,0,0,0,19.379,2264,0,0,0,2264,0,0,0,0,0
2024,AR,3712.0,Clay County Electric Coop Corp - (AR),MISO,AC,0.461,2.646,,,3.107,47,25,,,72,,,,,0,,,,,0.0,,,,,0,,,,,0.0,,,,,0,,,,,0.0,,,,,0,,,,,0,,,,,0.0,,,,,0,,,,,0,,,,,0,,,,,0,,,,,0,,,,,0,,,,,0,,,,,0,0.461,2.646,0,0,3.107,47,25,0,0,72,0,0,0,0,0
2024,AR,4280.0,Conway Corporation,MISO,AC,0.712,,,,0.712,108,,,,108,,,,,0,,,,,0.0,,,,,0,,,,,0.0,,,,,0,,,,,0.0,,,,,0,,,,,0,,,,,0.0,,,,,0,,,,,0,,,,,0,,,,,0,,,,,0,,,,,0,,,,,0,,,,,0,0.712,0,0,0,0.712,108,0,0,0,108,0,0,0,0,0
2024,AR,4509.0,Craighead Electric Coop Corp,MISO,DC,1.429,3.985,,,5.414,148,12,,,160,,,,,0,,,,,0.0,,,,,0,,,,,0.0,,,,,0,0.191,3.025,,,3.216,15,3,,,18,,,,,0,,,,,0.0,,,,,0,,,,,0,,,,,0,,,,,0,,,,,0,,,,,0,,,,,0,,,,,0,1.429,3.985,0,0,5.414,148,12,0,0,160,0,0,0,0,0
2024,AR,5860.0,Empire District Electric Co,SWPP,DC,1.358,0.041,,,1.399,166,2,,,168,4.091,,,,4.091,,,,,0.0,,,,,0,,,,,0.0,,,,,0,,,,,0.0,,,,,0,,,,,0,,,,,0.0,,,,,0,,,,,0,,,,,0,,,,,0,,,,,0,,,,,0,,,,,0,,,,,0,1.358,0.041,0,0,1.399,166,2,0,0,168,4.091,0,0,0,4.091
2024,AR,6342.0,First Electric Coop Corp,MISO,AC,17.484,2.489,0.791,,20.764,1906,13,7,,1926,,,,,0,,,,,0.0,,,,,0,,,,,0.0,,,,,0,,,,,0.0,,,,,0,,,,,0,,,,,0.0,,,,,0,,,,,0,,,,,0,,,,,0,,,,,0,,,,,0,,,,,0,,,,,0,17.484,2.489,0.791,0,20.764,1906,13,7,0,1926,0,0,0,0,0
2024,AR,8840.0,City of Hope - (AR),MISO,AC,0.206,2.231,,,2.437,25,35,,,60,,,,,0,,,,,0.0,,,,,0,,,,,0.0,,,,,0,,,,,0.0,,,,,0,,,,,0,,,,,0.0,,,,,0,,,,,0,,,,,0,,,,,0,,,,,0,,,,,0,,,,,0,,,,,0,0.206,2.231,0,0,2.437,25,35,0,0,60,0,0,0,0,0
2024,AR,9879.0,City Water and Light Plant,MISO,AC,0.429,0.2,0.133,,0.762,53,3,1,,57,,,,,0,,,,,0.0,,,,,0,,,,,0.0,,,,,0,,,,,0.0,,,,,0,,,,,0,,,,,0.0,,,,,0,,,,,0,,,,,0,,,,,0,,,,,0,,,,,0,,,,,0,,,,,0,0.429,0.2,0.133,0,0.762,53,3,1,0,57,0,0,0,0,0
2024,AR,12681.0,Mississippi County Electric Co,MISO,AC,0.103,1,,,1.103,11,4,,,15,,,,,0,,,,,0.0,,,,,0,,,,,0.0,,,,,0,,,,,0.0,,,,,0,,,,,0,,,,,0.0,,,,,0,,,,,0,,,,,0,,,,,0,,,,,0,,,,,0,,,,,0,,,,,0,0.103,1,0,0,1.103,11,4,0,0,15,0,0,0,0,0
2024,AR,13676.0,"North Arkansas Elec Coop, Inc",MISO,DC,3.763,,,,3.763,330,,,,330,,,,,0,,,,,0.0,,,,,0,,,,,0.0,,,,,0,,,,,0.0,,,,,0,,,,,0,,,,,0.0,,,,,0,,,,,0,0.013,,,,0.013,5,,,,5,,,,,0,,,,,0,,,,,0,,,,,0,3.776,0,0,0,3.776,335,0,0,0,335,0,0,0,0,0
2024,AR,13718.0,City of North Little Rock - (AR),MISO,AC,2.89,0.28,2.97,0,6.14,404,5,3,0,412,,,,,0,,,,,0.0,,,,,0,,,,,0.0,,,,,0,,,,,0.0,,,,,0,,,,,0,,,,,0.0,,,,,0,,,,,0,,,,,0,,,,,0,,,,,0,,,,,0,,,,,0,,,,,0,2.89,0.28,2.97,0,6.14,404,5,3,0,412,0,0,0,0,0
2024,AR,14063.0,Oklahoma Gas & Electric Co,SWPP,AC,5.503,3.613,0,0,9.116,696,25,0,0,721,0,0,0,0,0,1.79,3.133,0.004,0,4.927,481,396,1,0,878,0,0,0,0,0.0,0,0,0,0,0,0.064,0,0,0,0.064,7,0,0,0,7,0,0,0,0,0,0,0,0,0,0.0,0,0,0,0,0,0,0,0,0,0,0.004,0,0,0,0.004,2,0,0,0,2,0,0,0,0,0,0,0,0,0,0,0,0,0,0,0,0,0,0,0,0,7.297,6.746,0.004,0,14.047,1179,421,1,0,1601,0,0,0,0,0
2024,AR,14289.0,Ozarks Electric Coop Corp - (AR),SWPP,DC,15.711,1.429,19.165,,36.305,1693,16,10,,1719,,,,,0,0,0,,,0.0,,,,,0,,,,,0.0,,,,,0,,,26.05,,26.05,,,8,,8,,,57.05,,57.05,,,,,0.0,,,,,0,,,,,0,,0.009,,,0.009,,1,,,1,,,,,0,,,,,0,,,,,0,,,,,0,15.711,1.438,19.165,0,36.314,1693,17,10,0,1720,0,0,0,0,0
2024,AR,14446.0,Paragould Municipal Utilities,SPA,AC,0.329,,,,0.329,17,,,,17,,,,,0,,,,,0.0,,,,,0,,,,,0.0,,,,,0,,,,,0.0,,,,,0,,,,,0,,,,,0.0,,,,,0,,,,,0,,,,,0,,,,,0,,,,,0,,,,,0,,,,,0,,,,,0,0.329,0,0,0,0.329,17,0,0,0,17,0,0,0,0,0
2024,AR,14864.0,Petit Jean Electric Coop Corp,MISO,AC,1.21,0.45,,,1.66,117,1,,,118,,,,,0,,,,,0.0,,,,,0,,,,,0.0,,,,,0,,,,,0.0,,,,,0,,,,,0,,,,,0.0,,,,,0,,,,,0,,,,,0,,,,,0,,,,,0,,,,,0,,,,,0,,,,,0,1.21,0.45,0,0,1.66,117,1,0,0,118,0,0,0,0,0
2024,AR,17184.0,City of Siloam Springs - (AR),SWPP,AC,0.409,,,,0.409,53,,,,53,,,,,0,,,,,0.0,,,,,0,,,,,0.0,,,,,0,,,,,0.0,,,,,0,,,,,0,,,,,0.0,,,,,0,,,,,0,,,,,0,,,,,0,,,,,0,,,,,0,,,,,0,,,,,0,0.409,0,0,0,0.409,53,0,0,0,53,0,0,0,0,0
2024,AR,17671.0,Southwest Arkansas E C C,MISO,AC,1.216,0.067,0,0,1.283,119,3,0,0,122,0,0,0,0,0,0,0,0,0,0.0,0,0,0,0,0,0,0,0,0,0.0,0,0,0,0,0,0,0,0,0,0.0,0,0,0,0,0,0,0,0,0,0,0,0,0,0,0.0,0,0,0,0,0,0,0,0,0,0,0,0,0,0,0,0,0,0,0,0,0,0,0,0,0,0,0,0,0,0,0,0,0,0,0,0,0,0,0,0,1.216,0.067,0,0,1.283,119,3,0,0,122,0,0,0,0,0
2024,AR,17698.0,Southwestern Electric Power Co,SWPP,AC,10.398,2.757,0.22,,13.375,1558,50,2,,1610,7951.385,19677.768,555.282,,28184.435,,10.875,,,10.875,,5,,,5,0.215,3.004,,,3.219,18,9,,,27,0.149,0.007,,,0.156,23,1,,,24,0.392,0.013,,,0.405,,,,,0.0,,,,,0,,,,,0,,0.002,,,0.002,,1,,,1,,0.091,,,0.091,,3.8,,,3.8,,2,,,2,,,,,0,10.613,20.438,0.22,0,31.271,1576,67,2,0,1645,7951.385,19677.859,555.282,0,28184.526
2024,AR,20963.0,Woodruff Electric Coop Corp,MISO,AC,0.437,2.244,,,2.681,37,7,,,44,,,,,0,,,,,0.0,,,,,0,,,,,0.0,,,,,0,,,,,0.0,,,,,0,,,,,0,,,,,0.0,,,,,0,,,,,0,0.003,,,,0.003,1,,,,1,,,,,0,,,,,0,,,,,0,,,,,0,0.44,2.244,0,0,2.684,38,7,0,0,45,0,0,0,0,0
2024,AR,99999.0,Adjustment 2024,MISO,,-16.42,-18.057,-5.896,,-40.373,,,,,,,,,,,,,,,0.0,,,,,,,,,,0.0,,,,,,-0.033,-0.528,,,-0.561,,,,,,,,,,,,,,,0.0,,,,,,,,,,,,,,,,,,,,,,,,,,,,,,,,,,,,,,,,,-16.42,-18.057,-5.896,,-40.373,,,,,,,,,,
2024,AR,99999.0,Adjustment 2024,SWPP,,-8.155,-1.146,-3.342,,-12.643,,,,,,,,,,,0,0,,,0.0,,,,,,,,,,0.0,,,,,,,,-4.543,,-4.543,,,,,,,,,,,,,,,0.0,,,,,,,,,,,,,,,,,,,,,,,,,,,,,,,,,,,,,,,,,-8.155,-1.146,-3.342,,-12.643,,,,,,,,,,
2024,AZ,176.0,Ajo Improvement Co,AZPS,AC,0.078,0.005,0,0,0.083,14,3,0,0,17,4.941,0.355,0,0,5.296,,,,,0.0,,,,,0,,,,,0.0,,,,,0,,,,,0.0,,,,,0,,,,,0,,,,,0.0,,,,,0,,,,,0,,,,,0,,,,,0,,,,,0,,,,,0,,,,,0,,,,,0,0.078,0.005,0,0,0.083,14,3,0,0,17,4.941,0.355,0,0,5.296
2024,AZ,803.0,Arizona Public Service Co,AZPS,DC,1643.363,371.435,0,0,2014.798,182632,2245,0,0,184877,,,,,0,,,,,0.0,,,,,0,,,,,0.0,,,,,0,57.388,1.416,0,0,58.804,4614,21,0,0,4635,98.955,2.555,0,0,101.51,1.585,1.321,0,0,2.906,156,7,0,0,163,3.438,0.891,0,0,4.329,0.06,0.125,0,0,0.185,25,12,0,0,37,,,,,0,,,,,0,,,,,0,,,,,0,1643.423,371.56,0,0,2014.983,182657,2257,0,0,184914,0,0,0,0,0
2024,AZ,6957.0,"Garkane Energy Coop, Inc",WALC,DC,0.617,0.063,,,0.68,31,2,,,33,,,,,0,,,,,0.0,,,,,0,,,,,0.0,,,,,0,0.617,0.063,,,0.68,4,1,,,5,0.109,,,,0.109,,,,,0.0,,,,,0,,,,,0,,,,,0,,,,,0,,,,,0,,,,,0,,,,,0,,,,,0,0.617,0.063,0,0,0.68,31,2,0,0,33,0,0,0,0,0
2024,AZ,12351.0,City of Mesa - (AZ),WALC,DC,0.874,1.241,,,2.115,171,37,,,208,,,,,0,,,,,0.0,,,,,0,,,,,0.0,,,,,0,0.202,0,,,0.202,25,0,,,25,0.048,0,,,0.048,,,,,0.0,,,,,0,,,,,0,,,,,0,,,,,0,,,,,0,,,,,0,,,,,0,,,,,0,0.874,1.241,0,0,2.115,171,37,0,0,208,0,0,0,0,0
2024,AZ,12919.0,Morenci Water and Electric,WALC,AC,0.008,0.028,0,0,0.036,1,3,0,0,4,0.424,2.139,0,0,2.563,,,,,0.0,,,,,0,,,,,0.0,,,,,0,,,,,0.0,,,,,0,,,,,0,,,,,0.0,,,,,0,,,,,0,,,,,0,,,,,0,,,,,0,,,,,0,,,,,0,,,,,0,0.008,0.028,0,0,0.036,1,3,0,0,4,0.424,2.139,0,0,2.563
2024,AZ,13318.0,"Navopache Electric Coop, Inc",TEPC,AC,4.26,0.458,,,4.718,542,32,,,574,3627.63,217.96,,,3845.59,,,,,0.0,,,,,0,,,,,0.0,,,,,0,,,,,0.0,,,,,0,,,,,0,,,,,0.0,,,,,0,,,,,0,0.006,,,,0.006,5,,,,5,,,,,0,,,,,0,,,,,0,,,,,0,4.266,0.458,0,0,4.724,547,32,0,0,579,3627.63,217.96,0,0,3845.59
2024,AZ,16572.0,Salt River Project,SRP,AC,393.22,145.03,7.28,0,545.53,59735,949,8,0,60692,117329.64,41600,0,0,158929.64,0,0,0,0,0.0,0,0,0,0,0,0,0,0,0,0.0,0,0,0,0,0,31.16,0.85,0,0,32.01,4127,15,0,0,4142,83.9,1.6,0,0,85.5,2.51,0,0,0,2.51,287,0,0,0,287,6.25,0,0,0,6.25,,,,,0,,,,,0,,,,,0,,,,,0,,,,,0,,,,,0,393.22,145.03,7.28,0,545.53,59735,949,8,0,60692,117329.64,41600,0,0,158929.64
2024,AZ,18280.0,Sulphur Springs Valley E C Inc,WALC,AC,8.5,9.023,3.2,,20.723,1137,319,1,,1457,,,,,0,,,,,0.0,,,,,0,,,,,0.0,,,,,0,,,,,0.0,,,,,0,,,,,0,,,,,0.0,,,,,0,,,,,0,0.1,,,,0.1,37,,,,37,,,,,0,,,,,0,,,,,0,,,,,0,8.6,9.023,3.2,0,20.823,1174,319,1,0,1494,0,0,0,0,0
2024,AZ,19189.0,Trico Electric Cooperative Inc,WALC,DC,43.993,16.082,,,60.075,5536,78,,,5614,37482.816,6548.689,,,44031.505,,,,,0.0,,,,,0,0.043,0.183,,,0.226,42,1,,,43,,,,,0.0,,,,,0,,,,,0,,,,,0.0,,,,,0,,,,,0,0.002,,,,0.002,1,,,,1,0.01,,,,0.01,,,,,0,,,,,0,,,,,0,44.038,16.265,0,0,60.303,5579,79,0,0,5658,37482.826,6548.689,0,0,44031.515
2024,AZ,19728.0,"UNS Electric, Inc",TEPC,AC,81.76,17.93,,,99.69,10228,255,,,10483,80812.115,8623.151,,,89435.266,,,,,0.0,,,,,0,,,,,0.0,,,,,0,1.63,,,,1.63,178,,,,178,,,,,0,,,,,0.0,,,,,0,,,,,0,0.3,0.01,,,0.31,117,1,,,118,75.288,0,,,75.288,,,,,0,,,,,0,,,,,0,82.06,17.94,0,0,100.0,10345,256,0,0,10601,80887.403,8623.151,0,0,89510.554
2024,AZ,21538.0,"Mohave Electric Cooperative, Inc.",WALC,AC,22.028,3.583,,,25.611,2183,92,,,2275,417.612,54.474,,,472.086,,,,,0.0,,,,,0,,,,,0.0,,,,,0,,,,,0.0,,,,,0,,,,,0,,,,,0.0,,,,,0,,,,,0,0.055,,,,0.055,25,,,,25,,,,,0,,,,,0,,,,,0,,,,,0,22.083,3.583,0,0,25.666,2208,92,0,0,2300,417.612,54.474,0,0,472.086
2024,AZ,24211.0,Tucson Electric Power Co,TEPC,AC,347.832,157.672,,,505.504,51299,1125,,,52424,52696.17,25693.43,,,78389.6,,,,,0.0,,,,,0,,,,,0.0,,,,,0,14.423,0.337,,,14.76,1397,7,,,1404,,,,,0,,0.21,,,0.21,,1,,,1,,,,,0,0.024,,,,0.024,1,,,,1,0.051,0,,,0.051,,,,,0,,,,,0,,,,,0,347.856,157.672,0,0,505.528,51300,1125,0,0,52425,52696.221,25693.43,0,0,78389.651
2024,AZ,30518.0,Electrical Dist No3 Pinal County,AZPS,AC,25.57,,,,25.57,3514,,,,3514,,,,,0,,,,,0.0,,,,,0,,,,,0.0,,,,,0,,,,,0.0,,,,,0,,,,,0,,,,,0.0,,,,,0,,,,,0,,,,,0,,,,,0,,,,,0,,,,,0,,,,,0,,,,,0,25.57,0,0,0,25.57,3514,0,0,0,3514,0,0,0,0,0
2024,AZ,40165.0,"Dixie Escalante R E A, Inc",PACE,DC,0.1,0.02,,,0.12,10,1,,,11,35.664,27.984,,,63.648,,,,,0.0,,,,,0,,,,,0.0,,,,,0,,,,,0.0,,,,,0,,,,,0,,,,,0.0,,,,,0,,,,,0,,,,,0,,,,,0,,,,,0,,,,,0,,,,,0,,,,,0,0.1,0.02,0,0,0.12,10,1,0,0,11,35.664,27.984,0,0,63.648
2024,AZ,65261.0,Gila River Indian Utility Authority (GRICUA),WALC,AC,,1,,,1.0,,7,,,7,,,,,0,,,,,0.0,,,,,0,,,,,0.0,,,,,0,,,,,0.0,,,,,0,,,,,0,,,,,0.0,,,,,0,,,,,0,,,,,0,,,,,0,,,,,0,,,,,0,,,,,0,,,,,0,0.0,1,0,0,1.0,0,7,0,0,7,0,0,0,0,0
2024,AZ,99999.0,Adjustment 2024,AZPS,,-286.603,-64.778,0,0,-351.381,,,,,,,,,,,,,,,0.0,,,,,,,,,,0.0,,,,,,-10.008,-0.247,0,0,-10.255,,,,,,,,,,,-0.276,-0.23,0,0,-0.507,,,,,,,,,,,,,,,,,,,,,,,,,,,,,,,,,,,,,,,,,-286.603,-64.778,0,0,-351.381,,,,,,,,,,
2024,AZ,99999.0,Adjustment 2024,PACE,,-0.017,-0.003,,,-0.021,,,,,,,,,,,,,,,0.0,,,,,,,,,,0.0,,,,,,,,,,0.0,,,,,,,,,,,,,,,0.0,,,,,,,,,,,,,,,,,,,,,,,,,,,,,,,,,,,,,,,,,-0.017,-0.003,,,-0.021,,,,,,,,,,
2024,AZ,99999.0,Adjustment 2024,WALC,,-7.932,-3.032,,,-10.965,,,,,,,,,,,,,,,0.0,,,,,,-0.007,-0.032,,,-0.039,,,,,,-0.143,-0.011,,,-0.154,,,,,,,,,,,,,,,0.0,,,,,,,,,,,,,,,,,,,,,,,,,,,,,,,,,,,,,,,,,-7.94,-3.064,,,-11.004,,,,,,,,,,
2024,CA,207.0,Alameda Municipal Power,CISO,AC,4.666,2.126,,,6.792,1107,27,,,1134,2562.757,981.545,,,3544.302,,,,,0.0,,,,,0,,,,,0.0,,,,,0,,,,,0.0,,,,,0,,,,,0,,,,,0.0,,,,,0,,,,,0,,,,,0,,,,,0,,,,,0,,,,,0,,,,,0,,,,,0,4.666,2.126,0,0,6.792,1107,27,0,0,1134,2562.757,981.545,0,0,3544.302
2024,CA,590.0,City of Anaheim - (CA),CISO,DC,32.84,19.16,,,52.0,5154,189,,,5343,,,,,0,,,,,0.0,,,,,0,,,,,0.0,,,,,0,,,,,0.0,,,,,0,,,,,0,,,,,0.0,,,,,0,,,,,0,,,,,0,,,,,0,,,,,0,,,,,0,,,,,0,,,,,0,32.84,19.16,0,0,52.0,5154,189,0,0,5343,0,0,0,0,0
2024,CA,1050.0,City of Azusa,CISO,DC,2.306,0.468,0.406,,3.18,425,7,5,,437,,,,,0,,,,,0.0,,,,,0,,,,,0.0,,,,,0,,,,,0.0,,,,,0,,,,,0,,,,,0.0,,,,,0,,,,,0,,,,,0,,,,,0,,,,,0,,,,,0,,,,,0,,,,,0,2.306,0.468,0.406,0,3.18,425,7,5,0,437,0,0,0,0,0
2024,CA,2507.0,City of Burbank Water and Power,LDWP,AC,9.708,5.924,,,15.632,1665,84,,,1749,,,,,0,,,,,0.0,,,,,0,,,,,0.0,,,,,0,0.499,0.008,,,0.507,73,1,,,74,1.34,0.021,,,1.361,,,,,0.0,,,,,0,,,,,0,,,,,0,,,,,0,,,,,0,,,,,0,,,,,0,,,,,0,9.708,5.924,0,0,15.632,1665,84,0,0,1749,0,0,0,0,0
2024,CA,4003.0,City of Colton - (CA),CISO,AC,5.29,4.73,10.51,,20.53,1163,52,10,,1225,,,,,0,,,,,0.0,,,,,0,,,,,0.0,,,,,0,0.252,,,,0.252,18,,,,18,,,,,0,,,,,0.0,,,,,0,,,,,0,,,,,0,,,,,0,,,,,0,,,,,0,,,,,0,,,,,0,5.29,4.73,10.51,0,20.53,1163,52,10,0,1225,0,0,0,0,0
2024,CA,4390.0,City of Corona - (CA),CISO,AC,0.149,0.4,0,0,0.549,19,3,0,0,22,0,0,0,0,0,0,0,0,0,0.0,0,0,0,0,0,0,0,0,0,0.0,0,0,0,0,0,0,0,0,0,0.0,0,0,0,0,0,0,0,0,0,0,0,0,0,0,0.0,0,0,0,0,0,0,0,0,0,0,0,0,0,0,0,0,0,0,0,0,0,0,0,0,0,0,0,0,0,0,0,0,0,0,0,0,0,0,0,0,0.149,0.4,0,0,0.549,19,3,0,0,22,0,0,0,0,0
2024,CA,7294.0,City of Glendale - (CA),LDWP,AC,19.288,11.489,,,30.777,3116,133,,,3249,417.013,,,,417.013,,,,,0.0,,,,,0,,,,,0.0,,,,,0,1.587,0.01,,,1.597,217,2,,,219,3.932,0.027,,,3.959,,,,,0.0,,,,,0,,,,,0,,,,,0,,,,,0,,,,,0,,,,,0,,,,,0,,,,,0,19.288,11.489,0,0,30.777,3116,133,0,0,3249,417.013,0,0,0,417.013
2024,CA,9216.0,Imperial Irrigation District,IID,AC,78.331,62.373,,,140.704,10215,277,,,10492,,,,,0,,,,,0.0,,,,,0,4.152,0.412,,,4.564,1434,122,,,1556,,,,,0.0,,,,,0,,,,,0,,,,,0.0,,,,,0,,,,,0,0.002,,,,0.002,1,,,,1,,,,,0,,2.15,,,2.15,,8,,,8,,,,,0,82.485,64.935,0,0,147.42,11650,407,0,0,12057,0,0,0,0,0
2024,CA,11124.0,City of Lodi - (CA),CISO,AC,3.269,3.61,,,6.879,649,61,,,710,,,,,0,,,,,0.0,,,,,0,,,,,0.0,,,,,0,,,,,0.0,,,,,0,,,,,0,,,,,0.0,,,,,0,,,,,0,,,,,0,,,,,0,,,,,0,,,,,0,,,,,0,,,,,0,3.269,3.61,0,0,6.879,649,61,0,0,710,0,0,0,0,0
2024,CA,11208.0,Los Angeles Department of Water & Power,LDWP,AC,541.837,136.503,,,678.34,87951,1760,,,89711,327040,35630,,,362670,,,,,0.0,,,,,0,,,,,0.0,,,,,0,33.09,2.05,,,35.14,4256,6,,,4262,,,,,0,8,1.15,,,9.15,1001,6,,,1007,,,,,0,,,,,0,,,,,0,,,,,0,,,,,0,,,,,0,,,,,0,541.837,136.503,0,0,678.34,87951,1760,0,0,89711,327040,35630,0,0,362670
2024,CA,12312.0,Merced Irrigation District,CISO,AC,12.985,9.752,0.114,,22.851,3253,65,2,,3320,,,,,0,,,,,0.0,,,,,0,,,,,0.0,,,,,0,0.279,0.009,,,0.288,49,1,,,50,0.588,0.014,,,0.602,,,,,0.0,,,,,0,,,,,0,,,,,0,,,,,0,,,,,0,,,,,0,,,,,0,,,,,0,12.985,9.752,0.114,0,22.851,3253,65,2,0,3320,0,0,0,0,0
2024,CA,12745.0,Modesto Irrigation District,BANC,AC,56.334,20.996,9.94,0,87.27,11160,196,56,0,11412,,,,,0,,,,,0.0,,,,,0,,,,,0.0,,,,,0,5.056,,0.171,,5.227,724,,1,,725,,,,,0,,,1.341,,1.341,,,1,,1,,,,,0,,,,,0,,,,,0,,,,,0,,,,,0,,,,,0,,,,,0,56.334,20.996,9.94,0,87.27,11160,196,56,0,11412,0,0,0,0,0
2024,CA,14328.0,Pacific Gas & Electric Co.,CISO,AC,5455.156,1758.977,1319.152,0,8533.285,861211,17254,5662,0,884127,0,0,0,0,0,0,0,0,0,0.0,0,0,0,0,0,25.26,61.254,0.138,0,86.652,6112,4300,4,0,10416,899.006,48.338,56.03,0,1003.374,118834,436,166,0,119436,0,0,0,0,0,0.911,0,0.245,0,1.156,87,0,2,0,89,0,0,0,0,0,0.884,0.622,27.123,0,28.629,161,36,42,0,239,0,0,0,0,0,1.291,61.156,178.16,0,240.607,39,93,247,0,379,0,0,0,0,0,5482.591,1882.009,1524.573,0,8889.173,867523,21683,5955,0,895161,0,0,0,0,0
2024,CA,14354.0,PacifiCorp,PACW,DC,6.09,5.613,3.06,0,14.763,805,79,22,0,906,,,,,0,,,,,0.0,,,,,0,,,,,0.0,,,,,0,0.874,0.03,0,0,0.904,71,1,0,0,72,1.148,0.01,0,0,1.158,,,,,0.0,,,,,0,,,,,0,0.001,0.005,0,0,0.006,1,2,0,0,3,,,,,0,0.011,0.066,0,0,0.077,2,1,0,0,3,,,,,0,6.102,5.684,3.06,0,14.846,808,82,22,0,912,0,0,0,0,0
2024,CA,14401.0,City of Palo Alto - (CA),CISO,AC,9.8,11.1,,,20.9,1702,106,,,1808,98,3868,,,3966,,,,,0.0,,,,,0,,,,,0.0,,,,,0,1,,,,1.0,136,,,,136,,,,,0,,,,,0.0,,,,,0,,,,,0,,,,,0,,,,,0,,,,,0,,,,,0,,,,,0,,,,,0,9.8,11.1,0,0,20.9,1702,106,0,0,1808,98,3868,0,0,3966
2024,CA,14534.0,City of Pasadena - (CA),CISO,AC,16.207,10.583,,,26.79,2800,116,,,2916,617.99,787.45,,,1405.44,,,,,0.0,,,,,0,,,,,0.0,,,,,0,,,,,0.0,,,,,0,,,,,0,,,,,0.0,,,,,0,,,,,0,,,,,0,,,,,0,,,,,0,,,,,0,,,,,0,,,,,0,16.207,10.583,0,0,26.79,2800,116,0,0,2916,617.99,787.45,0,0,1405.44
2024,CA,15783.0,City of Redding - (CA),BANC,DC,15.228,8.375,,,23.603,2112,111,,,2223,,,,,0,,,,,0.0,,,,,0,,,,,0.0,,,,,0,,,,,0.0,,,,,0,,,,,0,,,,,0.0,,,,,0,,,,,0,,,,,0,,,,,0,,,,,0,,,,,0,,,,,0,,,,,0,15.228,8.375,0,0,23.603,2112,111,0,0,2223,0,0,0,0,0
2024,CA,16088.0,City of Riverside - (CA),CISO,DC,44.94,25.69,,,70.63,7316,246,,,7562,1039,,,,1039,,,,,0.0,,,,,0,,,,,0.0,,,,,0,,,,,0.0,,,,,0,,,,,0,,,,,0.0,,,,,0,,,,,0,,,,,0,,,,,0,,,,,0,,,,,0,,,,,0,,,,,0,44.94,25.69,0,0,70.63,7316,246,0,0,7562,1039,0,0,0,1039
2024,CA,16295.0,City of Roseville - (CA),BANC,AC,45.538,8.941,0.81,,55.289,11910,77,2,,11989,24242,2323,,,26565,,,,,0.0,,,,,0,0.96,,,,0.96,159,,,,159,1.097,,,,1.097,156,,,,156,2.74,,,,2.74,,,,,0.0,,,,,0,,,,,0,,,,,0,,,,,0,,,,,0,,,,,0,,,,,0,,,,,0,46.498,8.941,0.81,0,56.249,12069,77,2,0,12148,24242,2323,0,0,26565
2024,CA,16534.0,Sacramento Municipal Util Dist,BANC,AC,257.401,92.343,38.212,0,387.956,57003,1473,53,0,58529,,,,,0,,,,,0.0,,,,,0,0.671,0.348,0,0,1.019,560,43,0,0,603,12.953,0.063,0.5,0,13.516,2038,5,1,0,2044,,,,,0,,,,,0.0,,,,,0,,,,,0,0.002,0,0.005,0,0.007,1,0,1,0,2,,,,,0,,,,,0,,,,,0,,,,,0,258.074,92.691,38.217,0,388.982,57564,1516,54,0,59134,0,0,0,0,0
2024,CA,16609.0,San Diego Gas & Electric Co,CISO,AC,1803.374,326.444,114.416,0,2244.234,325401,5746,155,0,331302,0,0,0,0,0,0,0,0,0,0.0,0,0,0,0,0,25.586,12.362,3.825,0,41.773,648,125,6,0,779,68.684,17.94,5.476,0,92.1,10281,223,7,0,10511,0,0,0,0,0,0,0,0,0,0.0,,,,,0,,,,,0,0.122,0.007,1,0,1.129,37,3,1,0,41,0,0,0,0,0,0.022,14.177,15.308,0,29.507,2,52,21,0,75,,,,,0,1829.104,352.99,134.549,0,2316.643,326088,5926,183,0,332197,0,0,0,0,0
2024,CA,16612.0,City & County of San Francisco,CISO,AC,,,,,0.0,,,,,0,,,,,0,,,,,0.0,,,,,0,,0.287,,,0.287,,3,,,3,,,,,0.0,,,,,0,,,,,0,,,,,0.0,,,,,0,,,,,0,,,,,0,,,,,0,,,,,0,,,,,0,,,,,0,,,,,0,0.0,0.287,0,0,0.287,0,3,0,0,3,0,0,0,0,0
2024,CA,16655.0,City of Santa Clara - (CA),CISO,AC,6.575,16.858,0.909,,24.342,1202,112,2,,1316,,,,,0,,,,,0.0,,,,,0,,,,,0.0,,,,,0,,,,,0.0,,,,,0,,,,,0,,,,,0.0,,,,,0,,,,,0,,,,,0,,,,,0,,,,,0,,,,,0,,,,,0,,,,,0,6.575,16.858,0.909,0,24.342,1202,112,2,0,1316,0,0,0,0,0
2024,CA,17609.0,Southern California Edison Co,CISO,AC,4243.084,1136.168,301.295,,5680.547,684496,10216,530,,695242,,,,,0,,,,,0.0,,,,,0,9.056,52.967,,,62.023,123,1211,,,1334,583.133,73.682,6.807,,663.622,84225,517,19,,84761,1331.539,181.422,20.128,,1533.089,,,,,0.0,,,,,0,,,,,0,1.748,4.955,8.1,,14.803,208,15,7,,230,,,,,0,0.698,49.285,32.183,,82.166,74,129,44,,247,,,,,0,4254.586,1243.375,341.578,0,5839.539,684901,11571,581,0,697053,0,0,0,0,0
2024,CA,17612.0,Bear Valley Electric Service,CISO,DC,3.052,3.112,,,6.164,624,25,,,649,,,,,0,,,,,0.0,,,,,0,,,,,0.0,,,,,0,,,,,0.0,,,,,0,,,,,0,,,,,0.0,,,,,0,,,,,0,0.069,0.01,,,0.079,6,1,,,7,,,,,0,,,,,0,,,,,0,,,,,0,3.121,3.122,0,0,6.243,630,26,0,0,656,0,0,0,0,0
2024,CA,17896.0,City of Shasta Lake - (CA),BANC,AC,0.643,0.177,,,0.82,123,7,,,130,,,,,0,,,,,0.0,,,,,0,,,,,0.0,,,,,0,,,,,0.0,,,,,0,,,,,0,,,,,0.0,,,,,0,,,,,0,,,,,0,,,,,0,,,,,0,,,0.85,,0.85,,,1,,1,,,,,0,0.643,0.177,0.85,0,1.67,123,7,1,0,131,0,0,0,0,0
2024,CA,18260.0,Surprise Valley Electrification,PACW,AC,0.149,0.013,,,0.162,15,2,,,17,,,,,0,,,,,0.0,,,,,0,,,,,0.0,,,,,0,,,,,0.0,,,,,0,,,,,0,,,,,0.0,,,,,0,,,,,0,,,,,0,,,,,0,,,,,0,,,,,0,,,,,0,,,,,0,0.149,0.013,0,0,0.162,15,2,0,0,17,0,0,0,0,0
2024,CA,19281.0,Turlock Irrigation District,TIDC,AC,28.534,14.888,21.465,0,64.887,4783,84,112,,4979,,,,,0,0,0,0,,0.0,0,0,0,,0,0.063,0,3.634,,3.697,3,0,10,,13,,,,,0.0,,,,,0,,,,,0,,,,,0.0,,,,,0,,,,,0,,,,,0,,,,,0,,,,,0,,,,,0,,,,,0,,,,,0,28.597,14.888,25.099,0,68.584,4786,84,122,0,4992,0,0,0,0,0
2024,CA,19798.0,City of Vernon,CISO,AC,,7.84,,,7.84,,37,,,37,,,,,0,,,,,0.0,,,,,0,,,,,0.0,,,,,0,,,,,0.0,,,,,0,,,,,0,,,,,0.0,,,,,0,,,,,0,,,,,0,,,,,0,,,,,0,,,,,0,,,,,0,,,,,0,0.0,7.84,0,0,7.84,0,37,0,0,37,0,0,0,0,0
2024,CA,55787.0,City of Moreno Valley - (CA),CISO,AC,13.46,5.03,0,0,18.49,2945,21,0,0,2966,2343.7,8384.4,,,10728.1,0,0,0,0,0.0,0,0,0,0,0,0,0,0,0,0.0,0,0,0,0,0,0.25,0,0,0,0.25,23,0,0,0,23,0.25,0,0,0,0.25,0,0,0,0,0.0,0,0,0,0,0,0,0,0,0,0,0,0,0,0,0,0,0,0,0,0,0,0,0,0,0,0,0,0,0,0,0,0,0,0,0,0,0,0,0,0,13.46,5.03,0,0,18.49,2945,21,0,0,2966,2343.7,8384.4,0,0,10728.1
2024,CA,57483.0,Liberty Utilities,CISO,AC,3.566,1.187,,,4.753,658,92,,,750,,,,,0,,,,,0.0,,,,,0,0.193,,,,0.193,124,,,,124,0.141,0.019,,,0.16,22,3,,,25,0.43,0.062,,,0.492,0.212,0.005,,,0.217,20,1,,,21,0.589,0,,,0.589,0.001,0,,,0.001,1,0,,,1,,,,,0,,,,,0,,,,,0,,,,,0,3.76,1.187,0,0,4.947,783,92,0,0,875,0,0,0,0,0
2024,CA,99999.0,Adjustment 2024,BANC,,-2.656,-1.461,,,-4.116,,,,,,,,,,,,,,,0.0,,,,,,,,,,0.0,,,,,,,,,,0.0,,,,,,,,,,,,,,,0.0,,,,,,,,,,,,,,,,,,,,,,,,,,,,,,,,,,,,,,,,,-2.656,-1.461,,,-4.116,,,,,,,,,,
2024,CA,99999.0,Adjustment 2024,CISO,,-14.499,-8.446,-0.071,,-23.016,,,,,,,,,,,,,,,0.0,,,,,,,,,,0.0,,,,,,,,,,0.0,,,,,,,,,,,,,,,0.0,,,,,,,,,,,,,,,,,,,,,,,,,,,,,,,,,,,,,,,,,-14.499,-8.446,-0.071,,-23.016,,,,,,,,,,
2024,CA,99999.0,Adjustment 2024,PACW,,-1.062,-0.979,-0.534,0,-2.575,,,,,,,,,,,,,,,0.0,,,,,,,,,,0.0,,,,,,-0.152,-0.005,0,0,-0.158,,,,,,,,,,,,,,,0.0,,,,,,,,,,,,,,,,,,,,,,,,,,,,,,,,,,,,,,,,,-1.062,-0.979,-0.534,0,-2.575,,,,,,,,,,
2024,CO,3989.0,City of Colorado Springs - (CO),WACM,AC,42.793,2.147,0,0,44.94,9332,553,0,0,9885,1189,6140,0,,7329,0,0,0,0,0.0,0,0,0,0,0,0.72,3.201,0,0,3.921,382,66,0,0,448,1.725,0.015,0,0,1.74,248,2,0,0,250,12.795,0.041,0,0,12.836,0,,0,0,0.0,0,0,0,0,0,0,0,0,0,0,0,0.006,0,0,0.006,0,1,0,0,1,0,0,0,,0,0,0,0,0,0,0,0,0,0,0,0,0,0,0,0,43.513,5.354,0,0,48.867,9714,620,0,0,10334,1189,6140,0,0,7329
2024,CO,5086.0,Delta Montrose Electric Assn,WACM,DC,14.168,1.351,,,15.519,2057,66,,,2123,,,,,0,,,,,0.0,,,,,0,0.19,,,,0.19,202,,,,202,,,,,0.0,,,,,0,,,,,0,,,,,0.0,,,,,0,,,,,0,0.012,,,,0.012,2,,,,2,,,,,0,0.015,0.158,,,0.173,3,2,,,5,,,,,0,14.385,1.509,0,0,15.894,2264,68,0,0,2332,0,0,0,0,0
2024,CO,5862.0,"Empire Electric Assn, Inc",WACM,AC,3.517,2.903,0.017,,6.437,582,104,1,,687,,,,,0,,,,,0.0,,,,,0,0.021,,,,0.021,6,,,,6,,,,,0.0,,,,,0,,,,,0,,,,,0.0,,,,,0,,,,,0,,,,,0,,,,,0,,,,,0,,,0.105,,0.105,,,1,,1,,,,,0,3.538,2.903,0.122,0,6.563,588,104,2,0,694,0,0,0,0,0
2024,CO,6604.0,City of Fort Collins - (CO),PSCO,DC,24.244,2.307,3.779,,30.33,3918,79,24,,4021,,,,,0,,,,,0.0,,,,,0,0.794,,,,0.794,376,,,,376,2.304,0.072,,,2.376,256,1,,,257,4.433,0.28,,,4.713,,0.015,,,0.015,,1,,,1,,0.041,,,0.041,0.001,,,,0.001,1,,,,1,,,,,0,,,1.976,,1.976,,,6,,6,,,,,0,25.039,2.307,5.755,0,33.101,4295,79,30,0,4404,0,0,0,0,0
2024,CO,6638.0,City of Fountain,PSCO,AC,5.948,,,,5.948,941,,,,941,4.642,,,,4.642,,,,,0.0,,,,,0,,,,,0.0,,,,,0,,,,,0.0,,,,,0,,,,,0,,,,,0.0,,,,,0,,,,,0,,,,,0,,,,,0,,,,,0,,,,,0,,,,,0,,,,,0,5.948,0,0,0,5.948,941,0,0,0,941,4.642,0,0,0,4.642
2024,CO,7563.0,Grand Valley Power,PSCO,DC,7.973,1.1,,,9.073,1402,14,,,1416,,,,,0,,,,,0.0,,,,,0,,,,,0.0,,,,,0,,,,,0.0,,,,,0,,,,,0,,,,,0.0,,,,,0,,,,,0,0.003,,,,0.003,1,,,,1,,,,,0,0.005,,,,0.005,2,,,,2,,,,,0,7.981,1.1,0,0,9.081,1405,14,0,0,1419,0,0,0,0,0
2024,CO,8570.0,Highline Electric Assn,WACM,DC,0.622,0.024,0.037,,0.683,62,1,3,,66,511.64,20.92,46.75,,579.31,,,,,0.0,,,,,0,,,,,0.0,,,,,0,,,,,0.0,,,,,0,,,,,0,,,,,0.0,,,,,0,,,,,0,0.026,,,,0.026,3,,,,3,6.05,,,,6.05,,,,,0,,,,,0,,,,,0,0.648,0.024,0.037,0,0.709,65,1,3,0,69,517.69,20.92,46.75,0,585.36
2024,CO,8773.0,"Holy Cross Electric Assn, Inc",PSCO,DC,24.05,3.994,0.016,,28.06,2730,211,2,,2943,1151.393,326.754,0,,1478.147,,,,,0.0,,,,,0,,,,,0.0,,,,,0,5.228,0.09,,,5.318,282,2,,,284,14.045,0.243,,,14.288,0.365,0.01,,,0.375,19,1,,,20,0.997,0.027,,,1.024,0,0.002,,,0.002,0,1,,,1,0,0.002,,,0.002,0.032,0.009,,,0.041,6,3,,,9,0.005,0.003,,,0.008,24.082,4.005,0.016,0,28.103,2736,215,2,0,2953,1151.398,326.759,0,0,1478.157
2024,CO,9336.0,CORE Electric Cooperative,PSCO,AC,57.889,1.061,0.431,,59.381,10006,36,3,,10045,,,,,0,,,,,0.0,,,,,0,,,,,0.0,,,,,0,,,,,0.0,,,,,0,,,,,0,,,,,0.0,,,,,0,,,,,0,0.042,,,,0.042,15,,,,15,,,,,0,0.011,,,,0.011,2,,,,2,,,,,0,57.942,1.061,0.431,0,59.434,10023,36,3,0,10062,0,0,0,0,0
2024,CO,10066.0,K C Electric Association,WACM,DC,0.203,0.232,0.034,0,0.469,22,14,2,0,38,,,,,0,,,,,0.0,,,,,0,,,,,0.0,,,,,0,,,,,0.0,,,,,0,,,,,0,,,,,0.0,,,,,0,,,,,0,0.01,,,,0.01,1,,,,1,,,,,0,,,,,0,,,,,0,,,,,0,0.213,0.232,0.034,0,0.479,23,14,2,0,39,0,0,0,0,0
2024,CO,10539.0,"La Plata Electric Assn, Inc",WACM,DC,17.752,5.704,,,23.456,2735,204,,,2939,1859.864,224.754,,,2084.618,1.49,0.635,,,2.125,425,4,,,429,0.237,0.113,,,0.35,43,15,,,58,1.045,0,,,1.045,121,0,,,121,2.264,0,,,2.264,0.015,0,,,0.015,1,0,,,1,0.02,0,,,0.02,0.01,,,,0.01,2,,,,2,,,,,0,0.002,,,,0.002,2,,,,2,,,,,0,19.491,6.452,0,0,25.943,3207,223,0,0,3430,1859.864,224.754,0,0,2084.618
2024,CO,11187.0,City of Longmont,PSCO,AC,7.06,0.765,,,7.825,1010,26,,,1036,5187.9,229,,,5416.9,,,,,0.0,,,,,0,,,,,0.0,,,,,0,,,,,0.0,,,,,0,,,,,0,,,,,0.0,,,,,0,,,,,0,,,,,0,,,,,0,,,,,0,,0.165,,,0.165,,2,,,2,,,,,0,7.06,0.93,0,0,7.99,1010,28,0,0,1038,5187.9,229,0,0,5416.9
2024,CO,11256.0,City of Loveland - (CO),PSCO,DC,3.26,0.544,,,3.804,496,17,,,513,,,,,0,,,,,0.0,,,,,0,,,,,0.0,,,,,0,0.162,,,,0.162,22,,,,22,0.358,,,,0.358,,,,,0.0,,,,,0,,,,,0,,,,,0,,,,,0,,,,,0,,,,,0,,,,,0,,,,,0,3.26,0.544,0,0,3.804,496,17,0,0,513,0,0,0,0,0
2024,CO,12860.0,Morgan County Rural Elec Assn,WACM,DC,0.696,0.016,,,0.712,85,2,,,87,81.957,,,,81.957,,,,,0.0,,,,,0,,,,,0.0,,,,,0,,,,,0.0,,,,,0,,,,,0,,,,,0.0,,,,,0,,,,,0,0.003,,,,0.003,1,,,,1,,,,,0,,,,,0,,,,,0,,,,,0,0.699,0.016,0,0,0.715,86,2,0,0,88,81.957,0,0,0,81.957
2024,CO,12866.0,Moon Lake Electric Assn Inc,WACM,AC,0.026,0.1,0,0,0.126,4,5,0,0,9,0,0,0,0,0,0,0,0,0,0.0,0,0,0,0,0,0,0,0,0,0.0,0,0,0,0,0,,,,,0.0,,,,,0,,,,,0,,,,,0.0,,,,,0,,,,,0,,,,,0,,,,,0,,,,,0,,,,,0,,,,,0,,,,,0,0.026,0.1,0,0,0.126,4,5,0,0,9,0,0,0,0,0
2024,CO,13050.0,"Mountain Parks Electric, Inc",WACM,DC,2.954,0.47,,,3.424,379,25,,,404,,,,,0,0,,,,0.0,0,,,,0,0,,,,0.0,0,,,,0,0.218,,,,0.218,7,,,,7,,,,,0,,,,,0.0,,,,,0,,,,,0,0.012,0.004,,,0.016,2,2,,,4,,,,,0,,0.008,,,0.008,,1,,,1,,,,,0,2.966,0.482,0,0,3.448,381,28,0,0,409,0,0,0,0,0
2024,CO,13058.0,"Mountain View Elec Assn, Inc",WACM,AC,21.788,0.25,,,22.038,3800,21,,,3821,0,0,,,0,0,0,,,0.0,0,0,,,0,0,0,,,0.0,0,0,,,0,6.373,0.054,,,6.427,344,1,,,345,12.746,0.18,,,12.926,0,0,,,0.0,0,0,,,0,0,0,,,0,0.081,0.023,,,0.104,22,2,,,24,0,0,,,0,0,0,,,0,0,0,,,0,0,0,,,0,21.869,0.273,0,0,22.142,3822,23,0,0,3845,0,0,0,0,0
2024,CO,15257.0,"Poudre Valley REA, Inc",WACM,DC,18.305,0.266,0.032,,18.603,2263,13,2,,2278,,,,,0,1.785,,,,1.785,260,,,,260,0.743,,,,0.743,156,,,,156,,,,,0.0,,,,,0,,,,,0,,,,,0.0,,,,,0,,,,,0,,,,,0,,,,,0,,,,,0,,,,,0,,,,,0,,,,,0,20.833,0.266,0.032,0,21.131,2679,13,2,0,2694,0,0,0,0,0
2024,CO,15466.0,Public Service Co of Colorado,PSCO,DC,666.919,224.042,10.981,,901.942,113499,3452,11,,116962,,,,,0,,,,,0.0,,,,,0,,,,,0.0,,,,,0,,,,,0.0,,,,,0,,,,,0,,,,,0.0,,,,,0,,,,,0,,,,,0,,,,,0,,,,,0,,,,,0,,,,,0,,,,,0,666.919,224.042,10.981,0,901.942,113499,3452,11,0,116962,0,0,0,0,0
2024,CO,16603.0,"San Luis Valley R E C, Inc",WACM,AC,1.818,1.003,1.839,,4.66,261,48,77,,386,,,,,0,,,,,0.0,,,,,0,,,,,0.0,,,,,0,,,,,0.0,,,,,0,,,,,0,,,,,0.0,,,,,0,,,,,0,0.003,,,,0.003,2,,,,2,,,,,0,,,,,0,,,,,0,,,,,0,1.821,1.003,1.839,0,4.663,263,48,77,0,388,0,0,0,0,0
2024,CO,16616.0,"San Isabel Electric Assn, Inc",WACM,AC,8.721,,,,8.721,1367,,,,1367,6675.49,,,,6675.49,,,,,0.0,,,,,0,,,,,0.0,,,,,0,,,,,0.0,,,,,0,,,,,0,,,,,0.0,,,,,0,,,,,0,0.003,,,,0.003,3,,,,3,0.003,,,,0.003,,,,,0,,,,,0,,,,,0,8.724,0,0,0,8.724,1370,0,0,0,1370,6675.493,0,0,0,6675.493
2024,CO,16622.0,"San Miguel Power Assn, Inc",WACM,AC,5.046,1.463,,,6.509,672,63,,,735,,,,,0,,,,,0.0,,,,,0,,,,,0.0,,,,,0,,,,,0.0,,,,,0,,,,,0,,,,,0.0,,,,,0,,,,,0,0.004,,,,0.004,2,,,,2,,,,,0,0.009,0.033,,,0.042,2,2,,,4,,,,,0,5.059,1.496,0,0,6.555,676,65,0,0,741,0,0,0,0,0
2024,CO,17592.0,Southeast Colorado Power Assn,WACM,AC,1.526,0.429,,,1.955,183,7,,,190,,,,,0,,,,,0.0,,,,,0,,,,,0.0,,,,,0,,,,,0.0,,,,,0,,,,,0,,,,,0.0,,,,,0,,,,,0,0.098,0.025,,,0.123,18,1,,,19,,,,,0,,,,,0,,,,,0,,,,,0,1.624,0.454,0,0,2.078,201,8,0,0,209,0,0,0,0,0
2024,CO,19499.0,"United Power, Inc",WACM,AC,74.15,1.49,1.22,0,76.86,12610,36,9,0,12655,,,,,0,,,,,0.0,,,,,0,0.015,0.003,0.003,0,0.021,24,3,1,0,28,,,,,0.0,,,,,0,,,,,0,,,,,0.0,,,,,0,,,,,0,0.022,0.012,0,0,0.034,8,2,0,0,10,,,,,0,,,,,0,,,,,0,,,,,0,74.187,1.505,1.223,0,76.915,12642,41,10,0,12693,0,0,0,0,0
2024,CO,20576.0,"White River Electric Assn, Inc",WACM,AC,0.132,0.001,,,0.133,20,1,,,21,,,,,0,,,,,0.0,,,,,0,,,,,0.0,,,,,0,,,,,0.0,,,,,0,,,,,0,,,,,0.0,,,,,0,,,,,0,,,,,0,,,,,0,,,,,0,,,0.023,,0.023,,,1,,1,,,,,0,0.132,0.001,0.023,0,0.156,20,1,1,0,22,0,0,0,0,0
2024,CO,21075.0,Y-W Electric Assn Inc,WACM,DC,0.284,0.072,,,0.356,36,3,,,39,26.334,36.5,,,62.834,,,,,0.0,,,,,0,,,,,0.0,,,,,0,,,,,0.0,,,,,0,,,,,0,,,,,0.0,,,,,0,,,,,0,,0.315,,,0.315,,6,,,6,,336.956,,,336.956,,,,,0,,,,,0,,,,,0,0.284,0.387,0,0,0.671,36,9,0,0,45,26.334,373.456,0,0,399.79
2024,CO,21081.0,Yampa Valley Electric Assn Inc,PSCO,AC,2.747,2.36,,,5.107,313,48,,,361,256.094,3.224,,,259.318,,,,,0.0,,,,,0,0.635,,,,0.635,211,,,,211,0.523,0.034,,,0.557,18,1,,,19,0.411,0.108,,,0.519,,,,,0.0,,,,,0,,,,,0,0.01,,,,0.01,1,,,,1,,,,,0,,,,,0,,,,,0,,,,,0,3.392,2.36,0,0,5.752,525,48,0,0,573,256.094,3.224,0,0,259.318
2024,CO,27058.0,"High West Energy, Inc",WACM,DC,0.02,,,,0.02,10,,,,10,,,,,0,,,,,0.0,,,,,0,,,,,0.0,,,,,0,,,,,0.0,,,,,0,,,,,0,,,,,0.0,,,,,0,,,,,0,,,,,0,,,,,0,,,,,0,,,,,0,,,,,0,,,,,0,0.02,0,0,0,0.02,10,0,0,0,10,0,0,0,0,0
2024,CO,56146.0,"Black Hills Colorado Electric, LLC",PSCO,DC,59.569,14.432,21,0,95.001,8956,260,3,0,9219,,,,,0,7.948,4.052,0,0,12.0,410,209,0,0,619,0.79,0.83,0,0,1.62,40,42,0,0,82,,,,,0.0,,,,,0,,,,,0,,,,,0.0,,,,,0,,,,,0,0.006,0,1.8,0,1.806,3,0,1,0,4,,,,,0,,,,,0,,,,,0,,,,,0,68.313,19.314,22.8,0,110.427,9409,511,4,0,9924,0,0,0,0,0
2024,CO,99999.0,Adjustment 2024,PSCO,,-137.081,-42.975,-6.239,0,-186.296,,,,,,,,,,,-1.386,-0.707,0,0,-2.093,,,,,,-0.276,-0.145,0,0,-0.421,,,,,,-1.342,-0.028,,,-1.37,,,,,,,,,,,-0.064,-0.004,,,-0.068,,,,,,,,,,,,,,,,,,,,,,,,,,,,,,,,,,,,,,,,,-138.743,-43.827,-6.239,0,-188.81,,,,,,,,,,
2024,CO,99999.0,Adjustment 2024,WACM,,-9.593,-1.419,-0.018,0,-11.029,,,,,,,,,,,-0.571,-0.111,,,-0.682,,,,,,-0.204,-0.02,,,-0.224,,,,,,-0.22,0,,,-0.22,,,,,,,,,,,-0.003,0,,,-0.003,,,,,,,,,,,,,,,,,,,,,,,,,,,,,,,,,,,,,,,,,-10.368,-1.549,-0.018,0,-11.935,,,,,,,,,,
2024,CT,4176.0,Connecticut Light & Power Co,ISNE,AC,650.5,215,31.971,,897.471,79274,1958,94,,81326,,,,,0,,52.821,,,52.821,,907,,,907,,22.266,,,22.266,,162,,,162,6.231,0.04,,,6.271,631,4,,,635,,,,,0,0.28,,,,0.28,100,,,,100,,,,,0,0.121,0.13,,,0.251,29,7,,,36,,,,,0,0.093,25.806,6.715,,32.614,3,52,5,,60,,,,,0,650.714,316.023,38.686,0,1005.423,79306,3086,99,0,82491,0,0,0,0,0
2024,CT,7716.0,Groton Dept of Utilities - (CT),ISNE,AC,4.187,0.291,0,0,4.478,812,6,0,0,818,2301.911,103.358,0,0,2405.269,0,0,0,0,0.0,0,0,0,0,0,0,0,0,0,0.0,0,0,0,0,0,0,0,0,0,0.0,0,0,0,0,0,0,0,0,0,0,0,0,0,0,0.0,0,0,0,0,0,0,0,0,0,0,0,0,0,0,0,0,0,0,0,0,0,0,0,0,0,0,0,0,0,0,0,0,0,0,0,0,0,0,0,0,4.187,0.291,0,0,4.478,812,6,0,0,818,2301.911,103.358,0,0,2405.269
2024,CT,13831.0,City of Norwich - (CT),ISNE,AC,0.742,0.557,,,1.299,67,5,,,72,295.743,136.824,,,432.567,,,,,0.0,,,,,0,,,,,0.0,,,,,0,,,,,0.0,,,,,0,,,,,0,,,,,0.0,,,,,0,,,,,0,,,,,0,,,,,0,,,,,0,,0.45,,,0.45,,1,,,1,,66.9,,,66.9,0.742,1.007,0,0,1.749,67,6,0,0,73,295.743,203.724,0,0,499.467
2024,CT,19497.0,United Illuminating Co,ISNE,AC,144.676,61.64,7.722,0,214.038,23614,433,48,0,24095,4791.348,2731.292,100.201,0,7622.841,0,3,0,0,3.0,0,3,0,0,3,0,2.52,0,0,2.52,0,3,0,0,3,0.671,0,0,0,0.671,46,0,0,0,46,0.249,0,0,0,0.249,0.033,0,0,0,0.033,10,0,0,0,10,0.103,0,0,0,0.103,0,0.03,0.1,0,0.13,0,1,1,0,2,0,0,4.56,0,4.56,0,29.855,4.21,0,34.065,0,31,3,0,34,0,1400.804,11.4,0,1412.204,144.676,97.045,12.032,0,253.753,23614,471,52,0,24137,4791.348,4132.096,116.161,0,9039.605
2024,CT,20038.0,Town of Wallingford - (CT),ISNE,AC,0.473,0.944,,,1.417,57,7,,,64,237.6,403.3,,,640.9,,,,,0.0,,,,,0,,,,,0.0,,,,,0,,,,,0.0,,,,,0,,,,,0,,,,,0.0,,,,,0,,,,,0,,,,,0,,,,,0,,,,,0,,,,,0,,,,,0,,,,,0,0.473,0.944,0,0,1.417,57,7,0,0,64,237.6,403.3,0,0,640.9
2024,DC,15270.0,Potomac Electric Power Co,PJM,AC,112.902,60.566,,,173.468,17780,883,,,18663,,,,,0,,,,,0.0,,,,,0,4.249,1.33,,,5.579,10591,133,,,10724,,,,,0.0,,,,,0,,,,,0,,,,,0.0,,,,,0,,,,,0,,,,,0,,,,,0,,,,,0,,,,,0,,,,,0,,,,,0,117.151,61.896,0,0,179.047,28371,1016,0,0,29387,0,0,0,0,0
2024,DE,5027.0,Delmarva Power,PJM,AC,76.645,18.786,6.507,0,101.938,9678,313,10,0,10001,,,,,0,0.48,6.16,0,,6.64,71,240,0,,311,,,,,0.0,,,,,0,,,,,0.0,,,,,0,,,,,0,,,,,0.0,,,,,0,,,,,0,0.064,0.035,0,,0.099,10,5,0,,15,,,,,0,0,1.45,,,1.45,0,2,,,2,,,,,0,77.189,26.431,6.507,0,110.127,9759,560,10,0,10329,0,0,0,0,0
2024,DE,5070.0,Delaware Electric Cooperative,PJM,DC,26.133,12.029,,,38.162,3111,136,,,3247,,,,,0,,,,,0.0,,,,,0,,,,,0.0,,,,,0,,,,,0.0,,,,,0,,,,,0,,,,,0.0,,,,,0,,,,,0,0.014,0.005,,,0.019,6,1,,,7,,,,,0,,,,,0,,,,,0,,,,,0,26.147,12.034,0,0,38.181,3117,137,0,0,3254,0,0,0,0,0
2024,DE,5335.0,City of Dover - (DE),PJM,AC,4.102,1.862,,,5.964,540,30,,,570,,,,,0,,,,,0.0,,,,,0,,,,,0.0,,,,,0,,,,,0.0,,,,,0,,,,,0,,,,,0.0,,,,,0,,,,,0,,,,,0,,,,,0,,,,,0,,,,,0,,,,,0,,,,,0,4.102,1.862,0,0,5.964,540,30,0,0,570,0,0,0,0,0
2024,DE,12478.0,Town of Middletown - (DE),PJM,DC,2.901,,2.263,,5.164,342,,10,,352,,,,,0,,,,,0.0,,,,,0,,,,,0.0,,,,,0,,,,,0.0,,,,,0,,,,,0,,,,,0.0,,,,,0,,,,,0,,,,,0,,,,,0,,,,,0,,,,,0,,,,,0,,,,,0,2.901,0,2.263,0,5.164,342,0,10,0,352,0,0,0,0,0
2024,DE,12540.0,City of Milford - (DE),PJM,AC,1.725,0.422,,,2.147,217,13,,,230,,,,,0,,,,,0.0,,,,,0,,,,,0.0,,,,,0,0.005,,,,0.005,3,,,,3,,,,,0,,,,,0.0,,,,,0,,,,,0,,,,,0,,,,,0,,,,,0,,,,,0,,,,,0,,,,,0,1.725,0.422,0,0,2.147,217,13,0,0,230,0,0,0,0,0
2024,DE,13519.0,City of Newark - (DE),PJM,AC,1.649,0.448,1.758,,3.855,199,15,7,,221,,,,,0,,,,,0.0,,,,,0,,,,,0.0,,,,,0,,,,,0.0,,,,,0,,,,,0,,,,,0.0,,,,,0,,,,,0,,,,,0,,,,,0,,,,,0,,0.5,,,0.5,,1,,,1,,,,,0,1.649,0.948,1.758,0,4.355,199,16,7,0,222,0,0,0,0,0
2024,DE,99999.0,Adjustment 2024,PJM,,-5.064,-2.098,-0.395,,-7.556,,,,,,,,,,,,,,,0.0,,,,,,,,,,0.0,,,,,,,,,,0.0,,,,,,,,,,,,,,,0.0,,,,,,,,,,,,,,,,,,,,,,,,,,,,,,,,,,,,,,,,,-5.064,-2.098,-0.395,,-7.556,,,,,,,,,,
2024,FL,1300.0,City of Bartow - (FL),FPC,DC,3.247,0.032,0.044,,3.323,319,2,1,,322,72.753,0.429,,,73.182,,,,,0.0,,,,,0,,,,,0.0,,,,,0,,,,,0.0,,,,,0,,,,,0,,,,,0.0,,,,,0,,,,,0,0.002,,,,0.002,1,,,,1,,,,,0,,,,,0,,,,,0,,,,,0,3.249,0.032,0.044,0,3.325,320,2,1,0,323,72.753,0.429,0,0,73.182
2024,FL,3245.0,"Central Florida Elec Coop, Inc",SEC,AC,1.944,0.166,,,2.11,210,10,,,220,967.998,52.748,,,1020.746,,,,,0.0,,,,,0,,,,,0.0,,,,,0,,,,,0.0,,,,,0,,,,,0,,,,,0.0,,,,,0,,,,,0,,,,,0,,,,,0,,,,,0,,,,,0,,,,,0,,,,,0,1.944,0.166,0,0,2.11,210,10,0,0,220,967.998,52.748,0,0,1020.746
2024,FL,3502.0,"Choctawhatche Elec Coop, Inc",SOCO,AC,5.088,0.092,0,0,5.18,525,30,0,0,555,0,0,0,0,0,0,0,0,0,0.0,0,0,0,0,0,0,0,0,0,0.0,0,0,0,0,0,0,0,0,0,0.0,0,0,0,0,0,0,0,0,0,0,0,0,0,0,0.0,0,0,0,0,0,0,0,0,0,0,0.003,0,0,0,0.003,1,0,0,0,1,0,0,0,0,0,0,0.092,0,0,0.092,0,30,0,0,30,0,0,0,0,0,5.091,0.184,0,0,5.275,526,60,0,0,586,0,0,0,0,0
2024,FL,3757.0,"Clay Electric Cooperative, Inc - (FL)",SEC,AC,29.885,2.266,,,32.151,3228,69,,,3297,,,,,0,,,,,0.0,,,,,0,,,,,0.0,,,,,0,2.654,0.107,,,2.761,238,5,,,243,,,,,0,,,,,0.0,,,,,0,,,,,0,,,,,0,,,,,0,,,,,0,,,,,0,,,,,0,,,,,0,29.885,2.266,0,0,32.151,3228,69,0,0,3297,0,0,0,0,0
2024,FL,5964.0,"Escambia River Elec Coop, Inc",SOCO,AC,1.191,,,,1.191,119,,,,119,540.922,,,,540.922,,,,,0.0,,,,,0,,,,,0.0,,,,,0,,,,,0.0,,,,,0,,,,,0,,,,,0.0,,,,,0,,,,,0,,,,,0,,,,,0,,,,,0,,,,,0,,,,,0,,,,,0,1.191,0,0,0,1.191,119,0,0,0,119,540.922,0,0,0,540.922
2024,FL,6443.0,"Florida Keys El Coop Assn, Inc",FPL,AC,2.519,0.289,0.703,,3.511,228,15,12,,255,,,,,0,,,,,0.0,,,,,0,,,,,0.0,,,,,0,,,,,0.0,,,,,0,,,,,0,,,,,0.0,,,,,0,,,,,0,,,,,0,,,,,0,,,,,0,,,,,0,,,,,0,,,,,0,2.519,0.289,0.703,0,3.511,228,15,12,0,255,0,0,0,0,0
2024,FL,6452.0,Florida Power & Light Co,FPL,AC,982.763,57.536,23.267,,1063.566,108585,1021,715,,110321,540947.789,20413.802,3864.453,,565226.044,,,,,0.0,,,,,0,,,,,0.0,,,,,0,,,,,0.0,,,,,0,,,,,0,,,,,0.0,,,,,0,,,,,0,0.019,0.019,0.042,,0.08,6,8,4,,18,3.522,2.119,,,5.641,,,5.949,,5.949,,,4,,4,,,,,0,982.782,57.555,29.258,0,1069.595,108591,1029,723,0,110343,540951.311,20415.921,3864.453,0,565231.685
2024,FL,6455.0,"Duke Energy Florida, LLC",FPC,AC,834.708,53.584,11.763,0,900.055,94005,911,32,0,94948,,,,,0,,,,,0.0,,,,,0,,,,,0.0,,,,,0,,,,,0.0,,,,,0,,,,,0,,,,,0.0,,,,,0,,,,,0,0.002,0.001,0,0,0.003,1,1,0,0,2,,,,,0,,0.2,0.2,,0.4,,1,1,,2,,,,,0,834.71,53.785,11.963,0,900.458,94006,913,33,0,94952,0,0,0,0,0
2024,FL,6457.0,Florida Public Utilities Co,JEA,AC,5.068,3.411,,,8.479,590,13,,,603,,,,,0,,,,,0.0,,,,,0,,,,,0.0,,,,,0,,,,,0.0,,,,,0,,,,,0,,,,,0.0,,,,,0,,,,,0,,,,,0,,,,,0,,,,,0,,,,,0,,,,,0,,,,,0,5.068,3.411,0,0,8.479,590,13,0,0,603,0,0,0,0,0
2024,FL,6616.0,Fort Pierce Utilities Authority,FMPP,AC,1.742,0.256,,,1.998,230,4,,,234,1275.79,19.9,,,1295.69,,,,,0.0,,,,,0,,,,,0.0,,,,,0,,,,,0.0,,,,,0,,,,,0,,,,,0.0,,,,,0,,,,,0,,,,,0,,,,,0,,,,,0,,,,,0,,,,,0,,,,,0,1.742,0.256,0,0,1.998,230,4,0,0,234,1275.79,19.9,0,0,1295.69
2024,FL,6909.0,Gainesville Regional Utilities,GVL,DC,13.4,9.146,,,22.546,1486,119,,,1605,6309.789,1755.595,,,8065.384,,,,,0.0,,,,,0,,,,,0.0,,,,,0,,,,,0.0,,,,,0,,,,,0,,,,,0.0,,,,,0,,,,,0,,,,,0,,,,,0,,,,,0,,,,,0,,,,,0,,,,,0,13.4,9.146,0,0,22.546,1486,119,0,0,1605,6309.789,1755.595,0,0,8065.384
2024,FL,7264.0,"Glades Electric Coop, Inc",SEC,AC,1.684,0.926,,,2.61,260,14,,,274,,,,,0,,,,,0.0,,,,,0,,,,,0.0,,,,,0,,,,,0.0,,,,,0,,,,,0,,,,,0.0,,,,,0,,,,,0,,,,,0,,,,,0,,,,,0,,,,,0,,,,,0,,,,,0,1.684,0.926,0,0,2.61,260,14,0,0,274,0,0,0,0,0
2024,FL,7785.0,"Gulf Coast Electric Coop, Inc",SOCO,AC,2.241,0.039,,,2.28,249,1,,,250,,,,,0,,,,,0.0,,,,,0,,,,,0.0,,,,,0,,,,,0.0,,,,,0,,,,,0,,,,,0.0,,,,,0,,,,,0,,,,,0,,,,,0,,,,,0,,,,,0,,,,,0,,,,,0,2.241,0.039,0,0,2.28,249,1,0,0,250,0,0,0,0,0
2024,FL,8795.0,City of Homestead - (FL),HST,DC,2.934,0.075,,,3.009,350,2,,,352,1646.9,48.473,,,1695.373,,,,,0.0,,,,,0,,,,,0.0,,,,,0,0.017,,,,0.017,2,,,,2,,,,,0,,,,,0.0,,,,,0,,,,,0,,,,,0,,,,,0,,,,,0,,,,,0,,,,,0,,,,,0,2.934,0.075,0,0,3.009,350,2,0,0,352,1646.9,48.473,0,0,1695.373
2024,FL,9616.0,Beaches Energy Services,FPL,DC,3.212,0.669,,,3.881,335,21,,,356,,,,,0,,,,,0.0,,,,,0,,,,,0.0,,,,,0,,,,,0.0,,,,,0,,,,,0,,,,,0.0,,,,,0,,,,,0,,,,,0,,,,,0,,,,,0,,,,,0,,,,,0,,,,,0,3.212,0.669,0,0,3.881,335,21,0,0,356,0,0,0,0,0
2024,FL,9617.0,JEA,JEA,DC,54.6,9.6,,,64.2,6257,119,,,6376,21818.987,2836.21,,,24655.197,,,,,0.0,,,,,0,,,,,0.0,,,,,0,,,,,0.0,,,,,0,,,,,0,,,,,0.0,,,,,0,,,,,0,,,,,0,,,,,0,,,,,0,,,,,0,,,,,0,,,,,0,54.6,9.6,0,0,64.2,6257,119,0,0,6376,21818.987,2836.21,0,0,24655.197
2024,FL,10226.0,"Utility Board of the City of Key West, F",FMPP,AC,1.763,3.764,,,5.527,182,524,,,706,757.12,2108.64,,,2865.76,,,,,0.0,,,,,0,,,,,0.0,,,,,0,,,,,0.0,,,,,0,,,,,0,,,,,0.0,,,,,0,,,,,0,,,,,0,,,,,0,,,,,0,,,,,0,,,,,0,,,,,0,1.763,3.764,0,0,5.527,182,524,0,0,706,757.12,2108.64,0,0,2865.76
2024,FL,10376.0,Kissimmee Utility Authority,FMPP,DC,43.258,2.067,0.961,0,46.286,4160,63,1,0,4224,24494.1,3971.8,283.5,0,28749.4,,,,,0.0,,,,,0,,,,,0.0,,,,,0,,,,,0.0,,,,,0,,,,,0,,,,,0.0,,,,,0,,,,,0,,,,,0,,,,,0,,,,,0,,,,,0,,,,,0,,,,,0,43.258,2.067,0.961,0,46.286,4160,63,1,0,4224,24494.1,3971.8,283.5,0,28749.4
2024,FL,10620.0,City of Lake Worth Beach - (FL),FMPP,AC,2.28,0.364,,,2.644,315,10,,,325,0.002,0.001,,,0.003,,,,,0.0,,,,,0,,,,,0.0,,,,,0,,,,,0.0,,,,,0,,,,,0,,,,,0.0,,,,,0,,,,,0,,,,,0,,,,,0,,,,,0,,,,,0,,,,,0,,,,,0,2.28,0.364,0,0,2.644,315,10,0,0,325,0.002,0.001,0,0,0.003
2024,FL,10623.0,City of Lakeland - (FL),FMPP,DC,20.05,1.833,0.021,0,21.904,1964,70,1,0,2035,0,0,0,0,0,0,0,0,0,0.0,0,0,0,0,0,0,0,0,0,0.0,0,0,0,0,0,1.96,0.014,0,0,1.974,151,1,0,0,152,1.96,0.014,0,0,1.974,0,0,0,0,0.0,0,0,0,0,0,0,0,0,0,0,0,0,0,0,0,0,0,0,0,0,0,0,0,0,0,0,0,0,0,0,0,0,0,0,0,0,0,0,0,0,20.05,1.833,0.021,0,21.904,1964,70,1,0,2035,0,0,0,0,0
2024,FL,10857.0,"Lee County Electric Coop, Inc - (FL)",FPL,AC,83.114,1.824,,,84.938,9402,59,,,9461,,,,,0,,,,,0.0,,,,,0,,,,,0.0,,,,,0,,,,,0.0,,,,,0,,,,,0,,,,,0.0,,,,,0,,,,,0,,,,,0,,,,,0,,,,,0,,,,,0,,,,,0,,,,,0,83.114,1.824,0,0,84.938,9402,59,0,0,9461,0,0,0,0,0
2024,FL,10868.0,City of Leesburg - (FL),FPC,AC,3.916,,,,3.916,403,,,,403,2416.131,,,,2416.131,,,,,0.0,,,,,0,,,,,0.0,,,,,0,,,,,0.0,,,,,0,,,,,0,,,,,0.0,,,,,0,,,,,0,,,,,0,,,,,0,,,,,0,,,,,0,,,,,0,,,,,0,3.916,0,0,0,3.916,403,0,0,0,403,2416.131,0,0,0,2416.131
2024,FL,13485.0,New Smyrna Beach City of,FPL,AC,2.14,0.067,,,2.207,290,4,,,294,,,,,0,,,,,0.0,,,,,0,,,,,0.0,,,,,0,,,,,0.0,,,,,0,,,,,0,,,,,0.0,,,,,0,,,,,0,,,,,0,,,,,0,,,,,0,,,,,0,,,,,0,,,,,0,2.14,0.067,0,0,2.207,290,4,0,0,294,0,0,0,0,0
2024,FL,13955.0,City of Ocala,FMPP,DC,6.29,1.915,,,8.205,747,71,,,818,,,,,0,,,,,0.0,,,,,0,,,,,0.0,,,,,0,,,,,0.0,,,,,0,,,,,0,,,,,0.0,,,,,0,,,,,0,,,,,0,,,,,0,,,,,0,,,,,0,,,,,0,,,,,0,6.29,1.915,0,0,8.205,747,71,0,0,818,0,0,0,0,0
2024,FL,14606.0,"Peace River Electric Coop, Inc",SEC,AC,9.896,1.333,,,11.229,1386,21,,,1407,5.577,1.281,,,6.858,,,,,0.0,,,,,0,,,,,0.0,,,,,0,,,,,0.0,,,,,0,,,,,0,,,,,0.0,,,,,0,,,,,0,,,,,0,,,,,0,,,,,0,,,,,0,,,,,0,,,,,0,9.896,1.333,0,0,11.229,1386,21,0,0,1407,5.577,1.281,0,0,6.858
2024,FL,14610.0,Orlando Utilities Comm,FMPP,DC,105.684,14.55,,,120.234,10545,130,,,10675,,,,,0,,,,,0.0,,,,,0,,,,,0.0,,,,,0,6.099,0.021,,,6.12,1079,4,,,1083,13.587,0.047,,,13.634,0.004,,,,0.004,1,,,,1,0.01,,,,0.01,,,,,0,,,,,0,,,,,0,,,,,0,,,,,0,,,,,0,105.684,14.55,0,0,120.234,10545,130,0,0,10675,0,0,0,0,0
2024,FL,15776.0,Central Florida Tourism Oversight District,FPC,AC,,0.373,,,0.373,,5,,,5,,94.56,,,94.56,,,,,0.0,,,,,0,,,,,0.0,,,,,0,,,,,0.0,,,,,0,,,,,0,,,,,0.0,,,,,0,,,,,0,,,,,0,,,,,0,,,,,0,,,,,0,,,,,0,,,,,0,0.0,0.373,0,0,0.373,0,5,0,0,5,0,94.56,0,0,94.56
2024,FL,18304.0,"Sumter Electric Coop, Inc",SEC,DC,36.109,1.518,,,37.627,6192,121,,,6313,36109,1518,,,37627,,,,,0.0,,,,,0,,,,,0.0,,,,,0,,,,,0.0,,,,,0,,,,,0,,,,,0.0,,,,,0,,,,,0,0.007,,,,0.007,2,,,,2,6.758,,,,6.758,,,,,0,,,,,0,,,,,0,36.116,1.518,0,0,37.634,6194,121,0,0,6315,36115.758,1518,0,0,37633.758
2024,FL,18360.0,Suwannee Valley Elec Coop Inc,SEC,AC,1.887,0.046,,,1.933,209,1,,,210,,,,,0,,,,,0.0,,,,,0,,,,,0.0,,,,,0,,,,,0.0,,,,,0,,,,,0,,,,,0.0,,,,,0,,,,,0,,,,,0,,,,,0,,,,,0,,,,,0,,,,,0,,,,,0,1.887,0.046,0,0,1.933,209,1,0,0,210,0,0,0,0,0
2024,FL,18445.0,City of Tallahassee - (FL),TAL,DC,11.293,1.764,,,13.057,1285,135,,,1420,,,,,0,,,,,0.0,,,,,0,,,,,0.0,,,,,0,,,,,0.0,,,,,0,,,,,0,,,,,0.0,,,,,0,,,,,0,,,,,0,,,,,0,,,,,0,,,,,0,,,,,0,,,,,0,11.293,1.764,0,0,13.057,1285,135,0,0,1420,0,0,0,0,0
2024,FL,18449.0,"Talquin Electric Coop, Inc",SEC,AC,7.961,0.009,,,7.97,1019,1,,,1020,,,,,0,,,,,0.0,,,,,0,,,,,0.0,,,,,0,,,,,0.0,,,,,0,,,,,0,,,,,0.0,,,,,0,,,,,0,,,,,0,,,,,0,,,,,0,,,,,0,,,,,0,,,,,0,7.961,0.009,0,0,7.97,1019,1,0,0,1020,0,0,0,0,0
2024,FL,18454.0,Tampa Electric Co,TEC,DC,337.579,31.532,0.74,0,369.851,28828,291,3,0,29122,187233.136,8155.28,371.124,0,195759.54,,,,,0.0,,,,,0,16.5,1,0,0,17.5,751,50,0,0,801,13.966,0.029,0,,13.995,1465,1,0,,1466,,,,,0,,,,0,0.0,,,,0,0,,,,,0,0,0,0,0,0,0,0,0,0,0,0,0,0,0,0,0,0.05,0,0,0.05,0,1,0,0,1,0,0,0,0,0,354.079,32.582,0.74,0,387.401,29579,342,3,0,29924,187233.136,8155.28,371.124,0,195759.54
2024,FL,19161.0,"Tri-County Electric Coop, Inc (FL)",SEC,DC,1.344,1.424,,,2.768,147,5,,,152,,,,,0,,,,,0.0,,,,,0,,,,,0.0,,,,,0,,,,,0.0,,,,,0,,,,,0,,,,,0.0,,,,,0,,,,,0,,,,,0,,,,,0,,,,,0,,,,,0,,,,,0,,,,,0,1.344,1.424,0,0,2.768,147,5,0,0,152,0,0,0,0,0
2024,FL,20371.0,"West Florida El Coop Assn, Inc",SOCO,AC,1.829,0,0,,1.829,221,0,0,,221,1089.063,,,,1089.063,,,,,0.0,,,,,0,,,,,0.0,,,,,0,,,,,0.0,,,,,0,,,,,0,,,,,0.0,,,,,0,,,,,0,,,,,0,,,,,0,,,,,0,,,,,0,,,,,0,,,,,0,1.829,0,0,0,1.829,221,0,0,0,221,1089.063,0,0,0,1089.063
2024,FL,20885.0,Withlacoochee River Elec Coop,SEC,AC,57.86,1.149,0.313,,59.322,5212,63,12,,5287,,,,,0,,,1,,1.0,,,1,,1,,,,,0.0,,,,,0,2.242,0.006,,,2.248,185,3,,,188,2.242,0.006,,,2.248,,,,,0.0,,,,,0,,,,,0,0.005,,,,0.005,1,,,,1,,,,,0,,,,,0,,,,,0,,,,,0,57.865,1.149,1.313,0,60.327,5213,63,13,0,5289,0,0,0,0,0
2024,FL,31833.0,Okefenoke Rural El Member Corp,SOCO,AC,0.62,0.015,,,0.635,71,1,,,72,352.22,,,,352.22,,,,,0.0,,,,,0,0.108,,,,0.108,43,,,,43,,,,,0.0,,,,,0,,,,,0,,,,,0.0,,,,,0,,,,,0,,,,,0,,,,,0,,,,,0,,,,,0,,,,,0,,,,,0,0.728,0.015,0,0,0.743,114,1,0,0,115,352.22,0,0,0,352.22
2024,FL,58124.0,City of Winter Park - (FL),FPC,AC,2.453,0.195,,,2.648,220,8,,,228,,,,,0,,,,,0.0,,,,,0,,,,,0.0,,,,,0,,,,,0.0,,,,,0,,,,,0,,,,,0.0,,,,,0,,,,,0,,,,,0,,,,,0,,,,,0,,,,,0,,,,,0,,,,,0,2.453,0.195,0,0,2.648,220,8,0,0,228,0,0,0,0,0
2024,FL,99999.0,Adjustment 2024,FMPP,,-30.569,-3.552,-0.171,0,-34.292,,,,,,,,,,,0,0,0,0,0.0,,,,,,0,0,0,0,0.0,,,,,,-1.405,-0.006,0,0,-1.412,,,,,,,,,,,-0.001,0,0,0,-0.001,,,,,,,,,,,,,,,,,,,,,,,,,,,,,,,,,,,,,,,,,-30.569,-3.552,-0.171,0,-34.292,,,,,,,,,,
2024,FL,99999.0,Adjustment 2024,FPC,,-0.566,-0.006,-0.008,,-0.58,,,,,,,,,,,,,,,0.0,,,,,,,,,,0.0,,,,,,,,,,0.0,,,,,,,,,,,,,,,0.0,,,,,,,,,,,,,,,,,,,,,,,,,,,,,,,,,,,,,,,,,-0.566,-0.006,-0.008,,-0.58,,,,,,,,,,
2024,FL,99999.0,Adjustment 2024,FPL,,-0.56,-0.117,,,-0.677,,,,,,,,,,,,,,,0.0,,,,,,,,,,0.0,,,,,,,,,,0.0,,,,,,,,,,,,,,,0.0,,,,,,,,,,,,,,,,,,,,,,,,,,,,,,,,,,,,,,,,,-0.56,-0.117,,,-0.677,,,,,,,,,,
2024,FL,99999.0,Adjustment 2024,GVL,,-2.337,-1.595,,,-3.932,,,,,,,,,,,,,,,0.0,,,,,,,,,,0.0,,,,,,,,,,0.0,,,,,,,,,,,,,,,0.0,,,,,,,,,,,,,,,,,,,,,,,,,,,,,,,,,,,,,,,,,-2.337,-1.595,,,-3.932,,,,,,,,,,
2024,FL,99999.0,Adjustment 2024,HST,,-0.512,-0.013,,,-0.525,,,,,,,,,,,,,,,0.0,,,,,,,,,,0.0,,,,,,-0.003,,,,-0.003,,,,,,,,,,,,,,,0.0,,,,,,,,,,,,,,,,,,,,,,,,,,,,,,,,,,,,,,,,,-0.512,-0.013,,,-0.525,,,,,,,,,,
2024,FL,99999.0,Adjustment 2024,JEA,,-9.522,-1.674,,,-11.196,,,,,,,,,,,,,,,0.0,,,,,,,,,,0.0,,,,,,,,,,0.0,,,,,,,,,,,,,,,0.0,,,,,,,,,,,,,,,,,,,,,,,,,,,,,,,,,,,,,,,,,-9.522,-1.674,,,-11.196,,,,,,,,,,
2024,FL,99999.0,Adjustment 2024,SEC,,-6.532,-0.513,,,-7.045,,,,,,,,,,,,,,,0.0,,,,,,,,,,0.0,,,,,,,,,,0.0,,,,,,,,,,,,,,,0.0,,,,,,,,,,,,,,,,,,,,,,,,,,,,,,,,,,,,,,,,,-6.532,-0.513,,,-7.045,,,,,,,,,,
2024,FL,99999.0,Adjustment 2024,TAL,,-1.969,-0.308,,,-2.277,,,,,,,,,,,,,,,0.0,,,,,,,,,,0.0,,,,,,,,,,0.0,,,,,,,,,,,,,,,0.0,,,,,,,,,,,,,,,,,,,,,,,,,,,,,,,,,,,,,,,,,-1.969,-0.308,,,-2.277,,,,,,,,,,
2024,FL,99999.0,Adjustment 2024,TEC,,-58.874,-5.499,-0.129,0,-64.502,,,,,,,,,,,,,,,0.0,,,,,,-2.878,-0.174,0,0,-3.052,,,,,,-2.436,-0.005,0,,-2.441,,,,,,,,,,,,,,0,0.0,,,,,,,,,,,,,,,,,,,,,,,,,,,,,,,,,,,,,,,,,-61.751,-5.674,-0.129,0,-67.554,,,,,,,,,,
2024,GA,230.0,Albany Utility Board,SOCO,AC,0.2,,,,0.2,32,,,,32,,,,,0,0,,,,0.0,0,,,,0,,,,,0.0,,,,,0,0.122,,,,0.122,22,,,,22,,,,,0,,,,,0.0,,,,,0,,,,,0,,,,,0,,,,,0,,,,,0,,,,,0,,,,,0,,,,,0,0.2,0,0,0,0.2,32,0,0,0,32,0,0,0,0,0
2024,GA,407.0,Altamaha Electric Member Corp,SOCO,AC,0.375,0.195,,,0.57,44,7,,,51,,,,,0,,,,,0.0,,,,,0,,,,,0.0,,,,,0,,,,,0.0,,,,,0,,,,,0,,,,,0.0,,,,,0,,,,,0,,,,,0,,,,,0,,,,,0,,,,,0,,,,,0,,,,,0,0.375,0.195,0,0,0.57,44,7,0,0,51,0,0,0,0,0
2024,GA,562.0,Amicalola Electric Member Corp,SOCO,AC,1.225,0.449,,,1.674,186,13,,,199,68.007,36.673,,,104.68,,,,,0.0,,,,,0,,,,,0.0,,,,,0,,,,,0.0,,,,,0,,,,,0,,,,,0.0,,,,,0,,,,,0,,,,,0,,,,,0,,,,,0,,,,,0,,,,,0,,,,,0,1.225,0.449,0,0,1.674,186,13,0,0,199,68.007,36.673,0,0,104.68
2024,GA,2487.0,City of Buford,SOCO,DC,0.07,0.012,,,0.082,8,1,,,9,12.07,5.8,,,17.87,,,,,0.0,,,,,0,,,,,0.0,,,,,0,,,,,0.0,,,,,0,,,,,0,,,,,0.0,,,,,0,,,,,0,,,,,0,,,,,0,,,,,0,,,,,0,,,,,0,,,,,0,0.07,0.012,0,0,0.082,8,1,0,0,9,12.07,5.8,0,0,17.87
2024,GA,2812.0,City of Calhoun - (GA),SOCO,AC,0.076,0.081,,,0.157,10,2,,,12,25.78,82.75,,,108.53,,,,,0.0,,,,,0,,,,,0.0,,,,,0,,,,,0.0,,,,,0,,,,,0,,,,,0.0,,,,,0,,,,,0,,,,,0,,,,,0,,,,,0,,,,,0,,,,,0,,,,,0,0.076,0.081,0,0,0.157,10,2,0,0,12,25.78,82.75,0,0,108.53
2024,GA,2903.0,Canoochee Electric Member Corp,SOCO,AC,1.605,,0.425,,2.03,194,,17,,211,,,,,0,,,,,0.0,,,,,0,,,,,0.0,,,,,0,,,,,0.0,,,,,0,,,,,0,,,,,0.0,,,,,0,,,,,0,,,,,0,,,,,0,,,,,0,,,,,0,,,,,0,,,,,0,1.605,0,0.425,0,2.03,194,0,17,0,211,0,0,0,0,0
2024,GA,3081.0,Carroll Electric Member Corp - (GA),SOCO,DC,1.711,0.369,,,2.08,219,4,,,223,,,,,0,,,,,0.0,,,,,0,,,,,0.0,,,,,0,0.664,,,,0.664,79,,,,79,,,,,0,,,,,0.0,,,,,0,,,,,0,,,,,0,,,,,0,,,,,0,,,,,0,,,,,0,,,,,0,1.711,0.369,0,0,2.08,219,4,0,0,223,0,0,0,0,0
2024,GA,3108.0,City of Cartersville - (GA),SOCO,DC,,,0.423,,0.423,,,3,,3,,,,,0,,,,,0.0,,,,,0,,,,,0.0,,,,,0,,,,,0.0,,,,,0,,,,,0,,,,,0.0,,,,,0,,,,,0,,,,,0,,,,,0,,,,,0,,,,,0,,,,,0,,,,,0,0.0,0,0.423,0,0.423,0,0,3,0,3,0,0,0,0,0
2024,GA,3248.0,Central Georgia El Member Corp,SOCO,AC,2.144,0.185,,,2.329,268,12,,,280,849.416,56.902,,,906.318,0,0,,,0.0,0,0,,,0,0.491,0,,,0.491,247,0,,,247,0.389,0.08,,,0.469,67,2,,,69,0.837,0.059,,,0.896,0,0,,,0.0,0,0,,,0,0,0,,,0,,,,,0,,,,,0,,,,,0,,,,,0,,,,,0,,,,,0,2.635,0.185,0,0,2.82,515,12,0,0,527,849.416,56.902,0,0,906.318
2024,GA,3843.0,Coastal Electric Member Corp - (GA),SOCO,AC,1.9,,,,1.9,240,,,,240,,,,,0,2.264,,3.16,,5.424,729,,3,,732,,,,,0.0,,,,,0,,,,,0.0,,,,,0,,,,,0,,,,,0.0,,,,,0,,,,,0,,,,,0,,,,,0,,,,,0,,,,,0,,,,,0,,,,,0,4.164,0,3.16,0,7.324,969,0,3,0,972,0,0,0,0,0
2024,GA,3916.0,Cobb Electric Membership Corp,SOCO,AC,3.883,3.689,,,7.572,598,44,,,642,217.06,66.96,,,284.02,,,,,0.0,,,,,0,,,,,0.0,,,,,0,,1,,,1.0,,1,,,1,,4,,,4,,,,,0.0,,,,,0,,,,,0,,,,,0,,,,,0,,,,,0,,,,,0,,,,,0,,,,,0,3.883,3.689,0,0,7.572,598,44,0,0,642,217.06,66.96,0,0,284.02
2024,GA,4432.0,Coweta-Fayette El Member Corp,SOCO,AC,1.702,0.7,,,2.402,268,3,,,271,854.05,256.8,,,1110.85,,,,,0.0,,,,,0,,,,,0.0,,,,,0,0.821,,,,0.821,103,,,,103,1.03,,,,1.03,,,,,0.0,,,,,0,,,,,0,,,,,0,,,,,0,,,,,0,,,,,0,,,,,0,,,,,0,1.702,0.7,0,0,2.402,268,3,0,0,271,854.05,256.8,0,0,1110.85
2024,GA,4433.0,City of Covington - (GA),SOCO,AC,0.1,,,,0.1,12,,,,12,,,,,0,,,,,0.0,,,,,0,,,,,0.0,,,,,0,,,,,0.0,,,,,0,,,,,0,,,,,0.0,,,,,0,,,,,0,,,,,0,,,,,0,,,,,0,,,,,0,,,,,0,,,,,0,0.1,0,0,0,0.1,12,0,0,0,12,0,0,0,0,0
2024,GA,4538.0,Crisp County Power Comm,SOCO,AC,0.045,0.03,,,0.075,6,1,,,7,31.377,0,,,31.377,,,,,0.0,,,,,0,,,,,0.0,,,,,0,,,,,0.0,,,,,0,,,,,0,,,,,0.0,,,,,0,,,,,0,,,,,0,,,,,0,,,,,0,,,,,0,,,,,0,,,,,0,0.045,0.03,0,0,0.075,6,1,0,0,7,31.377,0,0,0,31.377
2024,GA,5905.0,Excelsior Electric Member Corp,SOCO,AC,0.742,0.07,,,0.812,82,2,,,84,369,8.7,,,377.7,,,,,0.0,,,,,0,,,,,0.0,,,,,0,0.231,,,,0.231,36,,,,36,,,,,0,,,,,0.0,,,,,0,,,,,0,,,,,0,,,,,0,,,,,0,,,,,0,,,,,0,,,,,0,0.742,0.07,0,0,0.812,82,2,0,0,84,369,8.7,0,0,377.7
2024,GA,6411.0,Flint Electric Membership Corp,SOCO,AC,6.194,0.798,,,6.992,619,31,,,650,3161.76,,,,3161.76,,,,,0.0,,,,,0,,,,,0.0,,,,,0,,,,,0.0,,,,,0,,,,,0,,,,,0.0,,,,,0,,,,,0,,,,,0,,,,,0,,,,,0,,,,,0,,,,,0,,,,,0,6.194,0.798,0,0,6.992,619,31,0,0,650,3161.76,0,0,0,3161.76
2024,GA,7090.0,GreyStone Power Corporation,SOCO,DC,3.59,0.485,,,4.075,564,12,,,576,316,,,,316,2,,,,2.0,609,,,,609,,,,,0.0,,,,,0,0.011,0.015,,,0.026,2,1,,,3,0.024,0.038,,,0.062,,,,,0.0,,,,,0,,,,,0,,,,,0,,,,,0,,,,,0,,,,,0,,,,,0,,,,,0,5.59,0.485,0,0,6.075,1173,12,0,0,1185,316,0,0,0,316
2024,GA,7140.0,Georgia Power Co,SOCO,AC,73.363,22.575,2.63,,98.568,11208,477,37,,11722,,,,,0,,,,,0.0,,,,,0,,,,,0.0,,,,,0,,,,,0.0,,,,,0,,,,,0,,,,,0.0,,,,,0,,,,,0,,,,,0,,,,,0,,,,,0,,,,,0,,,,,0,,,,,0,73.363,22.575,2.63,0,98.568,11208,477,37,0,11722,0,0,0,0,0
2024,GA,7450.0,Grady Electric Membership Corp,SOCO,AC,0.72,0.1,,,0.82,72,1,,,73,,,,,0,,,,,0.0,,,,,0,,,,,0.0,,,,,0,,,,,0.0,,,,,0,,,,,0,,,,,0.0,,,,,0,,,,,0,,,,,0,,,,,0,,,,,0,,,,,0,,,,,0,,,,,0,0.72,0.1,0,0,0.82,72,1,0,0,73,0,0,0,0,0
2024,GA,7887.0,Habersham Electric Membership Corp,SOCO,AC,1.04,0.4,,,1.44,130,10,,,140,,,,,0,,,,,0.0,,,,,0,,,,,0.0,,,,,0,,,,,0.0,,,,,0,,,,,0,,,,,0.0,,,,,0,,,,,0,,,,,0,,,,,0,,,,,0,,,,,0,,,,,0,,,,,0,1.04,0.4,0,0,1.44,130,10,0,0,140,0,0,0,0,0
2024,GA,8210.0,Hart Electric Member Corp,SOCO,AC,1.173,0.344,,,1.517,128,6,,,134,0.623,0.216,,,0.839,,,,,0.0,,,,,0,,,,,0.0,,,,,0,,,,,0.0,,,,,0,,,,,0,,,,,0.0,,,,,0,,,,,0,,,,,0,,,,,0,,,,,0,,,,,0,,,,,0,,,,,0,1.173,0.344,0,0,1.517,128,6,0,0,134,0.623,0.216,0,0,0.839
2024,GA,9601.0,Jackson Electric Member Corp - (GA),SOCO,DC,8.573,5.14,,,13.713,1062,32,,,1094,264.359,77.396,,,341.755,,,,,0.0,,,,,0,,,,,0.0,,,,,0,,,,,0.0,,,,,0,,,,,0,,,,,0.0,,,,,0,,,,,0,,,,,0,,,,,0,,,,,0,,,,,0,,,,,0,,,,,0,8.573,5.14,0,0,13.713,1062,32,0,0,1094,264.359,77.396,0,0,341.755
2024,GA,9689.0,Jefferson Electric Member Corp,SOCO,AC,2.364,1.35,,,3.714,178,9,,,187,23,62,,,85,,,,,0.0,,,,,0,,,,,0.0,,,,,0,,,,,0.0,,,,,0,,,,,0,,,,,0.0,,,,,0,,,,,0,,,,,0,,,,,0,,,,,0,,,,,0,,,,,0,,,,,0,2.364,1.35,0,0,3.714,178,9,0,0,187,23,62,0,0,85
2024,GA,10624.0,Southern Rivers Energy,SOCO,AC,1.295,0.322,,,1.617,129,5,,,134,,,,,0,,,,,0.0,,,,,0,,,,,0.0,,,,,0,,,,,0.0,,,,,0,,,,,0,,,,,0.0,,,,,0,,,,,0,,,,,0,,,,,0,,,,,0,0.011,,,,0.011,2,,,,2,,,,,0,1.306,0.322,0,0,1.628,131,5,0,0,136,0,0,0,0,0
2024,GA,10800.0,City of Lawrenceville - (GA),SOCO,AC,0.051,,,,0.051,19,,,,19,0.64,,,,0.64,,,,,0.0,,,,,0,,,,,0.0,,,,,0,,,,,0.0,,,,,0,,,,,0,,,,,0.0,,,,,0,,,,,0,,,,,0,,,,,0,,,,,0,,,,,0,,,,,0,,,,,0,0.051,0,0,0,0.051,19,0,0,0,19,0.64,0,0,0,0.64
2024,GA,11646.0,City of Marietta - (GA),SOCO,AC,0.204,0.107,,,0.311,36,2,,,38,94.358,35.28,,,129.638,,,,,0.0,,,,,0,,,,,0.0,,,,,0,,,,,0.0,,,,,0,,,,,0,,,,,0.0,,,,,0,,,,,0,,,,,0,,,,,0,,,,,0,,,,,0,,,,,0,,,,,0,0.204,0.107,0,0,0.311,36,2,0,0,38,94.358,35.28,0,0,129.638
2024,GA,12706.0,Mitchell Electric Member Corp,SOCO,AC,0.368,0.432,,,0.8,89,12,,,101,,,,,0,,,,,0.0,,,,,0,,,,,0.0,,,,,0,,,,,0.0,,,,,0,,,,,0,,,,,0.0,,,,,0,,,,,0,,,,,0,,,,,0,,,,,0,,,,,0,,,,,0,,,,,0,0.368,0.432,0,0,0.8,89,12,0,0,101,0,0,0,0,0
2024,GA,13962.0,Oconee Electric Member Corp,SOCO,AC,0.275,,,,0.275,39,,,,39,,,,,0,,,,,0.0,,,,,0,,,,,0.0,,,,,0,,,,,0.0,,,,,0,,,,,0,,,,,0.0,,,,,0,,,,,0,,,,,0,,,,,0,,,,,0,,,,,0,,,,,0,,,,,0,0.275,0,0,0,0.275,39,0,0,0,39,0,0,0,0,0
2024,GA,15700.0,Rayle Electric Membership Corp,SOCO,AC,0.632,0.1,,,0.732,82,1,,,83,241.12,39.68,,,280.8,,,,,0.0,,,,,0,,,,,0.0,,,,,0,0.012,,,,0.012,1,,,,1,,,,,0,,,,,0.0,,,,,0,,,,,0,,,,,0,,,,,0,,,,,0,,,,,0,,,,,0,,,,,0,0.632,0.1,0,0,0.732,82,1,0,0,83,241.12,39.68,0,0,280.8
2024,GA,16674.0,Satilla Rural Elec Member Corporation,SOCO,AC,1.094,3.2,,,4.294,117,42,,,159,462,1434,,,1896,1,,,,1.0,194,,,,194,,,,,0.0,,,,,0,,,,,0.0,,,,,0,,,,,0,,,,,0.0,,,,,0,,,,,0,,,,,0,,,,,0,,,,,0,,,,,0,,,,,0,,,,,0,2.094,3.2,0,0,5.294,311,42,0,0,353,462,1434,0,0,1896
2024,GA,16865.0,Sawnee Electric Membership Corporation,SOCO,AC,3.799,1.258,0.899,,5.956,615,35,4,,654,,,,,0,0.402,0.194,,,0.596,248,12,,,260,,,,,0.0,,,,,0,,,,,0.0,,,,,0,,,,,0,,,,,0.0,,,,,0,,,,,0,,,,,0,,,,,0,,,,,0,,,,,0,,,,,0,,,,,0,4.201,1.452,0.899,0,6.552,863,47,4,0,914,0,0,0,0,0
2024,GA,18305.0,Sumter Electric Member Corp,SOCO,AC,0.477,0.804,,,1.281,63,8,,,71,215.9,179.4,,,395.3,,,,,0.0,,,,,0,,,,,0.0,,,,,0,0.321,0.041,,,0.362,22,1,,,23,,,,,0,,,,,0.0,,,,,0,,,,,0,,,,,0,,,,,0,,,,,0,,,,,0,,,,,0,,,,,0,0.477,0.804,0,0,1.281,63,8,0,0,71,215.9,179.4,0,0,395.3
2024,GA,18499.0,Three Notch Elec Member Corp,SEPA,AC,0.381,0.204,,,0.585,49,3,,,52,,,,,0,,,,,0.0,,,,,0,,,,,0.0,,,,,0,,,,,0.0,,,,,0,,,,,0,,,,,0.0,,,,,0,,,,,0,,,,,0,,,,,0,,,,,0,,,,,0,,,,,0,,,,,0,0.381,0.204,0,0,0.585,49,3,0,0,52,0,0,0,0,0
2024,GA,18848.0,City of Thomasville - (GA),SOCO,AC,0.077,0.3,,,0.377,6,2,,,8,,,,,0,,,,,0.0,,,,,0,,,,,0.0,,,,,0,,,,,0.0,,,,,0,,,,,0,,,,,0.0,,,,,0,,,,,0,,,,,0,,,,,0,,,,,0,,,,,0,,,,,0,,,,,0,0.077,0.3,0,0,0.377,6,2,0,0,8,0,0,0,0,0
2024,GA,18956.0,Tri-County Elec Member Corp (GA),SOCO,AC,0.345,,,,0.345,59,,,,59,203.927,,,,203.927,,,,,0.0,,,,,0,,,,,0.0,,,,,0,,,,,0.0,,,,,0,,,,,0,,,,,0.0,,,,,0,,,,,0,,,,,0,,,,,0,,,,,0,,,,,0,,,,,0,,,,,0,0.345,0,0,0,0.345,59,0,0,0,59,203.927,0,0,0,203.927
2024,GA,19219.0,Diverse Power Incorporated,SOCO,AC,0.499,,,,0.499,64,,,,64,246.012,,,,246.012,,,,,0.0,,,,,0,,,,,0.0,,,,,0,,,,,0.0,,,,,0,,,,,0,,,,,0.0,,,,,0,,,,,0,,,,,0,,,,,0,,,,,0,,,,,0,,,,,0,,,,,0,0.499,0,0,0,0.499,64,0,0,0,64,246.012,0,0,0,246.012
2024,GA,20065.0,Walton Electric Member Corp,SOCO,AC,5.677,0.519,0,0,6.196,675,9,,,684,24.525,3.256,,,27.781,6.5,,,,6.5,1777,,,,1777,,,,,0.0,,,,,0,0.951,,,,0.951,63,,,,63,18.453,,,,18.453,,,,,0.0,,,,,0,,,,,0,,,,,0,,,,,0,,,,,0,,,,,0,,,,,0,,,,,0,12.177,0.519,0,0,12.696,2452,9,0,0,2461,24.525,3.256,0,0,27.781
2024,GA,20146.0,Washington Elec Member Corp,SOCO,DC,0.29,,,,0.29,29,,,,29,137.218,,,,137.218,,,,,0.0,,,,,0,,,,,0.0,,,,,0,,,,,0.0,,,,,0,,,,,0,,,,,0.0,,,,,0,,,,,0,,,,,0,,,,,0,,,,,0,,0.075,,,0.075,,1,,,1,,,,,0,0.29,0.075,0,0,0.365,29,1,0,0,30,137.218,0,0,0,137.218
2024,GA,31833.0,Okefenoke Rural El Member Corp,SOCO,AC,1.196,0.056,,,1.252,147,2,,,149,581.69,,,,581.69,1.968,,,,1.968,161,,,,161,,,,,0.0,,,,,0,,,,,0.0,,,,,0,,,,,0,,,,,0.0,,,,,0,,,,,0,,,,,0,,,,,0,,,,,0,,,,,0,,,,,0,,,,,0,3.164,0.056,0,0,3.22,308,2,0,0,310,581.69,0,0,0,581.69
2024,GA,40212.0,Colquitt Electric Membership Corp,SOCO,AC,1.873,0.765,,,2.638,266,9,,,275,1080.955,441.5,,,1522.455,,,,,0.0,,,,,0,,,,,0.0,,,,,0,,,,,0.0,,,,,0,,,,,0,,,,,0.0,,,,,0,,,,,0,,,,,0,,,,,0,,,,,0,,,,,0,,,,,0,,,,,0,1.873,0.765,0,0,2.638,266,9,0,0,275,1080.955,441.5,0,0,1522.455
2024,GA,99999.0,Adjustment 2024,SOCO,,-2.482,-1.047,-0.074,,-3.604,,,,,,,,,,,-0.349,,,,-0.349,,,,,,,,,,0.0,,,,,,-0.118,-0.003,,,-0.12,,,,,,,,,,,,,,,0.0,,,,,,,,,,,,,,,,,,,,,,,,,,,,,,,,,,,,,,,,,-2.831,-1.047,-0.074,,-3.952,,,,,,,,,,
2024,HI,8287.0,Hawaii Electric Light Co Inc,NA,AC,83.702,22.047,1.431,,107.18,14358,745,31,,15134,,,,,0,,,,,0.0,,,,,0,,,,,0.0,,,,,0,18.179,1.354,0.003,,19.536,2371,44,1,,2416,44.162,2.138,0,,46.3,,,,,0.0,,,,,0,,,,,0,0.05,,0.167,,0.217,15,,3,,18,,,,,0,,,0.049,,0.049,,,1,,1,,,,,0,83.752,22.047,1.647,0,107.446,14373,745,35,0,15153,0,0,0,0,0
2024,HI,10071.0,Kauai Island Utility Cooperative,NA,AC,26.68,9.315,0,0,35.995,5917,405,0,0,6322,17365,4469,0,0,21834,0,0,0,0,0.0,0,0,0,0,0,0,0,0,0,0.0,0,0,0,0,0,15.11,1.793,0,0,16.903,2073,44,0,0,2117,38.833,4.55,0,0,43.383,0,0,0,0,0.0,0,0,0,0,0,0,0,0,0,0,0.01,0.001,0,0,0.011,6,1,0,0,7,2.839,0,0,0,2.839,0,0,0,0,0,0,0,0,0,0,0,0,0,0,0,26.69,9.316,0,0,36.006,5923,406,0,0,6329,17367.839,4469,0,0,21836.839
2024,HI,11843.0,Maui Electric Co Ltd,NA,AC,85.014,31.575,,,116.589,13774,1075,,,14849,,,,,0,,,,,0.0,,,,,0,,,,,0.0,,,,,0,17.338,1.527,,,18.865,2060,47,,,2107,44.14,3.922,,,48.062,,,,,0.0,,,,,0,,,,,0,0.021,0.057,,,0.078,7,5,,,12,,,,,0,,,,,0,,,,,0,,,,,0,85.035,31.632,0,0,116.667,13781,1080,0,0,14861,0,0,0,0,0
2024,HI,19547.0,Hawaiian Electric Co Inc,HECO,AC,336.338,68.568,,,404.906,64369,1843,,,66212,,,,,0,,,,,0.0,,,,,0,,,,,0.0,,,,,0,91.669,0.982,,,92.651,11449,36,,,11485,245.02,2.903,,,247.923,,,,,0.0,,,,,0,,,,,0,0.001,0.024,,,0.025,1,3,,,4,,,,,0,,,,,0,,,,,0,,,,,0,336.339,68.592,0,0,404.931,64370,1846,0,0,66216,0,0,0,0,0
2024,IA,554.0,City of Ames - (IA),MISO,AC,0.884,0.756,,,1.64,210,20,,,230,504.483,292.637,,,797.12,0.41,0.262,0.018,,0.69,669,26,1,,696,,,,,0.0,,,,,0,0.133,,,,0.133,14,,,,14,0.8,,,,0.8,,,,,0.0,,,,,0,,,,,0,,,,,0,,,,,0,,,,,0,,,,,0,,,,,0,,,,,0,1.294,1.018,0.018,0,2.33,879,46,1,0,926,504.483,292.637,0,0,797.12
2024,IA,2652.0,Butler County Rural Elec Coop - (IA),SWPP,AC,0.014,,,,0.014,2,,,,2,,,,,0,,,,,0.0,,,,,0,,,,,0.0,,,,,0,,,,,0.0,,,,,0,,,,,0,,,,,0.0,,,,,0,,,,,0,0.014,,,,0.014,2,,,,2,,,,,0,,,,,0,,,,,0,,,,,0,0.028,0,0,0,0.028,4,0,0,0,4,0,0,0,0,0
2024,IA,3203.0,Cedar Falls Utilities,MISO,AC,0.576,0.382,0.1,0,1.058,72,9,1,0,82,1197.309,492.676,109.742,0,1799.727,0.983,0.428,0.089,0,1.5,1188,41,3,0,1232,0,0,0,0,0.0,0,0,0,0,0,0.019,0,0,0,0.019,2,0,0,0,2,0.054,0,0,0,0.054,0,0,0,0,0.0,0,0,0,0,0,0,0,0,0,0,0.002,0,0,0,0.002,1,0,0,0,1,,,,,0,0,0,0,0,0,0,0,0,0,0,,,,,0,1.561,0.81,0.189,0,2.56,1261,50,4,0,1315,1197.309,492.676,109.742,0,1799.727
2024,IA,5588.0,East-Central Iowa Rural Elec Coop,MISO,AC,0.072,0.118,,,0.19,6,3,,,9,10,,,,10,,,,,0.0,,,,,0,,,,,0.0,,,,,0,,,,,0.0,,,,,0,,,,,0,,,,,0.0,,,,,0,,,,,0,0.062,,,,0.062,5,,,,5,20.01,,,,20.01,,,,,0,,,,,0,,,,,0,0.134,0.118,0,0,0.252,11,3,0,0,14,30.01,0,0,0,30.01
2024,IA,5605.0,Eastern Iowa Light & Power Coop,MISO,AC,3.256,2.26,,,5.516,298,80,,,378,,,,,0,,,,,0.0,,,,,0,,,,,0.0,,,,,0,,,,,0.0,,,,,0,,,,,0,,,,,0.0,,,,,0,,,,,0,0.048,0.011,,,0.059,5,2,,,7,,,,,0,,,,,0,,,,,0,,,,,0,3.304,2.271,0,0,5.575,303,82,0,0,385,0,0,0,0,0
2024,IA,8319.0,Heartland Power Coop,MISO,AC,0.036,,,,0.036,4,,,,4,276.264,,906.618,,1182.882,,,1.5,,1.5,,,1,,1,0.852,,,,0.852,145,,,,145,,,,,0.0,,,,,0,,,,,0,,,,,0.0,,,,,0,,,,,0,0.02,,,,0.02,2,,,,2,,,,,0,,,,,0,,,,,0,,,,,0,0.908,0,1.5,0,2.408,151,0,1,0,152,276.264,0,906.618,0,1182.882
2024,IA,9230.0,City of Independence - (IA),MISO,DC,0.033,0.017,0,0,0.05,7,3,0,0,10,0,0,0,0,0,0,0,0,0,0.0,0,0,0,0,0,0,0,0,0,0.0,0,0,0,0,0,,,,,0.0,,,,,0,,,,,0,,,,,0.0,,,,,0,,,,,0,0,0,0,0,0,0,0,0,0,0,0,0,0,0,0,0,0,0,0,0,0,0,0,0,0,0,0,0,0,0,0.033,0.017,0,0,0.05,7,3,0,0,10,0,0,0,0,0
2024,IA,9417.0,Interstate Power and Light Co,MISO,AC,82.574,111.539,1.934,,196.047,10120,3089,15,,13224,,,,,0,,,,,0.0,,,,,0,,,,,0.0,,,,,0,,,,,0.0,,,,,0,,,,,0,,,,,0.0,,,,,0,,,,,0,0.304,3.87,0.01,,4.184,41,60,1,,102,,,,,0,,0.4,,,0.4,,1,,,1,,,,,0,82.878,115.809,1.944,0,200.631,10161,3150,16,0,13327,0,0,0,0,0
2024,IA,9425.0,Iowa Lakes Electric Coop,SWPP,AC,1.055,2.486,,,3.541,53,65,,,118,,,,,0,,,,,0.0,,,,,0,,,,,0.0,,,,,0,,,,,0.0,,,,,0,,,,,0,,,,,0.0,,,,,0,,,,,0,0.036,0.045,,,0.081,4,3,,,7,,,,,0,,,,,0,,,,,0,,,,,0,1.091,2.531,0,0,3.622,57,68,0,0,125,0,0,0,0,0
2024,IA,11053.0,Linn County REC,MISO,AC,5.153,1.092,0.463,,6.708,638,55,6,,699,,,,,0,,,,,0.0,,,,,0,,,,,0.0,,,,,0,,,,,0.0,,,,,0,,,,,0,,,,,0.0,,,,,0,,,,,0,0.03,,0.004,,0.034,2,,1,,3,,,,,0,,,,,0,,,,,0,,,,,0,5.183,1.092,0.467,0,6.742,640,55,7,0,702,0,0,0,0,0
2024,IA,11611.0,City of Maquoketa - (IA),MISO,DC,0.207,0.28,0,0,0.487,8,5,0,0,13,0,0,0,0,0,0,0,0,0,0.0,0,0,0,0,0,0,0,0,0,0.0,0,0,0,0,0,,,,,0.0,,,,,0,,,,,0,,,,,0.0,,,,,0,,,,,0,0,0,0,0,0,0,0,0,0,0,0,0,0,0,0,0,0,0,0,0,0,0,0,0,0,0,0,0,0,0,0.207,0.28,0,0,0.487,8,5,0,0,13,0,0,0,0,0
2024,IA,11788.0,Consumers Energy Coop - (IA),MISO,AC,0.181,,,,0.181,16,,,,16,152.128,,,,152.128,,,,,0.0,,,,,0,,,,,0.0,,,,,0,,,,,0.0,,,,,0,,,,,0,,,,,0.0,,,,,0,,,,,0,0.063,,,,0.063,8,,,,8,30.417,,,,30.417,,,,,0,,,,,0,,,,,0,0.244,0,0,0,0.244,24,0,0,0,24,182.545,0,0,0,182.545
2024,IA,12341.0,MidAmerican Energy Co,MISO,AC,36.813,27.545,7.117,,71.475,4482,585,27,,5094,23797.791,10185.499,896.982,,34880.272,,,,,0.0,,,,,0,,,,,0.0,,,,,0,,,,,0.0,,,,,0,,,,,0,,,,,0.0,,,,,0,,,,,0,0.418,0.75,0.114,,1.282,42,18,2,,62,55.308,37.444,,,92.752,,,2,,2,,,1,,1,,,,,0,37.231,28.295,9.231,0,74.757,4524,603,30,0,5157,23853.099,10222.943,896.982,0,34973.024
2024,IA,12450.0,Midland Power Coop,MISO,AC,0.199,,,,0.199,18,,,,18,,,,,0,,,,,0.0,,,,,0,,,,,0.0,,,,,0,,,,,0.0,,,,,0,,,,,0,,,,,0.0,,,,,0,,,,,0,0.042,,,,0.042,5,,,,5,,,,,0,,,,,0,,,,,0,,,,,0,0.241,0,0,0,0.241,23,0,0,0,23,0,0,0,0,0
2024,IA,13143.0,Board of Water Electric & Communications,MISO,AC,0.2,0.322,1.017,,1.539,26,10,3,,39,,,,,0,,,,,0.0,,,,,0,,,,,0.0,,,,,0,,,,,0.0,,,,,0,,,,,0,,,,,0.0,,,,,0,,,,,0,,,,,0,,,,,0,,,,,0,,,,,0,,,,,0,,,,,0,0.2,0.322,1.017,0,1.539,26,10,3,0,39,0,0,0,0,0
2024,IA,15291.0,Prairie Energy Coop,SWPP,AC,0.021,,0.021,,0.042,3,,1,,4,189.96,,2.04,,192,,,,,0.0,,,,,0,0.139,,,,0.139,10,,,,10,,,,,0.0,,,,,0,,,,,0,,,,,0.0,,,,,0,,,,,0,,,0.02,,0.02,,,1,,1,,,,,0,,,,,0,,,,,0,,,,,0,0.16,0,0.041,0,0.201,13,0,2,0,15,189.96,0,2.04,0,192
2024,IA,15349.0,City of Preston,MISO,DC,0.014,0,0,0,0.014,2,0,0,0,2,0,0,0,0,0,0,0,0,0,0.0,0,0,0,0,0,0,0,0,0,0.0,0,0,0,0,0,,,,,0.0,,,,,0,,,,,0,,,,,0.0,,,,,0,,,,,0,0,0,0,0,0,0,0,0,0,0,0,0,0,0,0,0,0,0,0,0,0,0,0,0,0,0,0,0,0,0,0.014,0,0,0,0.014,2,0,0,0,2,0,0,0,0,0
2024,IA,17260.0,North West Rural Electric Coop,SWPP,AC,0.179,0.076,,,0.255,14,2,,,16,,,,,0,,,,,0.0,,,,,0,,,,,0.0,,,,,0,,,,,0.0,,,,,0,,,,,0,,,,,0.0,,,,,0,,,,,0,0,0,,,0,0,0,,,0,,,,,0,,,,,0,,,,,0,,,,,0,0.179,0.076,0,0,0.255,14,2,0,0,16,0,0,0,0,0
2024,IA,19157.0,MiEnergy Cooperative,MISO,AC,5.073,2.741,,,7.814,413,93,,,506,1686.704,611.353,,,2298.057,,,,,0.0,,,,,0,0.023,,,,0.023,25,,,,25,0.061,,,,0.061,6,,,,6,0.114,,,,0.114,,,,,0.0,,,,,0,,,,,0,0.08,,,,0.08,8,,,,8,15.592,,,,15.592,,,,,0,,,,,0,,,,,0,5.176,2.741,0,0,7.917,446,93,0,0,539,1702.296,611.353,0,0,2313.649
2024,IA,99999.0,Adjustment 2024,MISO,,-0.044,-0.052,0,0,-0.096,,,,,,,,,,,0,0,0,0,0.0,,,,,,0,0,0,0,0.0,,,,,,,,,,0.0,,,,,,,,,,,,,,,0.0,,,,,,,,,,,,,,,,,,,,,,,,,,,,,,,,,,,,,,,,,-0.044,-0.052,0,0,-0.096,,,,,,,,,,
2024,ID,6169.0,Fall River Rural Elec Coop Inc,BPAT,AC,1.637,0.213,,,1.85,182,9,,,191,,,,,0,,,,,0.0,,,,,0,,,,,0.0,,,,,0,,,,,0.0,,,,,0,,,,,0,,,,,0.0,,,,,0,,,,,0,0.003,0,,,0.003,2,0,,,2,0,0,,,0,,,,,0,,,,,0,,,,,0,1.64,0.213,0,0,1.853,184,9,0,0,193,0,0,0,0,0
2024,ID,8699.0,Inland Power & Light Company,BPAT,AC,0.056,,,,0.056,6,,,,6,,,,,0,,,,,0.0,,,,,0,,,,,0.0,,,,,0,,,,,0.0,,,,,0,,,,,0,,,,,0.0,,,,,0,,,,,0,,,,,0,,,,,0,,,,,0,,,,,0,,,,,0,,,,,0,0.056,0,0,0,0.056,6,0,0,0,6,0,0,0,0,0
2024,ID,9187.0,City of Idaho Falls - (ID),PACE,AC,1.53,0.09,0,0,1.62,248,5,0,0,253,0.179,0,0,0,0.179,0,0,0,0,0.0,0,0,0,0,0,0,0,0,0,0.0,0,0,0,0,0,0,0,0,0,0.0,0,0,0,0,0,0,0,0,0,0,0,0,0,0,0.0,0,0,0,0,0,0,0,0,0,0,0,0,0,0,0,0,0,0,0,0,0,0,0,0,0,0,0,0,0,0,0,0,0,0,0,0,0,0,0,0,1.53,0.09,0,0,1.62,248,5,0,0,253,0.179,0,0,0,0.179
2024,ID,9191.0,Idaho Power Co,IPCO,DC,140.507,9.13,21.275,0,170.912,18207,316,230,0,18753,,,,,0,,,,,0.0,,,,,0,,,,,0.0,,,,,0,,,,,0.0,,,,,0,,,,,0,,,,,0.0,,,,,0,,,,,0,0.102,0,0,0,0.102,22,0,0,0,22,,,,,0,0.091,0.07,0,0,0.161,8,3,0,0,11,,,,,0,140.7,9.2,21.275,0,171.175,18237,319,230,0,18786,0,0,0,0,0
2024,ID,10454.0,Kootenai Electric Cooperative,AVA,DC,1.675,,,,1.675,219,,,,219,,,,,0,,,,,0.0,,,,,0,0.052,,,,0.052,50,,,,50,,,,,0.0,,,,,0,,,,,0,,,,,0.0,,,,,0,,,,,0,0.018,,,,0.018,5,,,,5,,,,,0,,,,,0,,,,,0,,,,,0,1.745,0,0,0,1.745,274,0,0,0,274,0,0,0,0,0
2024,ID,11273.0,Lower Valley Energy Inc,BPAT,AC,0.022,,,,0.022,2,,,,2,,,,,0,,,,,0.0,,,,,0,,,,,0.0,,,,,0,,,,,0.0,,,,,0,,,,,0,,,,,0.0,,,,,0,,,,,0,0.002,,,,0.002,1,,,,1,,,,,0,,,,,0,,,,,0,,,,,0,0.024,0,0,0,0.024,3,0,0,0,3,0,0,0,0,0
2024,ID,14354.0,PacifiCorp,PACE,DC,28.471,1.424,0.986,0,30.881,3350,73,14,0,3437,,,,,0,,,,,0.0,,,,,0,,,,,0.0,,,,,0,4.481,0.031,0,0,4.512,465,2,0,0,467,5.971,0.062,0,0,6.033,,,,,0.0,,,,,0,,,,,0,0.222,0.057,0,0,0.279,65,8,0,0,73,,,,,0,0.008,0,0,0,0.008,2,0,0,0,2,,,,,0,28.701,1.481,0.986,0,31.168,3417,81,14,0,3512,0,0,0,0,0
2024,ID,19502.0,"United Electric Co-op, Inc - (ID)",BPAT,AC,0.268,0.118,,,0.386,26,5,,,31,,,,,0,,,,,0.0,,,,,0,,,,,0.0,,,,,0,,,,,0.0,,,,,0,,,,,0,,,,,0.0,,,,,0,,,,,0,,,,,0,,,,,0,,,,,0,,,,,0,,,,,0,,,,,0,0.268,0.118,0,0,0.386,26,5,0,0,31,0,0,0,0,0
2024,ID,20169.0,Avista Corp,AVA,AC,4.372,1.054,,,5.426,659,40,,,699,,,,,0,,,,,0.0,,,,,0,,,,,0.0,,,,,0,,,,,0.0,,,,,0,,,,,0,,,,,0.0,,,,,0,,,,,0,0.013,0.002,,,0.015,5,1,,,6,,,,,0,0.014,0.065,,,0.079,3,1,,,4,,,,,0,4.399,1.121,0,0,5.52,667,42,0,0,709,0,0,0,0,0
2024,ID,99999.0,Adjustment 2024,AVA,,-0.292,,,,-0.292,,,,,,,,,,,,,,,0.0,,,,,,-0.009,,,,-0.009,,,,,,,,,,0.0,,,,,,,,,,,,,,,0.0,,,,,,,,,,,,,,,,,,,,,,,,,,,,,,,,,,,,,,,,,-0.301,,,,-0.301,,,,,,,,,,
2024,ID,99999.0,Adjustment 2024,IPCO,,-24.504,-1.592,-3.71,0,-29.807,,,,,,,,,,,,,,,0.0,,,,,,,,,,0.0,,,,,,,,,,0.0,,,,,,,,,,,,,,,0.0,,,,,,,,,,,,,,,,,,,,,,,,,,,,,,,,,,,,,,,,,-24.504,-1.592,-3.71,0,-29.807,,,,,,,,,,
2024,ID,99999.0,Adjustment 2024,PACE,,-4.965,-0.248,-0.172,0,-5.386,,,,,,,,,,,,,,,0.0,,,,,,,,,,0.0,,,,,,-0.781,-0.005,0,0,-0.787,,,,,,,,,,,,,,,0.0,,,,,,,,,,,,,,,,,,,,,,,,,,,,,,,,,,,,,,,,,-4.965,-0.248,-0.172,0,-5.386,,,,,,,,,,
2024,IL,3931.0,Coles-Moultrie Electric Coop,MISO,DC,1.113,0.767,,,1.88,107,7,,,114,,,,,0,,,,,0.0,,,,,0,,,,,0.0,,,,,0,,,,,0.0,,,,,0,,,,,0,,,,,0.0,,,,,0,,,,,0,0.01,,,,0.01,1,,,,1,,,,,0,,,,,0,,,,,0,,,,,0,1.123,0.767,0,0,1.89,108,7,0,0,115,0,0,0,0,0
2024,IL,4110.0,Commonwealth Edison Co,PJM,AC,479.24,259.22,,,738.46,65704,1548,,,67252,,,,,0,108.36,156.43,,,264.79,24588,7051,,,31639,,,,,0.0,,,,,0,,,,,0.0,,,,,0,,,,,0,,,,,0.0,,,,,0,,,,,0,0.18,2.42,,,2.6,32,12,,,44,,,,,0,,0.375,,,0.375,,1,,,1,,,,,0,587.78,418.445,0,0,1006.225,90324,8612,0,0,98936,0,0,0,0,0
2024,IL,4362.0,Corn Belt Energy Corporation,MISO,AC,8.523,4.1,0,,12.623,689,33,0,,722,,,,,0,,,,,0.0,,,,,0,,,,,0.0,,,,,0,0.103,,,,0.103,17,,,,17,,,,,0,,,,,0.0,,,,,0,,,,,0,,,,,0,,,,,0,,,,,0,,,2.62,,2.62,,,1,,1,,,,,0,8.523,4.1,2.62,0,15.243,689,33,1,0,723,0,0,0,0,0
2024,IL,5535.0,Egyptian Electric Coop Assn,MISO,AC,4.226,,,,4.226,401,,,,401,,,,,0,,,,,0.0,,,,,0,,,,,0.0,,,,,0,,,,,0.0,,,,,0,,,,,0,,,,,0.0,,,,,0,,,,,0,,,,,0,,,,,0,,,,,0,,,,,0,,,,,0,,,,,0,4.226,0,0,0,4.226,401,0,0,0,401,0,0,0,0,0
2024,IL,5585.0,Eastern Illinois Elec Coop,MISO,AC,5,1,,,6.0,455,9,,,464,2754,493,,,3247,,,,,0.0,,,,,0,,,,,0.0,,,,,0,,,,,0.0,,,,,0,,,,,0,,,,,0.0,,,,,0,,,,,0,0.001,0.001,,,0.002,3,1,,,4,0,0,,,0,,,,,0,,,,,0,0,0,,,0,5.001,1.001,0,0,6.002,458,10,0,0,468,2754,493,0,0,3247
2024,IL,7096.0,City of Geneva- (IL),PJM,AC,0.377,0.82,0.75,,1.947,43,3,1,,47,235.5,29.8,293.3,,558.6,,,,,0.0,,,,,0,,,,,0.0,,,,,0,,,,,0.0,,,,,0,,,,,0,,,,,0.0,,,,,0,,,,,0,,,,,0,,,,,0,,,,,0,,,,,0,,,,,0,,,,,0,0.377,0.82,0.75,0,1.947,43,3,1,0,47,235.5,29.8,293.3,0,558.6
2024,IL,9750.0,"Jo-Carroll Energy, Inc",MISO,AC,8.369,0.509,,,8.878,850,33,,,883,,,,,0,,,,,0.0,,,,,0,,,,,0.0,,,,,0,,,,,0.0,,,,,0,,,,,0,,,,,0.0,,,,,0,,,,,0,0.015,,,,0.015,6,,,,6,,,,,0,,,,,0,,,,,0,,,,,0,8.384,0.509,0,0,8.893,856,33,0,0,889,0,0,0,0,0
2024,IL,12341.0,MidAmerican Energy Co,MISO,AC,4.255,5.269,2.18,,11.704,520,86,4,,610,1072.23,967.425,,,2039.655,,,,,0.0,,,,,0,,,,,0.0,,,,,0,,,,,0.0,,,,,0,,,,,0,,,,,0.0,,,,,0,,,,,0,0.004,0.62,,,0.624,2,2,,,4,,,,,0,,,,,0,,,,,0,,,,,0,4.259,5.889,2.18,0,12.328,522,88,4,0,614,1072.23,967.425,0,0,2039.655
2024,IL,12395.0,Menard Electric Coop,MISO,DC,2.499,,,,2.499,258,,,,258,1714,,,,1714,,,,,0.0,,,,,0,,,,,0.0,,,,,0,,,,,0.0,,,,,0,,,,,0,,,,,0.0,,,,,0,,,,,0,0.012,,,,0.012,2,,,,2,6,,,,6,,,,,0,,,,,0,,,,,0,2.511,0,0,0,2.511,260,0,0,0,260,1720,0,0,0,1720
2024,IL,13032.0,Mt Carmel Public Utility Co,MISO,AC,0.587,0.171,,,0.758,48,8,,,56,21,3.27,,,24.27,,,,,0.0,,,,,0,,,,,0.0,,,,,0,,,,,0.0,,,,,0,,,,,0,,,,,0.0,,,,,0,,,,,0,,,,,0,,,,,0,,,,,0,,,,,0,,,,,0,,,,,0,0.587,0.171,0,0,0.758,48,8,0,0,56,21,3.27,0,0,24.27
2024,IL,13208.0,City of Naperville - (IL),PJM,AC,9.378,1.453,0,0,10.831,1018,20,0,0,1038,,,,,0,,,,,0.0,,,,,0,,,,,0.0,,,,,0,,,,,0.0,,,,,0,,,,,0,,,,,0.0,,,,,0,,,,,0,,,,,0,,,,,0,,,,,0,,,,,0,,,,,0,,,,,0,9.378,1.453,0,0,10.831,1018,20,0,0,1038,0,0,0,0,0
2024,IL,13292.0,Norris Electric Coop,MISO,DC,2.675,0.929,,,3.604,206,10,,,216,,,,,0,,,,,0.0,,,,,0,,,,,0.0,,,,,0,,,,,0.0,,,,,0,,,,,0,,,,,0.0,,,,,0,,,,,0,0.022,,,,0.022,2,,,,2,,,,,0,,,,,0,,,,,0,,,,,0,2.697,0.929,0,0,3.626,208,10,0,0,218,0,0,0,0,0
2024,IL,14840.0,City of Peru - (IL),MISO,AC,0.048,0.321,,,0.369,8,3,,,11,,,,,0,,,,,0.0,,,,,0,,,,,0.0,,,,,0,,,,,0.0,,,,,0,,,,,0,,,,,0.0,,,,,0,,,,,0,,,,,0,,,,,0,,,,,0,,,,,0,,,,,0,,,,,0,0.048,0.321,0,0,0.369,8,3,0,0,11,0,0,0,0,0
2024,IL,16179.0,Rochelle Municipal Utilities,PJM,AC,0.18,0.695,,,0.875,19,9,,,28,,,,,0,,,,,0.0,,,,,0,,,,,0.0,,,,,0,0.005,0,0,,0.005,5,,0,,5,,,,,0,,,,,0.0,,,,,0,,,,,0,,,,,0,,,,,0,,,,,0,,,,,0,,,,,0,,,,,0,0.18,0.695,0,0,0.875,19,9,0,0,28,0,0,0,0,0
2024,IL,16196.0,Rock Energy Cooperative,MISO,AC,0.474,,,,0.474,72,,,,72,,,,,0,,,,,0.0,,,,,0,,,,,0.0,,,,,0,,,,,0.0,,,,,0,,,,,0,,,,,0.0,,,,,0,,,,,0,,,,,0,,,,,0,,,,,0,,,,,0,,,,,0,,,,,0,0.474,0,0,0,0.474,72,0,0,0,72,0,0,0,0,0
2024,IL,16740.0,Scenic Rivers Energy Coop,MISO,AC,0.019,,,,0.019,1,,,,1,8.92,,,,8.92,,,,,0.0,,,,,0,,,,,0.0,,,,,0,,,,,0.0,,,,,0,,,,,0,,,,,0.0,,,,,0,,,,,0,,,,,0,,,,,0,,,,,0,,,,,0,,,,,0,,,,,0,0.019,0,0,0,0.019,1,0,0,0,1,8.92,0,0,0,8.92
2024,IL,17040.0,"Shelby Electric Coop, Inc - (IL)",MISO,DC,2.275,,,,2.275,210,,,,210,1.617,,,,1.617,,,,,0.0,,,,,0,,,,,0.0,,,,,0,,,,,0.0,,,,,0,,,,,0,,,,,0.0,,,,,0,,,,,0,0.013,,,,0.013,2,,,,2,,,,,0,,,,,0,,,,,0,,,,,0,2.288,0,0,0,2.288,212,0,0,0,212,1.617,0,0,0,1.617
2024,IL,17585.0,"Southeastern IL Elec Coop, Inc",MISO,AC,3.286,0.222,,,3.508,274,10,,,284,,,,,0,,,,,0.0,,,,,0,,,,,0.0,,,,,0,,,,,0.0,,,,,0,,,,,0,,,,,0.0,,,,,0,,,,,0,,,,,0,,,,,0,,,,,0,,,,,0,,,,,0,,,,,0,3.286,0.222,0,0,3.508,274,10,0,0,284,0,0,0,0,0
2024,IL,17828.0,City of Springfield - (IL),MISO,AC,4.634,5.141,,,9.775,459,52,,,511,,,,,0,,,,,0.0,,,,,0,,,,,0.0,,,,,0,,,,,0.0,,,,,0,,,,,0,,,,,0.0,,,,,0,,,,,0,,,,,0,,,,,0,,,,,0,,,,,0,,,,,0,,,,,0,4.634,5.141,0,0,9.775,459,52,0,0,511,0,0,0,0,0
2024,IL,17860.0,City of St Charles - (IL),PJM,AC,0.298,0.969,1.376,0,2.643,40,5,2,0,47,180.944,38.828,198.771,0,418.543,,,,,0.0,,,,,0,,,,,0.0,,,,,0,0.098,0,0,0,0.098,5,0,0,0,5,0,0,0,0,0,,,,,0.0,,,,,0,,,,,0,,,,,0,,,,,0,,,,,0,,,,,0,,,,,0,,,,,0,0.298,0.969,1.376,0,2.643,40,5,2,0,47,180.944,38.828,198.771,0,418.543
2024,IL,18955.0,"Tri-County Electric Coop, Inc (IL)",MISO,AC,0.83,,,,0.83,95,,,,95,,,,,0,,,,,0.0,,,,,0,,,,,0.0,,,,,0,0.009,,,,0.009,1,,,,1,0.009,,,,0.009,,,,,0.0,,,,,0,,,,,0,,,,,0,,,,,0,,,,,0,,,,,0,,,,,0,,,,,0,0.83,0,0,0,0.83,95,0,0,0,95,0,0,0,0,0
2024,IL,20222.0,Wayne-White Counties Elec Coop,MISO,AC,1.381,,,,1.381,96,,,,96,855.2,,,,855.2,,,,,0.0,,,,,0,,,,,0.0,,,,,0,,,,,0.0,,,,,0,,,,,0,,,,,0.0,,,,,0,,,,,0,,,,,0,,,,,0,,,,,0,,,,,0,,,,,0,,,,,0,1.381,0,0,0,1.381,96,0,0,0,96,855.2,0,0,0,855.2
2024,IL,56697.0,Ameren Illinois Company,MISO,DC,314.974,183.914,,,498.888,31572,2637,,,34209,,,,,0,,,,,0.0,,,,,0,46.886,102.623,,,149.509,8680,2595,,,11275,,,,,0.0,,,,,0,,,,,0,,,,,0.0,,,,,0,,,,,0,0.353,0.126,,,0.479,73,20,,,93,,,,,0,,,,,0,,,,,0,,,,,0,362.213,286.663,0,0,648.876,40325,5252,0,0,45577,0,0,0,0,0
2024,IL,99999.0,Adjustment 2024,MISO,,-56.425,-32.37,,,-88.795,,,,,,,,,,,,,,,0.0,,,,,,-8.177,-17.897,,,-26.074,,,,,,,,,,0.0,,,,,,,,,,,,,,,0.0,,,,,,,,,,,,,,,,,,,,,,,,,,,,,,,,,,,,,,,,,-64.602,-50.268,,,-114.869,,,,,,,,,,
2024,IN,636.0,City of Anderson - (IN),PJM,AC,0.164,,,,0.164,23,,,,23,73,,,,73,,,,,0.0,,,,,0,,,,,0.0,,,,,0,,,,,0.0,,,,,0,,,,,0,,,,,0.0,,,,,0,,,,,0,,,,,0,,,,,0,,,,,0,0.164,,,,0.164,23,,,,23,73,,,,73,0.328,0,0,0,0.328,46,0,0,0,46,146,0,0,0,146
2024,IN,1283.0,Bartholomew County Rural E M C,MISO,AC,0.561,,,,0.561,55,,,,55,,,,,0,,,,,0.0,,,,,0,,,,,0.0,,,,,0,,,,,0.0,,,,,0,,,,,0,,,,,0.0,,,,,0,,,,,0,0.002,,,,0.002,2,,,,2,,,,,0,,,,,0,,,,,0,,,,,0,0.563,0,0,0,0.563,57,0,0,0,57,0,0,0,0,0
2024,IN,4508.0,"Crawfordsville Elec, Lgt & Pwr",MISO,AC,0.091,,,,0.091,15,,,,15,,,,,0,,,,,0.0,,,,,0,,,,,0.0,,,,,0,,,,,0.0,,,,,0,,,,,0,,,,,0.0,,,,,0,,,,,0,,,,,0,,,,,0,,,,,0,,,,,0,,,,,0,,,,,0,0.091,0,0,0,0.091,15,0,0,0,15,0,0,0,0,0
2024,IN,4848.0,Daviess Martin County R E M C,MISO,AC,0.359,0.02,0,0,0.379,37,4,0,0,41,16.148,1.85,0,0,17.998,0,0,0,0,0.0,0,0,0,0,0,0,0,0,0,0.0,0,0,0,0,0,0,0,0,0,0.0,0,0,0,0,0,0,0,0,0,0,0,0,0,0,0.0,0,0,0,0,0,0,0,0,0,0,0.05,0,0,0,0.05,1,0,0,0,1,0,0,0,0,0,0,0,0,0,0,0,0,0,0,0,0,0,0,0,0,0.409,0.02,0,0,0.429,38,4,0,0,42,16.148,1.85,0,0,17.998
2024,IN,4960.0,Decatur County Rural E M C,MISO,AC,1.412,0.014,,,1.426,104,1,,,105,995.137,3.16,,,998.297,,,,,0.0,,,,,0,,,,,0.0,,,,,0,,,,,0.0,,,,,0,,,,,0,,,,,0.0,,,,,0,,,,,0,0.002,,,,0.002,1,,,,1,0,,,,0,,,,,0,,,,,0,,,,,0,1.414,0.014,0,0,1.428,105,1,0,0,106,995.137,3.16,0,0,998.297
2024,IN,5394.0,Dubois Rural Electric Coop Inc,MISO,AC,0.351,0.139,,,0.49,40,3,,,43,142,67,,,209,,,,,0.0,,,,,0,,,,,0.0,,,,,0,,,,,0.0,,,,,0,,,,,0,,,,,0.0,,,,,0,,,,,0,,,,,0,,,,,0,,,,,0,,,,,0,,,,,0,,,,,0,0.351,0.139,0,0,0.49,40,3,0,0,43,142,67,0,0,209
2024,IN,8000.0,NineStar Connect,MISO,AC,,,,,0.0,,,,,0,,,,,0,,,,,0.0,,,,,0,0.36,,,,0.36,12,,,,12,,,,,0.0,,,,,0,,,,,0,,,,,0.0,,,,,0,,,,,0,,,,,0,,,,,0,,,,,0,,,,,0,,,,,0,,,,,0,0.36,0,0,0,0.36,12,0,0,0,12,0,0,0,0,0
2024,IN,8179.0,Harrison County Rural E M C,MISO,AC,0.793,0.255,,,1.048,89,8,,,97,376.522,56.327,,,432.849,,,,,0.0,,,,,0,,,,,0.0,,,,,0,0.222,,,,0.222,31,,,,31,,,,,0,,,,,0.0,,,,,0,,,,,0,,,,,0,,,,,0,,,,,0,,,,,0,,,,,0,,,,,0,0.793,0.255,0,0,1.048,89,8,0,0,97,376.522,56.327,0,0,432.849
2024,IN,8447.0,Hendricks County Rural E M C,MISO,AC,0.814,0.229,,,1.043,96,3,,,99,,,,,0,,,,,0.0,,,,,0,,,,,0.0,,,,,0,0.367,,,,0.367,29,,,,29,,,,,0,,,,,0.0,,,,,0,,,,,0,0.003,,,,0.003,1,,,,1,,,,,0,,,,,0,,,,,0,,,,,0,0.817,0.229,0,0,1.046,97,3,0,0,100,0,0,0,0,0
2024,IN,9273.0,AES Indiana,MISO,AC,7.429,5.219,,,12.648,1019,89,,,1108,,,,,0,,,,,0.0,,,,,0,,,,,0.0,,,,,0,,,,,0.0,,,,,0,,,,,0,,,,,0.0,,,,,0,,,,,0,,0.05,,,0.05,,1,,,1,,,,,0,,,,,0,,,,,0,,,,,0,7.429,5.269,0,0,12.698,1019,90,0,0,1109,0,0,0,0,0
2024,IN,9324.0,Indiana Michigan Power Co,PJM,AC,14.166,19.596,7.832,,41.594,1629,241,27,,1897,9786.612,10381.623,2944.857,,23113.092,,,,,0.0,,,,,0,,,,,0.0,,,,,0,1.647,0.016,0.05,,1.713,332,2,1,,335,4.216,0.025,0.038,,4.279,,,,,0.0,,,,,0,,,,,0,0.096,0.025,0.01,,0.131,23,6,1,,30,9.306,0.001,0,,9.307,0,0.24,0,,0.24,0,1,0,,1,0,,0,,0,14.262,19.861,7.842,0,41.965,1652,248,28,0,1928,9795.918,10381.624,2944.857,0,23122.399
2024,IN,9576.0,Jackson County Rural E M C - (IN),MISO,AC,0.89,,,,0.89,90,,,,90,464,,,,464,,,,,0.0,,,,,0,,,,,0.0,,,,,0,0.072,,,,0.072,15,,,,15,0.288,,,,0.288,,,,,0.0,,,,,0,,,,,0,0.005,,,,0.005,2,,,,2,0.65,,,,0.65,0.002,,,,0.002,2,,,,2,,,,,0,0.897,0,0,0,0.897,94,0,0,0,94,464.65,0,0,0,464.65
2024,IN,9665.0,Jasper County Rural E M C,MISO,AC,0.218,,,,0.218,25,,,,25,66.095,,,,66.095,,,,,0.0,,,,,0,,,,,0.0,,,,,0,,,,,0.0,,,,,0,,,,,0,,,,,0.0,,,,,0,,,,,0,,,,,0,,,,,0,,,,,0,,,,,0,,,,,0,,,,,0,0.218,0,0,0,0.218,25,0,0,0,25,66.095,0,0,0,66.095
2024,IN,9667.0,City of Jasper - (IN),MISO,AC,0.013,0.01,,,0.023,3,1,,,4,,,,,0,,,,,0.0,,,,,0,,,,,0.0,,,,,0,,,,,0.0,,,,,0,,,,,0,,,,,0.0,,,,,0,,,,,0,,,,,0,,,,,0,,,,,0,,,,,0,,,,,0,,,,,0,0.013,0.01,0,0,0.023,3,1,0,0,4,0,0,0,0,0
2024,IN,9778.0,Johnson County Rural E M C,MISO,AC,0.595,0.243,,,0.838,66,3,,,69,0.329,0.361,,,0.69,,,,,0.0,,,,,0,,,,,0.0,,,,,0,,,,,0.0,,,,,0,,,,,0,,,,,0.0,,,,,0,,,,,0,0.005,,,,0.005,2,,,,2,0.001,,,,0.001,,,,,0,,,,,0,,,,,0,0.6,0.243,0,0,0.843,68,3,0,0,71,0.33,0.361,0,0,0.691
2024,IN,10448.0,Kosciusko County Rural E M C,MISO,AC,0.711,,0.031,,0.742,76,,1,,77,417.8,,0,,417.8,,,,,0.0,,,,,0,,,,,0.0,,,,,0,,,,,0.0,,,,,0,,,,,0,,,,,0.0,,,,,0,,,,,0,0.005,,0,,0.005,2,,0,,2,5.995,,0,,5.995,,,,,0,,,,,0,,,,,0,0.716,0,0.031,0,0.747,78,0,1,0,79,423.795,0,0,0,423.795
2024,IN,12377.0,Midwest Energy Cooperative - (MI),PJM,AC,0.035,,,,0.035,3,,,,3,25.906,,,,25.906,,,,,0.0,,,,,0,,,,,0.0,,,,,0,,,,,0.0,,,,,0,,,,,0,,,,,0.0,,,,,0,,,,,0,,,,,0,,,,,0,,,,,0,,,,,0,,,,,0,,,,,0,0.035,0,0,0,0.035,3,0,0,0,3,25.906,0,0,0,25.906
2024,IN,12929.0,South Central Indiana REMC,MISO,AC,3.16,1.366,,,4.526,270,8,,,278,840.55,,,,840.55,,,,,0.0,,,,,0,,,,,0.0,,,,,0,0.841,,,,0.841,111,,,,111,1.334,,,,1.334,,,,,0.0,,,,,0,,,,,0,,,,,0,,,,,0,,,,,0,,,,,0,,,,,0,,,,,0,3.16,1.366,0,0,4.526,270,8,0,0,278,840.55,0,0,0,840.55
2024,IN,13647.0,Noble County R E M C,PJM,AC,0.962,0.094,,,1.056,71,3,,,74,777.197,19.373,,,796.57,,,,,0.0,,,,,0,,,,,0.0,,,,,0,,,,,0.0,,,,,0,,,,,0,,,,,0.0,,,,,0,,,,,0,0.002,,,,0.002,1,,,,1,,,,,0,,,,,0,,,,,0,,,,,0,0.964,0.094,0,0,1.058,72,3,0,0,75,777.197,19.373,0,0,796.57
2024,IN,13756.0,Northern Indiana Pub Serv Co,MISO,AC,12.366,45.148,,,57.514,1420,195,,,1615,9799.843,59714.031,,,69513.874,,,,,0.0,,,,,0,,,,,0.0,,,,,0,,,,,0.0,,,,,0,,,,,0,,,,,0.0,,,,,0,,,,,0,0.095,1.822,,,1.917,24,7,,,31,5.302,812.28,,,817.582,,,,,0,,,,,0,,,,,0,12.461,46.97,0,0,59.431,1444,202,0,0,1646,9805.145,60526.311,0,0,70331.456
2024,IN,14839.0,City of Peru - (IN),MISO,DC,0.096,0.056,,,0.152,15,2,,,17,,,,,0,,,,,0.0,,,,,0,,,,,0.0,,,,,0,,,,,0.0,,,,,0,,,,,0,,,,,0.0,,,,,0,,,,,0,,,,,0,,,,,0,,,,,0,,,,,0,,,,,0,,,,,0,0.096,0.056,0,0,0.152,15,2,0,0,17,0,0,0,0,0
2024,IN,15470.0,"Duke Energy Indiana, LLC",MISO,AC,32.156,57.814,5.487,,95.457,4059,500,13,,4572,,,,,0,,,,,0.0,,,,,0,,,,,0.0,,,,,0,,,,,0.0,,,,,0,,,,,0,,,,,0.0,,,,,0,,,,,0,0.059,2.13,0,,2.189,21,10,0,,31,,,,,0,,,,,0,,,,,0,,,,,0,32.215,59.944,5.487,0,97.646,4080,510,13,0,4603,0,0,0,0,0
2024,IN,15989.0,City of Richmond - (IN),PJM,AC,0.106,,,,0.106,14,,,,14,,,,,0,,,,,0.0,,,,,0,,,,,0.0,,,,,0,,,,,0.0,,,,,0,,,,,0,,,,,0.0,,,,,0,,,,,0,,,,,0,,,,,0,,,,,0,,,,,0,,,,,0,,,,,0,0.106,0,0,0,0.106,14,0,0,0,14,0,0,0,0,0
2024,IN,17038.0,RushShelby Energy,MISO,AC,0.96,0.082,,,1.042,82,2,,,84,,,,,0,,,,,0.0,,,,,0,,,,,0.0,,,,,0,,,,,0.0,,,,,0,,,,,0,,,,,0.0,,,,,0,,,,,0,,,,,0,,,,,0,,,,,0,,,,,0,,,,,0,,,,,0,0.96,0.082,0,0,1.042,82,2,0,0,84,0,0,0,0,0
2024,IN,17599.0,Southeastern Indiana R E M C,MISO,AC,1.413,,,,1.413,151,,,,151,,,,,0,,,,,0.0,,,,,0,,,,,0.0,,,,,0,0.322,,,,0.322,45,,,,45,0.311,,,,0.311,,,,,0.0,,,,,0,,,,,0,,,,,0,,,,,0,,,,,0,,,,,0,,,,,0,,,,,0,1.413,0,0,0,1.413,151,0,0,0,151,0,0,0,0,0
2024,IN,17633.0,Southern Indiana Gas & Elec Co,MISO,AC,8.916,11.101,,,20.017,838,126,,,964,,,,,0,,,,,0.0,,,,,0,,,,,0.0,,,,,0,,,,,0.0,,,,,0,,,,,0,,,,,0.0,,,,,0,,,,,0,0.002,0.002,,,0.004,1,1,,,2,,,,,0,,,,,0,,,,,0,,,,,0,8.918,11.103,0,0,20.021,839,127,0,0,966,0,0,0,0,0
2024,IN,18940.0,Tipmont Rural Elec Member Corp,MISO,AC,1.066,,,,1.066,99,,,,99,,,,,0,,,,,0.0,,,,,0,,,,,0.0,,,,,0,,,,,0.0,,,,,0,,,,,0,,,,,0.0,,,,,0,,,,,0,,,,,0,,,,,0,,,,,0,,,,,0,,,,,0,,,,,0,1.066,0,0,0,1.066,99,0,0,0,99,0,0,0,0,0
2024,IN,19445.0,"Southern Indiana R E C, Inc",MISO,AC,0.561,,,,0.561,52,,,,52,,,,,0,,,,,0.0,,,,,0,,,,,0.0,,,,,0,,,,,0.0,,,,,0,,,,,0,,,,,0.0,,,,,0,,,,,0,,,,,0,,,,,0,,,,,0,,,,,0,,,,,0,,,,,0,0.561,0,0,0,0.561,52,0,0,0,52,0,0,0,0,0
2024,IN,19667.0,Utilities Dist-Western IN REMC,MISO,AC,1.235,0.237,0,0,1.472,146,7,0,0,153,712.733,46.792,0,0,759.525,0,0,0,0,0.0,0,0,0,0,0,0,0,0,0,0.0,0,0,0,0,0,0.382,0,0,0,0.382,53,0,0,0,53,1.105,0,0,0,1.105,0,0,0,0,0.0,0,0,0,0,0,0,0,0,0,0,0.002,0,0,0,0.002,1,0,0,0,1,0,0,0,0,0,0,0,0,0,0,0,0,0,0,0,0,0,0,0,0,1.237,0.237,0,0,1.474,147,7,0,0,154,712.733,46.792,0,0,759.525
2024,IN,20216.0,Whitewater Valley Rural EMC,MISO,AC,0.613,,,,0.613,62,,,,62,,,,,0,,,,,0.0,,,,,0,,,,,0.0,,,,,0,,,,,0.0,,,,,0,,,,,0,,,,,0.0,,,,,0,,,,,0,,,,,0,,,,,0,,,,,0,,,,,0,,,,,0,,,,,0,0.613,0,0,0,0.613,62,0,0,0,62,0,0,0,0,0
2024,IN,20603.0,Northeastern Rural E M C,PJM,AC,0.64,0.15,1.7,0,2.49,49,4,2,0,55,,,,,0,,,,,0.0,,,,,0,,,,,0.0,,,,,0,,,,,0.0,,,,,0,,,,,0,,,,,0.0,,,,,0,,,,,0,,,,,0,,,,,0,,,,,0,,,,,0,,,,,0,,,,,0,0.64,0.15,1.7,0,2.49,49,4,2,0,55,0,0,0,0,0
2024,IN,22822.0,Clark County Rural E M C - (IN),MISO,AC,0.795,,,,0.795,94,,,,94,388.076,,,,388.076,,,,,0.0,,,,,0,,,,,0.0,,,,,0,,,,,0.0,,,,,0,,,,,0,,,,,0.0,,,,,0,,,,,0,0.01,,,,0.01,1,,,,1,2.473,,,,2.473,,,,,0,,,,,0,,,,,0,0.805,0,0,0,0.805,95,0,0,0,95,390.549,0,0,0,390.549
2024,IN,24753.0,Boone County Rural EMC,MISO,DC,1.282,,,,1.282,121,,,,121,842.591,,,,842.591,,,,,0.0,,,,,0,,,,,0.0,,,,,0,,,,,0.0,,,,,0,,,,,0,,,,,0.0,,,,,0,,,,,0,,,,,0,,,,,0,,,,,0,,,,,0,,,,,0,,,,,0,1.282,0,0,0,1.282,121,0,0,0,121,842.591,0,0,0,842.591
2024,IN,25295.0,Western Indiana Energy REMC,MISO,AC,0.553,0.589,,,1.142,53,4,,,57,319.51,19.712,,,339.222,,,,,0.0,,,,,0,,,,,0.0,,,,,0,0.072,,,,0.072,13,,,,13,0.16,,,,0.16,,,,,0.0,,,,,0,,,,,0,,0.015,,,0.015,,1,,,1,,,,,0,,,,,0,,,,,0,,,,,0,0.553,0.604,0,0,1.157,53,5,0,0,58,319.51,19.712,0,0,339.222
2024,IN,27599.0,Carroll-White REMC,MISO,AC,0.763,,,,0.763,79,,,,79,467.542,,,,467.542,,,,,0.0,,,,,0,,,,,0.0,,,,,0,,,,,0.0,,,,,0,,,,,0,,,,,0.0,,,,,0,,,,,0,0.001,,,,0.001,1,,,,1,,,,,0,,,,,0,,,,,0,,,,,0,0.764,0,0,0,0.764,80,0,0,0,80,467.542,0,0,0,467.542
2024,IN,99999.0,Adjustment 2024,MISO,,-0.24,-0.01,,,-0.25,,,,,,,,,,,,,,,0.0,,,,,,,,,,0.0,,,,,,,,,,0.0,,,,,,,,,,,,,,,0.0,,,,,,,,,,,,,,,,,,,,,,,,,,,,,,,,,,,,,,,,,-0.24,-0.01,,,-0.25,,,,,,,,,,
2024,KS,296.0,"Alfalfa Electric Coop, Inc",SWPP,AC,,,,,0.0,,,,,0,,,,,0,,,,,0.0,,,,,0,,,,,0.0,,,,,0,,,,,0.0,,,,,0,,,,,0,,,,,0.0,,,,,0,,,,,0,,,,,0,,,,,0,,,,,0,,0.025,,,0.025,,3,,,3,,,,,0,0.0,0.025,0,0,0.025,0,3,0,0,3,0,0,0,0,0
2024,KS,5860.0,Empire District Electric Co,SWPP,DC,1.322,0.446,0.06,,1.828,130,16,2,,148,3.775,0.687,,,4.462,,,,,0.0,,,,,0,,,,,0.0,,,,,0,,,,,0.0,,,,,0,,,,,0,,,,,0.0,,,,,0,,,,,0,,,,,0,,,,,0,,,,,0,,,,,0,,,,,0,,,,,0,1.322,0.446,0.06,0,1.828,130,16,2,0,148,3.775,0.687,0,0,4.462
2024,KS,9996.0,City of Kansas City - (KS),SWPP,AC,2.267,1.066,0.1,0,3.433,349,21,1,,371,1492.515,211.194,25.92,0,1729.629,,,,,0.0,,,,,0,0.023,0.402,0,0,0.425,23,3,0,0,26,,,,,0.0,,,,,0,,,,,0,,,,,0.0,,,,,0,,,,,0,,,,,0,,,,,0,,,,,0,,,,,0,,,,,0,,,,,0,2.29,1.468,0.1,0,3.858,372,24,1,0,397,1492.515,211.194,25.92,0,1729.629
2024,KS,10000.0,Evergy Metro,SWPP,DC,12.93,1.121,,,14.051,1507,32,,,1539,460.418,23.122,,,483.54,1.852,0.007,,,1.859,487,1,,,488,,,,,0.0,,,,,0,,,,,0.0,,,,,0,,,,,0,,,,,0.0,,,,,0,,,,,0,0.01,0.01,,,0.02,3,1,,,4,0.3,,,,0.3,,,,,0,,,,,0,,,,,0,14.792,1.138,0,0,15.93,1997,34,0,0,2031,460.718,23.122,0,0,483.84
2024,KS,10005.0,"Evergy Kansas South, Inc",SWPP,AC,21.524,5.086,0.175,,26.785,2746,99,6,,2851,1020.507,113.01,2.881,,1136.398,,,,,0.0,,,,,0,0.336,0.198,,,0.534,200,8,,,208,,,,,0.0,,,,,0,,,,,0,,,,,0.0,,,,,0,,,,,0,0.032,0.002,,,0.034,9,1,,,10,0.763,,,,0.763,0.014,,,,0.014,2,,,,2,,,,,0,21.906,5.286,0.175,0,27.367,2957,108,6,0,3071,1021.27,113.01,2.881,0,1137.161
2024,KS,10019.0,FreeState Electric Coop,SWPP,DC,3.84,,,,3.84,436,,,,436,,,,,0,,,,,0.0,,,,,0,,,,,0.0,,,,,0,,,,,0.0,,,,,0,,,,,0,,,,,0.0,,,,,0,,,,,0,0.031,,,,0.031,12,,,,12,,,,,0,,,,,0,,,,,0,,,,,0,3.871,0,0,0,3.871,448,0,0,0,448,0,0,0,0,0
2024,KS,12208.0,City of McPherson - (KS),SWPP,AC,0.088,,,,0.088,15,,,,15,44.464,,,,44.464,,,,,0.0,,,,,0,,,,,0.0,,,,,0,,,,,0.0,,,,,0,,,,,0,,,,,0.0,,,,,0,,,,,0,,,,,0,,,,,0,,,,,0,,,,,0,,,,,0,,,,,0,0.088,0,0,0,0.088,15,0,0,0,15,44.464,0,0,0,44.464
2024,KS,13799.0,Prairie Land Electric Coop Inc,SWPP,AC,0.277,0.04,,,0.317,30,3,,,33,,,,,0,,,,,0.0,,,,,0,,,,,0.0,,,,,0,0.017,,,,0.017,2,,,,2,0.041,,,,0.041,,,,,0.0,,,,,0,,,,,0,0.064,0.103,,,0.167,3,3,,,6,,,,,0,,,,,0,,,,,0,,,,,0,0.341,0.143,0,0,0.484,33,6,0,0,39,0,0,0,0,0
2024,KS,15073.0,"Pioneer Electric Coop, Inc - (KS)",SWPP,AC,0.051,0.149,0.1,0,0.3,25,2,1,0,28,57.928,62.64,60.96,0,181.528,,,,,0.0,,,,,0,,,,,0.0,,,,,0,,,,,0.0,,,,,0,,,,,0,,,,,0.0,,,,,0,,,,,0,0.015,0.04,0,0,0.055,1,2,0,0,3,11.079,18.287,0,0,29.366,,,,,0,,,,,0,,,,,0,0.066,0.189,0.1,0,0.355,26,4,1,0,31,69.007,80.927,60.96,0,210.894
2024,KS,19160.0,"Tri-County Electric Coop, Inc (OK)",SWPP,DC,,,,,0.0,,,,,0,,,,,0,,,,,0.0,,,,,0,0.012,0.019,,,0.031,4,2,,,6,,,,,0.0,,,,,0,,,,,0,,,,,0.0,,,,,0,,,,,0,,,,,0,,,,,0,,,,,0,,,,,0,,,,,0,,,,,0,0.012,0.019,0,0,0.031,4,2,0,0,6,0,0,0,0,0
2024,KS,19820.0,Victory Electric Coop Assn Inc,SWPP,AC,0.577,0.529,,,1.106,93,12,,,105,,,,,0,,,,,0.0,,,,,0,,,,,0.0,,,,,0,,,,,0.0,,,,,0,,,,,0,,,,,0.0,,,,,0,,,,,0,0.01,0.015,,,0.025,2,1,,,3,,,,,0,,,,,0,,,,,0,,,,,0,0.587,0.544,0,0,1.131,95,13,0,0,108,0,0,0,0,0
2024,KS,20476.0,Western Coop Electric Assn Inc,SWPP,DC,0.177,0.176,,,0.353,22,4,,,26,,,,,0,,,,,0.0,,,,,0,,,,,0.0,,,,,0,,,,,0.0,,,,,0,,,,,0,,,,,0.0,,,,,0,,,,,0,0.006,,,,0.006,2,,,,2,,,,,0,,,,,0,,,,,0,,,,,0,0.183,0.176,0,0,0.359,24,4,0,0,28,0,0,0,0,0
2024,KS,20510.0,"Wheatland Electric Coop, Inc",SWPP,AC,0.419,0.25,0,0,0.669,49,11,0,0,60,339.749,125.762,0,0,465.511,0,0,0,0,0.0,0,0,0,0,0,0,0,0,0,0.0,0,0,0,0,0,0,0,0,0,0.0,0,0,0,0,0,0,0,0,0,0,0,0,0,0,0.0,0,0,0,0,0,0,0,0,0,0,0.037,0.052,0,0,0.089,3,4,0,0,7,29.496,84.062,0,0,113.558,0,0,0,0,0,0,0,0,0,0,0,0,0,0,0,0.456,0.302,0,0,0.758,52,15,0,0,67,369.245,209.824,0,0,579.069
2024,KS,22500.0,"Evergy Kansas Central, Inc",SWPP,AC,25.351,8.492,0.259,,34.102,3115,206,4,,3325,1014.13,163.835,,,1177.965,,,,,0.0,,,,,0,0.467,0.018,,,0.485,313,4,,,317,,,,,0.0,,,,,0,,,,,0,,,,,0.0,,,,,0,,,,,0,0.085,0.359,,,0.444,15,11,,,26,2.54,1.755,,,4.295,0.008,0.01,,,0.018,3,1,,,4,0.239,,,,0.239,25.911,8.879,0.259,0,35.049,3446,222,4,0,3672,1016.909,165.59,0,0,1182.499
2024,KS,60839.0,Southern Pioneer Electric Company,SWPP,AC,0.48,0.495,0,0,0.975,66,10,0,0,76,291.185,43.796,0,0,334.981,,,,,0.0,,,,,0,,,,,0.0,,,,,0,,,,,0.0,,,,,0,,,,,0,,,,,0.0,,,,,0,,,,,0,0,0.275,0,0,0.275,0,1,0,0,1,0,0,0,0,0,,,,,0,,,,,0,,,,,0,0.48,0.77,0,0,1.25,66,11,0,0,77,291.185,43.796,0,0,334.981
2024,KS,99999.0,Adjustment 2024,SWPP,,-3.186,-0.304,-0.01,,-3.501,,,,,,,,,,,-0.323,-0.001,,,-0.324,,,,,,-0.002,-0.003,,,-0.005,,,,,,,,,,0.0,,,,,,,,,,,,,,,0.0,,,,,,,,,,,,,,,,,,,,,,,,,,,,,,,,,,,,,,,,,-3.511,-0.309,-0.01,,-3.83,,,,,,,,,,
2024,KY,1708.0,Big Sandy Rural Elec Coop Corp,PJM,AC,0.07,,,,0.07,7,,,,7,,,,,0,0.005,,,,0.005,1,,,,1,,,,,0.0,,,,,0,,,,,0.0,,,,,0,,,,,0,,,,,0.0,,,,,0,,,,,0,,,,,0,,,,,0,,,,,0,,,,,0,,,,,0,,,,,0,0.075,0,0,0,0.075,8,0,0,0,8,0,0,0,0,0
2024,KY,1886.0,Blue Grass Energy Coop Corp,PJM,AC,4.402,,,,4.402,492,,,,492,,,,,0,,,,,0.0,,,,,0,0.097,,,,0.097,56,,,,56,,,,,0.0,,,,,0,,,,,0,,,,,0.0,,,,,0,,,,,0,0.013,,,,0.013,2,,,,2,,,,,0,,,,,0,,,,,0,,,,,0,4.512,0,0,0,4.512,550,0,0,0,550,0,0,0,0,0
2024,KY,3687.0,Clark Energy Coop Inc - (KY),PJM,AC,1.269,,,,1.269,119,,,,119,704,,,,704,,,,,0.0,,,,,0,,,,,0.0,,,,,0,,,,,0.0,,,,,0,,,,,0,,,,,0.0,,,,,0,,,,,0,,,,,0,,,,,0,,,,,0,,,,,0,,,,,0,,,,,0,1.269,0,0,0,1.269,119,0,0,0,119,704,0,0,0,704
2024,KY,4622.0,"Cumberland Valley Electric, Inc.",PJM,AC,0.512,0.221,,,0.733,59,8,,,67,247,186,,,433,,,,,0.0,,,,,0,,,,,0.0,,,,,0,,,,,0.0,,,,,0,,,,,0,,,,,0.0,,,,,0,,,,,0,,,,,0,,,,,0,,,,,0,,,,,0,,,,,0,,,,,0,0.512,0.221,0,0,0.733,59,8,0,0,67,247,186,0,0,433
2024,KY,6194.0,Farmers Rural Electric Coop Corp - (KY),PJM,AC,0.645,,,,0.645,77,,,,77,,,,,0,,,,,0.0,,,,,0,,,,,0.0,,,,,0,0.129,,,,0.129,18,,,,18,,,,,0,,,,,0.0,,,,,0,,,,,0,,,,,0,,,,,0,,,,,0,,,,,0,,,,,0,,,,,0,0.645,0,0,0,0.645,77,0,0,0,77,0,0,0,0,0
2024,KY,6442.0,Fleming-Mason Energy Coop Inc,PJM,AC,0.593,,,,0.593,86,,,,86,,,,,0,,,,,0.0,,,,,0,,,,,0.0,,,,,0,,,,,0.0,,,,,0,,,,,0,,,,,0.0,,,,,0,,,,,0,,,,,0,,,,,0,,,,,0,,,,,0,,,,,0,,,,,0,0.593,0,0,0,0.593,86,0,0,0,86,0,0,0,0,0
2024,KY,6708.0,City of Frankfort - (KY),LGEE,AC,0.704,0.098,,,0.802,86,12,,,98,321.163,459.961,,,781.124,,,,,0.0,,,,,0,,,,,0.0,,,,,0,,,,,0.0,,,,,0,,,,,0,,,,,0.0,,,,,0,,,,,0,,,,,0,,,,,0,,,,,0,,,,,0,,,,,0,,,,,0,0.704,0.098,0,0,0.802,86,12,0,0,98,321.163,459.961,0,0,781.124
2024,KY,7558.0,Grayson Rural Electric Coop Corp,PJM,AC,0.484,0.03,,,0.514,51,1,,,52,303.072,4.64,,,307.712,,,,,0.0,,,,,0,,,,,0.0,,,,,0,,,,,0.0,,,,,0,,,,,0,,,,,0.0,,,,,0,,,,,0,,,,,0,,,,,0,,,,,0,,,,,0,,,,,0,,,,,0,0.484,0.03,0,0,0.514,51,1,0,0,52,303.072,4.64,0,0,307.712
2024,KY,8449.0,Henderson City Utility Comm,MISO,AC,0.035,1.018,0,,1.053,6,29,,,35,,,,,0,,,,,0.0,,,,,0,,,,,0.0,,,,,0,,,,,0.0,,,,,0,,,,,0,,,,,0.0,,,,,0,,,,,0,,,,,0,,,,,0,,,,,0,,,,,0,,,,,0,,,,,0,0.035,1.018,0,0,1.053,6,29,0,0,35,0,0,0,0,0
2024,KY,9292.0,Inter County Energy Coop Corp - (KY),PJM,AC,1.657,,,,1.657,182,,,,182,,,,,0,,,,,0.0,,,,,0,,,,,0.0,,,,,0,,,,,0.0,,,,,0,,,,,0,,,,,0.0,,,,,0,,,,,0,,,,,0,,,,,0,,,,,0,,,,,0,,,,,0,,,,,0,1.657,0,0,0,1.657,182,0,0,0,182,0,0,0,0,0
2024,KY,9575.0,Jackson Energy Coop Corp - (KY),PJM,AC,1.749,0.115,,,1.864,234,7,,,241,,,,,0,,,,,0.0,,,,,0,,,,,0.0,,,,,0,,,,,0.0,,,,,0,,,,,0,,,,,0.0,,,,,0,,,,,0,,,,,0,,,,,0,,,,,0,,,,,0,,,,,0,,,,,0,1.749,0.115,0,0,1.864,234,7,0,0,241,0,0,0,0,0
2024,KY,9605.0,Jackson Purchase Energy Corporation,MISO,AC,0.841,0.231,,,1.072,64,9,,,73,,,,,0,,,,,0.0,,,,,0,,,,,0.0,,,,,0,0.129,,,,0.129,8,,,,8,,,,,0,,,,,0.0,,,,,0,,,,,0,,,,,0,,,,,0,,,,,0,,,,,0,,,,,0,,,,,0,0.841,0.231,0,0,1.072,64,9,0,0,73,0,0,0,0,0
2024,KY,9964.0,Kenergy Corp,MISO,AC,4.968,1.187,0,0,6.155,442,55,0,0,497,26.806,123.72,,,150.526,,,,,0.0,,,,,0,,,,,0.0,,,,,0,,,,,0.0,,,,,0,,,,,0,,,,,0.0,,,,,0,,,,,0,,,,,0,,,,,0,,,,,0,,,,,0,,,,,0,,,,,0,4.968,1.187,0,0,6.155,442,55,0,0,497,26.806,123.72,0,0,150.526
2024,KY,10171.0,Kentucky Utilities Co,LGEE,DC,21.184,4.611,0.086,,25.881,2400,249,4,,2653,11629.454,1963.823,23.058,,13616.335,,,,,0.0,,,,,0,,,,,0.0,,,,,0,1.389,0.215,0.014,,1.618,182,9,1,,192,,,,,0,,,,,0.0,,,,,0,,,,,0,0.009,0.002,,,0.011,4,1,,,5,,0.045,,,0.045,,,0.05,,0.05,,,1,,1,,,,,0,21.193,4.613,0.136,0,25.942,2404,250,5,0,2659,11629.454,1963.868,23.058,0,13616.38
2024,KY,11249.0,Louisville Gas & Electric Co,LGEE,DC,22.709,1.555,0,0,24.264,2947,85,0,0,3032,11097.577,580.385,0,0,11677.962,,,,,0.0,,,,,0,,,,,0.0,,,,,0,0.752,0.02,,,0.772,106,2,,,108,,,,,0,,,,,0.0,,,,,0,,,,,0,0.008,0.006,,,0.014,3,2,,,5,0.212,0.693,,,0.905,,,,,0,,,,,0,,,,,0,22.717,1.561,0,0,24.278,2950,87,0,0,3037,11097.789,581.078,0,0,11678.867
2024,KY,11488.0,Madisonville Municipal Utils,LGEE,AC,0.02,0.06,0,0,0.08,3,2,0,0,5,0,0,0,0,0,0,0,0,0,0.0,0,0,0,0,0,0,0,0,0,0.0,0,0,0,0,0,,,,,0.0,,,,,0,,,,,0,,,,,0.0,,,,,0,,,,,0,,,,,0,,,,,0,,,,,0,,,,,0,,,,,0,,,,,0,0.02,0.06,0,0,0.08,3,2,0,0,5,0,0,0,0,0
2024,KY,12243.0,Meade County Rural E C C,MISO,AC,1.53,0.16,,,1.69,170,4,,,174,,,,,0,,,,,0.0,,,,,0,,,,,0.0,,,,,0,0.215,,,,0.215,27,,,,27,,,,,0,,,,,0.0,,,,,0,,,,,0,,,,,0,,,,,0,,,,,0,,,,,0,,,,,0,,,,,0,1.53,0.16,0,0,1.69,170,4,0,0,174,0,0,0,0,0
2024,KY,13651.0,Nolin Rural Electric Coop Corp,PJM,AC,2.345,0.354,,,2.699,262,14,,,276,1.325,0.178,,,1.503,,,,,0.0,,,,,0,,,,,0.0,,,,,0,0.446,0.007,,,0.453,51,1,,,52,,,,,0,,,,,0.0,,,,,0,,,,,0,,,,,0,,,,,0,,,,,0,,,,,0,,,,,0,,,,,0,2.345,0.354,0,0,2.699,262,14,0,0,276,1.325,0.178,0,0,1.503
2024,KY,14251.0,Owen Electric Coop Inc,PJM,AC,3.451,0.243,,,3.694,433,3,,,436,,,,,0,,,,,0.0,,,,,0,,,,,0.0,,,,,0,,,,,0.0,,,,,0,,,,,0,,,,,0.0,,,,,0,,,,,0,0.001,,,,0.001,1,,,,1,,,,,0,,,,,0,,,,,0,,,,,0,3.452,0.243,0,0,3.695,434,3,0,0,437,0,0,0,0,0
2024,KY,14268.0,City of Owensboro - (KY),LGEE,DC,0.26,1.381,,,1.641,34,17,,,51,142.53,326.58,,,469.11,,,,,0.0,,,,,0,,,,,0.0,,,,,0,,,,,0.0,,,,,0,,,,,0,,,,,0.0,,,,,0,,,,,0,,,,,0,,,,,0,,,,,0,,,,,0,,,,,0,,,,,0,0.26,1.381,0,0,1.641,34,17,0,0,51,142.53,326.58,0,0,469.11
2024,KY,16587.0,Salt River Electric Coop Corp,PJM,AC,2.89,,,,2.89,271,,,,271,1512.5,,,,1512.5,,,,,0.0,,,,,0,,,,,0.0,,,,,0,,,,,0.0,,,,,0,,,,,0,,,,,0.0,,,,,0,,,,,0,,,,,0,,,,,0,,,,,0,,,,,0,,,,,0,,,,,0,2.89,0,0,0,2.89,271,0,0,0,271,1512.5,0,0,0,1512.5
2024,KY,17044.0,"Shelby Energy Coop, Inc - (KY)",PJM,AC,1.77,0.096,,,1.866,165,2,,,167,,,,,0,,,,,0.0,,,,,0,,,,,0.0,,,,,0,0.3,,,,0.3,30,,,,30,,,,,0,,,,,0.0,,,,,0,,,,,0,,,,,0,,,,,0,,,,,0,,,,,0,,,,,0,,,,,0,1.77,0.096,0,0,1.866,165,2,0,0,167,0,0,0,0,0
2024,KY,17564.0,South Kentucky Rural E C C,PJM,AC,1.455,0.279,0.085,0,1.819,154,9,2,0,165,798.7,176.635,29.893,,1005.228,,,,,0.0,,,,,0,,,,,0.0,,,,,0,,,,,0.0,,,,,0,,,,,0,,,,,0.0,,,,,0,,,,,0,,,,,0,,,,,0,,,,,0,,,,,0,,,,,0,,,,,0,1.455,0.279,0.085,0,1.819,154,9,2,0,165,798.7,176.635,29.893,0,1005.228
2024,KY,18498.0,Taylor County Rural E C C,PJM,AC,0.428,,,,0.428,53,,,,53,,,,,0,,,,,0.0,,,,,0,,,,,0.0,,,,,0,,,,,0.0,,,,,0,,,,,0,,,,,0.0,,,,,0,,,,,0,0.001,,,,0.001,1,,,,1,,,,,0,,,,,0,,,,,0,,,,,0,0.429,0,0,0,0.429,54,0,0,0,54,0,0,0,0,0
2024,KY,19446.0,Duke Energy Kentucky,PJM,AC,6.521,0.843,0.017,,7.381,956,21,2,,979,,,,,0,,,,,0.0,,,,,0,,,,,0.0,,,,,0,,,,,0.0,,,,,0,,,,,0,,,,,0.0,,,,,0,,,,,0,,,,,0,,,,,0,,,,,0,,,,,0,,,,,0,,,,,0,6.521,0.843,0.017,0,7.381,956,21,2,0,979,0,0,0,0,0
2024,KY,22053.0,Kentucky Power Co,PJM,AC,2.737,1.175,0.03,,3.942,290,40,1,,331,1688.097,224.106,0,,1912.203,,,,,0.0,,,,,0,,,,,0.0,,,,,0,0.311,0.005,0.01,,0.326,54,1,1,,56,0.811,0.01,0.01,,0.831,,,,,0.0,,,,,0,,,,,0,,,,,0,,,,,0,,,,,0,,,,,0,,,,,0,,,,,0,2.737,1.175,0.03,0,3.942,290,40,1,0,331,1688.097,224.106,0,0,1912.203
2024,KY,49998.0,City of Berea Municipal Utility,LGEE,AC,0.147,0.34,0,0,0.487,26,9,0,0,35,84.246,15.157,0,0,99.403,0,0,0,0,0.0,0,0,0,0,0,0,0,0,0,0.0,0,0,0,0,0,0,0,0,0,0.0,0,0,0,0,0,0,0,0,0,0,0,0,0,0,0.0,0,0,0,0,0,0,0,0,0,0,0,0,0,0,0,0,0,0,0,0,0,0,0,0,0,0,0,0,0,0,0,0,0,0,0,0,0,0,0,0,0.147,0.34,0,0,0.487,26,9,0,0,35,84.246,15.157,0,0,99.403
2024,KY,99999.0,Adjustment 2024,LGEE,,-7.7,-1.316,-0.015,0,-9.031,,,,,,,,,,,,,,,0.0,,,,,,,,,,0.0,,,,,,-0.373,-0.041,-0.002,,-0.417,,,,,,,,,,,,,,,0.0,,,,,,,,,,,,,,,,,,,,,,,,,,,,,,,,,,,,,,,,,-7.7,-1.316,-0.015,0,-9.031,,,,,,,,,,
2024,LA,298.0,City of Alexandria - (LA),MISO,AC,0.208,0.161,,,0.369,23,1,,,24,,,,,0,,,,,0.0,,,,,0,,,,,0.0,,,,,0,,,,,0.0,,,,,0,,,,,0,,,,,0.0,,,,,0,,,,,0,,,,,0,,,,,0,,,,,0,,,,,0,,,,,0,,,,,0,0.208,0.161,0,0,0.369,23,1,0,0,24,0,0,0,0,0
2024,LA,1458.0,"Beauregard Electric Coop, Inc",MISO,AC,3.716,,,,3.716,473,,,,473,,,,,0,,,,,0.0,,,,,0,,,,,0.0,,,,,0,,,,,0.0,,,,,0,,,,,0,,,,,0.0,,,,,0,,,,,0,0.009,,,,0.009,2,,,,2,,,,,0,,,,,0,,,,,0,,,,,0,3.725,0,0,0,3.725,475,0,0,0,475,0,0,0,0,0
2024,LA,3265.0,Cleco Power LLC,MISO,AC,24.947,1.83,,,26.777,4158,139,,,4297,,,,,0,,,,,0.0,,,,,0,,,,,0.0,,,,,0,,,,,0.0,,,,,0,,,,,0,,,,,0.0,,,,,0,,,,,0,0.01,,,,0.01,4,,,,4,,,,,0,,,,,0,,,,,0,,,,,0,24.957,1.83,0,0,26.787,4162,139,0,0,4301,0,0,0,0,0
2024,LA,3641.0,"Claiborne Electric Coop, Inc",MISO,AC,0.801,,,,0.801,111,,,,111,,,,,0,,,,,0.0,,,,,0,,,,,0.0,,,,,0,,,,,0.0,,,,,0,,,,,0,,,,,0.0,,,,,0,,,,,0,,,,,0,,,,,0,,,,,0,,,,,0,,,,,0,,,,,0,0.801,0,0,0,0.801,111,0,0,0,111,0,0,0,0,0
2024,LA,4153.0,"Concordia Electric Coop, Inc",MISO,DC,0.323,,,,0.323,41,,,,41,115.324,,,,115.324,,,,,0.0,,,,,0,,,,,0.0,,,,,0,,,,,0.0,,,,,0,,,,,0,,,,,0.0,,,,,0,,,,,0,,,,,0,,,,,0,,,,,0,,,,,0,,,,,0,,,,,0,0.323,0,0,0,0.323,41,0,0,0,41,115.324,0,0,0,115.324
2024,LA,5202.0,Dixie Electric Membership Corp - (LA),MISO,AC,8.87,0.462,0,0,9.332,1315,34,0,0,1349,3.86,,,,3.86,0,0,0,0,0.0,0,0,0,0,0,0,,,,0.0,0,,,,0,0,0,0,0,0.0,0,0,0,0,0,0,0,0,0,0,0,0,0,0,0.0,0,0,0,0,0,0,0,0,0,0,0,0,0,0,0,0,0,0,0,0,0,0,0,0,0,0,0,0,0,0,0,0,0,0,0,0,0,0,0,0,8.87,0.462,0,0,9.332,1315,34,0,0,1349,3.86,0,0,0,3.86
2024,LA,9096.0,City of Lafayette - (LA),MISO,AC,2.239,0.272,,,2.511,351,27,,,378,1426.148,21.026,,,1447.174,,,,,0.0,,,,,0,,,,,0.0,,,,,0,,,,,0.0,,,,,0,,,,,0,,,,,0.0,,,,,0,,,,,0,,,,,0,,,,,0,,,,,0,,,,,0,,,,,0,,,,,0,2.239,0.272,0,0,2.511,351,27,0,0,378,1426.148,21.026,0,0,1447.174
2024,LA,9682.0,"Jefferson Davis Elec Coop, Inc",MISO,AC,0.65,0.05,,,0.7,82,1,,,83,,,,,0,,,,,0.0,,,,,0,,,,,0.0,,,,,0,,,,,0.0,,,,,0,,,,,0,,,,,0.0,,,,,0,,,,,0,,,,,0,,,,,0,,,,,0,,,,,0,,,,,0,,,,,0,0.65,0.05,0,0,0.7,82,1,0,0,83,0,0,0,0,0
2024,LA,11241.0,Entergy Louisiana LLC,MISO,DC,92.273,7.673,0.107,,100.053,14464,597,6,,15067,,,,,0,,,,,0.0,,,,,0,,,,,0.0,,,,,0,,,,,0.0,,,,,0,,,,,0,,,,,0.0,,,,,0,,,,,0,,,,,0,,,,,0,,,,,0,,,,,0,,,,,0,,,,,0,92.273,7.673,0.107,0,100.053,14464,597,6,0,15067,0,0,0,0,0
2024,LA,13228.0,City of Natchitoches,MISO,AC,0.36,,,,0.36,46,,,,46,,,,,0,,,,,0.0,,,,,0,,,,,0.0,,,,,0,,,,,0.0,,,,,0,,,,,0,,,,,0.0,,,,,0,,,,,0,,,,,0,,,,,0,,,,,0,,,,,0,,,,,0,,,,,0,0.36,0,0,0,0.36,46,0,0,0,46,0,0,0,0,0
2024,LA,13478.0,"Entergy New Orleans, LLC",MISO,DC,57.376,2.521,0.004,,59.901,9832,96,1,,9929,,,,,0,,,,,0.0,,,,,0,,,,,0.0,,,,,0,,,,,0.0,,,,,0,,,,,0,,,,,0.0,,,,,0,,,,,0,,,,,0,,,,,0,,,,,0,,,,,0,,,,,0,,,,,0,57.376,2.521,0.004,0,59.901,9832,96,1,0,9929,0,0,0,0,0
2024,LA,13783.0,Northeast Louisiana Power Coop Inc.,MISO,AC,0.593,0.01,,,0.603,63,1,,,64,,,,,0,,,,,0.0,,,,,0,,,,,0.0,,,,,0,,,,,0.0,,,,,0,,,,,0,,,,,0.0,,,,,0,,,,,0,,,,,0,,,,,0,,,,,0,,,,,0,,,,,0,,,,,0,0.593,0.01,0,0,0.603,63,1,0,0,64,0,0,0,0,0
2024,LA,14424.0,"Panola-Harrison Elec Coop, Inc",SWPP,DC,0.69,,,,0.69,99,,,,99,,,,,0,,,,,0.0,,,,,0,,,,,0.0,,,,,0,,,,,0.0,,,,,0,,,,,0,,,,,0.0,,,,,0,,,,,0,,,,,0,,,,,0,,,,,0,,,,,0,,,,,0,,,,,0,0.69,0,0,0,0.69,99,0,0,0,99,0,0,0,0,0
2024,LA,15175.0,Pointe Coupee Elec Member Corp,MISO,DC,0.512,0.324,,,0.836,69,4,,,73,,,,,0,,,,,0.0,,,,,0,,,,,0.0,,,,,0,,,,,0.0,,,,,0,,,,,0,,,,,0.0,,,,,0,,,,,0,,,,,0,,,,,0,,,,,0,,,,,0,,,,,0,,,,,0,0.512,0.324,0,0,0.836,69,4,0,0,73,0,0,0,0,0
2024,LA,16463.0,City of Ruston - (LA),MISO,AC,0.283,0.019,,,0.302,16,1,,,17,,,,,0,,,,,0.0,,,,,0,,,,,0.0,,,,,0,,,,,0.0,,,,,0,,,,,0,,,,,0.0,,,,,0,,,,,0,,,,,0,,,,,0,,,,,0,,,,,0,,,,,0,,,,,0,0.283,0.019,0,0,0.302,16,1,0,0,17,0,0,0,0,0
2024,LA,17565.0,South Louisiana Elec Coop Assn,MISO,DC,1.528,0.041,,,1.569,186,9,,,195,,,,,0,,,,,0.0,,,,,0,,,,,0.0,,,,,0,,,,,0.0,,,,,0,,,,,0,,,,,0.0,,,,,0,,,,,0,,,,,0,,,,,0,,,,,0,,,,,0,,,,,0,,,,,0,1.528,0.041,0,0,1.569,186,9,0,0,195,0,0,0,0,0
2024,LA,17684.0,Southwest Louisiana E M C,MISO,AC,7.09,,,,7.09,1026,,,,1026,0,,,,0,0,,,,0.0,0,,,,0,0,,,,0.0,0,,,,0,0,,,,0.0,0,,,,0,0,,,,0,0,,,,0.0,0,,,,0,0,,,,0,0.001,,,,0.001,1,,,,1,0,,,,0,0,,,,0,0,,,,0,0,,,,0,7.091,0,0,0,7.091,1027,0,0,0,1027,0,0,0,0,0
2024,LA,17698.0,Southwestern Electric Power Co,SWPP,AC,7.827,0.366,0.006,,8.199,1378,100,1,,1479,2482.227,73.287,3.551,,2559.065,,,,,0.0,,,,,0,,,,,0.0,,,,,0,0.019,,,,0.019,2,,,,2,0.037,,,,0.037,,,,,0.0,,,,,0,,,,,0,,,,,0,,,,,0,,,,,0,,,,,0,,,,,0,,,,,0,7.827,0.366,0.006,0,8.199,1378,100,1,0,1479,2482.227,73.287,3.551,0,2559.065
2024,LA,21567.0,"Washington-St Tammany E C, Inc",MISO,AC,4.182,0.207,,,4.389,684,9,,,693,1.458,0.072,,,1.53,,,,,0.0,,,,,0,,,,,0.0,,,,,0,,,,,0.0,,,,,0,,,,,0,,,,,0.0,,,,,0,,,,,0,,,,,0,,,,,0,,,,,0,,,,,0,,,,,0,,,,,0,4.182,0.207,0,0,4.389,684,9,0,0,693,1.458,0.072,0,0,1.53
2024,LA,99999.0,Adjustment 2024,MISO,,-26.511,-1.841,-0.019,,-28.372,,,,,,,,,,,,,,,0.0,,,,,,,,,,0.0,,,,,,,,,,0.0,,,,,,,,,,,,,,,0.0,,,,,,,,,,,,,,,,,,,,,,,,,,,,,,,,,,,,,,,,,-26.511,-1.841,-0.019,,-28.372,,,,,,,,,,
2024,LA,99999.0,Adjustment 2024,SWPP,,-0.12,,,,-0.12,,,,,,,,,,,,,,,0.0,,,,,,,,,,0.0,,,,,,,,,,0.0,,,,,,,,,,,,,,,0.0,,,,,,,,,,,,,,,,,,,,,,,,,,,,,,,,,,,,,,,,,-0.12,,,,-0.12,,,,,,,,,,
2024,MA,2144.0,Town of Braintree - (MA),ISNE,DC,0.324,1.216,,,1.54,40,10,,,50,,,,,0,,,,,0.0,,,,,0,,,,,0.0,,,,,0,0.007,,,,0.007,1,,,,1,,,,,0,,,,,0.0,,,,,0,,,,,0,,,,,0,,,,,0,,,,,0,0.003,,,,0.003,2,,,,2,,,,,0,0.327,1.216,0,0,1.543,42,10,0,0,52,0,0,0,0,0
2024,MA,3477.0,City of Chicopee - (MA),ISNE,AC,0.318,0.318,1.25,,1.886,47,7,2,,56,,,,,0,,,,,0.0,,,,,0,,,,,0.0,,,,,0,0.021,,,,0.021,1,,,,1,,,,,0,,,,,0.0,,,,,0,,,,,0,,,,,0,,,,,0,,,,,0,,,,,0,,,,,0,,,,,0,0.318,0.318,1.25,0,1.886,47,7,2,0,56,0,0,0,0,0
2024,MA,5480.0,Town of Danvers,ISNE,AC,0.525,0.225,1.531,,2.281,71,2,4,,77,,,,,0,,,,,0.0,,,,,0,,,,,0.0,,,,,0,,,,,0.0,,,,,0,,,,,0,,,,,0.0,,,,,0,,,,,0,,,,,0,,,,,0,,,,,0,,,,,0,,,,,0,,,,,0,0.525,0.225,1.531,0,2.281,71,2,4,0,77,0,0,0,0,0
2024,MA,6374.0,Fitchburg Gas & Elec Light Co,ISNE,AC,22.843,2.163,0.991,,25.997,3445,42,5,,3492,3445.956,362.833,,,3808.789,,5.35,,,5.35,,3,,,3,0.522,5.725,,,6.247,62,32,,,94,0.16,,,,0.16,23,,,,23,0.282,,,,0.282,,,,,0.0,,,,,0,,,,,0,,,,,0,,,,,0,,,,,0,0.002,,,,0.002,2,,,,2,,,,,0,23.367,13.238,0.991,0,37.596,3509,77,5,0,3591,3445.956,362.833,0,0,3808.789
2024,MA,8774.0,City of Holyoke - (MA),ISNE,DC,0.088,0.021,,,0.109,12,3,,,15,,,,,0,,,,,0.0,,,,,0,,,,,0.0,,,,,0,,,,,0.0,,,,,0,,,,,0,,,,,0.0,,,,,0,,,,,0,,,,,0,,,,,0,,,,,0,,,,,0,,,,,0,,,,,0,0.088,0.021,0,0,0.109,12,3,0,0,15,0,0,0,0,0
2024,MA,11085.0,Town of Littleton - (MA),ISNE,AC,0.736,0.493,,,1.229,109,5,,,114,,,,,0,,,,,0.0,,,,,0,,,,,0.0,,,,,0,,,,,0.0,,,,,0,,,,,0,,,,,0.0,,,,,0,,,,,0,,,,,0,,,,,0,,,,,0,,,,,0,,,,,0,,,,,0,0.736,0.493,0,0,1.229,109,5,0,0,114,0,0,0,0,0
2024,MA,11586.0,Town of Mansfield - (MA),ISNE,AC,0.35,,1.832,,2.182,47,,6,,53,,,,,0,,,,,0.0,,,,,0,,,,,0.0,,,,,0,,,,,0.0,,,,,0,,,,,0,,,,,0.0,,,,,0,,,,,0,,,,,0,,,,,0,,,,,0,,,,,0,,,,,0,,,,,0,0.35,0,1.832,0,2.182,47,0,6,0,53,0,0,0,0,0
2024,MA,11804.0,Massachusetts Electric Co,ISNE,AC,685.648,696.026,0.131,,1381.805,104158,2592,8,,106758,,,,,0,,,,,0.0,,,,,0,,,,,0.0,,,,,0,0.53,,,,0.53,81,,,,81,,,,,0,,,,,0.0,,,,,0,,,,,0,0.198,21.187,,,21.385,30,23,,,53,,,,,0,0.169,4.525,,,4.694,66,25,,,91,,,,,0,686.015,721.738,0.131,0,1407.884,104254,2640,8,0,106902,0,0,0,0,0
2024,MA,12473.0,Town of Middleborough - (MA),ISNE,AC,0.963,0.06,,,1.023,117,6,,,123,,,,,0,,,,,0.0,,,,,0,,,,,0.0,,,,,0,,,,,0.0,,,,,0,,,,,0,,,,,0.0,,,,,0,,,,,0,,,,,0,,,,,0,,,,,0,,,,,0,,,,,0,,,,,0,0.963,0.06,0,0,1.023,117,6,0,0,123,0,0,0,0,0
2024,MA,13206.0,Nantucket Electric Co,ISNE,AC,3.105,1.209,,,4.314,278,39,,,317,,,,,0,,,,,0.0,,,,,0,,,,,0.0,,,,,0,,,,,0.0,,,,,0,,,,,0,,,,,0.0,,,,,0,,,,,0,0.001,0.4,,,0.401,1,2,,,3,,,,,0,,,,,0,,,,,0,,,,,0,3.106,1.609,0,0,4.715,279,41,0,0,320,0,0,0,0,0
2024,MA,13679.0,Town of North Attleborough - (MA),ISNE,AC,0.263,0.317,0.674,,1.254,31,2,4,,37,,,,,0,,,,,0.0,,,,,0,,,,,0.0,,,,,0,0.051,,,,0.051,6,,,,6,0.122,,,,0.122,,,,,0.0,,,,,0,,,,,0,,,,,0,,,,,0,,,,,0,,,,,0,,,,,0,,,,,0,0.263,0.317,0.674,0,1.254,31,2,4,0,37,0,0,0,0,0
2024,MA,14605.0,City of Peabody - (MA),ISNE,AC,0.324,0.428,,,0.752,42,5,,,47,,,,,0,,,,,0.0,,,,,0,,,,,0.0,,,,,0,,,,,0.0,,,,,0,,,,,0,,,,,0.0,,,,,0,,,,,0,,,,,0,,,,,0,,,,,0,,,,,0,,,,,0,,,,,0,0.324,0.428,0,0,0.752,42,5,0,0,47,0,0,0,0,0
2024,MA,15748.0,Town of Reading - (MA),ISNE,AC,2.438,2.932,,,5.37,311,25,,,336,1364.511,613.739,,,1978.25,,,,,0.0,,,,,0,,,,,0.0,,,,,0,0.354,0,,,0.354,34,0,,,34,0.41,0,,,0.41,,,,,0.0,,,,,0,,,,,0,,,,,0,,,,,0,,,,,0,,,,,0,,,,,0,,,,,0,2.438,2.932,0,0,5.37,311,25,0,0,336,1364.511,613.739,0,0,1978.25
2024,MA,17127.0,Town of Shrewsbury - (MA),ISNE,AC,1.294,0.157,,,1.451,167,4,,,171,,,,,0,,,,,0.0,,,,,0,,,,,0.0,,,,,0,0.093,,,,0.093,12,,,,12,0.176,,,,0.176,,,,,0.0,,,,,0,,,,,0,,,,,0,,,,,0,,,,,0,,,,,0,,,,,0,,,,,0,1.294,0.157,0,0,1.451,167,4,0,0,171,0,0,0,0,0
2024,MA,18488.0,City of Taunton,ISNE,AC,4.445,7.282,,,11.727,461,37,,,498,,,,,0,,,,,0.0,,,,,0,,,,,0.0,,,,,0,,,,,0.0,,,,,0,,,,,0,,,,,0.0,,,,,0,,,,,0,,,,,0,,,,,0,,,,,0,,,,,0,,,,,0,,,,,0,4.445,7.282,0,0,11.727,461,37,0,0,498,0,0,0,0,0
2024,MA,20310.0,Town of Wellesley - (MA),ISNE,AC,1.203,1.013,,,2.216,164,15,,,179,,,,,0,,,,,0.0,,,,,0,,,,,0.0,,,,,0,,,,,0.0,,,,,0,,,,,0,,,,,0.0,,,,,0,,,,,0,,,,,0,,,,,0,,,,,0,,,,,0,,,,,0,,,,,0,1.203,1.013,0,0,2.216,164,15,0,0,179,0,0,0,0,0
2024,MA,54913.0,NSTAR Electric Company,ISNE,AC,579.848,884.488,34.429,,1498.765,80111,3942,98,,84151,,,,,0,,,,,0.0,,,,,0,,,,,0.0,,,,,0,26.891,128.255,0.28,,155.426,2370,100,1,,2471,,,,,0,,,,,0.0,,,,,0,,,,,0,0.303,51.724,0.003,,52.03,52,58,1,,111,,,,,0,,,,,0,,,,,0,,,,,0,580.151,936.212,34.432,0,1550.795,80163,4000,99,0,84262,0,0,0,0,0
2024,MA,99999.0,Adjustment 2024,ISNE,,-0.072,-0.216,,,-0.288,,,,,,,,,,,,,,,0.0,,,,,,,,,,0.0,,,,,,-0.001,,,,-0.001,,,,,,,,,,,,,,,0.0,,,,,,,,,,,,,,,,,,,,,,,,,,,,,,,,,,,,,,,,,-0.072,-0.216,,,-0.288,,,,,,,,,,
2024,MD,1167.0,Baltimore Gas & Electric Co,PJM,AC,370.779,89.351,0,0,460.13,47527,1056,0,0,48583,,,,,0,0,152.213,0,0,152.213,0,821,0,0,821,0,28.296,0,0,28.296,0,796,0,0,796,,,,,0.0,,,,,0,,,,,0,,,,,0.0,,,,,0,,,,,0,0.079,0.022,0,0,0.101,22,5,0,0,27,,,,,0,,,,,0,,,,,0,,,,,0,370.858,269.882,0,0,640.74,47549,2678,0,0,50227,0,0,0,0,0
2024,MD,3503.0,"Choptank Electric Cooperative, Inc",PJM,AC,14.987,5.662,1.5,,22.149,1379,73,1,,1453,,,,,0,,,2,,2.0,,,2,,2,0.583,8.262,0.3,,9.145,25,36,1,,62,,,,,0.0,,,,,0,,,,,0,,,,,0.0,,,,,0,,,,,0,0.053,,0.3,,0.353,10,,1,,11,,,,,0,,0.03,,,0.03,,1,,,1,,,,,0,15.623,13.954,4.1,0,33.677,1414,110,5,0,1529,0,0,0,0,0
2024,MD,5027.0,Delmarva Power,PJM,AC,62.951,27.02,1.912,,91.883,6701,219,4,,6924,,,,,0,3.01,29.75,4.59,,37.35,2617,501,3,,3121,,,,,0.0,,,,,0,,,,,0.0,,,,,0,,,,,0,,,,,0.0,,,,,0,,,,,0,0.102,0.812,,,0.914,17,4,,,21,,,,,0,,,,,0,,,,,0,,,,,0,66.063,57.582,6.502,0,130.147,9335,724,7,0,10066,0,0,0,0,0
2024,MD,5625.0,Easton Utilities Comm,PJM,AC,0.36,3.31,,,3.67,48,23,,,71,,,,,0,,,,,0.0,,,,,0,,,,,0.0,,,,,0,,,,,0.0,,,,,0,,,,,0,,,,,0.0,,,,,0,,,,,0,,,,,0,,,,,0,,,,,0,,,,,0,,,,,0,,,,,0,0.36,3.31,0,0,3.67,48,23,0,0,71,0,0,0,0,0
2024,MD,7908.0,Hagerstown Light Department,PJM,DC,0.154,0.213,,,0.367,22,4,,,26,,,,,0,,,,,0.0,,,,,0,,,,,0.0,,,,,0,,,,,0.0,,,,,0,,,,,0,,,,,0.0,,,,,0,,,,,0,,,,,0,,,,,0,,,,,0,,,,,0,,,,,0,,,,,0,0.154,0.213,0,0,0.367,22,4,0,0,26,0,0,0,0,0
2024,MD,15263.0,The Potomac Edison Company,PJM,AC,74.531,36.03,17.715,0,128.276,8053,187,14,0,8254,0,0,0,0,0,0,0,0,0,0.0,0,0,0,0,0,1.377,3.296,0,0,4.673,27,17,0,0,44,5.432,0.03,0,0,5.462,336,2,0,0,338,0,0,0,0,0,0,0,0,0,0.0,0,0,0,0,0,0,0,0,0,0,0.095,0.023,0,0,0.118,28,6,0,0,34,0,0,0,0,0,0,0,0,0,0,0,0,0,0,0,0,0,0,0,0,76.003,39.349,17.715,0,133.067,8108,210,14,0,8332,0,0,0,0,0
2024,MD,15270.0,Potomac Electric Power Co,PJM,AC,292.256,60.12,,,352.376,35706,424,,,36130,,,,,0,0,0,,,0.0,0,0,,,0,3.209,12.463,,,15.672,6244,543,,,6787,,,,,0.0,,,,,0,,,,,0,,,,,0.0,,,,,0,,,,,0,0.016,0,,,0.016,1,0,,,1,,,,,0,,,,,0,,,,,0,,,,,0,295.481,72.583,0,0,368.064,41951,967,0,0,42918,0,0,0,0,0
2024,MD,17637.0,Southern Maryland Elec Coop Inc,PJM,AC,82.78,4.867,,,87.647,8992,68,,,9060,48458.027,1702.784,,,50160.811,,,,,0.0,,,,,0,,,,,0.0,,,,,0,1.573,,,,1.573,198,,,,198,3.511,,,,3.511,,,,,0.0,,,,,0,,,,,0,0.02,0.016,,,0.036,3,3,,,6,11.628,1.72,,,13.348,,0.32,,,0.32,,1,,,1,,0,,,0,82.8,5.203,0,0,88.003,8995,72,0,0,9067,48469.655,1704.504,0,0,50174.159
2024,MD,99999.0,Adjustment 2024,PJM,,-0.027,-0.037,,,-0.064,,,,,,,,,,,,,,,0.0,,,,,,,,,,0.0,,,,,,,,,,0.0,,,,,,,,,,,,,,,0.0,,,,,,,,,,,,,,,,,,,,,,,,,,,,,,,,,,,,,,,,,-0.027,-0.037,,,-0.064,,,,,,,,,,
2024,ME,1179.0,Versant Power,ISNE,AC,14.111,27.702,0.026,0,41.839,1961,229,1,0,2191,,,,,0,0,229.786,0,0,229.786,0,10104,0,0,10104,0.755,2.515,0,0,3.27,162,207,0,0,369,0.45,0,0,0,0.45,55,0,0,0,55,0.924,0,0,0,0.924,0,0,0,0,0.0,0,0,0,0,0,0,0,0,0,0,0.336,0.182,0.6,0,1.118,95,17,1,0,113,,,,,0,0,4.355,1.92,0,6.275,0,7,1,0,8,,,,,0,15.202,264.54,2.546,0,282.288,2218,10564,3,0,12785,0,0,0,0,0
2024,ME,3266.0,Central Maine Power Co,ISNE,AC,107.057,723.611,0,0,830.668,12880,1110,0,0,13990,74720.053,838724.411,0,0,913444.464,0,563.03,0,0,563.03,0,51649,0,0,51649,0,28.425,0,0,28.425,0,3328,0,0,3328,0,0,0,0,0.0,0,0,0,0,0,0,0,0,0,0,0,0,0,0,0.0,0,0,0,0,0,0,0,0,0,0,0.516,4.821,0,0,5.337,192,34,0,0,226,85.339,10422.173,0,0,10507.512,0.136,26.993,0,0,27.129,4,32,0,0,36,0,60486.065,0,0,60486.065,107.709,1346.88,0,0,1454.589,13076,56153,0,0,69229,74805.392,909632.649,0,0,984438.041
2024,ME,5609.0,Eastern Maine Electric Coop,NBSO,AC,0.185,0.128,,,0.313,26,4,,,30,,,,,0,,,,,0.0,,,,,0,,,,,0.0,,,,,0,,,,,0.0,,,,,0,,,,,0,,,,,0.0,,,,,0,,,,,0,0.048,,,,0.048,8,,,,8,,,,,0,,,,,0,,,,,0,,,,,0,0.233,0.128,0,0,0.361,34,4,0,0,38,0,0,0,0,0
2024,MI,305.0,Alger-Delta Coop Electric Assn,MISO,DC,0.43,0.03,0,0,0.46,63,3,0,0,66,0,0,0,0,0,0,0,0,0,0.0,0,0,0,0,0,0,0,0,0,0.0,0,0,0,0,0,0.159,,,,0.159,15,,,,15,,,,,0,,,,,0.0,,,,,0,,,,,0,0.109,0.002,0,0,0.111,5,1,0,0,6,0,0,0,0,0,0.003,0,0,0,0.003,1,0,0,0,1,0,0,0,0,0,0.542,0.032,0,0,0.574,69,4,0,0,73,0,0,0,0,0
2024,MI,392.0,Alpena Power Co,MISO,AC,0.106,0.017,,,0.123,12,2,,,14,,,,,0,,,,,0.0,,,,,0,,,,,0.0,,,,,0,,,,,0.0,,,,,0,,,,,0,,,,,0.0,,,,,0,,,,,0,0.038,,,,0.038,15,,,,15,,,,,0,,,,,0,,,,,0,,,,,0,0.144,0.017,0,0,0.161,27,2,0,0,29,0,0,0,0,0
2024,MI,1196.0,Village of Baraga - (MI),MISO,DC,0,0.093,0,0,0.093,0,2,0,0,2,0,0,0,0,0,0,0,0,0,0.0,0,0,0,0,0,0,0,0,0,0.0,0,0,0,0,0,,,,,0.0,,,,,0,,,,,0,,,,,0.0,,,,,0,,,,,0,0,0,0,0,0,0,0,0,0,0,0,0,0,0,0,0,0,0,0,0,0,0,0,0,0,0,0,0,0,0,0.0,0.093,0,0,0.093,0,2,0,0,2,0,0,0,0,0
2024,MI,1366.0,City of Bay City - (MI),MISO,AC,0.095,0.034,0,0,0.129,23,3,,,26,,,,,0,,,,,0.0,,,,,0,,,,,0.0,,,,,0,,,,,0.0,,,,,0,,,,,0,,,,,0.0,,,,,0,,,,,0,,,,,0,,,,,0,,,,,0,,,,,0,,,,,0,,,,,0,0.095,0.034,0,0,0.129,23,3,0,0,26,0,0,0,0,0
2024,MI,3436.0,Cherryland Electric Coop Inc,MISO,AC,1.36,0.13,,,1.49,171,11,,,182,859,53,,,912,,,,,0.0,,,,,0,,,,,0.0,,,,,0,0.04,0.01,,,0.05,44,1,,,45,,,,,0,,,,,0.0,,,,,0,,,,,0,0.02,0.01,,,0.03,6,2,,,8,,,,,0,,,,,0,,,,,0,,,,,0,1.38,0.14,0,0,1.52,177,13,0,0,190,859,53,0,0,912
2024,MI,3828.0,Cloverland Electric Co-op,MISO,AC,0.304,0.298,,,0.602,43,11,,,54,170.28,71.22,,,241.5,,,,,0.0,,,,,0,,,,,0.0,,,,,0,,,,,0.0,,,,,0,,,,,0,,,,,0.0,,,,,0,,,,,0,0.051,0.011,,,0.062,16,3,,,19,4.619,0,,,4.619,0,0.208,,,0.208,0,1,,,1,0,1.509,,,1.509,0.355,0.517,0,0,0.872,59,15,0,0,74,174.899,72.729,0,0,247.628
2024,MI,4254.0,Consumers Energy Co - (MI),MISO,DC,84.675,50.398,0.658,,135.731,10672,758,9,,11439,55054.614,0,0,0,55054.614,,1,,,1.0,,1,,,1,2.83,0.67,,,3.5,2464,28,,,2492,11.191,0.296,,,11.487,1500,23,,,1523,17.674,0.397,,,18.071,,,,,0.0,,,,,0,,,,,0,0.37,0.177,,,0.547,80,17,,,97,,,,,0,,,0.19,,0.19,,,1,,1,,,,,0,87.875,52.245,0.848,0,140.968,13216,804,10,0,14030,55054.614,0,0,0,55054.614
2024,MI,4604.0,City of Crystal Falls,MISO,DC,0.001,0.002,0,0,0.003,1,1,0,0,2,0,0,0,0,0,0,0,0,0,0.0,0,0,0,0,0,0,0,0,0,0.0,0,0,0,0,0,,,,,0.0,,,,,0,,,,,0,,,,,0.0,,,,,0,,,,,0,0,0,0,0,0,0,0,0,0,0,0,0,0,0,0,0,0,0,0,0,0,0,0,0,0,0,0,0,0,0,0.001,0.002,0,0,0.003,1,1,0,0,2,0,0,0,0,0
2024,MI,5109.0,DTE Electric Company,MISO,AC,65.609,16.863,0.844,,83.316,9937,531,31,,10499,,,,,0,,,,,0.0,,,,,0,,,,,0.0,,,,,0,15.6,0.14,,,15.74,2631,9,,,2640,30.421,0.231,,,30.652,,,,,0.0,,,,,0,,,,,0,0.101,0.206,,,0.307,32,30,,,62,,,,,0,0.024,0.065,0.06,,0.149,4,3,1,,8,,,,,0,65.734,17.134,0.904,0,83.772,9973,564,32,0,10569,0,0,0,0,0
2024,MI,7265.0,City of Gladstone,MISO,DC,0.015,0.002,0,0,0.017,3,1,0,0,4,0,0,0,0,0,0,0,0,0,0.0,0,0,0,0,0,0,0,0,0,0.0,0,0,0,0,0,,,,,0.0,,,,,0,,,,,0,,,,,0.0,,,,,0,,,,,0,0,0,0,0,0,0,0,0,0,0,0,0,0,0,0,0,0,0,0,0,0,0,0,0,0,0,0,0,0,0,0.015,0.002,0,0,0.017,3,1,0,0,4,0,0,0,0,0
2024,MI,7483.0,City of Grand Haven - (MI),MISO,AC,0.14,0.204,,,0.344,25,9,,,34,,,,,0,,,,,0.0,,,,,0,,,,,0.0,,,,,0,0.014,0.015,,,0.029,4,1,,,5,0,0,,,0,,,,,0.0,,,,,0,,,,,0,,0.011,,,0.011,,2,,,2,,,,,0,,,,,0,,,,,0,,,,,0,0.14,0.215,0,0,0.355,25,11,0,0,36,0,0,0,0,0
2024,MI,8723.0,City of Holland,MISO,AC,0.132,0.72,,,0.852,27,8,,,35,,,,,0,,,,,0.0,,,,,0,,,,,0.0,,,,,0,,,,,0.0,,,,,0,,,,,0,,,,,0.0,,,,,0,,,,,0,,0.001,,,0.001,,1,,,1,,,,,0,,0.037,,,0.037,,3,,,3,,,,,0,0.132,0.758,0,0,0.89,27,12,0,0,39,0,0,0,0,0
2024,MI,9324.0,Indiana Michigan Power Co,PJM,AC,4.596,1.382,0.258,,6.236,576,55,3,,634,3003.057,989.015,26.8,,4018.872,,,,,0.0,,,,,0,,,,,0.0,,,,,0,0.636,0,0,,0.636,116,0,0,,116,1.595,0,0,,1.595,,,,,0.0,,,,,0,,,,,0,0.022,0.006,0.005,,0.033,6,6,1,,13,0,0,0,,0,,,,,0,,,,,0,,,,,0,4.618,1.388,0.263,0,6.269,582,61,4,0,647,3003.057,989.015,26.8,0,4018.872
2024,MI,10508.0,Village of L'Anse - (MI),MISO,DC,0.002,0.11,0,0,0.112,1,2,0,0,3,0,0,0,0,0,0,0,0,0,0.0,0,0,0,0,0,0,0,0,0,0.0,0,0,0,0,0,,,,,0.0,,,,,0,,,,,0,,,,,0.0,,,,,0,,,,,0,0,0,0,0,0,0,0,0,0,0,0,0,0,0,0,0,0,0,0,0,0,0,0,0,0,0,0,0,0,0,0.002,0.11,0,0,0.112,1,2,0,0,3,0,0,0,0,0
2024,MI,10704.0,City of Lansing - (MI),MISO,DC,2.386,1.371,,,3.757,377,31,,,408,,,,,0,,,,,0.0,,,,,0,,,,,0.0,,,,,0,,,,,0.0,,,,,0,,,,,0,,,,,0.0,,,,,0,,,,,0,,,,,0,,,,,0,,,,,0,,,,,0,,,,,0,,,,,0,2.386,1.371,0,0,3.757,377,31,0,0,408,0,0,0,0,0
2024,MI,11701.0,City of Marquette - (MI),MISO,AC,0.437,0.24,,,0.677,60,14,,,74,126.228,41.292,,,167.52,,,,,0.0,,,,,0,0.116,0.038,,,0.154,121,9,,,130,,,,,0.0,,,,,0,,,,,0,,,,,0.0,,,,,0,,,,,0,0.01,,,,0.01,1,,,,1,,,,,0,,1.05,,,1.05,,2,,,2,,,,,0,0.563,1.328,0,0,1.891,182,25,0,0,207,126.228,41.292,0,0,167.52
2024,MI,12377.0,Midwest Energy Cooperative - (MI),PJM,AC,2.007,,,,2.007,246,,,,246,1201.474,,,,1201.474,,,,,0.0,,,,,0,,,,,0.0,,,,,0,,,,,0.0,,,,,0,,,,,0,,,,,0.0,,,,,0,,,,,0,0.01,,,,0.01,4,,,,4,1.826,,,,1.826,,,,,0,,,,,0,,,,,0,2.017,0,0,0,2.017,250,0,0,0,250,1203.3,0,0,0,1203.3
2024,MI,13352.0,City of Negaunee,MISO,DC,0.018,0.013,0,0,0.031,3,1,0,0,4,0,0,0,0,0,0,0,0,0,0.0,0,0,0,0,0,0,0,0,0,0.0,0,0,0,0,0,,,,,0.0,,,,,0,,,,,0,,,,,0.0,,,,,0,,,,,0,0,0,0,0,0,0,0,0,0,0,0,0,0,0,0,0,0,0,0,0,0,0,0,0,0,0,0,0,0,0,0.018,0.013,0,0,0.031,3,1,0,0,4,0,0,0,0,0
2024,MI,13826.0,City of Norway,MISO,DC,0.015,0.002,0,0,0.017,3,1,0,0,4,0,0,0,0,0,0,0,0,0,0.0,0,0,0,0,0,0,0,0,0,0.0,0,0,0,0,0,,,,,0.0,,,,,0,,,,,0,,,,,0.0,,,,,0,,,,,0,0,0,0,0,0,0,0,0,0,0,0,0,0,0,0,0,0,0,0,0,0,0,0,0,0,0,0,0,0,0,0.015,0.002,0,0,0.017,3,1,0,0,4,0,0,0,0,0
2024,MI,15340.0,Presque Isle Elec & Gas Coop,MISO,DC,0.351,,,,0.351,45,,,,45,185.452,,,,185.452,,,,,0.0,,,,,0,,,,,0.0,,,,,0,,,,,0.0,,,,,0,,,,,0,,,,,0.0,,,,,0,,,,,0,0.06,,,,0.06,13,,,,13,30.101,,,,30.101,,,,,0,,,,,0,,,,,0,0.411,0,0,0,0.411,58,0,0,0,58,215.553,0,0,0,215.553
2024,MI,18252.0,City of Sturgis - (MI),PJM,DC,0.119,,,,0.119,17,,,,17,0.068,,,,0.068,,,,,0.0,,,,,0,,,,,0.0,,,,,0,,,,,0.0,,,,,0,,,,,0,,,,,0.0,,,,,0,,,,,0,,,,,0,,,,,0,,,,,0,,,,,0,,,,,0,,,,,0,0.119,0,0,0,0.119,17,0,0,0,17,0.068,0,0,0,0.068
2024,MI,19125.0,City of Traverse City - (MI),MISO,DC,0.307,0.32,,,0.627,51,15,,,66,181.549,38.273,,,219.822,,,,,0.0,,,,,0,,,,,0.0,,,,,0,,,,,0.0,,,,,0,,,,,0,,,,,0.0,,,,,0,,,,,0,,0.005,,,0.005,,1,,,1,,,,,0,,,,,0,,,,,0,,,,,0,0.307,0.325,0,0,0.632,51,16,0,0,67,181.549,38.273,0,0,219.822
2024,MI,19396.0,Tri-County Electric Coop (MI),MISO,AC,1.57,1.34,0,0,2.91,179,12,0,0,191,1029.98,2387.227,0,0,3417.207,0,0,0,0,0.0,0,0,0,0,0,0,0,0,0,0.0,0,0,0,0,0,0,0,0,0,0.0,0,0,0,0,0,0,0,0,0,0,0,0,0,0,0.0,0,0,0,0,0,0,0,0,0,0,0.013,0,0,0,0.013,4,0,0,0,4,5.8,0,0,0,5.8,,,,,0,,,,,0,,,,,0,1.583,1.34,0,0,2.923,183,12,0,0,195,1035.78,2387.227,0,0,3423.007
2024,MI,19578.0,Upper Peninsula Power Company,MISO,AC,1.757,0.28,,,2.037,266,7,,,273,,,,,0,,,,,0.0,,,,,0,,,,,0.0,,,,,0,,,,,0.0,,,,,0,,,,,0,,,,,0.0,,,,,0,,,,,0,0.076,,,,0.076,20,,,,20,,,,,0,,,,,0,,,,,0,,,,,0,1.833,0.28,0,0,2.113,286,7,0,0,293,0,0,0,0,0
2024,MI,21048.0,Wyandotte Municipal Serv Comm,MISO,AC,0.187,0.263,0.272,,0.722,44,29,2,,75,80.356,50.527,0,130.883,261.766,,,,,0.0,,,,,0,,,,,0.0,,,,,0,,,,,0.0,,,,,0,,,,,0,,,,,0.0,,,,,0,,,,,0,,,,,0,,,,,0,,,,,0,,,,,0,,,,,0,,,,,0,0.187,0.263,0.272,0,0.722,44,29,2,0,75,80.356,50.527,0,130.883,261.766
2024,MI,21158.0,City of Zeeland - (MI),MISO,AC,0.023,,0.051,,0.074,4,,1,,5,13.596,,,,13.596,,,,,0.0,,,,,0,,,,,0.0,,,,,0,,,,,0.0,,,,,0,,,,,0,,,,,0.0,,,,,0,,,,,0,,,,,0,,,,,0,,,,,0,,,,,0,,,,,0,,,,,0,0.023,0,0.051,0,0.074,4,0,1,0,5,13.596,0,0,0,13.596
2024,MI,38084.0,Great Lakes Energy Coop,MISO,AC,3.7,0.299,,,3.999,526,17,,,543,,,,,0,,,,,0.0,,,,,0,0.317,,,,0.317,264,,,,264,,,,,0.0,,,,,0,,,,,0,,,,,0.0,,,,,0,,,,,0,0.137,0.024,,,0.161,27,5,,,32,,,,,0,,,0.4,,0.4,,,1,,1,,,,,0,4.154,0.323,0.4,0,4.877,817,22,1,0,840,0,0,0,0,0
2024,MI,60631.0,Upper Michigan Energy Resources Corp.,MISO,AC,0.474,0.119,0.002,,0.595,81,4,1,,86,,,,,0,,,,,0.0,,,,,0,,,,,0.0,,,,,0,0.046,0.123,,,0.169,6,1,,,7,,,,,0,,,,,0.0,,,,,0,,,,,0,0.023,0.002,,,0.025,5,1,,,6,,,,,0,,,,,0,,,,,0,,,,,0,0.497,0.121,0.002,0,0.62,86,5,1,0,92,0,0,0,0,0
2024,MI,99999.0,Adjustment 2024,MISO,,-15.382,-9.128,-0.115,0,-24.625,,,,,,,,,,,0,-0.174,0,0,-0.174,,,,,,-0.494,-0.117,0,0,-0.61,,,,,,-1.979,-0.052,,,-2.031,,,,,,,,,,,,,,,0.0,,,,,,,,,,,,,,,,,,,,,,,,,,,,,,,,,,,,,,,,,-15.876,-9.42,-0.115,0,-25.41,,,,,,,,,,
2024,MI,99999.0,Adjustment 2024,PJM,,-0.021,,,,-0.021,,,,,,,,,,,,,,,0.0,,,,,,,,,,0.0,,,,,,,,,,0.0,,,,,,,,,,,,,,,0.0,,,,,,,,,,,,,,,,,,,,,,,,,,,,,,,,,,,,,,,,,-0.021,,,,-0.021,,,,,,,,,,
2024,MN,155.0,Agralite Electric Coop,MISO,AC,0.606,,,,0.606,31,,,,31,,,,,0,,,,,0.0,,,,,0,,,,,0.0,,,,,0,,,,,0.0,,,,,0,,,,,0,,,,,0.0,,,,,0,,,,,0,0.234,,,,0.234,12,,,,12,,,,,0,,,,,0,,,,,0,,,,,0,0.84,0,0,0,0.84,43,0,0,0,43,0,0,0,0,0
2024,MN,295.0,City of Alexandria - (MN),MISO,AC,0.125,0.002,,,0.127,14,1,,,15,95.435,0,,,95.435,,,,,0.0,,,,,0,,,,,0.0,,,,,0,,,,,0.0,,,,,0,,,,,0,,,,,0.0,,,,,0,,,,,0,,,,,0,,,,,0,,,,,0,,,1.5,,1.5,,,1,,1,,,7.2,,7.2,0.125,0.002,1.5,0,1.627,14,1,1,0,16,95.435,0,7.2,0,102.635
2024,MN,689.0,Connexus Energy,MISO,AC,11.32,2.346,,,13.666,1280,39,,,1319,,,,,0,,,,,0.0,,,,,0,0.232,0.008,,,0.24,125,4,,,129,,,,,0.0,,,,,0,,,,,0,,,,,0.0,,,,,0,,,,,0,0.059,0.01,,,0.069,5,1,,,6,,,,,0,0.025,,,,0.025,5,,,,5,,,,,0,11.636,2.364,0,0,14.0,1415,44,0,0,1459,0,0,0,0,0
2024,MN,691.0,City of Anoka,MISO,AC,0.38,0.07,,,0.45,50,2,,,52,286.414,43.89,,,330.304,0.03,0,,,0.03,3,0,,,3,,,,,0.0,,,,,0,,,,,0.0,,,,,0,,,,,0,,,,,0.0,,,,,0,,,,,0,,,,,0,,,,,0,,,,,0,,,,,0,,,,,0,,,,,0,0.41,0.07,0,0,0.48,53,2,0,0,55,286.414,43.89,0,0,330.304
2024,MN,1009.0,City of Austin - (MN),MISO,AC,0.239,0.298,,,0.537,30,13,,,43,101.112,35.202,,,136.314,,,,,0.0,,,,,0,,,,,0.0,,,,,0,,,,,0.0,,,,,0,,,,,0,,,,,0.0,,,,,0,,,,,0,,,,,0,,,,,0,,,,,0,,,,,0,,,,,0,,,,,0,0.239,0.298,0,0,0.537,30,13,0,0,43,101.112,35.202,0,0,136.314
2024,MN,1529.0,"Beltrami Electric Coop, Inc",MISO,AC,1.734,0.271,0.038,0,2.043,110,9,1,0,120,962.402,13.938,2.534,0,978.874,,,,,0.0,,,,,0,,,,,0.0,,,,,0,,,,,0.0,,,,,0,,,,,0,,,,,0.0,,,,,0,,,,,0,0.01,0,0,0,0.01,1,0,0,0,1,0,,,,0,,,,,0,,,,,0,,,,,0,1.744,0.271,0.038,0,2.053,111,9,1,0,121,962.402,13.938,2.534,0,978.874
2024,MN,1884.0,BENCO Electric Cooperative,MISO,AC,3.211,0.176,,,3.387,180,5,,,185,,,,,0,,,,,0.0,,,,,0,,,,,0.0,,,,,0,,,,,0.0,,,,,0,,,,,0,,,,,0.0,,,,,0,,,,,0,0.353,0.072,,,0.425,14,2,,,16,,,,,0,,,,,0,,,,,0,,,,,0,3.564,0.248,0,0,3.812,194,7,0,0,201,0,0,0,0,0
2024,MN,3400.0,City of Chaska - (MN),MISO,AC,1.235,0.045,,,1.28,152,2,,,154,951.12,25.6,,,976.72,,,,,0.0,,,,,0,,,,,0.0,,,,,0,,,,,0.0,,,,,0,,,,,0,,,,,0.0,,,,,0,,,,,0,,,,,0,,,,,0,,,,,0,,,,,0,,,,,0,,,,,0,1.235,0.045,0,0,1.28,152,2,0,0,154,951.12,25.6,0,0,976.72
2024,MN,4577.0,Crow Wing Cooperative Power & Light Comp,MISO,AC,1.835,0.505,,,2.34,148,25,,,173,1619,526,,,2145,,,,,0.0,,,,,0,0.136,,,,0.136,100,,,,100,,,,,0.0,,,,,0,,,,,0,,,,,0.0,,,,,0,,,,,0,0.028,0.001,,,0.029,2,1,,,3,21.766,0.081,,,21.847,1.863,0.506,,,2.369,150,26,,,176,1640.766,526.081,,,2166.847,3.862,1.012,0,0,4.874,400,52,0,0,452,3281.532,1052.162,0,0,4333.694
2024,MN,5574.0,East Central Energy,MISO,AC,7.836,0.99,0,0,8.826,615,44,0,0,659,4386.971,525.615,0,0,4912.586,,,,,0.0,,,,,0,,,,,0.0,,,,,0,,,,,0.0,,,,,0,,,,,0,,,,,0.0,,,,,0,,,,,0,0.042,0.042,0,0,0.084,3,3,0,0,6,0,8.888,0,0,8.888,,,,,0,,,,,0,,,,,0,7.878,1.032,0,0,8.91,618,47,0,0,665,4386.971,534.503,0,0,4921.474
2024,MN,5773.0,City of Elk River,MISO,AC,0.867,0.176,,,1.043,103,5,,,108,,,,,0,,,,,0.0,,,,,0,,,,,0.0,,,,,0,,,,,0.0,,,,,0,,,,,0,,,,,0.0,,,,,0,,,,,0,0.03,,,,0.03,3,,,,3,,,,,0,,,,,0,,,,,0,,,,,0,0.897,0.176,0,0,1.073,106,5,0,0,111,0,0,0,0,0
2024,MN,6258.0,Federated Rural Electric Assn,MISO,AC,0.151,0.716,,,0.867,12,19,,,31,,,,,0,,,,,0.0,,,,,0,,,,,0.0,,,,,0,,,,,0.0,,,,,0,,,,,0,,,,,0.0,,,,,0,,,,,0,,0.15,,,0.15,,4,,,4,,,,,0,,,,,0,,,,,0,,,,,0,0.151,0.866,0,0,1.017,12,23,0,0,35,0,0,0,0,0
2024,MN,6782.0,Freeborn Mower Electric Cooperative,MISO,AC,3.218,1.741,,,4.959,144,53,,,197,1754.43,1152.19,,,2906.62,,,,,0.0,,,,,0,,,,,0.0,,,,,0,0.044,,,,0.044,6,,,,6,,,,,0,,,,,0.0,,,,,0,,,,,0,0.188,0.078,,,0.266,6,2,,,8,75.14,40.75,,,115.89,,,,,0,,,,,0,,,,,0,3.406,1.819,0,0,5.225,150,55,0,0,205,1829.57,1192.94,0,0,3022.51
2024,MN,7292.0,Glencoe Light & Power Comm,MISO,AC,0.057,,,,0.057,8,,,,8,27.887,,,,27.887,0,,,,0.0,0,,,,0,0,,,,0.0,0,,,,0,,,,,0.0,,,,,0,,,,,0,,,,,0.0,,,,,0,,,,,0,0.002,,,,0.002,1,,,,1,0,,,,0,0,,,,0,0,,,,0,0,,,,0,0.059,0,0,0,0.059,9,0,0,0,9,27.887,0,0,0,27.887
2024,MN,8319.0,Heartland Power Coop,MISO,AC,0.008,,,,0.008,1,,,,1,,,,,0,,,,,0.0,,,,,0,,,,,0.0,,,,,0,,,,,0.0,,,,,0,,,,,0,,,,,0.0,,,,,0,,,,,0,,,,,0,,,,,0,,,,,0,,,,,0,,,,,0,,,,,0,0.008,0,0,0,0.008,1,0,0,0,1,0,0,0,0,0
2024,MN,9475.0,Itasca-Mantrap Co-op Electrical Assn,MISO,AC,0.544,0.09,,,0.634,44,4,,,48,,,,,0,,,,,0.0,,,,,0,0.045,0.02,,,0.065,41,1,,,42,,,,,0.0,,,,,0,,,,,0,,,,,0.0,,,,,0,,,,,0,,0.02,,,0.02,,1,,,1,,,,,0,,,,,0,,,,,0,,,,,0,0.589,0.13,0,0,0.719,85,6,0,0,91,0,0,0,0,0
2024,MN,10596.0,City of Lake Crystal - (MN),MISO,AC,0.053,0.12,,,0.173,5,3,,,8,,,,,0,,,,,0.0,,,,,0,,,,,0.0,,,,,0,0.009,0.04,,,0.049,1,1,,,2,0.031,0.1,,,0.131,,,,,0.0,,,,,0,,,,,0,,,,,0,,,,,0,,,,,0,,,,,0,,,,,0,,,,,0,0.053,0.12,0,0,0.173,5,3,0,0,8,0,0,0,0,0
2024,MN,10618.0,Lake Region Electric Cooperative - (MN),MISO,AC,1.767,,,,1.767,104,,,,104,1828.092,,,,1828.092,,,,,0.0,,,,,0,,,,,0.0,,,,,0,0.081,,,,0.081,5,,,,5,0.072,,,,0.072,0.007,,,,0.007,1,,,,1,0.012,,,,0.012,0.129,,,,0.129,16,,,,16,31.144,,,,31.144,,,,,0,,,,,0,,,,,0,1.896,0,0,0,1.896,120,0,0,0,120,1859.236,0,0,0,1859.236
2024,MN,10697.0,Lake Country Power,MISO,AC,2.795,0.234,,,3.029,279,16,,,295,,,,,0,,,,,0.0,,,,,0,,,,,0.0,,,,,0,,,,,0.0,,,,,0,,,,,0,,,,,0.0,,,,,0,,,,,0,0.016,,,,0.016,5,,,,5,,,,,0,,,,,0,,,,,0,,,,,0,2.811,0.234,0,0,3.045,284,16,0,0,300,0,0,0,0,0
2024,MN,11731.0,City of Marshall - (MN),MISO,AC,0.052,0.376,0,0,0.428,8,8,0,0,16,5.873,57.48,0,0,63.353,0,0,0,0,0.0,0,0,0,0,0,0,0,0,0,0.0,0,0,0,0,0,0,0,0,0,0.0,0,0,0,0,0,0,0,0,0,0,0,0,0,0,0.0,0,0,0,0,0,0,0,0,0,0,0,0,0,0,0,0,0,0,0,0,0,0,0,0,0,0,0,0,0,0,0,0,0,0,0,0,0,0,0,0,0.052,0.376,0,0,0.428,8,8,0,0,16,5.873,57.48,0,0,63.353
2024,MN,12227.0,Meeker Coop Light & Power Assn,MISO,DC,1.89,0.53,,,2.42,80,3,,,83,1811.297,0,,,1811.297,,,,,0.0,,,,,0,0.039,,,,0.039,36,,,,36,,,,,0.0,,,,,0,,,,,0,,,,,0.0,,,,,0,,,,,0,0.08,,,,0.08,4,,,,4,108.905,,,,108.905,,,,,0,,,,,0,,,,,0,2.009,0.53,0,0,2.539,120,3,0,0,123,1920.202,0,0,0,1920.202
2024,MN,12546.0,Mille Lacs Energy Cooperative,MISO,AC,0.932,0.07,,,1.002,59,6,,,65,0.717,,,,0.717,,,,,0.0,,,,,0,,,,,0.0,,,,,0,0.016,,,,0.016,2,,,,2,,,,,0,,,,,0.0,,,,,0,,,,,0,,0.001,,,0.001,,1,,,1,,,,,0,,,,,0,,,,,0,,,,,0,0.932,0.071,0,0,1.003,59,7,0,0,66,0.717,0,0,0,0.717
2024,MN,12647.0,"ALLETE, Inc.",MISO,AC,9.589,8.987,0.02,0,18.596,1014,191,1,0,1206,3422.875,1025.631,0,0,4448.506,,,,,0.0,,,,,0,0.518,0.522,0,0,1.04,95,3,0,0,98,0.554,0.006,0,0,0.56,30,1,0,0,31,,,,,0,,,,,0.0,,,,,0,,,,,0,0.072,0.093,0,0,0.165,7,7,0,0,14,,,,,0,,,,,0,,,,,0,,,,,0,10.179,9.602,0.02,0,19.801,1116,201,1,0,1318,3422.875,1025.631,0,0,4448.506
2024,MN,12651.0,Minnesota Valley Electric Coop,MISO,AC,4.706,0.922,,,5.628,426,16,,,442,5459.297,978.853,,,6438.15,,,,,0.0,,,,,0,,,,,0.0,,,,,0,0.17,0.133,,,0.303,19,1,,,20,,,,,0,,,,,0.0,,,,,0,,,,,0,0.134,0.1,,,0.234,7,3,,,10,51.94,57.686,,,109.626,,,,,0,,,,,0,,,,,0,4.84,1.022,0,0,5.862,433,19,0,0,452,5511.237,1036.539,0,0,6547.776
2024,MN,12894.0,City of Moorhead - (MN),SWPP,AC,0.205,0.077,0.485,0,0.767,24,2,10,0,36,0,0,0,0,0,0,0,0,0,0.0,0,0,0,0,0,0,0,0,0,0.0,0,0,0,0,0,0,0,0,0,0.0,0,0,0,0,0,0,0,0,0,0,0,0,0,0,0.0,0,0,0,0,0,0,0,0,0,0,0,0,0,0,0,0,0,0,0,0,0,0,0,0,0,0,0,0,0,0,0,0,0,0,0,0,0,0,0,0,0.205,0.077,0.485,0,0.767,24,2,10,0,36,0,0,0,0,0
2024,MN,13781.0,Northern States Power Co - Minnesota,MISO,DC,100.654,69.377,18.264,,188.295,13411,1393,229,,15033,,,,,0,,,,,0.0,,,,,0,,,,,0.0,,,,,0,,,,,0.0,,,,,0,,,,,0,,,,,0.0,,,,,0,,,,,0,,,,,0,,,,,0,,,,,0,,,,,0,,,,,0,,,,,0,100.654,69.377,18.264,0,188.295,13411,1393,229,0,15033,0,0,0,0,0
2024,MN,14232.0,Otter Tail Power Co,MISO,AC,0.885,2.047,0,0,2.932,71,40,0,0,111,28.457,6.533,0,0,34.99,0,0,0,0,0.0,0,0,0,0,0,0,0,0,0,0.0,0,0,0,0,0,0,0,0,0,0.0,0,0,0,0,0,0,0,0,0,0,0,0,0,0,0.0,0,0,0,0,0,0,0,0,0,0,0.027,0.174,0,0,0.201,2,7,0,0,9,0.9,0,0,0,0.9,0,0.035,0,0,0.035,0,1,0,0,1,0,0,0,0,0,0.912,2.256,0,0,3.168,73,48,0,0,121,29.357,6.533,0,0,35.89
2024,MN,14246.0,City of Owatonna - (MN),MISO,AC,0.617,0.038,0,0,0.655,75,1,0,0,76,180.2,0.96,0,0,181.16,0,0,0,0,0.0,0,0,0,0,0,0,0,0,0,0.0,0,0,0,0,0,0,0,0,0,0.0,0,0,0,0,0,0,0,0,0,0,0,0,0,0,0.0,0,0,0,0,0,0,0,0,0,0,0,0,0,0,0,0,0,0,0,0,0,0,0,0,0,0,0,0,0,0,0,0,0,0,0,0,0,0,0,0,0.617,0.038,0,0,0.655,75,1,0,0,76,180.2,0.96,0,0,181.16
2024,MN,14468.0,People's Cooperative Services,MISO,AC,4.723,1.448,0,0,6.171,276,49,0,0,325,4876.26,1279.177,0,0,6155.437,0,0,0,0,0.0,0,0,0,0,0,0.25,0,0,0,0.25,148,0,0,0,148,0,0,0,0,0.0,0,0,0,0,0,0,0,0,0,0,0,0,0,0,0.0,0,0,0,0,0,0,0,0,0,0,0.07,0.099,0,0,0.169,4,4,0,0,8,87.246,120.162,0,0,207.408,0,0,0,0,0,0,0,0,0,0,0,0,0,0,0,5.043,1.547,0,0,6.59,428,53,0,0,481,4963.506,1399.339,0,0,6362.845
2024,MN,16181.0,Rochester Public Utilities,MISO,AC,4.898,0.962,,,5.86,618,32,,,650,4659.473,346.019,,,5005.492,,,,,0.0,,,,,0,0.286,,,,0.286,208,,,,208,0.05,,,,0.05,8,,,,8,0.089,,,,0.089,,,,,0.0,,,,,0,,,,,0,0.003,,,,0.003,1,,,,1,,,,,0,,,,,0,,,,,0,,,,,0,5.187,0.962,0,0,6.149,827,32,0,0,859,4659.473,346.019,0,0,5005.492
2024,MN,16368.0,Runestone Electric Assn,MISO,AC,1.005,0.08,,,1.085,63,2,,,65,763,118,,,881,,,,,0.0,,,,,0,,,,,0.0,,,,,0,,,,,0.0,,,,,0,,,,,0,,,,,0.0,,,,,0,,,,,0,0.06,0.039,,,0.099,5,1,,,6,,,,,0,,,,,0,,,,,0,,,,,0,1.065,0.119,0,0,1.184,68,3,0,0,71,763,118,0,0,881
2024,MN,16971.0,Shakopee Public Utilities Comm,MISO,AC,2.29,0.296,0.045,,2.631,313,13,2,,328,,,,,0,,,,,0.0,,,,,0,,,,,0.0,,,,,0,,,,,0.0,,,,,0,,,,,0,,,,,0.0,,,,,0,,,,,0,,,,,0,,,,,0,,,,,0,,,,,0,,,,,0,,,,,0,2.29,0.296,0.045,0,2.631,313,13,2,0,328,0,0,0,0,0
2024,MN,17267.0,Sioux Valley SW Elec Coop,SWPP,DC,0.616,0.068,,,0.684,29,3,,,32,27.123,3.436,,,30.559,,,,,0.0,,,,,0,,,,,0.0,,,,,0,,,,,0.0,,,,,0,,,,,0,,,,,0.0,,,,,0,,,,,0,0.025,,,,0.025,1,,,,1,2.6,,,,2.6,,,,,0,,,,,0,,,,,0,0.641,0.068,0,0,0.709,30,3,0,0,33,29.723,3.436,0,0,33.159
2024,MN,17550.0,South Central Electric Assn,MISO,AC,1.074,0.217,,,1.291,40,6,,,46,1010.242,191.492,,,1201.734,,,,,0.0,,,,,0,,,,,0.0,,,,,0,,,,,0.0,,,,,0,,,,,0,,,,,0.0,,,,,0,,,,,0,0.045,0.138,,,0.183,6,7,,,13,100.725,133.68,,,234.405,,,,,0,,,,,0,,,,,0,1.119,0.355,0,0,1.474,46,13,0,0,59,1110.967,325.172,0,0,1436.139
2024,MN,18019.0,Stearns Cooperative Elec Assn,MISO,AC,2.88,0.341,0.04,,3.261,204,11,1,,216,2704.632,216.225,69.226,,2990.083,,,,,0.0,,,,,0,0.018,0,0,,0.018,26,0,0,,26,0.123,0,0,,0.123,6,0,0,,6,0.071,0,0,,0.071,,,,,0.0,,,,,0,,,,,0,0.244,0.02,0,,0.264,9,1,0,,10,152.671,0,0,,152.671,,,,,0,,,,,0,,,,,0,3.142,0.361,0.04,0,3.543,239,12,1,0,252,2857.303,216.225,69.226,0,3142.754
2024,MN,18047.0,Steele-Waseca Cooperative Electric,MISO,AC,3.425,,,,3.425,214,,,,214,5206.7,11,,,5217.7,,,,,0.0,,,,,0,,0.096,,,0.096,,1,,,1,,,,,0.0,,,,,0,,,,,0,,,,,0.0,,,,,0,,,,,0,0.763,,,,0.763,22,,,,22,644.3,,,,644.3,,,,,0,,,,,0,,,,,0,4.188,0.096,0,0,4.284,236,1,0,0,237,5851,11,0,0,5862
2024,MN,19157.0,MiEnergy Cooperative,MISO,AC,7.825,3.163,,,10.988,391,101,,,492,7655.046,3094.301,,,10749.347,,,,,0.0,,,,,0,0.074,,,,0.074,95,,,,95,0.073,,,,0.073,10,,,,10,0.13,,,,0.13,,,,,0.0,,,,,0,,,,,0,0.146,0.055,,,0.201,10,2,,,12,63.431,26.112,,,89.543,0.036,,,,0.036,1,,,,1,0,,,,0,8.081,3.218,0,0,11.299,497,103,0,0,600,7718.477,3120.413,0,0,10838.89
2024,MN,20639.0,"Wild Rice Electric Coop, Inc",MISO,AC,1.571,0.194,,,1.765,67,8,,,75,1186.749,62.394,,,1249.143,,,,,0.0,,,,,0,,,,,0.0,,,,,0,,,,,0.0,,,,,0,,,,,0,,,,,0.0,,,,,0,,,,,0,0.006,0.05,,,0.056,2,1,,,3,0,20.62,,,20.62,,,,,0,,,,,0,,,,,0,1.577,0.244,0,0,1.821,69,9,0,0,78,1186.749,83.014,0,0,1269.763
2024,MN,20737.0,Willmar Municipal Utilities,MISO,AC,0.111,0.02,,,0.131,12,1,,,13,,,,,0,,,,,0.0,,,,,0,,,,,0.0,,,,,0,0.005,,,,0.005,1,,,,1,0.01,,,,0.01,,,,,0.0,,,,,0,,,,,0,,,,,0,,,,,0,,,,,0,,,,,0,,,,,0,,,,,0,0.111,0.02,0,0,0.131,12,1,0,0,13,0,0,0,0,0
2024,MN,20996.0,Wright-Hennepin Coop Elec Assn,MISO,AC,4.058,0.645,,,4.703,330,21,,,351,1996.186,147.733,,,2143.919,,,,,0.0,,,,,0,0.075,0,,,0.075,40,0,,,40,,,,,0.0,,,,,0,,,,,0,,,,,0.0,,,,,0,,,,,0,0.08,,,,0.08,5,,,,5,10.37,,,,10.37,,,,,0,,,,,0,,,,,0,4.213,0.645,0,0,4.858,375,21,0,0,396,2006.556,147.733,0,0,2154.289
2024,MN,21013.0,City of Worthington - (MN),MISO,AC,0.014,,,,0.014,2,,,,2,,,,,0,,,,,0.0,,,,,0,,,,,0.0,,,,,0,,,,,0.0,,,,,0,,,,,0,,,,,0.0,,,,,0,,,,,0,,,,,0,,,,,0,,,,,0,,,,,0,,,,,0,,,,,0,0.014,0,0,0,0.014,2,0,0,0,2,0,0,0,0,0
2024,MN,25177.0,Dakota Electric Association,MISO,AC,15.35,0.773,,,16.123,1548,23,,,1571,,,,,0,,,,,0.0,,,,,0,,,,,0.0,,,,,0,,,,,0.0,,,,,0,,,,,0,,,,,0.0,,,,,0,,,,,0,0.11,0.095,,,0.205,6,4,,,10,,,,,0,,,,,0,,,,,0,,,,,0,15.46,0.868,0,0,16.328,1554,27,0,0,1581,0,0,0,0,0
2024,MN,40304.0,Minnesota Valley Coop L&P Assn,MISO,AC,0.624,,,,0.624,36,,,,36,0.578,,,,0.578,,,,,0.0,,,,,0,,,,,0.0,,,,,0,,,,,0.0,,,,,0,,,,,0,,,,,0.0,,,,,0,,,,,0,0.173,,,,0.173,5,,,,5,0.048,,,,0.048,,,,,0,,,,,0,,,,,0,0.797,0,0,0,0.797,41,0,0,0,41,0.626,0,0,0,0.626
2024,MN,99999.0,Adjustment 2024,MISO,,-17.884,-12.192,-3.185,,-33.261,,,,,,,,,,,,,,,0.0,,,,,,-0.007,,,,-0.007,,,,,,,,,,0.0,,,,,,,,,,,,,,,0.0,,,,,,,,,,,,,,,,,,,,,,,,,,,,,,,,,,,,,,,,,-17.89,-12.192,-3.185,,-33.267,,,,,,,,,,
2024,MN,99999.0,Adjustment 2024,SWPP,,-0.107,-0.012,,,-0.119,,,,,,,,,,,,,,,0.0,,,,,,,,,,0.0,,,,,,,,,,0.0,,,,,,,,,,,,,,,0.0,,,,,,,,,,,,,,,,,,,,,,,,,,,,,,,,,,,,,,,,,-0.107,-0.012,,,-0.119,,,,,,,,,,
2024,MO,1775.0,Black River Electric Coop - (MO),AECI,AC,0.529,,,,0.529,97,,,,97,,,,,0,,,,,0.0,,,,,0,,,,,0.0,,,,,0,,,,,0.0,,,,,0,,,,,0,,,,,0.0,,,,,0,,,,,0,0.008,,,,0.008,3,,,,3,,,,,0,0.014,,,,0.014,3,,,,3,,,,,0,0.551,0,0,0,0.551,103,0,0,0,103,0,0,0,0,0
2024,MO,2001.0,Boone Electric Coop,AECI,AC,3.12,0.19,,,3.31,330,4,,,334,2282,91,,,2373,,,,,0.0,,,,,0,,,,,0.0,,,,,0,,,,,0.0,,,,,0,,,,,0,,,,,0.0,,,,,0,,,,,0,0.015,,,,0.015,1,,,,1,,,,,0,,,,,0,,,,,0,,,,,0,3.135,0.19,0,0,3.325,331,4,0,0,335,2282,91,0,0,2373
2024,MO,3113.0,City of Carthage - (MO),SWPP,AC,0.568,0.069,,,0.637,63,6,,,69,,,,,0,,,,,0.0,,,,,0,,,,,0.0,,,,,0,,,,,0.0,,,,,0,,,,,0,,,,,0.0,,,,,0,,,,,0,,,,,0,,,,,0,,,,,0,,,,,0,,,,,0,,,,,0,0.568,0.069,0,0,0.637,63,6,0,0,69,0,0,0,0,0
2024,MO,3268.0,Central Missouri Elec Coop Inc,AECI,AC,1.314,,,,1.314,109,,,,109,,,,,0,,,,,0.0,,,,,0,,,,,0.0,,,,,0,,,,,0.0,,,,,0,,,,,0,,,,,0.0,,,,,0,,,,,0,0.002,,,,0.002,1,,,,1,,,,,0,,,,,0,,,,,0,,,,,0,1.316,0,0,0,1.316,110,0,0,0,110,0,0,0,0,0
2024,MO,3600.0,Citizens Electric Corporation - (MO),MISO,AC,2.271,0.116,,,2.387,261,7,,,268,3403.658,181.14,,,3584.798,,,,,0.0,,,,,0,,,,,0.0,,,,,0,,,,,0.0,,,,,0,,,,,0,,,,,0.0,,,,,0,,,,,0,0.013,0,,,0.013,2,0,,,2,17.563,0,,,17.563,,,,,0,,,,,0,,,,,0,2.284,0.116,0,0,2.4,263,7,0,0,270,3421.221,181.14,0,0,3602.361
2024,MO,4045.0,City of Columbia - (MO),MISO,DC,4.461,1.332,0.31,,6.103,552,45,2,,599,2405,496,0,,2901,,,,,0.0,,,,,0,,,,,0.0,,,,,0,,,,,0.0,,,,,0,,,,,0,,,,,0.0,,,,,0,,,,,0,,0.001,,,0.001,,1,,,1,,0,,,0,,,,,0,,,,,0,,,,,0,4.461,1.333,0.31,0,6.104,552,46,2,0,600,2405,496,0,0,2901
2024,MO,4063.0,Co-Mo Electric Coop Inc,AECI,AC,2.666,0.18,,,2.846,229,5,,,234,811.462,2.993,,,814.455,,,,,0.0,,,,,0,,,,,0.0,,,,,0,0.258,,,,0.258,18,,,,18,,,,,0,,,,,0.0,,,,,0,,,,,0,,0.004,,,0.004,,2,,,2,,,,,0,,,,,0,,,,,0,,,,,0,2.666,0.184,0,0,2.85,229,7,0,0,236,811.462,2.993,0,0,814.455
2024,MO,4160.0,Callaway Electric Cooperative,AECI,AC,1.397,0.201,,,1.598,138,6,,,144,,,,,0,,,,,0.0,,,,,0,,,,,0.0,,,,,0,,,,,0.0,,,,,0,,,,,0,,,,,0.0,,,,,0,,,,,0,0.003,,,,0.003,1,,,,1,,,,,0,,,,,0,,,,,0,,,,,0,1.4,0.201,0,0,1.601,139,6,0,0,145,0,0,0,0,0
2024,MO,4237.0,Consolidated Electric Coop,AECI,AC,0.859,0.607,,,1.466,61,16,,,77,180.342,82.52,,,262.862,,,,,0.0,,,,,0,,,,,0.0,,,,,0,0.037,,,,0.037,6,,,,6,,,,,0,,,,,0.0,,,,,0,,,,,0,0.029,,,,0.029,7,,,,7,0,,,,0,,,,,0,,,,,0,,,,,0,0.888,0.607,0,0,1.495,68,16,0,0,84,180.342,82.52,0,0,262.862
2024,MO,4524.0,"Crawford Electric Coop, Inc",AECI,AC,1.045,0.043,,,1.088,108,5,,,113,162.175,2.985,,,165.16,,,,,0.0,,,,,0,,,,,0.0,,,,,0,,,,,0.0,,,,,0,,,,,0,,,,,0.0,,,,,0,,,,,0,,,,,0,,,,,0,,,,,0,,,,,0,,,,,0,,,,,0,1.045,0.043,0,0,1.088,108,5,0,0,113,162.175,2.985,0,0,165.16
2024,MO,4675.0,Cuivre River Electric Coop Inc,AECI,AC,2.322,0.008,0,0,2.33,265,1,0,0,266,1704.136,0.16,0,0,1704.296,,,,,0.0,,,,,0,,,,,0.0,,,,,0,,,,,0.0,,,,,0,,,,,0,,,,,0.0,,,,,0,,,,,0,,,,,0,,,,,0,,,,,0,,,,,0,,,,,0,,,,,0,2.322,0.008,0,0,2.33,265,1,0,0,266,1704.136,0.16,0,0,1704.296
2024,MO,5860.0,Empire District Electric Co,SWPP,DC,62.961,38.196,1.106,,102.263,4847,474,8,,5329,292.316,137.402,,,429.718,,,,,0.0,,,,,0,,,,,0.0,,,,,0,,,,,0.0,,,,,0,,,,,0,,,,,0.0,,,,,0,,,,,0,0.013,,,,0.013,2,,,,2,,,,,0,,,,,0,,,,,0,,,,,0,62.974,38.196,1.106,0,102.276,4849,474,8,0,5331,292.316,137.402,0,0,429.718
2024,MO,6181.0,"Farmers Electric Coop, Inc - (MO)",AECI,AC,1.448,0.16,,,1.608,139,4,,,143,962.254,136.264,,,1098.518,,,,,0.0,,,,,0,,,,,0.0,,,,,0,,,,,0.0,,,,,0,,,,,0,,,,,0.0,,,,,0,,,,,0,0.025,,,,0.025,2,,,,2,6.02,,,,6.02,,,,,0,,,,,0,,,,,0,1.473,0.16,0,0,1.633,141,4,0,0,145,968.274,136.264,0,0,1104.538
2024,MO,6205.0,City of Farmington - (MO),MISO,AC,0.188,0.078,,,0.266,20,2,,,22,,,,,0,,,,,0.0,,,,,0,,,,,0.0,,,,,0,,,,,0.0,,,,,0,,,,,0,,,,,0.0,,,,,0,,,,,0,,,,,0,,,,,0,,,,,0,,,,,0,,,,,0,,,,,0,0.188,0.078,0,0,0.266,20,2,0,0,22,0,0,0,0,0
2024,MO,7024.0,Gascosage Electric Coop,AECI,AC,0.54,,,,0.54,50,,,,50,,,,,0,,,,,0.0,,,,,0,,,,,0.0,,,,,0,,,,,0.0,,,,,0,,,,,0,,,,,0.0,,,,,0,,,,,0,,,,,0,,,,,0,,,,,0,,,,,0,,,,,0,,,,,0,0.54,0,0,0,0.54,50,0,0,0,50,0,0,0,0,0
2024,MO,8055.0,City of Hannibal - (MO),MISO,AC,0.065,,,,0.065,13,,,,13,,,,,0,,,,,0.0,,,,,0,,,,,0.0,,,,,0,,,,,0.0,,,,,0,,,,,0,,,,,0.0,,,,,0,,,,,0,0.064,,,,0.064,1,,,,1,,,,,0,,,,,0,,,,,0,,,,,0,0.129,0,0,0,0.129,14,0,0,0,14,0,0,0,0,0
2024,MO,8934.0,"Howell-Oregon Elec Coop, Inc",AECI,AC,2.251,0.169,0.6,,3.02,215,8,3,,226,,,,,0,,,,,0.0,,,,,0,,,,,0.0,,,,,0,,,,,0.0,,,,,0,,,,,0,,,,,0.0,,,,,0,,,,,0,0.003,,,,0.003,1,,,,1,,,,,0,,,,,0,,,,,0,,,,,0,2.254,0.169,0.6,0,3.023,216,8,3,0,227,0,0,0,0,0
2024,MO,9231.0,City of Independence - (MO),SWPP,AC,5.59,0.234,,,5.824,742,31,,,773,,,,,0,,,,,0.0,,,,,0,,,,,0.0,,,,,0,,,,,0.0,,,,,0,,,,,0,,,,,0.0,,,,,0,,,,,0,,0.002,,,0.002,,1,,,1,,,,,0,,,,,0,,,,,0,,,,,0,5.59,0.236,0,0,5.826,742,32,0,0,774,0,0,0,0,0
2024,MO,9331.0,Intercounty Electric Coop Assn - (MO),AECI,AC,3.195,,,,3.195,309,,,,309,,,,,0,,,,,0.0,,,,,0,,,,,0.0,,,,,0,0.497,,,,0.497,50,,,,50,,,,,0,,,,,0.0,,,,,0,,,,,0,,,,,0,,,,,0,,,,,0,,,,,0,,,,,0,,,,,0,3.195,0,0,0,3.195,309,0,0,0,309,0,0,0,0,0
2024,MO,10000.0,Evergy Metro,SWPP,DC,30.665,21.161,1.641,,53.467,3604,840,55,,4499,999.545,257.868,25.948,,1283.361,1.351,0.039,,,1.39,466,3,,,469,,,,,0.0,,,,,0,0.185,,,,0.185,19,,,,19,,,,,0,,,,,0.0,,,,,0,,,,,0,0.011,,0.05,,0.061,4,,1,,5,0.3,,,,0.3,,,,,0,,,,,0,,,,,0,32.027,21.2,1.691,0,54.918,4074,843,56,0,4973,999.845,257.868,25.948,0,1283.661
2024,MO,10370.0,City of Kirkwood - (MO),MISO,AC,0.346,,,,0.346,44,,,,44,,,,,0,,,,,0.0,,,,,0,,,,,0.0,,,,,0,,,,,0.0,,,,,0,,,,,0,,,,,0.0,,,,,0,,,,,0,,,,,0,,,,,0,,,,,0,,,,,0,,,,,0,,,,,0,0.346,0,0,0,0.346,44,0,0,0,44,0,0,0,0,0
2024,MO,10603.0,"Laclede Electric Coop, Inc",AECI,AC,3.103,0.734,,,3.837,293,23,,,316,447.622,111.788,,,559.41,,,,,0.0,,,,,0,,,,,0.0,,,,,0,,,,,0.0,,,,,0,,,,,0,,,,,0.0,,,,,0,,,,,0,,,,,0,,,,,0,,,,,0,,,,,0,,,,,0,,,,,0,3.103,0.734,0,0,3.837,293,23,0,0,316,447.622,111.788,0,0,559.41
2024,MO,10832.0,City of Lebanon - (MO),AECI,AC,0.105,0.115,,,0.22,13,3,,,16,,,,,0,,,,,0.0,,,,,0,,,,,0.0,,,,,0,,,,,0.0,,,,,0,,,,,0,,,,,0.0,,,,,0,,,,,0,,,,,0,,,,,0,,,,,0,,,,,0,,,,,0,,,,,0,0.105,0.115,0,0,0.22,13,3,0,0,16,0,0,0,0,0
2024,MO,11463.0,Macon Electric Coop,AECI,AC,0.68,0.5,,,1.18,66,13,,,79,,,,,0,,,,,0.0,,,,,0,,,,,0.0,,,,,0,,,,,0.0,,,,,0,,,,,0,,,,,0.0,,,,,0,,,,,0,,,,,0,,,,,0,,,,,0,,,,,0,,,,,0,,,,,0,0.68,0.5,0,0,1.18,66,13,0,0,79,0,0,0,0,0
2024,MO,12698.0,Evergy Missouri West,SWPP,AC,56.044,24.627,0.891,,81.562,5239,875,21,,6135,2057.589,403.3,11.412,,2472.301,,,,,0.0,,,,,0,0.851,0.046,0,,0.897,255,5,0,,260,0.085,,,,0.085,10,,,,10,,,,,0,,,,,0.0,,,,,0,,,,,0,0.023,0.006,,,0.029,10,2,,,12,1.384,,,,1.384,,,,,0,,,,,0,,,,,0,56.918,24.679,0.891,0,82.488,5504,882,21,0,6407,2058.973,403.3,11.412,0,2473.685
2024,MO,12700.0,Missouri Rural Electric Coop,AECI,AC,0.098,0.015,0.132,,0.245,10,1,3,,14,,,,,0,,,,,0.0,,,,,0,,,,,0.0,,,,,0,,,,,0.0,,,,,0,,,,,0,,,,,0.0,,,,,0,,,,,0,0.002,,,,0.002,1,,,,1,,,,,0,,,,,0,,,,,0,,,,,0,0.1,0.015,0.132,0,0.247,11,1,3,0,15,0,0,0,0,0
2024,MO,12782.0,City of Monett - (MO),SWPP,AC,0.319,0.013,,,0.332,34,1,,,35,247.13,9.421,,,256.551,,,,,0.0,,,,,0,,,,,0.0,,,,,0,,,,,0.0,,,,,0,,,,,0,,,,,0.0,,,,,0,,,,,0,,,,,0,,,,,0,,,,,0,,,,,0,,,,,0,,,,,0,0.319,0.013,0,0,0.332,34,1,0,0,35,247.13,9.421,0,0,256.551
2024,MO,13520.0,"New-Mac Electric Coop, Inc",AECI,AC,3.649,,,,3.649,336,,,,336,2.34,,,,2.34,,,,,0.0,,,,,0,,,,,0.0,,,,,0,0.425,,,,0.425,38,,,,38,0,,,,0,,,,,0.0,,,,,0,,,,,0,,,,,0,,,,,0,,,,,0,,,,,0,,,,,0,,,,,0,3.649,0,0,0,3.649,336,0,0,0,336,2.34,0,0,0,2.34
2024,MO,14192.0,Osage Valley Elec Coop Assn,AECI,AC,3.765,0.717,,,4.482,365,21,,,386,,,,,0,,,,,0.0,,,,,0,,,,,0.0,,,,,0,0.244,,,,0.244,26,,,,26,,,,,0,,,,,0.0,,,,,0,,,,,0,,,,,0,,,,,0,,,,,0,,,,,0,,,,,0,,,,,0,3.765,0.717,0,0,4.482,365,21,0,0,386,0,0,0,0,0
2024,MO,14285.0,Ozark Border Electric Coop,AECI,AC,1.199,0.08,,,1.279,107,2,,,109,,,,,0,,,,,0.0,,,,,0,,,,,0.0,,,,,0,,,,,0.0,,,,,0,,,,,0,,,,,0.0,,,,,0,,,,,0,,0.002,,,0.002,,1,,,1,,,,,0,,,,,0,,,,,0,,,,,0,1.199,0.082,0,0,1.281,107,3,0,0,110,0,0,0,0,0
2024,MO,14288.0,Ozark Electric Coop Inc - (MO),AECI,AC,5.809,0.112,,,5.921,579,5,,,584,,,,,0,,,,,0.0,,,,,0,,,,,0.0,,,,,0,0.214,,,,0.214,17,,,,17,,,,,0,,,,,0.0,,,,,0,,,,,0,,,,,0,,,,,0,,,,,0,,,,,0,,,,,0,,,,,0,5.809,0.112,0,0,5.921,579,5,0,0,584,0,0,0,0,0
2024,MO,15138.0,"Platte-Clay Electric Coop, Inc",AECI,AC,4.215,,,,4.215,398,,,,398,675.1,,,,675.1,,,,,0.0,,,,,0,,,,,0.0,,,,,0,,,,,0.0,,,,,0,,,,,0,,,,,0.0,,,,,0,,,,,0,0.009,,,,0.009,4,,,,4,,,,,0,,,,,0,,,,,0,,,,,0,4.224,0,0,0,4.224,402,0,0,0,402,675.1,0,0,0,675.1
2024,MO,15229.0,City of Poplar Bluff - (MO),SWPP,AC,0.17,0.161,0,0,0.331,19,7,0,0,26,12.911,47.102,,,60.013,,,,,0.0,,,,,0,,,,,0.0,,,,,0,,,,,0.0,,,,,0,,,,,0,,,,,0.0,,,,,0,,,,,0,,,,,0,,,,,0,,,,,0,,,,,0,,,,,0,,,,,0,0.17,0.161,0,0,0.331,19,7,0,0,26,12.911,47.102,0,0,60.013
2024,MO,16259.0,City of Rolla - (MO),MISO,AC,0.22,0.047,,,0.267,20,4,,,24,0.092,,,,0.092,,,,,0.0,,,,,0,,,,,0.0,,,,,0,0.04,,,,0.04,2,,,,2,0.1,,,,0.1,,,,,0.0,,,,,0,,,,,0,,,,,0,,,,,0,,,,,0,,,,,0,,,,,0,,,,,0,0.22,0.047,0,0,0.267,20,4,0,0,24,0.092,0,0,0,0.092
2024,MO,16751.0,Three Rivers Electric Coop,AECI,AC,1.51,0.321,,,1.831,144,10,,,154,201.085,51.741,,,252.826,,,,,0.0,,,,,0,,,,,0.0,,,,,0,0.161,0,,,0.161,19,,,,19,0.31,,,,0.31,,,,,0.0,,,,,0,,,,,0,0.002,,,,0.002,1,,,,1,0,,,,0,0.05,,,,0.05,3,,,,3,4.752,,,,4.752,1.562,0.321,0,0,1.883,148,10,0,0,158,205.837,51.741,0,0,257.578
2024,MO,16805.0,SEMO Electric Cooperative,AECI,AC,0.7,0.55,,,1.25,93,14,,,107,,,,,0,,,,,0.0,,,,,0,,,,,0.0,,,,,0,,,,,0.0,,,,,0,,,,,0,,,,,0.0,,,,,0,,,,,0,,,,,0,,,,,0,,,,,0,,,,,0,,,,,0,,,,,0,0.7,0.55,0,0,1.25,93,14,0,0,107,0,0,0,0,0
2024,MO,17177.0,City of Sikeston - (MO),SPA,AC,0.253,,0.94,,1.193,30,,4,,34,,,,,0,,,,,0.0,,,,,0,,,,,0.0,,,,,0,,,,,0.0,,,,,0,,,,,0,,,,,0.0,,,,,0,,,,,0,,,,,0,,,,,0,,,,,0,,,,,0,,,,,0,,,,,0,0.253,0,0.94,0,1.193,30,0,4,0,34,0,0,0,0,0
2024,MO,17833.0,City Utilities of Springfield - (MO),SWPP,AC,5.41,3.286,0,0,8.696,707,72,0,0,779,597.074,658.447,,,1255.521,,,,,0.0,,,,,0,,,,,0.0,,,,,0,,,,,0.0,,,,,0,,,,,0,,,,,0.0,,,,,0,,,,,0,,,,,0,,,,,0,,,,,0,,,,,0,,,,,0,,,,,0,5.41,3.286,0,0,8.696,707,72,0,0,779,597.074,658.447,0,0,1255.521
2024,MO,19436.0,Union Electric Co - (MO),MISO,DC,76.608,53.027,3.388,,133.023,8041,1869,113,,10023,,,,,0,,,,,0.0,,,,,0,,,,,0.0,,,,,0,4.711,0.089,,,4.8,555,7,,,562,,,,,0,,,,,0.0,,,,,0,,,,,0,0.048,0.018,,,0.066,18,7,,,25,,,,,0,,,,,0,,,,,0,,,,,0,76.656,53.045,3.388,0,133.089,8059,1876,113,0,10048,0,0,0,0,0
2024,MO,20318.0,Webster Electric Coop,AECI,AC,1.318,,,,1.318,127,,,,127,160.718,,,,160.718,,,,,0.0,,,,,0,,,,,0.0,,,,,0,,,,,0.0,,,,,0,,,,,0,,,,,0.0,,,,,0,,,,,0,0.01,,,,0.01,6,,,,6,0,,,,0,,,,,0,,,,,0,,,,,0,1.328,0,0,0,1.328,133,0,0,0,133,160.718,0,0,0,160.718
2024,MO,20363.0,West Central Electric Coop Inc - (MO),AECI,AC,2.311,,,,2.311,226,,,,226,1779.538,,,,1779.538,,,,,0.0,,,,,0,,,,,0.0,,,,,0,,,,,0.0,,,,,0,,,,,0,,,,,0.0,,,,,0,,,,,0,,,,,0,,,,,0,,,,,0,,,,,0,,,,,0,,,,,0,2.311,0,0,0,2.311,226,0,0,0,226,1779.538,0,0,0,1779.538
2024,MO,20574.0,White River Valley El Coop Inc,AECI,DC,7.694,,,,7.694,628,,,,628,,,,,0,,,,,0.0,,,,,0,,,,,0.0,,,,,0,,,,,0.0,,,,,0,,,,,0,,,,,0.0,,,,,0,,,,,0,0.005,,,,0.005,2,,,,2,,,,,0,,,,,0,,,,,0,,,,,0,7.699,0,0,0,7.699,630,0,0,0,630,0,0,0,0,0
2024,MO,27238.0,"Southwest Electric Coop, Inc",AECI,AC,3.673,0.232,,,3.905,351,4,,,355,,,,,0,,,,,0.0,,,,,0,,,,,0.0,,,,,0,,,,,0.0,,,,,0,,,,,0,,,,,0.0,,,,,0,,,,,0,,,,,0,,,,,0,,,,,0,,,,,0,,,,,0,,,,,0,3.673,0.232,0,0,3.905,351,4,0,0,355,0,0,0,0,0
2024,MO,99999.0,Adjustment 2024,AECI,,-1.342,,,,-1.342,,,,,,,,,,,,,,,0.0,,,,,,,,,,0.0,,,,,,,,,,0.0,,,,,,,,,,,,,,,0.0,,,,,,,,,,,,,,,,,,,,,,,,,,,,,,,,,,,,,,,,,-1.342,,,,-1.342,,,,,,,,,,
2024,MO,99999.0,Adjustment 2024,MISO,,-14.138,-9.48,-0.645,,-24.264,,,,,,,,,,,,,,,0.0,,,,,,,,,,0.0,,,,,,-0.822,-0.016,,,-0.837,,,,,,,,,,,,,,,0.0,,,,,,,,,,,,,,,,,,,,,,,,,,,,,,,,,,,,,,,,,-14.138,-9.48,-0.645,,-24.264,,,,,,,,,,
2024,MO,99999.0,Adjustment 2024,SWPP,,-16.328,-10.352,-0.479,,-27.159,,,,,,,,,,,-0.236,-0.007,,,-0.242,,,,,,,,,,0.0,,,,,,-0.032,,,,-0.032,,,,,,,,,,,,,,,0.0,,,,,,,,,,,,,,,,,,,,,,,,,,,,,,,,,,,,,,,,,-16.564,-10.359,-0.479,,-27.402,,,,,,,,,,
2024,MS,3841.0,Coast Electric Power Assn - (MS),SOCO,AC,2.699,0.092,0,0,2.791,387,1,0,0,388,58.098,0,0,0,58.098,0,0,0,0,0.0,0,0,0,0,0,,0,0,0,0.0,,0,0,0,0,,,,,0.0,,,,,0,,,,,0,,,,,0.0,,,,,0,,,,,0,,,,,0,,,,,0,,,,,0,,,,,0,,,,,0,,,,,0,2.699,0.092,0,0,2.791,387,1,0,0,388,58.098,0,0,0,58.098
2024,MS,5175.0,Dixie Electric Power Assn - (MS),MISO,AC,0.285,0.306,,,0.591,39,6,,,45,166.457,75.773,,,242.23,,,,,0.0,,,,,0,,,,,0.0,,,,,0,,,,,0.0,,,,,0,,,,,0,,,,,0.0,,,,,0,,,,,0,,,,,0,,,,,0,,,,,0,,,,,0,,,,,0,,,,,0,0.285,0.306,0,0,0.591,39,6,0,0,45,166.457,75.773,0,0,242.23
2024,MS,11519.0,Magnolia Electric Power Assn,MISO,AC,0.589,,0.32,,0.909,77,,5,,82,,,,,0,,,,,0.0,,,,,0,,,,,0.0,,,,,0,,,,,0.0,,,,,0,,,,,0,,,,,0.0,,,,,0,,,,,0,,,,,0,,,,,0,,,,,0,,,,,0,,,,,0,,,,,0,0.589,0,0.32,0,0.909,77,0,5,0,82,0,0,0,0,0
2024,MS,12685.0,Entergy Mississippi LLC,MISO,DC,1.159,0.421,0.02,,1.6,625,27,2,,654,,,,,0,,,,,0.0,,,,,0,,,,,0.0,,,,,0,,,,,0.0,,,,,0,,,,,0,,,,,0.0,,,,,0,,,,,0,0.011,,,,0.011,1,,,,1,,,,,0,,,,,0,,,,,0,,,,,0,1.17,0.421,0.02,0,1.611,626,27,2,0,655,0,0,0,0,0
2024,MS,12686.0,Mississippi Power Co,SOCO,DC,4.848,2.267,0,0,7.115,496,41,0,0,537,,,,,0,,,,,0.0,,,,,0,,,,,0.0,,,,,0,,,,,0.0,,,,,0,,,,,0,,,,,0.0,,,,,0,,,,,0,,,,,0,,,,,0,,,,,0,,,,,0,,,,,0,,,,,0,4.848,2.267,0,0,7.115,496,41,0,0,537,0,0,0,0,0
2024,MS,14563.0,Pearl River Valley El Pwr Assn,MISO,AC,0.789,0.76,,,1.549,111,12,,,123,,,,,0,,,,,0.0,,,,,0,,,,,0.0,,,,,0,,,,,0.0,,,,,0,,,,,0,,,,,0.0,,,,,0,,,,,0,,,,,0,,,,,0,,,,,0,,,,,0,,,,,0,,,,,0,0.789,0.76,0,0,1.549,111,12,0,0,123,0,0,0,0,0
2024,MS,17647.0,Southern Pine Electric Cooperative,MISO,AC,0.505,0.775,,,1.28,53,11,,,64,199.536,379.484,,,579.02,,,,,0.0,,,,,0,,,,,0.0,,,,,0,0.096,,,,0.096,11,,,,11,,,,,0,,,,,0.0,,,,,0,,,,,0,,,,,0,,,,,0,,,,,0,,0.065,,,0.065,,1,,,1,,1.44,,,1.44,0.505,0.84,0,0,1.345,53,12,0,0,65,199.536,380.924,0,0,580.46
2024,MS,22815.0,Delta Electric Power Assn,MISO,AC,0.018,,0.078,,0.096,1,,3,,4,6.347,,31.526,,37.873,,,,,0.0,,,,,0,,,,,0.0,,,,,0,,,,,0.0,,,,,0,,,,,0,,,,,0.0,,,,,0,,,,,0,,,,,0,,,,,0,,,,,0,,,,,0,,,,,0,,,,,0,0.018,0,0.078,0,0.096,1,0,3,0,4,6.347,0,31.526,0,37.873
2024,MS,99999.0,Adjustment 2024,MISO,,-0.202,-0.073,-0.003,,-0.279,,,,,,,,,,,,,,,0.0,,,,,,,,,,0.0,,,,,,,,,,0.0,,,,,,,,,,,,,,,0.0,,,,,,,,,,,,,,,,,,,,,,,,,,,,,,,,,,,,,,,,,-0.202,-0.073,-0.003,,-0.279,,,,,,,,,,
2024,MS,99999.0,Adjustment 2024,SOCO,,-0.845,-0.395,0,0,-1.241,,,,,,,,,,,,,,,0.0,,,,,,,,,,0.0,,,,,,,,,,0.0,,,,,,,,,,,,,,,0.0,,,,,,,,,,,,,,,,,,,,,,,,,,,,,,,,,,,,,,,,,-0.845,-0.395,0,0,-1.241,,,,,,,,,,
2024,MT,6169.0,Fall River Rural Elec Coop Inc,BPAT,AC,0.036,,,,0.036,5,,,,5,,,,,0,,,,,0.0,,,,,0,,,,,0.0,,,,,0,,,,,0.0,,,,,0,,,,,0,,,,,0.0,,,,,0,,,,,0,,0,,,0,,0,,,0,,,,,0,,,,,0,,,,,0,,,,,0,0.036,0,0,0,0.036,5,0,0,0,5,0,0,0,0,0
2024,MT,6395.0,Flathead Electric Coop Inc,BPAT,DC,2.731,0.722,,,3.453,225,39,,,264,,,,,0,,,,,0.0,,,,,0,0.143,,,,0.143,350,,,,350,0.758,0.035,,,0.793,31,3,,,34,1.002,0.036,,,1.038,,,,,0.0,,,,,0,,,,,0,0.005,,,,0.005,4,,,,4,,,,,0,,,,,0,,,,,0,,,,,0,2.879,0.722,0,0,3.601,579,39,0,0,618,0,0,0,0,0
2024,MT,11272.0,"Lower Yellowstone R E A, Inc",WAUW,AC,0.02,,,,0.02,3,,,,3,6.95,,,,6.95,,,,,0.0,,,,,0,,,,,0.0,,,,,0,,,,,0.0,,,,,0,,,,,0,,,,,0.0,,,,,0,,,,,0,,,,,0,,,,,0,,,,,0,,,,,0,,,,,0,,,,,0,0.02,0,0,0,0.02,3,0,0,0,3,6.95,0,0,0,6.95
2024,MT,12199.0,Montana-Dakota Utilities Co,SWPP,AC,0.122,0.074,,,0.196,15,4,,,19,,,,,0,,,,,0.0,,,,,0,,,,,0.0,,,,,0,,,,,0.0,,,,,0,,,,,0,,,,,0.0,,,,,0,,,,,0,0.002,0.005,,,0.007,3,2,,,5,,,,,0,,,,,0,,,,,0,,,,,0,0.124,0.079,0,0,0.203,18,6,0,0,24,0,0,0,0,0
2024,MT,12692.0,"Missoula Electric Coop, Inc",BPAT,AC,1.218,0.127,,,1.345,154,7,,,161,,,,,0,,,,,0.0,,,,,0,0.109,0.046,,,0.155,142,10,,,152,,,,,0.0,,,,,0,,,,,0,,,,,0.0,,,,,0,,,,,0,0.002,,,,0.002,1,,,,1,,,,,0,0.001,,,,0.001,1,,,,1,,,,,0,1.33,0.173,0,0,1.503,298,17,0,0,315,0,0,0,0,0
2024,MT,12825.0,NorthWestern Energy LLC - (MT),NWMT,AC,58.428,11.979,,,70.407,8159,726,,,8885,,,,,0,,,,,0.0,,,,,0,,,,,0.0,,,,,0,2.249,0.074,,,2.323,174,4,,,178,,,,,0,,,,,0.0,,,,,0,,,,,0,0.4,0.47,,,0.87,76,35,,,111,,,,,0,0.02,0.07,,,0.09,3,2,,,5,,,,,0,58.848,12.519,0,0,71.367,8238,763,0,0,9001,0,0,0,0,0
2024,MT,19603.0,USBIA-Mission Valley Power,NWMT,AC,0.734,,,,0.734,90,,,,90,,,,,0,,,,,0.0,,,,,0,,,,,0.0,,,,,0,,,,,0.0,,,,,0,,,,,0,,,,,0.0,,,,,0,,,,,0,,,,,0,,,,,0,,,,,0,,,,,0,,,,,0,,,,,0,0.734,0,0,0,0.734,90,0,0,0,90,0,0,0,0,0
2024,MT,20997.0,Yellowstone Valley Elec Co-op,WAUW,AC,3.307,,,,3.307,424,,,,424,,,,,0,,,,,0.0,,,,,0,,,,,0.0,,,,,0,,,,,0.0,,,,,0,,,,,0,,,,,0.0,,,,,0,,,,,0,0.016,,,,0.016,3,,,,3,,,,,0,,,,,0,,,,,0,,,,,0,3.323,0,0,0,3.323,427,0,0,0,427,0,0,0,0,0
2024,MT,21513.0,"Fergus Electric Coop, Inc",WAUW,AC,0.884,,,,0.884,76,,,,76,,,,,0,,,,,0.0,,,,,0,,,,,0.0,,,,,0,,,,,0.0,,,,,0,,,,,0,,,,,0.0,,,,,0,,,,,0,0.01,,,,0.01,1,,,,1,,,,,0,,,,,0,,,,,0,,,,,0,0.894,0,0,0,0.894,77,0,0,0,77,0,0,0,0,0
2024,MT,99999.0,Adjustment 2024,BPAT,,-0.476,-0.126,,,-0.602,,,,,,,,,,,,,,,0.0,,,,,,-0.025,,,,-0.025,,,,,,-0.132,-0.006,,,-0.138,,,,,,,,,,,,,,,0.0,,,,,,,,,,,,,,,,,,,,,,,,,,,,,,,,,,,,,,,,,-0.501,-0.126,,,-0.627,,,,,,,,,,
2024,NC,240.0,Albemarle Electric Member Corp,PJM,AC,0.306,,,,0.306,29,,,,29,,,,,0,,,,,0.0,,,,,0,,,,,0.0,,,,,0,,,,,0.0,,,,,0,,,,,0,,,,,0.0,,,,,0,,,,,0,,,,,0,,,,,0,,,,,0,,,,,0,,,,,0,,,,,0,0.306,0,0,0,0.306,29,0,0,0,29,0,0,0,0,0
2024,NC,719.0,Town of Apex- (NC),CPLE,AC,8.72,0.49,,,9.21,1091,13,,,1104,,,,,0,,,,,0.0,,,,,0,,,,,0.0,,,,,0,,,,,0.0,,,,,0,,,,,0,,,,,0.0,,,,,0,,,,,0,,,,,0,,,,,0,,,,,0,,,,,0,,,,,0,,,,,0,8.72,0.49,0,0,9.21,1091,13,0,0,1104,0,0,0,0,0
2024,NC,1889.0,Blue Ridge Elec Member Corp - (NC),DUK,AC,2.909,0.086,,,2.995,331,10,,,341,2108.05,61.741,,,2169.791,,,,,0.0,,,,,0,0.5,,,,0.5,1027,,,,1027,,,,,0.0,,,,,0,,,,,0,,,,,0.0,,,,,0,,,,,0,0.004,,,,0.004,2,,,,2,0.027,,,,0.027,,,,,0,,,,,0,,,,,0,3.413,0.086,0,0,3.499,1360,10,0,0,1370,2108.077,61.741,0,0,2169.818
2024,NC,3046.0,Duke Energy Progress - (NC),CPLE,AC,179.893,31.803,5.079,0,216.775,24149,756,18,0,24923,,,,,0,,,,,0.0,,,,,0,,,,,0.0,,,,,0,,,,,0.0,,,,,0,,,,,0,,,,,0.0,,,,,0,,,,,0,0.002,0.01,0,0,0.012,1,1,0,0,2,,,,,0,,,,,0,,,,,0,,,,,0,179.895,31.813,5.079,0,216.787,24150,757,18,0,24925,0,0,0,0,0
2024,NC,5416.0,"Duke Energy Carolinas, LLC",DUK,AC,179.097,46.753,6.857,,232.707,24648,975,38,,25661,,,,,0,,,,,0.0,,,,,0,,,,,0.0,,,,,0,,,,,0.0,,,,,0,,,,,0,,,,,0.0,,,,,0,,,,,0,0.006,0.002,,,0.008,4,1,,,5,,,,,0,0.006,0.4,,,0.406,1,1,,,2,,,,,0,179.109,47.155,6.857,0,233.121,24653,977,38,0,25668,0,0,0,0,0
2024,NC,6235.0,Fayetteville Public Works Commission,CPLE,AC,1.733,,,,1.733,284,,,,284,,,,,0,,,,,0.0,,,,,0,,,,,0.0,,,,,0,,,,,0.0,,,,,0,,,,,0,,,,,0.0,,,,,0,,,,,0,,,,,0,,,,,0,,,,,0,,,,,0,,,,,0,,,,,0,1.733,0,0,0,1.733,284,0,0,0,284,0,0,0,0,0
2024,NC,6640.0,Four County Elec Member Corp,CPLE,DC,0.928,1.176,,,2.104,110,21,,,131,145.4,52.5,,,197.9,,,,,0.0,,,,,0,,,,,0.0,,,,,0,,,,,0.0,,,,,0,,,,,0,,,,,0.0,,,,,0,,,,,0,,,,,0,,,,,0,,,,,0,,,,,0,,,,,0,,,,,0,0.928,1.176,0,0,2.104,110,21,0,0,131,145.4,52.5,0,0,197.9
2024,NC,6784.0,French Broad Elec Member Corp,CPLE,DC,5.09,0.076,,,5.166,309,11,,,320,,,,,0,,,,,0.0,,,,,0,,0,,,0.0,0,0,,,0,,,,,0.0,,,,,0,,,,,0,,,,,0.0,,,,,0,,,,,0,0.003,,,,0.003,3,,,,3,,,,,0,0.007,,,,0.007,2,,,,2,,,,,0,5.1,0.076,0,0,5.176,314,11,0,0,325,0,0,0,0,0
2024,NC,7639.0,Greenville Utilities Comm,CPLE,AC,1.69,,,,1.69,152,,,,152,,,,,0,,,,,0.0,,,,,0,,,,,0.0,,,,,0,,,,,0.0,,,,,0,,,,,0,,,,,0.0,,,,,0,,,,,0,,,,,0,,,,,0,,,,,0,,,,,0,,,,,0,,,,,0,1.69,0,0,0,1.69,152,0,0,0,152,0,0,0,0,0
2024,NC,8333.0,Haywood Electric Member Corp,DUK,AC,1.5,0.041,,,1.541,191,3,,,194,590.14,85.6,,,675.74,,,,,0.0,,,,,0,,,,,0.0,,,,,0,,,,,0.0,,,,,0,,,,,0,,,,,0.0,,,,,0,,,,,0,0.01,,,,0.01,1,,,,1,2.59,,,,2.59,,,,,0,,,,,0,,,,,0,1.51,0.041,0,0,1.551,192,3,0,0,195,592.73,85.6,0,0,678.33
2024,NC,9837.0,Jones-Onslow Elec Member Corp,CPLE,AC,4.419,,,,4.419,611,,,,611,2174.539,,,,2174.539,,,,,0.0,,,,,0,,,,,0.0,,,,,0,,,,,0.0,,,,,0,,,,,0,,,,,0.0,,,,,0,,,,,0,,,,,0,,,,,0,,,,,0,,,,,0,,,,,0,,,,,0,4.419,0,0,0,4.419,611,0,0,0,611,2174.539,0,0,0,2174.539
2024,NC,13482.0,New River Light & Power Co,DUK,AC,0.055,0.016,,,0.071,12,4,,,16,27.647,2.368,,,30.015,,,,,0.0,,,,,0,,,,,0.0,,,,,0,0.043,0.015,,,0.058,7,1,,,8,0.093,0.041,,,0.134,,,,,0.0,,,,,0,,,,,0,,,,,0,,,,,0,,,,,0,,,,,0,,,,,0,,,,,0,0.055,0.016,0,0,0.071,12,4,0,0,16,27.647,2.368,0,0,30.015
2024,NC,14717.0,Pee Dee Electric Member Corp,CPLE,AC,0.58,1.52,,,2.1,70,15,,,85,160.208,,,,160.208,,,,,0.0,,,,,0,0.1,,,,0.1,18,,,,18,,0.5,,,0.5,,1,,,1,,,,,0,,5,,,5.0,,1,,,1,,,,,0,,0.03,,,0.03,,1,,,1,,,,,0,,,,,0,,,,,0,,,,,0,0.68,1.55,0,0,2.23,88,16,0,0,104,160.208,0,0,0,160.208
2024,NC,15023.0,Piedmont Electric Member Corp,DUK,DC,3.56,0.41,,,3.97,458,21,,,479,,,,,0,,,,,0.0,,,,,0,0.5,,,,0.5,138,,,,138,0.473,0.02,,,0.493,46,2,,,48,,,,,0,,,,,0.0,,,,,0,,,,,0,,,,,0,,,,,0,,,,,0,,,,,0,,,,,0,,,,,0,4.06,0.41,0,0,4.47,596,21,0,0,617,0,0,0,0,0
2024,NC,16101.0,Roanoke Electric Member Corp,PJM,AC,0.16,0.1,,,0.26,20,1,,,21,,,,,0,,,,,0.0,,,,,0,0.01,,,,0.01,1,,,,1,,,,,0.0,,,,,0,,,,,0,,,,,0.0,,,,,0,,,,,0,,,,,0,,,,,0,,,,,0,,,,,0,,,,,0,,,,,0,0.17,0.1,0,0,0.27,21,1,0,0,22,0,0,0,0,0
2024,NC,16496.0,Rutherford Elec Member Corp,DUK,AC,2.89,0.055,0.2,0,3.145,394,2,1,0,397,1474.994,22.461,0,0,1497.455,,,,,0.0,,,,,0,,,,,0.0,,,,,0,0.14,0,0,0,0.14,15,0,0,0,15,,,,,0,,,,,0.0,,,,,0,,,,,0,,,,,0,,,,,0,,,,,0,,,,,0,,,,,0,,,,,0,2.89,0.055,0.2,0,3.145,394,2,1,0,397,1474.994,22.461,0,0,1497.455
2024,NC,17572.0,South River Elec Member Corp,CPLE,DC,6.035,0.1,,,6.135,727,2,,,729,,,,,0,,,,,0.0,,,,,0,,,,,0.0,,,,,0,,,,,0.0,,,,,0,,,,,0,,,,,0.0,,,,,0,,,,,0,,,,,0,,,,,0,,,,,0,,,,,0,,,,,0,,,,,0,6.035,0.1,0,0,6.135,727,2,0,0,729,0,0,0,0,0
2024,NC,18957.0,Tri-County Elec Member Corp (NC),CPLE,AC,1.072,0.5,,,1.572,142,1,,,143,,,,,0,,,,,0.0,,,,,0,,,,,0.0,,,,,0,,,,,0.0,,,,,0,,,,,0,,,,,0.0,,,,,0,,,,,0,,,,,0,,,,,0,,,,,0,,,,,0,,,,,0,,,,,0,1.072,0.5,0,0,1.572,142,1,0,0,143,0,0,0,0,0
2024,NC,19435.0,Union Electric Membership Corp - (NC),DUK,AC,4.841,,,,4.841,610,,,,610,,,,,0,,,,,0.0,,,,,0,,,,,0.0,,,,,0,,,,,0.0,,,,,0,,,,,0,,,,,0.0,,,,,0,,,,,0,,,,,0,,,,,0,,,,,0,,,,,0,,,,,0,,,,,0,4.841,0,0,0,4.841,610,0,0,0,610,0,0,0,0,0
2024,NC,19876.0,Virginia Electric & Power Co,PJM,AC,5.281,0.981,,,6.262,722,27,,,749,,,,,0,,,,,0.0,,,,,0,,,,,0.0,,,,,0,,,,,0.0,,,,,0,,,,,0,,,,,0.0,,,,,0,,,,,0,0.041,0.046,,,0.087,5,7,,,12,,,,,0,,,,,0,,,,,0,,,,,0,5.322,1.027,0,0,6.349,727,34,0,0,761,0,0,0,0,0
2024,NC,19981.0,Wake Electric Membership Corp,CPLE,AC,5.166,0.098,,,5.264,796,4,,,800,3208.47,13.294,,,3221.764,,,,,0.0,,,,,0,,,,,0.0,,,,,0,1.72,,,,1.72,100,,,,100,,,,,0,11,,,,11.0,3,,,,3,11,,,,11,,,,,0,,,,,0,,,,,0,,,,,0,,,,,0,,,,,0,5.166,0.098,0,0,5.264,796,4,0,0,800,3208.47,13.294,0,0,3221.764
2024,NC,21632.0,EnergyUnited Elec Member Corp,DUK,AC,4.213,0.792,,,5.005,656,12,,,668,2834,229.5,,,3063.5,,,,,0.0,,,,,0,,,,,0.0,,,,,0,0.533,,,,0.533,80,,,,80,0.933,,,,0.933,,,,,0.0,,,,,0,,,,,0,,,,,0,,,,,0,,,,,0,,,,,0,,,,,0,,,,,0,4.213,0.792,0,0,5.005,656,12,0,0,668,2834,229.5,0,0,3063.5
2024,NC,24889.0,Brunswick Electric Member Corp,CPLE,AC,6.952,,,,6.952,881,,,,881,,,,,0,,,,,0.0,,,,,0,0.23,,,,0.23,147,,,,147,,,,,0.0,,,,,0,,,,,0,,,,,0.0,,,,,0,,,,,0,,,,,0,,,,,0,,,,,0,,,,,0,,,,,0,,,,,0,7.182,0,0,0,7.182,1028,0,0,0,1028,0,0,0,0,0
2024,NC,99999.0,Adjustment 2024,CPLE,,-2.102,-0.236,,,-2.338,,,,,,,,,,,,,,,0.0,,,,,,,0,,,0.0,,,,,,,,,,0.0,,,,,,,,,,,,,,,0.0,,,,,,,,,,,,,,,,,,,,,,,,,,,,,,,,,,,,,,,,,-2.102,-0.236,,,-2.338,,,,,,,,,,
2024,NC,99999.0,Adjustment 2024,DUK,,-0.621,-0.072,,,-0.692,,,,,,,,,,,,,,,0.0,,,,,,-0.087,,,,-0.087,,,,,,-0.082,-0.003,,,-0.086,,,,,,,,,,,,,,,0.0,,,,,,,,,,,,,,,,,,,,,,,,,,,,,,,,,,,,,,,,,-0.708,-0.072,,,-0.78,,,,,,,,,,
2024,ND,2394.0,Burke-Divide Electric Coop Inc,SWPP,AC,0.024,,,,0.024,2,,,,2,11.635,,,,11.635,,,,,0.0,,,,,0,,,,,0.0,,,,,0,,,,,0.0,,,,,0,,,,,0,,,,,0.0,,,,,0,,,,,0,,,,,0,,,,,0,,,,,0,,,,,0,,,,,0,,,,,0,0.024,0,0,0,0.024,2,0,0,0,2,11.635,0,0,0,11.635
2024,ND,12090.0,"McLean Electric Coop, Inc",MISO,AC,0.1,,,,0.1,8,,,,8,1.07,,,,1.07,,,,,0.0,,,,,0,,,,,0.0,,,,,0,,,,,0.0,,,,,0,,,,,0,,,,,0.0,,,,,0,,,,,0,,,,,0,,,,,0,,,,,0,,,,,0,,,,,0,,,,,0,0.1,0,0,0,0.1,8,0,0,0,8,1.07,0,0,0,1.07
2024,ND,12301.0,Nodak Electric Coop Inc,MISO,AC,0.139,0,0,0,0.139,14,0,0,0,14,20.76,0,0,0,20.76,0,0,0,0,0.0,0,0,0,0,0,0,0,0,0,0.0,0,0,0,0,0,0,0,0,0,0.0,0,0,0,0,0,0,0,0,0,0,0,0,0,0,0.0,0,0,0,0,0,0,0,0,0,0,0.09,0,0.06,0,0.15,6,0,2,0,8,0.778,0,0,0,0.778,0,0,0,0,0,0,0,0,0,0,0,0,0,0,0,0.229,0,0.06,0,0.289,20,0,2,0,22,21.538,0,0,0,21.538
2024,ND,14232.0,Otter Tail Power Co,MISO,AC,0.052,0.156,0,0,0.208,3,5,0,0,8,2.203,2.025,0,0,4.228,0,0,0,0,0.0,0,0,0,0,0,0,0,0,0,0.0,0,0,0,0,0,0,0,0,0,0.0,0,0,0,0,0,0,0,0,0,0,0,0,0,0,0.0,0,0,0,0,0,0,0,0,0,0,0.012,0.03,0,0,0.042,1,1,0,0,2,0,0,0,0,0,0,0,0,0,0,0,0,0,0,0,0,0,0,0,0,0.064,0.186,0,0,0.25,4,6,0,0,10,2.203,2.025,0,0,4.228
2024,ND,19790.0,Verendrye Electric Coop Inc,MISO,AC,0.098,,,,0.098,8,,,,8,63.23,,,,63.23,,,,,0.0,,,,,0,,,,,0.0,,,,,0,,,,,0.0,,,,,0,,,,,0,,,,,0.0,,,,,0,,,,,0,0.004,,,,0.004,1,,,,1,0.733,,,,0.733,,,,,0,,,,,0,,,,,0,0.102,0,0,0,0.102,9,0,0,0,9,63.963,0,0,0,63.963
2024,ND,20413.0,Mountrail-Williams Elec Coop,SWPP,AC,0.152,0.092,,,0.244,6,2,,,8,108.962,87.236,,,196.198,0,0,,,0.0,0,0,,,0,0,0,,,0.0,0,0,,,0,,,,,0.0,,,,,0,,,,,0,,,,,0.0,,,,,0,,,,,0,0,0.002,,,0.002,0,1,,,1,0,0.002,,,0.002,,,,,0,,,,,0,,,,,0,0.152,0.094,0,0,0.246,6,3,0,0,9,108.962,87.238,0,0,196.2
2024,ND,24949.0,Cass County Elec Coop Inc,MISO,DC,0.551,,,,0.551,40,,,,40,119.947,,,,119.947,,,,,0.0,,,,,0,0.101,,,,0.101,151,,,,151,,,,,0.0,,,,,0,,,,,0,,,,,0.0,,,,,0,,,,,0,0.114,,,,0.114,10,,,,10,40.535,,,,40.535,,,,,0,,,,,0,,,,,0,0.766,0,0,0,0.766,201,0,0,0,201,160.482,0,0,0,160.482
2024,ND,99999.0,Adjustment 2024,MISO,,-0.096,,,,-0.096,,,,,,,,,,,,,,,0.0,,,,,,-0.018,,,,-0.018,,,,,,,,,,0.0,,,,,,,,,,,,,,,0.0,,,,,,,,,,,,,,,,,,,,,,,,,,,,,,,,,,,,,,,,,-0.114,,,,-0.114,,,,,,,,,,
2024,NE,2643.0,Butler Public Power District - (NE),SWPP,AC,0.303,0.025,,,0.328,24,1,,,25,,,,,0,,,,,0.0,,,,,0,,,,,0.0,,,,,0,,,,,0.0,,,,,0,,,,,0,,,,,0.0,,,,,0,,,,,0,0.035,0.01,,,0.045,2,1,,,3,,,,,0,,,,,0,,,,,0,,,,,0,0.338,0.035,0,0,0.373,26,2,0,0,28,0,0,0,0,0
2024,NE,3205.0,Cedar-Knox Public Power Dist,SWPP,AC,0.041,,,,0.041,5,,,,5,,,,,0,,,,,0.0,,,,,0,,,,,0.0,,,,,0,,,,,0.0,,,,,0,,,,,0,,,,,0.0,,,,,0,,,,,0,0.01,,,,0.01,1,,,,1,,,,,0,,,,,0,,,,,0,,,,,0,0.051,0,0,0,0.051,6,0,0,0,6,0,0,0,0,0
2024,NE,4373.0,Cornhusker Public Power Dist,SWPP,AC,0.849,,,,0.849,38,,,,38,,,,,0,,,,,0.0,,,,,0,,,,,0.0,,,,,0,,,,,0.0,,,,,0,,,,,0,,,,,0.0,,,,,0,,,,,0,,,,,0,,,,,0,,,,,0,,,,,0,,,,,0,,,,,0,0.849,0,0,0,0.849,38,0,0,0,38,0,0,0,0,0
2024,NE,4671.0,Custer Public Power District,SWPP,AC,0.232,0.086,0,0,0.318,15,5,0,0,20,0,0,0,0,0,0,0,0,0,0.0,0,0,0,0,0,0,0,0,0,0.0,0,0,0,0,0,0.011,0,0,0,0.011,1,0,0,0,1,,0,0,0,0,0,0,0,0,0.0,0,0,0,0,0,0,0,0,0,0,0,0,0,0,0,0,0,0,0,0,0,0,0,0,0,0,0,0,0,0,0,0,0,0,0,0,0,0,0,0,0.232,0.086,0,0,0.318,15,5,0,0,20,0,0,0,0,0
2024,NE,4911.0,Dawson Power District,SWPP,AC,0.632,0.287,,,0.919,54,7,,,61,,,,,0,,,,,0.0,,,,,0,,,,,0.0,,,,,0,0.129,,,,0.129,7,,,,7,0.242,,,,0.242,,,,,0.0,,,,,0,,,,,0,,0.002,,,0.002,,1,,,1,,,,,0,,,,,0,,,,,0,,,,,0,0.632,0.289,0,0,0.921,54,8,0,0,62,0,0,0,0,0
2024,NE,5780.0,Elkhorn Rural Public Pwr Dist,SWPP,AC,0.176,0.145,,,0.321,10,6,,,16,37.4,21.8,,,59.2,,,,,0.0,,,,,0,,,,,0.0,,,,,0,,,,,0.0,,,,,0,,,,,0,,,,,0.0,,,,,0,,,,,0,,,,,0,,,,,0,,,,,0,,,,,0,,,,,0,,,,,0,0.176,0.145,0,0,0.321,10,6,0,0,16,37.4,21.8,0,0,59.2
2024,NE,6779.0,City of Fremont - (NE),SWPP,AC,0.054,0.075,,,0.129,9,2,,,11,,,,,0,,,,,0.0,,,,,0,1.15,0.286,,,1.436,263,12,,,275,,,,,0.0,,,,,0,,,,,0,,,,,0.0,,,,,0,,,,,0,,,,,0,,,,,0,,,,,0,,,,,0,,,,,0,,,,,0,1.204,0.361,0,0,1.565,272,14,0,0,286,0,0,0,0,0
2024,NE,8245.0,City of Hastings - (NE),SWPP,AC,0.078,0.011,,,0.089,9,1,,,10,,,,,0,,1.5,,,1.5,,70,,,70,,,,,0.0,,,,,0,,,,,0.0,,,,,0,,,,,0,,,,,0.0,,,,,0,,,,,0,0.004,,,,0.004,1,,,,1,,,,,0,,,,,0,,,,,0,,,,,0,0.082,1.511,0,0,1.593,10,71,0,0,81,0,0,0,0,0
2024,NE,8570.0,Highline Electric Assn,WACM,DC,0.03,0.023,,,0.053,5,1,,,6,39.72,25.4,,,65.12,,,,,0.0,,,,,0,,,,,0.0,,,,,0,,,,,0.0,,,,,0,,,,,0,,,,,0.0,,,,,0,,,,,0,,,,,0,,,,,0,,,,,0,,,,,0,,,,,0,,,,,0,0.03,0.023,0,0,0.053,5,1,0,0,6,39.72,25.4,0,0,65.12
2024,NE,10967.0,City of Lexington - (NE),SWPP,AC,0.345,,,,0.345,63,,,,63,,,,,0,,,,,0.0,,,,,0,,,,,0.0,,,,,0,,,,,0.0,,,,,0,,,,,0,,,,,0.0,,,,,0,,,,,0,,,,,0,,,,,0,,,,,0,,,,,0,,,,,0,,,,,0,0.345,0,0,0,0.345,63,0,0,0,63,0,0,0,0,0
2024,NE,11018.0,Lincoln Electric System,SWPP,AC,2.987,0.688,0.005,0,3.68,410,38,1,0,449,,,,,0,3.365,0.235,,,3.6,587,41,,,628,,,,,0.0,,,,,0,,,,,0.0,,,,,0,,,,,0,,,,,0.0,,,,,0,,,,,0,,0.002,,,0.002,,1,,,1,,,,,0,,,,,0,,,,,0,,,,,0,6.352,0.925,0.005,0,7.282,997,80,1,0,1078,0,0,0,0,0
2024,NE,11251.0,Loup River Public Power Dist,SWPP,AC,,,0.804,,0.804,,,48,,48,,,0.66,,0.66,,,,,0.0,,,,,0,,,,,0.0,,,,,0,,,,,0.0,,,,,0,,,,,0,,,,,0.0,,,,,0,,,,,0,,,,,0,,,,,0,,,,,0,,,,,0,,,,,0,,,,,0,0.0,0,0.804,0,0.804,0,0,48,0,48,0,0,0.66,0,0.66
2024,NE,12539.0,Midwest Electric Member Corp - (NE),WACM,AC,0.291,0.058,0,0,0.349,26,4,0,0,30,282.942,44.199,0,0,327.141,0,0,0,0,0.0,0,0,0,0,0,0,0,0,0,0.0,0,0,0,0,0,0,0,0,0,0.0,0,0,0,0,0,0,0,0,0,0,0,0,0,0,0.0,0,0,0,0,0,0,0,0,0,0,0.036,0,0,0,0.036,2,0,0,0,2,3.48,0,0,0,3.48,0,0,0,0,0,0,0,0,0,0,0,0,0,0,0,0.327,0.058,0,0,0.385,28,4,0,0,32,286.422,44.199,0,0,330.621
2024,NE,13337.0,Nebraska Public Power District,SWPP,AC,1.57,0.895,,,2.465,201,56,,,257,349.015,243.175,,,592.19,,,,,0.0,,,,,0,,,,,0.0,,,,,0,,,,,0.0,,,,,0,,,,,0,,,,,0.0,,,,,0,,,,,0,0.025,0.046,,,0.071,4,14,,,18,,,,,0,,,,,0,,,,,0,,,,,0,1.595,0.941,0,0,2.536,205,70,0,0,275,349.015,243.175,0,0,592.19
2024,NE,13664.0,Norris Public Power District,SWPP,DC,1.906,0.317,,,2.223,164,8,,,172,1546.48,54.751,,,1601.231,,,,,0.0,,,,,0,,,,,0.0,,,,,0,,,,,0.0,,,,,0,,,,,0,,,,,0.0,,,,,0,,,,,0,0.136,0.056,,,0.192,17,5,,,22,189.301,2.394,,,191.695,,,,,0,,,,,0,,,,,0,2.042,0.373,0,0,2.415,181,13,0,0,194,1735.781,57.145,0,0,1792.926
2024,NE,13725.0,City of North Platte,SWPP,AC,0.095,0,0,,0.095,12,,,,12,0.006,,,,0.006,,,,,0.0,,,,,0,,,,,0.0,,,,,0,0.033,,,,0.033,2,,,,2,,,,,0,,,,,0.0,,,,,0,,,,,0,,,,,0,,,,,0,,,,,0,,,,,0,,,,,0,,,,,0,0.095,0,0,0,0.095,12,0,0,0,12,0.006,0,0,0,0.006
2024,NE,13739.0,Northeast Power,SWPP,AC,0.204,0.013,,,0.217,16,2,,,18,168.147,12.088,,,180.235,,,,,0.0,,,,,0,,,,,0.0,,,,,0,,,,,0.0,,,,,0,,,,,0,,,,,0.0,,,,,0,,,,,0,0.005,0.05,,,0.055,1,2,,,3,0,3.166,,,3.166,,,,,0,,,,,0,,,,,0,0.209,0.063,0,0,0.272,17,4,0,0,21,168.147,15.254,0,0,183.401
2024,NE,14127.0,Omaha Public Power District,SWPP,AC,11.985,0.904,,,12.889,1655,45,,,1700,18.94,2.959,,,21.899,,,,,0.0,,,,,0,,,,,0.0,,,,,0,,,,,0.0,,,,,0,,,,,0,,,,,0.0,,,,,0,,,,,0,0.031,0.002,,,0.033,6,1,,,7,0,0,,,0,,,,,0,,,,,0,,,,,0,12.016,0.906,0,0,12.922,1661,46,0,0,1707,18.94,2.959,0,0,21.899
2024,NE,17548.0,South Central Public Pwr Dist,SWPP,AC,0.1,0,0,0,0.1,10,0,0,0,10,14.284,0,0,0,14.284,0,0,0,0,0.0,0,0,0,0,0,0,0,0,0,0.0,0,0,0,0,0,0,0,0,0,0.0,0,0,0,0,0,0,0,0,0,0,0,0,0,0,0.0,0,0,0,0,0,0,0,0,0,0,0.01,0,0,0,0.01,1,0,0,0,1,1.209,0,0,0,1.209,0,0,0,0,0,0,0,0,0,0,0,0,0,0,0,0.11,0,0,0,0.11,11,0,0,0,11,15.493,0,0,0,15.493
2024,NE,17577.0,City of South Sioux City,SWPP,AC,,,,,0.0,,,,,0,,,,,0,,,,,0.0,,,,,0,,,,,0.0,,,,,0,,,,,0.0,,,,,0,,,,,0,,,,,0.0,,,,,0,,,,,0,,,,,0,,,,,0,,,,,0,,4.952,,,4.952,,2,,,2,,441.49,,,441.49,0.0,4.952,0,0,4.952,0,2,0,0,2,0,441.49,0,0,441.49
2024,NE,17642.0,Southern Public Power District,SWPP,AC,0.618,0.025,0,0,0.643,42,1,0,0,43,0,0,0,0,0,0,0,0,0,0.0,0,0,0,0,0,0,0,0,0,0.0,0,0,0,0,0,0,0,0,0,0.0,0,0,0,0,0,0,0,0,0,0,0,0,0,0,0.0,0,0,0,0,0,0,0,0,0,0,0.027,0,0,0,0.027,5,0,0,0,5,0,0,0,0,0,0,0,0,0,0,0,0,0,0,0,0,0,0,0,0,0.645,0.025,0,0,0.67,47,1,0,0,48,0,0,0,0,0
2024,NE,17692.0,Southwest Public Power Dist,SWPP,AC,0.046,,,,0.046,5,,,,5,18.426,,,,18.426,,,,,0.0,,,,,0,,,,,0.0,,,,,0,,,,,0.0,,,,,0,,,,,0,,,,,0.0,,,,,0,,,,,0,,,,,0,,,,,0,,,,,0,,,,,0,,,,,0,,,,,0,0.046,0,0,0,0.046,5,0,0,0,5,18.426,0,0,0,18.426
2024,NE,21111.0,Perennial Public Power Dist,SWPP,AC,0.208,0.05,,,0.258,16,2,,,18,204.451,,,,204.451,,,,,0.0,,,,,0,,,,,0.0,,,,,0,,,,,0.0,,,,,0,,,,,0,,,,,0.0,,,,,0,,,,,0,,,,,0,,,,,0,,,,,0,,,,,0,,,,,0,,,,,0,0.208,0.05,0,0,0.258,16,2,0,0,18,204.451,0,0,0,204.451
2024,NE,27058.0,"High West Energy, Inc",WACM,DC,0.012,,,,0.012,6,,,,6,,,,,0,,,,,0.0,,,,,0,,,,,0.0,,,,,0,,,,,0.0,,,,,0,,,,,0,,,,,0.0,,,,,0,,,,,0,,,,,0,,,,,0,,,,,0,,,,,0,,,,,0,,,,,0,0.012,0,0,0,0.012,6,0,0,0,6,0,0,0,0,0
2024,NE,40606.0,City of Grand Island - (NE),SWPP,AC,0.115,,0.112,,0.227,12,,2,,14,,,,,0,,,,,0.0,,,,,0,,,,,0.0,,,,,0,,,,,0.0,,,,,0,,,,,0,,,,,0.0,,,,,0,,,,,0,,,,,0,,,,,0,,,,,0,,,,,0,,,,,0,,,,,0,0.115,0,0.112,0,0.227,12,0,2,0,14,0,0,0,0,0
2024,NE,99999.0,Adjustment 2024,SWPP,,-0.332,-0.055,,,-0.388,,,,,,,,,,,,,,,0.0,,,,,,,,,,0.0,,,,,,,,,,0.0,,,,,,,,,,,,,,,0.0,,,,,,,,,,,,,,,,,,,,,,,,,,,,,,,,,,,,,,,,,-0.332,-0.055,,,-0.388,,,,,,,,,,
2024,NE,99999.0,Adjustment 2024,WACM,,-0.007,-0.004,,,-0.011,,,,,,,,,,,,,,,0.0,,,,,,,,,,0.0,,,,,,,,,,0.0,,,,,,,,,,,,,,,0.0,,,,,,,,,,,,,,,,,,,,,,,,,,,,,,,,,,,,,,,,,-0.007,-0.004,,,-0.011,,,,,,,,,,
2024,NH,13441.0,New Hampshire Elec Coop Inc,ISNE,AC,15.359,4.102,1.961,,21.422,1906,123,7,,2036,,,,,0,,,,,0.0,,,,,0,,1.028,,,1.028,,29,,,29,,,,,0.0,,,,,0,,,,,0,,,,,0.0,,,,,0,,,,,0,0.083,0.005,,,0.088,26,2,,,28,,,,,0,0.012,0.004,0,,0.016,1,1,0,,2,,,,,0,15.454,5.139,1.961,0,22.554,1933,155,7,0,2095,0,0,0,0,0
2024,NH,15472.0,Public Service Co of NH,ISNE,AC,133.407,61.537,5.214,,200.158,16580,832,39,,17451,,,,,0,,,,,0.0,,,,,0,,,,,0.0,,,,,0,6.231,0.04,0,,6.271,631,4,0,,635,,,,,0,0.28,,,,0.28,100,,,,100,,,,,0,0.121,0.13,,,0.251,29,7,,,36,,,,,0,0.093,25.806,6.715,,32.614,3,52,5,,60,,,,,0,133.621,87.473,11.929,0,233.023,16612,891,44,0,17547,0,0,0,0,0
2024,NH,24590.0,Unitil Energy Systems,ISNE,AC,18.807,4.513,0.812,,24.132,2365,103,7,,2475,3267.219,1214.878,,,4482.097,,,,,0.0,,,,,0,0.191,0.628,,,0.819,13,14,,,27,0.96,,,,0.96,87,,,,87,1.201,,,,1.201,,,,,0.0,,,,,0,,,,,0,0.015,,,,0.015,3,,,,3,,,,,0,,9.005,,,9.005,,3,,,3,,,,,0,19.013,14.146,0.812,0,33.971,2381,120,7,0,2508,3267.219,1214.878,0,0,4482.097
2024,NH,26510.0,Liberty Utilities (Granite State Electri,ISNE,AC,13.762,7.621,0,0,21.383,1652,114,0,0,1766,,,,,0,,,,,0.0,,,,,0,0.08,0.309,0,0,0.389,7,7,0,0,14,,,,,0.0,,,,,0,,,,,0,,,,,0.0,,,,,0,,,,,0,0,0.006,0,0,0.006,0,1,0,0,1,,,,,0,0,2,0,0,2,0,1,0,0,1,,,,,0,13.842,9.936,0,0,23.778,1659,123,0,0,1782,0,0,0,0,0
2024,NJ,963.0,Atlantic City Electric Co,PJM,AC,427.292,168.477,22.476,,618.245,52216,1696,46,,53958,,,,,0,1.826,,,,1.826,1734,,,,1734,,0.697,,,0.697,,33,,,33,,,,,0.0,,,,,0,,,,,0,,,,,0.0,,,,,0,,,,,0,0.207,0.04,,,0.247,17,2,,,19,,,,,0,0.06,,,,0.06,5,,,,5,,,,,0,429.385,169.214,22.476,0,621.075,53972,1731,46,0,55749,0,0,0,0,0
2024,NJ,9726.0,Jersey Central Power & Lt Co,PJM,AC,455.177,447.391,23.902,0,926.47,54556,2577,60,0,57193,0,0,0,0,0,0,0,0,0,0.0,0,0,0,0,0,0.067,0,0,0,0.067,1,0,0,0,1,15.184,0.132,0,0,15.316,1588,7,0,0,1595,0,0,0,0,0,0.155,0,0,0,0.155,14,0,0,0,14,0,0,0,0,0,0.22,0.057,0,0,0.277,15,4,0,0,19,0,0,0,0,0,0,0.74,0,0,0.74,0,2,0,0,2,0,0,0,0,0,455.464,448.188,23.902,0,927.554,54572,2583,60,0,57215,0,0,0,0,0
2024,NJ,15477.0,Public Service Elec & Gas Co,PJM,DC,577.828,845.651,114.731,0,1538.21,90063,4361,198,0,94622,,,,,0,,,,,0.0,,,,,0,,,,,0.0,,,,,0,,,,,0.0,,,,,0,,,,,0,,,,,0.0,,,,,0,,,,,0,,1.514,,,1.514,,4,,,4,,,,,0,,,,,0,,,,,0,,,,,0,577.828,847.165,114.731,0,1539.724,90063,4365,198,0,94626,0,0,0,0,0
2024,NJ,16213.0,Rockland Electric Co,PJM,AC,12.745,29.793,0.072,0,42.61,1430,161,1,0,1592,,,,,0,0,0,0,0,0.0,0,0,0,0,0,0,0,0,0,0.0,0,0,0,0,0,0.183,0,0,0,0.183,17,0,0,0,17,0,0,0,0,0,1.055,0,0,0,1.055,92,0,0,0,92,0,0,0,0,0,0,0,0,0,0,0,0,0,0,0,,,,,0,0,0,0,0,0,0,0,0,0,0,,,,,0,12.745,29.793,0.072,0,42.61,1430,161,1,0,1592,0,0,0,0,0
2024,NJ,19856.0,City of Vineland - (NJ),PJM,AC,8.436,8.16,9.487,,26.083,1557,44,11,,1612,,,,,0,,,,,0.0,,,,,0,,,,,0.0,,,,,0,,,,,0.0,,,,,0,,,,,0,,,,,0.0,,,,,0,,,,,0,0.04,,0.003,,0.043,2,,1,,3,,,,,0,,0.18,,,0.18,,1,,,1,,,,,0,8.476,8.34,9.49,0,26.306,1559,45,12,0,1616,0,0,0,0,0
2024,NJ,99999.0,Adjustment 2024,PJM,,-100.773,-147.482,-20.009,0,-268.264,,,,,,,,,,,,,,,0.0,,,,,,,,,,0.0,,,,,,,,,,0.0,,,,,,,,,,,,,,,0.0,,,,,,,,,,,,,,,,,,,,,,,,,,,,,,,,,,,,,,,,,-100.773,-147.482,-20.009,0,-268.264,,,,,,,,,,
2024,NM,3273.0,"Central New Mexico El Coop, Inc",PNM,AC,5.805,4.6,,,10.405,779,17,,,796,,,,,0,,,,,0.0,,,,,0,,,,,0.0,,,,,0,,,,,0.0,,,,,0,,,,,0,,,,,0.0,,,,,0,,,,,0,0.049,0.09,,,0.139,10,1,,,11,,,,,0,5.85,2.279,,,8.129,789,18,,,807,,,,,0,11.704,6.969,0,0,18.673,1578,36,0,0,1614,0,0,0,0,0
2024,NM,3287.0,"Central Valley Elec Coop, Inc",SWPP,AC,0.58,,,,0.58,67,,,,67,173.614,,,,173.614,,,,,0.0,,,,,0,,,,,0.0,,,,,0,,,,,0.0,,,,,0,,,,,0,,,,,0.0,,,,,0,,,,,0,0.001,,,,0.001,1,,,,1,0,,,,0,,,,,0,,,,,0,,,,,0,0.581,0,0,0,0.581,68,0,0,0,68,173.614,0,0,0,173.614
2024,NM,4265.0,Continental Divide El Coop Inc,PNM,AC,1.007,0.413,,,1.42,133,16,,,149,,,,,0,,,,,0.0,,,,,0,,,,,0.0,,,,,0,,,,,0.0,,,,,0,,,,,0,,,,,0.0,,,,,0,,,,,0,,,,,0,,,,,0,,,,,0,,,,,0,,,,,0,,,,,0,1.007,0.413,0,0,1.42,133,16,0,0,149,0,0,0,0,0
2024,NM,5701.0,El Paso Electric Co,EPE,AC,53.181,7.721,,,60.902,9674,195,,,9869,15221.057,1876.681,,,17097.738,,,,,0.0,,,,,0,,,,,0.0,,,,,0,0.992,0.03,,,1.022,112,1,,,113,,,,,0,,,,,0.0,,,,,0,,,,,0,0.007,0.006,,,0.013,3,2,,,5,,,,,0,,,,,0,,,,,0,,,,,0,53.188,7.727,0,0,60.915,9677,197,0,0,9874,15221.057,1876.681,0,0,17097.738
2024,NM,6198.0,"Farmers Electric Coop, Inc - (NM)",SWPP,AC,0.528,1.827,,,2.355,61,16,,,77,,,,,0,,,,,0.0,,,,,0,,,,,0.0,,,,,0,,,,,0.0,,,,,0,,,,,0,,,,,0.0,,,,,0,,,,,0,0.005,0.068,,,0.073,2,2,,,4,,,,,0,,,,,0,,,,,0,,,,,0,0.533,1.895,0,0,2.428,63,18,0,0,81,0,0,0,0,0
2024,NM,6204.0,City of Farmington - (NM),WACM,AC,2.433,0.131,0,0,2.564,468,16,0,0,484,151.857,3.208,0,0,155.065,,,,,0.0,,,,,0,,,,,0.0,,,,,0,,,,,0.0,,,,,0,,,,,0,,,,,0.0,,,,,0,,,,,0,,,,,0,,,,,0,,,,,0,,,,,0,,,,,0,,,,,0,2.433,0.131,0,0,2.564,468,16,0,0,484,151.857,3.208,0,0,155.065
2024,NM,9699.0,"Jemez Mountains Elec Coop, Inc",WALC,AC,3.543,0.722,,,4.265,618,52,,,670,,,,,0,,,,,0.0,,,,,0,,,,,0.0,,,,,0,,,,,0.0,,,,,0,,,,,0,,,,,0.0,,,,,0,,,,,0,,,,,0,,,,,0,,,,,0,,,,,0,,,,,0,,,,,0,3.543,0.722,0,0,4.265,618,52,0,0,670,0,0,0,0,0
2024,NM,10378.0,"Kit Carson Electric Coop, Inc",PNM,AC,2.368,1.068,,,3.436,512,100,,,612,2047.7,719.4,,,2767.1,,,,,0.0,,,,,0,0.098,,,,0.098,47,,,,47,,,,,0.0,,,,,0,,,,,0,,,,,0.0,,,,,0,,,,,0,0.003,,,,0.003,1,,,,1,5.199,,,,5.199,,,,,0,,,,,0,,,,,0,2.469,1.068,0,0,3.537,560,100,0,0,660,2052.899,719.4,0,0,2772.299
2024,NM,11204.0,Los Alamos County,PNM,DC,2.834,0.714,0,0,3.548,480,33,0,0,513,,,,,0,,,,,0.0,,,,,0,,,,,0.0,,,,,0,,,,,0.0,,,,,0,,,,,0,,,,,0.0,,,,,0,,,,,0,,,,,0,,,,,0,,,,,0,,,,,0,,,,,0,,,,,0,2.834,0.714,0,0,3.548,480,33,0,0,513,0,0,0,0,0
2024,NM,13318.0,"Navopache Electric Coop, Inc",TEPC,AC,0.062,,,,0.062,11,,,,11,55.13,,,,55.13,,,,,0.0,,,,,0,,,,,0.0,,,,,0,,,,,0.0,,,,,0,,,,,0,,,,,0.0,,,,,0,,,,,0,0.006,,,,0.006,1,,,,1,,,,,0,,,,,0,,,,,0,,,,,0,0.068,0,0,0,0.068,12,0,0,0,12,55.13,0,0,0,55.13
2024,NM,14224.0,Otero County Electric Coop Inc,PNM,AC,6.111,0.18,,,6.291,1239,7,,,1246,,,,,0,,,,,0.0,,,,,0,,,,,0.0,,,,,0,,,,,0.0,,,,,0,,,,,0,,,,,0.0,,,,,0,,,,,0,0.012,,,,0.012,3,,,,3,,,,,0,,,,,0,,,,,0,,,,,0,6.123,0.18,0,0,6.303,1242,7,0,0,1249,0,0,0,0,0
2024,NM,15473.0,Public Service Co of NM,PNM,DC,281.1,92.67,,,373.77,44953,1207,,,46160,,,,,0,,,,,0.0,,,,,0,,,,,0.0,,,,,0,,,,,0.0,,,,,0,,,,,0,,,,,0.0,,,,,0,,,,,0,0.009,0.015,,,0.024,3,3,,,6,,,,,0,,,,,0,,,,,0,,,,,0,281.109,92.685,0,0,373.794,44956,1210,0,0,46166,0,0,0,0,0
2024,NM,17715.0,Southwestern Electric Coop Inc - (NM),PNM,AC,0.28,,,,0.28,34,,,,34,,,,,0,,,,,0.0,,,,,0,,,,,0.0,,,,,0,,,,,0.0,,,,,0,,,,,0,,,,,0.0,,,,,0,,,,,0,,,,,0,,,,,0,,,,,0,,,,,0,,,,,0,,,,,0,0.28,0,0,0,0.28,34,0,0,0,34,0,0,0,0,0
2024,NM,17718.0,Southwestern Public Service Co,SWPP,DC,20.596,7.812,0.493,,28.901,2161,145,6,,2312,,,,,0,,,,,0.0,,,,,0,,,,,0.0,,,,,0,,,,,0.0,,,,,0,,,,,0,,,,,0.0,,,,,0,,,,,0,,,,,0,,,,,0,,,,,0,,,,,0,,,,,0,,,,,0,20.596,7.812,0.493,0,28.901,2161,145,6,0,2312,0,0,0,0,0
2024,NM,17826.0,"Springer Electric Coop, Inc",PNM,AC,0.07,0.055,,,0.125,19,4,,,23,,,,,0,,,,,0.0,,,,,0,,,,,0.0,,,,,0,,,,,0.0,,,,,0,,,,,0,,,,,0.0,,,,,0,,,,,0,,,,,0,,,,,0,,,,,0,,,,,0,,,,,0,,,,,0,0.07,0.055,0,0,0.125,19,4,0,0,23,0,0,0,0,0
2024,NM,99999.0,Adjustment 2024,PNM,,-49.518,-16.286,0,0,-65.804,,,,,,,,,,,,,,,0.0,,,,,,,,,,0.0,,,,,,,,,,0.0,,,,,,,,,,,,,,,0.0,,,,,,,,,,,,,,,,,,,,,,,,,,,,,,,,,,,,,,,,,-49.518,-16.286,0,0,-65.804,,,,,,,,,,
2024,NM,99999.0,Adjustment 2024,SWPP,,-3.592,-1.362,-0.086,,-5.04,,,,,,,,,,,,,,,0.0,,,,,,,,,,0.0,,,,,,,,,,0.0,,,,,,,,,,,,,,,0.0,,,,,,,,,,,,,,,,,,,,,,,,,,,,,,,,,,,,,,,,,-3.592,-1.362,-0.086,,-5.04,,,,,,,,,,
2024,NV,2008.0,City of Boulder City - (NV),WALC,DC,1.268,1.106,0,0,2.374,148,11,0,0,159,,,,,0,,,,,0.0,,,,,0,,,,,0.0,,,,,0,,,,,0.0,,,,,0,,,,,0,,,,,0.0,,,,,0,,,,,0,,,,,0,,,,,0,,,,,0,,,,,0,,,,,0,,,,,0,1.268,1.106,0,0,2.374,148,11,0,0,159,0,0,0,0,0
2024,NV,13073.0,"Mt Wheeler Power, Inc",NEVP,AC,0.061,0.157,,,0.218,15,6,,,21,,,,,0,,,,,0.0,,,,,0,,,,,0.0,,,,,0,,,,,0.0,,,,,0,,,,,0,,,,,0.0,,,,,0,,,,,0,,0,,,0,,0,,,0,,,,,0,,,,,0,,,,,0,,,,,0,0.061,0.157,0,0,0.218,15,6,0,0,21,0,0,0,0,0
2024,NV,13407.0,Nevada Power Co,NEVP,AC,907.301,31.854,33.657,,972.812,117049,571,118,,117738,,,,,0,,,,,0.0,,,,,0,,,,,0.0,,,,,0,16.957,0.025,0.163,,17.145,2097,3,1,,2101,42.209,0.064,0.84,,43.113,,,,,0.0,,,,,0,,,,,0,0.016,0.008,0.002,,0.026,2,3,1,,6,,,,,0,,,,,0,,,,,0,,,,,0,907.317,31.862,33.659,0,972.838,117051,574,119,0,117744,0,0,0,0,0
2024,NV,14245.0,Overton Power District No 5,NEVP,AC,4.779,0.083,,,4.862,540,1,,,541,3827.49,80.36,,,3907.85,,,,,0.0,,,,,0,,,,,0.0,,,,,0,,,,,0.0,,,,,0,,,,,0,,,,,0.0,,,,,0,,,,,0,,,,,0,,,,,0,,,,,0,,,,,0,,,,,0,,,,,0,4.779,0.083,0,0,4.862,540,1,0,0,541,3827.49,80.36,0,0,3907.85
2024,NV,17166.0,Sierra Pacific Power Co,NEVP,AC,89.552,35.302,1.073,,125.927,14309,454,5,,14768,,,,,0,,,,,0.0,,,,,0,,,,,0.0,,,,,0,8.615,0.047,,,8.662,1046,4,,,1050,20.287,0.101,,,20.388,,,,,0.0,,,,,0,,,,,0,0.297,9.274,0.007,,9.578,49,88,1,,138,,,,,0,0.05,0.108,0.05,,0.208,1,2,1,,4,,,,,0,89.899,44.684,1.13,0,135.713,14359,544,7,0,14910,0,0,0,0,0
2024,NV,19840.0,"Valley Electric Assn, Inc",NEVP,DC,21.824,0.188,0,0,22.012,2196,20,0,0,2216,1696.531,8.356,0,0,1704.887,0,0,0,0,0.0,0,0,0,0,0,0,0,0,0,0.0,0,0,0,0,0,0,0,0,0,0.0,0,0,0,0,0,0,0,0,0,0,0,0,0,0,0.0,0,0,0,0,0,0,0,0,0,0,0.018,0.002,0,0,0.02,8,1,0,0,9,0.546,0,0,0,0.546,0.075,0.006,0,0,0.081,9,1,0,0,10,4.253,0.018,0,0,4.271,21.917,0.196,0,0,22.113,2213,22,0,0,2235,1701.33,8.374,0,0,1709.704
2024,NV,99999.0,Adjustment 2024,NEVP,,-3.806,-0.033,0,0,-3.839,,,,,,,,,,,0,0,0,0,0.0,,,,,,0,0,0,0,0.0,,,,,,0,0,0,0,0.0,,,,,,,,,,,0,0,0,0,0.0,,,,,,,,,,,,,,,,,,,,,,,,,,,,,,,,,,,,,,,,,-3.806,-0.033,0,0,-3.839,,,,,,,,,,
2024,NV,99999.0,Adjustment 2024,WALC,,-0.221,-0.193,0,0,-0.414,,,,,,,,,,,,,,,0.0,,,,,,,,,,0.0,,,,,,,,,,0.0,,,,,,,,,,,,,,,0.0,,,,,,,,,,,,,,,,,,,,,,,,,,,,,,,,,,,,,,,,,-0.221,-0.193,0,0,-0.414,,,,,,,,,,
2024,NY,3249.0,Central Hudson Gas & Elec Corp,NYIS,AC,132.555,207.115,,,339.67,16304,774,,,17078,,,,,0,,,,,0.0,,,,,0,,,,,0.0,,,,,0,,,,,0.0,,,,,0,,,,,0,,,,,0.0,,,,,0,,,,,0,0.143,0.016,,,0.159,13,2,,,15,,,,,0,,,,,0,,,,,0,,,,,0,132.698,207.131,0,0,339.829,16317,776,0,0,17093,0,0,0,0,0
2024,NY,4226.0,Consolidated Edison Co-NY Inc,NYIS,AC,397.341,121.254,,,518.595,70078,3619,,,73697,,,,,0,,42.398,,,42.398,,20,,,20,,88.66,,,88.66,,785,,,785,4.676,20.265,,,24.941,568,29,,,597,11.504,79.729,,,91.233,0.232,44.235,,,44.467,27,21,,,48,0.554,186.015,,,186.569,,0.143,,,0.143,,6,,,6,,,,,0,0.015,39.595,,,39.61,3,42,,,45,,,,,0,397.356,292.05,0,0,689.406,70081,4472,0,0,74553,0,0,0,0,0
2024,NY,11171.0,Long Island Power Authority,NYIS,AC,629.429,106.686,,,736.115,88389,1732,,,90121,,,,,0,,1.36,,,1.36,,1,,,1,,11.063,,,11.063,,49,,,49,17.173,0.638,,,17.811,2013,9,,,2022,,,,,0,,,,,0.0,,,,,0,,,,,0,0.024,0.356,,,0.38,5,16,,,21,,,,,0,3.767,24.287,,,28.054,385,51,,,436,,,,,0,633.22,143.752,0,0,776.972,88779,1849,0,0,90628,0,0,0,0,0
2024,NY,11811.0,Town of Massena - (NY),NYIS,DC,0.038,,0.03,,0.068,6,,3,,9,19.82,,,,19.82,,,,,0.0,,,,,0,,,,,0.0,,,,,0,,,,,0.0,,,,,0,,,,,0,,,,,0.0,,,,,0,,,,,0,,,,,0,,,,,0,,,,,0,,,,,0,,,,,0,,,,,0,0.038,0,0.03,0,0.068,6,0,3,0,9,19.82,0,0,0,19.82
2024,NY,13511.0,New York State Elec & Gas Corp,NYIS,AC,90.608,663.716,,,754.324,10935,1278,,,12213,,,,,0,,419.855,,,419.855,,134,,,134,0.147,19.334,,,19.481,3,112,,,115,7.046,29.668,,,36.714,529,12,,,541,,,,,0,0.323,0.42,,,0.743,56,4,,,60,,,,,0,0.649,0.766,,,1.415,77,29,,,106,,,,,0,,,10.897,,10.897,,,28,,28,,,,,0,91.404,1103.671,10.897,0,1205.972,11015,1553,28,0,12596,0,0,0,0,0
2024,NY,13573.0,Niagara Mohawk Power Corp.,NYIS,AC,199.328,319.077,9.437,0,527.842,25414,2324,30,0,27768,0,0,0,0,0,0,1203.146,0,0,1203.146,0,312,0,0,312,0.011,12.139,0,0,12.15,1,40,0,0,41,,,,,0.0,,,,,0,,,,,0,,,,,0.0,,,,,0,,,,,0,2.408,4.001,0.15,0,6.559,195,63,2,0,260,0,0,0,0,0,0.115,19.222,1.155,0,20.492,24,51,3,0,78,0,0,0,0,0,201.862,1557.585,10.742,0,1770.189,25634,2790,35,0,28459,0,0,0,0,0
2024,NY,14154.0,Orange & Rockland Utils Inc,NYIS,AC,100.243,106.797,6.428,0,213.468,13036,212,6,0,13254,,,,,0,0,13.952,0,0,13.952,0,8,0,0,8,0,3.249,0,0,3.249,0,28,0,0,28,6.767,25.31,0,0,32.077,823,9,0,0,832,5.813,7.99,0,0,13.803,0.045,15,0,0,15.045,3,4,0,0,7,0.04,12,0,0,12.04,0,0.012,0,0,0.012,0,2,0,0,2,,,,,0,0,0.02,0,0,0.02,0,1,0,0,1,,,,,0,100.243,124.03,6.428,0,230.701,13036,251,6,0,13293,0,0,0,0,0
2024,NY,16183.0,Rochester Gas & Electric Corp,NYIS,AC,22.882,178.838,,,201.72,2805,262,,,3067,,,,,0,,20.748,,,20.748,,180,,,180,0.044,3.554,,,3.598,6,198,,,204,0.865,4.464,,,5.329,73,3,,,76,,,,,0,0.046,,,,0.046,12,,,,12,,,,,0,0.074,0.88,,,0.954,12,5,,,17,,,,,0,,1,,,1,,1,,,1,,,,,0,23.0,205.02,0,0,228.02,2823,646,0,0,3469,0,0,0,0,0
2024,NY,66101.0,FirstEnergy Pennsylvania Electric Co,PJM,AC,0.099,0.001,0,0,0.1,12,1,0,0,13,0,0,0,0,0,0,0,0,0,0.0,0,0,0,0,0,0,0,0,0,0.0,0,0,0,0,0,0,0,0,0,0.0,0,0,0,0,0,0,0,0,0,0,0,0,0,0,0.0,0,0,0,0,0,0,0,0,0,0,0,0.004,0,0,0.004,0,1,0,0,1,0,0,0,0,0,0,0,0,0,0,0,0,0,0,0,0,0,0,0,0,0.099,0.005,0,0,0.104,12,2,0,0,14,0,0,0,0,0
2024,NY,99999.0,Adjustment 2024,NYIS,,-0.007,,-0.005,,-0.012,,,,,,,,,,,,,,,0.0,,,,,,,,,,0.0,,,,,,,,,,0.0,,,,,,,,,,,,,,,0.0,,,,,,,,,,,,,,,,,,,,,,,,,,,,,,,,,,,,,,,,,-0.007,,-0.005,,-0.012,,,,,,,,,,
2024,OH,2651.0,Butler Rural Electric Coop Inc - (OH),PJM,DC,1.621,0.1,,,1.721,153,2,,,155,471.817,39.9,,,511.717,,,,,0.0,,,,,0,,,,,0.0,,,,,0,,,,,0.0,,,,,0,,,,,0,,,,,0.0,,,,,0,,,,,0,,0.003,,,0.003,,1,,,1,,,,,0,,,,,0,,,,,0,,,,,0,1.621,0.103,0,0,1.724,153,3,0,0,156,471.817,39.9,0,0,511.717
2024,OH,3542.0,Duke Energy Ohio Inc,PJM,AC,38.749,21.283,2.176,,62.208,5334,234,18,,5586,,,,,0,,,,,0.0,,,,,0,,,,,0.0,,,,,0,,,,,0.0,,,,,0,,,,,0,,,,,0.0,,,,,0,,,,,0,0.025,,,,0.025,6,,,,6,,,,,0,,,,,0,,,,,0,,,,,0,38.774,21.283,2.176,0,62.233,5340,234,18,0,5592,0,0,0,0,0
2024,OH,3755.0,Cleveland Electric Illum Co,PJM,AC,17.47,13.477,0.721,0,31.668,2458,144,7,0,2609,0,0,0,0,0,0,0,0,0,0.0,0,0,0,0,0,0,0,0,0,0.0,0,0,0,0,0,1.741,1.011,0.109,0,2.861,261,3,1,0,265,0,0,0,0,0,0,0,0,0,0.0,0,0,0,0,0,0,0,0,0,0,0.021,3.215,1.225,0,4.461,5,16,2,0,23,0,0,0,0,0,0,0,0,0,0,0,0,0,0,0,0,0,0,0,0,17.491,16.692,1.946,0,36.129,2463,160,9,0,2632,0,0,0,0,0
2024,OH,3762.0,City of Cleveland - (OH),PJM,AC,1.934,0.223,0,,2.157,175,4,0,,179,,,,,0,,,,,0.0,,,,,0,,,,,0.0,,,,,0,,,,,0.0,,,,,0,,,,,0,,,,,0.0,,,,,0,,,,,0,,,,,0,,,,,0,,,,,0,,,,,0,,,,,0,,,,,0,1.934,0.223,0,0,2.157,175,4,0,0,179,0,0,0,0,0
2024,OH,4683.0,City of Cuyahoga Falls - (OH),PJM,DC,0.144,0.111,0.397,0,0.652,22,2,3,0,27,,,,,0,,,,,0.0,,,,,0,,,,,0.0,,,,,0,,,,,0.0,,,,,0,,,,,0,,,,,0.0,,,,,0,,,,,0,0,0,0.011,0,0.011,0,0,1,0,1,,,,,0,,,,,0,,,,,0,,,,,0,0.144,0.111,0.408,0,0.663,22,2,4,0,28,0,0,0,0,0
2024,OH,4922.0,Dayton Power & Light Co,PJM,AC,2.602,7.285,,,9.887,388,76,,,464,,,,,0,,,,,0.0,,,,,0,,,,,0.0,,,,,0,,,,,0.0,,,,,0,,,,,0,,,,,0.0,,,,,0,,,,,0,0.099,4.668,,,4.767,20,10,,,30,,,,,0,,0.575,,,0.575,,1,,,1,,,,,0,2.701,12.528,0,0,15.229,408,87,0,0,495,0,0,0,0,0
2024,OH,7004.0,"Buckeye Power, Inc",PJM,DC,28.771,3.836,,,32.607,2974,84,,,3058,2562.302,341.597,,,2903.899,,,,,0.0,,,,,0,,,,,0.0,,,,,0,,,,,0.0,,,,,0,,,,,0,,,,,0.0,,,,,0,,,,,0,0.151,0.015,,,0.166,30,3,,,33,14.682,1.436,,,16.118,0,0.095,,,0.095,0,2,,,2,0,7.98,,,7.98,28.922,3.946,0,0,32.868,3004,89,0,0,3093,2576.984,351.013,0,0,2927.997
2024,OH,7891.0,Guernsey-Muskingum El Coop Inc,PJM,AC,0.756,0.163,,,0.919,77,3,,,80,,,,,0,,,,,0.0,,,,,0,,,,,0.0,,,,,0,,,,,0.0,,,,,0,,,,,0,,,,,0.0,,,,,0,,,,,0,0.01,,,,0.01,1,,,,1,,,,,0,,,,,0,,,,,0,,,,,0,0.766,0.163,0,0,0.929,78,3,0,0,81,0,0,0,0,0
2024,OH,8761.0,Holmes-Wayne Electric Coop Inc,PJM,AC,1.039,0.709,,,1.748,110,17,,,127,651.296,383.055,,,1034.351,,,,,0.0,,,,,0,,,,,0.0,,,,,0,,,,,0.0,,,,,0,,,,,0,,,,,0.0,,,,,0,,,,,0,0.005,,,,0.005,2,,,,2,0.04,,,,0.04,,,,,0,,,,,0,,,,,0,1.044,0.709,0,0,1.753,112,17,0,0,129,651.336,383.055,0,0,1034.391
2024,OH,10830.0,City of Lebanon - (OH),PJM,AC,0.198,0.343,,,0.541,21,5,,,26,,,,,0,,,,,0.0,,,,,0,,,,,0.0,,,,,0,,,,,0.0,,,,,0,,,,,0,,,,,0.0,,,,,0,,,,,0,,,,,0,,,,,0,,,,,0,,,,,0,,,,,0,,,,,0,0.198,0.343,0,0,0.541,21,5,0,0,26,0,0,0,0,0
2024,OH,12377.0,Midwest Energy Cooperative - (MI),PJM,AC,0.032,,,,0.032,4,,,,4,16.523,,,,16.523,,,,,0.0,,,,,0,,,,,0.0,,,,,0,,,,,0.0,,,,,0,,,,,0,,,,,0.0,,,,,0,,,,,0,,,,,0,,,,,0,,,,,0,,,,,0,,,,,0,,,,,0,0.032,0,0,0,0.032,4,0,0,0,4,16.523,0,0,0,16.523
2024,OH,12990.0,Consolidated Cooperative,PJM,AC,1.897,0.025,,,1.922,214,1,,,215,,,,,0,,,,,0.0,,,,,0,0.1,,,,0.1,41,,,,41,,,,,0.0,,,,,0,,,,,0,,,,,0.0,,,,,0,,,,,0,,,,,0,,,,,0,,,,,0,,,,,0,,,,,0,,,,,0,1.997,0.025,0,0,2.022,255,1,0,0,256,0,0,0,0,0
2024,OH,13998.0,Ohio Edison Co,PJM,AC,30.73,35.392,1.717,0,67.839,3791,167,5,0,3963,0,0,0,0,0,0,0,0,0,0.0,0,0,0,0,0,0,0,0,0,0.0,0,0,0,0,0,4.923,0.32,0,0,5.243,553,5,0,0,558,0,0,0,0,0,0,0,0,0,0.0,0,0,0,0,0,0,0,0,0,0,0.758,1.783,1.05,0,3.591,73,34,3,0,110,0,0,0,0,0,0,0.915,0,0,0.915,0,4,0,0,4,0,0,0,0,0,31.488,38.09,2.767,0,72.345,3864,205,8,0,4077,0,0,0,0,0
2024,OH,14006.0,Ohio Power Co,PJM,AC,78.455,69.344,11.119,,158.918,11036,524,46,,11606,47105.11,29727.394,2913.566,,79746.07,,,,,0.0,,,,,0,,,,,0.0,,,,,0,3.822,0.836,1.001,,5.659,782,12,1,,795,9.094,1.227,1.001,,11.322,,,,,0.0,,,,,0,,,,,0,0.307,2.038,25.733,,28.078,54,22,7,,83,26.132,25.951,6571.7,,6623.783,0,3.105,1,,4.105,0,7,1,,8,0,0,0,,0,78.762,74.487,37.852,0,191.101,11090,553,54,0,11697,47131.242,29753.345,9485.266,0,86369.853
2024,OH,18997.0,The Toledo Edison Co,PJM,AC,4.82,14.762,26.056,0,45.638,636,84,18,0,738,0,0,0,0,0,0,0,0,0,0.0,0,0,0,0,0,0,0,0,0,0.0,0,0,0,0,0,0.427,0,0,0,0.427,51,0,0,0,51,0,0,0,0,0,0,0,0,0,0.0,0,0,0,0,0,0,0,0,0,0,0.273,3.345,4.5,0,8.118,41,20,1,0,62,0,0,0,0,0,0,0.78,2.8,0,3.58,0,4,1,0,5,0,0,0,0,0,5.093,18.887,33.356,0,57.336,677,108,20,0,805,0,0,0,0,0
2024,OH,19951.0,City of Wadsworth - (OH),PJM,AC,0.01,0.05,0.05,,0.11,29,5,1,,35,,,,,0,,,,,0.0,,,,,0,,,,,0.0,,,,,0,,,,,0.0,,,,,0,,,,,0,,,,,0.0,,,,,0,,,,,0,,,,,0,,,,,0,,,,,0,,,,,0,,,,,0,,,,,0,0.01,0.05,0.05,0,0.11,29,5,1,0,35,0,0,0,0,0
2024,OH,20477.0,City of Westerville - (OH),PJM,AC,0.718,3.729,,,4.447,98,10,,,108,,,,,0,,,,,0.0,,,,,0,,,,,0.0,,,,,0,,,,,0.0,,,,,0,,,,,0,,,,,0.0,,,,,0,,,,,0,,,,,0,,,,,0,,,,,0,,,,,0,,,,,0,,,,,0,0.718,3.729,0,0,4.447,98,10,0,0,108,0,0,0,0,0
2024,OH,99999.0,Adjustment 2024,PJM,,-5.325,-0.706,-0.069,0,-6.101,,,,,,,,,,,,,,,0.0,,,,,,,,,,0.0,,,,,,,,,,0.0,,,,,,,,,,,,,,,0.0,,,,,,,,,,,,,,,,,,,,,,,,,,,,,,,,,,,,,,,,,-5.325,-0.706,-0.069,0,-6.101,,,,,,,,,,
2024,OK,296.0,"Alfalfa Electric Coop, Inc",SWPP,AC,,,,,0.0,,,,,0,,,,,0,,,,,0.0,,,,,0,,,,,0.0,,,,,0,,,,,0.0,,,,,0,,,,,0,,,,,0.0,,,,,0,,,,,0,,0.001,,,0.001,,2,,,2,,,,,0,,0.085,,,0.085,,19,,,19,,,,,0,0.0,0.086,0,0,0.086,0,21,0,0,21,0,0,0,0,0
2024,OK,817.0,Arkansas Valley Elec Coop Corp,SWPP,AC,0.461,,,,0.461,49,,,,49,286.586,,,,286.586,,,,,0.0,,,,,0,,,,,0.0,,,,,0,,,,,0.0,,,,,0,,,,,0,,,,,0.0,,,,,0,,,,,0,,,,,0,,,,,0,,,,,0,,,,,0,,,,,0,,,,,0,0.461,0,0,0,0.461,49,0,0,0,49,286.586,0,0,0,286.586
2024,OK,3226.0,"Central Rural Electric Cooperative, Inc",AECI,AC,1.775,0.089,,,1.864,195,3,,,198,,,,,0,,,,,0.0,,,,,0,,,,,0.0,,,,,0,0.182,,,,0.182,18,,,,18,0.345,,,,0.345,,,,,0.0,,,,,0,,,,,0,,,,,0,,,,,0,,,,,0,,,,,0,,,,,0,,,,,0,1.775,0.089,0,0,1.864,195,3,0,0,198,0,0,0,0,0
2024,OK,3478.0,Cimarron Electric Coop,SWPP,AC,1.255,0.61,,,1.865,99,3,,,102,,,,,0,,,,,0.0,,,,,0,,,,,0.0,,,,,0,,,,,0.0,,,,,0,,,,,0,,,,,0.0,,,,,0,,,,,0,0.039,0.015,,,0.054,3,1,,,4,,,,,0,,,,,0,,,,,0,,,,,0,1.294,0.625,0,0,1.919,102,4,0,0,106,0,0,0,0,0
2024,OK,3527.0,Choctaw Electric Coop Inc,SWPP,AC,1.627,,,,1.627,178,,,,178,,,,,0,,,,,0.0,,,,,0,,,,,0.0,,,,,0,,,,,0.0,,,,,0,,,,,0,,,,,0.0,,,,,0,,,,,0,0,,,,0,0,,,,0,,,,,0,,,,,0,,,,,0,,,,,0,1.627,0,0,0,1.627,178,0,0,0,178,0,0,0,0,0
2024,OK,3647.0,City of Claremore,SWPP,DC,0.777,,,,0.777,90,,,,90,,,,,0,,,,,0.0,,,,,0,,,,,0.0,,,,,0,,,,,0.0,,,,,0,,,,,0,,,,,0.0,,,,,0,,,,,0,,,,,0,,,,,0,,,,,0,,,,,0,,,,,0,,,,,0,0.777,0,0,0,0.777,90,0,0,0,90,0,0,0,0,0
2024,OK,4296.0,"Cookson Hills Elec Coop, Inc",AECI,AC,0.876,0.055,,,0.931,100,1,,,101,,,,,0,,,,,0.0,,,,,0,,,,,0.0,,,,,0,,,,,0.0,,,,,0,,,,,0,,,,,0.0,,,,,0,,,,,0,,,,,0,,,,,0,,,,,0,,,,,0,,,,,0,,,,,0,0.876,0.055,0,0,0.931,100,1,0,0,101,0,0,0,0,0
2024,OK,4401.0,"Cotton Electric Coop, Inc",SWPP,AC,1.966,0.034,,,2.0,204,2,,,206,,,,,0,,,,,0.0,,,,,0,,,,,0.0,,,,,0,0.371,,,,0.371,19,,,,19,0.356,,,,0.356,0,,,,0.0,0,,,,0,0,,,,0,0.018,0.015,,,0.033,2,1,,,3,,,,,0,,,,,0,,,,,0,,,,,0,1.984,0.049,0,0,2.033,206,3,0,0,209,0,0,0,0,0
2024,OK,5598.0,East Central Oklahoma Elec Coop Inc,AECI,DC,2.299,0.005,,,2.304,236,1,,,237,,,,,0,,,,,0.0,,,,,0,,,,,0.0,,,,,0,0.053,,,,0.053,22,,,,22,0.657,,,,0.657,,,,,0.0,,,,,0,,,,,0,0.022,,,,0.022,3,,,,3,,,,,0,,,,,0,,,,,0,,,,,0,2.321,0.005,0,0,2.326,239,1,0,0,240,0,0,0,0,0
2024,OK,5661.0,City of Edmond - (OK),SWPP,AC,0.479,0.003,,,0.482,74,1,,,75,,,,,0,,,,,0.0,,,,,0,,,,,0.0,,,,,0,,,,,0.0,,,,,0,,,,,0,,,,,0.0,,,,,0,,,,,0,,,,,0,,,,,0,,,,,0,,,,,0,,,,,0,,,,,0,0.479,0.003,0,0,0.482,74,1,0,0,75,0,0,0,0,0
2024,OK,5860.0,Empire District Electric Co,SWPP,DC,0.395,0.482,,,0.877,41,3,,,44,1.235,,,,1.235,,,,,0.0,,,,,0,,,,,0.0,,,,,0,,,,,0.0,,,,,0,,,,,0,,,,,0.0,,,,,0,,,,,0,,,,,0,,,,,0,,,,,0,,,,,0,,,,,0,,,,,0,0.395,0.482,0,0,0.877,41,3,0,0,44,1.235,0,0,0,1.235
2024,OK,9246.0,"Indian Electric Coop, Inc",SWPP,AC,1.07,0.307,,,1.377,136,4,,,140,,,,,0,,,,,0.0,,,,,0,,,,,0.0,,,,,0,,,,,0.0,,,,,0,,,,,0,,,,,0.0,,,,,0,,,,,0,0.01,,,,0.01,1,,,,1,,,,,0,,,,,0,,,,,0,,,,,0,1.08,0.307,0,0,1.387,137,4,0,0,141,0,0,0,0,0
2024,OK,10170.0,"Kiamichi Electric Coop, Inc",AECI,AC,1.07,,,,1.07,123,,,,123,,,,,0,,,,,0.0,,,,,0,,,,,0.0,,,,,0,,,,,0.0,,,,,0,,,,,0,,,,,0.0,,,,,0,,,,,0,,,,,0,,,,,0,,,,,0,,,,,0,,,,,0,,,,,0,1.07,0,0,0,1.07,123,0,0,0,123,0,0,0,0,0
2024,OK,10599.0,"Lake Region Electric Coop, Inc - (OK)",AECI,DC,0.76,,,,0.76,97,,,,97,,,,,0,,,,,0.0,,,,,0,,,,,0.0,,,,,0,,,,,0.0,,,,,0,,,,,0,,,,,0.0,,,,,0,,,,,0,,,,,0,,,,,0,,,,,0,,,,,0,,,,,0,,,,,0,0.76,0,0,0,0.76,97,0,0,0,97,0,0,0,0,0
2024,OK,13734.0,Northeast Oklahoma Electric Co,SWPP,AC,2.019,0.981,0,0,3.0,224,15,0,0,239,1251.76,491.99,0,0,1743.75,,,,,0.0,,,,,0,,,,,0.0,,,,,0,,,,,0.0,,,,,0,,,,,0,,,,,0.0,,,,,0,,,,,0,0.01,0,0,0,0.01,1,0,0,0,1,0,0,0,0,0,,,,,0,,,,,0,,,,,0,2.029,0.981,0,0,3.01,225,15,0,0,240,1251.76,491.99,0,0,1743.75
2024,OK,14062.0,Oklahoma Electric Coop Inc,SWPP,AC,7.157,0.26,0.368,,7.785,832,8,3,,843,,,,,0,,,,,0.0,,,,,0,,,,,0.0,,,,,0,,,,,0.0,,,,,0,,,,,0,,,,,0.0,,,,,0,,,,,0,0.128,,,,0.128,17,,,,17,,,,,0,,,0.088,,0.088,,,3,,3,,,,,0,7.285,0.26,0.456,0,8.001,849,8,6,0,863,0,0,0,0,0
2024,OK,14063.0,Oklahoma Gas & Electric Co,SWPP,AC,62.858,12.4,0.495,0,75.753,8975,229,5,0,9209,0,0,0,0,0,10.77,14.674,0.611,0,26.055,2994,1770,19,0,4783,0,0,0,0,0.0,0,0,0,0,0,0.559,0,0,0,0.559,53,0,0,0,53,0,0,0,0,0,0,0,0,0,0.0,0,0,0,0,0,0,0,0,0,0,0.123,0.405,0,0,0.528,19,7,0,0,26,0,0,0,0,0,0,0,0,0,0,0,0,0,0,0,0,0,0,0,0,73.751,27.479,1.106,0,102.336,11988,2006,24,0,14018,0,0,0,0,0
2024,OK,14289.0,Ozarks Electric Coop Corp - (AR),SWPP,DC,0.872,0.075,,,0.947,91,5,,,96,,,,,0,,,,,0.0,,,,,0,,,,,0.0,,,,,0,,,,,0.0,,,,,0,,,,,0,,,,,0.0,,,,,0,,,,,0,,,,,0,,,,,0,,,,,0,,,,,0,,,,,0,,,,,0,0.872,0.075,0,0,0.947,91,5,0,0,96,0,0,0,0,0
2024,OK,14775.0,People's Electric Cooperative,SWPP,AC,2.5,0.85,,,3.35,195,28,,,223,,,,,0,,,,,0.0,,,,,0,,,,,0.0,,,,,0,,,,,0.0,,,,,0,,,,,0,,,,,0.0,,,,,0,,,,,0,,,,,0,,,,,0,,,,,0,,,,,0,,,,,0,,,,,0,2.5,0.85,0,0,3.35,195,28,0,0,223,0,0,0,0,0
2024,OK,15474.0,Public Service Co of Oklahoma,SWPP,AC,29.199,1.892,1.508,,32.599,4237,72,7,,4316,23003.961,930.857,119.573,,24054.391,,,,,0.0,,,,,0,,,,,0.0,,,,,0,1.437,0.015,,,1.452,206,1,,,207,3.239,0.027,,,3.266,0.07,,,,0.07,10,,,,10,0.16,,,,0.16,0.051,,,,0.051,9,,,,9,,,,,0,,,,,0,,,,,0,,,,,0,29.25,1.892,1.508,0,32.65,4246,72,7,0,4325,23003.961,930.857,119.573,0,24054.391
2024,OK,16382.0,"Rural Electric Coop, Inc - (OK)",SWPP,DC,0.829,,,,0.829,77,,,,77,,,,,0,,,,,0.0,,,,,0,,,,,0.0,,,,,0,,,,,0.0,,,,,0,,,,,0,,,,,0.0,,,,,0,,,,,0,0.075,,,,0.075,4,,,,4,,,,,0,,,,,0,,,,,0,,,,,0,0.904,0,0,0,0.904,81,0,0,0,81,0,0,0,0,0
2024,OK,17671.0,Southwest Arkansas E C C,MISO,AC,0.017,0,0,0,0.017,1,0,0,0,1,0,0,0,0,0,0,0,0,0,0.0,0,0,0,0,0,0,0,0,0,0.0,0,0,0,0,0,0,0,0,0,0.0,0,0,0,0,0,0,0,0,0,0,0,0,0,0,0.0,0,0,0,0,0,0,0,0,0,0,0,0,0,0,0,0,0,0,0,0,0,0,0,0,0,0,0,0,0,0,0,0,0,0,0,0,0,0,0,0,0.017,0,0,0,0.017,1,0,0,0,1,0,0,0,0,0
2024,OK,18125.0,Stillwater Utilities Authority,SWPP,AC,0.501,,,,0.501,56,,,,56,,,,,0,,,,,0.0,,,,,0,,,,,0.0,,,,,0,,,,,0.0,,,,,0,,,,,0,,,,,0.0,,,,,0,,,,,0,0.01,,,,0.01,1,,,,1,,,,,0,,,,,0,,,,,0,,,,,0,0.511,0,0,0,0.511,57,0,0,0,57,0,0,0,0,0
2024,OK,19160.0,"Tri-County Electric Coop, Inc (OK)",SWPP,DC,0.442,0.009,,,0.451,45,1,,,46,,,,,0,,,,,0.0,,,,,0,0.175,,0.003,,0.178,75,,2,,77,,,,,0.0,,,,,0,,,,,0,,,,,0.0,,,,,0,,,,,0,0.002,,,,0.002,1,,,,1,,,,,0,,,,,0,,,,,0,,,,,0,0.619,0.009,0.003,0,0.631,121,1,2,0,124,0,0,0,0,0
2024,OK,19785.0,Verdigris Valley Elec Coop Inc,AECI,AC,2.133,,,,2.133,225,,,,225,,,,,0,,,,,0.0,,,,,0,,,,,0.0,,,,,0,,,,,0.0,,,,,0,,,,,0,,,,,0.0,,,,,0,,,,,0,,,,,0,,,,,0,,,,,0,,,,,0,,,,,0,,,,,0,2.133,0,0,0,2.133,225,0,0,0,225,0,0,0,0,0
2024,OK,60482.0,CKenergy Electric Cooperative,SWPP,AC,1.4,,,,1.4,175,,,,175,,,,,0,,,,,0.0,,,,,0,,,,,0.0,,,,,0,,,,,0.0,,,,,0,,,,,0,,,,,0.0,,,,,0,,,,,0,0.025,,,,0.025,9,,,,9,,,,,0,,,,,0,,,,,0,,,,,0,1.425,0,0,0,1.425,184,0,0,0,184,0,0,0,0,0
2024,OK,99999.0,Adjustment 2024,AECI,,-0.533,-0.001,,,-0.534,,,,,,,,,,,,,,,0.0,,,,,,,,,,0.0,,,,,,-0.009,,,,-0.009,,,,,,,,,,,,,,,0.0,,,,,,,,,,,,,,,,,,,,,,,,,,,,,,,,,,,,,,,,,-0.533,-0.001,,,-0.534,,,,,,,,,,
2024,OK,99999.0,Adjustment 2024,SWPP,,-0.578,-0.099,,,-0.677,,,,,,,,,,,,,,,0.0,,,,,,-0.031,,-0.001,,-0.031,,,,,,,,,,0.0,,,,,,,,,,,,,,,0.0,,,,,,,,,,,,,,,,,,,,,,,,,,,,,,,,,,,,,,,,,-0.609,-0.099,-0.001,,-0.708,,,,,,,,,,
2024,OR,3240.0,Central Electric Coop Inc - (OR),BPAT,DC,6.758,0.206,,,6.964,811,14,,,825,4815.414,52.788,,,4868.202,,,,,0.0,,,,,0,0.075,0.001,,,0.076,125,2,,,127,,,,,0.0,,,,,0,,,,,0,,,,,0.0,,,,,0,,,,,0,0.028,,,,0.028,3,,,,3,0.149,,,,0.149,0.006,0.012,,,0.018,1,1,,,2,0.083,0.702,,,0.785,6.867,0.219,0,0,7.086,940,17,0,0,957,4815.646,53.49,0,0,4869.136
2024,OR,3264.0,Central Lincoln People's Ut Dt,BPAT,AC,1.269,0.495,,,1.764,170,16,,,186,0.18,0.012,,,0.192,,,,,0.0,,,,,0,,,,,0.0,,,,,0,,,,,0.0,,,,,0,,,,,0,,,,,0.0,,,,,0,,,,,0,0.001,0.02,,,0.021,1,1,,,2,,,,,0,,,,,0,,,,,0,,,,,0,1.27,0.515,0,0,1.785,171,17,0,0,188,0.18,0.012,0,0,0.192
2024,OR,4317.0,"Coos-Curry Electric Coop, Inc",BPAT,AC,0.446,0.135,,,0.581,63,10,,,73,,,,,0,,,,,0.0,,,,,0,,,,,0.0,,,,,0,,,,,0.0,,,,,0,,,,,0,,,,,0.0,,,,,0,,,,,0,,,,,0,,,,,0,,,,,0,0.006,,,,0.006,2,,,,2,,,,,0,0.452,0.135,0,0,0.587,65,10,0,0,75,0,0,0,0,0
2024,OR,4743.0,"Consumers Power, Inc",BPAT,AC,4.421,0.316,,,4.737,616,15,,,631,3036.389,,,,3036.389,,,,,0.0,,,,,0,,,,,0.0,,,,,0,0.665,,,,0.665,44,,,,44,,,,,0,,,,,0.0,,,,,0,,,,,0,,,,,0,,,,,0,,,,,0,,,,,0,,,,,0,,,,,0,4.421,0.316,0,0,4.737,616,15,0,0,631,3036.389,0,0,0,3036.389
2024,OR,6022.0,City of Eugene - (OR),BPAT,AC,8.016,2.185,,,10.201,1188,103,,,1291,,,,,0,,,,,0.0,,,,,0,,,,,0.0,,,,,0,,,,,0.0,,,,,0,,,,,0,,,,,0.0,,,,,0,,,,,0,,,,,0,,,,,0,,,,,0,,,,,0,,,,,0,,,,,0,8.016,2.185,0,0,10.201,1188,103,0,0,1291,0,0,0,0,0
2024,OR,6582.0,City of Forest Grove,BPAT,AC,0.568,0.043,,,0.611,83,2,,,85,,,,,0,,,,,0.0,,,,,0,,,,,0.0,,,,,0,,,,,0.0,,,,,0,,,,,0,,,,,0.0,,,,,0,,,,,0,,,,,0,,,,,0,,,,,0,,,,,0,,,,,0,,,,,0,0.568,0.043,0,0,0.611,83,2,0,0,85,0,0,0,0,0
2024,OR,9191.0,Idaho Power Co,IPCO,DC,1.983,0.383,1.254,0,3.62,227,15,20,0,262,,,,,0,,,,,0.0,,,,,0,,,,,0.0,,,,,0,,,,,0.0,,,,,0,,,,,0,,,,,0.0,,,,,0,,,,,0,,,,,0,,,,,0,,,,,0,,,,,0,,,,,0,,,,,0,1.983,0.383,1.254,0,3.62,227,15,20,0,262,0,0,0,0,0
2024,OR,10681.0,Lane Electric Coop Inc,BPAT,DC,1.957,0.07,,,2.027,266,4,,,270,,,,,0,,,,,0.0,,,,,0,0.027,,,,0.027,43,,,,43,,,,,0.0,,,,,0,,,,,0,,,,,0.0,,,,,0,,,,,0,,,,,0,,,,,0,,,,,0,,,,,0,,,,,0,,,,,0,1.984,0.07,0,0,2.054,309,4,0,0,313,0,0,0,0,0
2024,OR,12439.0,"Midstate Electric Coop, Inc",BPAT,AC,0.621,0.355,,,0.976,77,9,,,86,,,,,0,,,,,0.0,,,,,0,,,,,0.0,,,,,0,,,,,0.0,,,,,0,,,,,0,,,,,0.0,,,,,0,,,,,0,,,,,0,,,,,0,,,,,0,,,,,0,,,,,0,,,,,0,0.621,0.355,0,0,0.976,77,9,0,0,86,0,0,0,0,0
2024,OR,13788.0,Northern Wasco County PUD,BPAT,AC,0.227,0.144,0.186,,0.557,32,4,6,,42,,,,,0,,,,,0.0,,,,,0,,,,,0.0,,,,,0,,,,,0.0,,,,,0,,,,,0,,,,,0.0,,,,,0,,,,,0,,,,,0,,,,,0,,,,,0,,,,,0,,,,,0,,,,,0,0.227,0.144,0.186,0,0.557,32,4,6,0,42,0,0,0,0,0
2024,OR,14109.0,"Oregon Trail El Cons Coop, Inc",BPAT,DC,0.72,1.159,,,1.879,118,72,,,190,,,,,0,,,,,0.0,,,,,0,,,,,0.0,,,,,0,,,,,0.0,,,,,0,,,,,0,,,,,0.0,,,,,0,,,,,0,0.02,,,,0.02,2,,,,2,,,,,0,0.002,,,,0.002,1,,,,1,,,,,0,0.742,1.159,0,0,1.901,121,72,0,0,193,0,0,0,0,0
2024,OR,14354.0,PacifiCorp,PACW,DC,152.913,56.059,5,0,213.972,19692,1203,178,0,21073,,,,,0,,,,,0.0,,,,,0,,,,,0.0,,,,,0,8.191,0.452,0,0,8.643,771,15,0,0,786,22.038,0.679,0,0,22.717,0.039,0,0,0,0.039,4,0,0,0,4,0.096,0,0,0,0.096,0.078,0.087,0,0,0.165,18,9,0,0,27,,,,,0,0.142,2.773,0,0,2.915,9,17,0,0,26,,,,,0,153.133,58.919,5,0,217.052,19719,1229,178,0,21126,0,0,0,0,0
2024,OR,15248.0,Portland General Electric Co,PGE,DC,214.202,55.528,12.919,,282.649,28437,1126,70,,29633,,,,,0,,,,,0.0,,,,,0,,,,,0.0,,,,,0,0.41,,,,0.41,47,,,,47,0.74,,,,0.74,,,,,0.0,,,,,0,,,,,0,0.289,0.382,,,0.671,31,11,,,42,,,,,0,0.013,1.359,4.439,,5.811,2,7,5,,14,,,,,0,214.504,57.269,17.358,0,289.131,28470,1144,75,0,29689,0,0,0,0,0
2024,OR,16555.0,Salem Electric - (OR),BPAT,DC,0.978,0.131,,,1.109,139,7,,,146,,,,,0,,,,,0.0,,,,,0,,,,,0.0,,,,,0,,,,,0.0,,,,,0,,,,,0,,,,,0.0,,,,,0,,,,,0,,,,,0,,,,,0,,,,,0,,,,,0,,,,,0,,,,,0,0.978,0.131,0,0,1.109,139,7,0,0,146,0,0,0,0,0
2024,OR,17839.0,City of Springfield - (OR),BPAT,AC,0.738,0.311,0.068,,1.117,112,10,1,,123,450.204,45.759,22.04,,518.003,,,,,0.0,,,,,0,,,,,0.0,,,,,0,,,,,0.0,,,,,0,,,,,0,,,,,0.0,,,,,0,,,,,0,,,,,0,,,,,0,,,,,0,,,,,0,,,,,0,,,,,0,0.738,0.311,0.068,0,1.117,112,10,1,0,123,450.204,45.759,22.04,0,518.003
2024,OR,18260.0,Surprise Valley Electrification,PACW,AC,0.073,0.015,,,0.088,6,1,,,7,,,,,0,,,,,0.0,,,,,0,,,,,0.0,,,,,0,,,,,0.0,,,,,0,,,,,0,,,,,0.0,,,,,0,,,,,0,,,,,0,,,,,0,,,,,0,,,,,0,,,,,0,,,,,0,0.073,0.015,0,0,0.088,6,1,0,0,7,0,0,0,0,0
2024,OR,18917.0,Tillamook Peoples Utility Dist,BPAT,AC,0.511,0.089,,,0.6,74,6,,,80,,,,,0,,,,,0.0,,,,,0,,,,,0.0,,,,,0,,,,,0.0,,,,,0,,,,,0,,,,,0.0,,,,,0,,,,,0,,,,,0,,,,,0,,,,,0,,,,,0,,,,,0,,,,,0,0.511,0.089,0,0,0.6,74,6,0,0,80,0,0,0,0,0
2024,OR,19325.0,Umatilla Electric Coop Assn,BPAT,AC,0.894,0.104,0.072,,1.07,109,7,3,,119,34,,,,34,,,,,0.0,,,,,0,,,,,0.0,,,,,0,,,,,0.0,,,,,0,,,,,0,,,,,0.0,,,,,0,,,,,0,,,,,0,,,,,0,,,,,0,,,,,0,,,,,0,,,,,0,0.894,0.104,0.072,0,1.07,109,7,3,0,119,34,0,0,0,34
2024,OR,28541.0,Clatskanie Peoples Util Dist,BPAT,AC,0.142,,,,0.142,18,,,,18,,,,,0,,,,,0.0,,,,,0,,,,,0.0,,,,,0,,,,,0.0,,,,,0,,,,,0,,,,,0.0,,,,,0,,,,,0,,,,,0,,,,,0,,,,,0,0.003,,,,0.003,1,,,,1,,,,,0,0.145,0,0,0,0.145,19,0,0,0,19,0,0,0,0,0
2024,OR,40437.0,Emerald People's Utility Dist,PACW,DC,1.912,0.253,,,2.165,259,23,,,282,,,,,0,,,,,0.0,,,,,0,0.174,,,,0.174,100,,,,100,,,,,0.0,,,,,0,,,,,0,,,,,0.0,,,,,0,,,,,0,,,,,0,,,,,0,,,,,0,,,,,0,,,,,0,,,,,0,2.086,0.253,0,0,2.339,359,23,0,0,382,0,0,0,0,0
2024,OR,40438.0,Columbia River Peoples Ut Dist,BPAT,DC,0.768,0.43,,,1.198,103,8,,,111,433.439,89.12,,,522.559,,,,,0.0,,,,,0,,,,,0.0,,,,,0,,,,,0.0,,,,,0,,,,,0,,,,,0.0,,,,,0,,,,,0,,,,,0,,,,,0,,,,,0,,,,,0,,,,,0,,,,,0,0.768,0.43,0,0,1.198,103,8,0,0,111,433.439,89.12,0,0,522.559
2024,OR,99999.0,Adjustment 2024,BPAT,,-1.95,-0.348,,,-2.298,,,,,,,,,,,,,,,0.0,,,,,,-0.018,0,,,-0.018,,,,,,,,,,0.0,,,,,,,,,,,,,,,0.0,,,,,,,,,,,,,,,,,,,,,,,,,,,,,,,,,,,,,,,,,-1.968,-0.348,,,-2.316,,,,,,,,,,
2024,OR,99999.0,Adjustment 2024,IPCO,,-0.346,-0.067,-0.219,0,-0.631,,,,,,,,,,,,,,,0.0,,,,,,,,,,0.0,,,,,,,,,,0.0,,,,,,,,,,,,,,,0.0,,,,,,,,,,,,,,,,,,,,,,,,,,,,,,,,,,,,,,,,,-0.346,-0.067,-0.219,0,-0.631,,,,,,,,,,
2024,OR,99999.0,Adjustment 2024,PACW,,-27.001,-9.821,-0.872,0,-37.694,,,,,,,,,,,,,,,0.0,,,,,,-0.03,,,,-0.03,,,,,,-1.429,-0.079,0,0,-1.507,,,,,,,,,,,-0.007,0,0,0,-0.007,,,,,,,,,,,,,,,,,,,,,,,,,,,,,,,,,,,,,,,,,-27.032,-9.821,-0.872,0,-37.725,,,,,,,,,,
2024,OR,99999.0,Adjustment 2024,PGE,,-37.357,-9.684,-2.253,,-49.294,,,,,,,,,,,,,,,0.0,,,,,,,,,,0.0,,,,,,-0.072,,,,-0.072,,,,,,,,,,,,,,,0.0,,,,,,,,,,,,,,,,,,,,,,,,,,,,,,,,,,,,,,,,,-37.357,-9.684,-2.253,,-49.294,,,,,,,,,,
2024,PA,3329.0,Borough of Chambersburg,PJM,AC,0.143,0.04,0,0,0.183,19,3,0,0,22,,,,,0,,,,,0.0,,,,,0,,,,,0.0,,,,,0,,,,,0.0,,,,,0,,,,,0,,,,,0.0,,,,,0,,,,,0,,,,,0,,,,,0,,,,,0,,,,,0,,,,,0,,,,,0,0.143,0.04,0,0,0.183,19,3,0,0,22,0,0,0,0,0
2024,PA,3597.0,Citizens Electric Co - (PA),PJM,AC,0.89,2.97,0.691,,4.551,71,13,2,,86,,,,,0,,,,,0.0,,,,,0,,,,,0.0,,,,,0,,,,,0.0,,,,,0,,,,,0,,,,,0.0,,,,,0,,,,,0,,,,,0,,,,,0,,,,,0,,,,,0,,,,,0,,,,,0,0.89,2.97,0.691,0,4.551,71,13,2,0,86,0,0,0,0,0
2024,PA,5487.0,Duquesne Light Co,PJM,AC,63.639,25.646,1.292,,90.577,9240,172,4,,9416,,,,,0,,4.813,,,4.813,,2,,,2,0.2,0.927,,,1.127,14,14,,,28,,,,,0.0,,,,,0,,,,,0,,,,,0.0,,,,,0,,,,,0,0.067,0.02,,,0.087,13,4,,,17,,,,,0,0.004,0.49,,,0.494,1,5,,,6,,,,,0,63.91,31.896,1.292,0,97.098,9268,197,4,0,9469,0,0,0,0,0
2024,PA,14715.0,PPL Electric Utilities Corp,PJM,AC,252.428,138.16,23.743,,414.331,27443,1110,68,,28621,,,,,0,,10.3,,,10.3,,7,,,7,1.164,7.458,,,8.622,52,133,,,185,,,,,0.0,,,,,0,,,,,0,,,,,0.0,,,,,0,,,,,0,0.323,0.129,,,0.452,100,21,,,121,,,,,0,0.153,35.445,2.429,,38.027,9,38,2,,49,,,,,0,254.068,191.492,26.172,0,471.732,27604,1309,70,0,28983,0,0,0,0,0
2024,PA,14940.0,PECO Energy Co,PJM,DC,149.943,28.993,29.964,,208.9,21660,447,62,,22169,,,,,0,1.05,1.94,,,2.99,62,44,,,106,,,,,0.0,,,,,0,,,,,0.0,,,,,0,,,,,0,,,,,0.0,,,,,0,,,,,0,,,,,0,,,,,0,,,,,0,,,,,0,,,,,0,,,,,0,150.993,30.933,29.964,0,211.89,21722,491,62,0,22275,0,0,0,0,0
2024,PA,15045.0,Pike County Light & Power Co,NYIS,AC,0.449,0.02,0,0,0.469,37,1,0,0,38,,,,,0,,,,,0.0,,,,,0,,,,,0.0,,,,,0,,,,,0.0,,,,,0,,,,,0,,,,,0.0,,,,,0,,,,,0,,,,,0,,,,,0,,,,,0,,,,,0,,,,,0,,,,,0,0.449,0.02,0,0,0.469,37,1,0,0,38,0,0,0,0,0
2024,PA,19390.0,"UGI Utilities, Inc",PJM,AC,2.256,0.225,0.12,0,2.601,253,10,2,0,265,0,0,0,0,0,0,0,0,0,0.0,0,0,0,0,0,0.159,0.26,0,0,0.419,12,3,0,0,15,0.025,0.026,0,0,0.051,2,1,0,0,3,0.074,0.04,0,0,0.114,0,0,0,0,0.0,0,0,0,0,0,0,0,0,0,0,0.017,0,0,0,0.017,5,0,0,0,5,0,0,0,0,0,0.02,0,0,0,0.02,1,0,0,0,1,0,0,0,0,0,2.452,0.485,0.12,0,3.057,271,13,2,0,286,0,0,0,0,0
2024,PA,20334.0,Wellsborough Electric Co,PJM,AC,0.218,0.125,1.125,0,1.468,25,5,1,0,31,0,0,0,0,0,0,0,0,0,0.0,0,0,0,0,0,0,0,0,0,0.0,0,0,0,0,0,0,0,0,0,0.0,0,0,0,0,0,0,0,0,0,0,0,0,0,0,0.0,0,0,0,0,0,0,0,0,0,0,0.015,0.002,0,0,0.017,3,1,0,0,4,0,0,0,0,0,0,0,0,0,0,0,0,0,0,0,0,0,0,0,0,0.233,0.127,1.125,0,1.485,28,6,1,0,35,0,0,0,0,0
2024,PA,40167.0,"Somerset Rural Elec Coop, Inc",PJM,AC,0.328,0.536,,,0.864,29,6,,,35,,,,,0,,,,,0.0,,,,,0,,,,,0.0,,,,,0,,,,,0.0,,,,,0,,,,,0,,,,,0.0,,,,,0,,,,,0,0.002,,,,0.002,1,,,,1,,,,,0,,0.47,,,0.47,,2,,,2,,,,,0,0.33,1.006,0,0,1.336,30,8,0,0,38,0,0,0,0,0
2024,PA,40220.0,Adams Electric Cooperative Inc,PJM,AC,3.438,2.286,,,5.724,350,10,,,360,,,,,0,,,,,0.0,,,,,0,,,,,0.0,,,,,0,,,,,0.0,,,,,0,,,,,0,,,,,0.0,,,,,0,,,,,0,0.01,,,,0.01,1,,,,1,,,,,0,,,,,0,,,,,0,,,,,0,3.448,2.286,0,0,5.734,351,10,0,0,361,0,0,0,0,0
2024,PA,40221.0,"Bedford Rural Elec Coop, Inc",PJM,AC,0.338,0.039,,,0.377,26,3,,,29,,,,,0,,,,,0.0,,,,,0,,,,,0.0,,,,,0,,,,,0.0,,,,,0,,,,,0,,,,,0.0,,,,,0,,,,,0,0.004,,,,0.004,2,,,,2,,,,,0,,,,,0,,,,,0,,,,,0,0.342,0.039,0,0,0.381,28,3,0,0,31,0,0,0,0,0
2024,PA,40222.0,Valley Rural Electric Coop Inc,PJM,AC,0.893,0.129,,,1.022,83,9,,,92,,,,,0,,,,,0.0,,,,,0,,,,,0.0,,,,,0,,,,,0.0,,,,,0,,,,,0,,,,,0.0,,,,,0,,,,,0,0.028,,,,0.028,7,,,,7,,,,,0,,0.15,,,0.15,,1,,,1,,,,,0,0.921,0.279,0,0,1.2,90,10,0,0,100,0,0,0,0,0
2024,PA,40224.0,"Central Electric Coop, Inc - (PA)",PJM,AC,0.957,1.086,,,2.043,105,5,,,110,,,,,0,,,,,0.0,,,,,0,,,,,0.0,,,,,0,,,,,0.0,,,,,0,,,,,0,,,,,0.0,,,,,0,,,,,0,0.002,,,,0.002,1,,,,1,,,,,0,,,,,0,,,,,0,,,,,0,0.959,1.086,0,0,2.045,106,5,0,0,111,0,0,0,0,0
2024,PA,40289.0,Claverack Rural Elec Coop Inc,PJM,AC,1.385,0.206,,,1.591,137,5,,,142,,,,,0,,,,,0.0,,,,,0,,,,,0.0,,,,,0,,,,,0.0,,,,,0,,,,,0,,,,,0.0,,,,,0,,,,,0,0.03,,,,0.03,14,,,,14,,,,,0,,,,,0,,,,,0,,,,,0,1.415,0.206,0,0,1.621,151,5,0,0,156,0,0,0,0,0
2024,PA,40290.0,Tri-County Rural Elec Coop Inc (PA),PJM,AC,0.781,0.594,,,1.375,75,6,,,81,,,,,0,,,,,0.0,,,,,0,,,,,0.0,,,,,0,,,,,0.0,,,,,0,,,,,0,,,,,0.0,,,,,0,,,,,0,0.022,0.002,,,0.024,3,1,,,4,,,,,0,,0.15,,,0.15,,1,,,1,,,,,0,0.803,0.746,0,0,1.549,78,8,0,0,86,0,0,0,0,0
2024,PA,40292.0,REA Energy Coop Inc,PJM,AC,0.612,0.039,,,0.651,62,2,,,64,,,,,0,,,,,0.0,,,,,0,,,,,0.0,,,,,0,,,,,0.0,,,,,0,,,,,0,,,,,0.0,,,,,0,,,,,0,0.015,0.01,,,0.025,2,1,,,3,,,,,0,,0.08,,,0.08,,1,,,1,,,,,0,0.627,0.129,0,0,0.756,64,4,0,0,68,0,0,0,0,0
2024,PA,40293.0,"Northwestern Rural E C A, Inc - (PA)",PJM,AC,0.765,,,,0.765,81,,,,81,,,,,0,,,,,0.0,,,,,0,,,,,0.0,,,,,0,,,,,0.0,,,,,0,,,,,0,,,,,0.0,,,,,0,,,,,0,0.005,,,,0.005,2,,,,2,,,,,0,,0.45,,,0.45,,1,,,1,,,,,0,0.77,0.45,0,0,1.22,83,1,0,0,84,0,0,0,0,0
2024,PA,66101.0,FirstEnergy Pennsylvania Electric Co,PJM,AC,197.946,56.481,32.94,0,287.367,21679,748,60,0,22487,0,0,0,0,0,0,4.26,5.875,0,10.135,0,2,3,0,5,3.061,8.44,0.709,0,12.21,156,140,3,0,299,10.898,0.082,0,0,10.98,1296,12,0,0,1308,0,0,0,0,0,0.035,0,0,0,0.035,3,0,0,0,3,0,0,0,0,0,0.377,0.265,0.003,0,0.645,94,27,1,0,122,0,0,0,0,0,0.029,9.445,11.55,0,21.024,7,16,6,0,29,0,0,0,0,0,201.413,78.891,51.077,0,331.381,21936,933,73,0,22942,0,0,0,0,0
2024,PA,99999.0,Adjustment 2024,PJM,,-26.15,-5.056,-5.226,,-36.432,,,,,,,,,,,-0.183,-0.338,,,-0.521,,,,,,,,,,0.0,,,,,,,,,,0.0,,,,,,,,,,,,,,,0.0,,,,,,,,,,,,,,,,,,,,,,,,,,,,,,,,,,,,,,,,,-26.333,-5.395,-5.226,,-36.954,,,,,,,,,,
2024,RI,1857.0,Block Island Utility District,ISNE,AC,0.355,0.03,,,0.385,98,5,,,103,,,,,0,,,,,0.0,,,,,0,,,,,0.0,,,,,0,,,,,0.0,,,,,0,,,,,0,,,,,0.0,,,,,0,,,,,0,,,,,0,,,,,0,,,,,0,,,,,0,,,,,0,,,,,0,0.355,0.03,0,0,0.385,98,5,0,0,103,0,0,0,0,0
2024,RI,13214.0,The Narragansett Electric Co,ISNE,AC,105.574,68.998,5.715,,180.287,17216,497,35,,17748,,,,,0,,373.646,,,373.646,,78,,,78,,4.756,,,4.756,,10,,,10,10.014,0.152,,,10.166,1155,6,,,1161,,,,,0,,,,,0.0,,,,,0,,,,,0,0.054,26.875,,,26.929,14,23,,,37,,,,,0,,2.978,0.001,,2.979,,5,1,,6,,,,,0,105.628,477.253,5.716,0,588.597,17230,613,36,0,17879,0,0,0,0,0
2024,RI,14537.0,Pascoag Utility District,ISNE,AC,0.032,,,,0.032,7,,,,7,40.09,,,,40.09,,,,,0.0,,,,,0,,,,,0.0,,,,,0,,,,,0.0,,,,,0,,,,,0,,,,,0.0,,,,,0,,,,,0,,,,,0,,,,,0,,,,,0,,,,,0,,,,,0,,,,,0,0.032,0,0,0,0.032,7,0,0,0,7,40.09,0,0,0,40.09
2024,SC,162.0,Aiken Electric Coop Inc,SC,AC,3.478,0.876,,,4.354,447,11,,,458,1896.445,323.643,,,2220.088,,,,,0.0,,,,,0,,,,,0.0,,,,,0,,,,,0.0,,,,,0,,,,,0,,,,,0.0,,,,,0,,,,,0,,,,,0,,,,,0,,,,,0,,,,,0,,,,,0,,,,,0,3.478,0.876,0,0,4.354,447,11,0,0,458,1896.445,323.643,0,0,2220.088
2024,SC,1613.0,Berkeley Electric Coop Inc,SC,AC,11.873,0.344,,,12.217,1857,9,,,1866,,,,,0,,,,,0.0,,,,,0,,,,,0.0,,,,,0,,,,,0.0,,,,,0,,,,,0,,,,,0.0,,,,,0,,,,,0,,,,,0,,,,,0,,,,,0,,,,,0,,,,,0,,,,,0,11.873,0.344,0,0,12.217,1857,9,0,0,1866,0,0,0,0,0
2024,SC,1763.0,"Black River Electric Coop, Inc - (SC)",SC,DC,3.638,0.134,,,3.772,450,9,,,459,,,,,0,,,,,0.0,,,,,0,0.24,,,,0.24,50,,,,50,0.137,,,,0.137,20,,,,20,,,,,0,,,,,0.0,,,,,0,,,,,0,,,,,0,,,,,0,,,,,0,,,,,0,,,,,0,,,,,0,3.878,0.134,0,0,4.012,500,9,0,0,509,0,0,0,0,0
2024,SC,1890.0,Blue Ridge Electric Coop Inc - (SC),DUK,AC,2.462,0.035,,,2.497,289,2,,,291,1.427,,,,1.427,,,,,0.0,,,,,0,,,,,0.0,,,,,0,,,,,0.0,,,,,0,,,,,0,,,,,0.0,,,,,0,,,,,0,,,,,0,,,,,0,,,,,0,,,,,0,,,,,0,,,,,0,2.462,0.035,0,0,2.497,289,2,0,0,291,1.427,0,0,0,1.427
2024,SC,2212.0,"Broad River Electric Coop, Inc",DUK,AC,3.457,0.093,,,3.55,446,2,,,448,,,,,0,,,,,0.0,,,,,0,0.27,,,,0.27,8,,,,8,,,,,0.0,,,,,0,,,,,0,,,,,0.0,,,,,0,,,,,0,,,,,0,,,,,0,,,,,0,,,,,0,,,,,0,,,,,0,3.727,0.093,0,0,3.82,454,2,0,0,456,0,0,0,0,0
2024,SC,3046.0,Duke Energy Progress - (NC),CPLE,AC,18.764,3.65,5.129,0,27.543,2341,76,10,0,2427,,,,,0,,,,,0.0,,,,,0,,,,,0.0,,,,,0,,,,,0.0,,,,,0,,,,,0,,,,,0.0,,,,,0,,,,,0,,,,,0,,,,,0,,,,,0,,,,,0,,,,,0,,,,,0,18.764,3.65,5.129,0,27.543,2341,76,10,0,2427,0,0,0,0,0
2024,SC,5416.0,"Duke Energy Carolinas, LLC",DUK,AC,99.88,20.642,13.481,,134.003,12409,400,36,,12845,,,,,0,,,,,0.0,,,,,0,,,,,0.0,,,,,0,,,,,0.0,,,,,0,,,,,0,,,,,0.0,,,,,0,,,,,0,,0.001,,,0.001,,1,,,1,,,,,0,,,,,0,,,,,0,,,,,0,99.88,20.643,13.481,0,134.004,12409,401,36,0,12846,0,0,0,0,0
2024,SC,5644.0,"Edisto Electric Coop, Inc",SC,AC,1.358,0.159,,,1.517,168,8,,,176,,,,,0,,,,,0.0,,,,,0,,,,,0.0,,,,,0,,,,,0.0,,,,,0,,,,,0,,,,,0.0,,,,,0,,,,,0,,,,,0,,,,,0,,,,,0,,,,,0,,,,,0,,,,,0,1.358,0.159,0,0,1.517,168,8,0,0,176,0,0,0,0,0
2024,SC,6709.0,Easley Combined Utility System,DUK,AC,0.686,0.07,,,0.756,105,4,,,109,,,,,0,,,,,0.0,,,,,0,,,,,0.0,,,,,0,,,,,0.0,,,,,0,,,,,0,,,,,0.0,,,,,0,,,,,0,,,,,0,,,,,0,,,,,0,,,,,0,,,,,0,,,,,0,0.686,0.07,0,0,0.756,105,4,0,0,109,0,0,0,0,0
2024,SC,6894.0,City of Gaffney - (SC),DUK,AC,0.15,,,,0.15,13,,,,13,73,,,,73,,,,,0.0,,,,,0,,,,,0.0,,,,,0,,,,,0.0,,,,,0,,,,,0,,,,,0.0,,,,,0,,,,,0,,,,,0,,,,,0,,,,,0,,,,,0,,,,,0,,,,,0,0.15,0,0,0,0.15,13,0,0,0,13,73,0,0,0,73
2024,SC,7654.0,Greer Commission of Public Wks,DUK,AC,1.754,0.108,,,1.862,270,5,,,275,,,,,0,,,,,0.0,,,,,0,,,,,0.0,,,,,0,,,,,0.0,,,,,0,,,,,0,,,,,0.0,,,,,0,,,,,0,,,,,0,,,,,0,,,,,0,,,,,0,,,,,0,,,,,0,1.754,0.108,0,0,1.862,270,5,0,0,275,0,0,0,0,0
2024,SC,8786.0,Horry Electric Coop Inc,SC,DC,2.302,0.519,,,2.821,298,3,,,301,,,,,0,,,,,0.0,,,,,0,,,,,0.0,,,,,0,,,,,0.0,,,,,0,,,,,0,,,,,0.0,,,,,0,,,,,0,,,,,0,,,,,0,,,,,0,,,,,0,,,,,0,,,,,0,2.302,0.519,0,0,2.821,298,3,0,0,301,0,0,0,0,0
2024,SC,10768.0,"Laurens Electric Coop, Inc",DUK,AC,1.649,0.082,,,1.731,248,8,,,256,34.19,,,,34.19,,,,,0.0,,,,,0,,,,,0.0,,,,,0,,,,,0.0,,,,,0,,,,,0,,,,,0.0,,,,,0,,,,,0,,,,,0,,,,,0,,,,,0,,,,,0,,,,,0,,,,,0,1.649,0.082,0,0,1.731,248,8,0,0,256,34.19,0,0,0,34.19
2024,SC,11355.0,"Lynches River Elec Coop, Inc",SC,AC,1.3,,,,1.3,176,,,,176,,,,,0,,,,,0.0,,,,,0,,,,,0.0,,,,,0,,,,,0.0,,,,,0,,,,,0,,,,,0.0,,,,,0,,,,,0,,,,,0,,,,,0,,,,,0,,,,,0,,,,,0,,,,,0,1.3,0,0,0,1.3,176,0,0,0,176,0,0,0,0,0
2024,SC,12462.0,Mid-Carolina Electric Coop Inc,SC,AC,1.272,0.043,,,1.315,186,3,,,189,,,,,0,,,,,0.0,,,,,0,,,,,0.0,,,,,0,,,,,0.0,,,,,0,,,,,0,,,,,0.0,,,,,0,,,,,0,,,,,0,,,,,0,,,,,0,0.03,,,,0.03,1,,,,1,42.647,,,,42.647,1.302,0.043,0,0,1.345,187,3,0,0,190,42.647,0,0,0,42.647
2024,SC,13524.0,"Newberry Electric Coop, Inc",SC,AC,1.65,0,0,0,1.65,83,0,0,0,83,,,,,0,,,,,0.0,,,,,0,,,,,0.0,,,,,0,,,,,0.0,,,,,0,,,,,0,,,,,0.0,,,,,0,,,,,0,,,,,0,,,,,0,,,,,0,,,,,0,,,,,0,,,,,0,1.65,0,0,0,1.65,83,0,0,0,83,0,0,0,0,0
2024,SC,14164.0,City of Orangeburg - (SC),SCEG,AC,1.92,,,,1.92,128,,,,128,,,,,0,,,,,0.0,,,,,0,,,,,0.0,,,,,0,,,,,0.0,,,,,0,,,,,0,,,,,0.0,,,,,0,,,,,0,,,,,0,,,,,0,,,,,0,,,,,0,,,,,0,,,,,0,1.92,0,0,0,1.92,128,0,0,0,128,0,0,0,0,0
2024,SC,14175.0,"Tri-County Electric Coop, Inc (SC)",SC,AC,1.3,0.011,,,1.311,163,1,,,164,,,,,0,,,,,0.0,,,,,0,0.24,,,,0.24,43,,,,43,,,,,0.0,,,,,0,,,,,0,,,,,0.0,,,,,0,,,,,0,,,,,0,,,,,0,,,,,0,,,,,0,,,,,0,,,,,0,1.54,0.011,0,0,1.551,206,1,0,0,207,0,0,0,0,0
2024,SC,14398.0,Palmetto Electric Coop Inc,SC,DC,2.242,0.672,,,2.914,255,16,,,271,457.44,,,,457.44,,,,,0.0,,,,,0,0.24,,,,0.24,87,,,,87,0.581,,,,0.581,48,,,,48,1.132,,,,1.132,,,,,0.0,,,,,0,,,,,0,,,,,0,,,,,0,,,,,0,,,,,0,,,,,0,,,,,0,2.482,0.672,0,0,3.154,342,16,0,0,358,457.44,0,0,0,457.44
2024,SC,16195.0,City of Rock Hill - (SC),DUK,AC,1.414,1.408,,,2.822,227,14,,,241,,,,,0,,,,,0.0,,,,,0,,,,,0.0,,,,,0,,,,,0.0,,,,,0,,,,,0,,,,,0.0,,,,,0,,,,,0,,,,,0,,,,,0,,,,,0,,,,,0,,,,,0,,,,,0,1.414,1.408,0,0,2.822,227,14,0,0,241,0,0,0,0,0
2024,SC,16606.0,"Santee Electric Coop, Inc",SC,AC,2.018,0.076,,,2.094,265,5,,,270,,,,,0,,,,,0.0,,,,,0,,0.04,,,0.04,,1,,,1,0.209,,,,0.209,37,,,,37,0.487,,,,0.487,,,,,0.0,,,,,0,,,,,0,,,,,0,,,,,0,,,,,0,,,,,0,,,,,0,,,,,0,2.018,0.116,0,0,2.134,265,6,0,0,271,0,0,0,0,0
2024,SC,17539.0,"Dominion Energy South Carolina, Inc",SCEG,AC,115.86,22.323,2.056,,140.239,16090,271,7,,16368,69180.018,10999.442,648.36,,80827.82,,,,,0.0,,,,,0,,,,,0.0,,,,,0,4.832,0.054,,,4.886,648,6,,,654,11.206,0.107,,,11.313,,,,,0.0,,,,,0,,,,,0,,,,,0,,,,,0,,,,,0,,,,,0,,,,,0,,,,,0,115.86,22.323,2.056,0,140.239,16090,271,7,0,16368,69180.018,10999.442,648.36,0,80827.82
2024,SC,17543.0,South Carolina Public Service Authority,SC,AC,12.688,,,,12.688,1830,,,,1830,,,,,0,,,,,0.0,,,,,0,,,,,0.0,,,,,0,,,,,0.0,,,,,0,,,,,0,,,,,0.0,,,,,0,,,,,0,,,,,0,,,,,0,,,,,0,,,,,0,,,,,0,,,,,0,12.688,0,0,0,12.688,1830,0,0,0,1830,0,0,0,0,0
2024,SC,21002.0,York Electric Coop Inc,DUK,AC,8.564,0.141,,,8.705,1105,5,,,1110,4282,136,,,4418,0.255,,,,0.255,61,,,,61,,,,,0.0,,,,,0,,,,,0.0,,,,,0,,,,,0,,,,,0.0,,,,,0,,,,,0,,,,,0,,,,,0,,,,,0,,,,,0,,,,,0,,,,,0,8.819,0.141,0,0,8.96,1166,5,0,0,1171,4282,136,0,0,4418
2024,SC,66073.0,MPD Electric Cooperative,SC,AC,1.785,0.079,,,1.864,206,2,,,208,1083.581,,,,1083.581,,,,,0.0,,,,,0,,,,,0.0,,,,,0,,,,,0.0,,,,,0,,,,,0,,,,,0.0,,,,,0,,,,,0,,,,,0,,,,,0,,,,,0,,,,,0,,,,,0,,,,,0,1.785,0.079,0,0,1.864,206,2,0,0,208,1083.581,0,0,0,1083.581
2024,SC,99999.0,Adjustment 2024,SC,,-1.427,-0.231,,,-1.658,,,,,,,,,,,,,,,0.0,,,,,,-0.084,,,,-0.084,,,,,,-0.125,,,,-0.125,,,,,,,,,,,,,,,0.0,,,,,,,,,,,,,,,,,,,,,,,,,,,,,,,,,,,,,,,,,-1.511,-0.231,,,-1.742,,,,,,,,,,
2024,SD,1769.0,"Black Hills Electric Coop, Inc",SWPP,AC,1.328,0.059,0,0,1.387,79,3,0,0,82,355.587,0.84,0,0,356.427,0,0,0,0,0.0,0,0,0,0,0,0,0,0,0,0.0,0,0,0,0,0,0,0,0,0,0.0,0,0,0,0,0,0,0,0,0,0,0,0,0,0,0.0,0,0,0,0,0,0,0,0,0,0,0.002,0,0,0,0.002,1,0,0,0,1,0.859,0,0,0,0.859,0,0,0,0,0,0,0,0,0,0,0,0,0,0,0,1.33,0.059,0,0,1.389,80,3,0,0,83,356.446,0.84,0,0,357.286
2024,SD,14232.0,Otter Tail Power Co,MISO,AC,0,0.05,0,0,0.05,0,3,0,0,3,0,0.484,0,0,0.484,0,0,0,0,0.0,0,0,0,0,0,0,0,0,0,0.0,0,0,0,0,0,0,0,0,0,0.0,0,0,0,0,0,0,0,0,0,0,0,0,0,0,0.0,0,0,0,0,0,0,0,0,0,0,0.023,0.092,0,0,0.115,2,2,0,0,4,0,0.196,0,0,0.196,0,0,0,0,0,0,0,0,0,0,0,0,0,0,0,0.023,0.142,0,0,0.165,2,5,0,0,7,0,0.68,0,0,0.68
2024,SD,17267.0,Sioux Valley SW Elec Coop,SWPP,DC,0.274,0.089,,,0.363,26,7,,,33,11.541,0.44,,,11.981,,,,,0.0,,,,,0,,,,,0.0,,,,,0,,,,,0.0,,,,,0,,,,,0,,,,,0.0,,,,,0,,,,,0,0.013,,,,0.013,3,,,,3,0.167,,,,0.167,,,,,0,,,,,0,,,,,0,0.287,0.089,0,0,0.376,29,7,0,0,36,11.708,0.44,0,0,12.148
2024,SD,19293.0,Southeastern Electric Coop Inc - (SD),SWPP,AC,0.115,0.034,,,0.149,14,4,,,18,84.5,6.5,,,91,,,,,0.0,,,,,0,,,,,0.0,,,,,0,,,,,0.0,,,,,0,,,,,0,,,,,0.0,,,,,0,,,,,0,,,,,0,,,,,0,,,,,0,,,,,0,,,,,0,,,,,0,0.115,0.034,0,0,0.149,14,4,0,0,18,84.5,6.5,0,0,91
2024,SD,19545.0,"Black Hills Power, Inc.",WACM,DC,1.346,0.738,,,2.084,215,22,,,237,,,,,0,,,,,0.0,,,,,0,,,,,0.0,,,,,0,,,,,0.0,,,,,0,,,,,0,,,,,0.0,,,,,0,,,,,0,0.031,0.012,,,0.043,7,4,,,11,,,,,0,,,,,0,,,,,0,,,,,0,1.377,0.75,0,0,2.127,222,26,0,0,248,0,0,0,0,0
2024,SD,20401.0,West River Electric Assn Inc,SWPP,DC,1.033,0.15,,,1.183,135,1,,,136,449.878,1.75,,,451.628,,,,,0.0,,,,,0,,,,,0.0,,,,,0,,,,,0.0,,,,,0,,,,,0,,,,,0.0,,,,,0,,,,,0,0.019,0.01,,,0.029,7,1,,,8,3.612,3.8,,,7.412,,,,,0,,,,,0,,,,,0,1.052,0.16,0,0,1.212,142,2,0,0,144,453.49,5.55,0,0,459.04
2024,SD,99999.0,Adjustment 2024,SWPP,,-0.228,-0.042,,,-0.27,,,,,,,,,,,,,,,0.0,,,,,,,,,,0.0,,,,,,,,,,0.0,,,,,,,,,,,,,,,0.0,,,,,,,,,,,,,,,,,,,,,,,,,,,,,,,,,,,,,,,,,-0.228,-0.042,,,-0.27,,,,,,,,,,
2024,SD,99999.0,Adjustment 2024,WACM,,-0.235,-0.129,,,-0.363,,,,,,,,,,,,,,,0.0,,,,,,,,,,0.0,,,,,,,,,,0.0,,,,,,,,,,,,,,,0.0,,,,,,,,,,,,,,,,,,,,,,,,,,,,,,,,,,,,,,,,,-0.235,-0.129,,,-0.363,,,,,,,,,,
2024,TN,10331.0,Kingsport Power Co,PJM,AC,0.598,0.425,0,,1.023,86,12,0,,98,274.398,414.081,0,,688.479,,,,,0.0,,,,,0,,,,,0.0,,,,,0,0.224,0,0,,0.224,34,0,0,,34,0.419,0,0,,0.419,,,,,0.0,,,,,0,,,,,0,0.003,0,0,,0.003,1,0,0,,1,,,,,0,,,,,0,,,,,0,,,,,0,0.601,0.425,0,0,1.026,87,12,0,0,99,274.398,414.081,0,0,688.479
2024,TX,1169.0,Bailey County Elec Coop Assn,SWPP,AC,0.063,,,,0.063,8,,,,8,,,,,0,,,,,0.0,,,,,0,,,,,0.0,,,,,0,,,,,0.0,,,,,0,,,,,0,,,,,0.0,,,,,0,,,,,0,0.001,,,,0.001,1,,,,1,,,,,0,,,,,0,,,,,0,,,,,0,0.064,0,0,0,0.064,9,0,0,0,9,0,0,0,0,0
2024,TX,1175.0,"Bandera Electric Coop, Inc",ERCO,AC,5.44,1.55,0.13,,7.12,562,36,3,,601,,,,,0,,,,,0.0,,,,,0,,,,,0.0,,,,,0,1.949,0.194,,,2.143,207,9,,,216,,,,,0,,,,,0.0,,,,,0,,,,,0,0.02,,,,0.02,6,,,,6,,,,,0,,,,,0,,,,,0,,,,,0,5.46,1.55,0.13,0,7.14,568,36,3,0,607,0,0,0,0,0
2024,TX,1273.0,"Bartlett Electric Coop, Inc",ERCO,AC,6.133,0.125,0,0,6.258,736,15,0,0,751,4645.213,88.032,0,0,4733.245,0,0,0,0,0.0,0,0,0,0,0,0,0,0,0,0.0,0,0,0,0,0,0,0,0,0,0.0,0,0,0,0,0,0,0,0,0,0,0,0,0,0,0.0,0,0,0,0,0,0,0,0,0,0,0.014,0,0,0,0.014,5,0,0,0,5,0.235,0,0,0,0.235,0,0,0,0,0,0,0,0,0,0,0,0,0,0,0,6.147,0.125,0,0,6.272,741,15,0,0,756,4645.448,88.032,0,0,4733.48
2024,TX,1591.0,"Big Country Electric Coop, Inc",ERCO,AC,0.528,,,,0.528,37,,,,37,,,,,0,,,,,0.0,,,,,0,,,,,0.0,,,,,0,,,,,0.0,,,,,0,,,,,0,,,,,0.0,,,,,0,,,,,0,,,,,0,,,,,0,,,,,0,,,,,0,,,,,0,,,,,0,0.528,0,0,0,0.528,37,0,0,0,37,0,0,0,0,0
2024,TX,1892.0,"Bluebonnet Electric Coop, Inc",ERCO,AC,1.705,0.197,,,1.902,212,10,,,222,,,,,0,,,,,0.0,,,,,0,,,,,0.0,,,,,0,0.074,0,,,0.074,7,0,,,7,,,,,0,,,,,0.0,,,,,0,,,,,0,0.088,0,,,0.088,11,0,,,11,,,,,0,,,,,0,,,,,0,,,,,0,1.793,0.197,0,0,1.99,223,10,0,0,233,0,0,0,0,0
2024,TX,2049.0,"Bowie-Cass Electric Coop, Inc",SWPP,AC,3.52,0.248,,,3.768,382,5,,,387,,,,,0,,,,,0.0,,,,,0,,,,,0.0,,,,,0,0.258,,,,0.258,52,,,,52,,,,,0,,,,,0.0,,,,,0,,,,,0,,,,,0,,,,,0,,,,,0,,,,,0,,,,,0,,,,,0,3.52,0.248,0,0,3.768,382,5,0,0,387,0,0,0,0,0
2024,TX,2194.0,City of Brenham - (TX),ERCO,AC,0.167,,,,0.167,21,,,,21,,,,,0,,,,,0.0,,,,,0,,,,,0.0,,,,,0,,,,,0.0,,,,,0,,,,,0,,,,,0.0,,,,,0,,,,,0,,,,,0,,,,,0,,,,,0,,,,,0,,,,,0,,,,,0,0.167,0,0,0,0.167,21,0,0,0,21,0,0,0,0,0
2024,TX,2409.0,Brownsville Public Utilities Board,ERCO,AC,8.378,0.849,0,0,9.227,994,9,0,0,1003,4205.356,0,,,4205.356,,,,,0.0,,,,,0,,,,,0.0,,,,,0,,,,,0.0,,,,,0,,,,,0,,,,,0.0,,,,,0,,,,,0,,,,,0,,,,,0,,,,,0,,,,,0,,,,,0,,,,,0,8.378,0.849,0,0,9.227,994,9,0,0,1003,4205.356,0,0,0,4205.356
2024,TX,2442.0,City of Bryan - (TX),ERCO,AC,6.295,0.422,,,6.717,737,21,,,758,,,,,0,0.595,,,,0.595,42,,,,42,,,,,0.0,,,,,0,,,,,0.0,,,,,0,,,,,0,,,,,0.0,,,,,0,,,,,0,,,,,0,,,,,0,,,,,0,,,,,0,,,,,0,,,,,0,6.89,0.422,0,0,7.312,779,21,0,0,800,0,0,0,0,0
2024,TX,3282.0,"Central Texas Elec Coop, Inc",ERCO,DC,5.855,0.17,0.183,,6.208,543,18,18,,579,,,,,0,,,,,0.0,,,,,0,,,,,0.0,,,,,0,,,,,0.0,,,,,0,,,,,0,,,,,0.0,,,,,0,,,,,0,0.042,,,,0.042,11,,,,11,,,,,0,,,,,0,,,,,0,,,,,0,5.897,0.17,0.183,0,6.25,554,18,18,0,590,0,0,0,0,0
2024,TX,3470.0,Cherokee County Elec Coop Assn - (TX),ERCO,AC,2.107,,,,2.107,208,,,,208,,,,,0,,,,,0.0,,,,,0,,,,,0.0,,,,,0,,,,,0.0,,,,,0,,,,,0,,,,,0.0,,,,,0,,,,,0,,,,,0,0,,,,0,,,,,0,,,,,0,0,,,,0,,,,,0,2.107,0,0,0,2.107,208,0,0,0,208,0,0,0,0,0
2024,TX,4146.0,Concho Valley Elec Coop Inc,ERCO,DC,0.46,,,,0.46,43,,,,43,313.114,,,,313.114,,,,,0.0,,,,,0,0.99,,,,0.99,57,,,,57,,,,,0.0,,,,,0,,,,,0,,,,,0.0,,,,,0,,,,,0,0.009,,,,0.009,5,,,,5,,,,,0,,,,,0,,,,,0,,,,,0,1.459,0,0,0,1.459,105,0,0,0,105,313.114,0,0,0,313.114
2024,TX,4262.0,Cooke County Elec Coop Assn,ERCO,AC,1.752,0,0.998,0,2.75,138,0,1,0,139,,,,,0,,,,,0.0,,,,,0,,,,,0.0,,,,,0,,,,,0.0,,,,,0,,,,,0,,,,,0.0,,,,,0,,,,,0,,0.793,,,0.793,,12,,,12,,,,,0,,,,,0,,,,,0,,,,,0,1.752,0.793,0.998,0,3.543,138,12,1,0,151,0,0,0,0,0
2024,TX,4295.0,Comanche County Elec Coop Assn,ERCO,DC,1.689,,,,1.689,138,,,,138,,,,,0,,,,,0.0,,,,,0,,,,,0.0,,,,,0,0.281,,,,0.281,15,,,,15,,,,,0,,,,,0.0,,,,,0,,,,,0,,,,,0,,,,,0,,,,,0,,,,,0,,,,,0,,,,,0,1.689,0,0,0,1.689,138,0,0,0,138,0,0,0,0,0
2024,TX,4939.0,"Deaf Smith Electric Coop, Inc",SWPP,AC,0.063,,,,0.063,8,,,,8,,,,,0,,,,,0.0,,,,,0,,,,,0.0,,,,,0,,,,,0.0,,,,,0,,,,,0,,,,,0.0,,,,,0,,,,,0,0.08,,,,0.08,5,,,,5,,,,,0,,,,,0,,,,,0,,,,,0,0.143,0,0,0,0.143,13,0,0,0,13,0,0,0,0,0
2024,TX,4975.0,Deep East Texas Elec Coop Inc,MISO,AC,1.002,,,,1.002,110,,,,110,344.61,,,,344.61,,,,,0.0,,,,,0,,,,,0.0,,,,,0,,,,,0.0,,,,,0,,,,,0,,,,,0.0,,,,,0,,,,,0,,,,,0,,,,,0,,,,,0,,,,,0,,,,,0,,,,,0,1.002,0,0,0,1.002,110,0,0,0,110,344.61,0,0,0,344.61
2024,TX,5063.0,City of Denton - (TX),ERCO,AC,9.58,2.37,0.45,,12.4,1284,26,3,,1313,,,,,0,,,,,0.0,,,,,0,,,,,0.0,,,,,0,0.51,,,,0.51,60,,,,60,,,,,0,,,,,0.0,,,,,0,,,,,0,,,,,0,,,,,0,,,,,0,,,,,0,,,,,0,,,,,0,9.58,2.37,0.45,0,12.4,1284,26,3,0,1313,0,0,0,0,0
2024,TX,5078.0,"Denton County Elec Coop, Inc",ERCO,DC,82.2,3.5,,,85.7,8920,47,,,8967,50231.51,640.1,,,50871.61,,,,,0.0,,,,,0,,,,,0.0,,,,,0,7.3,,,,7.3,1048,,,,1048,,,,,0,,,,,0.0,,,,,0,,,,,0,0.076,0.004,,,0.08,26,4,,,30,18,0.014,,,18.014,,,,,0,,,,,0,,,,,0,82.276,3.504,0,0,85.78,8946,51,0,0,8997,50249.51,640.114,0,0,50889.624
2024,TX,5701.0,El Paso Electric Co,EPE,AC,133.525,7.237,,,140.762,25266,181,,,25447,36484.334,981.041,,,37465.375,,,,,0.0,,,,,0,4.68,0.296,,,4.976,2195,58,,,2253,1.648,0.008,,,1.656,202,1,,,203,,,,,0,,,,,0.0,,,,,0,,,,,0,0.017,0.048,,,0.065,4,4,,,8,,,,,0,,,,,0,,,,,0,,,,,0,138.222,7.581,0,0,145.803,27465,243,0,0,27708,36484.334,981.041,0,0,37465.375
2024,TX,6182.0,"Farmers Electric Coop, Inc - (TX)",ERCO,AC,19.279,,,,19.279,2509,,,,2509,,,,,0,,,,,0.0,,,,,0,,,,,0.0,,,,,0,1.716,,,,1.716,174,,,,174,3.945,,,,3.945,,,,,0.0,,,,,0,,,,,0,0.115,,,,0.115,39,,,,39,,,,,0,,,,,0,,,,,0,,,,,0,19.394,0,0,0,19.394,2548,0,0,0,2548,0,0,0,0,0
2024,TX,6183.0,"Fayette Electric Coop, Inc",ERCO,DC,1.572,0.046,,,1.618,148,2,,,150,,,,,0,,,,,0.0,,,,,0,,,,,0.0,,,,,0,,,,,0.0,,,,,0,,,,,0,,,,,0.0,,,,,0,,,,,0,,,,,0,,,,,0,,,,,0,,,,,0,,,,,0,,,,,0,1.572,0.046,0,0,1.618,148,2,0,0,150,0,0,0,0,0
2024,TX,6427.0,City of Floresville,ERCO,AC,3.175,0.38,,,3.555,283,15,,,298,,,,,0,,,,,0.0,,,,,0,,,,,0.0,,,,,0,,,,,0.0,,,,,0,,,,,0,,,,,0.0,,,,,0,,,,,0,,,,,0,,,,,0,,,,,0,,,,,0,,,,,0,,,,,0,3.175,0.38,0,0,3.555,283,15,0,0,298,0,0,0,0,0
2024,TX,7129.0,City of Georgetown - (TX),ERCO,AC,6,,,,6.0,600,,,,600,,,,,0,,,,,0.0,,,,,0,,,,,0.0,,,,,0,,,,,0.0,,,,,0,,,,,0,1,,,,1.0,84,,,,84,1.72,,,,1.72,,,,,0,,,,,0,,,,,0,,,,,0,,,,,0,,,,,0,6.0,0,0,0,6.0,600,0,0,0,600,0,0,0,0,0
2024,TX,7559.0,"Grayson-Collin Elec Coop, Inc",ERCO,AC,31.081,,,,31.081,2900,,,,2900,,,,,0,,,,,0.0,,,,,0,,,,,0.0,,,,,0,,,,,0.0,,,,,0,,,,,0,,,,,0.0,,,,,0,,,,,0,0.08,,,,0.08,20,,,,20,,,,,0,,,,,0,,,,,0,,,,,0,31.161,0,0,0,31.161,2920,0,0,0,2920,0,0,0,0,0
2024,TX,7752.0,Guadalupe Valley Elec Coop Inc,ERCO,AC,36.752,0.757,,,37.509,4246,34,,,4280,15.42,0.225,,,15.645,,,,,0.0,,,,,0,,,,,0.0,,,,,0,5.396,0.145,,,5.541,325,7,,,332,,,,,0,0.442,,,,0.442,16,,,,16,,,,,0,0.015,,,,0.015,1,,,,1,0.158,,,,0.158,,,,,0,,,,,0,,,,,0,36.767,0.757,0,0,37.524,4247,34,0,0,4281,15.578,0.225,0,0,15.803
2024,TX,7979.0,Hamilton County Elec Coop Assn,ERCO,DC,5.123,0.472,,,5.595,477,5,,,482,,,,,0,,,,,0.0,,,,,0,,,,,0.0,,,,,0,,,,,0.0,,,,,0,,,,,0,,,,,0.0,,,,,0,,,,,0,0.048,,,,0.048,10,,,,10,,,,,0,,,,,0,,,,,0,,,,,0,5.171,0.472,0,0,5.643,487,5,0,0,492,0,0,0,0,0
2024,TX,8620.0,"HILCO Electric Cooperative, Inc.",ERCO,AC,13.13,,,,13.13,1262,,,,1262,,,,,0,,,,,0.0,,,,,0,,,,,0.0,,,,,0,,,,,0.0,,,,,0,,,,,0,,,,,0.0,,,,,0,,,,,0,0.037,,,,0.037,18,,,,18,,,,,0,,,,,0,,,,,0,,,,,0,13.167,0,0,0,13.167,1280,0,0,0,1280,0,0,0,0,0
2024,TX,9590.0,"Jackson Electric Coop, Inc - (TX)",ERCO,AC,0.634,,,,0.634,69,,,,69,,,,,0,,,,,0.0,,,,,0,,,,,0.0,,,,,0,,,,,0.0,,,,,0,,,,,0,,,,,0.0,,,,,0,,,,,0,,,,,0,,,,,0,,,,,0,,,,,0,,,,,0,,,,,0,0.634,0,0,0,0.634,69,0,0,0,69,0,0,0,0,0
2024,TX,9668.0,"Jasper-Newton Elec Coop, Inc",MISO,AC,0.923,0.018,,,0.941,101,1,,,102,,,,,0,,,,,0.0,,,,,0,,,,,0.0,,,,,0,,,,,0.0,,,,,0,,,,,0,,,,,0.0,,,,,0,,,,,0,,,,,0,,,,,0,,,,,0,,,,,0,,,,,0,,,,,0,0.923,0.018,0,0,0.941,101,1,0,0,102,0,0,0,0,0
2024,TX,10009.0,Karnes Electric Coop Inc,ERCO,AC,1.472,0.245,0.155,,1.872,127,14,2,,143,,,,,0,,,,,0.0,,,,,0,,,,,0.0,,,,,0,,,,,0.0,,,,,0,,,,,0,,,,,0.0,,,,,0,,,,,0,0.018,,0.003,,0.021,4,,1,,5,,,,,0,,,,,0,,,,,0,,,,,0,1.49,0.245,0.158,0,1.893,131,14,3,0,148,0,0,0,0,0
2024,TX,11014.0,"Lighthouse Electric Coop, Inc",ERCO,AC,0.288,,,,0.288,18,,,,18,,,,,0,,,,,0.0,,,,,0,,,,,0.0,,,,,0,,,,,0.0,,,,,0,,,,,0,,,,,0.0,,,,,0,,,,,0,0.01,,,,0.01,1,,,,1,,,,,0,,,,,0,,,,,0,,,,,0,0.298,0,0,0,0.298,19,0,0,0,19,0,0,0,0,0
2024,TX,11292.0,City of Lubbock - (TX),ERCO,AC,19.451,1.289,,,20.74,2126,10,,,2136,,,,,0,,,,,0.0,,,,,0,,,,,0.0,,,,,0,,,,,0.0,,,,,0,,,,,0,,,,,0.0,,,,,0,,,,,0,,,,,0,,,,,0,,,,,0,,,,,0,,,,,0,,,,,0,19.451,1.289,0,0,20.74,2126,10,0,0,2136,0,0,0,0,0
2024,TX,11501.0,Magic Valley Electric Coop Inc,ERCO,AC,16.407,0.751,0.451,,17.609,1961,63,7,,2031,,,,,0,,,,,0.0,,,,,0,,,,,0.0,,,,,0,,,,,0.0,,,,,0,,,,,0,,,,,0.0,,,,,0,,,,,0,0.011,0.033,,,0.044,4,6,,,10,,,,,0,,,,,0,,,,,0,,,,,0,16.418,0.784,0.451,0,17.653,1965,69,7,0,2041,0,0,0,0,0
2024,TX,12268.0,"Medina Electric Coop, Inc",ERCO,AC,3.806,,,,3.806,327,,,,327,,,,,0,,,,,0.0,,,,,0,,,,,0.0,,,,,0,,,,,0.0,,,,,0,,,,,0,,,,,0.0,,,,,0,,,,,0,0.084,,,,0.084,27,,,,27,,,,,0,,,,,0,,,,,0,,,,,0,3.89,0,0,0,3.89,354,0,0,0,354,0,0,0,0,0
2024,TX,12452.0,Mid-South Electric Coop Assn,ERCO,AC,5.03,0.06,,,5.09,438,4,,,442,3699,21.57,,,3720.57,,,,,0.0,,,,,0,1.944,,,,1.944,392,,,,392,,,,,0.0,,,,,0,,,,,0,,,,,0.0,,,,,0,,,,,0,,,,,0,,,,,0,,,,,0,,,,,0,,,,,0,,,,,0,6.974,0.06,0,0,7.034,830,4,0,0,834,3699,21.57,0,0,3720.57
2024,TX,13332.0,"Navarro County Elec Coop, Inc",ERCO,AC,4.078,0.002,,,4.08,337,1,,,338,,,,,0,,,,,0.0,,,,,0,,,,,0.0,,,,,0,,,,,0.0,,,,,0,,,,,0,,,,,0.0,,,,,0,,,,,0,0.005,,,,0.005,6,,,,6,,,,,0,4.328,,,,4.328,341,,,,341,,,,,0,8.411,0.002,0,0,8.413,684,1,0,0,685,0,0,0,0,0
2024,TX,13418.0,City of New Braunfels - (TX),ERCO,AC,8.051,1.601,,,9.652,1194,12,,,1206,,,,,0,,,,,0.0,,,,,0,,,,,0.0,,,,,0,0.522,,,,0.522,73,,,,73,1.307,,,,1.307,,,,,0.0,,,,,0,,,,,0,0.002,,,,0.002,1,,,,1,,,,,0,,,,,0,,,,,0,,,,,0,8.053,1.601,0,0,9.654,1195,12,0,0,1207,0,0,0,0,0
2024,TX,13757.0,North Plains Electric Coop Inc,SWPP,AC,0.073,,,,0.073,9,,,,9,11.65,,,,11.65,,,,,0.0,,,,,0,,,,,0.0,,,,,0,,,,,0.0,,,,,0,,,,,0,,,,,0.0,,,,,0,,,,,0,,,,,0,,,,,0,,,,,0,,,,,0,,,,,0,,,,,0,0.073,0,0,0,0.073,9,0,0,0,9,11.65,0,0,0,11.65
2024,TX,14626.0,"Pedernales Electric Coop, Inc",ERCO,AC,101.813,4.729,,,106.542,12496,79,,,12575,,,,,0,,,,,0.0,,,,,0,,,,,0.0,,,,,0,10.612,0.019,,,10.631,852,3,,,855,,,,,0,0.284,,,,0.284,17,,,,17,,,,,0,0.01,,,,0.01,4,,,,4,,,,,0,,,,,0,,,,,0,,,,,0,101.823,4.729,0,0,106.552,12500,79,0,0,12579,0,0,0,0,0
2024,TX,16063.0,"Rita Blanca Electric Coop, Inc",SWPP,AC,0.086,,,,0.086,8,,,,8,,,,,0,,,,,0.0,,,,,0,,,,,0.0,,,,,0,,,,,0.0,,,,,0,,,,,0,,,,,0.0,,,,,0,,,,,0,,,,,0,,,,,0,,,,,0,,,,,0,,,,,0,,,,,0,0.086,0,0,0,0.086,8,0,0,0,8,0,0,0,0,0
2024,TX,16146.0,"Navasota Valley Elec Coop, Inc",ERCO,DC,2.194,0.301,,,2.495,208,4,,,212,,,,,0,,,,,0.0,,,,,0,,,,,0.0,,,,,0,,,,,0.0,,,,,0,,,,,0,,,,,0.0,,,,,0,,,,,0,0.013,,,,0.013,6,,,,6,,,,,0,,,,,0,,,,,0,,,,,0,2.207,0.301,0,0,2.508,214,4,0,0,218,0,0,0,0,0
2024,TX,16461.0,"Rusk County Electric Coop, Inc",SWPP,AC,1.64,,,,1.64,155,,,,155,1064.453,,,,1064.453,,,,,0.0,,,,,0,,,,,0.0,,,,,0,,,,,0.0,,,,,0,,,,,0,,,,,0.0,,,,,0,,,,,0,0.016,,,,0.016,1,,,,1,2.831,,,,2.831,,,,,0,,,,,0,,,,,0,1.656,0,0,0,1.656,156,0,0,0,156,1067.284,0,0,0,1067.284
2024,TX,16604.0,City of San Antonio - (TX),ERCO,DC,393.378,130.61,,,523.988,46442,935,,,47377,,,,,0,,,,,0.0,,,,,0,,,,,0.0,,,,,0,,,,,0.0,,,,,0,,,,,0,,,,,0.0,,,,,0,,,,,0,,,,,0,,,,,0,,,,,0,,,,,0,,,,,0,,,,,0,393.378,130.61,0,0,523.988,46442,935,0,0,47377,0,0,0,0,0
2024,TX,16627.0,San Patricio Electric Coop Inc,ERCO,AC,0.835,,,,0.835,83,,,,83,,,,,0,,,,,0.0,,,,,0,,,,,0.0,,,,,0,,,,,0.0,,,,,0,,,,,0,,,,,0.0,,,,,0,,,,,0,0.001,,,,0.001,1,,,,1,,,,,0,,,,,0,,,,,0,,,,,0,0.836,0,0,0,0.836,84,0,0,0,84,0,0,0,0,0
2024,TX,16638.0,"San Bernard Electric Coop, Inc",ERCO,AC,,,,,0.0,,,,,0,,,,,0,,,,,0.0,,,,,0,4.62,,,,4.62,356,,,,356,,,,,0.0,,,,,0,,,,,0,,,,,0.0,,,,,0,,,,,0,0.007,,,,0.007,2,,,,2,,,,,0,,,,,0,,,,,0,,,,,0,4.627,0,0,0,4.627,358,0,0,0,358,0,0,0,0,0
2024,TX,17561.0,South Plains Electric Coop Inc,ERCO,DC,0.15,,,,0.15,15,,,,15,,,,,0,,,,,0.0,,,,,0,,,,,0.0,,,,,0,,,,,0.0,,,,,0,,,,,0,,,,,0.0,,,,,0,,,,,0,,,,,0,,,,,0,,,,,0,,,,,0,,,,,0,,,,,0,0.15,0,0,0,0.15,15,0,0,0,15,0,0,0,0,0
2024,TX,17561.0,South Plains Electric Coop Inc,SWPP,DC,0.914,0.02,,,0.934,925,7,,,932,,,,,0,,,,,0.0,,,,,0,,,,,0.0,,,,,0,,,,,0.0,,,,,0,,,,,0,,,,,0.0,,,,,0,,,,,0,,,,,0,,,,,0,,,,,0,,,,,0,,,,,0,,,,,0,0.914,0.02,0,0,0.934,925,7,0,0,932,0,0,0,0,0
2024,TX,17671.0,Southwest Arkansas E C C,MISO,AC,0.038,0,0,0,0.038,4,0,0,0,4,0,0,0,0,0,0,0,0,0,0.0,0,0,0,0,0,0,0,0,0,0.0,0,0,0,0,0,0,0,0,0,0.0,0,0,0,0,0,0,0,0,0,0,0,0,0,0,0.0,0,0,0,0,0,0,0,0,0,0,0,0,0,0,0,0,0,0,0,0,0,0,0,0,0,0,0,0,0,0,0,0,0,0,0,0,0,0,0,0,0.038,0,0,0,0.038,4,0,0,0,4,0,0,0,0,0
2024,TX,18976.0,Trinity Valley Elec Coop Inc,ERCO,AC,14.175,0.187,,,14.362,1724,15,,,1739,10541.509,97.748,,,10639.257,,,,,0.0,,,,,0,,,,,0.0,,,,,0,,,,,0.0,,,,,0,,,,,0,,,,,0.0,,,,,0,,,,,0,0.062,0.01,,,0.072,24,1,,,25,,,,,0,,,,,0,,,,,0,,,,,0,14.237,0.197,0,0,14.434,1748,16,0,0,1764,10541.509,97.748,0,0,10639.257
2024,TX,19159.0,"Tri-County Electric Coop, Inc (TX)",ERCO,AC,17.394,0.331,0,0,17.725,1907,22,0,0,1929,15660,90.993,0,0,15750.993,0,0,0,0,0.0,0,0,0,0,0,0,0,0,0,0.0,0,0,0,0,0,1.261,0.009,0,0,1.27,224,2,0,0,226,3.893,0.018,0,0,3.911,0,0,0,0,0.0,0,0,0,0,0,0,0,0,0,0,0.029,0,0,0,0.029,28,0,0,0,28,0,0,0,0,0,0,0,0,0,0,0,0,0,0,0,0,0,0,0,0,17.423,0.331,0,0,17.754,1935,22,0,0,1957,15660,90.993,0,0,15750.993
2024,TX,19160.0,"Tri-County Electric Coop, Inc (OK)",SWPP,DC,0.005,,,,0.005,1,,,,1,,,,,0,,,,,0.0,,,,,0,0.002,,,,0.002,3,,,,3,,,,,0.0,,,,,0,,,,,0,,,,,0.0,,,,,0,,,,,0,,,,,0,,,,,0,,,,,0,,,,,0,,,,,0,,,,,0,0.007,0,0,0,0.007,4,0,0,0,4,0,0,0,0,0
2024,TX,19490.0,United Electric Coop Service Inc - (TX),ERCO,DC,26.903,0.856,,,27.759,2223,44,,,2267,17327.665,659.144,,,17986.809,,,,,0.0,,,,,0,,,,,0.0,,,,,0,1.913,0.257,,,2.17,168,7,,,175,,,,,0,,,,,0.0,,,,,0,,,,,0,0.127,0.015,,,0.142,33,3,,,36,0,0,,,0,,,,,0,,,,,0,,,,,0,27.03,0.871,0,0,27.901,2256,47,0,0,2303,17327.665,659.144,0,0,17986.809
2024,TX,19579.0,Upshur Rural Elec Coop Corp,SWPP,AC,3.571,,,,3.571,339,,,,339,2069.735,,,,2069.735,,,,,0.0,,,,,0,,,,,0.0,,,,,0,,,,,0.0,,,,,0,,,,,0,,,,,0.0,,,,,0,,,,,0,,,,,0,,,,,0,,,,,0,,,,,0,,,,,0,,,,,0,3.571,0,0,0,3.571,339,0,0,0,339,2069.735,0,0,0,2069.735
2024,TX,19806.0,"Victoria Electric Coop, Inc",ERCO,DC,1.55,0.01,0,0,1.56,136,1,0,0,137,794.783,0.944,0,0,795.727,0,0,0,0,0.0,0,0,0,0,0,0,0,0,0,0.0,0,0,0,0,0,0,0,0,0,0.0,0,0,0,0,0,0,0,0,0,0,0,19.8,0,0,19.8,0,2,0,0,2,0,0,0,0,0,0.023,0.006,0,0,0.029,3,1,0,0,4,3.139,0,0,0,3.139,0,0,0,0,0,0,0,0,0,0,0,0,0,0,0,1.573,0.016,0,0,1.589,139,2,0,0,141,797.922,0.944,0,0,798.866
2024,TX,20230.0,Weatherford Mun Utility System,ERCO,AC,1.55,0.18,,,1.73,175,5,,,180,,,,,0,,,,,0.0,,,,,0,,,,,0.0,,,,,0,,,,,0.0,,,,,0,,,,,0,,,,,0.0,,,,,0,,,,,0,0.002,,,,0.002,1,,,,1,,,,,0,,,,,0,,,,,0,,,,,0,1.552,0.18,0,0,1.732,176,5,0,0,181,0,0,0,0,0
2024,TX,20948.0,Wise Electric Coop Inc,ERCO,AC,7.95,0.53,,,8.48,622,47,,,669,,,,,0,,,,,0.0,,,,,0,,,,,0.0,,,,,0,,,,,0.0,,,,,0,,,,,0,,,,,0.0,,,,,0,,,,,0,0.054,,,,0.054,6,,,,6,,,,,0,,,,,0,,,,,0,,,,,0,8.004,0.53,0,0,8.534,628,47,0,0,675,0,0,0,0,0
2024,TX,28604.0,Kerrville Public Utility Board,ERCO,DC,1.232,6.084,,,7.316,148,22,,,170,,,,,0,,,,,0.0,,,,,0,,,,,0.0,,,,,0,,,,,0.0,,,,,0,,,,,0,,,,,0.0,,,,,0,,,,,0,,,,,0,,,,,0,,,,,0,,,,,0,,,,,0,,,,,0,1.232,6.084,0,0,7.316,148,22,0,0,170,0,0,0,0,0
2024,TX,28978.0,City of San Marcos - (TX),ERCO,DC,0.73,4.081,,,4.811,126,13,,,139,316.591,325.83,,,642.421,,,,,0.0,,,,,0,,,,,0.0,,,,,0,,,,,0.0,,,,,0,,,,,0,,,,,0.0,,,,,0,,,,,0,,,,,0,,,,,0,,,,,0,,,,,0,,,,,0,,,,,0,0.73,4.081,0,0,4.811,126,13,0,0,139,316.591,325.83,0,0,642.421
2024,TX,55937.0,Entergy Texas Inc.,MISO,DC,52.155,1.178,0.106,,53.439,5341,44,12,,5397,,,,,0,,,,,0.0,,,,,0,,,,,0.0,,,,,0,,,,,0.0,,,,,0,,,,,0,,,,,0.0,,,,,0,,,,,0,0.004,,,,0.004,2,,,,2,,,,,0,,,,,0,,,,,0,,,,,0,52.159,1.178,0.106,0,53.443,5343,44,12,0,5399,0,0,0,0,0
2024,TX,55982.0,Heart of Texas Electric Coop,ERCO,AC,4.56,,,,4.56,334,,,,334,,,,,0,,,,,0.0,,,,,0,,,,,0.0,,,,,0,,,,,0.0,,,,,0,,,,,0,,,,,0.0,,,,,0,,,,,0,0.023,,,,0.023,6,,,,6,,,,,0,,,,,0,,,,,0,,,,,0,4.583,0,0,0,4.583,340,0,0,0,340,0,0,0,0,0
2024,TX,65610.0,Ammper Power LLC,ERCO,AC,0,0.2,0,0,0.2,0,2,0,0,2,0,91.96,0,0,91.96,0,0,0,0,0.0,0,0,0,0,0,0,0,0,0,0.0,0,0,0,0,0,0,0,0,0,0.0,0,0,0,0,0,0,0,0,0,0,0,0,0,0,0.0,0,0,0,0,0,0,0,0,0,0,0,0,0,0,0,0,0,0,0,0,0,0,0,0,0,0,0.4,0,0,0.4,0,1,0,0,1,0,18.87,0,0,18.87,0.0,0.6,0,0,0.6,0,3,0,0,3,0,110.83,0,0,110.83
2024,TX,66867.0,David Energy Supply LLC,ERCO,AC,4.88,,,,4.88,610,,,,610,8119.43,,,,8119.43,,,,,0.0,,,,,0,,,,,0.0,,,,,0,2.27,,,,2.27,227,,,,227,4.576,,,,4.576,0.02,,,,0.02,2,,,,2,0.04,,,,0.04,,,,,0,,,,,0,,,,,0,,,,,0,,,,,0,,,,,0,4.88,0,0,0,4.88,610,0,0,0,610,8119.43,0,0,0,8119.43
2024,TX,99999.0,Adjustment 2024,ERCO,,-91.217,-25.485,-0.032,0,-116.734,,,,,,,,,,,0,0,0,0,0.0,,,,,,-0.173,0,0,0,-0.173,,,,,,-1.656,-0.045,0,0,-1.701,,,,,,,,,,,0,-3.453,0,0,-3.453,,,,,,,,,,,,,,,,,,,,,,,,,,,,,,,,,,,,,,,,,-91.39,-25.485,-0.032,0,-116.907,,,,,,,,,,
2024,TX,99999.0,Adjustment 2024,MISO,,-9.096,-0.205,-0.018,,-9.32,,,,,,,,,,,,,,,0.0,,,,,,,,,,0.0,,,,,,,,,,0.0,,,,,,,,,,,,,,,0.0,,,,,,,,,,,,,,,,,,,,,,,,,,,,,,,,,,,,,,,,,-9.096,-0.205,-0.018,,-9.32,,,,,,,,,,
2024,TX,99999.0,Adjustment 2024,SWPP,,-0.16,-0.003,,,-0.164,,,,,,,,,,,,,,,0.0,,,,,,0,,,,0.0,,,,,,,,,,0.0,,,,,,,,,,,,,,,0.0,,,,,,,,,,,,,,,,,,,,,,,,,,,,,,,,,,,,,,,,,-0.161,-0.003,,,-0.164,,,,,,,,,,
2024,UT,2010.0,City of Bountiful,PACE,DC,1.928,0.086,,,2.014,275,6,,,281,,,,,0,,,,,0.0,,,,,0,,,,,0.0,,,,,0,,,,,0.0,,,,,0,,,,,0,,,,,0.0,,,,,0,,,,,0,,,,,0,,,,,0,,,,,0,,,,,0,,,,,0,,,,,0,1.928,0.086,0,0,2.014,275,6,0,0,281,0,0,0,0,0
2024,UT,5862.0,"Empire Electric Assn, Inc",WACM,AC,0.116,0.044,,,0.16,22,3,,,25,,,,,0,,,,,0.0,,,,,0,,,,,0.0,,,,,0,,,,,0.0,,,,,0,,,,,0,,,,,0.0,,,,,0,,,,,0,,,,,0,,,,,0,,,,,0,,,,,0,,,,,0,,,,,0,0.116,0.044,0,0,0.16,22,3,0,0,25,0,0,0,0,0
2024,UT,6957.0,"Garkane Energy Coop, Inc",WACM,DC,1.269,1.646,,,2.915,234,25,,,259,,,,,0,,,,,0.0,,,,,0,,,,,0.0,,,,,0,1.269,1.341,,,2.61,233,19,,,252,0.568,,,,0.568,,,,,0.0,,,,,0,,,,,0,0.005,0.02,,,0.025,1,1,,,2,,,,,0,,0.3,,,0.3,,3,,,3,,,,,0,1.274,1.966,0,0,3.24,235,29,0,0,264,0,0,0,0,0
2024,UT,10879.0,Lehi City Corporation,PACE,DC,6.91,1.454,,,8.364,990,13,,,1003,,,,,0,,,,,0.0,,,,,0,,,,,0.0,,,,,0,,,,,0.0,,,,,0,,,,,0,,,,,0.0,,,,,0,,,,,0,,0.008,,,0.008,,3,,,3,,,,,0,,,,,0,,,,,0,,,,,0,6.91,1.462,0,0,8.372,990,16,0,0,1006,0,0,0,0,0
2024,UT,11135.0,City of Logan - (UT),PACE,DC,4.62,1.518,,,6.138,1138,42,,,1180,,,,,0,,,,,0.0,,,,,0,,,,,0.0,,,,,0,,,,,0.0,,,,,0,,,,,0,,,,,0.0,,,,,0,,,,,0,,,,,0,,,,,0,,,,,0,,,,,0,,,,,0,,,,,0,4.62,1.518,0,0,6.138,1138,42,0,0,1180,0,0,0,0,0
2024,UT,12866.0,Moon Lake Electric Assn Inc,WACM,AC,0.672,0.077,0,0,0.749,84,5,0,0,89,0,0,0,0,0,0,0,0,0,0.0,0,0,0,0,0,0,0,0,0,0.0,0,0,0,0,0,,,,,0.0,,,,,0,,,,,0,,,,,0.0,,,,,0,,,,,0,,,,,0,,,,,0,,,,,0,,,,,0,,,,,0,,,,,0,0.672,0.077,0,0,0.749,84,5,0,0,89,0,0,0,0,0
2024,UT,13137.0,City of Murray - (UT),PACE,AC,2.4,0.2,,,2.6,375,16,,,391,,,,,0,,,,,0.0,,,,,0,,,,,0.0,,,,,0,,,,,0.0,,,,,0,,,,,0,,,,,0.0,,,,,0,,,,,0,,,,,0,,,,,0,,,,,0,,,,,0,,,,,0,,,,,0,2.4,0.2,0,0,2.6,375,16,0,0,391,0,0,0,0,0
2024,UT,14354.0,PacifiCorp,PACE,DC,535.633,101.653,12.188,0,649.474,74489,1529,116,0,76134,,,,,0,,,,,0.0,,,,,0,,,,,0.0,,,,,0,68.857,1.937,0,0,70.794,8409,43,0,0,8452,163.358,4.119,0,0,167.477,0.054,0.024,0,0,0.078,5,1,0,0,6,0.123,0.061,0,0,0.184,0.15,0.031,0,0,0.181,45,9,0,0,54,,,,,0,0.117,0.363,0.011,0,0.491,19,11,2,0,32,,,,,0,535.9,102.047,12.199,0,650.146,74553,1549,118,0,76220,0,0,0,0,0
2024,UT,15444.0,Provo City Corp,PACE,AC,8.364,0.477,0,0,8.841,1219,20,0,0,1239,5743.17,167.283,0,0,5910.453,,,,,0.0,,,,,0,,,,,0.0,,,,,0,,,,,0.0,,,,,0,,,,,0,,,,,0.0,,,,,0,,,,,0,,,,,0,,,,,0,,,,,0,,,,,0,,,,,0,,,,,0,8.364,0.477,0,0,8.841,1219,20,0,0,1239,5743.17,167.283,0,0,5910.453
2024,UT,17732.0,Spanish Fork City Corporation,PACE,DC,4.68,0.056,,,4.736,707,5,,,712,,,,,0,,,,,0.0,,,,,0,,,,,0.0,,,,,0,,,,,0.0,,,,,0,,,,,0,,,,,0.0,,,,,0,,,,,0,,,,,0,,,,,0,,,,,0,,,,,0,,,,,0,,,,,0,4.68,0.056,0,0,4.736,707,5,0,0,712,0,0,0,0,0
2024,UT,17845.0,City of Springville - (UT),PACE,AC,1.953,0.587,,,2.54,297,3,,,300,,,,,0,,,,,0.0,,,,,0,,,,,0.0,,,,,0,,,,,0.0,,,,,0,,,,,0,,,,,0.0,,,,,0,,,,,0,0.003,,,,0.003,1,,,,1,,,,,0,,,,,0,,,,,0,,,,,0,1.956,0.587,0,0,2.543,298,3,0,0,301,0,0,0,0,0
2024,UT,17874.0,City of St George,PACE,DC,6.917,1.575,0,0,8.492,836,34,0,0,870,,,,,0,,,,,0.0,,,,,0,,,,,0.0,,,,,0,,,,,0.0,,,,,0,,,,,0,,,,,0.0,,,,,0,,,,,0,,,,,0,,,,,0,,,,,0,,,,,0,,,,,0,,,,,0,6.917,1.575,0,0,8.492,836,34,0,0,870,0,0,0,0,0
2024,UT,18206.0,Strawberry Electric Serv Dist,PACE,AC,2.09,0.03,,,2.12,258,3,,,261,1175.758,21.734,,,1197.492,,,,,0.0,,,,,0,,,,,0.0,,,,,0,,,,,0.0,,,,,0,,,,,0,,,,,0.0,,,,,0,,,,,0,0.026,,,,0.026,10,,,,10,0,,,,0,,,,,0,,,,,0,,,,,0,2.116,0.03,0,0,2.146,268,3,0,0,271,1175.758,21.734,0,0,1197.492
2024,UT,40165.0,"Dixie Escalante R E A, Inc",PACE,DC,1.724,0.594,,,2.318,191,5,,,196,1003.272,431.139,,,1434.411,,,,,0.0,,,,,0,0.375,,,,0.375,21,,,,21,,,,,0.0,,,,,0,,,,,0,,,,,0.0,,,,,0,,,,,0,,,,,0,,,,,0,,,,,0,,,,,0,,,,,0,,,,,0,2.099,0.594,0,0,2.693,212,5,0,0,217,1003.272,431.139,0,0,1434.411
2024,UT,99999.0,Adjustment 2024,PACE,,-98.085,-18.65,-2.126,0,-118.86,,,,,,,,,,,,,,,0.0,,,,,,-0.065,,,,-0.065,,,,,,-12.009,-0.338,0,0,-12.346,,,,,,,,,,,-0.009,-0.004,0,0,-0.014,,,,,,,,,,,,,,,,,,,,,,,,,,,,,,,,,,,,,,,,,-98.15,-18.65,-2.126,0,-118.925,,,,,,,,,,
2024,UT,99999.0,Adjustment 2024,WACM,,-0.221,-0.287,,,-0.508,,,,,,,,,,,,,,,0.0,,,,,,,,,,0.0,,,,,,-0.221,-0.234,,,-0.455,,,,,,,,,,,,,,,0.0,,,,,,,,,,,,,,,,,,,,,,,,,,,,,,,,,,,,,,,,,-0.221,-0.287,,,-0.508,,,,,,,,,,
2024,VA,84.0,A & N Electric Coop,PJM,AC,1.313,0.791,0,0,2.104,172,28,0,0,200,0,0,0,0,0,0,0,0,0,0.0,0,0,0,0,0,0,0,0,0,0.0,0,0,0,0,0,0,0,0,0,0.0,0,0,0,0,0,0,0,0,0,0,0,0,0,0,0.0,0,0,0,0,0,0,0,0,0,0,0.012,0.002,0,0,0.014,5,1,0,0,6,0,0,0,0,0,0,0,0,0,0,0,0,0,0,0,0,0,0,0,0,1.325,0.793,0,0,2.118,177,29,0,0,206,0,0,0,0,0
2024,VA,733.0,Appalachian Power Co,PJM,AC,38.156,10.223,0.203,,48.582,4892,186,6,,5084,23757.302,5049.681,64.572,,28871.555,,,,,0.0,,,,,0,0,0.945,0,,0.945,0,3,0,,3,3.459,0.119,0,,3.578,675,12,0,,687,7.426,0.39,0,,7.816,0,0.003,0,,0.003,0,1,0,,1,0,0.003,0,,0.003,0.066,0.046,0,,0.112,16,6,0,,22,8.219,0,0,,8.219,0,1.129,0,,1.129,0,2,0,,2,0,0,0,,0,38.222,12.343,0.203,0,50.768,4908,197,6,0,5111,23765.521,5049.681,64.572,0,28879.774
2024,VA,3291.0,Central Virginia Electric Coop,PJM,AC,6.68,0.67,,,7.35,835,22,,,857,,,,,0,,,,,0.0,,,,,0,,,,,0.0,,,,,0,,,,,0.0,,,,,0,,,,,0,,,,,0.0,,,,,0,,,,,0,0.01,,,,0.01,1,,,,1,,,,,0,,,,,0,,,,,0,,,,,0,6.69,0.67,0,0,7.36,836,22,0,0,858,0,0,0,0,0
2024,VA,4794.0,City of Danville - (VA),PJM,AC,1.653,2.303,,,3.956,220,11,,,231,,,,,0,,,,,0.0,,,,,0,,,,,0.0,,,,,0,,,,,0.0,,,,,0,,,,,0,,,,,0.0,,,,,0,,,,,0,,,,,0,,,,,0,,,,,0,,,,,0,,,,,0,,,,,0,1.653,2.303,0,0,3.956,220,11,0,0,231,0,0,0,0,0
2024,VA,8198.0,City of Harrisonburg - (VA),PJM,AC,1.94,1.56,,,3.5,298,38,,,336,1602.009,375.608,,,1977.617,,,,,0.0,,,,,0,,,,,0.0,,,,,0,,,,,0.0,,,,,0,,,,,0,,,,,0.0,,,,,0,,,,,0,,,,,0,,,,,0,,,,,0,,,,,0,,,,,0,,,,,0,1.94,1.56,0,0,3.5,298,38,0,0,336,1602.009,375.608,0,0,1977.617
2024,VA,10171.0,Kentucky Utilities Co,LGEE,DC,0.537,7.589,,,8.126,60,21,,,81,275.678,4022.516,,,4298.194,,,,,0.0,,,,,0,,,,,0.0,,,,,0,0.114,,,,0.114,22,,,,22,,,,,0,,,,,0.0,,,,,0,,,,,0,,,,,0,,,,,0,,,,,0,,,,,0,,,,,0,,,,,0,0.537,7.589,0,0,8.126,60,21,0,0,81,275.678,4022.516,0,0,4298.194
2024,VA,12260.0,Mecklenburg Electric Cooperative,PJM,AC,1.32,1.26,,,2.58,178,5,,,183,,,,,0,,,,,0.0,,,,,0,,,,,0.0,,,,,0,,,,,0.0,,,,,0,,,,,0,,,,,0.0,,,,,0,,,,,0,,,,,0,,,,,0,,,,,0,,,,,0,,,,,0,0,0,,,0,1.32,1.26,0,0,2.58,178,5,0,0,183,0,0,0,0,0
2024,VA,13640.0,Northern Virginia Elec Coop,PJM,AC,29.06,13.13,,,42.19,3602,134,,,3736,,,,,0,,,,,0.0,,,,,0,,,,,0.0,,,,,0,,,,,0.0,,,,,0,,,,,0,,,,,0.0,,,,,0,,,,,0,,,,,0,,,,,0,,,,,0,,,,,0,,,,,0,,,,,0,29.06,13.13,0,0,42.19,3602,134,0,0,3736,0,0,0,0,0
2024,VA,13762.0,"Northern Neck Elec Coop, Inc",PJM,AC,2.168,0.022,,,2.19,273,5,,,278,,,,,0,,,,,0.0,,,,,0,,,,,0.0,,,,,0,,,,,0.0,,,,,0,,,,,0,,,,,0.0,,,,,0,,,,,0,0.004,,,,0.004,2,,,,2,,,,,0,,,,,0,,,,,0,,,,,0,2.172,0.022,0,0,2.194,275,5,0,0,280,0,0,0,0,0
2024,VA,15410.0,Prince George Electric Coop,PJM,AC,1.185,0.012,,,1.197,170,2,,,172,,,,,0,,,,,0.0,,,,,0,,,,,0.0,,,,,0,,,,,0.0,,,,,0,,,,,0,,,,,0.0,,,,,0,,,,,0,0.003,,,,0.003,1,,,,1,,,,,0,,,,,0,,,,,0,,,,,0,1.188,0.012,0,0,1.2,171,2,0,0,173,0,0,0,0,0
2024,VA,16558.0,City of Salem - (VA),PJM,AC,0.574,0.366,,,0.94,94,5,,,99,,,,,0,,,,,0.0,,,,,0,,,,,0.0,,,,,0,,,,,0.0,,,,,0,,,,,0,,,,,0.0,,,,,0,,,,,0,,,,,0,,,,,0,,,,,0,,,,,0,,,,,0,,,,,0,0.574,0.366,0,0,0.94,94,5,0,0,99,0,0,0,0,0
2024,VA,17066.0,Shenandoah Valley Elec Coop,PJM,AC,9.006,4.801,3.756,0,17.563,1126,71,23,0,1220,,,,,0,,,,,0.0,,,,,0,,,,,0.0,,,,,0,,,,,0.0,,,,,0,,,,,0,,,,,0.0,,,,,0,,,,,0,0.034,,,,0.034,8,,,,8,,,,,0,,,,,0,,,,,0,,,,,0,9.04,4.801,3.756,0,17.597,1134,71,23,0,1228,0,0,0,0,0
2024,VA,19876.0,Virginia Electric & Power Co,PJM,AC,387.6,158.63,0.12,,546.35,53368,1147,8,,54523,,,,,0,,,,,0.0,,,,,0,,,,,0.0,,,,,0,,,,,0.0,,,,,0,,,,,0,,,,,0.0,,,,,0,,,,,0,0.078,0.112,,,0.19,29,10,,,39,,,,,0,,,,,0,,,,,0,,,,,0,387.678,158.742,0.12,0,546.54,53397,1157,8,0,54562,0,0,0,0,0
2024,VA,19882.0,Virginia Tech Electric Service,PJM,AC,0.528,0.848,0,0,1.376,93,8,0,0,101,0,0,0,0,0,0,0,0,0,0.0,0,0,0,0,0,0,0,0,0,0.0,0,0,0,0,0,0,0,0,0,0.0,0,0,0,0,0,0,0,0,0,0,0,0,0,0,0.0,0,0,0,0,0,0,0,0,0,0,0,0,0,0,0,0,0,0,0,0,0,0,0,0,0,0,0,0,0,0,0,0,0,0,0,0,0,0,0,0,0.528,0.848,0,0,1.376,93,8,0,0,101,0,0,0,0,0
2024,VA,21244.0,"Southside Electric Coop, Inc",PJM,DC,6.583,,,,6.583,730,,,,730,,,,,0,,,,,0.0,,,,,0,,,,,0.0,,,,,0,,,,,0.0,,,,,0,,,,,0,,,,,0.0,,,,,0,,,,,0,0.003,,,,0.003,1,,,,1,,,,,0,,,,,0,,,,,0,,,,,0,6.586,0,0,0,6.586,731,0,0,0,731,0,0,0,0,0
2024,VA,40228.0,Rappahannock Electric Coop,PJM,AC,26.694,7.517,,,34.211,3442,97,,,3539,,,,,0,,,,,0.0,,,,,0,,,,,0.0,,,,,0,,,,,0.0,,,,,0,,,,,0,,,,,0.0,,,,,0,,,,,0,0.022,,,,0.022,6,,,,6,,,,,0,,0.839,,,0.839,,1,,,1,,,,,0,26.716,8.356,0,0,35.072,3448,98,0,0,3546,0,0,0,0,0
2024,VA,99999.0,Adjustment 2024,LGEE,,-0.094,-1.324,,,-1.417,,,,,,,,,,,,,,,0.0,,,,,,,,,,0.0,,,,,,-0.02,,,,-0.02,,,,,,,,,,,,,,,0.0,,,,,,,,,,,,,,,,,,,,,,,,,,,,,,,,,,,,,,,,,-0.094,-1.324,,,-1.417,,,,,,,,,,
2024,VA,99999.0,Adjustment 2024,PJM,,-1.148,,,,-1.148,,,,,,,,,,,,,,,0.0,,,,,,,,,,0.0,,,,,,,,,,0.0,,,,,,,,,,,,,,,0.0,,,,,,,,,,,,,,,,,,,,,,,,,,,,,,,,,,,,,,,,,-1.148,,,,-1.148,,,,,,,,,,
2024,VT,2548.0,City of Burlington Electric - (VT),ISNE,AC,1.784,0.426,0.038,0,2.248,327,23,1,0,351,1249.482,4249.051,0,0,5498.533,,,,,0.0,,,,,0,0.172,3.584,0,0,3.756,66,85,0,0,151,,,,,0.0,,,,,0,,,,,0,,,,,0.0,,,,,0,,,,,0,,0.01,,,0.01,,1,,,1,,,,,0,,,,,0,,,,,0,,,,,0,1.956,4.02,0.038,0,6.014,393,109,1,0,503,1249.482,4249.051,0,0,5498.533
2024,VT,7601.0,Green Mountain Power Corp,ISNE,AC,77.714,57.804,0.197,,135.715,6313,564,4,,6881,,,,,0,,,,,0.0,,,,,0,,,,,0.0,,,,,0,,,,,0.0,,,,,0,,,,,0,,,,,0.0,,,,,0,,,,,0,0.192,,,,0.192,14,,,,14,,,,,0,0.916,0.22,,,1.136,55,2,,,57,,,,,0,78.822,58.024,0.197,0,137.043,6382,566,4,0,6952,0,0,0,0,0
2024,VT,19791.0,"Vermont Electric Cooperative, Inc",ISNE,AC,20.715,0.596,0,0,21.311,2553,35,0,0,2588,,,,,0,,,,,0.0,,,,,0,2.139,9.507,0,0,11.646,108,53,0,0,161,,,,,0.0,,,,,0,,,,,0,,,,,0.0,,,,,0,,,,,0,0.159,0.071,0,0,0.23,29,5,0,0,34,,,,,0,0.009,0.282,0,0,0.291,1,2,0,0,3,,,,,0,23.022,10.456,0,0,33.478,2691,95,0,0,2786,0,0,0,0,0
2024,WA,1579.0,PUD No 1 of Benton County,BPAT,AC,9.127,0.511,,,9.638,1124,28,,,1152,7433.973,160.258,,,7594.231,,,,,0.0,,,,,0,0.094,0.004,,,0.098,143,3,,,146,0.132,,,,0.132,13,,,,13,0.145,,,,0.145,,,,,0.0,,,,,0,,,,,0,0.005,0.002,,,0.007,2,1,,,3,0.199,0,,,0.199,,,,,0,,,,,0,,,,,0,9.226,0.517,0,0,9.743,1269,32,0,0,1301,7434.172,160.258,0,0,7594.43
2024,WA,1625.0,Benton Rural Electric Assn,BPAT,DC,4.738,1.75,,,6.488,489,13,,,502,,,,,0,,,,,0.0,,,,,0,,,,,0.0,,,,,0,,,,,0.0,,,,,0,,,,,0,,,,,0.0,,,,,0,,,,,0,,,,,0,,,,,0,,,,,0,,,,,0,,,,,0,,,,,0,4.738,1.75,0,0,6.488,489,13,0,0,502,0,0,0,0,0
2024,WA,1723.0,"Big Bend Electric Coop, Inc",BPAT,DC,1.002,0.103,0.009,0,1.114,101,4,1,0,106,,,,,0,,,,,0.0,,,,,0,,,,,0.0,,,,,0,0.009,,,,0.009,2,,,,2,0.026,,,,0.026,,,,,0.0,,,,,0,,,,,0,,,,,0,,,,,0,,,,,0,,,,,0,,,,,0,,,,,0,1.002,0.103,0.009,0,1.114,101,4,1,0,106,0,0,0,0,0
2024,WA,3295.0,City of Centralia - (WA),BPAT,AC,0.952,0.211,,,1.163,124,4,,,128,,,,,0,,,,,0.0,,,,,0,,,,,0.0,,,,,0,,,,,0.0,,,,,0,,,,,0,,,,,0.0,,,,,0,,,,,0,,,,,0,,,,,0,,,,,0,,,,,0,,,,,0,,,,,0,0.952,0.211,0,0,1.163,124,4,0,0,128,0,0,0,0,0
2024,WA,3413.0,PUD No 1 of Chelan County,CHPD,DC,0.535,0.061,,,0.596,94,10,,,104,190.776,7.431,,,198.207,,,,,0.0,,,,,0,,,,,0.0,,,,,0,,,,,0.0,,,,,0,,,,,0,,,,,0.0,,,,,0,,,,,0,,,,,0,,,,,0,,,,,0,0.005,,,,0.005,1,,,,1,,,,,0,0.54,0.061,0,0,0.601,95,10,0,0,105,190.776,7.431,0,0,198.207
2024,WA,3644.0,PUD No 1 of Clallam County,BPAT,AC,4.793,0.132,,,4.925,612,10,,,622,,,,,0,,,,,0.0,,,,,0,0.031,,,,0.031,82,,,,82,0.225,,,,0.225,20,,,,20,0.309,,,,0.309,,,,,0.0,,,,,0,,,,,0,0.002,0.011,,,0.013,1,1,,,2,,,,,0,0.045,,,,0.045,1,,,,1,,,,,0,4.871,0.143,0,0,5.014,696,11,0,0,707,0,0,0,0,0
2024,WA,3660.0,PUD No 1 of Clark County - (WA),BPAT,AC,22.232,1.105,,,23.337,3049,43,,,3092,14450.28,574.65,,,15024.93,,,,,0.0,,,,,0,0.919,0.182,,,1.101,911,19,,,930,1.575,0.037,,,1.612,161,3,,,164,3.521,0.074,,,3.595,0.053,0.25,,,0.303,4,1,,,5,0.108,0.372,,,0.48,0.066,0.002,,,0.068,4,1,,,5,9.06,,,,9.06,0.01,,,,0.01,1,,,,1,8.29,,,,8.29,23.227,1.289,0,0,24.516,3965,63,0,0,4028,14467.63,574.65,0,0,15042.28
2024,WA,4041.0,"Columbia Rural Elec Assn, Inc",BPAT,AC,1.732,0.512,,,2.244,191,14,,,205,,,,,0,,,,,0.0,,,,,0,,,,,0.0,,,,,0,,,,,0.0,,,,,0,,,,,0,,,,,0.0,,,,,0,,,,,0,0.004,,,,0.004,1,,,,1,,,,,0,0.004,,,,0.004,1,,,,1,,,,,0,1.74,0.512,0,0,2.252,193,14,0,0,207,0,0,0,0,0
2024,WA,4442.0,PUD No 1 of Cowlitz County,BPAT,AC,4.947,0.137,,,5.084,536,3,,,539,,,,,0,,,,,0.0,,,,,0,0.059,,,,0.059,78,,,,78,0.178,,,,0.178,15,,,,15,0.215,,,,0.215,,,,,0.0,,,,,0,,,,,0,0.007,,,,0.007,3,,,,3,,,,,0,0.004,,,,0.004,1,,,,1,,,,,0,5.017,0.137,0,0,5.154,618,3,0,0,621,0,0,0,0,0
2024,WA,5326.0,PUD No 1 of Douglas County,DOPD,AC,0.109,0.049,,,0.158,18,2,,,20,,,,,0,,,,,0.0,,,,,0,,,,,0.0,,,,,0,,,,,0.0,,,,,0,,,,,0,,,,,0.0,,,,,0,,,,,0,,,,,0,,,,,0,,,,,0,,,,,0,,,,,0,,,,,0,0.109,0.049,0,0,0.158,18,2,0,0,20,0,0,0,0,0
2024,WA,5832.0,Elmhurst Mutual Power & Light Co,BPAT,AC,0.782,0.011,,,0.793,94,1,,,95,,,,,0,,,,,0.0,,,,,0,,,,,0.0,,,,,0,,,,,0.0,,,,,0,,,,,0,,,,,0.0,,,,,0,,,,,0,,,,,0,,,,,0,,,,,0,,,,,0,,,,,0,,,,,0,0.782,0.011,0,0,0.793,94,1,0,0,95,0,0,0,0,0
2024,WA,6149.0,City of Ellensburg - (WA),BPAT,AC,1.685,0.82,,,2.505,169,21,,,190,,,,,0,,,,,0.0,,,,,0,,,,,0.0,,,,,0,,,,,0.0,,,,,0,,,,,0,,,,,0.0,,,,,0,,,,,0,,,,,0,,,,,0,,,,,0,,,,,0,,,,,0,,,,,0,1.685,0.82,0,0,2.505,169,21,0,0,190,0,0,0,0,0
2024,WA,6716.0,PUD No 1 of Franklin County,BPAT,AC,6.216,0.552,,,6.768,842,17,,,859,,,,,0,,,,,0.0,,,,,0,,0.069,,,0.069,,117,,,117,,,,,0.0,,,,,0,,,,,0,,,,,0.0,,,,,0,,,,,0,,,,,0,,,,,0,,,,,0,,,,,0,,,,,0,,,,,0,6.216,0.621,0,0,6.837,842,134,0,0,976,0,0,0,0,0
2024,WA,7548.0,PUD No 1 of Grays Harbor County,BPAT,AC,2.55,0.261,,,2.811,321,13,,,334,,,,,0,,,,,0.0,,,,,0,,,,,0.0,,,,,0,,,,,0.0,,,,,0,,,,,0,,,,,0.0,,,,,0,,,,,0,0.002,,,,0.002,1,,,,1,,,,,0,,,,,0,,,,,0,,,,,0,2.552,0.261,0,0,2.813,322,13,0,0,335,0,0,0,0,0
2024,WA,8699.0,Inland Power & Light Company,BPAT,AC,5.38,0.182,,,5.562,585,20,,,605,,,,,0,,,,,0.0,,,,,0,0.498,,,,0.498,138,,,,138,,,,,0.0,,,,,0,,,,,0,,,,,0.0,,,,,0,,,,,0,0.016,,,,0.016,7,,,,7,,,,,0,,0.001,,,0.001,,1,,,1,,,,,0,5.894,0.183,0,0,6.077,730,21,0,0,751,0,0,0,0,0
2024,WA,10393.0,PUD No 1 of Klickitat County,BPAT,AC,3.007,0.269,0.3,,3.576,392,15,3,,410,,,,,0,,,,,0.0,,,,,0,,,,,0.0,,,,,0,0.236,,,,0.236,15,,,,15,,,,,0,,,,,0.0,,,,,0,,,,,0,0.018,0.001,,,0.019,5,1,,,6,,,,,0,0.012,,,,0.012,2,,,,2,,,,,0,3.037,0.27,0.3,0,3.607,399,16,3,0,418,0,0,0,0,0
2024,WA,10627.0,Lakeview Light & Power,BPAT,AC,0.205,0,0,0,0.205,20,0,0,0,20,,,,,0,,,,,0.0,,,,,0,,,,,0.0,,,,,0,,,,,0.0,,,,,0,,,,,0,,,,,0.0,,,,,0,,,,,0,,,,,0,,,,,0,,,,,0,,,,,0,,,,,0,,,,,0,0.205,0,0,0,0.205,20,0,0,0,20,0,0,0,0,0
2024,WA,10944.0,PUD No 1 of Lewis County,BPAT,AC,2.534,0.244,0,0,2.778,318,5,0,0,323,,,,,0,,,,,0.0,,,,,0,,,,,0.0,,,,,0,,,,,0.0,,,,,0,,,,,0,,,,,0.0,,,,,0,,,,,0,,,,,0,,,,,0,,,,,0,,,,,0,,,,,0,,,,,0,2.534,0.244,0,0,2.778,318,5,0,0,323,0,0,0,0,0
2024,WA,12744.0,Modern Electric Water Company,AVA,AC,0.199,0.131,,,0.33,30,4,,,34,,,,,0,,,,,0.0,,,,,0,,,,,0.0,,,,,0,,,,,0.0,,,,,0,,,,,0,,,,,0.0,,,,,0,,,,,0,,,,,0,,,,,0,,,,,0,,,,,0,,,,,0,,,,,0,0.199,0.131,0,0,0.33,30,4,0,0,34,0,0,0,0,0
2024,WA,14055.0,PUD No 1 of Okanogan County,DOPD,AC,0.925,0.115,,,1.04,114,7,,,121,1111.817,100.55,,,1212.367,,,,,0.0,,,,,0,,,,,0.0,,,,,0,,,,,0.0,,,,,0,,,,,0,,,,,0.0,,,,,0,,,,,0,,,,,0,,,,,0,,,,,0,,,,,0,,,,,0,,,,,0,0.925,0.115,0,0,1.04,114,7,0,0,121,1111.817,100.55,0,0,1212.367
2024,WA,14170.0,Orcas Power & Light Coop,BPAT,AC,5.229,0.958,,,6.187,823,60,,,883,549.877,10.771,,,560.648,,,,,0.0,,,,,0,0.375,0.02,,,0.395,256,5,,,261,1.041,,,,1.041,109,,,,109,1.557,,,,1.557,,,,,0.0,,,,,0,,,,,0,,,,,0,,,,,0,,,,,0,0.048,,,,0.048,1,,,,1,20.522,,,,20.522,5.652,0.978,0,0,6.63,1080,65,0,0,1145,570.399,10.771,0,0,581.17
2024,WA,14324.0,PUD No 2 of Pacific County,BPAT,AC,0.751,0.128,,,0.879,98,7,,,105,,,,,0,,,,,0.0,,,,,0,,,,,0.0,,,,,0,,,,,0.0,,,,,0,,,,,0,,,,,0.0,,,,,0,,,,,0,0.003,,,,0.003,1,,,,1,,,,,0,,0.003,,,0.003,,1,,,1,,,,,0,0.754,0.131,0,0,0.885,99,8,0,0,107,0,0,0,0,0
2024,WA,14354.0,PacifiCorp,PACW,DC,37.56,10.011,1.006,0,48.577,3433,248,21,0,3702,,,,,0,,,,,0.0,,,,,0,,,,,0.0,,,,,0,0.684,0.015,0,0,0.699,61,2,0,0,63,1.008,0.038,0,0,1.046,,,,,0.0,,,,,0,,,,,0,0.03,0,0,0,0.03,4,0,0,0,4,,,,,0,,,,,0,,,,,0,,,,,0,37.59,10.011,1.006,0,48.607,3437,248,21,0,3706,0,0,0,0,0
2024,WA,14624.0,PUD No 2 of Grant County,GCPD,DC,1.236,0.3,,,1.536,151,12,,,163,,,,,0,,,,,0.0,,,,,0,,,,,0.0,,,,,0,0.063,,,,0.063,4,,,,4,0.052,,,,0.052,,,,,0.0,,,,,0,,,,,0,0.001,,,,0.001,1,,,,1,,,,,0,,,,,0,,,,,0,,,,,0,1.237,0.3,0,0,1.537,152,12,0,0,164,0,0,0,0,0
2024,WA,14653.0,PUD No 1 of Pend Oreille County,AVA,DC,0.268,,,,0.268,31,,,,31,,,,,0,,,,,0.0,,,,,0,,,,,0.0,,,,,0,,,,,0.0,,,,,0,,,,,0,,,,,0.0,,,,,0,,,,,0,,,,,0,,,,,0,,,,,0,,,,,0,,,,,0,,,,,0,0.268,0,0,0,0.268,31,0,0,0,31,0,0,0,0,0
2024,WA,14668.0,Peninsula Light Company,BPAT,AC,3.27,,,,3.27,334,,,,334,,,,,0,,,,,0.0,,,,,0,,,,,0.0,,,,,0,0.31,,,,0.31,21,,,,21,,,,,0,3.1,,,,3.1,313,,,,313,,,,,0,0.001,,,,0.001,1,,,,1,,,,,0,,,,,0,,,,,0,,,,,0,3.271,0,0,0,3.271,335,0,0,0,335,0,0,0,0,0
2024,WA,15231.0,City of Port Angeles - (WA),BPAT,AC,1.037,0.218,,,1.255,144,7,,,151,,,,,0,,,,,0.0,,,,,0,,,,,0.0,,,,,0,,,,,0.0,,,,,0,,,,,0,,,,,0.0,,,,,0,,,,,0,,0.003,,,0.003,,3,,,3,,,,,0,,,,,0,,,,,0,,,,,0,1.037,0.221,0,0,1.258,144,10,0,0,154,0,0,0,0,0
2024,WA,15419.0,PUD No 3 of Mason County,BPAT,DC,2.339,0.579,0,0,2.918,260,12,0,0,272,0,0,0,0,0,0,0,0,0,0.0,0,0,0,0,0,0.074,0,0,0,0.074,101,0,0,0,101,0,0,0,0,0.0,0,0,0,0,0,0,0,0,0,0,0,0,0,0,0.0,0,0,0,0,0,0,0,0,0,0,0.006,0,0,0,0.006,2,0,0,0,2,0,0,0,0,0,0,0,0,0,0,0,0,0,0,0,0,0,0,0,0,2.419,0.579,0,0,2.998,363,12,0,0,375,0,0,0,0,0
2024,WA,15500.0,Puget Sound Energy Inc,PSEI,AC,174.867,27.862,0.431,,203.16,23770,1384,9,,25163,,,,,0,,,,,0.0,,,,,0,,,,,0.0,,,,,0,13.392,0.288,,,13.68,1719,58,,,1777,25.291,0.642,,,25.933,,,,,0.0,,,,,0,,,,,0,0.058,0.016,,,0.074,20,7,,,27,,,,,0,0.116,0.223,0.014,,0.353,15,7,1,,23,,,,,0,175.041,28.101,0.445,0,203.587,23805,1398,10,0,25213,0,0,0,0,0
2024,WA,15979.0,City of Richland - (WA),BPAT,DC,6.128,0.435,,,6.563,720,13,,,733,5335.677,109.832,,,5445.509,,,,,0.0,,,,,0,,,,,0.0,,,,,0,,,,,0.0,,,,,0,,,,,0,,,,,0.0,,,,,0,,,,,0,,,,,0,,,,,0,,,,,0,,,,,0,,,,,0,,,,,0,6.128,0.435,0,0,6.563,720,13,0,0,733,5335.677,109.832,0,0,5445.509
2024,WA,16868.0,City of Seattle - (WA),SCL,DC,55.014,9.141,,,64.155,7560,448,,,8008,,,,,0,,,,,0.0,,,,,0,,,,,0.0,,,,,0,2.087,0.035,,,2.122,96,3,,,99,,,,,0,,,,,0.0,,,,,0,,,,,0,,,,,0,,,,,0,,,,,0,,,,,0,,,,,0,,,,,0,55.014,9.141,0,0,64.155,7560,448,0,0,8008,0,0,0,0,0
2024,WA,17470.0,PUD No 1 of Snohomish County,BPAT,DC,41.413,5.188,0.094,,46.695,4755,187,1,,4943,,,,,0,,,,,0.0,,,,,0,,,,,0.0,,,,,0,1.596,,,,1.596,343,,,,343,7.024,,,,7.024,,,,,0.0,,,,,0,,,,,0,0.01,,,,0.01,4,,,,4,,,,,0,,,,,0,,,,,0,,,,,0,41.423,5.188,0.094,0,46.705,4759,187,1,0,4947,0,0,0,0,0
2024,WA,18429.0,City of Tacoma - (WA),TPWR,AC,18.21,1.32,0,0,19.53,2780,74,0,0,2854,,,,,0,,,,,0.0,,,,,0,,,,,0.0,,,,,0,,,,,0.0,,,,,0,,,,,0,,,,,0.0,,,,,0,,,,,0,,,,,0,,,,,0,,,,,0,,,,,0,,,,,0,,,,,0,18.21,1.32,0,0,19.53,2780,74,0,0,2854,0,0,0,0,0
2024,WA,19784.0,Vera Irrigation District #15,BPAT,AC,0.623,,,,0.623,82,,,,82,,,,,0,,,,,0.0,,,,,0,,,,,0.0,,,,,0,,,,,0.0,,,,,0,,,,,0,,,,,0.0,,,,,0,,,,,0,,,,,0,,,,,0,,,,,0,,,,,0,,,,,0,,,,,0,0.623,0,0,0,0.623,82,0,0,0,82,0,0,0,0,0
2024,WA,20169.0,Avista Corp,AVA,AC,27.73,4.605,,,32.335,4425,215,,,4640,,,,,0,,,,,0.0,,,,,0,,,,,0.0,,,,,0,,,,,0.0,,,,,0,,,,,0,,,,,0.0,,,,,0,,,,,0,0.066,,,,0.066,10,,,,10,,,,,0,0.098,,,,0.098,10,,,,10,,,,,0,27.894,4.605,0,0,32.499,4445,215,0,0,4660,0,0,0,0,0
2024,WA,59013.0,PUD No 1 of Jefferson County,BPAT,AC,4.919,1.173,0,0,6.092,646,32,0,0,678,,,,,0,0,0,0,0,0.0,0,0,0,0,0,0,0,0,0,0.0,0,0,0,0,0,0,0,0,0,0.0,0,0,0,0,0,0,0,0,0,0,0,0,0,0,0.0,0,0,0,0,0,0,0,0,0,0,0.004,0,0,0,0.004,3,0,0,0,3,,,,,0,0,0,0,0,0,0,0,0,0,0,,,,,0,4.923,1.173,0,0,6.096,649,32,0,0,681,0,0,0,0,0
2024,WA,99999.0,Adjustment 2024,AVA,,-0.047,,,,-0.047,,,,,,,,,,,,,,,0.0,,,,,,,,,,0.0,,,,,,,,,,0.0,,,,,,,,,,,,,,,0.0,,,,,,,,,,,,,,,,,,,,,,,,,,,,,,,,,,,,,,,,,-0.047,,,,-0.047,,,,,,,,,,
2024,WA,99999.0,Adjustment 2024,BPAT,,-9.7,-1.405,-0.018,0,-11.123,,,,,,,,,,,0,0,0,0,0.0,,,,,,-0.013,0,0,0,-0.013,,,,,,-0.28,0,0,0,-0.28,,,,,,,,,,,0,0,0,0,0.0,,,,,,,,,,,,,,,,,,,,,,,,,,,,,,,,,,,,,,,,,-9.713,-1.405,-0.018,0,-11.136,,,,,,,,,,
2024,WA,99999.0,Adjustment 2024,CHPD,,-0.093,-0.011,,,-0.104,,,,,,,,,,,,,,,0.0,,,,,,,,,,0.0,,,,,,,,,,0.0,,,,,,,,,,,,,,,0.0,,,,,,,,,,,,,,,,,,,,,,,,,,,,,,,,,,,,,,,,,-0.093,-0.011,,,-0.104,,,,,,,,,,
2024,WA,99999.0,Adjustment 2024,GCPD,,-0.216,-0.052,,,-0.268,,,,,,,,,,,,,,,0.0,,,,,,,,,,0.0,,,,,,-0.011,,,,-0.011,,,,,,,,,,,,,,,0.0,,,,,,,,,,,,,,,,,,,,,,,,,,,,,,,,,,,,,,,,,-0.216,-0.052,,,-0.268,,,,,,,,,,
2024,WA,99999.0,Adjustment 2024,PACW,,-6.55,-1.746,-0.175,0,-8.472,,,,,,,,,,,,,,,0.0,,,,,,,,,,0.0,,,,,,-0.119,-0.003,0,0,-0.122,,,,,,,,,,,,,,,0.0,,,,,,,,,,,,,,,,,,,,,,,,,,,,,,,,,,,,,,,,,-6.55,-1.746,-0.175,0,-8.472,,,,,,,,,,
2024,WA,99999.0,Adjustment 2024,SCL,,-9.594,-1.594,,,-11.189,,,,,,,,,,,,,,,0.0,,,,,,,,,,0.0,,,,,,-0.364,-0.006,,,-0.37,,,,,,,,,,,,,,,0.0,,,,,,,,,,,,,,,,,,,,,,,,,,,,,,,,,,,,,,,,,-9.594,-1.594,,,-11.189,,,,,,,,,,
2024,WI,108.0,Adams-Columbia Electric Coop,MISO,AC,2.213,0.086,0.085,,2.384,314,9,1,,324,328,77,0,,405,,,,,0.0,,,,,0,,,,,0.0,,,,,0,,,,,0.0,,,,,0,,,,,0,,,,,0.0,,,,,0,,,,,0,0.025,0.035,,,0.06,1,1,,,2,22,0,,,22,,,,,0,,,,,0,,,,,0,2.238,0.121,0.085,0,2.444,315,10,1,0,326,350,77,0,0,427
2024,WI,307.0,Algoma Utility Comm,MISO,DC,0.007,0.204,0,0,0.211,1,4,0,0,5,0,0,0,0,0,0,0,0,0,0.0,0,0,0,0,0,0,0,0,0,0.0,0,0,0,0,0,,,,,0.0,,,,,0,,,,,0,,,,,0.0,,,,,0,,,,,0,0,0,0,0,0,0,0,0,0,0,0,0,0,0,0,0,0,0,0,0,0,0,0,0,0,0,0,0,0,0,0.007,0.204,0,0,0.211,1,4,0,0,5,0,0,0,0,0
2024,WI,1251.0,Barron Electric Coop,MISO,AC,2.012,,,,2.012,184,,,,184,,,,,0,,,,,0.0,,,,,0,0.1,,,,0.1,97,,,,97,,,,,0.0,,,,,0,,,,,0,,,,,0.0,,,,,0,,,,,0,0.003,,,,0.003,1,,,,1,,,,,0,,,,,0,,,,,0,,,,,0,2.115,0,0,0,2.115,282,0,0,0,282,0,0,0,0,0
2024,WI,1776.0,City of Black River Falls,MISO,DC,0.039,0.456,0,0,0.495,6,9,0,0,15,0,0,0,0,0,0,0,0,0,0.0,0,0,0,0,0,0,0,0,0,0.0,0,0,0,0,0,,,,,0.0,,,,,0,,,,,0,,,,,0.0,,,,,0,,,,,0,0,0,0,0,0,0,0,0,0,0,0,0,0,0,0,0,0,0,0,0,0,0,0,0,0,0,0,0,0,0,0.039,0.456,0,0,0.495,6,9,0,0,15,0,0,0,0,0
2024,WI,1997.0,City of Boscobel - (WI),MISO,DC,0.006,0.021,0,0,0.027,1,2,0,0,3,0,0,0,0,0,0,0,0,0,0.0,0,0,0,0,0,0,0,0,0,0.0,0,0,0,0,0,,,,,0.0,,,,,0,,,,,0,,,,,0.0,,,,,0,,,,,0,0,0,0,0,0,0,0,0,0,0,0,0,0,0,0,0,0,0,0,0,0,0,0,0,0,0,0,0,0,0,0.006,0.021,0,0,0.027,1,2,0,0,3,0,0,0,0,0
2024,WI,2273.0,Brodhead Water & Lighting Comm,MISO,DC,0.134,0.032,0,0,0.166,31,2,0,0,33,0,0,0,0,0,0,0,0,0,0.0,0,0,0,0,0,0,0,0,0,0.0,0,0,0,0,0,,,,,0.0,,,,,0,,,,,0,,,,,0.0,,,,,0,,,,,0,0,0,0,0,0,0,0,0,0,0,0,0,0,0,0,0,0,0,0,0,0,0,0,0,0,0,0,0,0,0,0.134,0.032,0,0,0.166,31,2,0,0,33,0,0,0,0,0
2024,WI,3208.0,Cedarburg Light & Water Comm,MISO,DC,0.376,0.438,0,0,0.814,36,5,0,0,41,0,0,0,0,0,0,0,0,0,0.0,0,0,0,0,0,0,0,0,0,0.0,0,0,0,0,0,,,,,0.0,,,,,0,,,,,0,,,,,0.0,,,,,0,,,,,0,0.002,0,0,0,0.002,1,0,0,0,1,0,0,0,0,0,0,0,0,0,0,0,0,0,0,0,0,0,0,0,0,0.378,0.438,0,0,0.816,37,5,0,0,42,0,0,0,0,0
2024,WI,4073.0,City of Columbus - (WI),MISO,DC,0.048,0.03,0,0,0.078,9,2,0,0,11,0,0,0,0,0,0,0,0,0,0.0,0,0,0,0,0,0,0,0,0,0.0,0,0,0,0,0,,,,,0.0,,,,,0,,,,,0,,,,,0.0,,,,,0,,,,,0,0,0,0,0,0,0,0,0,0,0,0,0,0,0,0,0,0,0,0,0,0,0,0,0,0,0,0,0,0,0,0.048,0.03,0,0,0.078,9,2,0,0,11,0,0,0,0,0
2024,WI,4607.0,City of Cuba City,MISO,DC,0.018,0.006,0,0,0.024,2,1,0,0,3,0,0,0,0,0,0,0,0,0,0.0,0,0,0,0,0,0,0,0,0,0.0,0,0,0,0,0,,,,,0.0,,,,,0,,,,,0,,,,,0.0,,,,,0,,,,,0,0,0,0,0,0,0,0,0,0,0,0,0,0,0,0,0,0,0,0,0,0,0,0,0,0,0,0,0,0,0,0.018,0.006,0,0,0.024,2,1,0,0,3,0,0,0,0,0
2024,WI,4715.0,Dahlberg Light & Power Co,MISO,AC,0.456,0.123,0,0,0.579,63,2,0,0,65,,,,,0,,,,,0.0,,,,,0,,,,,0.0,,,,,0,,,,,0.0,,,,,0,,,,,0,,,,,0.0,,,,,0,,,,,0,,,,,0,,,,,0,,,,,0,,,,,0,,,,,0,,,,,0,0.456,0.123,0,0,0.579,63,2,0,0,65,0,0,0,0,0
2024,WI,5417.0,Dunn County Electric Coop,MISO,AC,1.415,,,,1.415,143,,,,143,234.804,,,,234.804,,,,,0.0,,,,,0,0.1,,,,0.1,99,,,,99,0.029,,,,0.029,3,,,,3,,,,,0,,,,,0.0,,,,,0,,,,,0,0.015,,,,0.015,3,,,,3,,,,,0,1.429,,,,1.429,146,,,,146,223.522,,,,223.522,2.959,0,0,0,2.959,391,0,0,0,391,458.326,0,0,0,458.326
2024,WI,5551.0,City of Eagle River - (WI),MISO,DC,0,0.338,0,0,0.338,0,4,0,0,4,0,0,0,0,0,0,0,0,0,0.0,0,0,0,0,0,0,0,0,0,0.0,0,0,0,0,0,,,,,0.0,,,,,0,,,,,0,,,,,0.0,,,,,0,,,,,0,0,0,0,0,0,0,0,0,0,0,0,0,0,0,0,0,0,0,0,0,0,0,0,0,0,0,0,0,0,0,0.0,0.338,0,0,0.338,0,4,0,0,4,0,0,0,0,0
2024,WI,5574.0,East Central Energy,MISO,AC,0.322,0.02,0,0,0.342,38,1,0,0,39,99.696,0,0,0,99.696,,,,,0.0,,,,,0,,,,,0.0,,,,,0,,,,,0.0,,,,,0,,,,,0,,,,,0.0,,,,,0,,,,,0,0.022,0,0,0,0.022,2,0,0,0,2,0,0,0,0,0,,,,,0,,,,,0,,,,,0,0.344,0.02,0,0,0.364,40,1,0,0,41,99.696,0,0,0,99.696
2024,WI,6043.0,City of Evansville,MISO,DC,0.511,0.071,0,0,0.582,67,4,0,0,71,0,0,0,0,0,0,0,0,0,0.0,0,0,0,0,0,0,0,0,0,0.0,0,0,0,0,0,0.005,,,,0.005,1,,,,1,,,,,0,,,,,0.0,,,,,0,,,,,0,0,0.1,0,0,0.1,0,1,0,0,1,0,0,0,0,0,0,0,0,0,0,0,0,0,0,0,0,0,0,0,0,0.511,0.171,0,0,0.682,67,5,0,0,72,0,0,0,0,0
2024,WI,6424.0,Florence Utility Comm,MISO,DC,0.013,0.027,0,0,0.04,1,2,0,0,3,0,0,0,0,0,0,0,0,0,0.0,0,0,0,0,0,0,0,0,0,0.0,0,0,0,0,0,,,,,0.0,,,,,0,,,,,0,,,,,0.0,,,,,0,,,,,0,0,0,0,0,0,0,0,0,0,0,0,0,0,0,0,0,0,0,0,0,0,0,0,0,0,0,0,0,0,0,0.013,0.027,0,0,0.04,1,2,0,0,3,0,0,0,0,0
2024,WI,8212.0,Hartford Electric,MISO,DC,0.135,0.027,0,0,0.162,16,2,0,0,18,0,0,0,0,0,0,0,0,0,0.0,0,0,0,0,0,0,0,0,0,0.0,0,0,0,0,0,,,,,0.0,,,,,0,,,,,0,,,,,0.0,,,,,0,,,,,0,0,0,0,0,0,0,0,0,0,0,0,0,0,0,0,0,0,0,0,0,0,0,0,0,0,0,0,0,0,0,0.135,0.027,0,0,0.162,16,2,0,0,18,0,0,0,0,0
2024,WI,9124.0,Hustisford Utilities,MISO,DC,0.005,0,0,0,0.005,2,0,0,0,2,0,0,0,0,0,0,0,0,0,0.0,0,0,0,0,0,0,0,0,0,0.0,0,0,0,0,0,,,,,0.0,,,,,0,,,,,0,,,,,0.0,,,,,0,,,,,0,0,0,0,0,0,0,0,0,0,0,0,0,0,0,0,0,0,0,0,0,0,0,0,0,0,0,0,0,0,0,0.005,0,0,0,0.005,2,0,0,0,2,0,0,0,0,0
2024,WI,9690.0,Jefferson Utilities,MISO,DC,0.119,0.228,0,0,0.347,17,8,0,0,25,0,0,0,0,0,0,0,0,0,0.0,0,0,0,0,0,0,0,0,0,0.0,0,0,0,0,0,,,,,0.0,,,,,0,,,,,0,,,,,0.0,,,,,0,,,,,0,0,0,0,0,0,0,0,0,0,0,0,0,0,0,0,0,0,0,0,0,0,0,0,0,0,0,0,0,0,0,0.119,0.228,0,0,0.347,17,8,0,0,25,0,0,0,0,0
2024,WI,9936.0,Juneau Utility Comm,MISO,DC,0.181,0.005,0,0,0.186,34,1,0,0,35,0,0,0,0,0,0,0,0,0,0.0,0,0,0,0,0,0,0,0,0,0.0,0,0,0,0,0,,,,,0.0,,,,,0,,,,,0,,,,,0.0,,,,,0,,,,,0,0,0,0,0,0,0,0,0,0,0,0,0,0,0,0,0,0,0,0,0,0,0,0,0,0,0,0,0,0,0,0.181,0.005,0,0,0.186,34,1,0,0,35,0,0,0,0,0
2024,WI,10056.0,City of Kaukauna,MISO,DC,0.327,0.656,0,0,0.983,40,13,0,0,53,0,0,0,0,0,0,0,0,0,0.0,0,0,0,0,0,0,0,0,0,0.0,0,0,0,0,0,0.023,,,,0.023,3,,,,3,,,,,0,,,,,0.0,,,,,0,,,,,0,0,0,0,0,0,0,0,0,0,0,0,0,0,0,0,0,0,0,0,0,0,0,0,0,0,0,0,0,0,0,0.327,0.656,0,0,0.983,40,13,0,0,53,0,0,0,0,0
2024,WI,10605.0,Lake Mills Light & Water,MISO,DC,0.19,0.121,0,0,0.311,25,5,0,0,30,0,0,0,0,0,0,0,0,0,0.0,0,0,0,0,0,0,0,0,0,0.0,0,0,0,0,0,,,,,0.0,,,,,0,,,,,0,,,,,0.0,,,,,0,,,,,0,0,0,0,0,0,0,0,0,0,0,0,0,0,0,0,0,0,0,0,0,0,0,0,0,0,0,0,0,0,0,0.19,0.121,0,0,0.311,25,5,0,0,30,0,0,0,0,0
2024,WI,11125.0,City of Lodi - (WI),MISO,DC,0.121,0.005,0,0,0.126,15,1,0,0,16,0,0,0,0,0,0,0,0,0,0.0,0,0,0,0,0,0,0,0,0,0.0,0,0,0,0,0,,,,,0.0,,,,,0,,,,,0,,,,,0.0,,,,,0,,,,,0,0,0,0,0,0,0,0,0,0,0,0,0,0,0,0,0,0,0,0,0,0,0,0,0,0,0,0,0,0,0,0.121,0.005,0,0,0.126,15,1,0,0,16,0,0,0,0,0
2024,WI,11479.0,Madison Gas & Electric Co,MISO,AC,16.408,38.906,,,55.314,2600,348,,,2948,371.207,236.172,,,607.379,,,,,0.0,,,,,0,,,,,0.0,,,,,0,,,,,0.0,,,,,0,,,,,0,,,,,0.0,,,,,0,,,,,0,0.04,0.02,,,0.06,4,1,,,5,1.07,,,,1.07,,0.4,,,0.4,,1,,,1,,,,,0,16.448,39.326,0,0,55.774,2604,350,0,0,2954,372.277,236.172,0,0,608.449
2024,WI,11571.0,Manitowoc Public Utilities,MISO,AC,0.055,0.02,0.11,,0.185,11,1,2,,14,,,,,0,,,,,0.0,,,,,0,,,,,0.0,,,,,0,0.004,,,,0.004,1,,,,1,0.004,,,,0.004,,0.02,,,0.02,,1,,,1,,0.02,,,0.02,,,,,0,,,,,0,,,,,0,,,,,0,,,,,0,,,,,0,0.055,0.02,0.11,0,0.185,11,1,2,0,14,0,0,0,0,0
2024,WI,11740.0,City of Marshfield - (WI),MISO,AC,0.239,0.053,,,0.292,39,5,,,44,62.927,19.891,,,82.818,,,,,0.0,,,,,0,,,,,0.0,,,,,0,,,,,0.0,,,,,0,,,,,0,,,,,0.0,,,,,0,,,,,0,,,,,0,,,,,0,,,,,0,,,,,0,,,,,0,,,,,0,0.239,0.053,0,0,0.292,39,5,0,0,44,62.927,19.891,0,0,82.818
2024,WI,12298.0,City of Menasha - (WI),MISO,DC,0.24,0.446,0,0,0.686,33,10,0,0,43,0,0,0,0,0,0,0,0,0,0.0,0,0,0,0,0,0,0,0,0,0.0,0,0,0,0,0,0.026,,,,0.026,2,,,,2,,,,,0,,,,,0.0,,,,,0,,,,,0,0,0,0,0,0,0,0,0,0,0,0,0,0,0,0,0,0,0,0,0,0,0,0,0,0,0,0,0,0,0,0.24,0.446,0,0,0.686,33,10,0,0,43,0,0,0,0,0
2024,WI,13036.0,Village of Mt. Horeb - (WI),MISO,DC,0.755,0.101,0,0,0.856,109,7,0,0,116,0,0,0,0,0,0,0,0,0,0.0,0,0,0,0,0,0,0,0,0,0.0,0,0,0,0,0,,,,,0.0,,,,,0,,,,,0,,,,,0.0,,,,,0,,,,,0,0.01,0,0,0,0.01,1,0,0,0,1,0,0,0,0,0,0,0,0,0,0,0,0,0,0,0,0,0,0,0,0,0.765,0.101,0,0,0.866,110,7,0,0,117,0,0,0,0,0
2024,WI,13145.0,Village of Muscoda - (WI),MISO,DC,0.008,0.007,0,0,0.015,1,1,0,0,2,0,0,0,0,0,0,0,0,0,0.0,0,0,0,0,0,0,0,0,0,0.0,0,0,0,0,0,,,,,0.0,,,,,0,,,,,0,,,,,0.0,,,,,0,,,,,0,0,0,0,0,0,0,0,0,0,0,0,0,0,0,0,0,0,0.335,0,0.335,0,0,1,0,1,0,0,0,0,0,0.008,0.007,0.335,0,0.35,1,1,1,0,3,0,0,0,0,0
2024,WI,13438.0,Village of New Glarus - (WI),MISO,DC,0.149,0.2,0,0,0.349,20,7,0,0,27,0,0,0,0,0,0,0,0,0,0.0,0,0,0,0,0,0,0,0,0,0.0,0,0,0,0,0,,,,,0.0,,,,,0,,,,,0,,,,,0.0,,,,,0,,,,,0,0,0,0,0,0,0,0,0,0,0,0,0,0,0,0,0,0,0,0,0,0,0,0,0,0,0,0,0,0,0,0.149,0.2,0,0,0.349,20,7,0,0,27,0,0,0,0,0
2024,WI,13448.0,City of New Holstein - (WI),MISO,DC,0.169,0.008,0,0,0.177,18,2,0,0,20,0,0,0,0,0,0,0,0,0,0.0,0,0,0,0,0,0,0,0,0,0.0,0,0,0,0,0,0.015,,,,0.015,1,,,,1,,,,,0,,,,,0.0,,,,,0,,,,,0,0,0.02,0,0,0.02,0,1,0,0,1,0,0,0,0,0,0,0,0,0,0,0,0,0,0,0,0,0,0,0,0,0.169,0.028,0,0,0.197,18,3,0,0,21,0,0,0,0,0
2024,WI,13467.0,New London Electric&Water Util,MISO,DC,0.078,0,0,0,0.078,9,0,0,0,9,0,0,0,0,0,0,0,0,0,0.0,0,0,0,0,0,0,0,0,0,0.0,0,0,0,0,0,0.005,,,,0.005,1,,,,1,,,,,0,,,,,0.0,,,,,0,,,,,0,0,0,0,0,0,0,0,0,0,0,0,0,0,0,0,0,0,0,0,0,0,0,0,0,0,0,0,0,0,0,0.078,0,0,0,0.078,9,0,0,0,9,0,0,0,0,0
2024,WI,13481.0,City of New Richmond,MISO,DC,0.138,0.287,0,0,0.425,17,4,0,0,21,0,0,0,0,0,0,0,0,0,0.0,0,0,0,0,0,0,0,0,0,0.0,0,0,0,0,0,,,,,0.0,,,,,0,,,,,0,,,,,0.0,,,,,0,,,,,0,0,0,0,0,0,0,0,0,0,0,0,0,0,0,0,0,0,0,0,0,0,0,0,0,0,0,0,0,0,0,0.138,0.287,0,0,0.425,17,4,0,0,21,0,0,0,0,0
2024,WI,13697.0,North Central Power Co Inc,MISO,AC,0.483,,,,0.483,52,,,,52,89.065,,,,89.065,,,,,0.0,,,,,0,,,,,0.0,,,,,0,,,,,0.0,,,,,0,,,,,0,,,,,0.0,,,,,0,,,,,0,,,,,0,,,,,0,,,,,0,,,,,0,,,,,0,,,,,0,0.483,0,0,0,0.483,52,0,0,0,52,89.065,0,0,0,89.065
2024,WI,13780.0,Northern States Power Co,MISO,AC,9.226,2.807,,,12.033,550,82,,,632,,,,,0,0.305,2.695,,,3.0,99,49,,,148,,,,,0.0,,,,,0,,,,,0.0,,,,,0,,,,,0,,,,,0.0,,,,,0,,,,,0,,,,,0,,,,,0,,,,,0,,,,,0,,,,,0,,,,,0,9.531,5.502,0,0,15.033,649,131,0,0,780,0,0,0,0,0
2024,WI,13815.0,Northwestern Wisconsin Elec Co,MISO,AC,0.704,0.208,,,0.912,92,12,,,104,180.223,47.258,,,227.481,,,,,0.0,,,,,0,,,,,0.0,,,,,0,,,,,0.0,,,,,0,,,,,0,,,,,0.0,,,,,0,,,,,0,0.02,0.04,,,0.06,1,2,,,3,,,,,0,,,,,0,,,,,0,,,,,0,0.724,0.248,0,0,0.972,93,14,0,0,107,180.223,47.258,0,0,227.481
2024,WI,13936.0,Oakdale Electric Coop,MISO,AC,1.175,0.064,,,1.239,175,5,,,180,,,,,0,,,,,0.0,,,,,0,0.2,,,,0.2,82,,,,82,,,,,0.0,,,,,0,,,,,0,,,,,0.0,,,,,0,,,,,0,0.01,,,,0.01,2,,,,2,,,,,0,,,,,0,,,,,0,,,,,0,1.385,0.064,0,0,1.449,259,5,0,0,264,0,0,0,0,0
2024,WI,13963.0,Oconomowoc Utilities,MISO,DC,0.592,0.017,0,0,0.609,77,3,0,0,80,0,0,0,0,0,0,0,0,0,0.0,0,0,0,0,0,0,0,0,0,0.0,0,0,0,0,0,0.011,,,,0.011,2,,,,2,,,,,0,,,,,0.0,,,,,0,,,,,0,0,0,0,0,0,0,0,0,0,0,0,0,0,0,0,0,0,0,0,0,0,0,0,0,0,0,0,0,0,0,0.592,0.017,0,0,0.609,77,3,0,0,80,0,0,0,0,0
2024,WI,15159.0,City of Plymouth - (WI),MISO,DC,0.514,1.176,0,0,1.69,55,17,0,0,72,0,0,0,0,0,0,0,0,0,0.0,0,0,0,0,0,0,0,0,0,0.0,0,0,0,0,0,0.01,,,,0.01,1,,,,1,,,,,0,,,,,0.0,,,,,0,,,,,0,0.1,0,0,0,0.1,1,0,0,0,1,0,0,0,0,0,0,0.13,0,0,0.13,0,1,0,0,1,0,0,0,0,0,0.614,1.306,0,0,1.92,56,18,0,0,74,0,0,0,0,0
2024,WI,15312.0,Village of Prairie Du Sac - (WI),MISO,DC,0.162,0.345,0,0,0.507,26,8,0,0,34,0,0,0,0,0,0,0,0,0,0.0,0,0,0,0,0,0,0,0,0,0.0,0,0,0,0,0,,,,,0.0,,,,,0,,,,,0,,,,,0.0,,,,,0,,,,,0,0,0,0,0,0,0,0,0,0,0,0,0,0,0,0,0,0,0,0,0,0,0,0,0,0,0,0,0,0,0,0.162,0.345,0,0,0.507,26,8,0,0,34,0,0,0,0,0
2024,WI,15344.0,Polk-Burnett Electric Coop,MISO,AC,1.522,0.32,,,1.842,191,14,,,205,321.447,55.129,,,376.576,,,,,0.0,,,,,0,,,,,0.0,,,,,0,,,,,0.0,,,,,0,,,,,0,,,,,0.0,,,,,0,,,,,0,0.039,,,,0.039,1,,,,1,85.7,,,,85.7,,,,,0,,,,,0,,,,,0,1.561,0.32,0,0,1.881,192,14,0,0,206,407.147,55.129,0,0,462.276
2024,WI,15804.0,Reedsburg Utility Comm,MISO,DC,0.122,0.43,0,0,0.552,17,10,0,0,27,0,0,0,0,0,0,0,0,0,0.0,0,0,0,0,0,0,0,0,0,0.0,0,0,0,0,0,,,,,0.0,,,,,0,,,,,0,,,,,0.0,,,,,0,,,,,0,0,0,0,0,0,0,0,0,0,0,0,0,0,0,0,0,0,0,0,0,0,0,0,0,0,0,0,0,0,0,0.122,0.43,0,0,0.552,17,10,0,0,27,0,0,0,0,0
2024,WI,15978.0,City of Richland Center - (WI),MISO,DC,0.043,0.107,0,0,0.15,5,6,0,0,11,0,0,0,0,0,0,0,0,0,0.0,0,0,0,0,0,0,0,0,0,0.0,0,0,0,0,0,,,,,0.0,,,,,0,,,,,0,,,,,0.0,,,,,0,,,,,0,0,0,0,0,0,0,0,0,0,0,0,0,0,0,0,0,0,0,0,0,0,0,0,0,0,0,0,0,0,0,0.043,0.107,0,0,0.15,5,6,0,0,11,0,0,0,0,0
2024,WI,16082.0,City of River Falls,MISO,DC,0.572,0.916,0,0,1.488,88,17,0,0,105,0,0,0,0,0,0,0,0,0,0.0,0,0,0,0,0,0,0,0,0,0.0,0,0,0,0,0,0.013,,,,0.013,3,,,,3,,,,,0,,,,,0.0,,,,,0,,,,,0,0,0,0,0,0,0,0,0,0,0,0,0,0,0,0,0,0,0,0,0,0,0,0,0,0,0,0,0,0,0,0.572,0.916,0,0,1.488,88,17,0,0,105,0,0,0,0,0
2024,WI,16196.0,Rock Energy Cooperative,MISO,AC,0.53,,,,0.53,66,,,,66,,,,,0,,,,,0.0,,,,,0,,,,,0.0,,,,,0,,,,,0.0,,,,,0,,,,,0,,,,,0.0,,,,,0,,,,,0,,,,,0,,,,,0,,,,,0,,,,,0,,,,,0,,,,,0,0.53,0,0,0,0.53,66,0,0,0,66,0,0,0,0,0
2024,WI,16740.0,Scenic Rivers Energy Coop,MISO,AC,2.123,,0.286,,2.409,214,,4,,218,1814.616,,2171.7,,3986.316,,,,,0.0,,,,,0,,,,,0.0,,,,,0,0.132,,,,0.132,11,,,,11,0.174,,,,0.174,,,,,0.0,,,,,0,,,,,0,0.019,,,,0.019,1,,,,1,,,,,0,,,,,0,,,,,0,,,,,0,2.142,0,0.286,0,2.428,215,0,4,0,219,1814.616,0,2171.7,0,3986.316
2024,WI,17324.0,Slinger Utilities,MISO,DC,0.069,0.107,0,0,0.176,8,2,0,0,10,0,0,0,0,0,0,0,0,0,0.0,0,0,0,0,0,0,0,0,0,0.0,0,0,0,0,0,,,,,0.0,,,,,0,,,,,0,,,,,0.0,,,,,0,,,,,0,0,0,0,0,0,0,0,0,0,0,0,0,0,0,0,0,0,0,0,0,0,0,0,0,0,0,0,0,0,0,0.069,0.107,0,0,0.176,8,2,0,0,10,0,0,0,0,0
2024,WI,18181.0,City of Stoughton - (WI),MISO,DC,1.205,0.56,1.185,0,2.95,153,11,1,0,165,0,0,0,0,0,0,0,0,0,0.0,0,0,0,0,0,0,0,0,0,0.0,0,0,0,0,0,0.028,,,,0.028,2,,,,2,,,,,0,,,,,0.0,,,,,0,,,,,0,0,0,0,0,0,0,0,0,0,0,0,0,0,0,0,0,0,0,0,0,0,0,0,0,0,0,0,0,0,0,1.205,0.56,1.185,0,2.95,153,11,1,0,165,0,0,0,0,0
2024,WI,18249.0,City of Sturgeon Bay - (WI),MISO,DC,0.284,0.108,0,0,0.392,34,9,0,0,43,0,0,0,0,0,0,0,0,0,0.0,0,0,0,0,0,0,0,0,0,0.0,0,0,0,0,0,,,,,0.0,,,,,0,,,,,0,,,,,0.0,,,,,0,,,,,0,0.03,0,0,0,0.03,2,0,0,0,2,0,0,0,0,0,0,0,0,0,0,0,0,0,0,0,0,0,0,0,0,0.314,0.108,0,0,0.422,36,9,0,0,45,0,0,0,0,0
2024,WI,18312.0,Sun Prairie Utilities,MISO,DC,2.553,0.944,0,0,3.497,295,16,0,0,311,0,0,0,0,0,0,0,0,0,0.0,0,0,0,0,0,0,0,0,0,0.0,0,0,0,0,0,0.014,,,,0.014,1,,,,1,,,,,0,,,,,0.0,,,,,0,,,,,0,0,0,0,0,0,0,0,0,0,0,0,0,0,0,0,0,0,0,0,0,0,0,0,0,0,0,0,0,0,0,2.553,0.944,0,0,3.497,295,16,0,0,311,0,0,0,0,0
2024,WI,19324.0,Two Rivers Water & Light,MISO,DC,0.058,0.13,0,0,0.188,7,5,0,0,12,0,0,0,0,0,0,0,0,0,0.0,0,0,0,0,0,0,0,0,0,0.0,0,0,0,0,0,,,,,0.0,,,,,0,,,,,0,,,,,0.0,,,,,0,,,,,0,0,0.05,0,0,0.05,0,1,0,0,1,0,0,0,0,0,0,0,0,0,0,0,0,0,0,0,0,0,0,0,0,0.058,0.18,0,0,0.238,7,6,0,0,13,0,0,0,0,0
2024,WI,20182.0,Waterloo Light & Water Comm,MISO,DC,0.059,0.02,0,0,0.079,8,3,0,0,11,0,0,0,0,0,0,0,0,0,0.0,0,0,0,0,0,0,0,0,0,0.0,0,0,0,0,0,,,,,0.0,,,,,0,,,,,0,,,,,0.0,,,,,0,,,,,0,0,0,0,0,0,0,0,0,0,0,0,0,0,0,0,0,0,0,0,0,0,0,0,0,0,0,0,0,0,0,0.059,0.02,0,0,0.079,8,3,0,0,11,0,0,0,0,0
2024,WI,20211.0,Village of Waunakee - (WI),MISO,DC,0.853,1.048,0,0,1.901,98,8,0,0,106,0,0,0,0,0,0,0,0,0,0.0,0,0,0,0,0,0,0,0,0,0.0,0,0,0,0,0,0.005,0.536,,,0.541,1,1,,,2,,,,,0,,,,,0.0,,,,,0,,,,,0,0,0,0,0,0,0,0,0,0,0,0,0,0,0,0,0,0,0,0,0,0,0,0,0,0,0,0,0,0,0,0.853,1.048,0,0,1.901,98,8,0,0,106,0,0,0,0,0
2024,WI,20213.0,Waupun Utilities,MISO,DC,0.056,0.006,0,0,0.062,5,1,0,0,6,0,0,0,0,0,0,0,0,0,0.0,0,0,0,0,0,0,0,0,0,0.0,0,0,0,0,0,,,,,0.0,,,,,0,,,,,0,,,,,0.0,,,,,0,,,,,0,0,0,0,0,0,0,0,0,0,0,0,0,0,0,0,0,0,0,0,0,0,0,0,0,0,0,0,0,0,0,0.056,0.006,0,0,0.062,5,1,0,0,6,0,0,0,0,0
2024,WI,20434.0,City of Westby,MISO,DC,0.067,0.09,0,0,0.157,8,4,0,0,12,0,0,0,0,0,0,0,0,0,0.0,0,0,0,0,0,0,0,0,0,0.0,0,0,0,0,0,,,,,0.0,,,,,0,,,,,0,,,,,0.0,,,,,0,,,,,0,0,0,0,0,0,0,0,0,0,0,0,0,0,0,0,0,0,0,0,0,0,0,0,0,0,0,0,0,0,0,0.067,0.09,0,0,0.157,8,4,0,0,12,0,0,0,0,0
2024,WI,20583.0,Whitehall Electric Utility,MISO,DC,0.012,0.015,0,0,0.027,1,1,0,0,2,0,0,0,0,0,0,0,0,0,0.0,0,0,0,0,0,0,0,0,0,0.0,0,0,0,0,0,,,,,0.0,,,,,0,,,,,0,,,,,0.0,,,,,0,,,,,0,0,0,0,0,0,0,0,0,0,0,0,0,0,0,0,0,0,0,0,0,0,0,0,0,0,0,0,0,0,0,0.012,0.015,0,0,0.027,1,1,0,0,2,0,0,0,0,0
2024,WI,20847.0,Wisconsin Electric Power Co,MISO,AC,39.26,17.185,7.983,,64.428,5796,391,70,,6257,,,,,0,,,,,0.0,,,,,0,,,,,0.0,,,,,0,1.694,0.02,,,1.714,174,1,,,175,,,,,0,,,,,0.0,,,,,0,,,,,0,0.344,0.426,0.012,,0.782,24,6,1,,31,,,,,0,0.027,0.027,,,0.054,2,3,,,5,,,,,0,39.631,17.638,7.995,0,65.264,5822,400,71,0,6293,0,0,0,0,0
2024,WI,20856.0,Wisconsin Power & Light Co,MISO,AC,32.991,7.101,0.285,,40.377,4751,582,6,,5339,,,,,0,,,,,0.0,,,,,0,,,,,0.0,,,,,0,,,,,0.0,,,,,0,,,,,0,,,,,0.0,,,,,0,,,,,0,0.253,0.179,,,0.432,30,18,,,48,,,,,0,0.02,0.25,,,0.27,1,15,,,16,,,,,0,33.264,7.53,0.285,0,41.079,4782,615,6,0,5403,0,0,0,0,0
2024,WI,20860.0,Wisconsin Public Service Corp,MISO,AC,14.103,16.75,,,30.853,1859,348,,,2207,,,,,0,,,,,0.0,,,,,0,,,,,0.0,,,,,0,0.81,0.7,,,1.51,78,10,,,88,,,,,0,,,,,0.0,,,,,0,,,,,0,0.441,0.511,,,0.952,39,15,,,54,,,,,0,0.01,4.23,,,4.24,1,6,,,7,,,,,0,14.554,21.491,0,0,36.045,1899,369,0,0,2268,0,0,0,0,0
2024,WI,20862.0,Wisconsin Rapids W W & L Comm,MISO,AC,0.309,0.075,0.003,,0.387,48,8,1,,57,34,26,,,60,,,,,0.0,,,,,0,,,,,0.0,,,,,0,0.015,,,,0.015,2,,,,2,0.024,,,,0.024,,,,,0.0,,,,,0,,,,,0,,,,,0,,,,,0,,,,,0,,,,,0,,,,,0,,,,,0,0.309,0.075,0.003,0,0.387,48,8,1,0,57,34,26,0,0,60
2024,WI,99999.0,Adjustment 2024,MISO,,-1.916,-1.697,-0.207,0,-3.82,,,,,,,,,,,0,0,0,0,0.0,,,,,,0,0,0,0,0.0,,,,,,-0.027,-0.093,,,-0.121,,,,,,,,,,,,,,,0.0,,,,,,,,,,,,,,,,,,,,,,,,,,,,,,,,,,,,,,,,,-1.916,-1.697,-0.207,0,-3.82,,,,,,,,,,
2024,WV,733.0,Appalachian Power Co,PJM,AC,14.114,2.252,0.483,,16.849,1545,84,3,,1632,10269.84,1290.546,359.123,,11919.509,,,,,0.0,,,,,0,0.453,1.101,0.121,,1.675,40,29,1,,70,1.368,0.02,0,,1.388,248,3,0,,251,3.37,0.034,0,,3.404,,,,,0.0,,,,,0,,,,,0,0.029,0.014,0,,0.043,7,2,0,,9,0.228,0,0,,0.228,,,,,0,,,,,0,0,0,0,,0,14.596,3.367,0.604,0,18.567,1592,115,4,0,1711,10270.068,1290.546,359.123,0,11919.737
2024,WV,12796.0,Monongahela Power Co,PJM,AC,6.889,3.009,0.521,0,10.419,834,83,4,0,921,0,0,0,0,0,0,0,0,0,0.0,0,0,0,0,0,0.412,0.393,0,0,0.805,31,21,0,0,52,1.286,0.07,0,0,1.356,150,6,0,0,156,0,0,0,0,0,0,0,0,0,0.0,0,0,0,0,0,0,0,0,0,0,0.034,0.001,0,0,0.035,11,1,0,0,12,0,0,0,0,0,0,0,0,0,0,0,0,0,0,0,0,0,0,0,0,7.335,3.403,0.521,0,11.259,876,105,4,0,985,0,0,0,0,0
2024,WV,15263.0,The Potomac Edison Company,PJM,AC,9.512,2.286,0.1,0,11.898,1056,57,2,0,1115,0,0,0,0,0,0,0,0,0,0.0,0,0,0,0,0,0.194,0.748,0,0,0.942,14,9,0,0,23,2.5,0.015,0,0,2.515,186,1,0,0,187,0,0,0,0,0,0,0,0,0,0.0,0,0,0,0,0,0,0,0,0,0,0.016,0.005,0,0,0.021,7,2,0,0,9,0,0,0,0,0,0,0,0,0,0,0,0,0,0,0,0,0,0,0,0,9.722,3.039,0.1,0,12.861,1077,68,2,0,1147,0,0,0,0,0
2024,WV,20521.0,Wheeling Power Co,PJM,AC,0.969,0.557,0.563,,2.089,100,7,1,,108,694.291,294.823,3.3,,992.414,,,,,0.0,,,,,0,0,0.05,0,,0.05,0,1,0,,1,0.096,0,0,,0.096,19,0,0,,19,0.229,0,0,,0.229,,,,,0.0,,,,,0,,,,,0,0.015,0,0,,0.015,3,0,0,,3,2.637,0,0,,2.637,,,,,0,,,,,0,,,,,0,0.984,0.607,0.563,0,2.154,103,8,1,0,112,696.928,294.823,3.3,0,995.051
2024,WY,3461.0,Cheyenne Light Fuel & Power,WACM,DC,8.607,0.167,,,8.774,1171,17,,,1188,,,,,0,,,,,0.0,,,,,0,,,,,0.0,,,,,0,,,,,0.0,,,,,0,,,,,0,,,,,0.0,,,,,0,,,,,0,0.266,0.044,,,0.31,103,3,,,106,,,,,0,,,,,0,,,,,0,,,,,0,8.873,0.211,0,0,9.084,1274,20,0,0,1294,0,0,0,0,0
2024,WY,6169.0,Fall River Rural Elec Coop Inc,BPAT,AC,0.126,,,,0.126,18,,,,18,,,,,0,,,,,0.0,,,,,0,,,,,0.0,,,,,0,,,,,0.0,,,,,0,,,,,0,,,,,0.0,,,,,0,,,,,0,,,,,0,,,,,0,,,,,0,,,,,0,,,,,0,,,,,0,0.126,0,0,0,0.126,18,0,0,0,18,0,0,0,0,0
2024,WY,7222.0,City of Gillette - (WY),WAUW,AC,0.316,,,,0.316,24,,,,24,12.22,,,,12.22,,,,,0.0,,,,,0,,,,,0.0,,,,,0,,,,,0.0,,,,,0,,,,,0,,,,,0.0,,,,,0,,,,,0,,,,,0,,,,,0,,,,,0,,,,,0,,,,,0,,,,,0,0.316,0,0,0,0.316,24,0,0,0,24,12.22,0,0,0,12.22
2024,WY,8566.0,High Plains Power Inc,WACM,AC,1.05,0.061,,,1.111,119,6,,,125,,,,,0,,,,,0.0,,,,,0,,,,,0.0,,,,,0,,,,,0.0,,,,,0,,,,,0,,,,,0.0,,,,,0,,,,,0,0.009,0.025,,,0.034,2,5,,,7,,,,,0,,,,,0,,,,,0,,,,,0,1.059,0.086,0,0,1.145,121,11,0,0,132,0,0,0,0,0
2024,WY,11273.0,Lower Valley Energy Inc,BPAT,AC,0.976,0.422,0.231,0,1.629,122,19,8,,149,,,,,0,,,,,0.0,,,,,0,,,,,0.0,,,,,0,,,,,0.0,,,,,0,,,,,0,,,,,0.0,,,,,0,,,,,0,,0.025,,,0.025,,2,,,2,,,,,0,,,,,0,,,,,0,,,,,0,0.976,0.447,0.231,0,1.654,122,21,8,0,151,0,0,0,0,0
2024,WY,12199.0,Montana-Dakota Utilities Co,WACM,AC,1.219,0.182,,,1.401,169,15,,,184,,,,,0,,,,,0.0,,,,,0,,,,,0.0,,,,,0,0.207,,,,0.207,23,,,,23,,,,,0,,,,,0.0,,,,,0,,,,,0,0.004,,,,0.004,2,,,,2,,,,,0,,0.24,,,0.24,,1,,,1,,,,,0,1.223,0.422,0,0,1.645,171,16,0,0,187,0,0,0,0,0
2024,WY,14354.0,PacifiCorp,PACE,DC,7.312,1.292,0.049,0,8.653,940,85,2,0,1027,,,,,0,,,,,0.0,,,,,0,,,,,0.0,,,,,0,1.255,0.171,0,0,1.426,96,7,0,0,103,1.644,0.275,0,0,1.919,,,,,0.0,,,,,0,,,,,0,0.183,0.101,0,0,0.284,53,14,0,0,67,,,,,0,0.034,0.021,0,0,0.055,8,3,0,0,11,,,,,0,7.529,1.414,0.049,0,8.992,1001,102,2,0,1105,0,0,0,0,0
2024,WY,19156.0,Powder River Energy Corp,WACM,AC,1.293,0.062,0.113,0,1.468,113,3,11,0,127,348.021,0,37.322,0,385.343,,,,,0.0,,,,,0,,,,,0.0,,,,,0,,,,,0.0,,,,,0,,,,,0,,,,,0.0,,,,,0,,,,,0,0.025,0.01,0,0,0.035,8,1,0,0,9,,,,,0,,,,,0,,,,,0,,,,,0,1.318,0.072,0.113,0,1.503,121,4,11,0,136,348.021,0,37.322,0,385.343
2024,WY,27058.0,"High West Energy, Inc",WACM,DC,0.474,,,,0.474,237,,,,237,,,,,0,,,,,0.0,,,,,0,,,,,0.0,,,,,0,,,,,0.0,,,,,0,,,,,0,,,,,0.0,,,,,0,,,,,0,0.06,,0.004,,0.064,30,,1,,31,,,,,0,,,,,0,,,,,0,,,,,0,0.534,0,0.004,0,0.538,267,0,1,0,268,0,0,0,0,0
2024,WY,99999.0,Adjustment 2024,PACE,,-1.275,-0.225,-0.009,0,-1.509,,,,,,,,,,,,,,,0.0,,,,,,,,,,0.0,,,,,,-0.219,-0.03,0,0,-0.249,,,,,,,,,,,,,,,0.0,,,,,,,,,,,,,,,,,,,,,,,,,,,,,,,,,,,,,,,,,-1.275,-0.225,-0.009,0,-1.509,,,,,,,,,,
2024,WY,99999.0,Adjustment 2024,WACM,,-1.584,-0.029,,,-1.613,,,,,,,,,,,,,,,0.0,,,,,,,,,,0.0,,,,,,,,,,0.0,,,,,,,,,,,,,,,0.0,,,,,,,,,,,,,,,,,,,,,,,,,,,,,,,,,,,,,,,,,-1.584,-0.029,,,-1.613,,,,,,,,,,
"Note: Data is reported as collected.
Adjustments remove capacity lost in conversion from DC to AC.
All Technologies does not include photovoltaic storage.
Some utilities reclassified net metering as non net metering distributed, or vice versa.
Source: U.S. Energy Information Administration, Form EIA-861, 'Annual Electric Power Industry Report.'",,,,,,,,,,,,,,,,,,,,,,,,,,,,,,,,,,,,,,,,,,,,,,,,,,,,,,,,,,,,,,,,,,,,,,,,,,,,,,,,,,,,,,,,,,,,,,,,,,,,,,,,,,,,,,,,,,,
