data_year,utility_number,utility_name,state,utility_characteristics_ownership_type,utility_characteristics_nerc_region,demand_megawatts_summer_peak_demand,demand_megawatts_winter_peak_demand,energy_sources_megawatthours_megawatts_net_generation,energy_sources_megawatthours_megawatts_wholesale_power_purchases,energy_sources_megawatthours_power_exchanged_exchange_energy_received,energy_sources_megawatthours_power_exchanged_exchange_energy_delivered,energy_sources_megawatthours_power_exchanged_net_power_exchanged,energy_sources_megawatthours_wheeled_power_wheeled_power_received,energy_sources_megawatthours_wheeled_power_wheeled_power_delivered,energy_sources_megawatthours_wheeled_power_net_wheeled_power,energy_sources_megawatthours_wheeled_power_transmission_by_other_losses,energy_sources_megawatthours_wheeled_power_total_sources,disposition_megawatthours_sales_to_ultimate_customers,disposition_megawatthours_sales_for_resale,disposition_megawatthours_furnished_without_charge,disposition_megawatthours_consumed_by_respondent_without_charge,disposition_megawatthours_total_energy_losses,disposition_megawatthours_total_disposition,electric_revenues_thousands_dollars_from_retail_sales,electric_revenues_thousands_dollars_from_delivery_customers,electric_revenues_thousands_dollars_from_sales_for_resale,electric_revenues_thousands_dollars_from_credits_or_adjustments,electric_revenues_thousands_dollars_from_transmission,electric_revenues_thousands_dollars_from_other,electric_revenues_thousands_dollars_total,electric_revenues_thousands_dollars_data_type_o_observed_i_imputed
2024,55,City of Aberdeen - (MS),MS,Municipal,SERC,31.6,32.7,0,197438,0,,0,0,0,0,0,197438,190890,0,0,0,6548,197438,14946,,0,0,0,197.1,15143.1,O
2024,84,A & N Electric Coop,VA,Cooperative,RFC,158.9,168.4,306,741334,0,0,0,0,0,0,0,741640,708441,0,0,1870,31329,741640,84424.5,0,0,0,0,1340.6,85765.1,O
2024,108,Adams-Columbia Electric Coop,WI,Cooperative,MRO,137,95.5,,629072,,,0,,,0,,629072,598848,94,951,29179,,629072,80809,,7,,,47,80863,O
2024,113,"Agway Energy Services, LLC",NY,Retail Power Marketer,NPCC,30.4,24.1,,133484,,,0,,,0,,133484,132391,,,,1093,133484,17267,,,,,,17267,O
2024,155,Agralite Electric Coop,MN,Cooperative,MRO,42.6,38.5,809,258375,,,0,,,0,,259184,242880,,,320,15984,259184,25348,,,-700,,248.8,24896.8,O
2024,162,Aiken Electric Coop Inc,SC,Cooperative,SERC,246.3,277.5,,1036675,,,0,,,0,,1036675,993900,,,1191,41584,1036675,134123.4,,,,,6708.3,140831.7,O
2024,176,Ajo Improvement Co,AZ,Investor Owned,WECC,3.4,1.6,,8711,,,0,,,0,,8711,8711,,,,,8711,1057.2,,,,,,1057.2,O
2024,189,PowerSouth Energy Cooperative,AL,Cooperative,SERC,2151,2751,8200305,2839507,,,0,,,0,,11039812,,10725545,,7151,307116,11039812,,,848907.4,,366.1,421.6,849695.1,O
2024,195,Alabama Power Co,AL,Investor Owned,SERC,13303,14961,59958609,6338338,,,0,31469396,30901717,567679,,66864626,51899518,12032823,1321,143006,2787958,66864626,6638906,,475528,7333.3,141411,120734.5,7383912.8,O
2024,207,Alameda Municipal Power,CA,Municipal,WECC,58.7,59.7,,364653,,,0,,,0,,364653,355947,,,,8706,364653,75541.7,,,,,,75541.7,O
2024,213,Alaska Electric Light & Power Co.,AK,Investor Owned,AK,68,85,127080,328457,,,0,,,0,,455537,426785,,,5039,23713,455537,50026.8,,,,668.4,,50695.2,O
2024,219,Alaska Power and Telephone Co,AK,Investor Owned,AK,1,1,29923,56928,,,0,,,0,,86851,78687,,,1886,6278,86851,26275,,,,,2999,29274,O
2024,221,"Alaska Village Elec Coop, Inc",AK,Cooperative,AK,19.8,26,135456,,,,0,,,0,,135456,125451,,,3763,6242,135456,77021,,,,,905,77926,O
2024,230,Albany Utility Board,GA,Municipal,SERC,173,179.5,,874563,,,0,,,0,,874563,834357,,,,40206,874563,80382.8,,,,,510,80892.8,O
2024,232,City of Albemarle - (NC),NC,Municipal,SERC,67.6,71.7,,299526,,,0,,,0,,299526,293540,,132,,5854,299526,29397.4,,,,,596.5,29993.9,O
2024,240,Albemarle Electric Member Corp,NC,Cooperative,SERC,60.2,72.4,,244238,,,0,,,0,,244238,229055,,,663,14520,244238,32069,,,,,389,32458,O
2024,241,Albertville Municipal Utilities Board,AL,Municipal,SERC,112.8,109.4,0,667902,0,,0,0,0,0,0,667902,652533,0,0,0,15369,667902,56126,,0,0,0,943.5,57069.5,O
2024,261,AGC Division of APGI Inc,PA,Investor Owned,RFC,331.4,357.5,3367355,1014253,,,0,,,0,,4381608,2639245,1728683,,,13680,4381608,159579.9,,55336,,,1776,216691.9,O
2024,276,Alcorn County Elec Power Assn,MS,Cooperative,SERC,129.4,124.2,0,653536,0,,0,0,0,0,0,653536,631592,0,0,941,21003,653536,64492,,0,0,0,4151.8,68643.8,O
2024,295,City of Alexandria - (MN),MN,Municipal,MRO,56.8,47.1,43,289567,,,0,,,0,,289610,278404,,,,11206,289610,27965.1,,,,,1131.6,29096.7,O
2024,296,"Alfalfa Electric Coop, Inc",OK,Cooperative,SPP,74.6,66.1,,423887,,,0,1872,1872,0,,423887,409880,,351,,13656,423887,36460,,,,,211,36671,O
2024,298,City of Alexandria - (LA),LA,Municipal,SERC,159,144,101925,696771,,,0,,,0,,798696,646818,101925,15264,,34689,798696,69855.2,,4908.3,,,,74763.5,O
2024,305,Alger-Delta Coop Electric Assn,MI,Cooperative,MISO,18.9,16.2,0,104171,0,0,,0,0,,0,104171,94873,0,0,0,9298,104171,17845.3,,0,0,0,0,17845.3,O
2024,307,Algoma Utility Comm,WI,Municipal,MISO,7.2,5.9,0,35379,0,0,,0,0,,0,35379,33654,0,0,78,1647,35379,3794.7,,0,0,0,35.4,3830.1,O
2024,332,Allegheny Electric Coop Inc,PA,Cooperative,RFC,765.6,787.2,2098198,1591083,3028,,3028,,,0,,3692309,,3626005,,,66304,3692309,,,249770.5,,2600,12024.6,264395.1,O
2024,343,AEP Generating Company,OH,Investor Owned,RFC,1308,1292,2523904,,,,0,,,0,,2523904,,2523904,,,,2523904,,,208655,,,210,208865,O
2024,392,Alpena Power Co,MI,Investor Owned,RFC,56,51,,299527,,,0,,,0,,299527,285706,,,162,13659,299527,36725.6,,,,,233.7,36959.3,O
2024,407,Altamaha Electric Member Corp,GA,Cooperative,SERC,128.1,135.5,,598838,,,0,,,0,,598838,577379,,,938,20521,598838,69134.9,,,,,421.6,69556.5,O
2024,416,City of Altus - (OK),OK,Municipal,MRO,5861,2960,221627,,,,0,,,0,,221627,209386,,12241,,,221627,23460,,,,,,23460,O
2024,471,Amana Society Service Co,IA,Investor Owned,MRO,12.8,10.4,1412,68341,0,0,0,0,0,0,-313,69440,66971,1505,0,0,964,69440,7788,0,37,,0,,7825,O
2024,540,BP Energy Company,TX,Retail Power Marketer,TRE,,,,1877694,,,0,,,0,,1877694,1877694,,,,,1877694,123180.1,,,,,,123180.1,O
2024,554,City of Ames - (IA),IA,Municipal,MRO,112.8,159.3,305987,453909,,,0,,,0,,759896,650763,80596,,355,28182,759896,61011.8,0,2487.6,0,1068.6,2040,66608,O
2024,562,Amicalola Electric Member Corp,GA,Cooperative,SERC,212.9,310.9,,912158,,,0,,,0,,912158,879625,,,976,31557,912158,111092.4,,,,,8072,119164.4,O
2024,571,City of Amory,MS,Municipal,SERC,28,21.1,0,123762,0,,0,0,0,0,0,123762,120575,0,0,0,3187,123762,13426,,0,0,0,391.1,13817.1,O
2024,577,City of Alcoa Utilities,TN,Municipal,SERC,153.2,201.7,0,698002,0,,0,0,0,0,0,698002,673322,0,0,0,24680,698002,80483,,0,0,0,1882.5,82365.5,O
2024,590,City of Anaheim - (CA),CA,Municipal,WECC,579,301,,2877099,,,0,,,0,,2877099,2138073,590240,,,148786,2877099,357316,,14105,,46834,38676,456931,O
2024,604,City of Andalusia,AL,Municipal,SERC,53.3,47.2,,324673,,,0,,,0,,324673,320618,,,,4055,324673,30043,,,,,,30043,O
2024,636,City of Anderson - (IN),IN,Municipal,RFC,190.2,142.9,,920945,,,0,,,0,,920945,851967,,,,68978,920945,93124.7,,,,,1548.6,94673.3,O
2024,659,American Transmission Co,WI,Transmission,,12916,9122,,,,,,,,,,,,,,,,,,,,25669.9,887424.9,2493.2,915588,O
2024,689,Connexus Energy,MN,Cooperative,MRO,534.2,310.7,32902,2081474,,,0,,,0,,2114376,2051230,,,,63146,2114376,250427.1,,,,,,250427.1,O
2024,691,City of Anoka,MN,Municipal,MRO,58.7,35.4,,263569,,,0,,,0,,263569,258013,,,,5556,263569,33948,,,,,,33948,O
2024,712,Arkansas River Power Authority,CO,Political Subdivision,WECC,68,46.7,20450,266264,,,0,,,0,,286714,,281934,,,4780,286714,,,28200.1,,,,28200.1,O
2024,719,Town of Apex- (NC),NC,Municipal,SERC,125.3,66.7,,441878,,,0,,,0,,441878,427884,,7243,6751,,441878,48774,,,,,,48774,O
2024,727,Appalachian Electric Coop,TN,Cooperative,SERC,215.1,334,0,1024696,0,,0,0,0,0,0,1024696,972706,0,0,1174,50817,1024696,120405,,0,0,0,9226.7,129631.7,O
2024,733,Appalachian Power Co,OH,Investor Owned,RFC,5450,7001,20072476,12277024,,,0,,,0,,32349500,25622711,4708653,544,,2017592,32349500,3461501,1425,338249,-20909,194327,85970,4060563,O
2024,750,Arab Electric Coop Inc,AL,Cooperative,SERC,73.5,97.8,0,334148,0,,0,0,0,0,0,334148,313685,0,0,298,20165,334148,37748,,0,0,0,1409.4,39157.4,O
2024,796,Arizona Electric Pwr Coop Inc,AZ,Cooperative,WECC,802.5,442.2,2331888,578808,64459,47024,17435,827137,803280,23857,,2951988,809,2947683,,,3496,2951988,18.2,,154069.1,,35934.5,-3133.7,186888.1,O
2024,798,Arizona Power Authority,AZ,State,WECC,281.4,249,,595479,,,0,,,0,,595479,,595479,,,,595479,,,20498.6,,,,20498.6,O
2024,803,Arizona Public Service Co,AZ,Investor Owned,WECC,8212,4258,26573724,13659868,,,0,47419680,47419680,0,,40233592,33701404,3758421,,149357,2624410,40233592,4897746.7,,116865.1,,119079.1,9659.2,5143350.1,O
2024,807,Arkansas Electric Coop Corp,AR,Cooperative,SPP,3045,3466,11193373,5802735,,,0,,,0,,16996108,,15983700,,,1012408,16996108,,,969322.6,,33884.8,5288.1,1008495.5,O
2024,814,Entergy Arkansas LLC,AR,Investor Owned,SERC,4808,4493,25663867,5255141,,,0,,,0,,30919008,23423378,5891505,,39063,1565062,30919008,2221980.6,,163990,,108546.9,-40272.2,2454245.3,O
2024,817,Arkansas Valley Elec Coop Corp,AR,Cooperative,SERC,340.3,402.5,,1333015,,,0,,,0,,1333015,1276717,,,359,55939,1333015,146306.3,,,,,16748.1,163054.4,O
2024,924,"Associated Electric Coop, Inc",MO,Cooperative,SERC,4464,5716,23677586,5288592,,,0,,,0,,28966178,,27787388,,4272,1174518,28966178,,,1408397.5,2977.3,25546.8,,1436921.6,O
2024,944,City of Athens - (AL),AL,Municipal,SERC,359.6,450.2,0,1702883,0,,0,0,0,0,0,1702883,1566998,0,0,0,135885,1702883,164870,,0,0,0,3792.7,168662.7,O
2024,947,Athens Utility Board,TN,Municipal,SERC,115.3,118.3,0,654296,0,,0,0,0,0,0,654296,636585,0,0,1012,16699,654296,56773,,0,0,0,1843.1,58616.1,O
2024,963,Atlantic City Electric Co,NJ,Investor Owned,RFC,2405,1410,,5739829,,,0,,,0,,5739829,5088572,46212,,5364,599681,5739829,1129194.6,214136.7,1195.4,8686.9,242394.4,20466.6,1616074.6,O
2024,970,Homefield Energy,TX,Retail Power Marketer,RFC,,,,4779106,,,0,,,0,,4779106,4779106,,,,,4779106,374179.2,,,,,,374179.2,O
2024,994,City of Auburn - (IN),IN,Municipal,RFC,57,46,,349155,,,0,,,0,,349155,349155,,,,,349155,52791.4,,,,,1807,54598.4,O
2024,1009,City of Austin - (MN),MN,Municipal,MRO,66.7,45.7,,336975,,,0,,,0,,336975,332575,,,,4400,336975,39615,,,,,335.2,39950.2,O
2024,1015,Austin Energy,TX,Municipal,TRE,3110,2693,6627018,8250738,1181494,1381498,-200004,,,0,,14677752,14200574,125,,,477053,14677752,1475140.4,,119.5,,104557.6,,1579817.5,O
2024,1050,City of Azusa,CA,Municipal,WECC,66.8,33.3,,336351,,,0,,,0,-5546,330805,234019,86173,,,10613,330805,43165,,3250,,,2777,49192,O
2024,1149,Baldwin County El Member Corp,AL,Cooperative,SERC,385,472,,1731330,,,0,,,0,,1731330,1658539,,,,72791,1731330,214787,,,,,,214787,O
2024,1167,Baltimore Gas & Electric Co,MD,Investor Owned,RFC,6766,5655,,15410576,,,0,,,0,,15410576,13647369,,,22340,1740867,15410576,2390855.8,598071.2,,,367392.7,59742.5,3416062.2,O
2024,1169,Bailey County Elec Coop Assn,TX,Cooperative,SPP,75.3,44.1,,373312,,,0,,,0,,373312,342318,,,30994,,373312,26354,,,,,,26354,O
2024,1175,"Bandera Electric Coop, Inc",TX,Cooperative,TRE,191.8,296.6,,771613,,,0,,,0,,771613,706377,,1007,,64229,771613,83294,,,,6650,1895,91839,O
2024,1179,Versant Power,ME,Investor Owned,NPCC,369,346,,1968707,,,0,869302,869302,0,,1968707,1386063,582644,,,0,1968707,339565.4,55249.5,21584.3,-574,3163.3,2726.3,421714.8,O
2024,1196,Village of Baraga - (MI),MI,Municipal,MISO,3.8,3.5,0,18448,0,0,,0,0,,0,18448,16978,0,0,0,1470,18448,2376.5,,0,0,0,0,2376.5,O
2024,1251,Barron Electric Coop,WI,Cooperative,MRO,61,55.1,119,358358,,,0,,,0,,358477,306371,31934,,688,19484,358477,40299,,1559,,,126,41984,O
2024,1273,"Bartlett Electric Coop, Inc",TX,Cooperative,TRE,66.7,105.5,,261527,,,0,,,0,,261527,247419,,,,14108,261527,40108.9,,,,,5163.6,45272.5,O
2024,1283,Bartholomew County Rural E M C,IN,Cooperative,RFC,97.1,93.3,,439810,,,0,,,0,,439810,429691,,,,10119,439810,50604.8,,,,,352.5,50957.3,O
2024,1300,City of Bartow - (FL),FL,Municipal,FRCC,67.9,43.5,,316791,,,0,,,0,,316791,311543,,,,5248,316791,32058.6,,,,,,32058.6,O
2024,1307,Basin Electric Power Coop,ND,Cooperative,SPP,4788,5134,18629110,20405612,87847,92511,-4664,678177,678177,0,,39030058,1170657,37662284,,,197117,39030058,56625.2,,2207543.5,,134015,,2398183.7,O
2024,1325,City of Batavia - (IL),IL,Municipal,RFC,85.5,63.3,,414515,,,0,,,0,,414515,402521,,,,11994,414515,45226,,,,,4305,49531,O
2024,1366,City of Bay City - (MI),MI,Municipal,RFC,77.1,47,893,328642,0,0,0,0,0,0,,329535,309427,0,2,,20106,329535,50223.7,0,0,0,0,2302,52525.7,O
2024,1458,"Beauregard Electric Coop, Inc",LA,Cooperative,SERC,302,371.3,,1514249,,,0,,,0,,1514249,1479291,,1004,,33954,1514249,158141,,,,,,158141,O
2024,1529,"Beltrami Electric Coop, Inc",MN,Cooperative,MRO,72.5,100.4,32,565268,,,0,,,0,,565300,423334,118643,,1346,21977,565300,52026,,7778,,,359,60163,O
2024,1572,Badger Power Marketing Authority,WI,Wholesale Power Marketer,RFC,69.3,61.6,,368390,,,0,,,0,,368390,,368045,,,345,368390,,,29428.3,,,,29428.3,O
2024,1578,Benton County,TN,Municipal,SERC,47,50.1,0,204793,0,,0,0,0,0,0,204793,193276,0,0,511,11006,204793,26403,,0,0,0,851.5,27254.5,O
2024,1579,PUD No 1 of Benton County,WA,Political Subdivision,WECC,437.6,393.2,,1939523,,,0,,,0,,1939523,1808822,75320,,2567,52814,1939523,132213.5,,8388.8,,198.7,16905.3,157706.3,O
2024,1581,City of Benton - (AR),AR,Municipal,SERC,79.4,61.8,22459,284676,,,0,,,0,,307135,283555,,2676,11606,9298,307135,27041,,,,,1062,28103,O
2024,1582,City of Benton - (KY),KY,Municipal,SERC,16.7,11.9,0,73052,0,,0,0,0,0,0,73052,69834,0,0,58,3160,73052,8654,,0,0,0,111.1,8765.1,O
2024,1586,City of Bentonville - (AR),AR,Municipal,SPP,170,141,,739840,,,0,,,0,,739840,735602,,,,4238,739840,74036,,,10.4,,596,74642.4,O
2024,1591,"Big Country Electric Coop, Inc",TX,Cooperative,TRE,71.8,68.2,,392577,,,0,,,0,,392577,354958,,,,37619,392577,38139.3,,,,,,38139.3,O
2024,1611,"Messer Energy Services, Inc.",PA,Retail Power Marketer,RFC,142.2,142.2,,1270198,,,0,,,0,,1270198,1245250,,,,24948,1270198,62837,,,,,,62837,O
2024,1613,Berkeley Electric Coop Inc,SC,Cooperative,SERC,893.5,941.2,,5093201,,,0,,,0,,5093201,5003182,,,6143,83876,5093201,480357,,,,,-17924,462433,O
2024,1625,Benton Rural Electric Assn,WA,Cooperative,WECC,142,137.8,,648329,,,0,,,0,,648329,620537,,90,,27702,648329,47948.2,,,,,331.7,48279.9,O
2024,1640,City of Bessemer Utilities,AL,Municipal,SERC,66.5,59.7,0,303937,0,,0,0,0,0,0,303937,280320,0,0,0,23617,303937,34568,,0,0,0,984.8,35552.8,O
2024,1692,Big Rivers Electric Corp,KY,Cooperative,SERC,1168,1159,3195863,2886513,5409313,5320856,88457,18239,18239,0,,6170833,,6029434,0,935,140464,6170833,,,412807.5,,20696.8,79.8,433584.1,O
2024,1708,Big Sandy Rural Elec Coop Corp,KY,Cooperative,RFC,44.1,56.2,,212380,,,0,,,0,,212380,200207,,,,12173,212380,26325,,,,819,,27144,O
2024,1723,"Big Bend Electric Coop, Inc",WA,Cooperative,WECC,153.8,78.4,,620263,,,0,11776,11776,0,,620263,581848,,,498,37917,620263,43784.1,0,0,0,154.4,1485,45423.5,O
2024,1738,Bonneville Power Administration,OR,Federal,WECC,9405,11496,58141741,11157734,0,0,0,98749360,98749360,0,0,69299475,1234152,67053550,0,1011773,0,69299475,38170,0,3366534,0,1192446,0,4597150,O
2024,1763,"Black River Electric Coop, Inc - (SC)",SC,Cooperative,SERC,163,204,,747819,,,0,,,0,,747819,722089,,350,,25380,747819,89974.8,,,,,390.2,90365,O
2024,1764,Black Diamond Power Co,WV,Investor Owned,RFC,9.7,12.7,,46282,,,0,,,0,,46282,46282,,,,,46282,6924.9,,,,,,6924.9,O
2024,1769,"Black Hills Electric Coop, Inc",SD,Cooperative,WECC,34.6,50.6,357,175056,,,0,,,0,,175413,160983,92,0,595,13743,175413,23700.9,,7.8,,632.7,134.2,24475.6,O
2024,1775,Black River Electric Coop - (MO),MO,Cooperative,SERC,105.7,104.1,98,477796,,,0,,,0,,477894,445934,,,1002,30958,477894,54552,,,,,0,54552,O
2024,1776,City of Black River Falls,WI,Municipal,MISO,12.2,9.3,6153,49785,0,0,,0,0,,0,55938,52737,0,0,343,2858,55938,6847.6,,0,0,0,65.8,6913.4,O
2024,1780,Black Warrior Elec Member Corp,AL,Cooperative,SERC,91.1,134.9,,394945,,,0,,,0,,394945,371400,,,,23545,394945,47974.6,,,,,,47974.6,O
2024,1857,Block Island Utility District,RI,Political Subdivision,NPCC,5.6,2.1,119,14605,0,0,0,0,0,0,0,14724,14724,0,0,0,0,14724,5927,,,,,,5927,O
2024,1884,BENCO Electric Cooperative,MN,Cooperative,MRO,81.3,59,,394154,,,0,,,0,,394154,377459,,,603,16092,394154,50263,,,,,,50263,O
2024,1886,Blue Grass Energy Coop Corp,KY,Cooperative,RFC,284,432,,1452309,,,0,,,0,,1452309,1401983,,1097,,49229,1452309,154068,,,,,3355,157423,O
2024,1889,Blue Ridge Elec Member Corp - (NC),NC,Cooperative,SERC,196,341,,1179722,,,0,,,0,,1179722,1112094,,2740,64888,,1179722,149195,,,,,4940,154135,O
2024,1890,Blue Ridge Electric Coop Inc - (SC),SC,Cooperative,SERC,310,359,,1213898,,,0,,,0,,1213898,1165068,,,,48830,1213898,194347.5,,,,,8551.9,202899.4,O
2024,1891,Blue Ridge Mountain EMC - (GA),GA,Cooperative,SERC,177.1,272.6,0,828386,0,,0,0,0,0,0,828386,772974,0,0,2902,52510,828386,109593,,0,0,0,6952.9,116545.9,O
2024,1892,"Bluebonnet Electric Coop, Inc",TX,Cooperative,TRE,782.4,871.7,,4277643,,,0,,,0,,4277643,4093075,,,3083,181485,4277643,353048.4,,,,4623.9,5233.3,362905.6,O
2024,1896,City of Bluffton - (IN),IN,Municipal,RFC,60.5,38.7,,293595,,,0,,,0,,293595,284950,,,,8645,293595,26185,,,,,,26185,O
2024,1936,Bolivar Energy Authority,TN,Municipal,SERC,50.1,59.6,0,225639,0,,0,0,0,0,0,225639,219639,0,0,0,6000,225639,29341,,0,0,0,2684.6,32025.6,O
2024,1997,City of Boscobel - (WI),WI,Municipal,MISO,10,6.2,0,43423,0,0,,0,0,,0,43423,41965,0,0,0,1458,43423,3916.5,,0,0,0,19.7,3936.2,O
2024,2001,Boone Electric Coop,MO,Cooperative,SERC,148.7,160.9,,594426,,,0,,,0,,594426,571109,,,,23317,594426,72519,,,,,675,73194,O
2024,2008,City of Boulder City - (NV),NV,Municipal,WECC,52,22,,165292,,,0,,,0,,165292,160992,,200,41,4059,165292,18085,,,,,,18085,O
2024,2010,City of Bountiful,UT,Municipal,WECC,81.5,42.1,49799,248491,,,0,,,0,-1934,296356,284022,,1628,657,10049,296356,34189.4,,,,,1896,36085.4,O
2024,2049,"Bowie-Cass Electric Coop, Inc",TX,Cooperative,SPP,148.9,160.9,,668903,,,0,,,0,,668903,627802,,,639,40462,668903,76684.2,,,,64.4,1060.4,77809,O
2024,2054,City of Bowling Green - (OH),OH,Municipal,RFC,102.1,78.5,,539046,,,0,,,0,,539046,518193,3757,2371,,14725,539046,62307,,527,,,964,63798,O
2024,2056,City of Bowling Green - (KY),KY,Municipal,SERC,195.7,156.3,0,891634,0,,0,0,0,0,0,891634,864213,0,0,1474,25948,891634,90266,,0,0,0,1958.4,92224.4,O
2024,2089,Bozrah Light & Power Company,CT,Municipal,NPCC,31.9,28,,216083,,,0,,,0,,216083,212397,,93,,3593,216083,23688,,,,,87.7,23775.7,O
2024,2138,Brainerd Public Utilities,MN,Municipal,MRO,44,23,9203,321339,0,0,0,,,0,,330542,330542,,,,,330542,27350.1,,,,,,27350.1,O
2024,2144,Town of Braintree - (MA),MA,Municipal,NPCC,76.5,58.8,23330,277070,48223,,48223,,,0,,348623,322472,13706,3286,725,8434,348623,52602,,13537,108,,797,67044,O
2024,2152,Powerex Corporation,CN,Wholesale Power Marketer,WECC,,,,7467302,,,0,,,0,,7467302,,7463286,,,4016,7467302,,,616203.9,,,,616203.9,O
2024,2194,City of Brenham - (TX),TX,Municipal,TRE,63,57,,285696,,,0,,,0,,285696,273210,,,,12486,285696,24463.4,,,,,882.1,25345.5,O
2024,2212,"Broad River Electric Coop, Inc",SC,Cooperative,SERC,89.5,125,,445249,,,0,,,0,,445249,419671,,,,25578,445249,60397.4,,,,,-12.9,60384.5,O
2024,2247,City of Bristol - (TN),TN,Municipal,SERC,168.4,251.8,0,904031,0,,0,0,0,0,0,904031,861447,0,0,1722,40861,904031,93112,,0,0,0,6880,99992,O
2024,2248,Bristol Virginia Utilities,VA,Municipal,SERC,87.2,122.2,0,464459,0,,0,0,0,0,0,464459,446318,0,0,0,18141,464459,46907,,0,0,0,2356.9,49263.9,O
2024,2273,Brodhead Water & Lighting Comm,WI,Municipal,MISO,7.9,6.2,0,32132,0,0,,0,0,,0,32132,30820,0,0,0,1312,32132,3814,,0,0,0,29.1,3843.1,O
2024,2285,City of Brookings - (SD),SD,Municipal,MRO,62.1,56.4,,331783,,,0,,,0,,331783,320992,,,,10791,331783,30561,,,,,968,31529,O
2024,2394,Burke-Divide Electric Coop Inc,ND,Cooperative,MRO,26.4,38.4,,224122,,,0,,,0,,224122,213000,,,819,10303,224122,24216,,,,,198,24414,O
2024,2409,Brownsville Public Utilities Board,TX,Municipal,TRE,305.2,303.4,559179,1485948,0,0,0,0,0,0,0,2045127,1330504,637409,36754,37538,2922,2045127,169249,,19329,,1587,-7030,183135,O
2024,2411,City of Brownsville,TN,Municipal,SERC,39,26.7,0,187505,0,,0,0,0,0,0,187505,182629,0,0,69,4807,187505,17588,,0,0,0,647.2,18235.2,O
2024,2442,City of Bryan - (TX),TX,Municipal,TRE,386.6,376.5,151424,2136427,,,0,,,0,,2287851,1615655,565990,,,106206,2287851,166295,,32505,,44667,15811,259278,O
2024,2481,Cargill Power Markets LLC,MN,Wholesale Power Marketer,MRO,,,,,,,,,,,,,,,,,,,,,,,,,,O
2024,2487,City of Buford,GA,Municipal,SERC,47.1,39.9,,221620,,,0,,,0,,221620,214098,,1893,,5629,221620,25782.1,,,,,,25782.1,O
2024,2502,"Buckeye Rural Elec Coop, Inc",OH,Cooperative,RFC,64.9,57.6,,251331,,,0,,,0,,251331,233508,,723,,17100,251331,46709.6,,,,,2810.9,49520.5,O
2024,2507,City of Burbank Water and Power,CA,Municipal,WECC,263,134,468620,852354,,,0,278891,278891,0,-13721,1307253,942640,312966,,,51647,1307253,173452,,23197,,702.9,6258.5,203610.4,O
2024,2548,City of Burlington Electric - (VT),VT,Municipal,NPCC,60.4,46.5,128383,210049,352283,360649,-8366,,,0,-3022,327044,322587,,,735,3722,327044,55687.6,,,,,10438.5,66126.1,O
2024,2643,Butler Public Power District - (NE),NE,Political Subdivision,MRO,52.5,37.2,,223358,,,0,,,0,,223358,211588,,,431,11339,223358,20390,0,0,0,0,291,20681,O
2024,2651,Butler Rural Electric Coop Inc - (OH),OH,Cooperative,RFC,47.6,52.6,,220025,,,0,,,0,,220025,210463,,621,,8941,220025,37134,,,,,515,37649,O
2024,2652,Butler County Rural Elec Coop - (IA),IA,Cooperative,MRO,51.7,46.4,478,315177,,,0,,,0,,315655,277066,32924,,,5665,315655,28380,,2869.5,,,338.3,31587.8,O
2024,2678,C & L Electric Coop Corp,AR,Cooperative,SPP,104.2,118.7,,383594,,,0,,,0,,383594,366646,,,669,16279,383594,47677,,,,,856,48533,O
2024,2774,CMS Electric Coop Inc,KS,Cooperative,SPP,38.8,31.2,,209071,,,0,,,0,,209071,202658,,178,,6235,209071,24925.9,,,,,68.9,24994.8,O
2024,2812,City of Calhoun - (GA),GA,Municipal,SERC,67.6,62.6,,406877,,,0,,,0,,406877,360612,35317,,,10948,406877,38291.6,,1099,,,,39390.6,O
2024,2830,Calpine Power America LLC,TX,Retail Power Marketer,TRE,,,,1484776,,,0,,,0,,1484776,1484776,,,,,1484776,67328,,,,,,67328,O
2024,2849,Central Electric Power Assn - (MS),MS,Cooperative,SERC,205.9,234.7,0,970020,0,,0,0,0,0,0,970020,928544,0,0,375,41102,970020,105449,,0,0,0,2802.4,108251.4,O
2024,2857,Calpine Energy Services LP,TX,Wholesale Power Marketer,,,,,133332786,,,0,,,0,,133332786,,133294739,,,38047,133332786,,,6117899,,,,6117899,O
2024,2903,Canoochee Electric Member Corp,GA,Cooperative,SERC,121,132,,519334,,,0,,,0,,519334,495374,,,652,23308,519334,62124.5,,,,,13153.9,75278.4,O
2024,2911,"Canadian Valley Elec Coop, Inc",OK,Cooperative,SPP,182,216,,866392,,,0,,,0,,866392,817402,,,729,48261,866392,79965.3,,,,,3359.6,83324.9,O
2024,2960,"Caney Fork Electric Coop, Inc",TN,Cooperative,SERC,143.1,193.7,0,645009,0,,0,0,0,0,0,645009,613100,0,0,0,31909,645009,78940,,0,0,0,1437.5,80377.5,O
2024,2985,"Capital Electric Coop, Inc",ND,Cooperative,MRO,89.1,86.7,,402177,,,0,,,0,,402177,386075,,,,16102,402177,44783.9,,,,,73.8,44857.7,O
2024,3046,Duke Energy Progress - (NC),NC,Investor Owned,SERC,12832,12974,61874628,9388807,,,0,1082810,1081712,1098,-44248,71220285,43284835,25745673,,85987,2103790,71220285,5315987.1,,1449287,1700,106182,54489,6927645.1,O
2024,3075,Carroll County - (TN),TN,Municipal,SERC,97.3,97.7,0,496495,0,,0,0,0,0,0,496495,479095,0,0,203,17197,496495,44276,,0,0,0,1061.9,45337.9,O
2024,3081,Carroll Electric Member Corp - (GA),GA,Cooperative,SERC,251.6,324.8,,1225552,,,0,,,0,,1225552,1181038,,,1566,42948,1225552,141016,,,,,6865.1,147881.1,O
2024,3093,Carroll Electric Coop Corp - (AR),AR,Cooperative,SPP,548,658,,2413387,,,0,,,0,,2413387,2284641,,,3754,124992,2413387,254681,,,10749,,,265430,O
2024,3107,Carteret-Craven El Member Corp,NC,Cooperative,SERC,201.9,191.3,,630714,,,0,,,0,,630714,608876,,,539,21299,630714,71691.6,,,,,657.1,72348.7,O
2024,3108,City of Cartersville - (GA),GA,Municipal,SERC,108,91.4,,606955,,,0,,,0,,606955,579647,,,,27308,606955,60642.5,,,,,4037.3,64679.8,O
2024,3113,City of Carthage - (MO),MO,Municipal,SPP,65,50,0,289913,,,0,,,0,,289913,279963,,,,9950,289913,32085,,,,,,32085,O
2024,3203,Cedar Falls Utilities,IA,Municipal,MRO,135,106.8,198535,740696,,,0,,,0,,939231,725839,196135,,,17257,939231,50310.2,,8791.8,,3406.8,7315.1,69823.9,O
2024,3205,Cedar-Knox Public Power Dist,NE,Political Subdivision,MRO,74.8,47.9,,290511,,,0,,,0,,290511,266435,9634,,226,14216,290511,22366.9,,621.9,,,,22988.8,O
2024,3208,Cedarburg Light & Water Comm,WI,Municipal,MISO,26.2,17.6,0,108962,0,0,,0,0,,0,108962,105744,0,0,132,3086,108962,11998.7,,0,0,0,143.8,12142.5,O
2024,3216,City of Celina - (OH),OH,Municipal,RFC,50,41,,256872,,,0,,,0,,256872,256162,,,710,,256872,23498,,,,,,23498,O
2024,3222,Central Alabama Electric Coop,AL,Cooperative,SERC,182.4,272.4,,768935,,,0,,,0,,768935,738146,,,1518,29271,768935,119595,,,,,9174,128769,O
2024,3226,"Central Rural Electric Cooperative, Inc",OK,Cooperative,,138.4,173.6,,649183,,,0,,,0,,649183,614185,,,1398,33600,649183,69801.6,,,,,10776.2,80577.8,O
2024,3236,"Central Electric Coop, Inc - (SD)",SD,Cooperative,MRO,66.6,85.1,,357678,,,0,,,0,,357678,347852,,787,,9039,357678,36898.5,,,,,1268.2,38166.7,O
2024,3240,Central Electric Coop Inc - (OR),OR,Cooperative,,162.3,255.8,,863788,,,0,,,0,,863788,816846,,807,,46135,863788,74267.2,,,,,543.4,74810.6,O
2024,3242,Central Electric Power Coop - (MO),MO,Cooperative,SERC,892.4,1115.8,,3864746,,,0,,,0,,3864746,,3864746,,,,3864746,,,250447,3000,,,253447,O
2024,3245,"Central Florida Elec Coop, Inc",FL,Cooperative,FRCC,143.9,136,,620300,,,0,,,0,,620300,589451,,,1705,29144,620300,75908,,,,,6718,82626,O
2024,3248,Central Georgia El Member Corp,GA,Cooperative,SERC,345,389,,1523845,,,0,,,0,,1523845,1478043,,1552,,44250,1523845,161469,,,,,14605,176074,O
2024,3249,Central Hudson Gas & Elec Corp,NY,Investor Owned,NPCC,1103,912,60421,3056122,0,0,0,529111,529111,0,0,3116543,2908613,41921,0,0,166009,3116543,647861,139943,1934.6,0.4,9994.7,-2819.7,796914,O
2024,3250,Central Electric Membership Corp. - (NC),NC,Cooperative,SERC,104.1,130.9,,449451,,,0,,,0,,449451,441119,,,,8332,449451,59200.1,,,,,,59200.1,O
2024,3255,California Dept. of Water Resources,CA,State,WECC,1433,1392,4689957,869541,296195,,296195,,,0,,5855693,,1758883,,3264025,832785,5855693,,,57945.8,,,,57945.8,O
2024,3258,Central Iowa Power Cooperative,IA,Cooperative,MRO,661.3,581.4,878798,1741048,3074269,2619846,454423,,,0,,3074269,,2989369,,627,84273,3074269,,,191597.4,,8602.6,16510.4,216710.4,O
2024,3264,Central Lincoln People's Ut Dt,OR,Political Subdivision,WECC,187.3,224.3,,1227626,,,0,,,0,,1227626,1194702,,,3551,29373,1227626,93589.7,,,,,,93589.7,O
2024,3265,Cleco Power LLC,LA,Investor Owned,SPP,2003,2777,9213374,92450,942664,,942664,3291420,3291420,0,,10248488,8777526,926683,,32096,512183,10248488,949392,,101861,-3940,33137,42145,1122595,O
2024,3266,Central Maine Power Co,ME,Investor Owned,NPCC,1643,1566,,5523425,,,0,10159209,10159209,0,,5523425,4547695,975730,,,,5523425,1039860,274613,31975,,322487,56975,1725910,O
2024,3268,Central Missouri Elec Coop Inc,MO,Cooperative,SERC,68.5,81.5,,343985,,,0,,,0,,343985,327148,,,149,16688,343985,34417.2,,,,,239,34656.2,O
2024,3271,Central Nebraska Pub P&I Dist,NE,Political Subdivision,MRO,99,90,258988,767,,,0,,,0,,259755,,258988,,767,,259755,,,9966.6,,366.2,8410.2,18743,O
2024,3273,"Central New Mexico El Coop, Inc",NM,Cooperative,WECC,39.5,40.3,,288870,,,0,,,0,,288870,265123,,,,23747,288870,40915,,,,,238.1,41153.1,O
2024,3278,AEP Texas Central Company,OK,Investor Owned,TRE,,,,,,,,,,,,,,,,,,,,1124620.9,,,437495.1,,1562116,O
2024,3279,"Central Power Elec Coop, Inc",ND,Cooperative,MRO,369.3,501.2,,2632086,,,0,,,0,,2632086,,2588267,,,43819,2632086,,,165454.9,,12258.9,3671.1,181384.9,O
2024,3282,"Central Texas Elec Coop, Inc",TX,Cooperative,,202.2,270.8,,947965,,,0,,,0,,947965,865565,9741,,1328,71331,947965,83230,,619.6,,,3867.3,87716.9,O
2024,3287,"Central Valley Elec Coop, Inc",NM,Cooperative,SPP,131.5,113.4,,956710,,,0,,,0,,956710,911806,,,575,44329,956710,69808.9,,,,,2078.7,71887.6,O
2024,3291,Central Virginia Electric Coop,VA,Cooperative,SERC,226,161,,748726,,,0,,,0,,748726,714870,,,2001,31855,748726,106097,,,,,1375,107472,O
2024,3295,City of Centralia - (WA),WA,Municipal,WECC,43.4,62.7,33679,236349,,,0,,,0,,270028,260578,,617,,8833,270028,26250.6,,,,,,26250.6,O
2024,3329,Borough of Chambersburg,PA,Municipal,RFC,67.5,56.5,26356,342883,0,25589,-25589,0,0,0,-7942,335708,324143,0,0,0,11565,335708,33970.3,0,0,0,0,0,33970.3,O
2024,3355,City of Chanute,KS,Municipal,SPP,57.3,50.7,25263,344848,,,0,,,0,,370111,279157,24547,,,66407,370111,25095,,456,,,,25551,O
2024,3400,City of Chaska - (MN),MN,Municipal,MRO,87.8,52.6,,431920,,,0,,,0,,431920,420810,,,,11110,431920,57096.6,,,,,266.5,57363.1,O
2024,3408,City of Chattanooga - (TN),TN,Municipal,SERC,1209.3,1321,0,6033679,0,,0,0,0,0,0,6033679,5803767,0,0,15114,214798,6033679,630400,,0,0,0,38204.9,668604.9,O
2024,3413,PUD No 1 of Chelan County,WA,Political Subdivision,WECC,292,583,7255782,4262094,818159,338151,480008,1823761,1823761,0,,11997884,1858522,10083941,,25578,29843,11997884,69133.8,,445358.1,,13514,29441.5,557447.4,O
2024,3426,Cherokee Electric Coop - (AL),AL,Cooperative,SERC,99.3,126,0,431109,0,,0,0,0,0,0,431109,400674,0,0,575,29860,431109,61888,,0,0,0,999.4,62887.4,O
2024,3436,Cherryland Electric Coop Inc,MI,Cooperative,RFC,94.9,76,,437300,,,0,,,0,,437300,406068,,,482,30750,437300,60554.9,,,,,1614.6,62169.5,O
2024,3461,Cheyenne Light Fuel & Power,SD,Investor Owned,WECC,309,314,787074,1623231,2233058,2233058,0,,,0,,2410305,2190151,83179,,,136975,2410305,217792.2,,8046,0,1139,14555,241532.2,O
2024,3470,Cherokee County Elec Coop Assn - (TX),TX,Cooperative,TRE,120,160,2481,511843,,,0,,,0,,514324,469613,,,,44711,514324,58092,,,,,1006,59098,O
2024,3475,City of Chickamauga,GA,Municipal,SERC,5.4,5,0,24332,0,,0,0,0,0,0,24332,21692,0,0,0,2640,24332,2770,,0,0,0,87.3,2857.3,O
2024,3477,City of Chicopee - (MA),MA,Municipal,NPCC,94.9,76.5,497,356795,98089,953,97136,,,0,,454428,437837,,,1419,15172,454428,68902.8,,,,,1011.9,69914.7,O
2024,3478,Cimarron Electric Coop,OK,Cooperative,SPP,149.1,123.7,,766365,,,0,,,0,,766365,737934,,,827,27604,766365,73537,,,,,-13,73524,O
2024,3502,"Choctawhatche Elec Coop, Inc",FL,Cooperative,SERC,268.6,313.2,,1163005,,,0,,,0,,1163005,1116376,,,,46629,1163005,142611.9,,,-1427,,6303.3,147488.2,O
2024,3503,"Choptank Electric Cooperative, Inc",MD,Cooperative,RFC,267.4,264,,1104835,,,0,41901,41901,0,,1104835,1033904,,,,70931,1104835,160792.4,,,,,905.4,161697.8,O
2024,3519,Central Minnesota Municipal Power Agency,MN,Political Subdivision,MRO,107.2,91.9,,430995,,,0,,,0,,430995,,430995,,,,430995,,,17654.3,,8139.7,,25794,O
2024,3522,Chugach Electric Assn Inc,AK,Cooperative,AK,284,339,2020794,354590,,,0,235601,234365,1236,,2376620,1886055,379001,,6544,105020,2376620,342674,,12640.8,-3125.1,2506.4,2881.6,357577.7,O
2024,3527,Choctaw Electric Coop Inc,OK,Cooperative,SPP,106,148,,539110,,,0,,,0,,539110,521616,,,363,17131,539110,55148,,,,,511.2,55659.2,O
2024,3542,Duke Energy Ohio Inc,OH,Investor Owned,RFC,886,922,,4814484,,,0,,,0,,4814484,4361295,444009,,9180,,4814484,610534,669703.8,30618.5,,40980.8,20110.7,1371947.8,O
2024,3597,Citizens Electric Co - (PA),PA,Investor Owned,RFC,36,43,,120626,,,0,,,0,,120626,113594,,,133,6899,120626,15427,644,,,,99,16170,O
2024,3600,Citizens Electric Corporation - (MO),MO,Cooperative,SERC,275.9,269.2,,1696865,,,0,,,0,,1696865,1669364,381,1637,,25483,1696865,137790.6,,44.3,,,106.1,137941,O
2024,3601,Boston Energy Trading and Marketing LLC,MA,Wholesale Power Marketer,,,,,4831339,,,0,,,0,,4831339,,4831339,,,,4831339,,,298897.4,,,,298897.4,O
2024,3641,"Claiborne Electric Coop, Inc",LA,Cooperative,SERC,133.9,152.3,,617559,,,0,,,0,,617559,592421,,,785,24353,617559,72689.2,,,,,-1226.8,71462.4,O
2024,3644,PUD No 1 of Clallam County,WA,Political Subdivision,WECC,102.2,223.9,,692775,,,0,,,0,,692775,653408,,3429,,35938,692775,72924.4,,,,,5004.6,77929,O
2024,3647,City of Claremore,OK,Municipal,SPP,80,51,,309461,,,0,,,0,,309461,283448,,,,26013,309461,33497,,,,,,33497,O
2024,3660,PUD No 1 of Clark County - (WA),WA,Political Subdivision,WECC,977,1144,1561663,4225121,,,0,,,0,,5786784,4756833,854109,,0,175842,5786784,437051.1,,39992.7,9532.9,,12916.6,499493.3,O
2024,3687,Clark Energy Coop Inc - (KY),KY,Cooperative,SERC,96,153,,454760,,,0,,,0,,454760,434733,,531,,19496,454760,56422,,,,,1380,57802,O
2024,3704,City of Clarksville - (TN),TN,Municipal,SERC,373.2,525.7,0,1711422,0,,0,0,0,0,0,1711422,1666439,0,0,2904,42079,1711422,204480,,0,0,0,9762.9,214242.9,O
2024,3705,Clarksville Connected Utilities,AR,Municipal,SPP,40,39,,211554,,,0,,,0,,211554,196988,,4558,,10008,211554,15621.3,,,,,307,15928.3,O
2024,3712,Clay County Electric Coop Corp - (AR),AR,Cooperative,SERC,73.1,56.9,,303076,,,0,,,0,,303076,288171,,,866,14039,303076,35715.7,,,,,1545.9,37261.6,O
2024,3755,Cleveland Electric Illum Co,OH,Investor Owned,RFC,4065.2,3066.8,0,1498978,0,0,0,0,0,0,0,1498978,1409393,0,0,13340,76245,1498978,239693.4,806778.7,0,-17378.9,0,15322.8,1044416,O
2024,3757,"Clay Electric Cooperative, Inc - (FL)",FL,Cooperative,FRCC,853.1,775.1,3053,3792437,,,0,,,0,,3795490,3648010,,3261,,144219,3795490,433710.5,0,0,0,0,11258.5,444969,O
2024,3758,City of Cleveland - (TN),TN,Municipal,SERC,207.6,240.9,0,1048372,0,,0,0,0,0,0,1048372,1019115,0,0,0,29257,1048372,111288,,0,0,0,3149.5,114437.5,O
2024,3762,City of Cleveland - (OH),OH,Municipal,RFC,296.5,242.2,472,1553669,84000,,84000,,,0,,1638141,1545537,,,2299,90305,1638141,193423.1,,,,,,193423.1,O
2024,3812,City of Clinton - (TN),TN,Municipal,SERC,159.1,193.6,0,831592,0,,0,0,0,0,0,831592,805273,0,0,0,26319,831592,89460,,0,0,0,2582.3,92042.3,O
2024,3824,Clyde Light & Power,OH,Municipal,RFC,35,34,,209601,,,0,,,0,,209601,204458,,,,5143,209601,17949,,,,,,17949,O
2024,3828,Cloverland Electric Co-op,MI,Cooperative,RFC,117.7,118.5,205084,524910,,,0,,,0,,729994,721923,5159,0,2912,0,729994,88411,0,113.3,0,0,3171.1,91695.4,O
2024,3841,Coast Electric Power Assn - (MS),MS,Cooperative,SERC,443,589,,1983496,,,0,,,0,,1983496,1916564,,,4061,62871,1983496,241688,,,,,10289,251977,O
2024,3843,Coastal Electric Member Corp - (GA),GA,Cooperative,SERC,119.2,137.7,,589784,,,0,,,0,,589784,572277,,884,,16623,589784,68425,,,,,1346,69771,O
2024,3855,Columbia Power System - (TN),TN,Municipal,SERC,198,214.6,0,925170,0,,0,0,0,0,0,925170,897778,0,0,0,27392,925170,95704,,0,0,0,1574.2,97278.2,O
2024,3892,City of Coffeyville - (KS),KS,Municipal,SPP,120,107,126641,712417,,,0,,,0,-20656,818402,797443,,4870,16,16073,818402,54133.4,,,,390.2,,54523.6,O
2024,3915,Coldwater Board of Public Util,MI,Municipal,RFC,75,98.2,,483748,,,0,,,0,,483748,475233,,,,8515,483748,47933.7,,,,,1631.2,49564.9,O
2024,3916,Cobb Electric Membership Corp,GA,Cooperative,SERC,1149.9,713.9,,4188776,,,0,,,0,,4188776,4105486,,,6112,77178,4188776,447729.9,,,2202.4,,10261.9,460194.2,O
2024,3931,Coles-Moultrie Electric Coop,IL,Cooperative,SERC,44.6,47.7,,209500,,,0,,,0,,209500,199620,,,438,9442,209500,31139,,,,,288,31427,O
2024,3939,City of College Park - (GA),GA,Municipal,SERC,84.9,88.2,,573145,,,0,,,0,,573145,553451,,,,19694,573145,48407.6,,,,,3154.6,51562.2,O
2024,3940,City of College Station - (TX),TX,Municipal,TRE,243,207.4,,992393,,,0,,,0,,992393,936424,,2194,,53775,992393,129388,,,,,,129388,O
2024,3989,City of Colorado Springs - (CO),CO,Municipal,WECC,1011,844,3200175,2053737,,,0,258091,258091,0,,5253912,4647455,471063,,135394,,5253912,515877,,54142.8,,3100.5,,573120.3,O
2024,3991,CMS Energy Resource Management,MI,Retail Power Marketer,RFC,81.3,78.8,,5919701,,,0,,,0,,5919701,432611,5487090,,,,5919701,22385.7,,121806.8,,,99126.5,243319,O
2024,4003,City of Colton - (CA),CA,Municipal,WECC,95,46,8812,325190,,,0,,,0,,334002,334002,,,,,334002,83032.5,,,,1101.1,5187.8,89321.4,O
2024,4041,"Columbia Rural Elec Assn, Inc",WA,Cooperative,WECC,114.8,50.2,,407427,,,0,,,0,,407427,376156,5018,,639,25614,407427,35729.1,,965.6,,,77.2,36771.9,O
2024,4045,City of Columbia - (MO),MO,Municipal,SERC,281,234,23501,1209294,,,0,,,0,,1232795,1151693,42126,6314,2101,30561,1232795,137747,,829,,5957,12862,157395,O
2024,4063,Co-Mo Electric Coop Inc,MO,Cooperative,SERC,112.8,177.3,,501561,,,0,,,0,,501561,477754,,,1479,22328,501561,70493,,,,,522,71015,O
2024,4065,City of Columbus - (OH),OH,Municipal,RFC,183,138,,937047,,,0,,,0,-12931,924116,856871,,25068,1484,40693,924116,93155.4,,,,,1685,94840.4,O
2024,4068,City of Columbus - (MS),MS,Municipal,SERC,82.7,70.1,0,376405,0,,0,0,0,0,0,376405,362839,0,0,276,13290,376405,40437,,0,0,0,1255.6,41692.6,O
2024,4073,City of Columbus - (WI),WI,Municipal,MISO,16.6,12,0,76772,0,0,,0,0,,0,76772,75305,0,0,0,1467,76772,7769.6,,0,0,0,90.5,7860.1,O
2024,4100,Just Energy Solutions Inc.,CA,Retail Power Marketer,WECC,,,,996862,,,0,,,0,,996862,996862,,,,,996862,109108.2,,,,,,109108.2,O
2024,4110,Commonwealth Edison Co,IL,Investor Owned,RFC,21560,15077,,32670709,,,0,,,0,,32670709,30116921,791465,394273,,1368050,32670709,4221936.1,2521676,20927.7,525188.5,909707.3,115967.6,8315403.2,O
2024,4146,Concho Valley Elec Coop Inc,TX,Cooperative,TRE,104.1,108,,619775,,,0,,,0,,619775,596603,,,,23172,619775,44856.8,,,,,1163.8,46020.6,O
2024,4150,City of Concord - (NC),NC,Municipal,SERC,217,170,,959674,,,0,,,0,,959674,936586,,,,23088,959674,101528.7,,,,,4758.6,106287.3,O
2024,4153,"Concordia Electric Coop, Inc",LA,Cooperative,SERC,46.4,63.7,,202682,,,0,,,0,,202682,190737,,,,11945,202682,27553.1,,,,,371.8,27924.9,O
2024,4160,Callaway Electric Cooperative,MO,Cooperative,SERC,51.8,77,,240599,,,0,,,0,,240599,224926,,615,,15058,240599,34338.9,,,,,3342.5,37681.4,O
2024,4166,"CECG Maine, LLC",MD,Wholesale Power Marketer,RFC,,,,1202065,,,0,,,0,-85662,1116403,,1116403,,,,1116403,,,132258.6,,,,132258.6,O
2024,4176,Connecticut Light & Power Co,CT,Investor Owned,NPCC,4528,3470,,18454138,,,0,22243396,22243396,0,,18454138,9210913,9243225,,,0,18454138,2512666.7,1310027.2,464660.2,17203.3,262164.8,36925.6,4603647.8,O
2024,4180,Connecticut Mun Elec Engy Coop,CT,Municipal Mktg Authority,NPCC,206.3,173.9,1,765548,1133104,765549,367555,,,0,,1133104,,1133104,,,,1133104,,,90983.7,,18190,-2547.5,106626.2,O
2024,4226,Consolidated Edison Co-NY Inc,NY,Investor Owned,NPCC,11910,8206,1950239,24144696,,,0,,0,0,,26094935,22271797,944361,,85958,2792819,26094935,7177940,3545752,36197,,,13387.3,10773276.3,O
2024,4237,Consolidated Electric Coop,MO,Cooperative,SERC,54.3,68.2,,252531,,,0,,,0,,252531,230587,11202,,283,10459,252531,26825,,1066,,,-17,27874,O
2024,4247,Consolidated Water Power Co,WI,Investor Owned,RFC,61.7,70.4,177341,266428,0,0,0,0,0,0,0,443769,433065,0,0,542,10162,443769,26957.3,0,0,0,0,0,26957.3,O
2024,4254,Consumers Energy Co - (MI),MI,Investor Owned,RFC,7472,5183,24219911,18761169,,,0,,,0,,42981080,32938282,7978038,,21511,2043249,42981080,4887050,47249.9,207553.1,-301047.7,63.2,159942.1,5000810.6,O
2024,4262,Cooke County Elec Coop Assn,TX,Cooperative,TRE,93.6,127.7,,425012,,,0,,,0,,425012,397958,,,508,26546,425012,49957,,,,,0,49957,O
2024,4265,Continental Divide El Coop Inc,NM,Cooperative,WECC,70.5,79.7,,622087,,,0,,,0,,622087,568269,,,619,53199,622087,59396,,,,,,59396,O
2024,4280,Conway Corporation,AR,Municipal,SERC,206,168,149155,782869,,,0,,,0,,932024,901295,,,,30729,932024,68682.2,,,,,2901.5,71583.7,O
2024,4294,City of Cookeville - (TN),TN,Municipal,SERC,122.9,117.1,0,578890,0,,0,0,0,0,0,578890,557496,0,0,464,20930,578890,59300,,0,0,0,1316.9,60616.9,O
2024,4295,Comanche County Elec Coop Assn,TX,Cooperative,TRE,122.1,105.3,,600704,,,0,,,0,,600704,577667,,,,23037,600704,47750,,,,,241.5,47991.5,O
2024,4296,"Cookson Hills Elec Coop, Inc",OK,Cooperative,SPP,78.5,55.4,,329690,,,0,,,0,,329690,316443,,467,,12780,329690,42580.7,,,,,4188,46768.7,O
2024,4317,"Coos-Curry Electric Coop, Inc",OR,Cooperative,WECC,43.6,74.5,,344025,,,0,,,0,,344025,326807,,,585,16633,344025,40038.5,,,,,1608.5,41647,O
2024,4327,Coosa Valley Electric Coop Inc,AL,Cooperative,SERC,74.4,110.7,,340648,,,0,,,0,,340648,325134,,,15514,,340648,50295,,,,,7080,57375,O
2024,4356,Colorado River Comm of Nevada,NV,State,WECC,200,190,,1047725,,,0,,,0,,1047725,283552,764173,,,,1047725,7454.2,2580,22579,,,,32613.2,O
2024,4362,Corn Belt Energy Corporation,IL,Cooperative,RFC,150.8,119.3,,652860,,,0,,,0,,652860,630620,,,1296,20944,652860,88975.9,,,,,276.4,89252.3,O
2024,4363,Corn Belt Power Coop,IA,Cooperative,MRO,337.5,312.5,375379,1741851,,,0,,,0,,2117230,,2105416,,,11814,2117230,,,146535.5,-2000,16738.1,358.3,161631.9,O
2024,4373,Cornhusker Public Power Dist,NE,Political Subdivision,MRO,75.5,68.2,,433557,,,0,4249,4249,0,,433557,404163,,,557,28837,433557,37763.5,0,0,0,0,72.4,37835.9,O
2024,4390,City of Corona - (CA),CA,Municipal,WECC,28,24.8,,142910,,,0,,,0,,142910,135402,,,,7508,142910,15073.5,,,,,4042.3,19115.8,O
2024,4401,"Cotton Electric Coop, Inc",OK,Cooperative,SPP,173,191,,891912,,,0,5565,5565,0,,891912,862914,,,72,28926,891912,79235.2,0,0,0,0,420.2,79655.4,O
2024,4410,"Shell Energy North America (US), L.P.",TX,Retail Power Marketer,TRE,,,,6646956,,,0,,,0,,6646956,6646956,,,,,6646956,701629.3,,,,,,701629.3,O
2024,4430,"Covington Electric Coop, Inc",AL,Cooperative,SERC,101,132,,426505,,,0,,,0,,426505,406009,,,,20496,426505,63833.4,,,,,5558.3,69391.7,O
2024,4432,Coweta-Fayette El Member Corp,GA,Cooperative,SERC,458.7,424.7,,1794765,0,0,0,,,0,,1794765,1729188,,,,65577,1794765,214354,,,,,10075.6,224429.6,O
2024,4433,City of Covington - (GA),GA,Municipal,SERC,93.7,86.9,,485724,,,0,,,0,,485724,472002,,,,13722,485724,55903.9,,,,,6063.2,61967.1,O
2024,4437,City of Covington - (TN),TN,Municipal,SERC,45.9,32.5,0,227731,0,,0,0,0,0,0,227731,222161,0,0,520,5050,227731,21345,,0,0,0,372,21717,O
2024,4442,PUD No 1 of Cowlitz County,WA,Political Subdivision,WECC,568.3,631.8,45900,4146198,,,0,,,0,,4192098,4137795,,5322,,48981,4192098,247386,,,-6498,,,240888,O
2024,4508,"Crawfordsville Elec, Lgt & Pwr",IN,Municipal,RFC,73.2,58.3,,385428,,,0,,,0,,385428,374105,,747,,10576,385428,44279.6,,,,,479.1,44758.7,O
2024,4509,Craighead Electric Coop Corp,AR,Cooperative,SERC,142,177,,619626,,,0,,,0,,619626,579403,,,833,39390,619626,71893,,,,,5951,77844,O
2024,4524,"Crawford Electric Coop, Inc",MO,Cooperative,SERC,72.1,108.1,,331440,,,0,,,0,,331440,314943,,,,16497,331440,39110.2,,,,,662.2,39772.4,O
2024,4538,Crisp County Power Comm,GA,Political Subdivision,SERC,80.2,91.1,36520,354768,,,0,,,0,,391288,379673,,,942,10673,391288,50466,,,,,,50466,O
2024,4577,Crow Wing Cooperative Power & Light Comp,MN,Cooperative,MRO,140.3,108.3,,728855,,,0,,,0,,728855,684767,,,1600,42488,728855,84984.3,,,,,1083.7,86068,O
2024,4604,City of Crystal Falls,MI,Municipal,MISO,3.6,2.9,4897,12645,0,0,,0,0,,0,17542,16335,0,0,0,1207,17542,2773.6,,0,0,0,0,2773.6,O
2024,4607,City of Cuba City,WI,Municipal,MISO,4.6,3.1,0,18167,0,0,,0,0,,0,18167,17674,0,0,0,493,18167,1941.8,,0,0,0,35.7,1977.5,O
2024,4617,Cullman Power Board,AL,Municipal,SERC,63.5,59.2,0,284779,0,,0,0,0,0,0,284779,274967,0,0,228,9584,284779,33519,,0,0,0,828.9,34347.9,O
2024,4618,"Cullman Electric Coop, Inc",AL,Cooperative,SERC,240.1,322.6,0,1167654,0,,0,0,0,0,0,1167654,1110501,0,0,1177,55977,1167654,134975,,0,0,0,5921,140896,O
2024,4622,"Cumberland Valley Electric, Inc.",KY,Cooperative,SERC,113,164,,538728,,,0,,,0,,538728,519396,,469,,18863,538728,57014,,,,,2277,59291,O
2024,4624,Cumberland Elec Member Corp,TN,Cooperative,SERC,636.1,845.9,0,3007498,0,,0,0,0,0,0,3007498,2879963,0,0,1841,125695,3007498,332080,,0,0,0,17675.9,349755.9,O
2024,4671,Custer Public Power District,NE,Political Subdivision,MRO,116,36,0,265704,0,0,0,32804,32174,630,-582,265752,232905,10534,0,651,21662,265752,29814.3,0,553,0,0,0,30367.3,O
2024,4675,Cuivre River Electric Coop Inc,MO,Cooperative,SERC,359.3,420.5,,1448730,,,0,,,0,,1448730,1394557,,,1456,52717,1448730,147632.1,,,,,944,148576.1,O
2024,4683,City of Cuyahoga Falls - (OH),OH,Municipal,RFC,103.3,62.7,,428150,,,0,,,0,,428150,391720,,,6,36424,428150,48505,,,,,88,48593,O
2024,4715,Dahlberg Light & Power Co,WI,Investor Owned,MRO,24.7,22.8,-344,119991,,,0,,,0,,119647,105963,,,670,13014,119647,12852,,,,,267,13119,O
2024,4716,Dairyland Power Coop,WI,Cooperative,MRO,1168,992,2184947,4355724,,,0,,,0,,6540671,,6416019,1825,3826,119001,6540671,,,450502.7,,28241.3,4447.4,483191.4,O
2024,4717,Dakota Valley Elec Coop Inc,ND,Cooperative,MRO,84.9,110.7,,691168,,,0,,,0,,691168,677574,,,,13594,691168,58354,,,,,132.5,58486.5,O
2024,4720,Dakota Energy Coop Inc,SD,Cooperative,SPP,49.4,57.3,,272157,,,0,,,0,,272157,263561,,360,,8236,272157,26157.7,,,,,631,26788.7,O
2024,4743,"Consumers Power, Inc",OR,Cooperative,WECC,83.4,107.3,,440491,,,0,,,0,,440491,410789,,,1581,28121,440491,51262.9,,,,,385.7,51648.6,O
2024,4744,Dalton Utilities,GA,Municipal,SERC,475.9,486,901186,2552745,,,0,,,0,,3453931,3296824,52278,564,,104265,3453931,190195,,2216,,,8769,201180,O
2024,4794,City of Danville - (VA),VA,Municipal,RFC,224.7,207.6,117,1021122,,,0,,,0,,1021239,970181,,,,51058,1021239,115356.8,,,,,,115356.8,O
2024,4848,Daviess Martin County R E M C,IN,Cooperative,RFC,71.6,62.2,,415713,,,0,,,0,,415713,404376,,,743,10594,415713,43463,,,,,283,43746,O
2024,4911,Dawson Power District,NE,Political Subdivision,MRO,210,105,,593207,,,0,,,0,,593207,551367,,,1276,40564,593207,64870.9,,,,162,333.6,65366.5,O
2024,4920,City of Dayton - (TN),TN,Municipal,SERC,66.8,61.4,0,314159,0,,0,0,0,0,0,314159,299256,0,0,0,14903,314159,31661,,0,0,0,1136.9,32797.9,O
2024,4922,Dayton Power & Light Co,OH,Investor Owned,RFC,3280,3006,,2479431,,,0,,,0,,2479431,1938304,489398,,6145,45584,2479431,289493,419018,17658,51722,120258,18125,916274,O
2024,4939,"Deaf Smith Electric Coop, Inc",TX,Cooperative,SPP,182.9,152.9,,863981,,,0,,,0,,863981,808876,,,488,54617,863981,55163.1,,,,,,55163.1,O
2024,4958,Decatur Utilities,AL,Municipal,SERC,215.5,204.1,0,1186411,0,,0,0,0,0,0,1186411,1158032,0,0,0,28379,1186411,100688,,0,0,0,1292.9,101980.9,O
2024,4960,Decatur County Rural E M C,IN,Cooperative,RFC,70.4,68.9,,357781,,,0,,,0,,357781,351060,,,560,6161,357781,40511.9,,,,,247.3,40759.2,O
2024,4975,Deep East Texas Elec Coop Inc,TX,Cooperative,TRE,200.4,270.9,,942464,,,0,,,0,,942464,824183,56296,,230,61755,942464,97218,,4918,,2827,1090,106053,O
2024,5027,Delmarva Power,DE,Investor Owned,RFC,4130,3523,,7294105,,,0,,,0,,7294105,6166298,350893,12601,764313,,7294105,1124118.3,197694.5,10334.6,36775.6,243995,,1612918,O
2024,5063,City of Denton - (TX),TX,Municipal,TRE,521.7,428.5,246657,2411334,,,0,,,0,,2657991,2562612,,,,95379,2657991,198806,0,0,0,29144,11871,239821,O
2024,5070,Delaware Electric Cooperative,DE,Cooperative,RFC,460,368,29541,1680158,,,0,,,0,,1709699,1606853,,,1785,101061,1709699,227566,,,,,,227566,O
2024,5078,"Denton County Elec Coop, Inc",TX,Cooperative,TRE,1956.1,1376.1,,6718026,,,0,,,0,,6718026,6526655,,,,191371,6718026,865358.7,,,,,,865358.7,O
2024,5086,Delta Montrose Electric Assn,CO,Cooperative,WECC,104.7,102.5,32339,576213,,,0,,,0,,608552,541732,33955,,1957,30908,608552,69467.2,,2604.5,,,,72071.7,O
2024,5109,DTE Electric Company,MI,Investor Owned,RFC,10689,6803,43041952,7176144,,,0,,,0,,50218096,40104713,8898685,,70696,1144002,50218096,6096259.4,111223.2,187083,-216836.9,,-16970.2,6160758.5,O
2024,5148,City of Dickson,TN,Municipal,SERC,197.5,219.8,0,894387,0,,0,0,0,0,0,894387,848035,0,0,1047,45306,894387,95830,,0,0,0,3420.6,99250.6,O
2024,5175,Dixie Electric Power Assn - (MS),MS,Cooperative,SERC,195.1,251.5,,888576,,,0,,,0,,888576,835862,,,2028,50686,888576,106450.5,,,,,10567,117017.5,O
2024,5202,Dixie Electric Membership Corp - (LA),LA,Cooperative,SERC,600.4,690,,2394080,,,0,,,0,,2394080,2264271,,,,129809,2394080,265867,,,,,5641,271508,O
2024,5204,Dixie Electric Coop - (AL),AL,Cooperative,SERC,142,145.5,,621955,,,0,,,0,,621955,600464,,,729,20762,621955,85276,,,,,910,86186,O
2024,5309,City of Dothan - (AL),AL,Municipal,SERC,203.3,244.5,,982608,,,0,,,0,,982608,947689,,,,34919,982608,95972,,,,,,95972,O
2024,5325,City of Douglas,GA,Municipal,SERC,68.4,65,,399855,,,0,,,0,,399855,384981,,,,14874,399855,32622.4,,,,,880.2,33502.6,O
2024,5326,PUD No 1 of Douglas County,WA,Political Subdivision,WECC,250,346,3502380,563292,,,0,,,0,,4065672,1601029,2433928,,,30715,4065672,58747,,109951,,,35068,203766,O
2024,5335,City of Dover - (DE),DE,Municipal,RFC,163.8,112.9,13806,726385,,,0,,,0,,740191,714884,,,,25307,740191,87954,,,,,,87954,O
2024,5336,City of Dover - (OH),OH,Municipal,RFC,40.8,30.3,59925,170242,,,0,,,0,,230167,190599,,,,39568,230167,25272,,,,,,25272,O
2024,5394,Dubois Rural Electric Coop Inc,IN,Cooperative,RFC,70.9,58.9,213,304741,,,0,,,0,,304954,290614,,,,14340,304954,37559,,,,,514,38073,O
2024,5399,Duck River Elec Member Corp,TN,Cooperative,SERC,419.8,657.3,0,2037345,0,,0,0,0,0,0,2037345,1962845,0,0,1555,72945,2037345,234054,,0,0,0,7660.3,241714.3,O
2024,5416,"Duke Energy Carolinas, LLC",NC,Investor Owned,SERC,18322,18688,84962217,11997372,7616116,8109650,-493534,38915599,38824209,91390,,96557445,79994440,10884992,53747,,5624266,96557445,8687215.1,,597911.7,9396.6,134579.8,251224.3,9680327.5,O
2024,5417,Dunn County Electric Coop,WI,Cooperative,MRO,44.8,39.5,,221150,1452,1507,-55,,,0,,221095,210398,,,,10697,221095,26785,,,,,216,27001,O
2024,5470,ConocoPhillips Company,TX,Retail Power Marketer,,37,38.8,,19737899,,,0,,,0,,19737899,266983,19450892,,,20024,19737899,13357.9,,1102111.9,,,,1115469.8,O
2024,5480,Town of Danvers,MA,Municipal,NPCC,76,48.2,,286542,302595,286542,16053,,,0,,302595,291374,,610,,10611,302595,42669,,,,,,42669,O
2024,5487,Duquesne Light Co,PA,Investor Owned,RFC,2690.7,1922.6,,4538513,,,0,106538,106538,0,,4538513,4215334,20379,,,302800,4538513,852984,303903,1222.7,37269.2,94465.3,18025.1,1307869.3,O
2024,5509,City of Dyersburg,TN,Municipal,SERC,83.6,71.6,0,386549,0,,0,0,0,0,0,386549,372946,0,0,319,13284,386549,37970,,0,0,0,1453.1,39423.1,O
2024,5535,Egyptian Electric Coop Assn,IL,Cooperative,RFC,73.4,95,,332705,,,0,,,0,,332705,317463,,,,15242,332705,45767.4,,,,,,45767.4,O
2024,5551,City of Eagle River - (WI),WI,Municipal,MISO,6.6,5.2,0,31094,0,0,,0,0,,0,31094,29100,0,0,0,1994,31094,3545.7,,0,0,0,59.9,3605.6,O
2024,5552,"East River Elec Pwr Coop, Inc",SD,Cooperative,MRO,657.5,836.2,,5195309,,,0,,,0,,5195309,,5147768,,,47541,5195309,,,320023.2,-1581.9,33424.5,2958.5,354824.3,O
2024,5574,East Central Energy,MN,Cooperative,MRO,190.3,155.7,,1022356,,,0,,,0,,1022356,971091,,,2527,48738,1022356,142285.3,,,-2009.2,,1091.3,141367.4,O
2024,5578,East Mississippi Elec Pwr Assn,MS,Cooperative,SERC,50.8,65.2,0,232780,0,,0,0,0,0,0,232780,217640,0,0,754,14386,232780,30668,,0,0,0,2035.7,32703.7,O
2024,5580,"East Kentucky Power Coop, Inc",KY,Cooperative,SERC,2581,3754,9127998,5979584,,,0,,,0,,15107582,,15019946,,7424,80212,15107582,,,1117170.6,,4151.7,19618.1,1140940.4,O
2024,5582,City of East Point - (GA),GA,Municipal,SERC,92.3,89.2,,479840,,,0,,,0,,479840,437258,,,,42582,479840,44570.9,,,,,4336.6,48907.5,O
2024,5585,Eastern Illinois Elec Coop,IL,Cooperative,RFC,51.6,54.6,,250876,,,0,,,0,,250876,236027,,,105,14744,250876,38642,,,,,68,38710,O
2024,5588,East-Central Iowa Rural Elec Coop,IA,Cooperative,RFC,45,51,,224030,,,0,,,0,,224030,214470,,455,,9105,224030,25681,,,,,53,25734,O
2024,5598,East Central Oklahoma Elec Coop Inc,OK,Cooperative,SPP,154.7,190.7,,685547,,,0,,,0,,685547,659869,,,,25678,685547,74387,,,,,13573,87960,O
2024,5605,Eastern Iowa Light & Power Coop,IA,Cooperative,MRO,113.8,94.9,,599165,,,0,,,0,,599165,564632,23630,,1012,9891,599165,62716.4,,1355.6,,,358.9,64430.9,O
2024,5609,Eastern Maine Electric Coop,ME,Cooperative,NPCC,20.5,20.5,,102543,,,0,,,0,,102543,102543,,,,,102543,16617.1,,,,,1024.7,17641.8,O
2024,5625,Easton Utilities Comm,MD,Municipal,RFC,58.4,55.3,-1779,253305,,,0,,,0,0,251526,239440,,24,189,11873,251526,30763.1,,,411.4,,,31174.5,O
2024,5644,"Edisto Electric Coop, Inc",SC,Cooperative,SERC,99.9,112.9,,403929,,,0,,,0,,403929,383513,,,499,19917,403929,58360.7,,,,,1255.1,59615.8,O
2024,5656,Edgecombe-Martin County E M C,NC,Cooperative,SERC,49.9,48.8,,219474,,,0,,,0,,219474,208855,3188,,399,7032,219474,29958,,307,,,52,30317,O
2024,5661,City of Edmond - (OK),OK,Municipal,SPP,289.7,160.5,,1011224,,,0,,,0,,1011224,926377,,,,84847,1011224,100468.3,,,,,4884.5,105352.8,O
2024,5701,El Paso Electric Co,TX,Investor Owned,WECC,2316,1181,10924733,3861579,4260,62618,-58358,5651144,5651144,0,,14727954,8656474,5620939,,13031,437510,14727954,867612,,196579,-9699.9,41378.7,25629.1,1121498.9,O
2024,5703,Empire Natural Gas Corporation,NY,Retail Power Marketer,RFC,,,,54494,,9519,-9519,,,0,,44975,42096,,,,2879,44975,2800.3,,,,,,2800.3,O
2024,5729,Electrical Dist No8 Maricopa,AZ,Political Subdivision,WECC,73,68,,402942,,,0,,,0,,402942,391510,,,,11432,402942,23288,,,,,,23288,O
2024,5760,City of Elizabeth City - (NC),NC,Municipal,SERC,72.1,72.6,,324916,,,0,,,0,,324916,304223,,,,20693,324916,32331,,,,,,32331,O
2024,5763,City of Elizabethton - (TN),TN,Municipal,SERC,101.4,154.6,0,534350,0,,0,0,0,0,0,534350,512889,0,0,487,20974,534350,58802,,0,0,0,1625,60427,O
2024,5773,City of Elk River,MN,Municipal,MRO,70.5,47.8,,327715,,,0,,,0,,327715,316756,,180,,10779,327715,42534,,,,9,2595,45138,O
2024,5780,Elkhorn Rural Public Pwr Dist,NE,Political Subdivision,SPP,139.8,47.1,,365474,,,0,,,0,,365474,344394,,,,21080,365474,32415,,,,,,32415,O
2024,5832,Elmhurst Mutual Power & Light Co,WA,Cooperative,WECC,46.6,79,,287466,,,0,,,0,,287466,274644,,,,12822,287466,22841,,,,,704,23545,O
2024,5860,Empire District Electric Co,MO,Investor Owned,SPP,1074,1239,3564736,2030630,,,0,,,0,,5595366,4772942,814928,,7496,,5595366,613592.2,,21161.9,,15009.4,58230.4,707993.9,O
2024,5862,"Empire Electric Assn, Inc",CO,Cooperative,WECC,87.1,87.9,19446,599847,,,0,,,0,,619293,593371,,,1601,24321,619293,58041.7,,,,,571.9,58613.6,O
2024,5880,"Energy Coop of New York, Inc",NY,Retail Power Marketer,NPCC,118.3,90.1,,586216,,,0,,,0,,586216,564109,,,,22107,586216,35975,,,,,,35975,O
2024,5905,Excelsior Electric Member Corp,GA,Cooperative,SERC,103.3,133.3,,567153,,,0,,,0,,567153,547578,,,,19575,567153,62466,,,,,4409,66875,O
2024,5929,"Fairfield Electric Coop, Inc",SC,Cooperative,SERC,166,172,,697114,,,0,,,0,,697114,672012,,,,25102,697114,85315,,,,,10,85325,O
2024,5930,Village of Fairport - (NY),NY,Municipal,NPCC,80.9,95.2,,436233,,,0,,,0,-4362,431871,411049,,,513,20309,431871,26697.8,,,,,202.7,26900.5,O
2024,5961,Town of Erwin - (TN),TN,Municipal,SERC,38.6,46.7,0,198514,0,,0,0,0,0,0,198514,192151,0,0,0,6363,198514,22134,,0,0,0,1581.1,23715.1,O
2024,5964,"Escambia River Elec Coop, Inc",FL,Cooperative,SERC,56,56,,235960,0,0,0,,,0,,235960,224515,,,,11445,235960,33791,,,,,735,34526,O
2024,5969,City of Escondido - (CA),CA,Municipal,WECC,0.7,0.5,4155,0,,,0,,,0,,4155,4155,,,,,4155,215,,,,,,215,O
2024,6008,City of Etowah,TN,Municipal,SERC,30.2,36.3,0,165754,0,,0,0,0,0,0,165754,160781,0,0,0,4973,165754,16744,,0,0,0,727.8,17471.8,O
2024,6022,City of Eugene - (OR),OR,Municipal,WECC,418.3,447.9,286178,2740326,252412,13752,238660,,,0,,3265164,2275859,896442,0,0,92863,3265164,236833,,54279,,2285,13288,306685,O
2024,6043,City of Evansville,WI,Municipal,MISO,16.4,12.1,,69050,0,,0,0,0,0,0,69050,65059,,0,,3991,69050,9367.7,,,,,68.6,9436.3,O
2024,6149,City of Ellensburg - (WA),WA,Municipal,WECC,40.5,49.5,,226355,,,0,,,0,,226355,224518,,,,1837,226355,19837,,,,,,19837,O
2024,6169,Fall River Rural Elec Coop Inc,ID,Cooperative,WECC,93.8,94.2,55329,404529,,,0,,,0,,459858,403466,27969,,2622,25801,459858,39532,,1577,,20,348,41477,O
2024,6173,Fannin County Electric Coop,TX,Cooperative,TRE,60,85,,236096,0,0,0,,,0,,236096,222565,,,,13531,236096,32434,,,,,557,32991,O
2024,6181,"Farmers Electric Coop, Inc - (MO)",MO,Cooperative,SERC,63.2,71.4,,293506,,,0,,,0,,293506,278410,2767,,,12329,293506,31519,,255.1,,,188.2,31962.3,O
2024,6182,"Farmers Electric Coop, Inc - (TX)",TX,Cooperative,TRE,487.3,537.3,,1744393,,,0,,,0,,1744393,1698287,,44477,1629,,1744393,183825,,,,829,16847,201501,O
2024,6183,"Fayette Electric Coop, Inc",TX,Cooperative,TRE,74.3,98.8,,390513,,,0,,,0,,390513,363264,,23,,27226,390513,38811,,,,,304,39115,O
2024,6194,Farmers Rural Electric Coop Corp - (KY),KY,Cooperative,RFC,114.2,151.2,,506676,,,0,,,0,,506676,483594,,,16,23066,506676,59636,,,,,775,60411,O
2024,6198,"Farmers Electric Coop, Inc - (NM)",NM,Cooperative,SPP,73.1,64.3,,403483,,,0,,,0,,403483,382150,,,,21333,403483,41786.3,,,,,34,41820.3,O
2024,6204,City of Farmington - (NM),NM,Municipal,WECC,182,137,438972,486660,3221,14677,-11456,50267,49080,1187,,915363,915229,134,,,,915363,94745,,8,-6435,722,2209,91249,O
2024,6205,City of Farmington - (MO),MO,Municipal,SERC,46,53,201594,,,,0,,,0,,201594,193100,,,,8494,201594,18124.5,,,,,,18124.5,O
2024,6207,Farmington River Power Company,CT,Investor Owned,NPCC,9,9,31045,,,,0,,,0,,31045,31045,,,,,31045,3385.2,,,,,,3385.2,O
2024,6234,City of Fayetteville,TN,Municipal,SERC,106.1,120.7,0,496851,0,,0,0,0,0,0,496851,474795,0,0,0,22056,496851,53058,,0,0,0,2157.8,55215.8,O
2024,6235,Fayetteville Public Works Commission,NC,Municipal,SERC,408,406,44893,2032283,,,0,,,0,-28452,2048724,1944213,44893,,,59618,2048724,212164,,7103,,,28464,247731,O
2024,6258,Federated Rural Electric Assn,MN,Cooperative,MRO,74,70.4,3940,448970,,,0,,,0,,452910,430166,7319,0,479,14946,452910,38304,,691,,,-212,38783,O
2024,6342,First Electric Coop Corp,AR,Cooperative,SERC,463.6,599.8,,2150596,,,0,,,0,,2150596,2063218,,,2948,84430,2150596,238256,,,,,12833.5,251089.5,O
2024,6369,Fishers Island Utility Co Inc,NY,Investor Owned,NPCC,2.5,1.2,0,7951,0,0,0,0,0,0,0,7951,7079,0,72,0,800,7951,2372.9,0,0,0,0,0,2372.9,O
2024,6374,Fitchburg Gas & Elec Light Co,NH,Investor Owned,NPCC,90,81,,94144,,,0,105,100,5,,94149,44499,47151,,1872,627,94149,17569.8,51007.5,755.6,,1412.3,12977.2,83722.4,O
2024,6389,Energy Harbor Generation LLC,OH,Wholesale Power Marketer,RFC,,,32366868,,,,0,,,0,,32366868,,32366868,,,,32366868,,,1040935,,,,1040935,O
2024,6395,Flathead Electric Coop Inc,MT,Cooperative,WECC,278,440.4,17777,1681705,,,0,43339,43339,0,,1699482,1617371,,,2717,79394,1699482,138372.3,,,,,-89.1,138283.2,O
2024,6411,Flint Electric Membership Corp,GA,Cooperative,SERC,444.7,566.1,0,2032575,,,0,,,0,,2032575,1976779,,,4367,51429,2032575,249058.7,,,,,4576.6,253635.3,O
2024,6422,City of Florence - (AL),AL,Municipal,SERC,270.8,325.6,0,1245018,0,,0,0,0,0,0,1245018,1185047,0,0,220,59751,1245018,134149,,0,0,0,3865.2,138014.2,O
2024,6424,Florence Utility Comm,WI,Municipal,MISO,3.6,3.1,0,16215,0,0,,0,0,,0,16215,15276,0,0,0,939,16215,2326.1,,0,0,0,28.6,2354.7,O
2024,6427,City of Floresville,TX,Municipal,TRE,96.5,100.4,,413582,,,0,,,0,,413582,388251,,85,585,24661,413582,48764,,,,,4226.5,52990.5,O
2024,6442,Fleming-Mason Energy Coop Inc,KY,Cooperative,RFC,139.3,191.1,,1011893,,,0,,,0,,1011893,989059,,431,,22403,1011893,88429,,,,,701,89130,O
2024,6443,"Florida Keys El Coop Assn, Inc",FL,Cooperative,FRCC,166,119,,844469,,,0,,,0,,844469,775838,,2219,,66412,844469,101214,,,,,3215,104429,O
2024,6452,Florida Power & Light Co,FL,Investor Owned,"FRCC, SERC",28266,20596,145650031,3692980,,,0,18839853,18586278,253575,,149596586,129415743,12495004,,215856,7469983,149596586,15874692,,636353,-19679,,371462,16862828,O
2024,6455,"Duke Energy Florida, LLC",FL,Investor Owned,FRCC,9469.4,7354.3,43574886,2355348,,,0,19098570,18853399,245171,,46175405,41131706,2703063,,123650,2216986,46175405,5920381.7,,145956.4,26.1,208238.6,153150.8,6427753.6,O
2024,6457,Florida Public Utilities Co,FL,Investor Owned,FRCC,145.5,153,,693796,,,0,,,0,,693796,693796,,,,,693796,108213,,,,,-9464.6,98748.4,O
2024,6458,Energy Harbor Corp.,TX,Retail Power Marketer,RFC,,,,28060263,,,0,,,0,,28060263,28060263,,,,,28060263,1656234.3,,,,,,1656234.3,O
2024,6491,Foley Board of Utilities,AL,Municipal,,296.8,355.7,,1293031,,,0,,,0,,1293031,1262216,,,,30815,1293031,160607,,,,,2253,162860,O
2024,6567,Florida Municipal Power Agency,FL,Municipal,SERC,1653,1199.9,8957242,347648,,,0,,,0,-150157,9154733,,9004576,,,150157,9154733,,,538136,,,75757,613893,O
2024,6582,City of Forest Grove,OR,Municipal,WECC,52.9,61.5,,279407,,,0,,,0,,279407,263918,,,,15489,279407,23593,,,,,8723,32316,O
2024,6604,City of Fort Collins - (CO),CO,Municipal,WECC,307.2,245.3,,1471417,,,0,,,0,,1471417,1459862,,5706,,5849,1471417,163202.6,,,,,1419.6,164622.2,O
2024,6608,Fort Loudoun Electric Coop,TN,Cooperative,SERC,153.5,249.8,0,715663,0,,0,0,0,0,0,715663,683548,0,0,631,31483,715663,82915,,0,0,0,3061.5,85976.5,O
2024,6610,City of Fort Morgan,CO,Municipal,WECC,50,46.1,,269576,,,0,,,0,,269576,269576,,,,,269576,23396.7,,,-225,,1436.6,24608.3,O
2024,6612,Fort Payne Improvement Authority,AL,Municipal,SERC,62.9,74.1,0,322432,0,,0,0,0,0,0,322432,311180,0,0,251,11001,322432,34331,,0,0,0,848.3,35179.3,O
2024,6616,Fort Pierce Utilities Authority,FL,Municipal,SERC,122,92,,609930,,,0,,,0,,609930,585605,,,806,23519,609930,71624,,,,,929,72553,O
2024,6638,City of Fountain,CO,Municipal,WECC,64.6,43,,243892,,,0,,,0,,243892,233420,,,,10472,243892,30378,,,,,,30378,O
2024,6640,Four County Elec Member Corp,NC,Cooperative,SERC,204.5,213.3,,1028859,,,0,,,0,,1028859,977341,,,1783,49735,1028859,106983.7,,,,,1640.6,108624.3,O
2024,6641,4-County Electric Power Assn,MS,Cooperative,SERC,243.8,301.6,0,1162296,0,,0,0,0,0,0,1162296,1111574,0,0,1511,49211,1162296,139105,,0,0,0,14078.9,153183.9,O
2024,6707,City of Frankfort - (IN),IN,Municipal,RFC,70.4,54.5,,375099,,,0,,,0,,375099,365210,,,,9889,375099,36790,,,,,,36790,O
2024,6708,City of Frankfort - (KY),KY,Municipal,SERC,137.4,136.1,,678762,,,0,,,0,,678762,662189,,,,16573,678762,65198,,,2226,,323,67747,O
2024,6709,Easley Combined Utility System,SC,Municipal,SERC,77.1,64.8,585,317546,,,0,,,0,,318131,304944,,,,13187,318131,38138,,,,,,38138,O
2024,6716,PUD No 1 of Franklin County,WA,Political Subdivision,WECC,255,209,,1332299,,,0,,,0,,1332299,1104169,203537,,3051,21542,1332299,88624,,22628,,,,111252,O
2024,6717,Franklin Electric Coop - (AL),AL,Cooperative,SERC,56.7,52.4,0,324286,0,,0,0,0,0,0,324286,312980,0,0,114,11192,324286,33053,,0,0,0,1648.4,34701.4,O
2024,6718,City of Franklin - (KY),KY,Municipal,SERC,38,38.5,0,225350,0,,0,0,0,0,0,225350,224632,0,0,226,491,225350,20322,,0,0,0,423.4,20745.4,O
2024,6775,Village of Freeport - (NY),NY,Municipal,NPCC,58,58,29583,262181,,,0,,,0,,291764,250192,31093,,,10479,291764,34858,,7986,,,2457,45301,O
2024,6779,City of Fremont - (NE),NE,Municipal,MRO,115.8,90.5,533704,259167,,,0,,,0,,792871,507915,237199,528,46423,806,792871,51048.3,,3692.4,,,,54740.7,O
2024,6782,Freeborn Mower Electric Cooperative,MN,Cooperative,MRO,98.6,84.2,,498307,,,0,,,0,,498307,479266,,524,,18517,498307,58107,,,,,439,58546,O
2024,6784,French Broad Elec Member Corp,NC,Cooperative,SERC,96,146.7,1140,546319,,,0,,,0,,547459,533424,,,760,13275,547459,71031.7,,,,,11558.9,82590.6,O
2024,6840,City of Fulton - (KY),KY,Municipal,SERC,11.1,8.6,0,53165,0,,0,0,0,0,0,53165,51222,0,0,125,1819,53165,5984,,0,0,0,158.1,6142.1,O
2024,6894,City of Gaffney - (SC),SC,Municipal,SERC,48.5,45.2,461,238069,,,0,,,0,,238530,218205,,,14209,6116,238530,28458,,,,,,28458,O
2024,6909,Gainesville Regional Utilities,FL,Municipal,FRCC,405,296,1815532,157395,,,0,,,0,,1972927,1835613,70220,,,67094,1972927,280642.3,,2105,,1112,22760,306619.3,O
2024,6923,City of Gallatin - (TN),TN,Municipal,SERC,174.6,149.5,0,832028,0,,0,0,0,0,0,832028,796320,0,0,363,35345,832028,78189,,0,0,0,1355.7,79544.7,O
2024,6941,City of Garden City,KS,Municipal,SPP,77.7,44.3,,314406,,,0,,,0,,314406,314406,,,,,314406,36348,,,,,,36348,O
2024,6957,"Garkane Energy Coop, Inc",UT,Cooperative,WECC,55.6,68.6,23560,288766,,,0,,,0,,312326,293657,,,1205,17464,312326,31905.7,,,,601.8,573.1,33080.6,O
2024,6958,City of Garland - (TX),TX,Municipal,TRE,506,430,52992,4125258,,,0,,,0,-37013,4141237,2038283,2001709,,,101245,4141237,243962,,77060,,49462,13252,383736,O
2024,7004,"Buckeye Power, Inc",OH,Cooperative,RFC,1814,1733,8520858,1660662,,,0,,,0,,10181520,,10141382,,,40138,10181520,,,832836.4,,,16446.7,849283.1,O
2024,7024,Gascosage Electric Coop,MO,Cooperative,SERC,43.7,64.4,,210454,,,0,,,0,,210454,200416,,,597,9441,210454,22915,,,,,472,23387,O
2024,7027,City of Gastonia - (NC),NC,Municipal,SERC,164,123.9,,751958,,,0,,,0,,751958,722233,,,9204,20521,751958,79276.5,,,,,,79276.5,O
2024,7090,GreyStone Power Corporation,GA,Cooperative,SERC,763.3,463.6,,3185737,,,0,,,0,,3185737,3093770,,,4243,87724,3185737,366026.7,,,,,2255,368281.7,O
2024,7096,City of Geneva- (IL),IL,Municipal,RFC,83.6,68.6,9418,365821,,,0,,,0,-12595,362644,361964,,,,680,362644,32850,,,,,4384,37234,O
2024,7129,City of Georgetown - (TX),TX,Municipal,,207.7,156.1,,996786,,166317,-166317,,,0,,830469,790938,,,,39531,830469,97706.2,,,,,,97706.2,O
2024,7140,Georgia Power Co,GA,Investor Owned,SERC,16555,16458,65055631,30818315,16912213,16991768,-79555,31485814,30918195,567619,-567619,95794391,87225926,4618241,,132415,3817809,95794391,10195973.8,,291730.9,35559.3,108200.8,433356.5,11064821.3,O
2024,7174,Gibson Electric Members Corp,TN,Cooperative,SERC,206.9,233.5,0,943406,0,,0,0,0,0,0,943406,903079,0,0,1620,38707,943406,105986,,0,0,0,5510.6,111496.6,O
2024,7197,Georgia Transmission Corp,GA,Transmission,SERC,10317.6,10457.3,,,,,0,53239427,51795200,1444227,,1444227,,,,,1444227,1444227,,,,,447494.2,,447494.2,O
2024,7222,City of Gillette - (WY),WY,Municipal,WECC,79.1,70.2,183222,170567,,,0,,,0,,353789,338382,,1916,,13491,353789,37454,,,,,752,38206,O
2024,7264,"Glades Electric Coop, Inc",FL,Cooperative,FRCC,74.8,53.6,,368000,,,0,,,0,,368000,343586,,,352,24062,368000,55645,,,,,2316,57961,O
2024,7265,City of Gladstone,MI,Municipal,MISO,6.9,5.5,0,31895,0,0,,0,0,,0,31895,28310,0,0,0,3585,31895,4137.2,,0,0,0,0,4137.2,O
2024,7270,City of Glasgow - (KY),KY,Municipal,SERC,50.1,42.7,0,224963,0,,0,0,0,0,0,224963,213775,0,0,878,10310,224963,25894,,0,0,0,801.9,26695.9,O
2024,7279,"NextEra Energy Services, LLC",TX,Retail Power Marketer,TRE,1176,1047,,9535890,,,0,,,0,,9535890,9535890,,,,,9535890,855633.9,,,,,,855633.9,O
2024,7292,Glencoe Light & Power Comm,MN,Municipal,MRO,37.9,26.9,191,221588,0,0,0,,,0,,221779,218173,,,705,2901,221779,12255.1,,,,828,1462.3,14545.4,O
2024,7294,City of Glendale - (CA),CA,Municipal,WECC,349,114,46941,1062309,,,0,,,0,,1109250,982406,99199,18,,27627,1109250,278253.9,,12776.9,,,36873.4,327904.2,O
2024,7349,"Golden Spread Electric Cooperative, Inc",TX,Cooperative,SPP,1897,1107,5542388,6270576,,,0,40995,40724,271,,11813235,,11813235,,,0,11813235,,,492239.5,,8872,19884.8,520996.3,O
2024,7353,Golden Valley Elec Assn Inc,AK,Cooperative,AK,165,206,958578,343545,,,0,,,0,,1302123,1227437,58,15843,58785,,1302123,301751.6,,7.6,,3332.8,,305092,O
2024,7450,Grady Electric Membership Corp,GA,Cooperative,SERC,92.1,97.1,,337468,,,0,,,0,,337468,316121,,,,21347,337468,46245.9,,,,,2899,49144.9,O
2024,7483,City of Grand Haven - (MI),MI,Municipal,RFC,62.5,42.9,,299849,,,0,,,0,,299849,272344,20047,,218,7240,299849,36218.7,,497.2,,1617.7,,38333.6,O
2024,7490,Grand River Dam Authority,OK,State,SPP,1192,980,5730178,3835087,,,0,,,0,-238,9565027,4280462,5077963,,92276,114326,9565027,210034.7,0,289842.4,-8915,55014.4,13340.8,559317.3,O
2024,7548,PUD No 1 of Grays Harbor County,WA,Political Subdivision,WECC,132.8,233.5,0,1183245,,,0,,,0,-7426,1175819,931189,189773,,43482,11375,1175819,103486,,17167,,,14423,135076,O
2024,7554,Green Mountain Energy Company,TX,Retail Power Marketer,TRE,,,,4985410,,,0,,,0,,4985410,4912206,,,,73204,4985410,786645.1,,,,,,786645.1,O
2024,7558,Grayson Rural Electric Coop Corp,KY,Cooperative,ECAR,60,67,,296958,,,0,,,0,,296958,285603,,,,11355,296958,38016,,,,,1160,39176,O
2024,7559,"Grayson-Collin Elec Coop, Inc",TX,Cooperative,TRE,487,452.4,,1548163,,,0,,,0,,1548163,1530631,,,,17532,1548163,246146,,,,1902,5234,253282,O
2024,7561,"Greenbelt Electric Coop, Inc",TX,Cooperative,SPP,44,25,159,222354,,,0,,,0,,222513,209203,,82,,13228,222513,21198,,,,,-921,20277,O
2024,7563,Grand Valley Power,CO,Cooperative,WECC,63.8,43.3,201,262451,,,0,,,0,,262652,248924,,,292,13436,262652,37700,,,,,150,37850,O
2024,7570,Great River Energy,MN,Cooperative,MRO,2558,2296,435175,13735162,,,0,,,0,,14170337,,13993149,,,177188,14170337,,,512128.7,,229055.3,,741184,O
2024,7601,Green Mountain Power Corp,VT,Investor Owned,NPCC,774,814,769744,4045171,,,0,2861155,2817099,44056,,4858971,4085593,550680,,11847,210851,4858971,745862,,19229,224092,10200,-191096,808287,O
2024,7625,City of Greeneville - (TN),TN,Municipal,SERC,190.4,285.2,0,1124241,0,,0,0,0,0,0,1124241,1098946,0,0,733,24562,1124241,114588,,0,0,0,3605.2,118193.2,O
2024,7627,City of Greenfield - (IN),IN,Municipal,RFC,76.9,61.1,,381690,,,0,,,0,,381690,358310,,,,23380,381690,42432,,,,,412,42844,O
2024,7634,City of Greenville - (TX),TX,Municipal,TRE,127,121,47621,1071311,0,0,0,0,0,0,0,1118932,541281,514781,0,0,62870,1118932,63847,0,18158,0,1753,1677,85435,O
2024,7639,Greenville Utilities Comm,NC,Municipal,SERC,375.9,328,,1812161,,,0,71179,70746,433,,1812594,1765409,,,,47185,1812594,181445.3,,,,439.7,4157.2,186042.2,O
2024,7646,Greenwood CPW,SC,Municipal,SERC,63.7,56.3,,292078,,,0,,,0,,292078,283795,,,,8283,292078,22714,,,,,1691,24405,O
2024,7651,Greenwood Utilities Comm,MS,Municipal,SERC,60.8,36.9,,259899,,,0,,,0,,259899,250470,,,,9429,259899,25855.8,,,,,1295.8,27151.6,O
2024,7654,Greer Commission of Public Wks,SC,Municipal,SERC,113.7,91.5,,464531,,,0,,,0,,464531,446491,,,,18040,464531,51792,,,,,,51792,O
2024,7679,City of Griffin - (GA),GA,Municipal,SERC,92.1,87.1,,429005,,,0,,,0,,429005,412778,,,,16227,429005,57874.4,,,,,3578,61452.4,O
2024,7716,Groton Dept of Utilities - (CT),CT,Municipal,NPCC,69.3,65.3,,404768,,,0,,,0,,404768,384631,7279,,516,12342,404768,61721.3,,1117.4,,,248.3,63087,O
2024,7751,Guadalupe Blanco River Authority,TX,State,TRE,,,4431,,,,0,,,0,,4431,,4431,,,,4431,,0,159.5,0,0,0,159.5,O
2024,7752,Guadalupe Valley Elec Coop Inc,TX,Cooperative,TRE,540.3,698.9,,3079521,,,0,,,0,,3079521,2910197,,,16173,153151,3079521,272847,,,,23882.4,3748.9,300478.3,O
2024,7785,"Gulf Coast Electric Coop, Inc",FL,Cooperative,SERC,89.1,113.8,,391979,1435,3599,-2164,,,0,,389815,378463,,,,11352,389815,54195.4,,,,,15594,69789.4,O
2024,7827,Guntersville Electric Board,AL,Municipal,SERC,50.7,47.8,0,255821,0,,0,0,0,0,0,255821,246154,0,0,381,9287,255821,27670,,0,0,0,714.4,28384.4,O
2024,7887,Habersham Electric Membership Corp,GA,Cooperative,SERC,130,204.3,,577786,,,0,,,0,,577786,550458,,,2027,25301,577786,75103.7,,,,,9595.3,84699,O
2024,7891,Guernsey-Muskingum El Coop Inc,OH,Cooperative,RFC,68.7,54,,268823,,,0,,,0,,268823,246273,,,,22550,268823,42346.6,,,,,1027.2,43373.8,O
2024,7908,Hagerstown Light Department,MD,Municipal,RFC,65.8,65.1,,332172,,,0,,,0,,332172,319406,,243,,12523,332172,24442.9,,,,,,24442.9,O
2024,7977,City of Hamilton - (OH),OH,Municipal,RFC,145.4,106.9,8921,809732,,,0,,,0,,818653,688318,80948,,,49387,818653,81463,,2184,3622,,4861,92130,O
2024,7979,Hamilton County Elec Coop Assn,TX,Cooperative,TRE,74.2,109.2,,287759,,,0,,,0,,287759,262194,,,122,25443,287759,35632.1,,,,,446.6,36078.7,O
2024,8000,NineStar Connect,IN,Cooperative,RFC,91.1,79.5,,351884,,,0,,,0,,351884,336739,,,,15145,351884,51122.7,,,,,1330.1,52452.8,O
2024,8034,Hancock-Wood Electric Coop Inc,OH,Cooperative,RFC,73.2,60.7,,367244,,,0,,,0,,367244,352478,,,856,13910,367244,51269,,,,,574.7,51843.7,O
2024,8055,City of Hannibal - (MO),MO,Municipal,SERC,55.7,31.8,,381315,,,0,,,0,,381315,223676,146546,1361,,9732,381315,24443.2,,4251.3,,,3011.6,31706.1,O
2024,8147,City of Harriman - (TN),TN,Municipal,SERC,51.9,60.4,0,273057,0,,0,0,0,0,0,273057,256213,0,0,0,16844,273057,29575,,0,0,0,1036.5,30611.5,O
2024,8179,Harrison County Rural E M C,IN,Cooperative,RFC,113.3,148.7,,513568,,,0,,,0,,513568,493530,,380,,19658,513568,66408.1,,,,,796.4,67204.5,O
2024,8198,City of Harrisonburg - (VA),VA,Municipal,SERC,133.1,141.5,2345,706265,,,0,,,0,,708610,688739,,,,19871,708610,69351,,,,,1718,71069,O
2024,8210,Hart Electric Member Corp,GA,Cooperative,SERC,165.3,193.3,0,671122,0,0,0,0,0,0,0,671122,641076,0,0,0,30046,671122,82895,0,0,0,0,3074.5,85969.5,O
2024,8212,Hartford Electric,WI,Municipal,MISO,58,42.2,0,307246,0,0,,0,0,,0,307246,301012,0,0,238,5996,307246,26383.1,,0,0,0,105.2,26488.3,O
2024,8226,City of Hartselle,AL,Municipal,SERC,32.6,36,0,158827,0,,0,0,0,0,0,158827,151846,0,0,0,6981,158827,16523,,0,0,0,866.5,17389.5,O
2024,8245,City of Hastings - (NE),NE,Municipal,MRO,91.5,68.1,483781,161375,,,0,757,757,0,,645156,418277,219661,,,7218,645156,38191,,8488,,,5281,51960,O
2024,8287,Hawaii Electric Light Co Inc,HI,Investor Owned,HI,185.7,184.3,541316,567096,,,0,,,0,,1108412,1046702,,,4347,57363,1108412,475556,,,,,8159.4,483715.4,O
2024,8319,Heartland Power Coop,IA,Cooperative,MRO,59.2,60,,370865,,,0,,,0,,370865,365154,,303,,5408,370865,30992.1,,,,,1111.1,32103.2,O
2024,8333,Haywood Electric Member Corp,NC,Cooperative,SERC,69.3,103.1,1270,344875,,,0,,,0,,346145,317535,,,1130,27480,346145,51537.8,,,,,1483.5,53021.3,O
2024,8447,Hendricks County Rural E M C,IN,Cooperative,RFC,193.3,181.2,,914964,,,0,,,0,,914964,884139,,,,30825,914964,109884.7,,,,,1044,110928.7,O
2024,8449,Henderson City Utility Comm,KY,Municipal,SERC,97,88.3,,532818,,,0,,,0,,532818,507698,,5674,430,19016,532818,45778.2,,,,2312.2,1357.7,49448.1,O
2024,8548,City of Hickman,KY,Municipal,SERC,4,3.4,0,16975,0,,0,0,0,0,0,16975,15989,0,0,52,934,16975,2415,,0,0,0,123.3,2538.3,O
2024,8566,High Plains Power Inc,WY,Cooperative,WECC,123.8,133.8,,913576,,,0,,,0,,913576,876264,,283,,37029,913576,80791,,,,,683,81474,O
2024,8570,Highline Electric Assn,CO,Cooperative,WECC,177.7,43,,512644,,,0,,,0,,512644,482081,,,534,30029,512644,56765.7,,,,,48,56813.7,O
2024,8571,Town of High Point,NC,Municipal,SERC,255.2,214.9,0,1171870,,,0,,,0,,1171870,1143502,,,,28368,1171870,123070.5,,,,,,123070.5,O
2024,8620,"HILCO Electric Cooperative, Inc.",TX,Cooperative,TRE,178,256,,688664,,,0,,,0,,688664,655216,,,,33448,688664,96591,,,,,1878,98469,O
2024,8699,Inland Power & Light Company,WA,Cooperative,WECC,205,320.1,,1157148,,,0,,,0,,1157148,1066047,,1789,,89312,1157148,92604.9,,,,,1026.8,93631.7,O
2024,8723,City of Holland,MI,Municipal,RFC,237.1,163.2,997428,158591,,,0,,,0,,1156019,1131394,,,,24625,1156019,103412.5,,,,,,103412.5,O
2024,8748,City of Holly Springs,MS,Municipal,SERC,53.9,61.4,0,240422,0,,0,0,0,0,0,240422,137809,0,0,86,102527,240422,17538,,0,0,0,131.8,17669.8,O
2024,8761,Holmes-Wayne Electric Coop Inc,OH,Cooperative,RFC,71.4,61.3,,387587,,,0,,,0,,387587,369138,,,205,18244,387587,54126.5,,,,,637.5,54764,O
2024,8764,"Holston Electric Coop, Inc",TN,Cooperative,SERC,147.9,201.6,0,803109,0,,0,0,0,0,0,803109,774102,0,0,1176,27831,803109,87246,,0,0,0,5233.5,92479.5,O
2024,8773,"Holy Cross Electric Assn, Inc",CO,Cooperative,WECC,157.4,281,350724,1558871,,,0,,,0,-21422,1888173,1277199,603917,,1882,5175,1888173,141991,,15692,,,408,158091,O
2024,8774,City of Holyoke - (MA),MA,Municipal,NPCC,68,57,261412,211818,375693,449959,-74266,,,0,,398964,381807,,713,2600,13844,398964,57150,,,,,8426,65576,O
2024,8786,Horry Electric Coop Inc,SC,Cooperative,SERC,344,441,,1435328,,,0,,,0,,1435328,1379582,,,1685,54061,1435328,183091,,,,,2685,185776,O
2024,8795,City of Homestead - (FL),FL,Municipal,FRCC,126,89,-3259,655440,,,0,,,0,,652181,637325,,,,14856,652181,69835.3,,,,,,69835.3,O
2024,8840,City of Hope - (AR),AR,Municipal,SPP,51,38,,233836,,,0,,,0,,233836,218254,,2907,4031,8644,233836,23945,,,,,567,24512,O
2024,8846,City of Hopkinsville,KY,Municipal,SERC,78.5,67.9,0,403850,0,,0,0,0,0,0,403850,389472,0,0,1511,12866,403850,39697,,0,0,0,943.4,40640.4,O
2024,8883,Houlton Water Company,ME,Municipal,NPCC,18.6,21.1,,82867,,,0,,,0,,82867,77305,,,,5562,82867,8887.6,954.9,0,0,0,0,9842.5,O
2024,8884,Terrebonne Parish Consol Gov't,LA,Municipal,SPP,76.5,76.2,0,320863,,,0,,,0,-14496,306367,306367,,,,,306367,32598,,,,,,32598,O
2024,8898,Houston County Elec Coop Inc,TX,Cooperative,TRE,97.8,119.7,735,425667,,,0,,,0,,426402,409432,,,,16970,426402,54086.1,,,,1738.6,-5093.2,50731.5,O
2024,8901,CenterPoint Energy,TX,Investor Owned,TRE,,,,,,,,,,,,,,,,,,,,3195836.8,,,492943,178547.3,3867327.1,O
2024,8934,"Howell-Oregon Elec Coop, Inc",MO,Cooperative,SERC,95.7,120.6,,429764,,,0,,,0,,429764,405350,,493,,23921,429764,48590.4,,0,,,1915.2,50505.6,O
2024,8973,Town of Hudson - (MA),MA,Municipal,NPCC,50.2,35.5,7694,201889,14365,,14365,,,0,,223948,214908,,,222,8818,223948,28821.3,,,-1340.5,,,27480.8,O
2024,9023,City of Humboldt,TN,Municipal,SERC,41,33.2,0,215808,0,,0,0,0,0,0,215808,209291,0,0,168,6350,215808,17898,,0,0,0,744.7,18642.7,O
2024,9087,Town of Huntersville - (NC),NC,Municipal,SERC,62.1,39,,300466,,,0,,,0,,300466,295621,,53,,4792,300466,27366.3,,,,,1398.2,28764.5,O
2024,9094,City of Huntsville - (AL),AL,Municipal,SERC,1189.2,1579.4,0,5676878,0,,0,0,0,0,0,5676878,5414760,0,0,0,262118,5676878,592072,,0,0,0,24876.9,616948.9,O
2024,9096,City of Lafayette - (LA),LA,Municipal,SPP,459,438,83787,2720789,,,0,,,0,,2804576,1976608,770469,,,57499,2804576,182464,,23019,,,3342,208825,O
2024,9124,Hustisford Utilities,WI,Municipal,MISO,4.6,3.3,0,19221,0,0,,0,0,,0,19221,18177,0,0,73,971,19221,2461.8,,0,0,0,37.6,2499.4,O
2024,9130,Hutchinson Utilities Comm,MN,Municipal,MRO,54.4,39,38031,248349,,,0,,,0,,286380,258932,18000,1223,4767,3458,286380,23736,0,841,0,0,134,24711,O
2024,9187,City of Idaho Falls - (ID),ID,Municipal,WECC,135.2,155.3,238124,747390,,,0,,,0,-3262,982252,764135,188002,,,30115,982252,61951.8,,8330.5,,,8233.1,78515.4,O
2024,9191,Idaho Power Co,ID,Investor Owned,WECC,3793,2719,13519916,6560359,72751,224941,-152190,7841585,7840696,889,,19928974,15971034,2817443,,,1140497,19928974,1561249.5,,142670,-8225.4,67351.3,55787.5,1818832.9,O
2024,9216,Imperial Irrigation District,CA,Political Subdivision,WECC,1177,1004,1275903,2701996,,,0,2622302,2616819,5483,,3983382,3645364,57734,,17794,262490,3983382,660301,,15208,,25317,8450,709276,O
2024,9230,City of Independence - (IA),IA,Municipal,MISO,16,11.3,0,75832,0,0,,0,0,,0,75832,72990,0,0,222,2620,75832,7702.4,,0,0,0,0,7702.4,O
2024,9231,City of Independence - (MO),MO,Municipal,SPP,272.4,192,270194,845574,1305,1740,-435,,,0,,1115333,992995,99989,,1122,21227,1115333,150219.4,,5837.8,,6003.4,1927.8,163988.4,O
2024,9234,Indiana Municipal Power Agency,IN,Political Subdivision,RFC,1207,1016,3530041,3201191,,,0,,,0,,6731232,,6597756,,,133476,6731232,,,469894,,4012,5713,479619,O
2024,9246,"Indian Electric Coop, Inc",OK,Cooperative,SPP,124.3,138.5,,656315,,,0,,,0,,656315,625155,,,990,30170,656315,64586.5,,,,,772,65358.5,O
2024,9267,"Hoosier Energy R E C, Inc",IN,Cooperative,RFC,1484,1598,1626573,7632951,0,0,0,0,0,0,0,9259524,0,9125740,0,0,133784,9259524,,,654508,,,3072,657580,O
2024,9269,Indiana-Kentucky Electric Corp,OH,Investor Owned,RFC,1094,1195,5174499,,,,0,,,0,,5174499,,5174499,,,,5174499,,,345516,,,,345516,O
2024,9273,AES Indiana,IN,Investor Owned,RFC,2662,2962,12470930,1519338,,,0,,,0,,13990268,12864634,853657,,20437,251540,13990268,1563636.9,,59005,,7988,3268,1633897.9,O
2024,9286,Illinois Municipal Elec Agency,IL,Municipal Mktg Authority,SERC,931,596.3,2598407,1112174,,,0,,,0,,3710581,,3710581,,,,3710581,,,312815.1,,,11463.3,324278.4,O
2024,9292,Inter County Energy Coop Corp - (KY),KY,Cooperative,RFC,118,209,,595149,,,0,,,0,,595149,583481,,,538,11130,595149,68536,,,,,1585,70121,O
2024,9324,Indiana Michigan Power Co,IN,Investor Owned,RFC,3924,3455,19660225,6427656,,,0,,,0,,26087881,17624075,6964430,49,,1499327,26087881,2113375,3204.2,279474,-70518,46708,45650,2417893.2,O
2024,9331,Intercounty Electric Coop Assn - (MO),MO,Cooperative,SERC,118.4,179.5,,574509,,,0,,,0,,574509,543244,,,1151,30114,574509,66026,,,,,1861,67887,O
2024,9336,CORE Electric Cooperative,CO,Cooperative,WECC,657.5,511.5,1093552,1746992,,,0,,,0,-20512,2820032,2631678,88607,0,2682,97065,2820032,368484.1,,3500,,,197.4,372181.5,O
2024,9417,Interstate Power and Light Co,IA,Investor Owned,MRO,2833,2359,11873705,5052764,,,0,,,0,,16926469,13651615,3031309,,,243545,16926469,1674490,,85388,,,-11628,1748250,O
2024,9425,Iowa Lakes Electric Coop,IA,Cooperative,MRO,107.3,105.6,70763,652601,,,0,,,0,,723364,601711,108661,,,12992,723364,61594.5,,7447,,,88.8,69130.3,O
2024,9475,Itasca-Mantrap Co-op Electrical Assn,MN,Cooperative,MRO,62.1,76.7,,296086,,,0,,,0,,296086,283766,,,432,11888,296086,31859.7,,,,,207.7,32067.4,O
2024,9575,Jackson Energy Coop Corp - (KY),KY,Cooperative,SERC,199.4,332.8,,1045769,,,0,,,0,,1045769,993785,,,764,51220,1045769,123195.9,,,,,3650.8,126846.7,O
2024,9576,Jackson County Rural E M C - (IN),IN,Cooperative,RFC,96.4,143.4,,480212,,,0,,,0,,480212,457846,,,,22366,480212,67023,,,,,509,67532,O
2024,9590,"Jackson Electric Coop, Inc - (TX)",TX,Cooperative,TRE,99,93,,998734,,,0,,,0,,998734,981899,,,991,15844,998734,74752,,,,,400,75152,O
2024,9601,Jackson Electric Member Corp - (GA),GA,Cooperative,SERC,1434,1454,,6093098,,,0,,,0,,6093098,5963696,,,6701,122701,6093098,642965.4,,,,,15715.4,658680.8,O
2024,9605,Jackson Purchase Energy Corporation,KY,Cooperative,SERC,166.6,160.3,,879684,,,0,,,0,,879684,853492,,,1186,25006,879684,95853.8,,,,,1474.3,97328.1,O
2024,9612,City of Jackson - (TN),TN,Municipal,SERC,340.2,244,0,1689946,0,,0,0,0,0,0,1689946,1646901,0,0,0,43045,1689946,155490,,0,0,0,3910,159400,O
2024,9613,City of Lebanon - (IN),IN,Municipal,RFC,55.9,42.4,,255707,,,0,,,0,,255707,247947,,,,7760,255707,28561.1,,,,,582.3,29143.4,O
2024,9616,Beaches Energy Services,FL,Municipal,SERC,169.3,152,,746312,,,0,,,0,,746312,732512,,,,13800,746312,93189,,,,,725.1,93914.1,O
2024,9617,JEA,FL,Municipal,FRCC,2478,2765,11789496,1580453,,,0,643490,643490,0,,13369949,12873265,60430,,,436254,13369949,1399888,,2322,,2643.5,20519.4,1425372.9,O
2024,9645,Jamestown Board of Public Util,NY,Municipal,NPCC,71.9,82.9,33576,479581,,,0,,,0,-4722,508435,395420,89612,,4071,19332,508435,32619.5,,3075.6,,,3499.9,39195,O
2024,9665,Jasper County Rural E M C,IN,Cooperative,RFC,59.3,41.1,,286595,,,0,,,0,,286595,275927,,,,10668,286595,34587.1,,,,,446,35033.1,O
2024,9667,City of Jasper - (IN),IN,Municipal,RFC,66.1,57.9,,288867,,,0,,,0,,288867,277274,,,1551,10042,288867,30329.6,,,,,288.7,30618.3,O
2024,9668,"Jasper-Newton Elec Coop, Inc",TX,Cooperative,MRO,115.1,156.6,,495626,,,0,,,0,,495626,455546,,808,,39272,495626,53988,,,,1494,2776,58258,O
2024,9682,"Jefferson Davis Elec Coop, Inc",LA,Cooperative,SERC,41.6,37.9,41123,191374,,,0,,,0,,232497,232401,,,96,,232497,29865,,,,,582,30447,O
2024,9689,Jefferson Electric Member Corp,GA,Cooperative,SERC,159.6,161.4,,663426,,,0,,,0,,663426,639495,,996,,22935,663426,79593,,,,,,79593,O
2024,9690,Jefferson Utilities,WI,Municipal,MISO,21.5,16.2,0,100223,0,0,,0,0,,0,100223,95462,0,0,0,4761,100223,10016.3,,0,0,0,143.8,10160.1,O
2024,9697,City of Jellico,TN,Municipal,SERC,27.2,32.8,0,177745,0,,0,0,0,0,0,177745,173251,0,0,0,4494,177745,14724,,0,0,0,562.1,11418.1,O
2024,9699,"Jemez Mountains Elec Coop, Inc",NM,Cooperative,WECC,70.3,69.8,,395619,,,0,,,0,,395619,366337,,1493,,27789,395619,53690.7,,,,,,53690.7,O
2024,9726,Jersey Central Power & Lt Co,OH,Investor Owned,RFC,6183.6,3446.2,0,13265100,0,0,0,0,0,0,0,13265100,12221755,4156,0,13152,1026037,13265100,1891110.6,291915.9,556,8686,90363,22078.6,2304710.1,O
2024,9739,Joe Wheeler Elec Member Corp,AL,Cooperative,SERC,333.5,383.2,0,1852697,0,,0,0,0,0,0,1852697,1795384,0,0,1498,55815,1852697,185214,,0,0,0,3093.8,188307.8,O
2024,9750,"Jo-Carroll Energy, Inc",IL,Cooperative,MRO,71,57,164,323642,,,0,,,0,,323806,309982,4238,,352,9234,323806,52238,1529.3,356,,,,54123.3,O
2024,9777,Johnson City - (TN),TN,Municipal,SERC,366.1,537.3,0,2006656,0,,0,0,0,0,0,2006656,1957630,0,0,3523,45502,2006656,219266,,0,0,0,6388.7,225654.7,O
2024,9778,Johnson County Rural E M C,IN,Cooperative,RFC,144.5,119.8,,601757,,,0,,,0,,601757,581176,,592,,19989,601757,73796.8,,,,,459.7,74256.5,O
2024,9837,Jones-Onslow Elec Member Corp,NC,Cooperative,SERC,308.9,402.2,,1373306,,,0,,,0,,1373306,1312980,,,2027,58299,1373306,163213.1,,,,,2536,165749.1,O
2024,9879,City Water and Light Plant,AR,Municipal,SPP,306,300,772702,803265,,,0,,,0,,1575967,1405121,82060,14391,29315,45080,1575967,84682,,6410,1052,3322,4763,100229,O
2024,9936,Juneau Utility Comm,WI,Municipal,MISO,9.6,6.3,0,45917,0,0,,0,0,,0,45917,44586,0,0,0,1331,45917,4325.5,,0,0,0,42.1,4367.6,O
2024,9949,Just Energy,CN,Retail Power Marketer,,,,,6667202,,,0,,,0,,6667202,6667202,,,,,6667202,1000703,,,,,,1000703,O
2024,9961,Kansas Electric Power Coop Inc,KS,Cooperative,MRO,456.6,412.8,644388,1395825,,,0,,,0,,2040213,,2015201,,,25012,2040213,,,150730.9,,,,150730.9,O
2024,9964,Kenergy Corp,KY,Cooperative,,791,796,,5496836,,,0,,,0,,5496836,5448676,,,2120,46040,5496836,365029,,,,,1979,367008,O
2024,9979,KAMO Electric Coop Inc,OK,Cooperative,SPP,1842,2314,,7750053,,,0,,,0,,7750053,,7745580,,4473,,7750053,,,528150.1,,,4666.1,532816.2,O
2024,9996,City of Kansas City - (KS),KS,Municipal,SPP,474,390,784577,1421728,168302,,168302,,,0,,2374607,2153199,17663,38230,21129,144386,2374607,267090,0,10758,0,0,4321,282169,O
2024,9999,Kankakee Valley Rural E M C,IN,Cooperative,RFC,98.2,55,,312200,,,0,,,0,,312200,297371,,1190,,13639,312200,44307.3,,,,,172.7,44480,O
2024,10000,Evergy Metro,MO,Investor Owned,MRO,3492,2941,12964109,6759679,,,0,235556,235556,0,,19723788,14600841,4638527,,81925,402495,19723788,1646403,,207638.3,7171,19903.2,10222.2,1891337.7,O
2024,10005,"Evergy Kansas South, Inc",KS,Investor Owned,MRO,2688,1635,8021893,2094303,,,0,,,0,,10116196,9748788,360942,,6466,0,10116196,1068757.2,0,14192.3,-3209.6,216817.1,7062.6,1303619.6,O
2024,10009,Karnes Electric Coop Inc,TX,Cooperative,TRE,265.9,237.9,,1580440,,,0,,,0,,1580440,1501905,,,2091,76444,1580440,120960,,,,,581,121541,O
2024,10012,Kay Electric Coop,OK,Cooperative,SPP,81,81,0,442810,0,0,0,0,0,0,0,442810,433845,0,0,166,8799,442810,39525,0,0,0,0,166,39691,O
2024,10019,FreeState Electric Coop,KS,Cooperative,SPP,33.7,35.9,158,297085,,,0,,,0,,297243,282025,,,,15218,297243,44131,,,,,2533,46664,O
2024,10035,Kansas Municipal Energy Agency,KS,Municipal Mktg Authority,SPP,415,277.8,2632,1800241,,,0,,,0,,1802873,,1800241,2632,,,1802873,,,83232,,,,83232,O
2024,10056,City of Kaukauna,WI,Municipal,MISO,125.8,106.8,171766,476855,0,1750,,0,0,,0,648621,614210,13370,0,0,21041,648621,56270.3,,1832.9,0,0,612,58715.2,O
2024,10066,K C Electric Association,CO,Cooperative,WECC,58.7,34.1,,250102,,,0,,,0,,250102,239483,,,588,10031,250102,29123.2,,,,,118.5,29241.7,O
2024,10071,Kauai Island Utility Cooperative,HI,Cooperative,HICC,82.4,76.5,273324,222431,0,0,0,0,0,0,0,495755,472467,0,0,1907,21381,495755,188806,0,0,0,0,-3399.2,185406.8,O
2024,10170,"Kiamichi Electric Coop, Inc",OK,Cooperative,SPP,98.5,128.4,,415700,,,0,,,0,,415700,391519,,,519,23662,415700,48120,,,,,1645,49765,O
2024,10171,Kentucky Utilities Co,KY,Investor Owned,SERC,3565,4470,18825842,1427506,403834,0,403834,4838343,4838343,0,,20657182,18222835,1312423,52,28680,1093192,20657182,1864867.7,,51676.6,,36559.3,17166.9,1970270.5,O
2024,10210,Ketchikan Public Utilities,AK,Municipal,AK,26.8,37.6,70367,113156,,,0,,,0,,183523,177488,,1984,78,3973,183523,21330,,,,,773.9,22103.9,O
2024,10226,"Utility Board of the City of Key West, F",FL,Municipal,,148.6,135.6,-1803,789225,,,0,,,0,,787422,741308,,,4383,41731,787422,107369,,,,,2012,109381,O
2024,10325,Kings River Conservation Dist,CA,Political Subdivision,WECC,198.7,27.6,450755,,,,0,,,0,,450755,450755,,,,,450755,3623.4,,,,,,3623.4,O
2024,10331,Kingsport Power Co,OH,Investor Owned,RFC,311,439,,1838310,,,0,,,0,,1838310,1802729,,,,35581,1838310,207707,,,-679,7964,2303,217295,O
2024,10345,City of Kinston - (NC),NC,Municipal,SERC,92,73.4,,434090,,,0,,,0,,434090,423591,,,,10499,434090,45512,,,,,,45512,O
2024,10370,City of Kirkwood - (MO),MO,Municipal,RFC,57.3,41.5,,206261,,,0,,,0,,206261,186523,,,,19738,206261,26641,,,,,0,26641,O
2024,10376,Kissimmee Utility Authority,FL,Municipal,FRCC,413,338,,1891620,,,0,,,0,,1891620,1822374,,,3125,66121,1891620,234209.3,,,668.3,,22106.4,256984,O
2024,10378,"Kit Carson Electric Coop, Inc",NM,Cooperative,WECC,41,61.9,,322766,,,0,,,0,,322766,284965,,447,,37354,322766,47864.4,,,,,-235.3,47629.1,O
2024,10393,PUD No 1 of Klickitat County,WA,Political Subdivision,WECC,77.4,105.1,37192,401252,,,0,,,0,,438444,381520,,,56159,765,438444,37658,,,,,,37658,O
2024,10421,Knoxville Utilities Board,TN,Municipal,SERC,1181.2,1353.4,0,6068276,0,,0,0,0,0,0,6068276,5881448,0,0,0,186828,6068276,647915,,0,0,0,20912.5,668827.5,O
2024,10433,Kodiak Electric Assn Inc,AK,Cooperative,AK,23.6,29.9,158038,,,,0,,,0,,158038,148828,,1204,,8006,158038,26170,,,,,,26170,O
2024,10448,Kosciusko County Rural E M C,IN,Cooperative,RFC,95.4,76.6,,464786,,,0,,,0,,464786,447991,,880,,15915,464786,52613.4,,,,,4191.3,56804.7,O
2024,10451,Kotzebue Electric Assn Inc,AK,Cooperative,AK,2.9,3.5,20862,0,0,0,0,0,0,0,0,20862,19274,0,0,0,1588,20862,8953.5,0,0,0,0,0,8953.5,O
2024,10454,Kootenai Electric Cooperative,ID,Cooperative,WECC,119.1,159.3,3863,608951,,,0,5022,5022,0,,612814,583210,3653,,1318,24633,612814,68925.4,,341.1,,309.6,841.8,70417.9,O
2024,10508,Village of L'Anse - (MI),MI,Municipal,MISO,2.8,2.2,0,12454,0,0,,0,0,,0,12454,11488,0,0,0,966,12454,1771.6,,0,0,0,0,1771.6,O
2024,10539,"La Plata Electric Assn, Inc",CO,Cooperative,WECC,129.8,155,1403,917723,,,0,,,0,,919126,878239,247,,1910,38730,919126,109637,,41,,,921,110599,O
2024,10574,L & O Power Co-operative,IA,Cooperative,MRO,95,91,,692350,,,0,129698,121213,8485,,700835,,685748,,,15087,700835,,,38618.1,,414.9,1670.8,40703.8,O
2024,10579,City of LaFollette,TN,Municipal,SERC,93.7,137.7,0,471125,0,,0,0,0,0,0,471125,440763,0,0,0,30362,471125,55436,,0,0,0,2069.2,57505.2,O
2024,10585,City of La Grange - (GA),GA,Municipal,SERC,99,91,,527304,,,0,,,0,,527304,516336,,,,10968,527304,52018,,,,,6055,58073,O
2024,10596,City of Lake Crystal - (MN),MN,Municipal,MRO,4.5,2.7,20,16831,,,0,,,0,,16851,15976,,,,875,16851,3094.2,,,,,,3094.2,O
2024,10599,"Lake Region Electric Coop, Inc - (OK)",OK,Cooperative,SPP,124,141,,488413,,,0,,,0,,488413,461065,,,942,26406,488413,53034,,,,,1968,55002,O
2024,10603,"Laclede Electric Coop, Inc",MO,Cooperative,SERC,143.5,252.5,,677086,,,0,,,0,,677086,647716,,,2026,27344,677086,75469,,,,,3760,79229,O
2024,10605,Lake Mills Light & Water,WI,Municipal,MISO,16.5,10.2,0,65494,0,0,,0,0,,0,65494,62985,0,0,89,2420,65494,8126.5,,0,0,0,98.1,8224.6,O
2024,10618,Lake Region Electric Cooperative - (MN),MN,Cooperative,MRO,74.5,76.2,70,482713,,,0,,,0,,482783,454756,,,921,27106,482783,57248.7,,,,,75.4,57324.1,O
2024,10620,City of Lake Worth Beach - (FL),FL,Municipal,SERC,103.4,82.5,2396,505108,,,0,,,0,,507504,479378,,,,28126,507504,62083.9,,,,,953.3,63037.2,O
2024,10623,City of Lakeland - (FL),FL,Municipal,FRCC,722,553,2640999,210772,746983,81500,665483,0,0,0,0,3517254,3321409,195845,0,0,0,3517254,332753,0,23435,-9556.5,0,6252.1,352883.6,O
2024,10624,Southern Rivers Energy,GA,Cooperative,SERC,91.3,126.8,,388476,,,0,,,0,,388476,375144,,,434,12898,388476,60078,,,,,4621,64699,O
2024,10625,"Lamb County Electric Coop, Inc",TX,Cooperative,SPP,92.8,53.8,,394149,,,0,,,0,,394149,366902,,451,,26796,394149,29101,,,,,91,29192,O
2024,10627,Lakeview Light & Power,WA,Cooperative,WECC,39.7,57.4,,258486,,,0,,,0,,258486,248855,,,207,9424,258486,23217,,,,2915,,26132,O
2024,10649,Lamar County Elec Coop Assn,TX,Cooperative,TRE,93.2,91.1,,314632,,,0,,,0,,314632,294813,,432,,19387,314632,37339.7,,,,346,1381,39066.7,O
2024,10668,Licking Rural Electric Inc,OH,Cooperative,RFC,103.2,81.8,,447579,,,0,,,0,,447579,425340,,,,22239,447579,69592.4,,,,,2352.3,71944.7,O
2024,10681,Lane Electric Coop Inc,OR,Cooperative,WECC,49.1,62.8,,247998,,,0,,,0,,247998,234043,,,,13955,247998,28332.4,,,,,859.6,29192,O
2024,10697,Lake Country Power,MN,Cooperative,MRO,105.7,185.2,,732252,,,0,,,0,,732252,692584,,,1832,37836,732252,110431.8,,,,,776.5,111208.3,O
2024,10704,City of Lansing - (MI),MI,Municipal,RFC,447.7,306.3,1390764,1302160,,,0,,,0,,2692924,2012805,666048,,,14071,2692924,332469,,22158.4,,,3017.7,357645.1,O
2024,10768,"Laurens Electric Coop, Inc",SC,Cooperative,SERC,320.7,287.1,,1205800,,,0,,,0,,1205800,1160961,,,1498,43341,1205800,158045,,,,,-2150,155895,O
2024,10799,City of Lawrenceburg,TN,Municipal,SERC,106,132,0,508267,0,,0,0,0,0,0,508267,487965,0,0,508,19795,508267,59356,,0,0,0,1805.3,61161.3,O
2024,10800,City of Lawrenceville - (GA),GA,Municipal,SERC,77.1,61,,358321,,,0,,,0,,358321,338347,,19974,,,358321,43928.6,,,,,,43928.6,O
2024,10817,"Lea County Electric Coop, Inc - (NM)",NM,Cooperative,SPP,211.1,167.1,,1426637,,,0,,,0,,1426637,1382623,,542,,43472,1426637,106436,,,,485,-393,106528,O
2024,10830,City of Lebanon - (OH),OH,Municipal,RFC,71.8,55.8,,364810,,,0,,,0,,364810,337385,,2312,438,24675,364810,29743,,,,,11543.6,41286.6,O
2024,10832,City of Lebanon - (MO),MO,Municipal,SERC,54.1,72.2,,266132,,,0,,,0,,266132,250483,,1756,,13893,266132,24194,,,,,,24194,O
2024,10857,"Lee County Electric Coop, Inc - (FL)",FL,Cooperative,FRCC,1015,697.6,,4753484,,,0,,,0,,4753484,4558782,,,6362,188340,4753484,590019.1,,,,,25015.9,615035,O
2024,10868,City of Leesburg - (FL),FL,Municipal,FRCC,122,91,,521975,,,0,,,0,,521975,511239,,,,10736,521975,63524,,,,,,63524,O
2024,10879,Lehi City Corporation,UT,Municipal,WECC,147.7,70.9,339165,167387,,,0,,,0,,506552,498324,,,,8228,506552,54837.9,,,,,,54837.9,O
2024,10906,City of Lenoir - (TN),TN,Municipal,SERC,432.9,397.6,0,1943338,0,,0,0,0,0,0,1943338,1874592,0,0,592,68153,1943338,209482,,0,0,0,3716.3,213198.3,O
2024,10944,PUD No 1 of Lewis County,WA,Political Subdivision,WECC,144,242,,1142703,,,0,,,0,-27103,1115600,961215,153126,0,1259,,1115600,81032.2,,5505.4,,2310.5,7996.2,96844.3,O
2024,10960,City of Lewisburg - (TN),TN,Municipal,SERC,59.5,56.3,0,324879,0,,0,0,0,0,0,324879,318201,0,0,299,6379,324879,29090,,0,0,0,541.9,29631.9,O
2024,10966,City of Lexington - (NC),NC,Municipal,SERC,92.6,99.6,,414037,,,0,,,0,,414037,392529,,,,21508,414037,46247.2,,,,,110,46357.2,O
2024,10967,City of Lexington - (NE),NE,Municipal,MRO,43.1,48.9,,246497,,,0,,,0,,246497,236962,,,,9535,246497,19212.7,,,,343.4,,19556.1,O
2024,10968,City of Lexington - (TN),TN,Municipal,SERC,110.3,94.8,0,451259,0,,0,0,0,0,0,451259,426452,0,0,615,24191,451259,51310,,0,0,0,1405.1,52715.1,O
2024,11011,Licking Valley Rural E C C,KY,Cooperative,RFC,64,87,,346297,,,0,,,0,,346297,333636,,,,12661,346297,37652,,,,,522,38174,O
2024,11014,"Lighthouse Electric Coop, Inc",TX,Cooperative,SPP,112.5,31.3,0,643039,0,0,0,0,0,0,,643039,619006,0,0,253,23780,643039,38338.5,0,0,0,0,779,39117.5,O
2024,11018,Lincoln Electric System,NE,Municipal,MRO,784,647,1158494,2858795,,,0,,,0,,4017289,3250924,622119,,6083,138163,4017289,301139.3,,58677.2,,1118.9,22716.7,383652.1,O
2024,11053,Linn County REC,IA,Cooperative,MRO,139.7,98.3,,546250,,,0,,,0,,546250,526804,,,,19446,546250,66624,,,,,114,66738,O
2024,11085,Town of Littleton - (MA),MA,Municipal,NPCC,39.9,37,,226918,219031,215550,3481,,,0,,230399,223291,,,2006,5102,230399,31191.4,,,,,126.2,31317.6,O
2024,11118,Lockhart Power Co,SC,Investor Owned,SERC,104.9,131.4,104007,889714,,,0,,,0,,993721,731530,241880,,,20311,993721,45047.9,,17960.8,,,407,63415.7,O
2024,11124,City of Lodi - (CA),CA,Municipal,WECC,137.9,65.4,,468409,,,0,,,0,,468409,459052,,,,9357,468409,90251.2,,,,,4224.9,94476.1,O
2024,11125,City of Lodi - (WI),WI,Municipal,MISO,7.7,4.5,0,27735,0,0,,0,0,,0,27735,26695,0,0,0,1040,27735,3343,,0,0,0,29.5,3372.5,O
2024,11135,City of Logan - (UT),UT,Municipal,WECC,103.6,70,23593,425335,,,0,,,0,-13468,435460,427767,,,,7693,435460,47814.3,,,,,,47814.3,O
2024,11142,City of Logansport - (IN),IN,Municipal,RFC,80.6,67.3,,415263,,,0,,,0,,415263,413399,,,1864,,415263,36374,,,,,744,37118,O
2024,11171,Long Island Power Authority,NY,State,NPCC,4985,3045,1841930,17041848,,,0,,,0,,18883778,17817501,,,22340,1043937,18883778,4086938.7,50156.3,,-31961,5000.4,-15642.1,4094492.3,O
2024,11187,City of Longmont,CO,Municipal,WECC,195.2,136.4,2920,836157,,,0,,,0,,839077,817331,,6206,,15540,839077,91562.3,,,-18.2,,7380.4,98924.5,O
2024,11200,"Lorain-Medina R E C, Inc",OH,Cooperative,RFC,64.7,73,,336917,,,0,,,0,,336917,320941,,,1087,14889,336917,47896.8,,,,,1099.1,48995.9,O
2024,11204,Los Alamos County,NM,Municipal,WECC,72.4,90.3,24318,72425,417883,15130,402753,,,0,,499496,485780,13716,,,0,499496,47295.5,,964,,,,48259.5,O
2024,11208,Los Angeles Department of Water & Power,CA,Municipal,WECC,6251,3246,19359904,428109,21788559,17384259,4404300,717054,717054,0,-820636,23371677,21347075,45110,0,0,1979492,23371677,4827216.1,,3469,,,,4830685.1,O
2024,11222,Loudon Utilities Board,TN,Municipal,SERC,110.5,123.3,0,610484,0,,0,0,0,0,0,610484,548721,0,0,0,61763,610484,51699,,0,0,0,783.6,52482.6,O
2024,11235,Lafayette Public Power Authority,LA,Political Subdivision,SPP,246,246,646012,,,,0,,,0,,646012,,646012,,,,646012,,,44881,,,,44881,O
2024,11241,Entergy Louisiana LLC,LA,Investor Owned,SERC,10345,9002,52094291,17551236,,,0,,,0,,69645527,60495853,7381674,,30285,1737715,69645527,4521860.2,,335375,,135157.7,75765.5,5068158.4,O
2024,11247,Louisville Electric System,MS,Municipal,SERC,25.9,20.9,0,131219,0,,0,0,0,0,0,131219,126535,0,0,62,4622,131219,12271,,0,0,0,371.2,12642.2,O
2024,11249,Louisville Gas & Electric Co,KY,Investor Owned,SERC,2510,1933,11875565,1436198,0,291952,-291952,3642238,3642238,0,0,13019811,11268628,1250706,1255,22541,476681,13019811,1219676,,38031.7,0,12305.9,8135.4,1278149,O
2024,11251,Loup River Public Power Dist,NE,Political Subdivision,MRO,229.8,212.9,144965,1230899,,,0,,,0,,1375864,1086339,265690,1734,22101,,1375864,88060.6,,12975.6,,1327.4,808.1,103171.7,O
2024,11256,City of Loveland - (CO),CO,Municipal,WECC,161,110.7,4537,736984,,,0,,,0,,741521,708379,,6167,,26975,741521,86873,,,,253.8,4689.5,91816.3,O
2024,11269,Lower Colorado River Authority,TX,Political Subdivision,TRE,3889,4207,13633965,845883,,,0,,,0,,14479848,,14479848,,,,14479848,,,777185.9,-42388.7,690313.4,55839.7,1480950.3,O
2024,11272,"Lower Yellowstone R E A, Inc",MT,Cooperative,SPP,59.9,69.2,,471650,,,0,,,0,-15666,455984,455081,,903,,,455984,45258.9,,,,,1230.7,46489.6,O
2024,11273,Lower Valley Energy Inc,WY,Cooperative,WECC,92,243,15602,943432,,,0,,,0,,959034,929359,,,2176,27499,959034,58664,,,,,4014,62678,O
2024,11291,Lumbee River Elec Member Corp,NC,Cooperative,SERC,318.4,390.7,,1428869,,,0,,,0,,1428869,1360321,,,3043,65505,1428869,161982.4,,,,,4408.6,166391,O
2024,11292,City of Lubbock - (TX),TX,Municipal,TRE,648.8,477.8,0,607299,,,0,,,0,,607299,590007,,4606,,12686,607299,69586,104597,,,47856,,222039,O
2024,11318,City of Lumberton - (NC),NC,Municipal,SERC,51.5,56.8,,267889,,,0,,,0,,267889,243267,,,22011,2611,267889,31505,,,,,2208.9,33713.9,O
2024,11355,"Lynches River Elec Coop, Inc",SC,Cooperative,SERC,111,123.3,,499247,,,0,,,0,,499247,477992,,,,21255,499247,60606,,,,,4678,65284,O
2024,11364,"Lyntegar Electric Coop, Inc",TX,Cooperative,SPP,234.8,129.7,,970696,,,0,,,0,,970696,906100,11408,,378,52810,970696,72527,,596,-724,951,288,73638,O
2024,11380,M & A Electric Power Coop,MO,Cooperative,SERC,402.3,469.6,,1757617,,,0,,,0,,1757617,,1757617,,,,1757617,,,113794.5,,,119.7,113914.2,O
2024,11458,City of Macon - (MS),MS,Municipal,SERC,6.2,5.7,0,23772,0,,0,0,0,0,0,23772,22653,0,0,0,1119,23772,3060,,0,0,0,162.4,3222.4,O
2024,11463,Macon Electric Coop,MO,Cooperative,SERC,47.1,60.2,,258564,,,0,,,0,,258564,247534,,,294,10736,258564,29538.6,,,,,338.5,29877.1,O
2024,11475,City of Madison - (SD),SD,Municipal,MRO,19.6,19.9,,100557,,,0,,,0,,100557,94897,,,,5660,100557,9772,,,,,2202,11974,O
2024,11477,Town of Madison - (ME),ME,Municipal,NPCC,5,4.5,,31650,,,0,,,0,,31650,27159,,,,4491,31650,4186.7,979.4,,,,,5166.1,O
2024,11479,Madison Gas & Electric Co,WI,Investor Owned,RFC,718,477,2900164,914066,,,0,,,0,,3814230,3153966,555677,,6544,98043,3814230,484587,0,20073,0,0,3349,508009,O
2024,11488,Madisonville Municipal Utils,KY,Municipal,RFC,57.5,43,,263867,,,0,,,0,,263867,252205,,,,11662,263867,26911,,,,,748,27659,O
2024,11501,Magic Valley Electric Coop Inc,TX,Cooperative,TRE,757.4,786.7,,2979679,,,0,,,0,,2979679,2859667,,,2128,117884,2979679,282393.2,,,,,7862.9,290256.1,O
2024,11519,Magnolia Electric Power Assn,MS,Cooperative,SERC,139.6,205.8,,678605,,,0,,,0,,678605,639132,,,2221,37252,678605,87098,,,,,3704,90802,O
2024,11521,"Maine Electric Power Co, Inc",ME,Transmission,NPCC,,,,,,,,,,,,,,,,,,,,,,,26918,264,27182,O
2024,11560,City of Manassas - (VA),VA,Municipal,,77,68,1318,407359,,,0,,,0,,408677,394352,,,,14325,408677,42034,,,,,,42034,O
2024,11571,Manitowoc Public Utilities,WI,Municipal,MRO,104.4,81.6,126471,502992,114631,106665,7966,,,0,,637429,511057,106665,,3317,16390,637429,44426.9,,4720,,,3058.8,52205.7,O
2024,11586,Town of Mansfield - (MA),MA,Municipal,NPCC,49.3,34.5,3203,177184,237486,184458,53028,,,0,-7034,226381,219347,,,,7034,226381,32731.1,,,-2447.7,,3.2,30286.6,O
2024,11611,City of Maquoketa - (IA),IA,Municipal,MISO,17.4,11.7,240,71487,0,0,,0,0,,0,71727,67382,240,0,1008,3097,71727,7982.4,,912,0,0,854.1,9748.5,O
2024,11646,City of Marietta - (GA),GA,Municipal,SERC,218.8,179.8,,1446776,,,0,,,0,,1446776,969043,446591,,13610,17532,1446776,115524.9,,11366.9,,,6009.1,132900.9,O
2024,11701,City of Marquette - (MI),MI,Municipal,RFC,55.3,45.1,180351,102331,,,0,,,0,,282682,257698,7045,,5536,12403,282682,40964.6,,202.4,,,486.9,41653.9,O
2024,11714,Marshall-De Kalb Electric Coop,AL,Cooperative,SERC,103,135.5,0,489068,0,,0,0,0,0,0,489068,465829,0,0,191,23048,489068,57572,,0,0,0,1816.5,59388.5,O
2024,11731,City of Marshall - (MN),MN,Municipal,MRO,78.7,72.5,61,524634,,,0,,,0,,524695,517480,,,115,7100,524695,35882.9,,,,,1666,37548.9,O
2024,11740,City of Marshfield - (WI),WI,Municipal,MRO,74,59,3964,365720,,,0,,,0,,369684,356474,3964,,1037,8209,369684,33063,,589,,,559,34211,O
2024,11788,Consumers Energy Coop - (IA),IA,Cooperative,MRO,31.2,28.7,,222973,,,0,,,0,,222973,214724,,,372,7877,222973,22664,,,,,144.4,22808.4,O
2024,11789,Maryville Utilities,TN,Municipal,SERC,161.6,145.9,0,806989,0,,0,0,0,0,0,806989,775155,0,0,0,31834,806989,74363,,0,0,0,1480.7,75843.7,O
2024,11804,Massachusetts Electric Co,NY,Investor Owned,NPCC,4507,3228,,4428689,,,0,,,0,,4428689,4235361,1789,,27042,164497,4428689,1304863.6,1763595.7,275.2,-854392.7,644954.4,,2859296.2,O
2024,11806,Massachusetts Mun Wholes Electric Co,MA,Political Subdivision,NPCC,,,1679698,1031476,3756524,3304454,452070,,,0,,3163244,,3163244,,,,3163244,,,264854,,,,264854,O
2024,11811,Town of Massena - (NY),NY,Municipal,NPCC,31.4,42.2,,217962,,,0,,,0,,217962,209724,,,411,7827,217962,12477.1,,,,,127.9,12605,O
2024,11824,Matanuska Electric Assn Inc,AK,Cooperative,AK,101,151,762445,85384,,,0,,,0,,847829,788319,,,3224,56286,847829,174183.7,,,,88.1,2446.6,176718.4,O
2024,11833,Municipal Energy Agency of MS,MS,Municipal Mktg Authority,SERC,121.3,77.4,,508187,,,0,,,0,,508187,,508187,,,,508187,,,31298,,,750,32048,O
2024,11843,Maui Electric Co Ltd,HI,Investor Owned,HI,181.1,176.1,797482,287293,,,0,,,0,,1084775,1037658,,,2028,45089,1084775,434809.5,,,,,5622,440431.5,O
2024,11871,City of Mayfield Plant Board,KY,Municipal,SERC,31.2,20.2,0,127941,0,,0,0,0,0,0,127941,123017,0,0,207,4717,127941,15388,,0,0,0,390,15778,O
2024,12087,McKenzie Electric Coop Inc,ND,Cooperative,MRO,794.8,834,,6692180,,,0,394,394,0,,6692180,6528300,,,2859,161021,6692180,446964.8,,,,,260.9,447225.7,O
2024,12090,"McLean Electric Coop, Inc",ND,Cooperative,MRO,30.5,32.8,0,194734,,,0,,,0,,194734,188995,,312,,5427,194734,20074,,,,,283,20357,O
2024,12186,McMinnville Electric System,TN,Municipal,SERC,39.4,45.3,0,180963,0,,0,0,0,0,0,180963,174016,0,0,612,6335,180963,20857,,0,0,0,1713.3,22570.3,O
2024,12187,City of McMinnville - (OR),OR,Municipal,WECC,158.1,167.1,,739299,,,0,,,0,,739299,726199,,,,13100,739299,42209,,,,,4677,46886,O
2024,12199,Montana-Dakota Utilities Co,ND,Investor Owned,MRO,675,647.4,1826427,2695728,,,0,922223,904329,17894,,4540049,4244462,42097,,,253490,4540049,355733,0,937,-3819,41875,19593,414319,O
2024,12208,City of McPherson - (KS),KS,Municipal,MRO,169.3,139.5,51531,1160165,,,0,,,0,,1211696,1146361,57652,,,7683,1211696,66101.7,,8829.7,,,,74931.4,O
2024,12227,Meeker Coop Light & Power Assn,MN,Cooperative,MRO,34.1,47,,209561,,,0,,,0,,209561,198977,,,42,10542,209561,25560.1,,,,,108.2,25668.3,O
2024,12243,Meade County Rural E C C,KY,Cooperative,SERC,237,269,,990267,,,0,,,0,,990267,972020,,,530,17717,990267,84804.6,,,,,1335.3,86139.9,O
2024,12260,Mecklenburg Electric Cooperative,VA,Cooperative,SERC,380.9,378.9,,1907223,,,0,,,0,,1907223,1853091,,,,54132,1907223,136499,,,,,,136499,O
2024,12268,"Medina Electric Coop, Inc",TX,Cooperative,TRE,302,248,,1660352,,,0,,,0,,1660352,1585750,,,,74602,1660352,145969.1,,,,,2149.1,148118.2,O
2024,12293,City of Memphis - (TN),TN,Municipal,SERC,3090,2324,,13048991,,,0,,,0,,13048991,12944365,,,,104626,13048991,1477600.3,,,,,14978.7,1492579,O
2024,12298,City of Menasha - (WI),WI,Municipal,MISO,79.3,65.7,0,482775,0,0,,0,0,,0,482775,475451,0,0,0,7324,482775,38485.8,,0,0,0,205.5,38691.3,O
2024,12301,Nodak Electric Coop Inc,ND,Cooperative,MRO,262.3,308.4,,2062186,,,0,,,0,,2062186,2028815,,,,33371,2062186,137222,,,,,905,138127,O
2024,12312,Merced Irrigation District,CA,Political Subdivision,WECC,116.4,64.8,314473,553214,,,0,,,0,,867687,517336,321670,,,28681,867687,98020.1,,34482.4,,,9739.6,142242.1,O
2024,12323,Miami Power Corporation,OH,Investor Owned,RFC,,,,,,,,,,,,,,,,,,,,,,,41,,41,O
2024,12330,Meriwether Lewis Electric Coop,TN,Cooperative,SERC,223.4,240.2,0,1204320,0,,0,0,0,0,0,1204320,1160937,0,0,836,42548,1204320,120790,,0,0,0,8261.4,129051.4,O
2024,12341,MidAmerican Energy Co,IA,Investor Owned,,5623,4675,41425330,3676051,,,0,607093,607093,0,,45101381,30035535,14329111,,31082,705653,45101381,2261804.5,578,197561.9,-1258.3,99739.7,24791.8,2583217.6,O
2024,12351,City of Mesa - (AZ),AZ,Municipal,WECC,86.3,46,0,354731,198,10910,-10712,0,0,0,-2447,341572,326132,10053,0,0,5387,341572,50315.2,0,262,0,0,1408.7,51985.9,O
2024,12377,Midwest Energy Cooperative - (MI),MI,Cooperative,RFC,147.4,98.9,,615647,,,0,,,0,,615647,576087,,,2052,37508,615647,109397.7,,,,,,109397.7,O
2024,12395,Menard Electric Coop,IL,Cooperative,SERC,73.8,32.3,,194735,,,0,,,0,,194735,179672,,,243,14820,194735,32198.7,,,,,195.6,32394.3,O
2024,12397,Metropolitan Water District of S CA,CA,State,WECC,264.5,262.6,1008374,937748,,,0,,,0,,1946122,,90658,,1855464,,1946122,,,10348,,,,10348,O
2024,12439,"Midstate Electric Coop, Inc",OR,Cooperative,WECC,111,125,,482056,,,0,,,0,,482056,453215,,,1249,27592,482056,44803,,,,,-325,44478,O
2024,12450,Midland Power Coop,IA,Cooperative,,107.9,96.1,,541185,,,0,,,0,,541185,500567,23809,,,16809,541185,51070,,1760,,,71,52901,O
2024,12452,Mid-South Electric Coop Assn,TX,Cooperative,TRE,225,238,,1052612,,,0,,,0,,1052612,1022062,,,,30550,1052612,128546.4,,,,,95816.6,224363,O
2024,12462,Mid-Carolina Electric Coop Inc,SC,Cooperative,SERC,276.1,291.1,,1080937,,,0,,,0,,1080937,1043096,,,1398,36443,1080937,148950,,,,,6736,155686,O
2024,12465,"System Energy Resources, Inc",MS,Investor Owned,SERC,,,9586463,,,,0,,,0,,9586463,,9586463,,,,9586463,,,583302.8,1752,,-5.4,585049.4,O
2024,12470,Middle Tennessee E M C,TN,Cooperative,SERC,1988.7,2287.5,0,8882558,0,,0,0,0,0,0,8882558,8672705,0,0,77,209776,8882558,967279,,0,0,0,17312.8,984591.8,O
2024,12473,Town of Middleborough - (MA),MA,Municipal,NPCC,68.2,48.5,0,311322,16784,0,16784,,,0,,328106,315593,0,0,240,12273,328106,47838.7,0,0,0,1301.2,225.2,49365.1,O
2024,12478,Town of Middletown - (DE),DE,Municipal,RFC,69,53,,298410,,,0,,,0,-8300,290110,273068,,832,7727,8483,290110,40110.5,,,-70.4,,698.9,40739,O
2024,12515,"Midwest Electric, Inc - (OH)",OH,Cooperative,RFC,58,51.6,,308270,,,0,,,0,,308270,294114,,,337,13819,308270,39819.5,,,,,276.2,40095.7,O
2024,12524,Midwest Energy Inc - (KS),KS,Cooperative,SPP,443,295,136387,1715575,,,0,,,0,,1851962,1533412,139585,,3971,174994,1851962,141949.9,,3875.4,,7986.3,,153811.6,O
2024,12532,City of Milan - (TN),TN,Municipal,SERC,43.5,48.2,0,189830,0,,0,0,0,0,0,189830,179983,0,0,0,9847,189830,21349,,0,0,0,1065.6,22414.6,O
2024,12539,Midwest Electric Member Corp - (NE),NE,Cooperative,MRO,152.3,18.7,,265947,,,0,,,0,,265947,244791,,,374,20782,265947,32608.8,,,,,489.9,33098.7,O
2024,12540,City of Milford - (DE),DE,Municipal,RFC,54.5,45.2,,255112,,,0,,,0,-7096,248016,238637,,,,9379,248016,32491.6,,,,,,32491.6,O
2024,12546,Mille Lacs Energy Cooperative,MN,Cooperative,MRO,41.1,43.2,,203538,,,0,,,0,,203538,193342,,,752,9444,203538,30356,,,752.2,,,31108.2,O
2024,12642,Maquoketa Valley Rrl Elec Coop,IA,Cooperative,RFC,68.6,61.2,,310633,,,0,,,0,,310633,293251,,,326,17056,310633,36652,,,,,4512,41164,O
2024,12647,"ALLETE, Inc.",MN,Investor Owned,MRO,1532,1532,5832104,7147244,,,0,2647577,2567216,80361,,13059709,8391265,4182855,,16352,469237,13059709,884002.2,,249963.6,-22045.6,74495.4,15864,1202279.6,O
2024,12651,Minnesota Valley Electric Coop,MN,Cooperative,MRO,193.4,139.4,,889879,,,0,,,0,,889879,860921,,,1116,27842,889879,107694,,,,,-2839,104855,O
2024,12658,"Minnkota Power Coop, Inc",ND,Cooperative,MRO,821,990,1326376,6008921,,1324,-1324,20242,18918,1324,,7335297,,7044399,39613,,251285,7335297,,,441697.9,,7763.8,14801.7,464263.4,O
2024,12667,Minnesota Municipal Power Agny,MN,Political Subdivision,MRO,421.5,285.9,1249452,2732530,,,0,,,0,,3981982,,3981982,,,,3981982,,,169535,,2015,247,171797,O
2024,12674,City of Mishawaka,IN,Municipal,RFC,150.1,150.1,,566787,,,0,,,0,,566787,536212,,,,30575,566787,57323.4,,,,,2785.6,60109,O
2024,12681,Mississippi County Electric Co,AR,Cooperative,SERC,599,576,,3347579,,,0,,,0,,3347579,3201032,138238,,,8309,3347579,165091,,9482,,,1936,176509,O
2024,12685,Entergy Mississippi LLC,MS,Investor Owned,SERC,2907,2478,14189498,4757159,,,0,,,0,,18946657,12825547,5467295,,15896,637919,18946657,1553699,,126001.1,,51531.7,30674.1,1761905.9,O
2024,12686,Mississippi Power Co,MS,Investor Owned,SERC,2390,2000,17666745,363219,,,0,31485812,30918194,567618,,18597582,9780624,8238585,,24571,553802,18597582,964544,,432607,-3913,43460,11239,1447937,O
2024,12692,"Missoula Electric Coop, Inc",MT,Cooperative,WECC,50.3,71.6,,280558,,,0,,,0,,280558,259214,,56,,21288,280558,26496.5,,,,,46.9,26543.4,O
2024,12698,Evergy Missouri West,MO,Investor Owned,MRO,1968,1818,2213641,7019467,,,0,,,0,,9233108,8510700,453453,,7594,261361,9233108,883973.2,,19948.3,-28724.7,7557.7,22016.8,904771.3,O
2024,12700,Missouri Rural Electric Coop,MO,Cooperative,SERC,35.1,41.5,50,224783,,,0,,,0,,224833,218325,1240,,,5268,224833,20519,,118,,,,20637,O
2024,12706,Mitchell Electric Member Corp,GA,Cooperative,SERC,147.2,123.3,,485640,,,0,,,0,,485640,457212,,862,,27566,485640,70049.8,,,,,4169.1,74218.9,O
2024,12710,Missouri Basin Muni Power Agny,SD,Political Subdivision,MRO,554.1,510.9,,3526614,,,0,,,0,,3526614,,3526614,,,,3526614,,,185680,,64961,1803,252444,O
2024,12744,Modern Electric Water Company,WA,Cooperative,WECC,45.6,50.1,,236892,,,0,,,0,,236892,225040,,,3159,8693,236892,16152.5,,,,,692.3,16844.8,O
2024,12745,Modesto Irrigation District,CA,Political Subdivision,WECC,713,333,475280,3644981,0,0,0,0,0,0,0,4120261,2669292,1431572,0,17725,1672,4120261,464879.6,,9829,,592.6,3636.4,478937.6,O
2024,12782,City of Monett - (MO),MO,Municipal,SPP,43.8,39.2,,223019,,,0,,,0,,223019,219682,,1959,,1378,223019,25870,,,,,,25870,O
2024,12796,Monongahela Power Co,PA,Investor Owned,RFC,2150.5,2061.9,10535533,4240034,0,0,0,0,0,0,0,14775567,12416216,1699759,0,639,658953,14775567,1286154.2,0,100598.1,-28782.1,109174.3,216720,1683864.5,O
2024,12801,City of Monroe - (NC),NC,Municipal,SERC,135.8,110.8,,741891,,,0,,,0,,741891,722901,,,,18990,741891,62376.3,,,,,,62376.3,O
2024,12807,Michigan South Central Power Agency,MI,Political Subdivision,RFC,139.8,141.9,,773800,,,0,,,0,,773800,,773800,,,,773800,,,55536.4,,,651.3,56187.7,O
2024,12825,NorthWestern Energy LLC - (MT),MT,Investor Owned,WECC,2089,1832,4401005,3595503,41796,42232,-436,14942950,14942950,0,,7996072,6340830,1016891,,,638351,7996072,865387,18264.3,36084,,91024,16430,1027189.3,O
2024,12860,Morgan County Rural Elec Assn,CO,Cooperative,WECC,87.1,65,,498403,,,0,,,0,,498403,473356,9,354,,24684,498403,53603,,2.6,,,140.2,53745.8,O
2024,12866,Moon Lake Electric Assn Inc,UT,Cooperative,WECC,153.3,155.2,10202,1115329,,,0,,,0,,1125531,1080237,,,2112,43182,1125531,95566.3,,,,278.3,238.1,96082.7,O
2024,12894,City of Moorhead - (MN),MN,Municipal,MRO,82.7,73.4,1297,425303,,,0,,,0,,426600,407999,,,439,18162,426600,41360.9,,,,2071.9,664.8,44097.6,O
2024,12917,Morgan Stanley Capital Grp Inc,NY,Retail Power Marketer,NPCC,,,,141384141,,,0,,,0,,141384141,415111,139789508,,1179522,,141384141,35948.1,,5255354.2,,,,5291302.3,O
2024,12919,Morenci Water and Electric,AZ,Investor Owned,WECC,346.9,357.9,,2740316,,,0,,,0,,2740316,2740316,,,,,2740316,127597.4,,,,,,127597.4,O
2024,12929,South Central Indiana REMC,IN,Cooperative,RFC,140.1,166.8,,614177,,,0,,,0,,614177,589501,,,,24676,614177,97274,,,,,17986.8,115260.8,O
2024,12944,City of Morganton - (NC),NC,Municipal,SERC,64.5,58.7,,326694,,,0,,,0,,326694,297150,,,,29544,326694,25010,,,,,804,25814,O
2024,12988,City of Morristown - (TN),TN,Municipal,SERC,162.1,160.4,0,947915,0,,0,0,0,0,0,947915,924127,0,0,0,23788,947915,87226,,0,0,0,3569.6,90795.6,O
2024,12990,Consolidated Cooperative,OH,Cooperative,RFC,87.9,82.9,,442088,,,0,,,0,,442088,430235,,,445,11408,442088,64827,,,,,825,65652,O
2024,13027,"Mountain Electric Coop, Inc",TN,Cooperative,SERC,100.7,178.1,0,624234,0,,0,0,0,0,0,624234,590980,0,0,706,32548,624234,69706,,0,0,0,2343.7,72049.7,O
2024,13032,Mt Carmel Public Utility Co,IL,Investor Owned,SERC,23.3,17.1,,94386,,,0,,,0,,94386,83678,3412,345,307,6644,94386,15550,,355,,,55,15960,O
2024,13036,Village of Mt. Horeb - (WI),WI,Municipal,MISO,15.9,11.6,0,59104,0,0,,0,0,,0,59104,57509,577,0,0,1018,59104,6960.3,,56.2,0,0,49.9,7066.4,O
2024,13039,City of Mt Pleasant - (TN),TN,Municipal,SERC,29.1,30.1,0,149033,0,,0,0,0,0,0,149033,143925,0,0,0,5108,149033,16115,,0,0,0,351.8,16466.8,O
2024,13050,"Mountain Parks Electric, Inc",CO,Cooperative,WECC,35.7,72.3,0,357808,0,0,0,0,0,0,0,357808,344372,1241,0,1178,11017,357808,47085,0,85,0,0,0,47170,O
2024,13058,"Mountain View Elec Assn, Inc",CO,Cooperative,WECC,220.4,205.9,,1025101,,,0,,,0,,1025101,983144,582,,2551,38824,1025101,138088.2,,56,,,3456.2,141600.4,O
2024,13073,"Mt Wheeler Power, Inc",NV,Cooperative,WECC,84.3,81.4,,596009,,,0,,,0,,596009,576009,,,1000,19000,596009,42669.8,,,,,,42669.8,O
2024,13100,Municipal Electric Authority,GA,Municipal Mktg Authority,SERC,2399,2108,12661011,1835146,,,0,672641,647571,25070,,14521227,,14412345,,2851,106031,14521227,,,915419.3,381050,8573.8,,1305043.1,O
2024,13137,City of Murray - (UT),UT,Municipal,WECC,101.3,65,47537,360359,,,0,,,0,,407896,394032,,2270,,11594,407896,34409,,,,,,34409,O
2024,13138,City of Murray - (KY),KY,Municipal,SERC,56.9,42.5,0,264052,0,,0,0,0,0,0,264052,253778,0,0,796,9478,264052,27100,,0,0,0,900.2,28000.2,O
2024,13143,Board of Water Electric & Communications,IA,Municipal,MRO,141.3,121.7,560637,968716,,,0,,,0,,1529353,874644,612955,7657,8814,25283,1529353,66442.1,,21690.9,,,2587.2,90720.2,O
2024,13144,City of Muscle Shoals,AL,Municipal,SERC,68,62.2,0,327986,0,,0,0,0,0,0,327986,317861,0,0,274,9851,327986,33917,,0,0,0,693.4,34610.4,O
2024,13145,Village of Muscoda - (WI),WI,Municipal,MISO,11,10.5,0,58561,0,0,,0,0,,0,58561,55475,0,0,0,3086,58561,5161.4,,0,0,0,16,5177.4,O
2024,13190,"N W Electric Power Coop, Inc",MO,Cooperative,SERC,408,474,,1859121,,,0,,,0,,1859121,,1858042,,1079,,1859121,,,116288.7,,,2038.5,118327.2,O
2024,13196,Northern Plains Electric Coop,ND,Cooperative,MRO,62,91,,461655,,,0,,,0,,461655,441729,4537,859,,14530,461655,44195,,312,,,193,44700,O
2024,13206,Nantucket Electric Co,MA,Investor Owned,NPCC,55.6,30.5,,23380,,,0,,,0,,23380,22385,,,295,700,23380,7734.2,26764,0,-24068.8,25884.5,,36313.9,O
2024,13208,City of Naperville - (IL),IL,Municipal,RFC,347.1,206.5,,1272056,,,0,,,0,,1272056,1212099,,3877,,56080,1272056,142199.8,,,,,3245.4,145445.2,O
2024,13214,The Narragansett Electric Co,RI,Investor Owned,NPCC,1746,1143,,3979523,4232910,4221506,11404,,,0,,3990927,3189869,,,11404,789654,3990927,858127.5,465317.3,0,16143,181157.9,12864.3,1533610,O
2024,13216,Nashville Electric Service,TN,Municipal,SERC,2539.4,2830.3,0,12408138,0,,0,0,0,0,0,12408138,12102761,0,0,22049,283329,12408138,1488673,,0,0,0,27536.1,1516209.1,O
2024,13227,Natchez Trace Elec Power Assn,MS,Cooperative,SERC,72.7,80,0,322717,0,,0,0,0,0,0,322717,296711,0,0,281,25726,322717,38577,,0,0,0,4676,43253,O
2024,13228,City of Natchitoches,LA,Municipal,SPP,59,52,,290266,,,0,,,0,,290266,269986,,,,20280,290266,21179,,,,,,21179,O
2024,13292,Norris Electric Coop,IL,Cooperative,RFC,84.9,64.2,,384824,,,0,,,0,,384824,361223,,,574,23027,384824,53045,,,,,,53045,O
2024,13314,Navajo Tribal Utility Authority,AZ,State,WECC,139,173,,1006700,,,0,,,0,,1006700,888483,,,,118217,1006700,108713,,,,,,108713,O
2024,13318,"Navopache Electric Coop, Inc",AZ,Cooperative,WECC,93,101,,499438,,,0,,,0,,499438,479216,,,,20222,499438,59501,,,,,1919,61420,O
2024,13332,"Navarro County Elec Coop, Inc",TX,Cooperative,TRE,130,174,,604288,,,0,,,0,,604288,564012,,,,40276,604288,63859,,,,,710,64569,O
2024,13337,Nebraska Public Power District,NE,Political Subdivision,MRO,3006,2251,13946357,4635025,,,0,,,0,,18581382,3852994,13898548,,7193,822647,18581382,267680,,730313,59512,49801,13887,1121193,O
2024,13352,City of Negaunee,MI,Municipal,MISO,4.9,3.9,0,23000,0,0,,0,0,,0,23000,21002,0,0,0,1998,23000,4009.6,,0,0,0,0,4009.6,O
2024,13355,New England Hydro-Tran Elec Co,MA,Transmission,NPCC,,,,,,,,,,,,,,,,,,,,,,,13546,,13546,O
2024,13356,New England Hydro-Trans Corp,MA,Transmission,NPCC,,,,,,,,,,,,,,,,,,,,,,,12423.5,,12423.5,O
2024,13374,"Constellation NewEnergy, Inc",MD,Retail Power Marketer,NPCC,,,,138436524,,,0,,,0,,138436524,136563539,1872985,,,,138436524,11300862.1,,65745.3,,,,11366607.4,O
2024,13402,Nevada Irrigation District,CA,Political Subdivision,WECC,87,73,145057,0,0,0,0,0,0,0,0,145057,0,145057,0,0,0,145057,0,0,26539,0,0,0,26539,O
2024,13407,Nevada Power Co,NV,Investor Owned,WECC,6649,2555,16323560,7917079,,,0,6714214,6714214,0,,24240639,22115080,871325,,15736,1238498,24240639,2822992.2,18150,52373.2,-44.8,51809.3,12166.9,2957446.8,O
2024,13412,City of New Albany - (MS),MS,Municipal,SERC,76.1,59.3,0,342075,0,,0,0,0,0,0,342075,325051,0,0,142,16882,342075,34716,,0,0,0,1221.7,35937.7,O
2024,13416,City of New Bern - (NC),NC,Municipal,SERC,113.1,110.4,,480563,,,0,,,0,,480563,463921,11,,,16631,480563,54322.4,,1.7,,,2068.1,56392.2,O
2024,13418,City of New Braunfels - (TX),TX,Municipal,TRE,363.6,350.1,,1901474,,,0,,,0,,1901474,1745413,,1675,,154386,1901474,201749.3,,,,2988.8,1807,206545.1,O
2024,13433,New England Power Company,MA,Investor Owned,NPCC,,,,,,,0,27050251,27050251,0,,0,,,,,,,,,,,629036.6,,629036.6,O
2024,13437,City of Newbern,TN,Municipal,SERC,20.9,17.8,0,107518,0,,0,0,0,0,0,107518,100450,0,0,0,7068,107518,9161,,0,0,0,234.8,9395.8,O
2024,13438,Village of New Glarus - (WI),WI,Municipal,MISO,5.5,3.8,0,24338,0,0,,0,0,,0,24338,23343,0,0,0,995,24338,2720.1,,0,0,0,19.6,2739.7,O
2024,13441,New Hampshire Elec Coop Inc,NH,Cooperative,NPCC,180.5,181.9,,696845,,,0,,,0,,696845,650032,,,1803,45010,696845,151720.8,16130.1,,,,5869.1,173720,O
2024,13448,City of New Holstein - (WI),WI,Municipal,MISO,9.4,7.4,0,42507,0,0,,0,0,,0,42507,40605,0,0,0,1902,42507,5045,,0,0,0,20.8,5065.8,O
2024,13467,New London Electric&Water Util,WI,Municipal,MISO,34.9,24.4,0,187250,0,0,,0,0,,0,187250,181481,0,0,944,4825,187250,16800.2,,0,0,0,185.4,16985.6,O
2024,13478,"Entergy New Orleans, LLC",LA,Investor Owned,SERC,1212,1110,2855715,5099757,,,0,,,0,,7955472,5634138,2123226,,6852,191256,7955472,642871.8,,48042.6,,374.8,12775.9,704065.1,O
2024,13481,City of New Richmond,WI,Municipal,MISO,25.3,17.7,0,110644,0,0,,0,0,,0,110644,106477,0,0,0,4167,110644,11223.6,,0,0,0,64,11287.6,O
2024,13482,New River Light & Power Co,NC,State,SERC,36.7,53.4,,217986,,,0,,,0,,217986,207010,,299,,10677,217986,22755.8,,,,,,22755.8,O
2024,13485,New Smyrna Beach City of,FL,Municipal,FRCC,110,91,-91,484565,,,0,,,0,,484474,462754,,,,21720,484474,50443,,,,,,50443,O
2024,13511,New York State Elec & Gas Corp,NY,Investor Owned,NPCC,3031.2,2805.4,205601,10391884,,,0,,,0,,10597485,8383688,1566149,,33923,613725,10597485,1465777,299207.7,55113.7,,34353.9,204038.6,2058490.9,O
2024,13519,City of Newark - (DE),DE,Municipal,RFC,87.5,56.7,1431,449122,,,0,,,0,-12492,438061,422658,,332,6032,9039,438061,61656.3,,,,,1741.9,63398.2,O
2024,13520,"New-Mac Electric Coop, Inc",MO,Cooperative,SERC,92.1,121.9,,427942,,,0,,,0,,427942,406046,,,513,21383,427942,48004,,,,,-81,47923,O
2024,13524,"Newberry Electric Coop, Inc",SC,Cooperative,SERC,95.1,98.5,0,487738,0,0,0,0,0,0,0,487738,473598,0,0,804,13336,487738,50376,0,0,0,0,972,51348,O
2024,13539,New York Mun Power Agency,NY,Municipal Mktg Authority,NPCC,432.6,569.2,,342171,,,0,,,0,,342171,,342171,,,,342171,,,21382.7,,,,21382.7,O
2024,13547,"Newnan Wtr, Sewer & Light Comm",GA,Municipal,SERC,91.9,97.3,,370338,,,0,,,0,,370338,364260,,,,6078,370338,40636,,,,,,40636,O
2024,13550,City of Newport - (TN),TN,Municipal,SERC,102,143.2,0,555733,0,,0,0,0,0,0,555733,528647,0,0,0,27086,555733,63095,,0,0,0,3314.8,66409.8,O
2024,13573,Niagara Mohawk Power Corp.,NY,Investor Owned,NPCC,6019,6002,,18010085,,,0,3059926,3059926,0,,18010085,16340974,5693,,51795,1611623,18010085,2383150.3,602894,673.9,-177238.8,270682.7,633954.6,3714116.7,O
2024,13602,City of Niles - (OH),OH,Municipal,RFC,57.6,35.5,,259606,,,0,,,0,,259606,236942,,9352,4583,8729,259606,19868,,,,,,19868,O
2024,13630,North Carolina Mun Power Agny #1,NC,Municipal Mktg Authority,SERC,1104.5,965.8,7108230,588395,,,0,,,0,,7696625,,7624411,,,72214,7696625,,,484908,,,20609,505517,O
2024,13640,Northern Virginia Elec Coop,VA,Cooperative,SERC,2070.8,1778.1,,12430960,,,0,,,0,,12430960,12231081,,5271,,194608,12430960,883338,,,,,4065,887403,O
2024,13647,Noble County R E M C,IN,Cooperative,RFC,42.5,42.2,,211653,,,0,,,0,,211653,202256,,,,9397,211653,25875.5,,,,,197.1,26072.6,O
2024,13651,Nolin Rural Electric Coop Corp,KY,Cooperative,RFC,150.1,233.8,,767439,,,0,,,0,,767439,741963,,,591,24885,767439,86979,,,,,5558,92537,O
2024,13664,Norris Public Power District,NE,Political Subdivision,MRO,245.5,212.2,,1195929,,,0,115348,113492,1856,,1197785,1100675,47900,,,49210,1197785,92196.8,,3568.6,,397.4,410.3,96573.1,O
2024,13669,North Alabama Electric Coop,AL,Cooperative,SERC,92.7,124.9,0,479183,0,,0,0,0,0,0,479183,457563,0,0,487,21132,479183,49555,,0,0,0,1293.6,50848.6,O
2024,13670,"Northeast Texas Elec Coop, Inc",TX,Cooperative,SPP,734,1081,1804712,2113132,,,0,,,0,,3917844,,3370567,,,547277,3917844,,,233979,,,,233979,O
2024,13676,"North Arkansas Elec Coop, Inc",AR,Cooperative,SPP,167.8,221.3,,665857,,,0,,,0,,665857,625048,,1084,,39725,665857,73775.1,,,,,11660.8,85435.9,O
2024,13679,Town of North Attleborough - (MA),MA,Municipal,NPCC,54.3,39.1,603,127326,222922,127280,95642,,,0,,223571,213939,,,,9632,223571,33403.9,,,,,175.7,33579.6,O
2024,13683,North Carolina El Member Corp,NC,Cooperative,SERC,3446,3815,6599486,10105759,3401207,3298477,102730,,,0,,16807975,,16582156,,,225819,16807975,,,1208473.2,,,408.5,1208881.7,O
2024,13687,North Carolina Eastern M P A,NC,Municipal Mktg Authority,SERC,1632.8,1391.4,,7616966,,,0,,,0,,7616966,,7512074,,,104892,7616966,,,566037,,,4578,570615,O
2024,13693,"North Central Elec Coop, Inc - (OH)",OH,Cooperative,RFC,43,40.6,,232533,,,0,,,0,,232533,220852,,,879,10802,232533,33366.4,,,,,300,33666.4,O
2024,13694,"North Central Elec Coop, Inc - (ND)",ND,Cooperative,SPP,30.4,56.5,,247214,,,0,,,0,,247214,233770,,,889,12555,247214,27290.2,,,,,,27290.2,O
2024,13697,North Central Power Co Inc,WI,Investor Owned,MRO,8.5,6.9,,41107,,,0,,,0,,41107,35992,,,158,4957,41107,5364.8,,,,,10.4,5375.2,O
2024,13716,North Georgia Elec Member Corp,GA,Cooperative,SERC,514.3,760.1,0,2543927,0,,0,0,0,0,0,2543927,2455073,0,0,1494,87360,2543927,267439,,0,0,0,10058.8,277497.8,O
2024,13718,City of North Little Rock - (AR),AR,Municipal,SERC,230,156,114729,814001,,,0,,,0,,928730,891307,,,,37423,928730,100798,,,,,,100798,O
2024,13725,City of North Platte,NE,Municipal,MRO,64,62,,302087,,,0,,,0,,302087,286203,,2414,410,13060,302087,29214,,,,,799,30013,O
2024,13734,Northeast Oklahoma Electric Co,OK,Cooperative,SPP,197.3,257.7,,785958,,,0,,,0,,785958,746891,,2237,,36830,785958,91076,,,,,,91076,O
2024,13735,Northcentral Mississippi E P A,MS,Cooperative,SERC,294.6,194.4,0,1254433,0,,0,0,0,0,0,1254433,1084697,0,0,1796,167940,1254433,125320,,0,0,0,1709.1,127029.1,O
2024,13738,Northeast Missouri El Pwr Coop,MO,Transmission,SERC,272.4,288.6,,1454058,,,0,342899,342899,0,,1454058,,1454058,,,,1454058,,,94703,,5663,185,100551,O
2024,13739,Northeast Power,NE,Political Subdivision,MRO,73.6,66.2,,358163,,,0,,,0,,358163,332062,10358,,,15743,358163,28895,,715,,,617,30227,O
2024,13750,"Northern Electric Coop, Inc",SD,Cooperative,MRO,40.1,66.9,,305152,,,0,,,0,,305152,295778,,,414,8960,305152,29654.5,,,-350,,155.7,29460.2,O
2024,13756,Northern Indiana Pub Serv Co,IN,Investor Owned,RFC,3562,2519,6753982,9253762,,,0,2217248,2217248,0,,16007744,15172860,0,,,834884,16007744,1785948.6,,,,89763.5,11983.3,1887695.4,O
2024,13757,North Plains Electric Coop Inc,TX,Cooperative,SPP,120.2,59.8,,451966,,,0,,,0,,451966,416788,,,361,34817,451966,31211,,,,,213,31424,O
2024,13758,"Northern Lights, Inc",ID,Cooperative,WECC,59.5,120.3,803,412563,,,0,,,0,,413366,388080,,,1131,24155,413366,42954,,,179,,,43133,O
2024,13762,"Northern Neck Elec Coop, Inc",VA,Cooperative,SERC,71.6,97.6,,303500,,,0,,,0,,303500,283877,,,,19623,303500,45471,,,,,1175,46646,O
2024,13780,Northern States Power Co,MN,Investor Owned,MRO,1378,1059,1053454,6152554,,,0,,,0,,7206008,6725660,,,5475,474873,7206008,794240.6,,,,,197070,991310.6,O
2024,13781,Northern States Power Co - Minnesota,MN,Investor Owned,MRO,7444,5216,36225554,21249648,,,0,,,0,,57475202,32069399,23427676,206,48138,1929783,57475202,4205260.7,,471103,168890,333085,-344665,4833673.7,O
2024,13783,Northeast Louisiana Power Coop Inc.,LA,Cooperative,SERC,67,86,,287934,,,0,,,0,,287934,265810,,,100,22024,287934,30560,,,,,292,30852,O
2024,13788,Northern Wasco County PUD,OR,Political Subdivision,WECC,194.3,211.7,77578,1465216,,,0,,,0,,1542794,1530602,,,591,11601,1542794,114371,,,,149,255,114775,O
2024,13798,Northwest Iowa Power Coop,IA,Cooperative,MRO,137.4,146.9,29399,1525831,0,0,0,0,0,0,0,1555230,0,1536164,0,15,19051,1555230,0,0,94584.2,0,13105.4,786.3,108475.9,O
2024,13799,Prairie Land Electric Coop Inc,KS,Cooperative,SPP,145.7,87.5,0,688306,0,0,0,0,0,0,0,688306,558841,95078,0,0,34387,688306,60326,,5371.3,0,0,1374.8,67072.1,O
2024,13807,Northwestern Electric Coop Inc - (OK),OK,Cooperative,SPP,70.2,70.2,,362685,,,0,,,0,,362685,348571,,,,14114,362685,38844,,,,,273,39117,O
2024,13809,NorthWestern Energy - (SD),SD,Investor Owned,MRO,326.2,315.3,1083537,2016501,,,0,23231,23231,0,,3100038,1664951,1418316,,8088,8683,3100038,185099,,99360,,53,8485,292997,O
2024,13815,Northwestern Wisconsin Elec Co,WI,Investor Owned,MRO,39.9,32.1,30,188265,,,0,20329,18999,1330,,189625,177559,,,,12066,189625,21538.3,,,,917.5,99.4,22555.2,O
2024,13826,City of Norway,MI,Municipal,MISO,5.8,3.9,27590,3060,0,0,,0,0,,0,30650,21922,6750,0,616,1362,30650,3608.1,,170.6,200.7,0,436.9,4416.3,O
2024,13830,Nueces Electric Cooperative,TX,Cooperative,TRE,126.6,139,,861723,,,0,,,0,,861723,860329,,,1394,,861723,90730.6,6140.7,,,,,96871.3,O
2024,13831,City of Norwich - (CT),CT,Municipal,NPCC,61.1,47.5,3349,292699,,,0,,,0,,296048,279706,,,,16342,296048,60001.6,,,,,1953.8,61955.4,O
2024,13839,City of Norwood - (MA),MA,Municipal,NPCC,74.9,48.2,,327051,,,0,,,0,,327051,319571,,,,7480,327051,55889.6,,,,,,55889.6,O
2024,13933,City of Oak Ridge,TN,Municipal,SERC,104.5,95.7,0,507296,0,,0,0,0,0,0,507296,489721,0,0,0,17575,507296,59228,,0,0,0,1331.6,60559.6,O
2024,13935,Oakdale&South San Joaquin Irrigation D.,CA,Political Subdivision,,124.9,111.2,463216,,,,0,,,0,,463216,,456730,,,6486,463216,,,49870,,,,49870,O
2024,13936,Oakdale Electric Coop,WI,Cooperative,MRO,71,54.8,,395782,,,0,,,0,,395782,369850,12538,,376,13018,395782,44683,,905,,,821,46409,O
2024,13955,City of Ocala,FL,Municipal,FRCC,325,242,,1433969,,,0,47558,47558,0,,1433969,1361540,,,,72429,1433969,148263.1,,,45819.1,81.5,9319.9,203483.6,O
2024,13962,Oconee Electric Member Corp,GA,Cooperative,SERC,62.3,72.8,,271351,,,0,,,0,,271351,258625,,,278,12448,271351,35254.3,,,,,1860.3,37114.6,O
2024,13963,Oconomowoc Utilities,WI,Municipal,MISO,54.7,34.4,0,226310,0,0,,0,0,,0,226310,220213,0,0,0,6097,226310,25871.6,,0,0,0,84.8,25956.4,O
2024,13965,Oconto Falls Water & Light Comm,WI,Municipal,MISO,6.5,4.5,0,27005,0,0,,0,0,,0,27005,25446,0,0,0,1559,27005,3160.7,,0,0,0,29.9,3190.6,O
2024,13994,Oglethorpe Power Corporation,GA,Cooperative,SERC,10341,10489,32468269,50516,,,0,,,0,,32518785,,32049948,,,468837,32518785,,,2181847,,,,2181847,O
2024,13998,Ohio Edison Co,OH,Investor Owned,RFC,5623.3,4441.9,0,3232787,0,0,0,0,0,0,0,3232787,3021809,0,0,11886,199092,3232787,490645.7,965231,0,-21764,0,25868.8,1459981.5,O
2024,14006,Ohio Power Co,OH,Investor Owned,RFC,9014,7541,,10661186,,,0,,,0,,10661186,7866324,2574106,,,220756,10661186,1463723,2053383,84398,-12393,96869,140680,3826660,O
2024,14015,Ohio Valley Electric Corp,OH,Investor Owned,RFC,937,1013,4814792,5281392,,,0,,,0,,10096184,104845,9989291,,,2048,10096184,4132,,790041,,,,794173,O
2024,14055,PUD No 1 of Okanogan County,WA,Political Subdivision,WECC,114,204,,876111,,,0,108623,108623,0,,876111,626414,215294,,1907,32496,876111,56687.8,,7617.5,,,7702,72007.3,O
2024,14062,Oklahoma Electric Coop Inc,OK,Cooperative,SPP,368.5,379.7,,1600297,,,0,,,0,,1600297,1536285,,,2215,61797,1600297,163840,,,,,11670,175510,O
2024,14063,Oklahoma Gas & Electric Co,OK,Investor Owned,SPP,6669,5508,14685632,19607904,0,0,0,760710,739692,21018,0,34314554,31971871,785668,94413,56593,1406009,34314554,2739402.2,0,74453.1,-2962.2,35065.7,290194.1,3136152.9,O
2024,14077,Oklahoma Municipal Power Authority,OK,State,MRO,733.6,471.5,2332586,643182,,,0,,,0,,2975768,,2889095,,,86673,2975768,,,171410.5,,1134.1,,172544.6,O
2024,14078,City of Okolona,MS,Municipal,SERC,20,29.5,0,94297,0,,0,0,0,0,0,94297,85662,0,0,93,8542,94297,11274,,0,0,0,446.2,11720.2,O
2024,14109,"Oregon Trail El Cons Coop, Inc",OR,Cooperative,WECC,129.4,144.4,368,707068,,,0,,,0,,707436,675166,,,1173,31097,707436,58051,,,,456,466,58973,O
2024,14127,Omaha Public Power District,NE,Political Subdivision,MRO,2810.9,2081.8,7547931,9989747,201196,,201196,,,0,,17738874,13481238,3610983,,,646653,17738874,1218066,,222109,1769,30460,32882,1505286,O
2024,14146,City of Opelika - (AL),AL,Municipal,SERC,99,91,,435414,,,0,,,0,,435414,411071,,,,24343,435414,49652,,,,,,49652,O
2024,14154,Orange & Rockland Utils Inc,NY,Investor Owned,NPCC,1480,894,,2343443,,,0,,,0,,2343443,2067533,203511,0,16242,56157,2343443,427839.8,166608.1,21444.3,,,13117.4,629009.6,O
2024,14164,City of Orangeburg - (SC),SC,Municipal,SERC,154,134,990,781756,,,0,,,0,,782746,746727,,,,36019,782746,93814.8,,,,,,93814.8,O
2024,14170,Orcas Power & Light Coop,WA,Cooperative,WECC,29.3,85.2,,234043,,,0,,,0,,234043,219210,,,1739,13094,234043,39313,,,,,326,39639,O
2024,14175,"Tri-County Electric Coop, Inc (SC)",SC,Cooperative,SERC,77.8,95.5,,316172,,,0,,,0,,316172,300559,,,,15613,316172,52640,,,,,3616,56256,O
2024,14191,South Feather Water and Power Agency,CA,Political Subdivision,WECC,,,419826,,,,0,,,0,,419826,,419826,,,,419826,,,22814.8,,,,22814.8,O
2024,14192,Osage Valley Elec Coop Assn,MO,Cooperative,SERC,73.5,102,,288624,,,0,,,0,,288624,288624,,,,,288624,39870,,,,,,39870,O
2024,14194,City of Orrville - (OH),OH,Municipal,RFC,60.4,50.1,20252,347174,,,0,,,0,-2817,364609,299090,52948,1339,5189,6043,364609,30421,,2168,,,,32589,O
2024,14224,Otero County Electric Coop Inc,NM,Cooperative,WECC,42.7,34.4,,218972,,,0,,,0,,218972,201236,,,,17736,218972,33854,,,,,,33854,O
2024,14232,Otter Tail Power Co,MN,Investor Owned,MRO,808.2,980.9,3290430,3012593,,,0,,257477,-257477,,6045546,5681268,300885,,,63393,6045546,450719.2,0,11077.1,365.8,52861.5,6980,522003.6,O
2024,14238,Ouachita Electric Coop Corp,AR,Cooperative,SERC,41.9,56.2,,239024,,,0,,,0,,239024,238003,708,,,313,239024,26242,,59,,,154,26455,O
2024,14245,Overton Power District No 5,NV,Political Subdivision,WECC,124.8,92.9,,490830,,,0,,,0,,490830,462731,,,807,27292,490830,48942.4,,,,,2026.4,50968.8,O
2024,14246,City of Owatonna - (MN),MN,Municipal,MRO,74.4,58.7,,399831,,,0,,,0,,399831,381501,,8571,3648,6111,399831,45311.2,,,,,,45311.2,O
2024,14251,Owen Electric Coop Inc,KY,Cooperative,,524.9,564.8,,2927172,,,0,,,0,,2927172,2894675,,,1766,30731,2927172,240696,,,,,2915,243611,O
2024,14268,City of Owensboro - (KY),KY,Municipal,SERC,176.2,114,,825622,,,0,,,0,-16569,809053,752981,,,19031,37041,809053,81954,,,,,5261,87215,O
2024,14275,City of Oxford - (MS),MS,Municipal,SERC,55.8,52.4,0,233696,0,,0,0,0,0,0,233696,223060,0,0,0,10636,233696,25563,,0,0,0,465.3,26028.3,O
2024,14285,Ozark Border Electric Coop,MO,Cooperative,SERC,174.6,225.7,,739677,,,0,,,0,,739677,696536,,637,,42504,739677,79186,,,,,,79186,O
2024,14288,Ozark Electric Coop Inc - (MO),MO,Cooperative,SERC,155.8,160.4,,575877,,,0,,,0,,575877,543398,12009,,,20470,575877,73697.6,,851.2,,,,74548.8,O
2024,14289,Ozarks Electric Coop Corp - (AR),AR,Cooperative,SPP,384.7,389.7,,1658977,,,0,,,0,,1658977,1572457,,5026,,81494,1658977,200553,,,,,12698,213251,O
2024,14323,Pacific Northwest Generating Coop,OR,Cooperative,WECC,981.3,1468.5,38366,6037659,,,0,,,0,,6076025,,6073554,,,2471,6076025,,,218455.2,,34133.9,1683.7,254272.8,O
2024,14324,PUD No 2 of Pacific County,WA,Political Subdivision,WECC,43.6,91.2,,330669,,,0,,,0,,330669,311117,,671,,18881,330669,27484,,,,,,27484,O
2024,14328,Pacific Gas & Electric Co.,CA,Investor Owned,WECC,18987,12876,32455418,54243398,,,0,766390,751897,14493,,86713309,27133209,55244434,,,4335666,86713309,10230121,9491218.1,1915152,-627489,3712,-1094458,19918256.1,O
2024,14349,"Avangrid Power, LLC",OR,Retail Power Marketer,WECC,,,,16563750,4277,4277,0,,,0,,16563750,409225,16154525,,,,16563750,20957,,805290.5,,,,826247.5,O
2024,14354,PacifiCorp,OR,Investor Owned,WECC,11017,9026,44960268,20246502,7242591,6894534,348057,18978566,18900124,78442,-46727,65586542,58475154,2279646,,112074,4719668,65586542,6050338.5,10001.1,123793.7,106096.8,196258.8,100740.9,6587229.8,O
2024,14371,City of Paducah - (KY),KY,Municipal,SERC,135.4,92.9,59737,496827,,,0,,,0,,556564,524909,,,3517,28138,556564,76925.8,,,,,,76925.8,O
2024,14381,City of Painesville,OH,Municipal,RFC,52.9,35.9,-1147,241664,,,0,,,0,,240517,218529,,10433,,11555,240517,24731,,,,,,24731,O
2024,14398,Palmetto Electric Coop Inc,SC,Cooperative,SERC,362.9,409.8,,1594801,,,0,,,0,,1594801,1549535,,,2226,43040,1594801,190900.1,,,,2555,,193455.1,O
2024,14401,City of Palo Alto - (CA),CA,Municipal,WECC,183.7,135,,924076,,,0,,,0,,924076,892257,,4015,,27804,924076,159576,,,,,4990,164566,O
2024,14424,"Panola-Harrison Elec Coop, Inc",TX,Cooperative,SPP,94.6,131.6,,432039,,,0,,,0,,432039,414786,,,,17253,432039,36930.8,,,,,630.3,37561.1,O
2024,14446,Paragould Municipal Utilities,AR,Municipal,SPP,109,141,3713,586183,,,0,,,0,,589896,577692,,1772,,10432,589896,48065,,,,,,48065,O
2024,14455,City of Paris - (TN),TN,Municipal,SERC,114.5,126.5,0,572566,0,,0,0,0,0,0,572566,563197,0,0,0,9369,572566,56353,,0,0,0,1403.7,57756.7,O
2024,14468,People's Cooperative Services,MN,Cooperative,MRO,92.2,65.6,,376682,,,0,,,0,,376682,359493,,560,,16629,376682,54681.5,,,,,1722.5,56404,O
2024,14534,City of Pasadena - (CA),CA,Municipal,WECC,331,152,38527,1269689,,,0,,,0,,1308216,1009506,258417,,,40293,1308216,245140.2,,1771.9,,15776.4,994.7,263683.2,O
2024,14537,Pascoag Utility District,RI,Municipal,NPCC,14.5,12.4,,59793,,,0,,,0,-4692,55101,55101,,,,,55101,9209,,,,,,9209,O
2024,14563,Pearl River Valley El Pwr Assn,MS,Cooperative,SERC,250.6,369.1,,1121987,,,0,,,0,,1121987,1068842,,,,53145,1121987,143301.8,,,,,8754,152055.8,O
2024,14599,"Paulding-Putman Elec Coop, Inc",OH,Cooperative,RFC,67.9,67.3,0,376006,0,0,0,0,0,0,0,376006,354969,0,0,416,20621,376006,49234.4,,,,,467.5,49701.9,O
2024,14602,Pea River Electric Coop,AL,Cooperative,SERC,79.7,100.9,,337938,,,0,,,0,,337938,322993,,,645,14300,337938,52809.7,,,,,3174.2,55983.9,O
2024,14605,City of Peabody - (MA),MA,Municipal,NPCC,121.9,80.3,4584,474290,,,0,,,0,-856,478018,469249,,,1538,7231,478018,75458.5,,,,,,75458.5,O
2024,14606,"Peace River Electric Coop, Inc",FL,Cooperative,FRCC,252,201,,1244970,,,0,,,0,,1244970,1175553,,,,69417,1244970,139319,,,,,2656,141975,O
2024,14610,Orlando Utilities Comm,FL,Municipal,,1233,979,4971340,3486173,,,0,,,0,,8457513,7328540,963690,,,165283,8457513,824543.5,,36749.8,,16671.8,31477,909442.1,O
2024,14624,PUD No 2 of Grant County,WA,Political Subdivision,WECC,1015,1014,7890721,2498827,576599,562866,13733,249340,249340,0,0,10403281,6348697,2952899,896432,18330,186923,10403281,283443.1,0,312402.7,0,763,3230.5,599839.3,O
2024,14626,"Pedernales Electric Coop, Inc",TX,Cooperative,TRE,2197.9,2288.9,,8351562,,,0,,,0,,8351562,7928484,,,9245,413833,8351562,956667.3,,,,34570.7,16775,1008013,O
2024,14649,Planters Electric Member Corp,GA,Cooperative,SERC,85.8,86.6,,296159,,,0,,,0,,296159,282048,,,,14111,296159,40403,,,,,1505,41908,O
2024,14653,PUD No 1 of Pend Oreille County,WA,Political Subdivision,WECC,92,119.7,466094,1036634,,,0,,,0,,1502728,628131,855118,,862,18617,1502728,41044.1,,29493,,,9454.8,79991.9,O
2024,14668,Peninsula Light Company,WA,Cooperative,WECC,109.3,175,,641021,,,0,,,0,,641021,615369,,,,25652,641021,62594.8,,,,,4267.4,66862.2,O
2024,14715,PPL Electric Utilities Corp,PA,Investor Owned,RFC,7255,6953,,10872035,29038783,28074694,964089,707852,707852,0,,11836124,10169653,914173,,49916,702382,11836124,1660134.3,604884.1,1582.1,-100055.8,828084.3,150151.5,3144780.5,O
2024,14717,Pee Dee Electric Member Corp,NC,Cooperative,SERC,99.5,100.7,,420179,,,0,,,0,,420179,395179,,,634,24366,420179,54304.3,,,,,1187,55491.3,O
2024,14724,Pennyrile Rural Electric Coop,KY,Cooperative,SERC,272.9,310.4,0,1333896,0,,0,0,0,0,0,1333896,1271752,0,0,446,61698,1333896,145212,,0,0,0,6741.3,151953.3,O
2024,14775,People's Electric Cooperative,OK,Cooperative,SPP,159.2,172,285632,933676,,,0,,,0,,1219308,826184,366905,,651,25568,1219308,84545.4,,20493.6,,,14799.6,119838.6,O
2024,14839,City of Peru - (IN),IN,Municipal,RFC,54.9,43.1,5,242051,,,0,,,0,,242056,229910,,,,12146,242056,29400,,,,,767,30167,O
2024,14840,City of Peru - (IL),IL,Municipal,RFC,48.7,36.5,31142,216703,,,0,,,0,,247845,236004,,,,11841,247845,26101,,,,,175.2,26276.2,O
2024,14864,Petit Jean Electric Coop Corp,AR,Cooperative,SERC,73.1,111.2,,319954,,,0,,,0,,319954,296823,2018,0,,21113,319954,45076,,119,,,,45195,O
2024,14940,PECO Energy Co,PA,Investor Owned,RFC,8651,6180,,15341519,,,0,,,0,,15341519,14050189,3655,,2832,1284843,15341519,2106509.5,679640.7,108,,164507,318815,3269580.2,O
2024,14947,City of Philadelphia - (MS),MS,Municipal,SERC,25.6,24.3,0,110228,0,,0,0,0,0,0,110228,105620,0,0,149,4459,110228,12388,,0,0,0,328.6,12716.6,O
2024,14999,"Pilot Power Group, LLC",CA,Retail Power Marketer,,,,,1153759,,,0,,,0,,1153759,1114743,0,,,39016,1153759,111364,,0,,,,111364,O
2024,15016,Pickwick Electric Coop,TN,Cooperative,SERC,89.3,131.5,0,396085,0,,0,0,0,0,0,396085,377562,0,0,1431,17092,396085,49406,,0,0,0,1732.8,51138.8,O
2024,15023,Piedmont Electric Member Corp,NC,Cooperative,SERC,127.5,148,,543443,,,0,,,0,,543443,513427,,,1177,28839,543443,77669.2,,,,,791.2,78460.4,O
2024,15028,Piedmont Municipal Power Agny,SC,Political Subdivision,SERC,534.6,437.2,2310864,273162,1214327,1155432,58895,,,0,,2642921,,2592359,,,50562,2642921,,,239879,,,1607,241486,O
2024,15040,City of Pierre - (SD),SD,Municipal,MRO,37.8,35.5,,165789,,,0,,,0,,165789,159258,,,,6531,165789,14874,,,,,673.5,15547.5,O
2024,15045,Pike County Light & Power Co,NY,Investor Owned,NPCC,17,19,,71519,,,0,,,0,-2137,69382,69320,,,62,,69382,12784.3,1344.4,,,,,14128.7,O
2024,15048,Electrical Dist No2 Pinal County,AZ,Political Subdivision,WECC,74.8,45.3,2292,329492,,,0,,,0,,331784,274711,48063,425,,8585,331784,27489,,2425,,,1899,31813,O
2024,15054,"Pioneer Rural Elec Coop, Inc - (OH)",OH,Cooperative,RFC,130,120,,692724,,,0,,,0,,692724,677130,,,612,14982,692724,81183.6,,,,,450.7,81634.3,O
2024,15073,"Pioneer Electric Coop, Inc - (KS)",KS,Cooperative,SPP,164,139,0,1048542,0,0,0,0,0,0,0,1048542,968517,52522,0,1526,25977,1048542,70708,0,2975,0,0,162,73845,O
2024,15086,Pioneer Power and Light Co,WI,Investor Owned,RFC,8,5,,38492,,,0,,,0,,38492,24013,12131,,,2348,38492,3784,,2204,,,,5988,O
2024,15095,City of Piqua - (OH),OH,Municipal,RFC,60.7,49.7,381,300073,,,0,,,0,,300454,281641,,,18813,,300454,30981.9,,,,,160.1,31142,O
2024,15127,Placer County Water Agency,CA,Political Subdivision,WECC,209.8,209.8,765003,,,,0,,,0,,765003,,762664,,,2339,765003,,,39766.7,,,,39766.7,O
2024,15138,"Platte-Clay Electric Coop, Inc",MO,Cooperative,SERC,150,162,,631284,,,0,,,0,,631284,525593,80868,,1532,23291,631284,61518,,6083,,,2067,69668,O
2024,15141,Plateau Electric Cooperative,TN,Cooperative,SERC,86.2,74.7,0,458896,0,,0,0,0,0,0,458896,436655,0,0,513,21728,458896,46109,,0,0,0,2018.7,48127.7,O
2024,15143,Platte River Power Authority,CO,Political Subdivision,WECC,690.8,529.3,1754003,2635516,109878,14800,95078,,,0,,4484597,,4447744,,,36853,4484597,,,287364.8,,10157.9,,297522.7,O
2024,15145,City of Plattsburgh - (NY),NY,Municipal,NPCC,58.8,107.3,,540914,,,0,,,0,,540914,518079,,2541,735,19559,540914,21420,,,,,531.6,21951.6,O
2024,15159,City of Plymouth - (WI),WI,Municipal,MISO,52.6,38,0,264573,0,0,,0,0,,0,264573,259071,0,0,315,5187,264573,24347.9,,0,0,0,113.8,24461.7,O
2024,15175,Pointe Coupee Elec Member Corp,LA,Cooperative,SERC,50.3,53.8,,221517,,,0,,,0,,221517,211392,,,564,9561,221517,28068,,,,,785,28853,O
2024,15202,City of Ponca City - (OK),OK,Municipal,SPP,93.3,60.3,,363938,,,0,,,0,,363938,345977,,,,17961,363938,37291,,,,,8437,45728,O
2024,15211,Pontotoc Electric Power Assn,MS,Cooperative,SERC,104.5,110.4,0,459787,0,,0,0,0,0,0,459787,433112,0,0,429,26246,459787,54808,,0,0,0,2685.3,57493.3,O
2024,15229,City of Poplar Bluff - (MO),MO,Municipal,SPP,70.1,80.6,686,508803,,,0,,,0,,509489,327336,168314,8494,1902,3443,509489,34110.6,,5199.2,,,1056,40365.8,O
2024,15231,City of Port Angeles - (WA),WA,Municipal,WECC,51.8,93.2,,356829,,,0,,,0,,356829,345782,,,,11047,356829,24907,,,,,,24907,O
2024,15248,Portland General Electric Co,OR,Investor Owned,WECC,4367,3969,17049964,13893153,,,0,5075399,5068342,7057,,30950174,19272622,10305039,,27222,1345291,30950174,2751082,31947,588094,-36930,24044,102477,3460714,O
2024,15257,"Poudre Valley REA, Inc",CO,Cooperative,WECC,289.3,234.8,,1586527,,,0,,,0,,1586527,1546274,,,,40253,1586527,155218,,,,,-664.8,154553.2,O
2024,15263,The Potomac Edison Company,PA,Investor Owned,RFC,2977.5,3390.6,3687378,3925445,0,0,0,0,0,0,0,7612823,7566224,42047,0,4552,0,7612823,934488.6,90813.7,4339.1,-10952.2,19070.6,4295.3,1042055.1,O
2024,15270,Potomac Electric Power Co,DC,Investor Owned,RFC,5312,4330,0,9965263,0,0,0,0,0,0,0,9965263,9469062,0,0,5946,490255,9965263,1753194.6,866054.7,0,67451.5,318365.4,31148,3036214.2,O
2024,15291,Prairie Energy Coop,IA,Cooperative,MRO,55.8,49.5,165,337182,,,0,,,0,,337347,328898,2447,,,6002,337347,31422.7,,243.9,,,30.5,31697.1,O
2024,15293,Powell Valley Electric Coop,TN,Cooperative,SERC,128,188.9,0,705460,0,,0,0,0,0,0,705460,671252,0,0,2224,31984,705460,69268,,0,0,0,5394.5,16255,O
2024,15296,New York Power Authority,NY,State,NPCC,2821,2954,27412956,13228930,,,0,3878961,3878961,0,,40641886,17493614,22483263,4897,12808,647304,40641886,1080027,0,915732,57199,508925,874779,3436662,O
2024,15312,Village of Prairie Du Sac - (WI),WI,Municipal,MISO,12.3,8.6,0,50785,0,0,,0,0,,0,50785,50333,0,0,0,452,50785,5319.3,,0,0,0,38,5357.3,O
2024,15334,Prentiss County Elec Pwr Assn,MS,Cooperative,SERC,78.2,72.2,0,347675,0,,0,0,0,0,0,347675,335143,0,0,272,12260,347675,36139,,0,0,0,4382.6,40521.6,O
2024,15340,Presque Isle Elec & Gas Coop,MI,Cooperative,RFC,59,49.5,,270568,215,,215,,,0,,270783,246542,,,,24241,270783,46353,,,902,,1205,48460,O
2024,15344,Polk-Burnett Electric Coop,WI,Cooperative,MRO,54.9,50.4,,252274,,,0,,,0,,252274,237070,,,497,14707,252274,35568.1,,,,,641,36209.1,O
2024,15349,City of Preston,IA,Municipal,MISO,2.1,1.2,0,7466,0,0,0,0,0,0,0,7466,7139,0,0,0,327,7466,970.4,,0,0,0,0,970.4,O
2024,15410,Prince George Electric Coop,VA,Cooperative,SERC,72.9,95.1,,378245,,,0,,,0,,378245,362124,,,459,15662,378245,42573,,,,,,42573,O
2024,15419,PUD No 3 of Mason County,WA,Political Subdivision,,103.9,189,,710305,,,0,,,0,,710305,681973,,,1483,26849,710305,85217,,,,,5983,91200,O
2024,15444,Provo City Corp,UT,Municipal,WECC,189.1,128.5,,802125,,,0,,,0,,802125,775371,,2635,,24119,802125,74149,,,,,,74149,O
2024,15466,Public Service Co of Colorado,CO,Investor Owned,WECC,6834,5692,23554141,15705551,,,0,8608976,8608976,0,-1307546,37952146,28406644,7286805,,21910,2236787,37952146,3437274.6,,255705.2,,118077.5,34023.8,3845081.1,O
2024,15470,"Duke Energy Indiana, LLC",IN,Investor Owned,RFC,5840,6487,20435864,12892992,,,0,,,0,,33328856,26440606,4244278,,29158,2614814,33328856,2692092,,193838,8404,76606,54912,3025852,O
2024,15472,Public Service Co of NH,NH,Investor Owned,NPCC,1710,1285,,3115640,,,0,10836807,10836807,0,,3115640,2582399,247504,,,285737,3115640,568173.1,521354.8,20475.9,16345.3,144537.5,23502.7,1294389.3,O
2024,15473,Public Service Co of NM,NM,Investor Owned,WECC,2147,1576,5230105,10191430,134445,132545,1900,9178688,9178688,0,,15423435,9874655,3275260,,19353,2254167,15423435,1149490.9,,66494.4,,141058,-2753.3,1354290,O
2024,15474,Public Service Co of Oklahoma,OK,Investor Owned,SPP,4198,3263,9896109,10637276,361105,361105,0,579933,579933,0,,20533385,19127158,497944,,17,908266,20533385,1761350.8,,19252,-9349,45661,42815,1859729.8,O
2024,15477,Public Service Elec & Gas Co,NJ,Investor Owned,RFC,10152,6357,141305,25765838,,,0,,,0,,25907143,24881125,141305,22467,862246,,25907143,4338520.7,797573.2,6741,,692003,39011,5873848.9,O
2024,15500,Puget Sound Energy Inc,WA,Investor Owned,WECC,3832,4957,14295585,17015402,505520,495678,9842,8022347,8022347,0,,31320829,21161605,9109896,,50978,998350,31320829,2992310.5,18629.6,381543.5,0,15281,24934.2,3432698.8,O
2024,15507,City of Pulaski - (TN),TN,Municipal,SERC,90.6,110.7,0,453128,0,,0,0,0,0,0,453128,430278,0,0,1636,21214,453128,50759,,0,0,0,1556.7,52315.7,O
2024,15671,Randolph Electric Member Corp,NC,Cooperative,SERC,128.7,148.5,,550680,,,0,,,0,,550680,522533,,,,28147,550680,77726.8,,,,,,77726.8,O
2024,15700,Rayle Electric Membership Corp,GA,Cooperative,SERC,70.6,94,,315034,,,0,,,0,,315034,299147,,,351,15536,315034,42083,,,,,7.5,42090.5,O
2024,15711,Rainbow Energy Marketing Corp,ND,Wholesale Power Marketer,MRO,,,,4758524,,,0,,,0,-4388,4754136,,4754136,,,,4754136,,,210167,,,,210167,O
2024,15746,Red River Valley Rrl Elec Assn,OK,Cooperative,SPP,103,134,,498621,,,0,,,0,,498621,478891,,,409,19321,498621,45667,,,,,344,46011,O
2024,15748,Town of Reading - (MA),MA,Municipal,NPCC,158.8,98.9,602,657349,,,0,,,0,,657951,638948,3837,,542,14624,657951,90888.1,,477.2,,,4173.6,95538.9,O
2024,15776,Central Florida Tourism Oversight District,FL,Municipal,FRCC,194.8,174.5,,1215895,,,0,,,0,,1215895,1163466,,,52429,,1215895,109306,,,,,,109306,O
2024,15783,City of Redding - (CA),CA,Municipal,WECC,240.9,108.3,291806,833161,,,0,,,0,,1124967,764596,333894,2803,0,23674,1124967,136890,0,11868.3,0,0,5601.8,154360.1,O
2024,15787,Redlands Water & Power Company,CO,Investor Owned,WECC,1.4,1.4,6677,,,,0,,,0,,6677,,6677,,,,6677,,,262,,,,262,O
2024,15804,Reedsburg Utility Comm,WI,Municipal,MISO,44.8,38.3,0,235553,0,0,,0,0,,0,235553,231080,0,0,0,4473,235553,22331.9,,0,0,0,82.1,22414,O
2024,15847,Reliant Energy Retail Services,TX,Retail Power Marketer,TRE,,,,48139153,,,0,,,0,,48139153,45562793,,,,2576360,48139153,5428534.3,,,,,,5428534.3,O
2024,15978,City of Richland Center - (WI),WI,Municipal,MISO,20.5,14.9,0,110273,0,0,,0,0,,0,110273,107951,0,0,0,2322,110273,9942.6,,0,0,0,11.6,9954.2,O
2024,15979,City of Richland - (WA),WA,Municipal,WECC,205.6,238.1,,993138,,,0,,,0,,993138,957871,,,,35267,993138,75414,,,,,4601,80015,O
2024,15989,City of Richmond - (IN),IN,Municipal,RFC,151,145.9,,902581,,,0,,,0,,902581,873053,,1,2683,26844,902581,96878,,,,,1011.4,97889.4,O
2024,16057,"Rio Grande Electric Coop, Inc",TX,Cooperative,TRE,154.4,138.9,,636487,,,0,,,0,,636487,580984,,,588,54915,636487,73398.7,,,,825.1,6595.5,80819.3,O
2024,16060,Riverland Energy Cooperative,WI,Cooperative,MRO,66.3,55.4,,305190,,,0,,,0,,305190,284391,8279,,346,12174,305190,43936.5,,538.4,,,296.5,44771.4,O
2024,16063,"Rita Blanca Electric Coop, Inc",TX,Cooperative,SPP,190.8,71.1,,1065046,,,0,,,0,,1065046,1013422,,,,51624,1065046,59197,,,,,110,59307,O
2024,16082,City of River Falls,WI,Municipal,MISO,31.7,20.9,1177,130558,0,0,,0,0,,0,131735,128213,0,0,0,3522,131735,15320.9,,0,0,0,253.5,15574.4,O
2024,16088,City of Riverside - (CA),CA,Municipal,WECC,658.5,274.6,95818,2164538,,,0,,,0,,2260356,2141863,,,118493,,2260356,376296,,,,37229,17753,431278,O
2024,16101,Roanoke Electric Member Corp,NC,Cooperative,SERC,65.6,68.2,,278939,,,0,,,0,,278939,260919,,,,18020,278939,49926,,,,,,49926,O
2024,16146,"Navasota Valley Elec Coop, Inc",TX,Cooperative,TRE,90.6,110.8,,435954,,,0,,,0,,435954,409506,,,382,26066,435954,57354.2,,,,,1111.2,58465.4,O
2024,16177,"Robison Energy, LLC",NY,Retail Power Marketer,NY,11.7,7.1,,42371,,,0,,,0,,42371,42371,,,,,42371,5456.3,,,,,,5456.3,O
2024,16179,Rochelle Municipal Utilities,IL,Municipal,RFC,65.1,68.7,421307,16934,,,0,,,0,,438241,402663,,,,35578,438241,44156,,,,,691.3,44847.3,O
2024,16181,Rochester Public Utilities,MN,Municipal,MRO,290.5,173.9,76586,1163055,,,0,,,0,,1239641,1133267,66249,,5858,34267,1239641,169137.1,,5846.6,,5532.2,7699.3,188215.2,O
2024,16183,Rochester Gas & Electric Corp,NY,Investor Owned,NPCC,1505.3,1069.6,4979,3634562,385,,385,74209,71985,2224,,3642150,3134197,240444,,10047,257462,3642150,558151.4,254727.4,9453,,1054.3,91083.1,914469.2,O
2024,16195,City of Rock Hill - (SC),SC,Municipal,SERC,201.1,148.2,,878771,,,0,,,0,,878771,851823,,,,26948,878771,105582,,,,,,105582,O
2024,16196,Rock Energy Cooperative,WI,Cooperative,MRO,117.6,91.3,,546936,,,0,,,0,,546936,524139,,,264,22533,546936,55076,,,,,416,55492,O
2024,16213,Rockland Electric Co,NY,Investor Owned,NPCC,401,200,,1089113,,,0,,,0,,1089113,1076760,,,1373,10980,1089113,217524.4,27493,,,4456,1160.1,250633.5,O
2024,16223,City of Rockwood - (TN),TN,Municipal,SERC,66.6,82,0,303981,0,,0,0,0,0,0,303981,288207,0,0,452,15322,303981,36357,,0,0,0,945.1,37302.1,O
2024,16226,City of Rocky Mount - (NC),NC,Municipal,,165.3,133.1,,773516,,,0,,,0,,773516,749986,,,,23530,773516,77186,,,,,1404,78590,O
2024,16259,City of Rolla - (MO),MO,Municipal,SERC,61.2,75,167,319111,,,0,,,0,,319278,300630,167,,,18481,319278,27494,,28.5,,,236,27758.5,O
2024,16286,Rosebud Electric Coop Inc,SD,Cooperative,MRO,16.8,29.2,,94668,,,0,,,0,,94668,87756,,198,,6714,94668,8984.1,,,,,127.1,9111.2,O
2024,16295,City of Roseville - (CA),CA,Municipal,WECC,361.6,179.1,560499,652027,,,0,687,687,0,,1212526,1181965,8205,,,22356,1212526,200833.6,,6066.1,,,4419.2,211318.9,O
2024,16368,Runestone Electric Assn,MN,Cooperative,MRO,46.3,60.3,,243925,,,0,,,0,,243925,228930,,,805,14190,243925,32120,,,,,118,32238,O
2024,16382,"Rural Electric Coop, Inc - (OK)",OK,Cooperative,SPP,105.1,103.4,,646571,,,0,,,0,,646571,623498,,,469,22604,646571,56107.1,,,,,,56107.1,O
2024,16443,Rushmore Electric Pwr Coop Inc,SD,Cooperative,MRO,248.7,304.5,,1266931,,,0,,,0,,1266931,,1266931,,,,1266931,,,80504.4,-2584.9,,1554.9,79474.4,O
2024,16458,City of Russellville - (AL),AL,Municipal,SERC,28.8,26.7,0,143558,0,,0,0,0,0,0,143558,138427,0,0,114,5016,143558,16851,,0,0,0,494.3,17345.3,O
2024,16459,City of Russellville - (KY),KY,Municipal,SERC,27.4,23.8,0,120154,0,,0,0,0,0,0,120154,116579,0,0,484,3091,120154,13200,,0,0,0,420.7,13620.7,O
2024,16461,"Rusk County Electric Coop, Inc",TX,Cooperative,SPP,128.1,173.9,,536881,,,0,,,0,,536881,501159,,,,35722,536881,59034.5,,,,,647.6,59682.1,O
2024,16463,City of Ruston - (LA),LA,Municipal,SERC,74,50,,303723,,,0,,,0,,303723,297397,,,,6326,303723,14332,,,,,,14332,O
2024,16496,Rutherford Elec Member Corp,NC,Cooperative,SERC,308.4,412.3,,1409732,,,0,,,0,,1409732,1332577,,,1134,76021,1409732,163371,,,,,4353.6,167724.6,O
2024,16534,Sacramento Municipal Util Dist,CA,Political Subdivision,WECC,3147,1542,7264859,7943974,,,0,,,0,,15208833,10721201,4131264,,16972,339396,15208833,1781725.5,,131962,,3601.9,-46430.2,1870859.2,O
2024,16537,Safe Harbor Water Power Corp,PA,Investor Owned,RFC,,,1059662,0,0,0,0,0,0,0,0,1059662,0,1048036,0,0,11626,1059662,0,0,55828,0,0,0,55828,O
2024,16555,Salem Electric - (OR),OR,Cooperative,WECC,78.4,75.3,,331933,,,0,,,0,,331933,317801,,,,14132,331933,33518,,,,,255,33773,O
2024,16558,City of Salem - (VA),VA,Municipal,RFC,78.6,64.4,,360836,,,0,,,0,,360836,342911,,,,17925,360836,49003.8,,,,,593.1,49596.9,O
2024,16565,Salmon River Electric Coop Inc,ID,Cooperative,WECC,17,22,,107354,,,0,,,0,,107354,102311,,,362,4681,107354,7527,,,,,538,8065,O
2024,16572,Salt River Project,AZ,Political Subdivision,WECC,8258,5209,32746812,13646087,130476,135379,-4903,64416,64416,0,,46387996,33577274,11202532,0,0,1608190,46387996,3890069,,514099,,36863,36311,4477342,O
2024,16587,Salt River Electric Coop Corp,KY,Cooperative,RFC,278.3,342.7,,1339121,,,0,,,0,,1339121,1293215,,374,,45532,1339121,133846.1,,,,,1804.4,135650.5,O
2024,16603,"San Luis Valley R E C, Inc",CO,Cooperative,WECC,62.4,33.1,,223315,,,0,,,0,,223315,203412,,,1111,18792,223315,35929,,,,,140,36069,O
2024,16604,City of San Antonio - (TX),TX,Municipal,TRE,5835,5346,29481316,8962970,,,0,,,0,,38444286,25254756,10544284,,45666,2599580,38444286,2799182,,525131,,,30111,3354424,O
2024,16606,"Santee Electric Coop, Inc",SC,Cooperative,SERC,236.8,282.8,,1185366,,,0,,,0,,1185366,1147989,,,1388,35989,1185366,131370.4,,,,,1788.6,133159,O
2024,16609,San Diego Gas & Electric Co,CA,Investor Owned,WECC,5032,3215,2157008,9812657,1751815,1751815,0,,,0,,11969665,3207120,7421965,,57610,1282970,11969665,1186796.5,2529955.4,602322.7,-226792.5,282681.4,529563.9,4904527.4,O
2024,16611,Access Energy Coop,IA,Cooperative,SERC,71,63.7,,431745,,,0,,,0,,431745,422272,,420,,9053,431745,39588.7,,,,,-802.5,38786.2,O
2024,16612,City & County of San Francisco,CA,Municipal,WECC,139.3,141.9,1216531,361558,,,0,,,0,,1578089,953680,614142,0,0,10267,1578089,183008.6,0,20777.7,0,0,0,203786.3,O
2024,16613,Sam Houston Electric Coop Inc,TX,Cooperative,SERC,486,598,,1883805,,,0,,,0,,1883805,1850194,,,,33611,1883805,215060,,,,7185,3428,225673,O
2024,16616,"San Isabel Electric Assn, Inc",CO,Cooperative,WECC,83.1,79.3,,437039,,,0,,,0,,437039,410690,,,3771,22578,437039,56586.1,,,,,1800.9,58387,O
2024,16622,"San Miguel Power Assn, Inc",CO,Cooperative,WECC,27,45.8,,228268,,,0,,,0,,228268,215839,,,11606,823,228268,32433.8,,,,,123.1,32556.9,O
2024,16624,"San Miguel Electric Coop, Inc",TX,Cooperative,TRE,395,398,1311276,,,,0,,,0,,1311276,,1311276,,,,1311276,,,165589.9,,1714.8,2090.9,169395.6,O
2024,16627,San Patricio Electric Coop Inc,TX,Cooperative,TRE,56.3,71.8,,270077,,,0,,,0,,270077,251407,,313,,18357,270077,31280.7,,,,,243,31523.7,O
2024,16629,Sand Mountain Electric Coop,AL,Cooperative,SERC,137.9,207.1,0,666914,0,,0,0,0,0,0,666914,632197,0,0,653,34064,666914,78434,,0,0,0,2381.9,80815.9,O
2024,16637,City of Sandersville - (GA),GA,Municipal,SERC,232.7,224.1,,1574121,,,0,,,0,,1574121,1570000,,,,4121,1574121,73251.9,,,,,1590.2,74842.1,O
2024,16638,"San Bernard Electric Coop, Inc",TX,Cooperative,TRE,176.3,185,,833064,,,0,,,0,,833064,798505,,781,,33778,833064,98328.4,,,,,0,98328.4,O
2024,16655,City of Santa Clara - (CA),CA,Municipal,WECC,704.8,713.5,3610774,1090010,,,0,,,0,,4700784,4700784,,,,,4700784,724477.2,,,,,,724477.2,O
2024,16674,Satilla Rural Elec Member Corporation,GA,Cooperative,SERC,279.4,308.9,,1217194,,,0,,,0,,1217194,1159497,,,1110,56587,1217194,138444.5,,,,,12321.4,150765.9,O
2024,16740,Scenic Rivers Energy Coop,WI,Cooperative,MRO,53.9,43.5,,233361,,,0,,,0,,233361,226237,,,399,6725,233361,33175.2,,,399,,165,33739.2,O
2024,16751,Three Rivers Electric Coop,MO,Cooperative,SERC,97.5,127.4,,428109,,,0,,,0,,428109,401595,,,461,26053,428109,47992.7,,,,,678.2,48670.9,O
2024,16805,SEMO Electric Cooperative,MO,Cooperative,SERC,88.1,81.5,,369989,,,0,,,0,,369989,351742,,,,18247,369989,43869.9,,,,,5623.7,49493.6,O
2024,16821,Sam Rayburn Municipal Pwr Agny,TX,Political Subdivision,SERC,66,68.8,,305272,,,0,,,0,,305272,,305272,,,,305272,,,20593,,,,20593,O
2024,16829,City of Scottsboro - (AL),AL,Municipal,SERC,65.6,65.2,0,329204,0,,0,0,0,0,0,329204,317058,0,0,532,11614,329204,33876,,0,0,0,1412.7,35288.7,O
2024,16840,"Calpine Energy Solutions, LLC",CA,Retail Power Marketer,WECC,,,,44912330,,,0,,,0,,44912330,44912330,,,,,44912330,3141928.6,,,,,,3141928.6,O
2024,16865,Sawnee Electric Membership Corporation,GA,Cooperative,SERC,1085,799.4,,3934041,,,0,,,0,,3934041,3790212,,3070,,140759,3934041,421176.9,,,,,28830,450006.9,O
2024,16868,City of Seattle - (WA),WA,Municipal,WECC,1435,2027,4533707,6491171,3474701,3308847,165854,46317,46317,0,-4742,11185990,9042276,1764382,0,15998,363334,11185990,1129433,,103981,-2405,7848,20389,1259246,O
2024,16900,City of Seguin - (TX),TX,Municipal,TRE,80.6,71.6,,372305,,,0,,,0,,372305,353465,,,,18840,372305,33681,,,,,,33681,O
2024,16930,Sequachee Valley Electric Coop,TN,Cooperative,SERC,177.9,229.3,0,897321,0,,0,0,0,0,0,897321,856061,0,0,1117,40143,897321,103328,,0,0,0,3870.4,107198.4,O
2024,16949,Sevier County Electric System,TN,Municipal,SERC,344.4,503.1,0,1703752,0,,0,0,0,0,0,1703752,1657826,0,0,836,45090,1703752,188826,,0,0,0,3599.1,192425.1,O
2024,16971,Shakopee Public Utilities Comm,MN,Municipal,MRO,105.1,64,,449243,,,0,,,0,,449243,426613,,1211,3258,18161,449243,57464,,,,,1556,59020,O
2024,17008,"Sharyland Utilities, LLC",TX,Transmission,,25.7,26.6,,,,,,,,,,,,,,,,,,,,,47245.5,1129.6,48375.1,O
2024,17011,Shawano Municipal Utilities,WI,Municipal,RFC,47.9,41.2,,267611,,,0,,,0,,267611,263048,,,,4563,267611,25292.3,,,,,161,25453.3,O
2024,17033,Sheffield Utilities,AL,Municipal,SERC,126.7,149.7,0,723344,0,,0,0,0,0,0,723344,696610,0,0,0,26734,723344,66829,,0,0,0,1950.3,68779.3,O
2024,17038,RushShelby Energy,IN,Cooperative,RFC,93.1,93.1,,456866,,,0,,,0,,456866,438129,,,409,18328,456866,56916,,,,,392,57308,O
2024,17040,"Shelby Electric Coop, Inc - (IL)",IL,Cooperative,RFC,49.7,45.1,,254798,,,0,,,0,,254798,234864,,,253,19681,254798,35769.9,,,,,233.3,36003.2,O
2024,17044,"Shelby Energy Coop, Inc - (KY)",KY,Cooperative,SERC,99.1,128.4,,471317,,,0,,,0,,471317,471317,,,,,471317,53382,,,,,,53382,O
2024,17047,City of Shelbyville - (TN),TN,Municipal,SERC,74.7,84.3,0,368618,0,,0,0,0,0,0,368618,358813,0,0,250,9555,368618,37082,,0,0,0,955.8,38037.8,O
2024,17066,Shenandoah Valley Elec Coop,VA,Cooperative,SERC,563,594.5,,2502967,,,0,,,0,,2502967,2397259,,,1263,104445,2502967,291136.8,,,,,3436,294572.8,O
2024,17106,Sho-Me Power Electric Coop,MO,Cooperative,SERC,679.1,969.1,533,3201094,,,0,1094508,1094508,0,,3201627,,3199329,2298,,,3201627,,,202905,,8675,-2774,208806,O
2024,17127,Town of Shrewsbury - (MA),MA,Municipal,NPCC,58.6,47.8,5967,209692,876479,804617,71862,,,0,,287521,279248,,,1387,6886,287521,37909,,,,,,37909,O
2024,17166,Sierra Pacific Power Co,NV,Investor Owned,WECC,2127,1379,5502804,3856027,2101879,2101879,0,,,0,,9358831,8654196,686514,,18121,0,9358831,1027687.1,9103.8,40657.2,-103,28217,4955.4,1110517.5,O
2024,17177,City of Sikeston - (MO),MO,Municipal,SPP,69,79,1592418,366371,214,829,-615,,,0,,1958174,350213,1583045,3623,21293,,1958174,30631.6,,57181,,,,87812.6,O
2024,17184,City of Siloam Springs - (AR),AR,Municipal,SPP,67.7,51.3,,310980,,,0,,,0,,310980,306374,,,1838,2768,310980,29047,,,,,,29047,O
2024,17252,Singing River Elec Cooperative,MS,Cooperative,SERC,344,473.3,,1550524,,,0,,,0,,1550524,1475828,,,2439,72257,1550524,190400.1,,,,,11617,202017.1,O
2024,17260,North West Rural Electric Coop,IA,Cooperative,MRO,130.8,145.9,0,782032,0,0,0,,,0,,782032,757885,846,0,492,22809,782032,57771.6,0,71.4,0,0,215.4,58058.4,O
2024,17261,Slope Electric Coop Inc,ND,Cooperative,MRO,26.3,38.6,,215972,,,0,,,0,,215972,204675,,,556,10741,215972,19429,,,,,541,19970,O
2024,17267,Sioux Valley SW Elec Coop,SD,Cooperative,MRO,163.4,169.2,,941895,,,0,,,0,,941895,923965,,2020,,15910,941895,101972.6,,,,,713.5,102686.1,O
2024,17324,Slinger Utilities,WI,Municipal,MISO,11.2,8.6,0,43885,0,0,,0,0,,0,43885,41885,0,0,0,2000,43885,4978,,0,0,0,62.7,5040.7,O
2024,17452,City of Smithville - (TN),TN,Municipal,SERC,24.5,18.8,0,117124,0,,0,0,0,0,0,117124,112203,0,0,90,4831,117124,11241,,0,0,0,224.9,11465.9,O
2024,17470,PUD No 1 of Snohomish County,WA,Political Subdivision,WECC,1112,1603,427447,8569029,0,0,0,0,0,0,0,8996476,6805383,2031807,1284,18099,139903,8996476,716078,0,103988,0,13965,28697,862728,O
2024,17512,Village of Solvay - (NY),NY,Municipal,NPCC,76,78,,536161,,,0,,,0,,536161,536161,,,,,536161,28559,,,,,,28559,O
2024,17513,Southern California P P A,CA,Political Subdivision,WECC,,,6972331,6733000,,,0,,,0,,13705331,,13705331,,,,13705331,,,954050,,,,954050,O
2024,17534,"South Alabama Elec Coop, Inc",AL,Cooperative,SERC,93.2,109.5,,426279,,,0,,,0,,426279,408957,,,,17322,426279,55868,,,,,,55868,O
2024,17539,"Dominion Energy South Carolina, Inc",SC,Investor Owned,SERC,4710,4428,19041598,4116856,,,0,1254808,1219548,35260,,23193714,21722082,318139,0,72110,1081383,23193714,2566477.7,,15268.6,,15813.8,52757.6,2650317.7,O
2024,17540,"South Central Ark El Coop, Inc",AR,Cooperative,SERC,55.6,71.5,,261556,,,0,,,0,,261556,250060,,,,11496,261556,29255,,,,,3384,32639,O
2024,17543,South Carolina Public Service Authority,SC,State,SERC,4949,5325,20396807,6981192,511196,335506,175690,132189,132189,0,0,27553689,10086715,17052988,0,28008,385978,27553689,731646.1,0,1149345.7,0,0,27136,1908127.8,O
2024,17548,South Central Public Pwr Dist,NE,Political Subdivision,SPP,100.7,52.8,0,370185,0,0,0,68714,68016,698,,370883,364850,0,0,0,6033,370883,25335.6,0,0,0,215.9,104.8,25656.3,O
2024,17550,South Central Electric Assn,MN,Cooperative,MRO,39.2,35.8,,235183,,,0,,,0,,235183,227582,,233,,7368,235183,24927,,,,,128,25055,O
2024,17554,"South Carolina Genertg Co, Inc",SC,Investor Owned,SERC,570,582,1898619,,,,0,,,0,,1898619,,1898619,,,,1898619,,,193070.2,,,38.9,193109.1,O
2024,17561,South Plains Electric Coop Inc,TX,Cooperative,TRE,422.3,291,,1824972,,,0,,,0,,1824972,1751518,25,,,73429,1824972,165241,,1.5,-6358,,1366.4,160250.9,O
2024,17564,South Kentucky Rural E C C,KY,Cooperative,SERC,276.5,481.9,,1307602,,,0,,,0,,1307602,1238844,,,1134,67624,1307602,150065,,,,,3860,153925,O
2024,17565,South Louisiana Elec Coop Assn,LA,Cooperative,SERC,124,127.1,,523753,,,0,,,0,,523753,501606,,,,22147,523753,69060,,,,,,69060,O
2024,17568,Cooperative Energy,MS,Cooperative,SERC,1642,2041,11442076,4662990,,,0,,,0,,16105066,,15873525,,,231541,16105066,,,1003544.3,190.5,,11943.7,1015678.5,O
2024,17572,South River Elec Member Corp,NC,Cooperative,SERC,206.7,262.8,,885763,,,0,,,0,,885763,846750,,,325,38688,885763,106714,,,,,5579,112293,O
2024,17577,City of South Sioux City,NE,Municipal,MRO,43.2,40.5,,239739,,,0,,,0,,239739,231691,,,3184,4864,239739,20703.3,,,,,,20703.3,O
2024,17583,"South Texas Electric Coop, Inc",TX,Cooperative,TRE,1967.2,2160.2,920740,9620827,,,0,,,0,,10541567,,10186281,,32125,323161,10541567,,,675742,,272,1404,677418,O
2024,17585,"Southeastern IL Elec Coop, Inc",IL,Cooperative,RFC,160.4,195.1,,757055,,,0,,,0,,757055,734016,,804,,22235,757055,92537,,,267,,436,93240,O
2024,17592,Southeast Colorado Power Assn,CO,Cooperative,WECC,59.2,28.8,,273291,,,0,,,0,,273291,248249,3729,,1,21312,273291,35509,,336,,,,35845,O
2024,17599,Southeastern Indiana R E M C,IN,Cooperative,RFC,121.2,149.7,,537393,,,0,,,0,,537393,510855,,,,26538,537393,71269.6,,,,,1428.2,72697.8,O
2024,17603,Southeastern Electric Coop Inc - (OK),OK,Cooperative,SPP,98.1,131.7,,676258,,,0,,,0,,676258,454416,,,209760,12082,676258,35825.3,,,41681,,,77506.3,O
2024,17609,Southern California Edison Co,CA,Investor Owned,WECC,23809,12296,10975259,57243486,0,0,0,7857894,7812119,45775,0,68264520,51346501,11536904,0,242981,5138134,68264520,13598653,3742677,767826.5,-904872.1,209599.3,1102814.2,18516697.9,O
2024,17612,Bear Valley Electric Service,CA,Investor Owned,WECC,28.7,38,1454,156172,14662,5948,8714,,,0,,166340,138275,,,533,27532,166340,40267.1,,,,,790,41057.1,O
2024,17622,Southern Electric Gen Co,AL,Investor Owned,SERC,,,1416128,,,,0,,,0,,1416128,,1416128,,,,1416128,,,233731,,,4234,237965,O
2024,17632,Southern Illinois Power Coop,IL,Cooperative,SERC,403,454.2,1615912,727641,,,0,,,0,,2343553,,2316543,,354,26656,2343553,,,193115.3,,,647.7,193763,O
2024,17633,Southern Indiana Gas & Elec Co,IN,Investor Owned,RFC,1178,947,1961695,2995382,8324713,8228312,96401,,,0,,5053478,4818812,289,,13231,221146,5053478,622629.3,,3367.4,-44590.2,26480,9274.2,617160.7,O
2024,17637,Southern Maryland Elec Coop Inc,MD,Cooperative,RFC,853.8,864.3,,1079504,2421752,,2421752,,,0,,3501256,3383453,,,8406,109397,3501256,475145.5,2547.4,,248.5,,52707,530648.4,O
2024,17642,Southern Public Power District,NE,Political Subdivision,MRO,327.1,146.6,,1432187,,,0,,,0,,1432187,1371779,,,,60408,1432187,89328.3,,,,58.9,13611.2,102998.4,O
2024,17646,"Southern Pine Elec Coop, Inc",AL,Cooperative,SERC,89.4,127.7,,496873,,,0,,,0,,496873,477814,,,101,18958,496873,60505,,,,,883,61388,O
2024,17647,Southern Pine Electric Cooperative,MS,Cooperative,SERC,456.3,552.8,,1947848,,,0,,,0,,1947848,1878290,,,,69558,1947848,229386.5,,,,,4800,234186.5,O
2024,17671,Southwest Arkansas E C C,AR,Cooperative,,148.2,177.6,0,752055,0,0,0,0,0,0,0,752055,715012,0,0,0,37043,752055,79920.6,0,0,0,0,6514.9,86435.5,O
2024,17683,Southwest Mississippi E P A,MS,Cooperative,SERC,101,133.5,,491931,,,0,,,0,,491931,462323,,,425,29183,491931,62379.9,,,,,1799.4,64179.3,O
2024,17684,Southwest Louisiana E M C,LA,Cooperative,SERC,608,815.9,,2665177,,,0,,,0,,2665177,2526261,41424,,,97492,2665177,291261.8,,2070.2,,,7331.5,300663.5,O
2024,17692,Southwest Public Power Dist,NE,Political Subdivision,MRO,90.8,28.3,,238906,,,0,,,0,,238906,220619,3681,,465,14141,238906,22313.9,,234.1,,88.5,96.6,22733.1,O
2024,17693,"Southwest Texas Elec Coop, Inc",TX,Cooperative,TRE,47,43,,336421,,,0,,,0,,336421,311739,,,,24682,336421,28085,,,,,,28085,O
2024,17694,Southwest Tennessee E M C,TN,Cooperative,SERC,258.2,231.7,0,986193,0,,0,0,0,0,0,986193,933005,0,0,1989,51199,986193,122792,,0,0,0,14186.1,136978.1,O
2024,17697,Southwestern Electric Coop Inc - (IL),IL,Cooperative,SERC,113.7,95.9,0,496076,,,0,,,0,,496076,483576,,,,12500,496076,64317.3,,,,,371.9,64689.2,O
2024,17698,Southwestern Electric Power Co,OK,Investor Owned,SPP,4593,4845,15189520,8316081,,,0,,,0,,23505601,16404504,5879284,,351594,870219,23505601,1650261.1,,193388.2,-191269.3,179297.5,33967.9,1865645.4,O
2024,17710,"Spark Energy, LP",TX,Retail Power Marketer,TRE,,,,520273,,,0,,,0,,520273,487648,,,,32625,520273,82441,,,,,,82441,O
2024,17715,Southwestern Electric Coop Inc - (NM),NM,Cooperative,WECC,44.4,39.2,,295140,,,0,,,0,,295140,288139,,,,7001,295140,25056.5,,,,,,25056.5,O
2024,17716,Southwestern Power Administration,OK,Federal,MRO,1763,1708,4521482,306576,33672,299661,-265989,,,0,,4562069,,4481514,0,,80555,4562069,,,169814,,28220,,198034,O
2024,17718,Southwestern Public Service Co,TX,Investor Owned,SPP,4458,3559,15973950,13437266,,,0,9728251,9728251,0,,29411216,25255426,3199388,,18267,938135,29411216,1731019.4,0,132995,,286789,-226934,1923869.4,O
2024,17732,Spanish Fork City Corporation,UT,Municipal,WECC,86,57,,330041,,,0,,,0,,330041,307879,,9439,,12723,330041,28350,,,,,,28350,O
2024,17740,City of Sparta,TN,Municipal,SERC,26.1,19.5,0,126336,0,,0,0,0,0,0,126336,123067,0,0,53,3216,126336,12842,,0,0,0,462.4,13304.4,O
2024,17826,"Springer Electric Coop, Inc",NM,Cooperative,WECC,27.4,28.4,2030,206138,,,0,,,0,,208168,199642,5236,,,3290,208168,17991,,604,,,353,18948,O
2024,17828,City of Springfield - (IL),IL,Municipal,SERC,376,291,611680,1092027,,,0,,,0,,1703707,1468493,141384,12395,4246,77189,1703707,186945.7,,3808.7,,,3059.4,193813.8,O
2024,17829,City of Springfield - (TN),TN,Municipal,SERC,63.8,64.5,0,300903,0,,0,0,0,0,0,300903,288207,0,0,0,12696,300903,26809,,0,0,0,318.3,27127.3,O
2024,17832,Snapping Shoals El Member Corp,GA,Cooperative,SERC,553.8,543.9,,2173473,,,0,,,0,,2173473,2118165,,,2794,52514,2173473,248252,,,4242,,9466.8,261960.8,O
2024,17833,City Utilities of Springfield - (MO),MO,Municipal,,731,563,2544344,1792017,,,0,,,0,,4336361,3076381,1112036,44925,,103019,4336361,304330,0,23008.8,-4375.2,2933.1,5238.5,331135.2,O
2024,17839,City of Springfield - (OR),OR,Municipal,WECC,133.9,150.7,,748523,,,0,,,0,,748523,723508,,,,25015,748523,56824.9,,,,,2796.5,59621.4,O
2024,17845,City of Springville - (UT),UT,Municipal,WECC,72,44.9,12395,297843,,,0,,,0,-2697,307541,294571,,8599,1050,3321,307541,33322.4,,,,,,33322.4,O
2024,17858,Square Butte Electric Coop,ND,Cooperative,MRO,495,499,3016577,,,,0,,,0,,3016577,,3016577,,,,3016577,,,174813.9,,,,174813.9,O
2024,17860,City of St Charles - (IL),IL,Municipal,RFC,115,70.5,0,490861,,,0,,,0,,490861,473681,,,,17180,490861,60236,,,,,,60236,O
2024,17874,City of St George,UT,Municipal,WECC,223.5,110.3,148028,598283,,,0,,,0,,746311,716819,,15234,,14258,746311,76170.5,,,,,,76170.5,O
2024,17896,City of Shasta Lake - (CA),CA,Municipal,WECC,37.9,31.4,,199209,,,0,,,0,,199209,194439,,,,4770,199209,33960.3,,,,,,33960.3,O
2024,18006,City of Starkville,MS,Municipal,SERC,96.3,75.8,0,451341,0,,0,0,0,0,0,451341,435925,0,0,0,15416,451341,46498,,0,0,0,1072.7,47570.7,O
2024,18019,Stearns Cooperative Elec Assn,MN,Cooperative,MRO,102.2,107.6,21,546530,,,0,,,0,,546551,524307,,,187,22057,546551,68617.6,,,,,334.2,68951.8,O
2024,18022,City of Statesville - (NC),NC,Municipal,SERC,98.1,84.9,,458429,,,0,,,0,,458429,439931,,,,18498,458429,45324,,,,,4456,49780,O
2024,18047,Steele-Waseca Cooperative Electric,MN,Cooperative,MRO,62.6,53.4,,360840,,,0,,,0,,360840,350225,,,,10615,360840,43463.7,,0,,,-110.4,43353.3,O
2024,18085,South Central Power Company,OH,Cooperative,RFC,555.8,502.5,,2878087,,,0,,,0,,2878087,2682570,64184,,2515,128818,2878087,361360.2,,5502.7,,8435.8,6604.9,381903.6,O
2024,18125,Stillwater Utilities Authority,OK,Municipal,SPP,122,88,,486705,,,0,,,0,,486705,439551,,14417,,32737,486705,53564,,,,,4744,58308,O
2024,18181,City of Stoughton - (WI),WI,Municipal,MISO,36.2,24.1,0,146082,0,0,,0,0,,0,146082,139990,0,0,152,5940,146082,15817.6,,0,0,0,216.5,16034.1,O
2024,18193,Direct Energy Business,PA,Retail Power Marketer,,,,,65150223,,,0,,,0,,65150223,62049914,1571025,,,1529284,65150223,5311546,,70444,,,,5381990,O
2024,18203,Tallapoosa River Elec Coop Inc,AL,Cooperative,SERC,133,190,,624055,,,0,,,0,,624055,604721,,,,19334,624055,81001,,,,,1942,82943,O
2024,18205,Strawberry Water Users Assn,UT,Investor Owned,WECC,,,14491,,,,0,,,0,,14491,,14491,,,,14491,,,739,,,,739,O
2024,18206,Strawberry Electric Serv Dist,UT,Political Subdivision,WECC,18.6,10.5,,66595,,,0,,,0,,66595,63343,,,,3252,66595,9629.5,,,,,,9629.5,O
2024,18249,City of Sturgeon Bay - (WI),WI,Municipal,MISO,31.9,25.7,0,152716,0,0,,0,0,,0,152716,147190,0,0,0,5526,152716,16253.8,,0,0,0,392.3,16646.1,O
2024,18252,City of Sturgis - (MI),MI,Municipal,RFC,46.1,33.3,12729,210903,0,0,0,0,0,0,0,223632,205082,0,0,0,18550,223632,26039,0,0,0,0,0,26039,O
2024,18260,Surprise Valley Electrification,CA,Cooperative,WECC,37.3,16.9,,158611,,,0,,,0,,158611,142279,,,546,15786,158611,17796,,,58.8,8,111,17973.8,O
2024,18280,Sulphur Springs Valley E C Inc,AZ,Cooperative,WECC,228.8,119.6,112034,868388,,,0,,,0,,980422,935282,0,,1988,43152,980422,112308.1,,,,,4297.3,116605.4,O
2024,18304,"Sumter Electric Coop, Inc",FL,Cooperative,FRCC,966.7,834.9,,4287051,,,0,,,0,,4287051,4145223,,,5944,135884,4287051,504402.7,,,,,14320.7,518723.4,O
2024,18305,Sumter Electric Member Corp,GA,Cooperative,SERC,110.2,108.9,,393227,,,0,,,0,,393227,373938,,607,,18682,393227,54357.1,,,,,761.9,55119,O
2024,18312,Sun Prairie Utilities,WI,Municipal,MISO,72.5,48,0,299202,0,0,,0,0,,0,299202,290168,0,0,2728,6306,299202,31256.1,,0,0,0,460.3,31716.4,O
2024,18315,Sunflower Electric Power Corp,KS,Cooperative,SPP,894,597,1488855,3605679,0,0,0,,,0,,5094534,,4929177,,,165357,5094534,,,214499,,155032.6,,369531.6,O
2024,18336,Superior Water and Light Co,WI,Investor Owned,MRO,142,140,,1033941,,,0,,,0,,1033941,1023802,,,,10139,1033941,94454.6,,,,,3994.8,98449.4,O
2024,18339,Surry-Yadkin Elec Member Corp,NC,Cooperative,SERC,89.6,107.3,,398764,,,0,,,0,,398764,371991,,,,26773,398764,58656.5,,,,,4962.6,63619.1,O
2024,18360,Suwannee Valley Elec Coop Inc,FL,Cooperative,FRCC,127,116,,586240,,,0,,,0,,586240,563261,,,,22979,586240,74999,,,,,2504,77503,O
2024,18384,City of Sweetwater,TN,Municipal,SERC,51.9,66.5,0,258489,0,,0,0,0,0,0,258489,249322,0,0,0,9167,258489,28021,,0,0,0,905.3,28926.3,O
2024,18397,City of Sylvania - (GA),GA,Municipal,SERC,75.1,76.3,,848844,,,0,,,0,,848844,822930,,,,25914,848844,37511.1,,,,,3366.8,40877.9,O
2024,18429,City of Tacoma - (WA),WA,Municipal,WECC,718.3,992.9,2140141,3630088,29827,2082,27745,1521953,1521953,0,0,5797974,4364464,1186392,0,10428,236690,5797974,405383.9,0,66257.4,0,9610.2,683.8,481935.3,O
2024,18445,City of Tallahassee - (FL),FL,Municipal,FRCC,593.8,590.5,2984545,119672,,,0,,,0,,3104217,2785584,279400,,,39233,3104217,319082.1,,8555.4,2324.8,0.1,17211.7,347174.1,O
2024,18447,Tallahatchie Valley E P A,MS,Cooperative,SERC,137.6,171.4,0,626481,0,,0,0,0,0,0,626481,502705,0,0,1804,121972,626481,63873,,0,0,0,8117.2,71990.2,O
2024,18449,"Talquin Electric Coop, Inc",FL,Cooperative,FRCC,217,272,161,1053639,,,0,,,0,,1053800,1007419,3140,295,595,42351,1053800,138679.4,,348.2,,,2772.9,141800.5,O
2024,18454,Tampa Electric Co,FL,Investor Owned,FRCC,4323,3208,20300788,1911766,,,0,946030,936346,9684,,22222238,20701622,342969,,34737,1142910,22222238,2570159.2,,12168.8,,9387.2,45927.9,2637643.1,O
2024,18466,Town of Tarboro - (NC),NC,Municipal,SERC,45.7,34.3,,222747,,,0,,,0,,222747,214699,,,,8048,222747,24257,,,,,,24257,O
2024,18472,City of Tarrant,AL,Municipal,SERC,13.2,14.6,0,65223,0,,0,0,0,0,0,65223,64279,0,0,254,691,65223,8421,,0,0,0,323.9,8744.9,O
2024,18476,"Tara Energy, LLC",TX,Retail Power Marketer,,,,,1319431,,,0,,,0,,1319431,1319431,,,,,1319431,156178,,,,,,156178,O
2024,18488,City of Taunton,MA,Municipal,NPCC,142.6,99,142374,451448,41744,,41744,,,0,,635566,596200,18117,3477,,17772,635566,125020,,2427,-4389,,1705,124763,O
2024,18498,Taylor County Rural E C C,KY,Cooperative,RFC,107,164,,581915,,,0,,,0,,581915,552403,,319,,29193,581915,61450,,,,,768,62218,O
2024,18499,Three Notch Elec Member Corp,GA,Cooperative,SERC,84.5,59.2,,243517,,,0,,,0,,243517,229153,,378,,13986,243517,40531.2,,,,,957.4,41488.6,O
2024,18589,"Rayburn Country Elec Coop, Inc",TX,Cooperative,TRE,1374.6,1602.2,3718416,1626663,,,0,,,0,,5345079,,5196791,,,148288,5345079,,,362826,,1,,362827,O
2024,18642,Tennessee Valley Authority,TN,Federal,,31096,34577,137030700,1873457,27589891,245581,27344310,5526129,5361828,164301,-164301,166248467,21504450,141878750,0,22923,2842344,166248467,1014292.4,0,11311992,0,0,6009,12332293.4,O
2024,18643,Tennessee Valley Electric Coop,TN,Cooperative,SERC,92.2,105.6,0,401972,0,,0,0,0,0,0,401972,382684,0,0,752,18536,401972,47574,,0,0,0,1272.8,48846.8,O
2024,18848,City of Thomasville - (GA),GA,Municipal,SERC,100.6,103.2,,524327,,,0,,,0,,524327,496012,,,,28315,524327,59656.4,,,,,,59656.4,O
2024,18917,Tillamook Peoples Utility Dist,OR,Political Subdivision,WECC,69.5,109.5,,508962,,,0,,,0,,508962,489573,,1063,,18326,508962,46835,,,,,630,47465,O
2024,18940,Tipmont Rural Elec Member Corp,IN,Cooperative,RFC,136.3,106.6,,583984,,,0,,,0,,583984,557883,,,691,25410,583984,78780.3,,,,,1685.7,80466,O
2024,18943,Tippah Electric Power Assn,MS,Cooperative,SERC,77.8,67.9,0,347742,0,,0,0,0,0,0,347742,296679,0,0,0,51063,347742,36233,,0,0,0,3096.7,39329.7,O
2024,18951,Tishomingo County E P A,MS,Cooperative,SERC,85.3,86.1,0,457905,0,,0,0,0,0,0,457905,440225,0,0,264,17416,457905,42713,,0,0,0,3642.5,46355.5,O
2024,18955,"Tri-County Electric Coop, Inc (IL)",IL,Cooperative,RFC,80.4,82.4,1278,391919,,,0,0,,0,,393197,376447,,,113,16637,393197,52329.7,,,,132.8,466.4,52928.9,O
2024,18956,Tri-County Elec Member Corp (GA),GA,Cooperative,SERC,94.3,131.8,,430300,,,0,,,0,,430300,409606,,,676,20018,430300,56484,,,,,2247.9,58731.9,O
2024,18957,Tri-County Elec Member Corp (NC),NC,Cooperative,SERC,129,142.2,,572972,,,0,,,0,,572972,544684,,,,28288,572972,64818.5,,,,,474.8,65293.3,O
2024,18976,Trinity Valley Elec Coop Inc,TX,Cooperative,,396.3,622.4,,1574459,,,0,,,0,,1574459,1535799,,,38216,444,1574459,166831.5,,,,914.7,21583.7,189329.9,O
2024,18995,Tenaska Power Services,TX,Retail Power Marketer,TRE,,,,103781464,,,0,,,0,,103781464,11421713,92359751,,,,103781464,567843.4,,3220261.2,,,,3788104.6,O
2024,18997,The Toledo Edison Co,OH,Investor Owned,RFC,2222.9,1871.2,0,954346,0,0,0,0,0,0,0,954346,887766,0,0,5806,60774,954346,148891.3,296905,0,-8317.5,0,23068.2,460547,O
2024,19007,Tombigbee Electric Power Assn,MS,Cooperative,SERC,260.1,268.7,0,1169768,0,,0,0,0,0,0,1169768,1104228,0,0,706,64834,1169768,129313,,0,0,0,9475.2,138788.2,O
2024,19048,Toledo Bend Project Joint Oper,TX,State,SERC,80,80,351281,,,,0,,,0,,351281,,349695,,1,1585,351281,,,10784,,,,10784,O
2024,19090,"ENGIE Energy Marketing NA, Inc",TX,Wholesale Power Marketer,TRE,,,,25292015,,,0,,,0,,25292015,,25292015,,,,25292015,,,776890.8,,,,776890.8,O
2024,19096,TransAlta Energy Marketing (U.S.) Inc.,NY,Wholesale Power Marketer,WECC,,,,18848818,,,0,,,0,,18848818,,18848818,,,,18848818,,,1207860,,,,1207860,O
2024,19107,ENGIE Resources LLC,TX,Retail Power Marketer,TRE,,,,41655640,,,0,,,0,,41655640,40000882,,,,1654758,41655640,3208187.5,,,,,,3208187.5,O
2024,19108,Tideland Electric Member Corp,NC,Cooperative,,90.4,99.6,,386733,,,0,,,0,,386733,355892,,,548,30293,386733,52604,,,,,1002,53606,O
2024,19125,City of Traverse City - (MI),MI,Municipal,RFC,70.8,51.7,,336754,,,0,,,0,,336754,336754,,,,,336754,35739,,,,3463,412,39614,O
2024,19126,"TriEagle Energy, L.P.",TX,Retail Power Marketer,TRE,,,,1649436,,,0,,,0,,1649436,1649436,,,,,1649436,247020.1,,,,,,247020.1,O
2024,19149,City of Trenton - (TN),TN,Municipal,SERC,14.7,14,0,62980,0,,0,0,0,0,0,62980,61096,0,0,0,1884,62980,7318,,0,0,0,211.9,7529.9,O
2024,19154,Tri-State Electric Member Corp,GA,Cooperative,SERC,72.9,111.6,0,334582,0,,0,0,0,0,0,334582,315228,0,0,375,18979,334582,45027,,0,0,0,1145.5,46172.5,O
2024,19156,Powder River Energy Corp,WY,Cooperative,WECC,250.9,320,,2032865,,,0,,,0,,2032865,1956497,,,2304,74064,2032865,162590.8,,,,,3181.2,165772,O
2024,19157,MiEnergy Cooperative,MN,Cooperative,MRO,128.2,112.1,33,692466,,,0,,,0,,692499,560545,97996,,,33958,692499,71540.1,,6839.1,,,1978.4,80357.6,O
2024,19159,"Tri-County Electric Coop, Inc (TX)",TX,Cooperative,TRE,879.9,963.8,0,3286149,0,0,0,0,0,0,0,3286149,3271958,0,0,50,14141,3286149,396512.3,0,0,0,0,4706.5,401218.8,O
2024,19160,"Tri-County Electric Coop, Inc (OK)",OK,Cooperative,SPP,151.1,119.5,,934464,,,0,,,0,,934464,872062,,,1376,61026,934464,100518.7,,,1120,,235.7,101874.4,O
2024,19161,"Tri-County Electric Coop, Inc (FL)",FL,Cooperative,FRCC,79.1,74.4,,404102,,,0,,,0,,404102,383031,,,,21071,404102,52831.6,,,,,3411.3,56242.9,O
2024,19162,Tri-County Elec Member Corp (TN),TN,Cooperative,SERC,256.8,377.2,0,1295438,0,,0,0,0,0,0,1295438,1231959,0,0,1431,62048,1295438,142393,,0,0,0,3224,145617,O
2024,19189,Trico Electric Cooperative Inc,AZ,Cooperative,WECC,262.3,127.6,380,919156,,,0,13786,12916,870,,920406,873866,9673,,1639,35228,920406,117192.7,0,661.4,,,1961.7,119815.8,O
2024,19219,Diverse Power Incorporated,GA,Cooperative,SERC,247,185.2,,790285,,,0,,,0,,790285,762455,,,,27830,790285,114308.4,,,,,2436,116744.4,O
2024,19225,City of Troy - (AL),AL,Municipal,SERC,85.4,73.9,,471524,,,0,,,0,,471524,456962,,,,14562,471524,33312.9,,,,,7785,41097.9,O
2024,19266,Tullahoma Board-Public Utils,TN,Municipal,SERC,62.4,70.2,0,291660,0,,0,0,0,0,0,291660,279812,0,0,726,11123,291660,30950,,0,0,0,1708.9,32658.9,O
2024,19273,City of Tupelo - (MS),MS,Municipal,SERC,128.7,87.1,0,601847,0,,0,0,0,0,0,601847,582437,0,0,561,18849,601847,57603,,0,0,0,882.3,58485.3,O
2024,19277,TDX North Slope Generating Co,AK,Investor Owned,AK,8,9,51016,,,,0,,,0,,51016,47662,,,,3354,51016,11825,,,,,,11825,O
2024,19281,Turlock Irrigation District,CA,Political Subdivision,WECC,707,340,2598586,811556,12160,23881,-11721,25075,25075,0,-752,3397669,2244427,1014247,0,51794,87201,3397669,320288,0,58921,0,0,32868,412077,O
2024,19293,Southeastern Electric Coop Inc - (SD),SD,Cooperative,MRO,133.5,122,,828700,,,0,,,0,,828700,811697,,,1291,15712,828700,81875,,,,,587.1,82462.1,O
2024,19307,City of Tuscumbia,AL,Municipal,SERC,22.3,24,0,98531,0,,0,0,0,0,0,98531,94728,0,0,183,3619,98531,11633,,0,0,0,321.1,11954.1,O
2024,19324,Two Rivers Water & Light,WI,Municipal,MISO,13.6,19.2,0,83851,0,0,,0,0,,0,83851,80210,0,0,0,3641,83851,9164.1,,0,0,0,50,9214.1,O
2024,19325,Umatilla Electric Coop Assn,OR,Cooperative,WECC,1163.8,1077.3,1479,8599386,,,0,110872,110872,0,,8600865,8431930,,,3522,165413,8600865,580654.3,,,,2398.8,2199.1,585252.2,O
2024,19327,"TXU Energy Retail Co, LLC",TX,Retail Power Marketer,,,,,64563189,,,0,,,0,,64563189,64563189,,,,,64563189,6907653,,,,,,6907653,O
2024,19389,Upper Missouri G&T El Coop Inc,MT,Cooperative,MRO,1791.8,2030.3,,15196960,,,0,,,0,,15196960,,15196960,,,,15196960,,,853908.4,,,4675.7,858584.1,O
2024,19390,"UGI Utilities, Inc",PA,Investor Owned,RFC,214.6,189.1,,830080,,,0,,,0,,830080,754088,127,,1987,73878,830080,129829.2,6962.3,19,,9983.8,1174.7,147969,O
2024,19396,Tri-County Electric Coop (MI),MI,Cooperative,RFC,94.1,65,,386038,,,0,,,0,,386038,364199,,,,21839,386038,58399.3,,,,,1900.9,60300.2,O
2024,19430,City of Union City,TN,Municipal,SERC,62.7,52,0,317650,0,,0,0,0,0,0,317650,310097,0,0,149,7404,317650,28797,,0,0,0,714.8,29511.8,O
2024,19435,Union Electric Membership Corp - (NC),NC,Cooperative,SERC,443,334,,1684656,,,0,,,0,,1684656,1614663,,,,69993,1684656,197672,,,678,,1682,200032,O
2024,19436,Union Electric Co - (MO),MO,Investor Owned,SERC,7199,6726,32058525,4055132,,,0,,,0,,36113657,30764248,4011469,,,1337940,36113657,3274085.4,0,461102.5,1520.4,32858.6,0,3769566.9,O
2024,19445,"Southern Indiana R E C, Inc",IN,Cooperative,RFC,75.5,68.7,,437258,,,0,,,0,,437258,428231,,,,9027,437258,43401,,,,,826,44227,O
2024,19446,Duke Energy Kentucky,KY,Investor Owned,RFC,845,720,2635581,2064439,,,0,,,0,,4700020,3974760,463781,,320,261159,4700020,471230.8,,19921.9,,4312.2,11772.4,507237.3,O
2024,19490,United Electric Coop Service Inc - (TX),TX,Cooperative,TRE,590,799,,2893381,,,0,,,0,,2893381,2759009,,,2811,131561,2893381,324533,,,,,4410,328943,O
2024,19497,United Illuminating Co,CT,Investor Owned,NPCC,1168,651,2791468,2219790,,,0,5662413,5662413,0,,5011258,2295382,,,,2715876,5011258,715250.4,325628.2,,,26104.6,25918.1,1092901.3,O
2024,19499,"United Power, Inc",CO,Cooperative,WECC,649.4,497.6,,3526445,,,0,,,0,,3526445,3454494,,68848,3103,,3526445,410092,,,,,1086.3,411178.3,O
2024,19501,"Union Rural Electric Coop, Inc",OH,Cooperative,RFC,101.7,80.3,,515456,,,0,,,0,,515456,502998,,,657,11801,515456,62348.6,,,,,329.3,62677.9,O
2024,19502,"United Electric Co-op, Inc - (ID)",ID,Cooperative,WECC,67.5,59.8,,381846,,,0,1522,1522,0,,381846,363470,,,,18376,381846,23289.4,,,,31.1,,23320.5,O
2024,19545,"Black Hills Power, Inc.",SD,Investor Owned,WECC,388,346,1915842,802744,176410,264139,-87729,,,0,,2630857,1870005,689637,,,71215,2630857,230085,,33318,0,42019,23651,329073,O
2024,19547,Hawaiian Electric Co Inc,HI,Investor Owned,HI,1052,1028,3912807,2694728,,,0,,,0,,6607535,6134550,,,16115,456870,6607535,2246646.2,,,,,32922.5,2279568.7,O
2024,19558,Homer Electric Assn Inc,AK,Cooperative,AK,67.8,75.7,111,516531,0,0,0,0,0,0,0,516642,488211,984,0,1944,25503,516642,113848.8,0,4.9,185.1,0,854.6,114893.4,O
2024,19574,Upper Cumberland E M C,TN,Cooperative,SERC,231.3,335.8,0,1088696,0,,0,0,0,0,0,1088696,1036974,0,0,1767,49954,1088696,129476,,0,0,0,3759.3,133235.3,O
2024,19578,Upper Peninsula Power Company,MI,Investor Owned,RFC,132,115,77509,659461,,,0,,,0,,736970,655536,23515,,2377,55542,736970,123932,2346,478,-2963,0,2119,125912,O
2024,19579,Upshur Rural Elec Coop Corp,TX,Cooperative,SPP,229.7,338.4,,985582,,,0,,,0,,985582,924584,,,,60998,985582,107886,,,,,936,108822,O
2024,19603,USBIA-Mission Valley Power,MT,Federal,WECC,85.6,138.9,,433613,,,0,,,0,,433613,407206,,,2207,24200,433613,35253,,,,,8153,43406,O
2024,19604,USBIA-San Carlos Project,AZ,Federal,WECC,62.9,46.1,,244578,,,0,,,0,,244578,230533,,,,14045,244578,43168,,,,,3816,46984,O
2024,19667,Utilities Dist-Western IN REMC,IN,Cooperative,RFC,74.9,86.6,0,342745,0,0,0,0,0,0,0,342745,324742,0,0,507,17496,342745,49098.1,0,0,0,0,444,49542.1,O
2024,19728,"UNS Electric, Inc",AZ,Investor Owned,WECC,527,311,940571,1335937,798,1,797,0,0,0,,2277305,1905700,280320,,829,90456,2277305,294800.5,,11284.6,,0,15893.3,321978.4,O
2024,19780,Vermont Public Power Supply Authority,VT,Political Subdivision,NPCC,,,38600,352211,,,0,,,0,,390811,,390811,,,,390811,,,31211,,,,31211,O
2024,19784,Vera Irrigation District #15,WA,Political Subdivision,WECC,54,60.5,,245797,,,0,,,0,,245797,238017,,,,7780,245797,21675,,,,,499,22174,O
2024,19785,Verdigris Valley Elec Coop Inc,OK,Cooperative,SPP,209.8,207.9,,788258,,,0,,,0,,788258,742650,,,662,44946,788258,86892.7,,,,,,86892.7,O
2024,19790,Verendrye Electric Coop Inc,ND,Cooperative,MRO,91,126.2,0,592642,0,0,0,0,0,0,0,592642,575612,0,0,939,16091,592642,53020.3,0,0,0,0,137.5,53157.8,O
2024,19791,"Vermont Electric Cooperative, Inc",VT,Cooperative,NPCC,81.6,81.9,,565886,,,0,,,0,,565886,474490,54127,,575,36694,565886,93556.3,,2019.5,,1835.9,8585.3,105997,O
2024,19792,"Vermont Electric Power Co, Inc",VT,Transmission,NPCC,,,,,,,0,3596257,3573337,22920,,22920,,,,,22920,22920,,,,,240346,,240346,O
2024,19798,City of Vernon,CA,Municipal,WECC,175.5,166.3,367888,715000,,,0,,,0,,1082888,1035075,,,,47813,1082888,194339.1,,,,,,194339.1,O
2024,19806,"Victoria Electric Coop, Inc",TX,Cooperative,TRE,138.1,146.2,,656032,,,0,,,0,,656032,624894,,,,31138,656032,64816.8,0,0,0,0,3395.1,68211.9,O
2024,19820,Victory Electric Coop Assn Inc,KS,Cooperative,SPP,161.4,106.7,,854810,,,0,,,0,,854810,828835,,,,25975,854810,71250,,,,,548,71798,O
2024,19840,"Valley Electric Assn, Inc",NV,Cooperative,WECC,153.2,136.8,,631066,33178,20308,12870,,,0,,643936,590871,,,2808,50257,643936,90490.4,,,,1366.9,8613.5,100470.8,O
2024,19856,City of Vineland - (NJ),NJ,Municipal,RFC,159.9,101.8,136829,594296,,,0,,,0,,731125,707739,,3021,2000,18365,731125,115311.7,,,,,4028.7,119340.4,O
2024,19869,Vinton Public Power Authority,LA,Political Subdivision,SERC,8.2,323.7,,477846,,,0,,,0,,477846,442573,35273,,,,477846,24906,,2634,,,,27540,O
2024,19876,Virginia Electric & Power Co,VA,Investor Owned,SERC,18409,17409,76233909,22809951,,,0,,,0,,99043860,92951664,1683331,,282722,4126143,99043860,9800053.7,38745.8,193499.3,0,341924.9,-493516,9880707.7,O
2024,19882,Virginia Tech Electric Service,VA,State,RFC,59.5,58.1,,333951,0,0,0,0,0,0,0,333951,329025,0,0,0,4926,333951,47687,0,0,0,0,272.7,47959.7,O
2024,19885,Virginia Mun Elec Assn No 1,VA,Municipal Mktg Authority,SERC,273,272,5115,1434230,,,0,,,0,,1439345,,1439345,,,,1439345,,,50847,,,10,50857,O
2024,19896,City of Volga - (SD),SD,Municipal,MRO,10.4,9.9,,65038,,,0,,,0,,65038,64849,,,189,,65038,5984.6,,,,,660.9,6645.5,O
2024,19898,Volunteer Electric Coop,TN,Cooperative,SERC,536.7,745,0,2705699,0,,0,0,0,0,0,2705699,2566400,0,0,1973,137326,2705699,287493,,0,0,0,7544.4,295037.4,O
2024,19950,Vermont Electric Trans Co Inc,VT,Transmission,NPCC,,,,,,,0,5562825,5562825,0,,0,,,,,0,0,,,,,1596,,1596,O
2024,19951,City of Wadsworth - (OH),OH,Municipal,RFC,62.7,43.8,,289193,,,0,,,0,,289193,273649,,7423,8121,,289193,28586,,,,,,28586,O
2024,19981,Wake Electric Membership Corp,NC,Cooperative,SERC,233.5,214.9,,924402,,,0,,,0,,924402,884421,,,1108,38873,924402,111597.5,,,,,1107,112704.5,O
2024,20038,Town of Wallingford - (CT),CT,Municipal,NPCC,127.8,86.6,,553762,,,0,,,0,,553762,544086,,,111,9565,553762,73707,,,,,643.1,74350.1,O
2024,20065,Walton Electric Member Corp,GA,Cooperative,SERC,854.9,798.4,0,4081221,0,0,0,0,0,0,0,4081221,4014607,0,0,3746,62868,4081221,396770.2,0,0,0,0,330.9,397101.1,O
2024,20130,Warren Rural Elec Coop Corp,KY,Cooperative,SERC,465.7,550.9,0,2383341,0,,0,0,0,0,0,2383341,2293575,0,0,736,89030,2383341,234181,,0,0,0,9253.2,243434.2,O
2024,20140,City of Washington - (GA),GA,Municipal,SERC,104.3,98.9,,782506,,,0,,,0,,782506,766204,,,,16302,782506,39737.2,,,,,98.1,39835.3,O
2024,20142,City of Washington - (NC),NC,Municipal,SERC,65,58,,277371,,,0,,,0,,277371,262507,,,14864,,277371,33607.4,,,,,,33607.4,O
2024,20146,Washington Elec Member Corp,GA,Cooperative,SERC,92.6,102.8,,472400,,,0,,,0,,472400,446598,,,813,24989,472400,49035.9,,,,,2485.5,51521.4,O
2024,20160,Energy Northwest,WA,State,WECC,1228.4,1278.8,10239416,,,,0,,,0,,10239416,,10239416,,,,10239416,,,514549,,,33529,548078,O
2024,20169,Avista Corp,WA,Investor Owned,WECC,1831,1869,8163171,5424379,,935,-935,4708379,4708379,0,,13586615,9412853,3788591,,14531,370640,13586615,999173,0,231161,,35825,60734,1326893,O
2024,20176,City of Water Valley - (MS),MS,Municipal,SERC,13.4,12,0,66915,0,,0,0,0,0,0,66915,63140,0,0,25,3750,66915,6329,,0,0,0,240.4,6569.4,O
2024,20182,Waterloo Light & Water Comm,WI,Municipal,MISO,8.1,6,0,34609,0,0,,0,0,,0,34609,32339,0,0,0,2270,34609,4309.7,,0,0,0,57,4366.7,O
2024,20187,Watertown Municipal Utilities,SD,Municipal,MRO,75.2,69.2,,401987,,,0,,,0,,401987,389998,,,,11989,401987,32396,,,,868,1447,34711,O
2024,20188,City of Watertown - (NY),NY,Municipal,NPCC,,,21649,,,,0,,,0,,21649,,13453,,8196,,21649,,,3806,,,,3806,O
2024,20211,Village of Waunakee - (WI),WI,Municipal,MISO,36.4,21.7,0,140453,0,0,,0,0,,0,140453,136593,0,0,144,3716,140453,14679.1,,0,0,0,48.1,14727.2,O
2024,20213,Waupun Utilities,WI,Municipal,MISO,23.1,16.3,0,110508,0,0,,0,0,,0,110508,107518,0,0,0,2990,110508,10609.8,,0,0,0,125.8,10735.6,O
2024,20216,Whitewater Valley Rural EMC,IN,Cooperative,RFC,60.4,59,,259962,,,0,,,0,,259962,248536,,,207,11219,259962,34658,,,,,506,35164,O
2024,20222,Wayne-White Counties Elec Coop,IL,Cooperative,RFC,84.8,82.3,0,408180,,,0,,,0,,408180,393807,,,,14373,408180,49352.4,,,,,178,49530.4,O
2024,20228,Weakley County Mun Elec Sys,TN,Municipal,SERC,112.3,129.1,0,482550,0,,0,0,0,0,0,482550,457606,0,0,0,24944,482550,51926,,0,0,0,1480.9,53406.9,O
2024,20230,Weatherford Mun Utility System,TX,Municipal,TRE,107.9,127.2,,432061,,,0,,,0,,432061,425888,,,,6173,432061,50578,,,,,,50578,O
2024,20310,Town of Wellesley - (MA),MA,Municipal,NPCC,55.3,37.3,,244990,244990,244990,0,458,458,0,,244990,244865,,125,,0,244990,38063,13.8,,,,,38076.8,O
2024,20318,Webster Electric Coop,MO,Cooperative,SERC,95.2,117.3,,424496,,,0,,,0,,424496,410052,,491,,13953,424496,39996.9,,,,,1195.7,41192.6,O
2024,20332,Wells Rural Electric Co,NV,Cooperative,WECC,89,92,,668479,,,0,,,0,,668479,653966,,,1549,12964,668479,39813.4,,,,,509,40322.4,O
2024,20334,Wellsborough Electric Co,PA,Investor Owned,RFC,19.4,18.9,0,100696,0,0,0,0,0,0,0,100696,78699,103,18217,207,3470,100696,11843.4,744.6,17.9,0,0,552.6,13158.5,O
2024,20363,West Central Electric Coop Inc - (MO),MO,Cooperative,SERC,77.8,101.8,,347245,,,0,,,0,,347245,332394,,,236,14615,347245,37001.5,,,,,-99,36902.5,O
2024,20371,"West Florida El Coop Assn, Inc",FL,Cooperative,SERC,119.7,152.6,,553751,,,0,,,0,,553751,529877,,,595,23279,553751,74645,,,,,3798.5,78443.5,O
2024,20377,West Kentucky Rural E C C,KY,Cooperative,SERC,202.1,190.4,0,929027,0,,0,0,0,0,0,929027,886505,0,0,560,41962,929027,97378,,0,0,0,2643.8,100021.8,O
2024,20382,City of West Memphis - (AR),AR,Municipal,,78,66,369958,562176,,,0,,,0,-567619,364515,364515,,,,,364515,35543,,,,,,35543,O
2024,20394,City of West Point - (MS),MS,Municipal,SERC,26.5,19.2,0,118057,0,,0,0,0,0,0,118057,113755,0,0,0,4302,118057,12595,,0,0,0,266.3,12861.3,O
2024,20401,West River Electric Assn Inc,SD,Cooperative,MRO,81,81,,355491,,,0,,,0,,355491,337321,,,1285,16885,355491,45417,,,,,1538,46955,O
2024,20404,AEP Texas North Company,OK,Investor Owned,TRE,,,,,,,,,,,,,,,,,,,,234064.4,,,235671,,469735.4,O
2024,20413,Mountrail-Williams Elec Coop,ND,Cooperative,MRO,805.4,850.9,,6405188,,,0,,,0,,6405188,6298269,,6377,,100542,6405188,446427.6,,,,,17801.9,464229.5,O
2024,20421,Western Minnesota Mun Pwr Agny,SD,Political Subdivision,MRO,554.1,510.9,1264901,,,,0,,,0,,1264901,,1264901,,,,1264901,,,90798.6,,,1303.8,92102.4,O
2024,20434,City of Westby,WI,Municipal,MISO,6.1,4,0,25577,0,0,,0,0,,0,25577,24521,0,0,0,1056,25577,2657.8,,0,0,0,12.1,2669.9,O
2024,20447,"Western Farmers Elec Coop, Inc",OK,Cooperative,SPP,2203,2276,3093678,10304017,,,0,,,0,-149708,13247987,,12983623,,,264364,13247987,,,754143,-4334,60879,23213,833901,O
2024,20472,"Wharton County Elec Coop, Inc",TX,Cooperative,TRE,52.8,43.3,,254291,,,0,,,0,,254291,246749,,,199,7343,254291,26337,,,,,479,26816,O
2024,20476,Western Coop Electric Assn Inc,KS,Cooperative,SPP,61.3,50.9,,362560,,,0,,,0,,362560,340886,,,,21674,362560,34816.4,,,,603.4,84.5,35504.3,O
2024,20477,City of Westerville - (OH),OH,Municipal,RFC,99.2,79.8,,478290,,,0,,,0,-10683,467607,450043,,4452,13112,,467607,55643,,,,,451,56094,O
2024,20481,City of Westfield - (MA),MA,Municipal,NPCC,75.8,53.7,,365053,,,0,,,0,,365053,352210,,,1242,11601,365053,64837,,,-7771,,,57066,O
2024,20510,"Wheatland Electric Coop, Inc",KS,Cooperative,SPP,196.8,131,,843704,,,0,,,0,,843704,788585,16399,,,38720,843704,92599,,1068,,,,93667,O
2024,20521,Wheeling Power Co,OH,Investor Owned,RFC,735,662,2045224,3370211,,,0,,,0,,5415435,4963510,322634,,,129291,5415435,413065,,15707,-2453,7051,2320,435690,O
2024,20574,White River Valley El Coop Inc,MO,Cooperative,SERC,201.4,298.5,,831860,,,0,,,0,,831860,790312,,,1720,39828,831860,106009,,,,,1618,107627,O
2024,20576,"White River Electric Assn, Inc",CO,Cooperative,WECC,64.9,73.8,626,538493,,,0,,,0,,539119,531138,0,0,844,7137,539119,46610.8,,,,,72.3,46683.1,O
2024,20583,Whitehall Electric Utility,WI,Municipal,MISO,6.6,5.1,0,32840,0,0,,0,0,,0,32840,32238,0,0,39,563,32840,3218.5,,0,0,0,37.4,3255.9,O
2024,20603,Northeastern Rural E M C,IN,Cooperative,RFC,338.3,312.6,10667,1731772,,,0,,,0,,1742439,1712907,,,2649,26883,1742439,131300,,,,,944,132244,O
2024,20639,"Wild Rice Electric Coop, Inc",MN,Cooperative,MRO,43.1,69.1,,275535,,,0,,,0,,275535,259221,,,418,15896,275535,35143.3,,,,,327.4,35470.7,O
2024,20659,"WGL Energy Services, Inc.",VA,Retail Power Marketer,,,,,12796985,,,0,,,0,,12796985,12796985,,,,,12796985,963967,,,,,,963967,O
2024,20737,Willmar Municipal Utilities,MN,Municipal,MRO,57.8,41,3136,267649,,,0,,,0,,270785,264980,,1709,18,4078,270785,28270,,,,2225,2243,32738,O
2024,20785,City of Wilson - (NC),NC,Municipal,SERC,237,194,,1177794,,,0,,,0,,1177794,1121522,25213,,,31059,1177794,120277.1,,1651,,,56.6,121984.7,O
2024,20793,City of Winchester - (TN),TN,Municipal,SERC,39.3,42.1,0,178207,0,,0,0,0,0,0,178207,171177,0,0,140,6890,178207,19777,,0,0,0,343.3,20120.3,O
2024,20813,City of Winfield - (KS),KS,Municipal,SPP,52.6,35.4,8509,238045,,,0,,,0,,246554,218409,,,,28145,246554,23010,,,,1413,,24423,O
2024,20841,"Wiregrass Electric Coop, Inc",AL,Cooperative,SERC,102.4,138.3,,433590,,,0,,,0,,433590,409035,,,835,23720,433590,62720,,,,,1164,63884,O
2024,20845,Wolverine Power Marketing Coop,MI,Cooperative,RFC,206.9,192.5,,1421056,,,0,,,0,-3707,1417349,1417349,,,,,1417349,90919.8,,,,,,90919.8,O
2024,20847,Wisconsin Electric Power Co,WI,Investor Owned,,5372.5,3657.6,19977451,10343770,,,0,,,0,,30321221,23112557,6490647,,67413,650604,30321221,3327194.8,,209149.4,,,24186.8,3560531,O
2024,20856,Wisconsin Power & Light Co,WI,Investor Owned,MRO,2805,2034,15788364,3029504,,,0,,,0,,18817868,10974245,7451893,,,391730,18817868,1353780,,268905,,,40387,1663072,O
2024,20858,WPPI Energy,WI,Municipal Mktg Authority,MISO,1049,732.3,1261069,4563682,0,,,0,0,,0,5824751,,5822225,0,,2526,5824751,,,430526.4,,2735.6,3628.4,436890.4,O
2024,20860,Wisconsin Public Service Corp,WI,Investor Owned,,2184,1578,11036110,2637063,0,0,0,0,0,0,0,13673173,10802782,2459166,0,45543,365682,13673173,1205041.7,0,98254.3,0,0,11326.4,1314622.4,O
2024,20862,Wisconsin Rapids W W & L Comm,WI,Municipal,MRO,58,38.5,,265226,,,0,,,0,,265226,253588,,,,11638,265226,30642,,,,,417,31059,O
2024,20863,Wisconsin River Power Company,WI,Investor Owned,RFC,,,200090,,,,0,,,0,,200090,,200090,,,,200090,,,11120.9,,,299.1,11420,O
2024,20885,Withlacoochee River Elec Coop,FL,Cooperative,FRCC,1113.6,966,,4924704,,,0,,,0,,4924704,4762342,,,,162362,4924704,550896.3,,,,,25111.9,576008.2,O
2024,20910,Wolverine Power Supply Coop,MI,Cooperative,RFC,663,546,874552,6653670,,,0,146,146,0,,7528222,,7525923,,2299,,7528222,,,472049.4,,70832.8,1270.6,544152.8,O
2024,20927,"Wood County Electric Coop, Inc",TX,Cooperative,SPP,209.8,301.7,,792020,,,0,,,0,,792020,755648,,,,36372,792020,85521,,,,1471.1,864.5,87856.6,O
2024,20948,Wise Electric Coop Inc,TX,Cooperative,TRE,175,188,,808492,,,0,,,0,,808492,754642,,,,53850,808492,99712,,,-3586,,713,96839,O
2024,20963,Woodruff Electric Coop Corp,AR,Cooperative,SERC,165.4,100.3,,448109,,,0,,,0,,448109,409991,12793,,1164,24161,448109,55335.7,,979.5,,,1575.5,57890.7,O
2024,20996,Wright-Hennepin Coop Elec Assn,MN,Cooperative,MRO,192.2,164.4,,939144,,,0,,,0,,939144,897529,,,1200,40415,939144,120625.6,,,,,-372.7,120252.9,O
2024,20997,Yellowstone Valley Elec Co-op,MT,Cooperative,WECC,78.2,72.1,,327596,,,0,,,0,,327596,312454,,1008,,14134,327596,41291,,,,,421,41712,O
2024,21002,York Electric Coop Inc,SC,Cooperative,SERC,327.2,262.6,,1223652,,,0,,,0,,1223652,1177613,,,2713,43326,1223652,145442,,,,,3426,148868,O
2024,21013,City of Worthington - (MN),MN,Municipal,MRO,45.1,34.1,,239337,,,0,,,0,,239337,229446,4462,,588,4841,239337,21210.8,,448.6,,,1430.3,23089.7,O
2024,21048,Wyandotte Municipal Serv Comm,MI,Municipal,RFC,58.6,39.3,70,324128,,,0,,,0,,324198,267946,39466,,,16786,324198,31640.6,,294.7,-900.3,,,31035,O
2024,21075,Y-W Electric Assn Inc,CO,Cooperative,WECC,132,41,,426640,,,0,,,0,,426640,401798,,,857,23985,426640,49600,,,,,669,50269,O
2024,21081,Yampa Valley Electric Assn Inc,CO,Cooperative,WECC,68.9,122.4,,579505,,,0,,,0,,579505,554821,,,,24684,579505,72814.6,,,,,-107.6,72707,O
2024,21093,3 Phases Renewables Inc,CA,Retail Power Marketer,WECC,83.6,73.1,,520953,,,0,,,0,,520953,498663,,,,22290,520953,24893,,,,,,24893,O
2024,21111,Perennial Public Power Dist,NE,Political Subdivision,SPP,112.2,47.1,,377814,,,0,,,0,,377814,358035,,,,19779,377814,29791.7,,,,,108.6,29900.3,O
2024,21114,Yazoo Valley Elec Power Assn,MS,Cooperative,SERC,115.4,118.5,,573137,,,0,,,0,,573137,561369,,,637,11131,573137,53961.9,,,,,-730.9,53231,O
2024,21140,Yuba County Water Agency,CA,Political Subdivision,WECC,,,1508739,,,,0,,,0,,1508739,,1508739,,,,1508739,,,59191.2,,,111404.8,170596,O
2024,21158,City of Zeeland - (MI),MI,Municipal,RFC,88.2,64,888,452946,,,0,,,0,,453834,439788,,,,14046,453834,36926.7,,,,,120.4,37047.1,O
2024,21244,"Southside Electric Coop, Inc",VA,Cooperative,SERC,210.4,298.1,,993711,,,0,,,0,,993711,939880,,,2183,51648,993711,137205.7,,,,,,137205.7,O
2024,21249,"HQ Energy Services (U.S.), Inc.",CT,Wholesale Power Marketer,NPCC,,,,10846150,,,0,3066,3066,0,,10846150,,10846150,,,,10846150,,,513735.8,,,,513735.8,O
2024,21352,Municipal Energy Agency of NE,NE,Political Subdivision,MRO,482.4,437.7,467905,1776714,,,0,,,0,,2244619,,2194381,,,50238,2244619,,,131887,,,1104,132991,O
2024,21513,"Fergus Electric Coop, Inc",MT,Cooperative,WECC,45.1,48.5,,269501,,,0,,,0,,269501,260850,,,,8651,269501,27869,,,,,,27869,O
2024,21538,"Mohave Electric Cooperative, Inc.",AZ,Cooperative,WECC,229.5,108.1,21536,1037339,,,0,,,0,,1058875,801836,233833,,698,22508,1058875,86757,0,8458,0,0,6368,101583,O
2024,21554,Seminole Electric Cooperative Inc,FL,Cooperative,FRCC,3742,3398,13379726,4243373,39504,55729,-16225,0,0,0,0,17606874,,17322518,,,284356,17606874,,,1248344,,69,7288,1255701,O
2024,21567,"Washington-St Tammany E C, Inc",LA,Cooperative,SERC,252.6,356.5,,1078932,,,0,,,0,,1078932,1007933,,,,70999,1078932,118628.4,,,,,4325,122953.4,O
2024,21632,EnergyUnited Elec Member Corp,NC,Cooperative,SERC,660.3,732.2,,2924528,,,0,,,0,,2924528,2793594,,,2160,128774,2924528,287482,,,,,,287482,O
2024,21704,MSR Public Power Agency,CA,Political Subdivision,WECC,,,,586060,,,0,,,0,,586060,,586060,,,,586060,,,49777,,,,49777,O
2024,22053,Kentucky Power Co,OH,Investor Owned,RFC,980,1288,3146375,3020447,,,0,,,0,,6166822,5321277,465216,,,380329,6166822,640717,0,23862,-6447,36965,11485,706582,O
2024,22056,Smarr EMC,GA,Cooperative,SERC,,,722833,,,,0,,,0,,722833,,722833,,,,722833,,,25702,,,,25702,O
2024,22500,"Evergy Kansas Central, Inc",KS,Investor Owned,MRO,2760,1972,8913947,8166641,,,0,1278217,1278217,0,,17080588,9613774,6685846,,12623,768345,17080588,1136646.4,,221703.9,15279.8,234113.4,8808.8,1616552.3,O
2024,22690,Roosevelt County Elec Coop Inc,NM,Cooperative,SPP,29,28.5,,158460,,,0,,,0,,158460,147597,,,,10863,158460,18285,,,,,96,18381,O
2024,22814,Raft Rural Elec Coop Inc,ID,Cooperative,,91,30,,359535,,,0,,,0,,359535,340518,,,416,18601,359535,20414,,,,,547,20961,O
2024,22815,Delta Electric Power Assn,MS,Cooperative,SERC,218.2,108,,594684,,,0,,,0,,594684,550483,,,536,43665,594684,76783.2,,,,,8108,84891.2,O
2024,22822,Clark County Rural E M C - (IN),IN,Cooperative,RFC,125.5,133.8,,533841,,,0,,,0,,533841,511973,,,603,21265,533841,71218.8,,,,,1152.2,72371,O
2024,24211,Tucson Electric Power Co,AZ,Investor Owned,WECC,2764,2349,12784672,2962057,,,0,15786473,15786473,0,,15746729,8964184,6024406,,23114,735025,15746729,1229018,,216074.2,,54806.1,196726.4,1696624.7,O
2024,24431,Utah Municipal Power Agency,UT,Political Subdivision,WECC,310,186.8,1212965,1528526,,,0,,,0,,2741491,,2728645,,,12846,2741491,,,171336.7,,,4740.6,176077.3,O
2024,24590,Unitil Energy Systems,NH,Investor Owned,NPCC,287,197,,510054,,,0,1,1,0,,510054,407617,92700,,1395,8342,510054,94739.9,68372.5,4085.1,-8854.3,1.3,7080.7,165425.2,O
2024,24753,Boone County Rural EMC,IN,Cooperative,RFC,111.6,101.2,,526946,,,0,,,0,,526946,504535,,,493,21918,526946,72276,,,,,1040,73316,O
2024,24889,Brunswick Electric Member Corp,NC,Cooperative,SERC,403,502,,1686692,,,0,,,0,,1686692,1616433,,2661,,67598,1686692,213913,,,,,,213913,O
2024,24949,Cass County Elec Coop Inc,ND,Cooperative,MRO,270.1,275.1,,1401758,,,0,,,0,,1401758,1358185,,2430,,41143,1401758,155872,,,,,543,156415,O
2024,25177,Dakota Electric Association,MN,Cooperative,MRO,432.5,282.1,,1864511,,,0,,,0,,1864511,1821145,,,1778,41588,1864511,218102,,,,,3728,221830,O
2024,25251,"Entergy Power, LLC",TX,Investor Owned,SERC,,,426569,,,,0,,,0,,426569,,426569,,,,426569,,,12602.3,,,,12602.3,O
2024,25262,"DTE Energy Trading, Inc",MI,Wholesale Power Marketer,RFC,,,,296100,,,0,,,0,,296100,,296100,,,,296100,,,18240,,,,18240,O
2024,25295,Western Indiana Energy REMC,IN,Cooperative,RFC,133.4,135.7,,627007,335,,335,,,0,,627342,605832,,,828,20682,627342,74448.5,,,,,615.8,75064.3,O
2024,25866,Ak-Chin Electric Utility Authority,AZ,State,WECC,8.8,10.1,,49511,,,0,,,0,,49511,41342,8169,,,,49511,3915.6,,3915.6,,,,7831.2,O
2024,26253,Louisiana Energy & Power Authority,LA,Political Subdivision,SERC,256.7,205.9,407372,1279655,0,0,0,0,0,0,0,1687027,0,1624949,0,0,62078,1687027,0,0,96691.4,0,0,951,97642.4,O
2024,26510,Liberty Utilities (Granite State Electri,NH,Investor Owned,NPCC,196.6,141,,310530,,,0,,,0,,310530,300315,1084,,408,8723,310530,63619,47315,224,5711,,3226,120095,O
2024,26751,"National Grid Generation, LLC",NY,Investor Owned,NPCC,2651,879,5190494,,,,0,,,0,,5190494,,5190494,,,,5190494,,,447109.5,,,7327.9,454437.4,O
2024,27000,WAPA-- Western Area Power Administration,CO,Federal,,5923,4923,23909228,5902263,86381,218736,-132355,,,0,,29679136,5184811,23654860,115130,69527,654808,29679136,175966.6,0,705374.1,0,585321.2,32097.2,1498759.1,O
2024,27058,"High West Energy, Inc",WY,Cooperative,WECC,105.9,77.7,,913457,,,0,,,0,,913457,883420,,,,30037,913457,79461.5,,,,,,79461.5,O
2024,27222,City of Ripley - (TN),TN,Municipal,SERC,35.8,31.9,0,160350,0,,0,0,0,0,0,160350,154326,0,0,582,5442,160350,18665,,0,0,0,662,19327,O
2024,27238,"Southwest Electric Coop, Inc",MO,Cooperative,SERC,159,245,,648713,,,0,,,0,,648713,612003,,,,36710,648713,72375,,,,,2845,75220,O
2024,27369,Taylor Electric Coop Inc - (TX),TX,Cooperative,TRE,151.3,171.3,,582803,,,0,,,0,,582803,575297,,,868,6638,582803,61473.8,,,,,6488.3,67962.1,O
2024,27599,Carroll-White REMC,IN,Cooperative,RFC,85.7,72.9,,433067,,,0,,,0,,433067,418481,,,,14586,433067,51370,,,,,206.7,51576.7,O
2024,27703,U S Army Corps of Engineers,MI,Federal,RFC,23.2,21.3,161261,,,,0,,,0,,161261,,155172,5553,,536,161261,,,2955.8,,,,2955.8,O
2024,28541,Clatskanie Peoples Util Dist,OR,Political Subdivision,WECC,123.4,134.4,0,1102440,,,0,,,0,,1102440,962823,130175,,461,8981,1102440,57165,0,7639.3,0,542.9,0,65347.2,O
2024,28604,Kerrville Public Utility Board,TX,Municipal,TRE,124.1,172.8,,546938,,,0,,,0,,546938,508316,,,,38622,546938,43244.3,,,,,682.3,43926.6,O
2024,28802,"Talen Energy Marketing, LLC",TX,Retail Power Marketer,RFC,2,35,,35347180,,,0,,,0,,35347180,307734,34173145,,,866301,35347180,22458,,,,,-97,22361,O
2024,28978,City of San Marcos - (TX),TX,Municipal,ERCOT,138.6,144,,682533,,,0,,,0,,682533,645258,,,,37275,682533,71322,,,,,1099,72421,O
2024,29304,Southeastern Power Admin,GA,Federal,SERC,,,6606177,349601,12,12,0,4253703,4253703,0,,6955778,,6189761,180259,52170,533588,6955778,,,300476,,,1039,301515,O
2024,30151,"Tri-State G & T Assn, Inc",CO,Cooperative,WECC,2526,2383,7250845,10575525,37119,54278,-17159,,,0,,17809211,,17281150,,,528061,17809211,,,1282411,,53648,36238,1372297,O
2024,30518,Electrical Dist No3 Pinal County,AZ,Political Subdivision,WECC,260,92,,911849,,,0,47699,47699,0,,911849,869240,3406,,39203,,911849,99001.4,,83.8,,165.3,,99250.5,O
2024,31833,Okefenoke Rural El Member Corp,GA,Cooperative,SERC,213.1,235.3,,893915,,,0,,,0,,893915,858400,,,638,34877,893915,96926,,,2000,,916.1,99842.1,O
2024,38084,Great Lakes Energy Coop,MI,Cooperative,MRO,304.2,265.9,71,1677015,,,0,,,0,,1677086,1597512,,,,79574,1677086,250640,,,,,3597,254237,O
2024,39347,"East Texas Electric Coop, Inc",TX,Cooperative,SERC,1094.3,1705.4,3145236,2591937,,,0,,,0,,5737173,,5558450,,,178723,5737173,,,370847.5,,21614.7,,392462.2,O
2024,40036,Westfield Electric Company,WI,Investor Owned,RFC,3.1,3.1,,13983,,,0,,,0,,13983,13290,,,,693,13983,2310,,,,,,2310,O
2024,40051,Texas-New Mexico Power Co,TX,Investor Owned,TRE,3226,2812,,,,,,,,,,,,,,,,,,414995,,,157048.7,22461.5,594505.2,O
2024,40127,Clarke-Washington E M C,AL,Cooperative,SERC,67.8,99,,299187,,,0,,,0,,299187,280175,355,300,,18357,299187,43057,,46,,,1502,44605,O
2024,40165,"Dixie Escalante R E A, Inc",UT,Cooperative,WECC,221.4,117.2,,796084,,,0,,,0,,796084,755612,,3911,1559,35002,796084,63172.9,,,,,356.5,63529.4,O
2024,40166,"Chickasaw Electric Coop, Inc",TN,Cooperative,SERC,146.7,114.1,0,562046,0,,0,0,0,0,0,562046,537246,0,0,0,24800,562046,58034,,0,0,0,2055.4,60089.4,O
2024,40167,"Somerset Rural Elec Coop, Inc",PA,Cooperative,RFC,38.3,64,,207649,,,0,,,0,,207649,195300,,,,12349,207649,25696,,,,,1920,27616,O
2024,40211,"Wabash Valley Power Assn, Inc",IN,Cooperative,RFC,1755,1516,3037287,8296078,,,0,,,0,-59215,11274150,,11274150,,,,11274150,,,754471.1,,23714,105,778290.1,O
2024,40212,Colquitt Electric Membership Corp,GA,Cooperative,SERC,336,343,,1354824,,,0,,,0,,1354824,1304982,,,,49842,1354824,164955.4,,,,,4074.9,169030.3,O
2024,40218,"Central Electric Pwr Coop, Inc - (SC)",SC,Cooperative,SERC,4343,4641,,21259109,,,0,,,0,,21259109,,20934819,,,324290,21259109,,,1555866,,,,1555866,O
2024,40220,Adams Electric Cooperative Inc,PA,Cooperative,RFC,123,115.5,808,608620,,,0,,,0,,609428,574839,,,491,34098,609428,80024,,,,,6178,86202,O
2024,40221,"Bedford Rural Elec Coop, Inc",PA,Cooperative,RFC,56.5,69.3,,241486,,,0,,,0,,241486,231505,,,154,9827,241486,28972,,,,,1526,30498,O
2024,40222,Valley Rural Electric Coop Inc,PA,Cooperative,RFC,64.5,65.8,,301208,,,0,,,0,,301208,285955,,,590,14663,301208,41917,,,,,3552,45469,O
2024,40224,"Central Electric Coop, Inc - (PA)",PA,Cooperative,RFC,67,59.8,,320434,,,0,,,0,,320434,302986,,,,17448,320434,48314,,,,,3063,51377,O
2024,40228,Rappahannock Electric Coop,VA,Cooperative,SERC,846,1066,,4260823,,,0,,,0,,4260823,4069232,,,,191591,4260823,514124,,,,,7091,521215,O
2024,40229,Old Dominion Electric Coop,VA,Cooperative,SERC,2863,3154,6236249,8070279,,,0,,,0,,14306528,,14209091,,,97437,14306528,,,1110967.5,,5428.9,904.9,1117301.3,O
2024,40236,"Forked Deer Electric Coop, Inc",TN,Cooperative,SERC,42.6,50.4,0,167005,0,,0,0,0,0,0,167005,157068,0,0,439,9498,167005,23860,,0,0,0,3932.4,27792.4,O
2024,40289,Claverack Rural Elec Coop Inc,PA,Cooperative,RFC,59.6,67.9,,330704,,,0,,,0,,330704,314381,,,553,15770,330704,47123,,,,,5579,52702,O
2024,40290,Tri-County Rural Elec Coop Inc (PA),PA,Cooperative,RFC,51.2,49.8,,241550,,,0,,,0,,241550,217196,8325,,709,15320,241550,35741,,673,,,4831,41245,O
2024,40292,REA Energy Coop Inc,PA,Cooperative,RFC,88.5,87.9,,400861,,,0,,,0,,400861,380057,,,595,20209,400861,51288,,,,,3987,55275,O
2024,40293,"Northwestern Rural E C A, Inc - (PA)",PA,Cooperative,RFC,71,71.6,,264883,,,0,,,0,,264883,248568,,,,16315,264883,37692,,,,,3318,41010,O
2024,40300,Nebraska Electric G&T Coop Inc,NE,Cooperative,MRO,1035.8,657.1,,4748233,,,0,,,0,,4748233,,4748233,,,,4748233,,,255226.9,,,739.7,255966.6,O
2024,40301,Central Montana E Pwr Coop Inc,MT,Cooperative,WECC,193.6,205.2,,997963,,,0,997963,,0,,997963,,997963,,,,997963,,,54476.6,,,,54476.6,O
2024,40302,North East Mississippi EPA,MS,Cooperative,SERC,162,172.1,0,723766,0,,0,0,0,0,0,723766,630771,0,0,845,92150,723766,73926,,0,0,0,2975.4,76901.4,O
2024,40303,Monroe County Elec Power Assn,MS,Cooperative,SERC,51.9,79.4,0,224246,0,,0,0,0,0,0,224246,210844,0,0,900,12502,224246,27331,,0,0,0,3102.3,30433.3,O
2024,40304,Minnesota Valley Coop L&P Assn,MN,Cooperative,MRO,33.5,46.7,,229889,,,0,,,0,,229889,218110,,,69,11710,229889,23430,,,,,83,23513,O
2024,40307,"Prairie Power, Inc",IL,Cooperative,SERC,322.9,312.3,991829,555413,,,0,17889,17712,177,,1547419,,1530539,,,16880,1547419,,,115432.8,3407.5,33421,22322.3,174583.6,O
2024,40364,City of Courtland,AL,Municipal,SERC,4.1,4.8,0,28780,0,,0,0,0,0,0,28780,28780,0,0,0,,28780,3094,,0,0,0,35.7,3129.7,O
2024,40437,Emerald People's Utility Dist,OR,Political Subdivision,WECC,92.2,108.2,23041,495045,0,0,0,0,0,0,0,518086,475864,22252,0,0,19970,518086,49892.3,1855.6,1608.4,0,0,156.2,53512.5,O
2024,40438,Columbia River Peoples Ut Dist,OR,Political Subdivision,WECC,93.1,103.1,,503418,,,0,,,0,,503418,475131,,,504,27783,503418,38119.1,,,,,416.5,38535.6,O
2024,40441,Town of Murphy - (NC),NC,Municipal,SERC,72.8,77.5,0,404419,0,,0,0,0,0,0,404419,393189,0,0,283,10947,404419,29417,,0,0,0,155.9,29572.9,O
2024,40456,PUD No 1 of Whatcom County,WA,Political Subdivision,WECC,30,30.5,,240849,,,0,,,0,,240849,228736,,,12113,,240849,10702,,,,,290,10992,O
2024,40575,Utah Associated Mun Power Sys,UT,Political Subdivision,WECC,762.8,1087.5,1032860,2382976,98602,49207,49395,,,0,,3465231,,3465231,,,,3465231,,,238161.7,,33804.3,3863.3,275829.3,O
2024,40576,Intermountain Power Agency,CA,Political Subdivision,WECC,1800,1800,5685474,,,,0,,,0,,5685474,,5685474,,,,5685474,,,350363,,44303.4,,394666.4,O
2024,40577,"American Mun Power-Ohio, Inc",OH,Municipal Mktg Authority,RFC,3125.8,2668.3,8830628,6887909,,,0,,,0,,15718537,,15718537,,,,15718537,,,1018446.2,,,,1018446.2,O
2024,40580,Southern Minnesota Mun P Agny,MN,Political Subdivision,MRO,631,422,1485210,1383241,,,0,,,0,,2868451,,2866209,,,2242,2868451,,,226028,-3268,33285,6157,262202,O
2024,40581,Northern Municipal Power Agency,MN,Municipal Mktg Authority,MRO,80.5,74.6,667482,,,,0,,,0,,667482,,667482,,,,667482,,,50105.5,,1758.1,,51863.6,O
2024,40582,Michigan Public Power Agency,MI,Political Subdivision,RF,878.5,621.8,1011079,2157875,,,0,,,0,,3168954,,3070446,,,98508,3168954,,,266369.9,,6010.3,-8665,263715.2,O
2024,40603,Wyoming Municipal Power Agency,WY,Municipal Mktg Authority,WECC,52.6,46.7,,243555,,,0,,,0,,243555,,243555,,,,243555,,,18776.4,,,213.4,18989.8,O
2024,40606,City of Grand Island - (NE),NE,Municipal,MRO,164.2,124,359689,823428,,,0,,,0,,1183117,718621,422520,0,0,41976,1183117,70227,0,7577,0,0,657.6,78461.6,O
2024,40613,Northern California Power Agny,CA,Political Subdivision,WECC,,,2012231,2018737,,,0,,,0,,4030968,360898,3670070,,,,4030968,36126,,140199,0,,,176325,O
2024,40614,Alabama Municipal Elec Authority,AL,Municipal Mktg Authority,SERC,755.4,899.9,40381,3339690,,,0,,,0,,3380071,,3286360,,,93711,3380071,,,222048.9,,,,222048.9,O
2024,44372,Oncor Electric Delivery Company LLC,TX,Investor Owned,TRE,30509.7,28374.8,,,,,0,1514535,1514535,0,,0,,,,,,,,4907350.6,,,1107622.1,51459.8,6066432.5,O
2024,44388,New England Elec Transm'n Corp,MA,Transmission,NPCC,,,,,,,,,,,,,,,,,,,,,,,735.2,,735.2,O
2024,49730,American PowerNet,PA,Retail Power Marketer,,,,,1669162,,,0,,,0,,1669162,1669162,,,,,1669162,92582.1,,,,,,92582.1,O
2024,49746,The Energy Coop,PA,Cooperative,,6.7,4.4,,20660,,,0,,,0,,20660,20660,,,,,20660,2835.1,,,,,,2835.1,O
2024,49803,Alaska Electric & Energy Coop,AK,Cooperative,AK,73,86.2,458968,65619,644,,644,367908,343916,23992,-23992,525231,,518001,,,7230,525231,,,74271.8,,,130.9,74402.7,O
2024,49818,"Alliance Power Company, LLC.",TX,Retail Power Marketer,,53.9,43.6,0,216737,0,0,0,0,0,0,0,216737,207654,0,0,,9083,216737,17487.3,0,0,0,0,2334.2,19821.5,O
2024,49824,Calpine Power Management LLC,TX,Wholesale Power Marketer,TRE,,,,11415313,,,0,,,0,,11415313,,11415313,,,,11415313,,,319369,,,,319369,O
2024,49848,Massachusetts Bay Trans Authority,MA,Political Subdivision,NPCC,52.4,60,,325824,,,0,,,0,,325824,36593,,289231,,,325824,4923.2,,,,,,4923.2,O
2024,49853,Amigo Energy,TX,Retail Power Marketer,TRE,,,,2137538,,,0,,,0,,2137538,2137538,,,,,2137538,334268.4,,,,,,334268.4,O
2024,49922,U.S. Energy Partners LLC,NY,Retail Power Marketer,,39,24,,273020,,,0,,,0,-17862,255158,255158,,,,,255158,29556,,,,,,29556,O
2024,49952,3000 Energy Corp,TX,Retail Power Marketer,,,,,35073,,,0,,,0,,35073,35073,,,,,35073,3923,,,,,,3923,O
2024,49956,Merrill Lynch Commodities,TX,Wholesale Power Marketer,,,,,61116654,,,0,,,0,,61116654,,61116654,,,,61116654,,,2087762.3,,,,2087762.3,O
2024,49987,Harvard Dedicated Energy Limit,MA,Retail Power Marketer,,,,,142288,,,0,,,0,,142288,142288,,,,,142288,9419.5,,,,,,9419.5,O
2024,49998,City of Berea Municipal Utility,KY,Municipal,RFC,25.2,34.9,,127060,,,0,,,0,,127060,122478,,,,4582,127060,10154.1,,,,,,10154.1,O
2024,50041,"Stream SPE, LTD",TX,Retail Power Marketer,,,,,2679777,,,0,,,0,,2679777,2507044,,,,172733,2679777,420625.2,,,,,,420625.2,O
2024,50046,"Texas Retail Energy, LLC",AR,Retail Power Marketer,,832,560,,4817253,,,0,,,0,-239049,4578204,4578204,,,,,4578204,336536.1,,,,,,336536.1,O
2024,50153,"APN Starfirst, L.P.",PA,Retail Power Marketer,,,,,193591,,,0,,,0,,193591,193591,,,,,193591,7353.6,,,,,,7353.6,O
2024,50174,Electric Transmission Texas LLC,TX,Transmission,ERCOT,,,,,,,,,,,,,,,,,,,,,,,374483,,374483,O
2024,54728,Texas General Land Office,TX,Retail Power Marketer,,,,,181275,,,0,,,0,,181275,181275,,,,,181275,12121.5,,,,,,12121.5,O
2024,54820,Direct Energy Services,TX,Retail Power Marketer,,,,,13225781,,,0,,,0,,13225781,12569798,46844,,,609139,13225781,1761446.4,,1747.3,,,,1763193.7,O
2024,54862,Champion Energy Services,TX,Retail Power Marketer,,1855.5,1718.7,,6852698,,,0,,,0,,6852698,6852698,,,,,6852698,522255.2,,,,,,522255.2,O
2024,54872,"Accent Energy Holdings, LLC",OH,Retail Power Marketer,,,,0,60924,,,0,,,0,,60924,60924,,,,,60924,9992,0,0,0,0,0,9992,O
2024,54873,Freedom Energy,NH,Retail Power Marketer,,,,,86067,,,0,,,0,,86067,86067,,,,,86067,3751,,,,,,3751,O
2024,54893,NOCO Electric,NY,Retail Power Marketer,NPCC,,,,664514,,,0,,,0,,664514,633859,,,,30655,664514,47055.9,,,,,,47055.9,O
2024,54913,NSTAR Electric Company,MA,Investor Owned,,5118,3798,63981,6197786,,,0,25719705,25719705,0,,6261767,2989665,1943411,12029,,1316662,6261767,867591,1988854,73833,9495,166337,20942,3127052,O
2024,55701,"Sempra Gas & Power Marketing, LLC",CA,Wholesale Power Marketer,,,,,3819917,,,0,,,0,,3819917,,3819917,,,,3819917,,,165143.7,,,,165143.7,O
2024,55719,TDM US,CA,Wholesale Power Marketer,WECC,,,,3818977,,,0,,,0,,3818977,,3818977,,,,3818977,,,160789.1,,,,160789.1,O
2024,55722,AEP Energy,IL,Retail Power Marketer,RFC,4893.3,5010.1,,25317865,,,0,,,0,,25317865,25317865,,,,,25317865,1640237.1,,,,,,1640237.1,O
2024,55758,"GenOn Energy Management, LLC",TX,Wholesale Power Marketer,,,,0,20351,0,0,0,0,0,0,0,20351,0,20351,0,0,0,20351,,,614,,,,614,O
2024,55787,City of Moreno Valley - (CA),CA,Municipal,WECC,63.8,29.2,905,232970,,,0,,,0,,233875,225498,,,,8377,233875,63579,,,,,,63579,O
2024,55814,"Columbia Utilities Power, LLC",NY,Retail Power Marketer,,,,,0,,,0,,,0,,0,0,,,,,0,0,,,,,,0,O
2024,55815,"IDT Energy, Inc.",NJ,Retail Power Marketer,,141.9,205.1,,630012,,,0,,,0,,630012,630012,,,,,630012,92270.8,,,,,,92270.8,O
2024,55874,"Energy Services Providers, Inc",TX,Retail Power Marketer,,,,,878416,,,0,,,0,,878416,878416,,,,,878416,117261.9,,,,,,117261.9,O
2024,55878,Hudson Energy Services,NY,Retail Power Marketer,,,,,6169499,,,0,,,0,,6169499,6169499,,,,,6169499,626031.2,,,,,,626031.2,O
2024,55897,PSEG Energy Resources and Trade,NJ,Wholesale Power Marketer,,,,,31158301,,,0,,,0,,31158301,,31158301,,,,31158301,,,825980,-335.9,0,85998.4,911642.5,O
2024,55937,Entergy Texas Inc.,TX,Investor Owned,SERC,4084,3557,13164413,9598901,,,0,,,0,,22763314,21269743,687090,,8008,798473,22763314,1958127.3,,17173.9,,28826.2,21359.1,2025486.5,O
2024,55959,Roughrider Electric Cooperativ,ND,Cooperative,MRO,121.7,151.3,,806163,,,0,,,0,,806163,762901,2767,,916,39579,806163,77644,,234,,1950,504,80332,O
2024,55982,Heart of Texas Electric Coop,TX,Cooperative,,133.3,180,,655688,,,0,,,0,,655688,635975,,,538,19175,655688,66766,,,,,3134,69900,O
2024,56068,International Transmission Company,MI,Transmission,,10771,6883,,,,,,,,,,,,,,,,,,,,-8051,479573.1,34313.3,505835.4,O
2024,56146,"Black Hills Colorado Electric, LLC",SD,Investor Owned,WECC,394,311,864987,1616417,3166492,3166492,0,,,0,,2481404,1820801,571850,,3741,85012,2481404,242396,,19828,0,9075,4842,276141,O
2024,56161,ITC Midwest LLC,MI,Transmission,,3379,2806,,,,,,,,,,,,,,,,,,,,-10979.4,604832.2,1300.2,595153,O
2024,56162,American Transmission Systems Inc,OH,Transmission,RFC,11626,9352,,,,,,,,,,,,,,,,,,,,,973647,25804.3,999451.3,O
2024,56163,"Michigan Electric Transmission Company,",MI,Transmission,,8533,5862,,,,,,,,,,,,,,,,,,,,-6697.3,476856,2029.8,472188.5,O
2024,56196,Just Energy New York Corp.,CN,Retail Power Marketer,,,,,44693,,,0,,,0,,44693,44693,,,,,44693,4996.6,,,,,,4996.6,O
2024,56212,"Ambit Energy Holdings, LLC",TX,Retail Power Marketer,,1251,1447,,5389444,,,0,,,0,,5389444,5389444,,,,,5389444,965472.5,,,,,,965472.5,O
2024,56220,Anthracite Power & Light,PA,Retail Power Marketer,,,,,255586,,,0,,,0,-5521,250065,236052,8492,,,5521,250065,17559.8,,122,,,,17681.8,O
2024,56223,Macquarie Energy LLC,TX,Retail Power Marketer,,,,,32510903,,,0,,,0,,32510903,12765,32498138,,,,32510903,689.3,,1603987.3,,,,1604676.6,O
2024,56248,"Young Energy, LLC",TX,Retail Power Marketer,TRE,162.8,158.9,,649187,,,0,,,0,-32199,616988,616988,,,,,616988,119805,,,,,,119805,O
2024,56265,Energy Plus Holdings LLC,PA,Retail Power Marketer,,,,,354532,,,0,,,0,,354532,335568,,,,18964,354532,49948.2,,,,,,49948.2,O
2024,56276,TransCanada Energy Marketing ULC,CA,Wholesale Power Marketer,WECC,,,,,,,,,,,,,,,,,,,,,,,,,,O
2024,56279,"Spartan Renewable Energy, Inc",MI,Retail Power Marketer,,31.9,28.6,3708,207926,,,0,,,0,,211634,207926,3708,,,,211634,12512.6,,415.6,,,1.1,12929.3,O
2024,56286,"Frontier Utilities, LLC",TX,Retail Power Marketer,TRE,592,544,,1980603,,,0,,,0,,1980603,1980603,,,,,1980603,326762.2,,,,,,326762.2,O
2024,56288,Luminant Energy,TX,Wholesale Power Marketer,,,,,101574027,,,0,,,0,,101574027,,98104425,,,3469602,101574027,,,5989109,,,,5989109,O
2024,56379,"MC Squared Energy Services, LLC",IL,Retail Power Marketer,,,,,3041564,,,0,,,0,,3041564,2827803,,,,213761,3041564,195352,,,,,,195352,O
2024,56408,"UGI Energy Services, LLC",PA,Retail Power Marketer,,253.5,210.6,,1295753,,,0,,,0,,1295753,1295753,,,,,1295753,102743.4,,,,,,102743.4,O
2024,56496,"UP Power Marketing, LLC",MI,Retail Power Marketer,MRO,,,,15929,,,0,15929,15929,0,,15929,15929,,,,,15929,1182.7,,,,,,1182.7,O
2024,56501,"Palmco Power NJ, LLC",NY,Retail Power Marketer,,,,,46817,,,0,,,0,,46817,46817,,,,,46817,8759.9,,,,,,8759.9,O
2024,56504,Major Energy Electric Services,NY,Retail Power Marketer,NPCC,,,,371954,,,0,,,0,,371954,348576,,,,23378,371954,46845,,,,,,46845,O
2024,56521,"Devonshire Energy, LLC",MA,Retail Power Marketer,,,,,104590,,,0,,,0,,104590,104590,,,,,104590,5927.9,,,,,,5927.9,O
2024,56526,"ITC Great Plains, LLC",KS,Transmission,,,,,,,,,,,,,,,,,,,,,,,,80680.4,112.4,80792.8,O
2024,56528,JP Morgan,TX,Wholesale Power Marketer,,,,,10293000,,,0,,,0,,10293000,,10293000,,,,10293000,,,310778,,,,310778,O
2024,56546,Dominion Energy Marketing Inc.,VA,Wholesale Power Marketer,,,,,7672806,,,0,,,0,,7672806,,7672806,,,,7672806,,,300899.3,,,,300899.3,O
2024,56571,AP Holdings LLC,TX,Retail Power Marketer,,,,,3420499,,,0,,,0,,3420499,3204007,,,,216492,3420499,258585.9,,,,,,258585.9,O
2024,56573,"Palmco Power PA, LLC",NY,Retail Power Marketer,,,,,54860,,,0,,,0,,54860,54860,,,,,54860,9344.6,,,,,,9344.6,O
2024,56692,Marin Clean Energy,CA,Community Choice Aggregator,WECC,1360.4,940.5,,5828102,,,0,,,0,,5828102,5498210,,,,329892,5828102,814455.8,,,,,,814455.8,O
2024,56697,Ameren Illinois Company,MO,Investor Owned,SERC,8350,6917,,8894706,,,0,,,0,,8894706,8282443,394103,,,218160,8894706,1149265.9,1006799.6,9104.1,5995.9,442265.4,63363.8,2676794.7,O
2024,56734,Smart Prepaid Electric,TX,Retail Power Marketer,,,,,943,,,0,,,0,,943,943,,,,,943,148,,,,,,148,O
2024,56737,"Stream Energy Pennsylvania, LLC",PA,Retail Power Marketer,,255,185.1,,253191,,,0,,,0,,253191,240003,,,,13188,253191,30935.8,,,,,,30935.8,O
2024,56876,"Stream Energy Maryland, LLC",MD,Retail Power Marketer,,24.1,18.7,,36408,,,0,,,0,,36408,34860,,,,1548,36408,5473,,,,,,5473,O
2024,56890,Citigroup Energy Inc,TX,Wholesale Power Marketer,,,,,96610981,19347,,19347,,,0,,96630328,,96630328,,,,96630328,,,3940075,,,,3940075,O
2024,57037,Reliant Energy Northeast LLC,TX,Retail Power Marketer,,,,,5055250,,,0,,,0,,5055250,4814429,,,,240821,5055250,584929.6,,,,,,584929.6,O
2024,57074,"Stream Energy New Jersey, LLC",NJ,Retail Power Marketer,,65.4,34.5,,64323,,,0,,,0,,64323,60563,,,,3760,64323,10772,,,,,,10772,O
2024,57132,"US Retailers, LLC",TX,Retail Power Marketer,,,,,10061050,,,0,,,0,,10061050,9435865,,,,625185,10061050,1287220.8,,,,,,1287220.8,O
2024,57185,"Palmco Power MD, LLC",NY,Retail Power Marketer,,,,,24340,,,0,,,0,,24340,24340,,,,,24340,5100.9,,,,,,5100.9,O
2024,57307,ENGIE Power & Gas LLC,NY,Retail Power Marketer,,,,,146119,,,0,,,0,,146119,146119,,,,,146119,16753.8,,,,,,16753.8,O
2024,57313,Tesla Inc.,CA,Behind the Meter,,,,2855037,0,,,0,,,0,,2855037,2855037,,,,,2855037,435487.1,,,,,,435487.1,O
2024,57350,Summer Energy LLC,TX,Retail Power Marketer,,,,,2163971,,,0,,,0,,2163971,2163971,,,,,2163971,248961,,,,,,248961,O
2024,57394,Value Based Brands LLC,TX,Retail Power Marketer,,,,,3178908,,,0,,,0,,3178908,3178908,,,,,3178908,535559,,,,,,535559,O
2024,57453,Independence Energy Group LLC,PA,Retail Power Marketer,,,,24002,,0,0,0,,,0,,24002,19402,,,,4600,24002,2566.2,,,,,,2566.2,O
2024,57459,"Wolverine Alternative Investments, LLC",IL,Retail Power Marketer,,10.8,8.5,,35861,,,0,,,0,,35861,35861,,,,,35861,3113.3,,,,,,3113.3,O
2024,57483,Liberty Utilities,CA,Investor Owned,WECC,86.5,124,109710,494005,,,0,,,0,,603715,573460,4723,,,25532,603715,148705.6,,731.2,,,,149436.8,O
2024,57486,"XOOM Energy Texas, LLC",NC,Retail Power Marketer,,,,,874058,,,0,,,0,,874058,814344,,,,59714,874058,135189.4,,,,,,135189.4,O
2024,57487,"XOOM Energy Connecticut, LLC",NC,Retail Power Marketer,,,,,194640,,,0,,,0,,194640,186085,,,,8555,194640,24887,,,,,,24887,O
2024,57488,"XOOM Energy Illinois, LLC",NC,Retail Power Marketer,,,,,131105,,,0,,,0,,131105,123390,,,,7715,131105,13263,,,,,,13263,O
2024,57489,"XOOM Energy Massachusetts, LLC",NC,Retail Power Marketer,,,,,44708,,,0,,,0,,44708,42176,,,,2532,44708,6997,,,,,,6997,O
2024,57490,"XOOM Energy Maryland, LLC",NC,Retail Power Marketer,,,,,121796,,,0,,,0,,121796,115863,,,,5933,121796,16702,,,,,,16702,O
2024,57491,"XOOM Energy New Jersey, LLC",NC,Retail Power Marketer,,,,,35603,,,0,,,0,,35603,33178,,,,2425,35603,5749,,,,,,5749,O
2024,58085,"Electricity Maine, LLC",ME,Retail Power Marketer,,,,,108889,,,0,,,0,,108889,103341,,,,5548,108889,17101,,,,,,17101,O
2024,58086,"Electricity NH, LLC",ME,Retail Power Marketer,,,,,144858,,,0,,,0,,144858,137599,,,,7259,144858,21514,,,,,,21514,O
2024,58113,"Texas A&M, Utilities & Energy Services",TX,State,,93.7,72.6,106481,395192,,,0,,,0,,501673,55537,,,446136,,501673,4814,,,,,,4814,O
2024,58116,"Public Power & Utility of Maryland, LLC",TX,Retail Power Marketer,,,,,47002,,,0,,,0,,47002,47002,,,,,47002,6136.3,,,,,,6136.3,O
2024,58118,Public Power LLC (PA),TX,Retail Power Marketer,,,,,124650,,,0,,,0,,124650,124650,,,,,124650,13067,,,,,,13067,O
2024,58119,Public Power LLC (CT),TX,Retail Power Marketer,,,,,431391,,,0,,,0,,431391,431391,,,,,431391,35234,,,,,,35234,O
2024,58124,City of Winter Park - (FL),FL,Municipal,SERC,77.2,80.3,,456473,,,0,,,0,-14807,441666,438134,,,,3532,441666,49731,,,,,,49731,O
2024,58158,FairPoint Energy LLC,TX,Retail Power Marketer,,,,,53592,,,0,,,0,,53592,53592,,,,,53592,8826.2,,,,,,8826.2,O
2024,58160,Viridian Energy NY LLC,TX,Retail Power Marketer,,,,,19996,,,0,,,0,,19996,19996,,,,,19996,3188.8,,,,,,3188.8,O
2024,58161,Viridian Energy LLC,TX,Retail Power Marketer,,,,,64579,,,0,,,0,,64579,64579,,,,,64579,13833.3,,,,,,13833.3,O
2024,58162,Viridian Energy PA LLC,TX,Retail Power Marketer,,,,,134992,,,0,,,0,,134992,134992,,,,,134992,21658.4,,,,,,21658.4,O
2024,58181,"Stream Energy New York, LLC",NY,Retail Power Marketer,,13,10.2,,19367,,,0,,,0,,19367,19243,,,,124,19367,1836,,,,,,1836,O
2024,58196,"C. N. Brown Electricity, LLC",ME,Retail Power Marketer,,,,,73736,,,0,,,0,,73736,71385,,,,2351,73736,9097.9,,,,,,9097.9,O
2024,58230,MJMEUC,MO,Wholesale Power Marketer,SPP,720.1,709.2,2872313,4582607,,,0,,,0,-111573,7343347,,7343347,,,,7343347,,,312606,,3600,,316206,O
2024,58248,"EnergyMark, LLC",NY,Retail Power Marketer,,105.5,117.4,,897233,,,0,,,0,,897233,897233,,,,0,897233,43949,,,,,,43949,O
2024,58314,"Palmco Power IL, LLC",NY,Retail Power Marketer,,,,,148073,,,0,,,0,,148073,148073,,,,,148073,23582.4,,,,,,23582.4,O
2024,58339,"XOOM Energy Pennsylvania, LLC",NC,Retail Power Marketer,,,,,212209,,,0,,,0,,212209,200115,,,,12094,212209,22137,,,,,,22137,O
2024,58364,New Brunswick Power Generation Corp.,CN,Retail Power Marketer,,1657,2841,,217671,,,0,,,0,,217671,217671,,,,,217671,21747.6,,,,,,21747.6,O
2024,58367,"XOOM Energy New York, LLC",NC,Retail Power Marketer,,,,,184307,,,0,,,0,,184307,180002,,,,4305,184307,29593,,,,,,29593,O
2024,58458,Silver State Energy Association,NV,Retail Power Marketer,,,,,1268072,,,0,,,0,,1268072,982858,285214,,,,1268072,69911,,13013,,,,82924,O
2024,58476,"Stream Energy Columbia, LLC",DC,Retail Power Marketer,,2,1.5,,2745,,,0,,,0,,2745,2658,,,,87,2745,422,,,,,,422,O
2024,58630,"XOOM Energy Maine, LLC",NC,Retail Power Marketer,,,,,66993,,,0,,,0,,66993,62546,,,,4447,66993,8134,,,,,,8134,O
2024,58631,"XOOM Energy Rhode Island, LLC",NC,Retail Power Marketer,,,,,2996,,,0,,,0,,2996,2772,,,,224,2996,435,,,,,,435,O
2024,58632,"XOOM Energy Delaware, LLC",NC,Retail Power Marketer,,,,,5654,,,0,,,0,,5654,5362,,,,292,5654,758,,,,,,758,O
2024,58633,"XOOM Energy New Hampshire, LLC",NC,Retail Power Marketer,,,,,10386,,,0,,,0,,10386,9603,,,,783,10386,1347,,,,,,1347,O
2024,58663,Respond Power LLC,NY,Retail Power Marketer,,,,,391838,,,0,,,0,,391838,350098,,,,41740,391838,39676,,,,,,39676,O
2024,58667,"North American Power and Gas, LLC",TX,Retail Power Marketer,,101.6,77.9,,327304,,,0,,,0,,327304,327304,,,,,327304,51827.5,,,,,,51827.5,O
2024,58747,"Provider Power MASS, LLC",ME,Retail Power Marketer,,,,,72642,,,0,,,0,,72642,69552,,,,3090,72642,15436,,,,,,15436,O
2024,58851,City of Cerritos - (CA),CA,Municipal,,13.8,11.2,,64095,,,0,,,0,,64095,60755,,,,3340,64095,6350.7,,,,,,6350.7,O
2024,58853,Kiwi Energy NY LLC,NY,Retail Power Marketer,,,,,72822,,,0,,,0,,72822,67849,,,,4973,72822,9074,,,,,,9074,O
2024,58951,"CleanChoice Energy, Inc.",DC,Retail Power Marketer,,,,,1732196,,,0,,,0,,1732196,1732196,,,,,1732196,257674.4,,,,,,257674.4,O
2024,58952,Tomorrow Energy Corp.,NV,Retail Power Marketer,WECC,,,,288833,,,0,,,0,,288833,271096,,,,17737,288833,44906.2,,,,,,44906.2,O
2024,58956,"SmartEnergy Holdings, LLC",NY,Retail Power Marketer,,,,,1618763,,,0,,,0,,1618763,1363271,,,,255492,1618763,191362.1,,,,,,191362.1,O
2024,58957,"Interstate Gas Supply, Inc.",OH,Retail Power Marketer,,,,,9308515,,,0,,,0,,9308515,9308515,,,,,9308515,650683,,,,,,650683,O
2024,58963,Brooklet Energy Distribution,TX,Retail Power Marketer,,,,,181296,,,0,,,0,,181296,166514,,,,14782,181296,20737,,,,,,20737,O
2024,58964,"Alpha Gas and Electric, LLC",NY,Retail Power Marketer,,,,,98948,,,0,,,0,,98948,98948,,,,,98948,15886.9,,,,,,15886.9,O
2024,58966,Marathon Power LLC,NY,Retail Power Marketer,,,,,297789,,,0,,,0,,297789,297789,,,,,297789,27363.4,,,,,,27363.4,O
2024,58972,"Realgy, LLC",CT,Retail Power Marketer,,19,41,,105711,,,0,,,0,-1478,104233,104233,,,,,104233,7964.3,,,,,,7964.3,O
2024,58973,"Town Square Energy East, LLC",MN,Retail Power Marketer,,26.5,16.9,,23358,,,0,,,0,,23358,23358,,,,,23358,2688,,,,,,2688,O
2024,58974,Clearview Electric Inc.,TX,Retail Power Marketer,,,,,573838,,,0,,,0,,573838,573838,,,,,573838,86809.6,,,,,,86809.6,O
2024,58978,"Harborside Energy, LLC",NJ,Retail Power Marketer,,,,0,2085,0,0,0,0,0,0,0,2085,2085,0,0,0,0,2085,379.1,0,0,0,0,0,379.1,O
2024,59013,PUD No 1 of Jefferson County,WA,Political Subdivision,,41.5,105.6,0,401960,0,0,0,0,0,0,0,401960,387722,0,14238,0,,401960,43430.6,0,0,0,0,866.7,44297.3,O
2024,59053,"Abest Power & Gas, LLC",NY,Retail Power Marketer,,5.8,3.9,,21430,,,0,,,0,,21430,21430,,,,,21430,3698.2,,,,,,3698.2,O
2024,59054,"Eligo Energy, LLC",IL,Retail Power Marketer,,,,,557913,,,0,,,0,,557913,557913,,,,,557913,70956.3,,,,,,70956.3,O
2024,59055,"Choice Energy, LLC",IA,Retail Power Marketer,,,,0,93075,0,0,0,0,0,0,0,93075,88804,0,0,0,4271,93075,11050.5,0,0,0,0,0,11050.5,O
2024,59059,Town Square Energy,MN,Retail Power Marketer,,323.9,214.8,,1065216,,,0,,,0,,1065216,1065216,,,,,1065216,139292.8,,,,,,139292.8,O
2024,59062,"Horizon Power and Light, LLC",TX,Retail Power Marketer,,17.7,18.1,,55444,,,0,,,0,,55444,52719,,,,2725,55444,5612.1,,,,,,5612.1,O
2024,59064,"Great American Power, LLC",GA,Retail Power Marketer,,,,0,35998,,,0,,,0,,35998,35998,,,,,35998,3872.9,0,0,0,0,0,3872.9,O
2024,59065,Titan Gas LLC,TX,Retail Power Marketer,ERCOT,128,98,0,572368,0,0,0,0,0,0,0,572368,572368,0,0,0,,572368,76156.7,0,0,0,0,0,76156.7,O
2024,59082,"Family Energy, Inc. New York",CN,Retail Power Marketer,,,,,518193,,,0,,,0,,518193,518193,,,,,518193,58861.8,,,,,,58861.8,O
2024,59083,"SFE Energy Pennsylvania, Inc.",CN,Retail Power Marketer,,,,,588192,,,0,,,0,,588192,588192,,,,,588192,64807.8,,,,,,64807.8,O
2024,59084,"SFE Energy Maryland, Inc.",CN,Retail Power Marketer,,,,,121797,,,0,,,0,,121797,121797,,,,,121797,14549.6,,,,,,14549.6,O
2024,59085,"SFE Energy NJ, Inc.",CN,Retail Power Marketer,,,,,132992,,,0,,,0,,132992,132992,,,,,132992,18306.7,,,,,,18306.7,O
2024,59086,"Constellation Solar Holding, LLC",MD,Behind the Meter,,,,183428,,,,0,,,0,,183428,183428,,,,,183428,25508.8,,,,,,25508.8,O
2024,59088,"Nordic Energy Services, LLC",IL,Retail Power Marketer,,82.3,56.8,,247940,,,0,,,0,,247940,247940,,,,,247940,32840.4,,,,,,32840.4,O
2024,59126,Sonoma Clean Power Authority,CA,Community Choice Aggregator,,527.5,401.7,0,2259283,0,0,0,0,0,0,0,2259283,2132809,0,0,0,126474,2259283,279397.4,0,0,0,0,0,279397.4,O
2024,59128,MPower Energy LLC,NY,Retail Power Marketer,NPCC,,,,145276,,,0,,,0,,145276,145276,,,,,145276,28454,,,,,,28454,O
2024,59310,"Inspire Energy Holdings, LLC",CA,Retail Power Marketer,,703,607,,2498698,,,0,,,0,,2498698,2498698,,,,,2498698,380187.3,,,,,,380187.3,O
2024,59311,"XOOM Energy Ohio, LLC",NC,Retail Power Marketer,,,,,187332,,,0,,,0,,187332,176178,,,,11154,187332,15804,,,,,,15804,O
2024,59312,"XOOM Energy Washington DC, LLC",NC,Retail Power Marketer,,,,,7565,,,0,,,0,,7565,7212,,,,353,7565,1180,,,,,,1180,O
2024,59313,"Palmco Power MA, LLC",NY,Retail Power Marketer,,,,,31695,,,0,,,0,,31695,31695,,,,,31695,8038.3,,,,,,8038.3,O
2024,59385,"Dynegy Energy Services, LLC",TX,Retail Power Marketer,,,,,24900332,,,0,,,0,,24900332,24900332,,,,,24900332,1665755.2,,,,,,1665755.2,O
2024,59410,"Shipley Choice, LLC",PA,Retail Power Marketer,RF,106.3,74,,448809,,,0,,,0,,448809,414962,,,,33847,448809,32863.8,,,,,,32863.8,O
2024,59505,Heartland REMC,IN,Cooperative,,129.2,115.8,,695237,,,0,,,0,,695237,675137,,,574,19526,695237,82210,,,,,358,82568,O
2024,59579,Sunnova,TX,Behind the Meter,,,,1854578,,,,0,,,0,,1854578,1854578,,,,,1854578,460568.4,,,,,,460568.4,O
2024,59580,"SunPower Capital, LLC",MD,Behind the Meter,,,,808842,,,,0,,,0,,808842,808842,,,,,808842,179219,,,,,,179219,O
2024,59620,Verde Energy USA,CT,Retail Power Marketer,,,,,543842,,,0,,,0,,543842,512654,,,,31188,543842,74917,,,,,,74917,O
2024,59622,"Ahana Renewables, LLC",NY,Behind the Meter,,,,100270,0,0,0,0,0,0,0,0,100270,100270,0,0,0,0,100270,15427.4,0,0,0,0,0,15427.4,O
2024,59625,Lancaster Choice Energy,CA,Community Choice Aggregator,,213.4,89.1,0,580423,0,0,0,0,0,0,0,580423,580423,0,0,0,0,580423,83785,0,0,0,0,0,83785,O
2024,59647,Sunrun Inc.,CA,Behind the Meter,,,,5945968,,,,0,,,0,,5945968,5945968,,,,,5945968,1342175.6,,,,,,1342175.6,O
2024,59676,"Collegiate Clean Energy, LLC",VA,Retail Power Marketer,,13.8,11,,64424,,,0,,,0,,64424,64424,,,,,64424,4791.5,,,,,,4791.5,O
2024,59679,Aggregated Transit Energy,MA,Retail Power Marketer,,52.4,60,,325824,,,0,,,0,,325824,325824,,,,,325824,21603.8,,,,,,21603.8,O
2024,59734,"SFE Energy Massachusetts, Inc.",CN,Retail Power Marketer,,,,,152290,,,0,,,0,,152290,152290,,,,,152290,25633.9,,,,,,25633.9,O
2024,59763,"Consolidated Power Co., LLC",NY,Retail Power Marketer,,,,,15319,,,0,,,0,,15319,15319,,,,,15319,2620.1,,,,,,2620.1,O
2024,59793,"First Point Power, LLC",RI,Retail Power Marketer,,952.6,816.3,,4087277,,,0,,,0,,4087277,4087277,,,,,4087277,490335,,,,,,490335,O
2024,59797,Park Power LLC,PA,Retail Power Marketer,,14.6,15.7,,62570,,,0,,,0,-4257,58313,58313,,,,,58313,10677.5,,,,,,10677.5,O
2024,59799,American Power & Gas,FL,Retail Power Marketer,FRCC,,,0,1434877,0,0,0,0,0,0,0,1434877,1385315,0,0,0,49562,1434877,209856.2,,,,,,209856.2,O
2024,59807,"Rushmore Energy, LLC",TX,Retail Power Marketer,,,,,147633,,,0,,,0,,147633,138463,,,,9170,147633,15379.4,,,,,,15379.4,O
2024,59808,MP2 Energy LLC,TX,Retail Power Marketer,TRE,4668.7,4219.1,,31427823,,,0,,,0,,31427823,31427823,,,,,31427823,1993359.3,,,,,,1993359.3,O
2024,59809,"Residents Energy, LLC",NJ,Retail Power Marketer,,153.7,140.3,,577722,,,0,,,0,,577722,577722,,,,,577722,88461,,,,,,88461,O
2024,59810,Greenlight Energy Inc.,NY,Retail Power Marketer,NPCC,15.4,11.8,,39959,,,0,,,0,,39959,39959,,,,,39959,5693,,,,,,5693,O
2024,59811,Santanna Energy Services,TX,Retail Power Marketer,,,,,288229,,,0,,,0,,288229,270216,,,,18013,288229,22783.2,,,,,,22783.2,O
2024,59812,New Wave Energy Corporation,NY,Retail Power Marketer,,,,,593652,,,0,,,0,-28177,565475,565475,,,,,565475,53410.7,,,,,,53410.7,O
2024,59818,Algonquin Energy Services,CN,Retail Power Marketer,,,,6319,,,,0,,,0,,6319,6319,,,,,6319,832.8,,,,,,832.8,O
2024,59848,"ResCom Energy, LLC",TX,Retail Power Marketer,,6.2,8.2,,15185,,,0,,,0,,15185,14380,,,,805,15185,1114.9,,,,,,1114.9,O
2024,59931,"MidAmerican Energy Services, LLC",IA,Retail Power Marketer,,,,,5703573,,,0,,,0,,5703573,5589060,,,,114513,5703573,373779.4,,,,,95,373874.4,O
2024,59943,Spruce Finance,TX,Behind the Meter,,20.6,15.4,404277,,,,0,,,0,,404277,404277,,,,,404277,69066.3,,,,,,69066.3,O
2024,59972,The Regents of the Univ. of California,CA,Retail Power Marketer,,,,,611046,,,0,,,0,,611046,594231,,,,16815,611046,65200.2,,,,,,65200.2,O
2024,59993,Discount Power Inc - (CT),CT,Retail Power Marketer,,,,0,79306,0,0,0,0,0,0,0,79306,79306,0,0,0,0,79306,17260.7,0,0,0,0,0,17260.7,O
2024,60025,Greenbacker Renewable Energy Corporation,NY,Behind the Meter,,,,83565,0,,,0,,,0,,83565,83565,0,,,,83565,9695,,,,,,9695,O
2024,60065,Cross Texas Transmission,TX,Transmission,,,,,,,,,,,,,,,,,,,,,,,,82673.7,1603.5,84277.2,O
2024,60066,Wind Energy Transmission Texas LLC,TX,Transmission,,,,,,,,,,,,,,,,,,,,,,,,115119.6,,115119.6,O
2024,60123,Southeast Alaska Power Agency,AK,Transmission,,,,201447,,,,0,,,0,,201447,,201447,,,,201447,0,0,14705,0,0,0,14705,O
2024,60124,Spring Energy RRH LLC,NY,Retail Power Marketer,,,,,78884,,,0,,,0,,78884,72377,,,,6507,78884,10764,,,,,,10764,O
2024,60181,CleanPowerSF,CA,Community Choice Aggregator,,503.4,514,,2844945,,,0,,,0,,2844945,2844945,,,,,2844945,355462.8,,,,,,355462.8,O
2024,60202,Electranet Power LLC,TX,Retail Power Marketer,,,,,3463,,,0,,,0,,3463,3307,,,,156,3463,91.9,,,,,,91.9,O
2024,60218,MPower Energy NJ LLC,NY,Retail Power Marketer,,,,,143356,,,0,,,0,,143356,143356,,,,,143356,26425.1,,,,,,26425.1,O
2024,60402,Peninsula Clean Energy Authority,CA,Community Choice Aggregator,,732,603,,3599000,,,0,,,0,-189343,3409657,3409657,,,,,3409657,456687.6,,,,,,456687.6,O
2024,60482,CKenergy Electric Cooperative,OK,Cooperative,,187.8,160,,818121,,,0,,,0,,818121,777253,,,797,40071,818121,82716.6,,,,,2276,84992.6,O
2024,60579,"SFE Energy Ohio, Inc.",CN,Retail Power Marketer,,,,,98415,,,0,,,0,,98415,98415,,,,,98415,7412.5,,,,,,7412.5,O
2024,60583,Atlantic Energy LLC,TX,Retail Power Marketer,,,,,129242,,,0,,,0,,129242,129242,,,,,129242,28943.7,,,,,,28943.7,O
2024,60631,Upper Michigan Energy Resources Corp.,WI,Investor Owned,,271.9,273.2,545111,1494775,,,0,,,0,,2039886,1812001,152958,,773,74154,2039886,138253.7,2362.4,7273.8,0,0,918.4,148808.3,O
2024,60696,"Vista Energy Marketing, L.P.",TX,Retail Power Marketer,,44.3,21.3,,145905,,,0,,,0,,145905,145905,,,,,145905,20156,0,,,,,20156,O
2024,60758,Apple Valley Choice Energy,CA,Community Choice Aggregator,,94.4,37.9,0,226036,0,0,0,0,0,0,0,226036,226036,0,0,0,0,226036,34604,0,0,0,0,0,34604,O
2024,60759,Silicon Valley Clean Energy Authority,CA,Community Choice Aggregator,,829,749,,4147587,,,0,,,0,,4147587,3984865,,,,162722,4147587,542797.2,,,,,,542797.2,O
2024,60839,Southern Pioneer Electric Company,KS,Cooperative,,137.8,106.7,,765513,,,0,,,0,,765513,751854,,,1014,12645,765513,67626,,,,,1424,69050,O
2024,60868,Redwood Coast Energy Authority,CA,Community Choice Aggregator,,81.7,94.1,292,560864,,,0,,,0,,561156,527556,,,,33600,561156,74326.2,,,,,,74326.2,O
2024,60913,Dynegy Marketing and Trade LLC,TX,Wholesale Power Marketer,,,,,108819397,,,0,,,0,,108819397,,108819397,,,,108819397,,,3990474,,,,3990474,O
2024,60914,Current Power & Gas Inc.,AZ,Retail Power Marketer,,,,,39179,,,0,,,0,,39179,39179,,,,,39179,2454.5,,,,,,2454.5,O
2024,60977,StateWise Energy Ohio LLC,CN,Retail Power Marketer,,,,,25534,,,0,,,0,,25534,25534,,,,,25534,1777,,,,,,1777,O
2024,60981,"TerraForm US Energy Services, LLC",NY,Behind the Meter,,,,124193,,,,0,,,0,,124193,124193,,,,,124193,17124,,,,,,17124,O
2024,61059,"Renaissance Power & Gas, Inc.",NV,Retail Power Marketer,,,,,78014,,,0,,,0,,78014,78014,,,,,78014,10236.7,,,,,,10236.7,O
2024,61083,Pico Rivera Innovative Municipal Energy,CA,Community Choice Aggregator,,68.1,31.6,0,202144,0,0,0,0,0,0,0,202144,202144,0,0,0,0,202144,28462,0,0,0,0,0,28462,O
2024,61092,"Stream Energy Illinois, LLC",TX,Retail Power Marketer,,21.9,10.3,,26365,,,0,,,0,,26365,24837,,,,1528,26365,3013,,,,,,3013,O
2024,61131,Freepoint Energy Solutions LLC,CT,Retail Power Marketer,ERCOT,2104.4,1711.7,,10753698,,,0,,,0,,10753698,10753698,,,,,10753698,863534,,,,,,863534,O
2024,61200,"Summer Energy Northeast, LLC",TX,Retail Power Marketer,,,,,1509,,,0,,,0,,1509,1509,,,,,1509,797,,,,,,797,O
2024,61201,"Stream Energy Delaware, LLC",TX,Retail Power Marketer,,2.2,1.5,,1986,,,0,,,0,,1986,1897,,,,89,1986,298,,,,,,298,O
2024,61206,Total Gas & Power North America Inc,TX,Retail Power Marketer,,178.2,231.4,0,11006731,0,0,0,0,0,0,0,11006731,959294,10047437,0,0,0,11006731,51079,0,352621.3,489.2,0,0,404189.5,O
2024,61264,Heritage Power LLC,TX,Retail Power Marketer,TRE,21.8,17.6,0,82966,0,0,0,0,0,0,0,82966,78014,0,0,0,4952,82966,10818.7,0,0,0,0,0,10818.7,O
2024,61265,Pogo Energy LLC,TX,Retail Power Marketer,,,,,152469,,,0,,,0,,152469,144508,,,,7961,152469,24458.2,,,,,,24458.2,O
2024,61283,"Palmco Power DC, LLC",NY,Retail Power Marketer,,,,,7654,,,0,,,0,,7654,7654,,,,,7654,1337.2,,,,,,1337.2,O
2024,61300,Members 1st Power Cooperative,WY,Cooperative,,304.6,374.6,,2403990,,,0,,,0,,2403990,,2403990,,,,2403990,,,143970.8,,,,143970.8,O
2024,61349,"Palmco Power DE, LLC",NY,Retail Power Marketer,,,,,2272,,,0,,,0,,2272,2272,,,,,2272,428.4,,,,,,428.4,O
2024,61353,Philadelphia Authority for Industrial Development,PA,Municipal,,22.2,32,7083,198484,,,0,,,0,,205567,195827,0,8713,1027,,205567,27692.1,,,,,256.3,27948.4,O
2024,61367,South Bay Energy Corp.,NY,Retail Power Marketer,,25.3,19.7,,88076,,,0,,,0,,88076,86179,,,,1897,88076,16995.7,,,,,,16995.7,O
2024,61424,Tidal Energy Marketing (U.S.) LLC,TX,Wholesale Power Marketer,,,,,3578685,,,0,,,0,,3578685,,3578685,,,,3578685,,,171849,,,,171849,O
2024,61431,Pioneer Community Energy,CA,Community Choice Aggregator,,564,287.7,0,1737043,0,0,0,0,0,0,0,1737043,1737043,0,0,0,0,1737043,242998,0,0,0,0,0,242998,O
2024,61432,Central Coast Community Energy,CA,Community Choice Aggregator,,821.6,721.9,,4966786,,,0,,,0,,4966786,4693295,,,,273491,4966786,563305.3,,,,,,563305.3,O
2024,61433,San Jacinto Power,CA,Community Choice Aggregator,,73.1,24.5,0,173784,0,0,0,0,0,0,0,173784,173784,0,0,0,0,173784,25568,0,0,0,0,0,25568,O
2024,61462,Valley Clean Energy Alliance,CA,Community Choice Aggregator,,155,84,,673629,,,0,,,0,,673629,673629,,,,,673629,100924.4,,,,,,100924.4,O
2024,61471,Rancho Mirage Energy Authority,CA,Community Choice Aggregator,,104.5,38.2,0,276303,0,0,0,0,0,0,0,276303,276303,0,0,0,0,276303,39385,0,0,0,0,0,39385,O
2024,61475,Ava Community Energy,CA,Community Choice Aggregator,,1336,1047,,6596075,,,0,,,0,,6596075,6176100,,,,419975,6596075,877747,,,,,,877747,O
2024,61479,"Stream Ohio Gas & Electric, LLC",TX,Retail Power Marketer,,13.2,8.1,,10504,,,0,,,0,,10504,9946,,,,558,10504,1130.7,,,,,,1130.7,O
2024,61526,Clean Power Alliance of Southern Califor,CA,Community Choice Aggregator,,3112.9,1545,,10649502,,,0,,,0,,10649502,10649502,,,,,10649502,1549447.9,,,,,,1549447.9,O
2024,61570,King City Community Power,CA,Community Choice Aggregator,,,,,35053,,,0,,,0,,35053,33868,0,,,1185,35053,5139,,0,,,,5139,O
2024,61823,"Greenskies Renewable Energy, LLC",CT,Behind the Meter,,,,151914,0,0,0,0,0,0,0,0,151914,151914,0,0,0,0,151914,9974.8,0,0,0,0,0,9974.8,O
2024,61855,"Pulse Power, LLC",TX,Retail Power Marketer,,3900,2900,,1622080,,,0,,,0,,1622080,1622080,,,,,1622080,238161.3,,,,,,238161.3,O
2024,61858,San Jose Clean Energy,CA,Community Choice Aggregator,WECC,1075,1039.6,,3743562,,,0,,,0,,3743562,3743562,,,,,3743562,557151.6,,,,,,557151.6,O
2024,61920,"All American Power and Gas, LLC",FL,Retail Power Marketer,,7.1,10,,64082,,,0,,,0,,64082,64082,,,,,64082,20520.6,,,,,,20520.6,O
2024,61922,"Pure Energy USA, LLC",NY,Retail Power Marketer,,,,,124112,,,0,,,0,,124112,124112,,,,,124112,39899.2,,,,,,39899.2,O
2024,61972,"SunSea Energy, LLC",NJ,Retail Power Marketer,,10.2,8.3,,36670,,,0,,,0,,36670,36670,,,,,36670,8809.8,,,,,,8809.8,O
2024,62094,"SFE Energy Illinois, Inc.",CN,Retail Power Marketer,,,,,76931,,,0,,,0,,76931,76931,,,,,76931,7851.4,,,,,,7851.4,O
2024,62117,"SFE Energy Texas, Inc.",CN,Retail Power Marketer,,,,,34725,,,0,,,0,,34725,34725,,,,,34725,4379.5,,,,,,4379.5,O
2024,62148,Powervine Energy,CT,Retail Power Marketer,,,,0,41785,,,0,,,0,,41785,41785,,,,,41785,3963.8,,,,,,3963.8,O
2024,62154,StateWise Energy Maryland LLC,CN,Retail Power Marketer,,,,,18125,,,0,,,0,,18125,18125,,,,,18125,1986.6,,,,,,1986.6,O
2024,62156,"Power UP Energy, LLC",NJ,Retail Power Marketer,,3.3,2.6,,19081,,,0,,,0,,19081,19081,,,,,19081,6459,,,,,,6459,O
2024,62776,NorthPoint Energy,CN,Wholesale Power Marketer,,,,,232021,,,0,,,0,,232021,,232021,,,,232021,,,14617.2,,,,14617.2,O
2024,62790,"Summer Energy Midwest, LLC",TX,Retail Power Marketer,,,,,370804,,,0,,,0,,370804,370804,,,,,370804,25745.9,,,,,,25745.9,O
2024,62862,Chariot Energy,TX,Retail Power Marketer,,,,,539314,,,0,,,0,,539314,539314,,,,,539314,89325.6,,,,,,89325.6,O
2024,62914,StateWise Energy Pennsylvania LLC,CN,Retail Power Marketer,,,,,10664,,,0,,,0,,10664,10664,,,,,10664,809.7,,,,,,809.7,O
2024,62952,"Southern Federal Power, LLC",TX,Retail Power Marketer,,,,,338947,,,0,,,0,,338947,338947,,,,,338947,26812,,,,,,26812,O
2024,62987,Octopus Energy LLC,TX,Retail Power Marketer,,,,,305358,,,0,,,0,,305358,305358,,,,,305358,38522,,,,,,38522,O
2024,63007,First Choice Energy LLC,NY,Retail Power Marketer,,2.5,3,,10377,,,0,,,0,,10377,10377,,,,,10377,1734.7,,,,,,1734.7,O
2024,63008,Agressive Energy LLC,NY,Retail Power Marketer,,468.7,376.5,,2227173,,,0,,,0,,2227173,2227173,,,,,2227173,246488.5,,,,,,246488.5,O
2024,63122,"Approved Energy II, LLC",NJ,Retail Power Marketer,,161,130,,803859,,,0,,,0,,803859,803859,,,,,803859,87814.7,,,,,,87814.7,O
2024,63168,Median Energy Corp.,NJ,Retail Power Marketer,,17.1,13.6,,51193,,,0,,,0,,51193,51193,,,,,51193,9469.1,,,,,,9469.1,O
2024,63169,Median Energy PA LLC,NJ,Retail Power Marketer,,3.6,2.1,,8829,,,0,,,0,,8829,8829,,,,,8829,1557.3,,,,,,1557.3,O
2024,63200,"Heritage Power Marketing, LLC",IL,Wholesale Power Marketer,,,,0,2394623,0,0,0,0,0,0,0,2394623,0,2394623,0,0,0,2394623,,,96938,,,,96938,O
2024,63232,"National Gas & Electric, LLC",TX,Retail Power Marketer,,,,,210858,,,0,,,0,,210858,176307,,,,34551,210858,25827.4,,,,,,25827.4,O
2024,63356,SmartestEnergy US LLC,NY,Retail Power Marketer,,919,691,0,4195348,0,0,0,0,0,0,0,4195348,4195348,0,0,0,,4195348,359096.1,,,,,,359096.1,O
2024,63364,"Mirabito Power & Gas, LLC",NY,Retail Power Marketer,,,,0,211672,0,0,0,0,0,0,0,211672,196888,0,0,0,14784,211672,13856.7,0,0,0,0,0,13856.7,O
2024,63367,Commercial Energy of California,CA,Retail Power Marketer,,,,,724909,,,0,,,0,,724909,724909,,,,,724909,41760,,,,,,41760,O
2024,63422,Varsity Energy,TX,Retail Power Marketer,TRE,22,36.6,,99068,,,0,,,0,,99068,93021,,,,6047,99068,13074.8,,,,,,13074.8,O
2024,63546,"Provision Power & Gas, LLC",TX,Retail Power Marketer,,,,,70224,,,0,,,0,,70224,66485,,,,3739,70224,6573.2,,,,,,6573.2,O
2024,63570,"Chief Energy Power, LLC",NY,Retail Power Marketer,,11.1,6.8,,48710,,,0,,,0,,48710,48710,,,,,48710,6738,,,,,,6738,O
2024,63695,"RPA Energy, Inc.",NY,Retail Power Marketer,,14.8,12.4,,51683,,,0,,,0,,51683,51683,,,,,51683,10265.8,,,,,,10265.8,O
2024,63725,Pomona Choice Energy (PCE),CA,Community Choice Aggregator,,150.4,60.7,0,408455,0,0,0,0,0,0,0,408455,408455,0,0,0,0,408455,60890,0,0,0,0,0,60890,O
2024,63870,Click Energy LLC,PA,Retail Power Marketer,,0.6,0.7,,2529,,,0,,,0,,2529,2448,,,,81,2529,403.6,,,,,,403.6,O
2024,64011,Rhythm Ops LLC,TX,Retail Power Marketer,,,,0,692693,0,0,0,0,0,0,0,692693,692693,0,0,0,0,692693,167733.6,0,0,0,0,0,167733.6,O
2024,64195,Desert Community Energy,CA,Community Choice Aggregator,,,,,374920,,,0,,,0,,374920,374920,,,,,374920,68313.7,,,,,,68313.7,O
2024,64222,"Grid Power Direct, LLC",NY,Retail Power Marketer,,,,,369126,,,0,,,0,,369126,369126,,,,,369126,33037,,,,,,33037,O
2024,64289,San Diego Community Power,CA,Community Choice Aggregator,,2324.6,1373.7,0,7707818,0,0,0,0,0,0,0,7707818,7707818,0,0,0,0,7707818,1183835,0,0,0,0,0,1183835,O
2024,64312,"JP Energy Resources, LLC",TX,Retail Power Marketer,,14.4,21.6,,51974,,,0,,,0,,51974,51974,,,,,51974,5757.7,,,,,,5757.7,O
2024,64314,BP Energy Retail LLC,TX,Retail Power Marketer,,,,,61627451,,,0,,,0,,61627451,61627451,,,,,61627451,3372900,,,,,,3372900,O
2024,64326,"Phoenix Energy Group, LLC",IL,Retail Power Marketer,,,,,0,,,0,,,0,,0,0,,,,,0,,,,,,,,O
2024,64425,Clean Energy Alliance,CA,Community Choice Aggregator,,604.5,224.7,0,1774543,0,0,0,0,0,0,0,1774543,1774543,0,0,0,0,1774543,280085,0,0,0,0,0,280085,O
2024,64521,Ironhorse Power Services LLC,TX,Retail Power Marketer,,303.7,200.4,,1034051,295244,273224,22020,,,0,,1056071,1056071,,,,,1056071,84508,,,,,,84508,O
2024,64543,StateWise Energy Illinois LLC,CN,Retail Power Marketer,,,,,106,,,0,,,0,,106,106,,,,,106,6.2,,,,,,6.2,O
2024,64554,OhmConnect Texas LLC,TX,Retail Power Marketer,,,,,182853,,,0,,,0,-10177,172676,172676,,,,,172676,23971,,,,,,23971,O
2024,64555,Santa Barbara Clean Energy,CA,Community Choice Aggregator,,71.3,57.1,0,328638,0,0,0,0,0,0,0,328638,328638,0,0,0,0,328638,51867,0,0,0,0,0,51867,O
2024,64601,LE Energy,AL,Retail Power Marketer,,,,,122558,,,0,,,0,,122558,122558,,,,,122558,14467.6,0,0,0,0,0,14467.6,O
2024,64653,Declaration Energy LLC,TX,Retail Power Marketer,,,,,186326,,,0,,,0,,186326,186326,,,,,186326,25931,,,,,,25931,O
2024,64682,"Gexa Energy, LP",TX,Retail Power Marketer,,2312,2004,,12060446,,,0,,,0,,12060446,12060446,,,,,12060446,1284563.1,,,,,,1284563.1,O
2024,64705,"NTHERM, LLC",TX,Retail Power Marketer,,,,,344560,,,0,,,0,,344560,344560,,,,,344560,60974.5,,,,,,60974.5,O
2024,64727,Branch Energy Texas LLC,TX,Retail Power Marketer,,5.2,5,,17272,,,0,,,0,,17272,17272,,,,,17272,2690.6,,,,,,2690.6,O
2024,64777,"Mid-Atlantic Interstate Transmission, LLC",OH,Transmission,RFC,,,,,,,,,,,,,,,,,,,,,,,392425.5,6275.1,398700.6,O
2024,64813,"Lanyard Power Marketing, LLC",TX,Wholesale Power Marketer,,,,0,1116676,0,0,0,0,0,0,0,1116676,0,1116676,0,0,0,1116676,,,114354,,,,114354,O
2024,64906,Mothership,TX,Retail Power Marketer,,,,,3750482,,,0,,,0,,3750482,3750482,,,,,3750482,265793,,,,,,265793,O
2024,64923,Capital Energy PA LLC,TX,Retail Power Marketer,TRE,22.2,24.5,0,43752,,,0,,,0,,43752,41535,,,,2217,43752,5616.7,0,0,0,0,0,5616.7,O
2024,64928,Orange County Power Authority,CA,Community Choice Aggregator,,667.1,406.5,0,2562926,0,0,0,0,0,0,0,2562926,2562926,0,0,0,0,2562926,354743,0,0,0,0,0,354743,O
2024,64929,"Good Charlie & Co., LLC",TX,Retail Power Marketer,,104,85,,412637,,,0,,,0,,412637,412637,,,,,412637,55123.7,,,,,,55123.7,O
2024,64974,PBF Power Marketing,NJ,Retail Power Marketer,RFC,164.9,157,,1010125,,,0,,,0,,1010125,1010125,,,,,1010125,30556.1,,,,,,30556.1,O
2024,64977,Revolution Energy LLC,TX,Retail Power Marketer,,,,,58647,,,0,,,0,,58647,55708,,,,2939,58647,7594.6,,,,,,7594.6,O
2024,65090,"Lone Star Transmission, LLC",TX,Transmission,,,,,,,,,,,,,,,,,,,,,,,,113861,,113861,O
2024,65242,"Scale Sustainable I, LLC",NJ,Behind the Meter,,,,9729,,,,0,,,0,,9729,8224,1505,,,,9729,1182.7,,268.8,,,,1451.5,O
2024,65259,Energy for Palmdale's Independent Choice,CA,Community Choice Aggregator,,189.2,79.3,0,496269,0,0,0,0,0,0,0,496269,496269,0,0,0,0,496269,75469,0,0,0,0,0,75469,O
2024,65261,Gila River Indian Utility Authority (GRICUA),AZ,Cooperative,,63,42,0,319118,,,0,,,0,-15087,304031,278737,,,,25294,304031,35756,,,,,,35756,O
2024,65262,"Archer Energy, LLC",OH,Retail Power Marketer,PJM,188,141.5,,690612,,,0,,,0,,690612,690612,,,,,690612,50034.2,,,,,,50034.2,O
2024,65310,Energywell LLC,CT,Retail Power Marketer,,,,,616574,,,0,,,0,,616574,616574,,,,,616574,71468.6,,,,,,71468.6,O
2024,65314,"BKV-BPP Retail, LLC",CO,Retail Power Marketer,,358.9,218.3,,846019,172795,,172795,,,0,-51931,966883,966883,,,,,966883,137900.3,,,,,,137900.3,O
2024,65335,Pay Less Energy LLC,FL,Retail Power Marketer,,11.7,8.1,,64459,,,0,,,0,,64459,61950,,,,2509,64459,13561.3,,,,,,13561.3,O
2024,65353,Arrow Energy TX LLC,TX,Retail Power Marketer,,,,,11642,,,0,,,0,,11642,11485,,,,157,11642,1331,,,,,,1331,O
2024,65413,Tesla Energy Ventures,TX,Retail Power Marketer,,,,0,244950,0,0,0,0,0,0,0,244950,244950,0,0,0,0,244950,26457.9,0,0,0,0,0,26457.9,O
2024,65439,CPV Retail Energy LP,TX,Retail Power Marketer,,140,62,0,509636,0,0,0,0,0,0,-28848,480788,480788,0,0,0,,480788,35470,0,0,0,0,0,35470,O
2024,65506,"Constellation Energy Generation, LLC",MD,Wholesale Power Marketer,,,,207923244,254945750,,,0,,,0,,462868994,,462868994,,,,462868994,,,22228296,,,1088822,23317118,O
2024,65604,Trans-Allegheny Interstate Line Co,OH,Transmission,,,,,,,,,,,,,,,,,,,,,,,,269759.8,,269759.8,O
2024,65610,Ammper Power LLC,TX,Retail Power Marketer,,33.9,32.8,0,132069,0,0,0,0,0,0,0,132069,127732,0,0,0,4337,132069,10618,0,0,0,0,0,10618,O
2024,65612,Citadel Energy Marketing LLC,CT,Wholesale Power Marketer,,,,,19969756,,,0,,,0,,19969756,,19969756,,,,19969756,,,874101.4,,,,874101.4,O
2024,65613,"ABN Energy, LLC",NY,Retail Power Marketer,,17.8,11.4,,79365,,,0,,,0,,79365,76393,,,,2972,79365,17547.6,,,,,,17547.6,O
2024,65636,"Nexus Line, LLC",ND,Transmission,,,,,,,,,,,,,,,,,,,,,,,,63842.5,,63842.5,O
2024,65649,Community Power Coalition of NH,NH,Community Choice Aggregator,,,,,1111827,,,0,,,0,,1111827,1011349,,,,100478,1111827,88468.7,,,,,,88468.7,O
2024,65848,"Morgan Stanley Energy Structuring, L.L.C.",NY,Wholesale Power Marketer,,,,,4146699,,,0,,,0,,4146699,,4146699,,,,4146699,,,271796.2,,,,271796.2,O
2024,66017,"All Choice Energy, LLC",NY,Retail Power Marketer,,,,,44647,,,0,,,0,,44647,44647,,,,,44647,6886.4,0,0,0,0,0,6886.4,O
2024,66026,"Palmetto Solar, LLC",NC,Behind the Meter,,,,99811,,0,0,0,,,0,,99811,99811,,,,,99811,12730,,,,,,12730,O
2024,66036,"EverBright, LLC",FL,Behind the Meter,,,,200154,,,,0,,,0,,200154,200154,,,,,200154,33575.7,,,,,,33575.7,O
2024,66073,MPD Electric Cooperative,SC,Cooperative,SERC,294,334,,1866446,,,0,,,0,,1866446,1745865,87419,,3738,29424,1866446,147192,,7907,,,49572,204671,O
2024,66082,Eastside Power Authority,CA,Political Subdivision,,12.9,2.9,,40282,,,0,,,0,,40282,37949,,,,2333,40282,2294.8,0,0,0,0,0,2294.8,O
2024,66101,FirstEnergy Pennsylvania Electric Co,OH,Investor Owned,RFC,10404.3,9649.9,0,19807571,0,0,0,0,0,0,0,19807571,18762483,215158,0,22281,807649,19807571,3132681.5,652749.5,7495.7,-5.7,0,75388.3,3868309.3,O
2024,66113,"EcoPlus Power, LLC",CT,Retail Power Marketer,,22.4,18.1,,84077,,,0,,,0,,84077,84077,,,,,84077,6941.6,,,,,,6941.6,O
2024,66116,"Robindale Retail Power Services, LLC",PA,Retail Power Marketer,,,,,55204,,,0,,,0,,55204,54214,,,,990,55204,4230,,,,,,4230,O
2024,66118,Spartacus Energy Services LLC,NY,Retail Power Marketer,,,,,20108,0,0,0,,,0,,20108,20108,,,,,20108,3460.8,,,,,,3460.8,O
2024,66164,"TerraForm Renewable Energy Services, LLC",NY,Retail Power Marketer,,132,132,579515,360060,0,0,0,0,0,0,0,939575,939575,0,0,0,0,939575,56043,0,0,0,0,0,56043,O
2024,66173,Northeastern Power and Gas LLC,NY,Retail Power Marketer,,,,0,85270,,,0,,,0,,85270,85270,,,,,85270,11490.7,,,,,,11490.7,O
2024,66193,Power and Water Resources Pooling Authority,CA,Political Subdivision,,81.9,25.5,20706,281361,,,0,,,0,,302067,,291714,,,10353,302067,,,14390.3,,,,14390.3,O
2024,66332,"Base Texas REP, LLC",TX,Retail Power Marketer,TRE,,,,2608,2608,2476,132,0,0,0,-132,2608,2476,0,0,0,132,2608,287.5,,,0,0,0,287.5,O
2024,66333,"Light Energy, LLC",TX,Retail Power Marketer,,0.1,0.4,0,242,242,223,19,0,0,0,-19,242,223,0,0,0,19,242,53.7,0,0,0,0,0,53.7,O
2024,66398,Brookfield Renewable Trading and Marketing LP,NY,Retail Power Marketer,,,,,86364,,,0,,,0,,86364,86364,,,,,86364,4407,,,,,,4407,O
2024,66399,Brookfield Renewable Energy Marketing US LLC,NY,Retail Power Marketer,,,,,823492,,,0,,,0,,823492,823492,,,,,823492,58932.7,,,,,,58932.7,O
2024,66435,"MEMS Industrial Supply, LLC",TX,Retail Power Marketer,,,,,1350240,0,0,0,,,0,,1350240,1350240,,,,,1350240,46564.7,0,0,0,0,0,46564.7,O
2024,66436,Maison Energy LLC,TX,Retail Power Marketer,TRE,,,0,479,0,0,0,,,0,,479,456,0,0,0,23,479,69.7,0,0,0,0,0,69.7,O
2024,66582,Pumpjack Power LLC,TX,Retail Power Marketer,,,,,1154867,0,0,0,,,0,,1154867,1154867,,,,,1154867,71052.3,,,,,,71052.3,O
2024,66678,Polaris Power Services LLC,NY,Retail Power Marketer,,86.7,36.6,,153522,0,0,0,,,0,,153522,153522,,,,,153522,16896.4,,,,,,16896.4,O
2024,66846,"Transource Energy, LLC",OH,Transmission,,,,,,,,,,,,,,,,,,,,,,,-600,60410,,59810,O
2024,66851,Gridmatic Retail LLC,TX,Retail Power Marketer,,,,0,58177,0,0,0,0,0,0,0,58177,58177,0,0,0,0,58177,4398,0,0,0,0,0,4398,O
2024,66866,University of Massachusetts Amherst,MA,State,,25.5,20,96423,26837,0,0,0,0,0,0,0,123260,0,0,0,123260,,123260,0,0,0,0,0,0,0,O
2024,66867,David Energy Supply LLC,,Retail Power Marketer,,28.9,25.1,0,166916,0,0,0,0,0,0,0,166916,161378,0,0,0,5538,166916,17716.8,0,0,0,0,0,17716.8,O
2024,66889,Heartland Generation Ltd.,CA,Wholesale Power Marketer,,,,,204905,0,0,0,,,0,,204905,,204905,,,,204905,,,20005.1,,,,20005.1,O
2024,66909,"AEP Ohio Transmission Company, Inc.",OH,Transmission,,,,,,,,,,,,,,,,,,,,,,,-30571,889111,,858540,O
2024,66923,"DCR Transmission, LLC",CT,Transmission,,,,,,,,,,,,,,,,,,,,,,,,46253.6,,46253.6,O
2024,67055,Mitsui & Co. Energy Marketing and Services,TX,Wholesale Power Marketer,,,,,5766674,0,0,0,,,0,,5766674,,5766674,,,,5766674,,,225632,,,,225632,O
2024,67076,"FlowX, LLC",TX,Retail Power Marketer,,,,0,0,157395,0,157395,0,0,0,0,157395,149784,0,0,0,7611,157395,4388,0,0,0,0,0,4388,O
2024,67099,"Energy Prepay II, LLC",NY,Wholesale Power Marketer,,,,,426371,0,0,0,,,0,,426371,,426371,,,,426371,,,16884.3,,,,16884.3,O
2024,67112,Keystone Appalachian Transmission Company,OH,Transmission,,,,,,,,,,,,,,,,,,,,,,,,84047.1,1282.3,85329.4,O
2024,67113,Morongo Transmission LLC,CA,Transmission,,,,,,,,,,,,,,,,,,,,,,,,49057.7,,49057.7,O
2024,67122,Selfserve Energy Corp.,TX,Retail Power Marketer,,,,,52799,,0,0,,,0,,52799,44505,,,,8294,52799,1368.9,,,,,,1368.9,O
2024,67251,GridLiance Heartland LLC,FL,Transmission,,,,,,,,,,,,,,,,,,,,,,,,5521.9,,5521.9,O
2024,88888,Withheld,TX,Retail Power Marketer,,,,,221996,,,0,,,0,,221996,221996,,,,,221996,9260,,,,,,9260,O
2024,88888,Withheld,TX,Retail Power Marketer,TRE,,,,2385999,,,0,,,0,,2385999,2385999,,,,,2385999,100686,,,-8243,,,92443,O
2024,88888,Withheld,TX,Retail Power Marketer,TRE,,,,3167844,,,0,,,0,,3167844,3167844,,,,,3167844,135342,,,,,,135342,O
