data_year,utility_number,utility_name,state,ownership,ieee_standard_all_events_with_major_event_days_saidi_minutes_per_year,ieee_standard_all_events_with_major_event_days_saifi_times_per_year,ieee_standard_all_events_with_major_event_days_caidi_minutes_per_interruption,ieee_standard_without_major_event_days_saidi_minutes_per_year,ieee_standard_without_major_event_days_saifi_times_per_year,ieee_standard_without_major_event_days_caidi_minutes_per_interruption,ieee_standard_loss_of_supply_removed_with_major_event_days_saidi_minutes_per_year,ieee_standard_loss_of_supply_removed_with_major_event_days_saifi_times_per_year,ieee_standard_loss_of_supply_removed_with_major_event_days_caidi_minutes_per_interruption,ieee_standard_number_of_customers,ieee_standard_highest_dist_voltage,ieee_standard_outages_recorded_automatically,other_standard_all_events_with_major_event_days_saidi_minutes_per_year,other_standard_all_events_with_major_event_days_saifi_times_per_year,other_standard_all_events_with_major_event_days_caidi_with_med,other_standard_without_major_event_days_saidi_minutes_per_year,other_standard_without_major_event_days_saifi_times_per_year,other_standard_without_major_event_days_caidi_without_med,other_standard_number_of_customers,other_standard_inactive_accounts_included,other_standard_momentary_interruptions,other_standard_highest_dist_voltage,other_standard_outages_recorded_automatically
2024,84.0,A & N Electric Coop,MD,Cooperative,,,,,,,,,,,,,29.102,0.23,126.53043,29.102,0.23,126.53043,317,Y,O,12.5,Y
2024,84.0,A & N Electric Coop,VA,Cooperative,,,,,,,,,,,,,108.546,1.511,71.837194,86.105,1.37,62.850365,37628,Y,O,24.9,Y
2024,108.0,Adams-Columbia Electric Coop,WI,Cooperative,140.019,1.147,122.07411,140.019,1.147,122.07411,140.019,1.147,122.07411,39641,12.5,Y,,,,,,,,,,,
2024,155.0,Agralite Electric Coop,MN,Cooperative,68.126,0.998,68.262525,67.749,0.994,68.157948,47.221,0.448,105.40402,5397,7.2,Y,,,,,,,,,,,
2024,162.0,Aiken Electric Coop Inc,SC,Cooperative,7941.05,,,93.87,,,7934.95,,,52839,25,Y,,,,,,,,,,,
2024,195.0,Alabama Power Co,AL,Investor Owned,,,,,,,,,,,,,334.2,2.037,164.0648,116.9,0.944,123.83475,1518035,N,F,35,Y
2024,207.0,Alameda Municipal Power,CA,Municipal,54.924,0.879,62.484642,54.924,0.879,62.484642,54.924,0.879,62.484642,37072,12,Y,,,,,,,,,,,
2024,213.0,Alaska Electric Light & Power Co.,AK,Investor Owned,156.37,2.93,53.368601,156.37,2.93,53.368601,54.9,0.593,92.580101,17719,12.5,N,,,,,,,,,,,
2024,219.0,Alaska Power and Telephone Co,AK,Investor Owned,,,,,,,,,,,,,365.72,9.044,40.437859,,,,8760,N,O,12.5,N
2024,230.0,Albany Utility Board,GA,Municipal,290.941,2.25,129.30711,125.291,1.586,78.998108,290.941,2.25,129.30711,32244,12.5,Y,,,,,,,,,,,
2024,232.0,City of Albemarle - (NC),NC,Municipal,40.95,0.34,120.44118,26.56,0.22,120.72727,,,,12505,14.4,N,,,,,,,,,,,
2024,240.0,Albemarle Electric Member Corp,NC,Cooperative,,,,,,,,,,,,,139.88,1.223,114.37449,81.3,0.828,98.188406,13630,N,F,12.5,Y
2024,276.0,Alcorn County Elec Power Assn,MS,Cooperative,,,,,,,,,,,,,2.54,1.26,2.015873,2.54,1.26,2.015873,19181,N,L,13,N
2024,295.0,City of Alexandria - (MN),MN,Municipal,3.962,0.086,46.069767,3.962,0.086,46.069767,,,,10692,13.2,N,,,,,,,,,,,
2024,296.0,"Alfalfa Electric Coop, Inc",KS,Cooperative,,,,,,,,,,,,,23.923,0.503,47.560636,7.865,0.312,25.208333,935,N,O,14.4,Y
2024,296.0,"Alfalfa Electric Coop, Inc",OK,Cooperative,,,,,,,,,,,,,80.834,0.503,160.70378,7.865,0.312,25.208333,7563,N,O,14.4,Y
2024,305.0,Alger-Delta Coop Electric Assn,MI,Cooperative,950.6,2.105,451.59145,226.3,1.226,184.58401,892.2,1.925,463.48052,10440,34.5,Y,,,,,,,,,,,
2024,392.0,Alpena Power Co,MI,Investor Owned,,,,,,,,,,,,,284.2,2.2,129.18182,57.8,1,57.8,16792,N,F,13.2,Y
2024,407.0,Altamaha Electric Member Corp,GA,Cooperative,17313,4.46,3881.8386,17059,3.246,5255.3913,17313,4.46,3881.8386,21870,24.9,Y,,,,,,,,,,,
2024,554.0,City of Ames - (IA),IA,Municipal,39.16,0.47,83.319149,18.76,0.26,72.153846,36.75,0.4,91.875,27592,13.8,N,,,,,,,,,,,
2024,562.0,Amicalola Electric Member Corp,GA,Cooperative,1587.61,6.97,227.77762,449.52,4.72,95.237288,1578.35,5.998,263.14605,55838.4,25,N,,,,,,,,,,,
2024,590.0,City of Anaheim - (CA),CA,Municipal,46.34,0.63,73.555556,46.34,0.63,73.555556,46.34,0.63,73.555556,117000,12.5,Y,,,,,,,,,,,
2024,636.0,City of Anderson - (IN),IN,Municipal,511.743,2.591,197.50791,192.704,1.927,100.00208,511.743,2.591,197.50791,34434,13.2,Y,,,,,,,,,,,
2024,689.0,Connexus Energy,MN,Cooperative,181.279,0.851,213.0188,30.133,0.327,92.149847,158.184,0.639,247.5493,146551.5,12.5,Y,,,,,,,,,,,
2024,691.0,City of Anoka,MN,Municipal,39.779,0.391,101.73657,39.779,0.391,101.73657,39.779,0.391,101.73657,13004,12.5,N,,,,,,,,,,,
2024,719.0,Town of Apex- (NC),NC,Municipal,116.396,0.744,156.44624,36.273,0.413,87.828087,80.123,0.331,242.06344,28371,,Y,,,,,,,,,,,
2024,727.0,Appalachian Electric Coop,TN,Cooperative,927.02,3.67,252.59401,295.02,2.86,103.15385,927.02,3.67,252.59401,49902,13,Y,,,,,,,,,,,
2024,733.0,Appalachian Power Co,VA,Investor Owned,1714,2.255,760.08869,342.3,1.61,212.6087,1597.4,2.027,788.06117,550129,35,Y,,,,,,,,,,,
2024,733.0,Appalachian Power Co,WV,Investor Owned,1831.9,3.326,550.78172,576.4,2.531,227.73607,1711.5,2.953,579.58009,417949,35,Y,,,,,,,,,,,
2024,803.0,Arizona Public Service Co,AZ,Investor Owned,87.2,0.93,93.763441,80.86,0.88,91.886364,86.72,0.92,94.26087,1395614,69,Y,,,,,,,,,,,
2024,814.0,Entergy Arkansas LLC,AR,Investor Owned,370,1.807,204.75927,229.4,1.5,152.93333,358.3,1.744,205.44725,742597,34.5,Y,,,,,,,,,,,
2024,817.0,Arkansas Valley Elec Coop Corp,AR,Cooperative,585.75,3.32,176.43072,197.34,2.49,79.253012,474.89,2.78,170.82374,59167,14.4,Y,,,,,,,,,,,
2024,817.0,Arkansas Valley Elec Coop Corp,OK,Cooperative,200.2,2.24,89.375,137.04,1.39,98.589928,101.31,1.23,82.365854,4729,7.2,Y,,,,,,,,,,,
2024,963.0,Atlantic City Electric Co,NJ,Investor Owned,123,0.84,146.42857,50,0.67,74.626866,123,0.84,146.42857,570952,69,Y,,,,,,,,,,,
2024,1009.0,City of Austin - (MN),MN,Municipal,8.25,0.126,65.47619,7.22,0.126,57.301587,,,,11853,13.8,Y,,,,,,,,,,,
2024,1015.0,Austin Energy,TX,Municipal,92.13,0.96,95.96875,76.03,0.87,87.390805,90.33,0.93,97.129032,557039,35,Y,,,,,,,,,,,
2024,1050.0,City of Azusa,CA,Municipal,,,,11.463,0.145,79.055172,,,,17461,12.5,N,,,,,,,,,,,
2024,1149.0,Baldwin County El Member Corp,AL,Cooperative,127.573,2.01,63.469154,20.076,1.019,19.701668,125.729,1.929,65.178331,89946,12.5,Y,,,,,,,,,,,
2024,1167.0,Baltimore Gas & Electric Co,MD,Investor Owned,133.482,0.795,167.90189,66.657,0.626,106.48083,133.482,0.795,167.90189,1341009,34,Y,,,,,,,,,,,
2024,1175.0,"Bandera Electric Coop, Inc",TX,Cooperative,75.893,0.825,91.991515,61.662,0.612,100.7549,70.289,0.774,90.812661,41932,25,Y,,,,,,,,,,,
2024,1179.0,Versant Power,ME,Investor Owned,1206,4.379,275.40534,478,3.101,154.14382,978,2.877,339.93743,165401,35,Y,,,,,,,,,,,
2024,1251.0,Barron Electric Coop,WI,Cooperative,275.383,1.979,139.1526,145.223,1.503,96.622089,275.383,1.979,139.1526,19756,12.5,Y,,,,,,,,,,,
2024,1273.0,"Bartlett Electric Coop, Inc",TX,Cooperative,190.921,1.496,127.62099,135.887,1.148,118.36847,176.319,1.306,135.00689,15253,24.9,Y,,,,,,,,,,,
2024,1283.0,Bartholomew County Rural E M C,IN,Cooperative,177.84,1.87,95.101604,84.16,1.05,80.152381,101.44,1.22,83.147541,12123,12.5,Y,,,,,,,,,,,
2024,1300.0,City of Bartow - (FL),FL,Municipal,,,,,,,,,,,,,66.89,0.59,113.37288,66.89,0.59,113.37288,13199,N,L,35,N
2024,1325.0,City of Batavia - (IL),IL,Municipal,46.48,0.72,64.555556,40.61,0.39,104.12821,,,,10737,34,N,,,,,,,,,,,
2024,1366.0,City of Bay City - (MI),MI,Municipal,414.996,2.127,195.1086,48.348,0.447,108.16107,414.996,2.127,195.1086,20500,13.8,N,,,,,,,,,,,
2024,1458.0,"Beauregard Electric Coop, Inc",LA,Cooperative,,,,,,,,,,,,,3033.6,9.75,311.13846,441.6,3.9,113.23077,44506,N,F,24.9,Y
2024,1529.0,"Beltrami Electric Coop, Inc",MN,Cooperative,117.69,1.313,89.634425,95.814,1.178,81.336163,,,,22150,12.5,Y,,,,,,,,,,,
2024,1579.0,PUD No 1 of Benton County,WA,Political Subdivision,52.9,0.5,105.8,39.5,0.4,98.75,,,,56863,34.5,Y,,,,,,,,,,,
2024,1591.0,"Big Country Electric Coop, Inc",TX,Cooperative,,,,,,,,,,,,,348.2,,,,,,13596,N,L,24.9,Y
2024,1613.0,Berkeley Electric Coop Inc,SC,Cooperative,293.3,1.59,184.46541,88.9,0.94,94.574468,287.9,1.47,195.85034,130042,24.9,Y,,,,,,,,,,,
2024,1625.0,Benton Rural Electric Assn,WA,Cooperative,1887,1.413,1335.4565,156.015,1.089,143.26446,597.395,1.138,524.95167,16453,34.5,N,,,,,,,,N,L,,N
2024,1708.0,Big Sandy Rural Elec Coop Corp,KY,Cooperative,814.826,4.145,196.58046,527.264,3.73,141.35764,17.867,0.196,91.158163,12595,13.2,Y,,,,,,,,,,,
2024,1723.0,"Big Bend Electric Coop, Inc",WA,Cooperative,248.41,0.926,268.26134,191.771,0.787,243.67344,,,,9477,24.9,Y,,,,,,,,,,,
2024,1763.0,"Black River Electric Coop, Inc - (SC)",SC,Cooperative,228,2.004,113.77246,99,1.348,73.442136,227,1.994,113.84152,34494,7.2,Y,,,,,,,,,,,
2024,1769.0,"Black Hills Electric Coop, Inc",SD,Cooperative,228.71,1.031,221.83317,102.04,0.767,133.03781,216.02,0.852,253.5446,11305,7.2,Y,,,,,,,,,,,
2024,1775.0,Black River Electric Coop - (MO),MO,Cooperative,1161.95,,,447.35,,,1141.33,,,25556,14.4,Y,,,,,,,,,,,
2024,1884.0,BENCO Electric Cooperative,MN,Cooperative,,,,,,,,,,,,,143.873,1.003,143.44267,141.76,0.801,176.97878,19912,N,L,14.7,Y
2024,1886.0,Blue Grass Energy Coop Corp,KY,Cooperative,596.51,2.225,268.09438,182.17,1.524,119.53412,589.03,2.035,289.44963,62550,25,Y,,,,,,,,,,,
2024,1889.0,Blue Ridge Elec Member Corp - (NC),NC,Cooperative,6038.46,3.32,1818.8133,92.9,1.26,73.730159,6038.46,3.32,1818.8133,79753,15,Y,,,,,,,,,,,
2024,1890.0,Blue Ridge Electric Coop Inc - (SC),SC,Cooperative,5291.42,,,193.24,,,5.198,,,72913,7.2,N,,,,,,,,,,,
2024,1891.0,Blue Ridge Mountain EMC - (GA),GA,Cooperative,588.503,4.792,122.80947,369.367,3.858,95.740539,588.503,4.792,122.80947,58442,25,Y,,,,,,,,,,,
2024,1892.0,"Bluebonnet Electric Coop, Inc",TX,Cooperative,227.235,1.753,129.62635,117.151,1.279,91.595778,206.727,1.589,130.0988,132597,25,Y,,,,,,,,,,,
2024,1936.0,Bolivar Energy Authority,TN,Municipal,335.278,1.88,178.33936,111.449,1.105,100.85882,256.504,1.578,162.55006,11449,12.5,N,,,,,,,,,,,
2024,2001.0,Boone Electric Coop,MO,Cooperative,125.34,0.69,181.65217,50.27,0.49,102.59184,125.34,0.69,181.65217,35400,13.2,Y,,,,,,,,,,,
2024,2008.0,City of Boulder City - (NV),NV,Municipal,10.53,0.15,70.2,8.03,0.04,200.75,,,,8201,12.5,N,,,,,,,,,,,
2024,2049.0,"Bowie-Cass Electric Coop, Inc",TX,Cooperative,,,,,,,,,,,,,1502.06,5.16,291.0969,372.72,3.04,122.60526,39218,N,O,12.5,Y
2024,2054.0,City of Bowling Green - (OH),OH,Municipal,20.874,0.149,140.09396,7.629,0.076,100.38158,,,,14952,12.5,N,,,,,,,,,,,
2024,2056.0,City of Bowling Green - (KY),KY,Municipal,72.92,0.747,97.617135,22.19,0.221,100.40724,72.92,0.747,97.617135,31532,12.5,Y,,,,,,,,,,,
2024,2089.0,Bozrah Light & Power Company,CT,Municipal,277.87,1.03,269.7767,184.12,0.87,211.63218,277.87,1.03,269.7767,2791,13.8,N,,,,,,,,,,,
2024,2138.0,Brainerd Public Utilities,MN,Municipal,95.76,0.97,98.721649,95.76,0.97,98.721649,95.76,0.97,98.721649,8344,35,N,,,,,,,,,,,
2024,2144.0,Town of Braintree - (MA),MA,Municipal,2.53,0.04,63.25,2.53,0.04,63.25,2.53,0.04,63.25,16598,13.8,Y,,,,,,,,,,,
2024,2212.0,"Broad River Electric Coop, Inc",SC,Cooperative,,,,,,,,,,,,,6145.8,,,112.7,,,24976,N,F,12.5,Y
2024,2247.0,City of Bristol - (TN),TN,Municipal,545.49,2.779,196.29003,85.878,1.571,54.664545,,,,34327,13.2,N,,,,,,,,,,,
2024,2248.0,Bristol Virginia Utilities,VA,Municipal,530.395,7.579,69.982188,36.082,0.341,105.81232,530.395,7.579,69.982188,15954,13.2,Y,,,,,,,,,,,
2024,2285.0,City of Brookings - (SD),SD,Municipal,10.568,0.135,78.281481,10.568,0.135,78.281481,10.568,0.135,78.281481,12252,12.5,Y,,,,,,,,,,,
2024,2409.0,Brownsville Public Utilities Board,TX,Municipal,160.78,2.832,56.772599,76.307,1.824,41.834978,160.78,2.832,56.772599,55884,12.5,N,,,,,,,,,,,
2024,2442.0,City of Bryan - (TX),TX,Municipal,,,,,,,,,,,,,39.02,0.41,95.170732,,,,68685,N,F,12.5,Y
2024,2502.0,"Buckeye Rural Elec Coop, Inc",OH,Cooperative,2912.663,4.173,697.97819,1158.553,3.042,380.8524,2459.689,3.622,679.09691,18863,12.5,Y,,,,,,,,,,,
2024,2507.0,City of Burbank Water and Power,CA,Municipal,,,,,,,,,,,,,23.21,0.296,78.412162,23.21,0.296,78.412162,52500,N,L,34.5,N
2024,2548.0,City of Burlington Electric - (VT),VT,Municipal,,,,,,,,,,,,,,1.3,,,,,21843,N,F,13.8,N
2024,2651.0,Butler Rural Electric Coop Inc - (OH),OH,Cooperative,226.91,2.06,110.15049,61.08,1.7,35.929412,225.815,1.26,179.21825,11780,12,Y,,,,,,,,,,,
2024,2652.0,Butler County Rural Elec Coop - (IA),IA,Cooperative,85.668,0.748,114.52941,65.582,0.641,102.31201,78.972,0.685,115.28759,5110,12.5,Y,,,,,,,,,,,
2024,2812.0,City of Calhoun - (GA),GA,Municipal,123.71,0.85,145.54118,48.77,0.55,88.672727,123.71,0.85,145.54118,6254,7.2,N,,,,,,,,,,,
2024,2849.0,Central Electric Power Assn - (MS),MS,Cooperative,,,,,,,,,,,,,808.44,6.08,132.96711,321.36,4.6,69.86087,38975,N,F,25,N
2024,2911.0,"Canadian Valley Elec Coop, Inc",OK,Cooperative,590.664,1.559,378.87364,181.851,1.189,152.94449,577.993,1.467,393.99659,27599,24.9,Y,,,,,,,,,,,
2024,2960.0,"Caney Fork Electric Coop, Inc",TN,Cooperative,,,,,,,,,,,,,536,,,97,,,35888,N,L,26,N
2024,2985.0,"Capital Electric Coop, Inc",ND,Cooperative,,,,,,,,,,,,,37.2,0.444,83.783784,37.2,0.444,83.783784,22461,N,F,7.2,Y
2024,3046.0,Duke Energy Progress - (NC),NC,Investor Owned,1803.12,1.689,1067.5666,141.35,1.185,119.2827,1698.63,1.557,1090.9634,1616285,34.5,Y,,,,,,,,,,,
2024,3046.0,Duke Energy Progress - (NC),SC,Investor Owned,262.63,1.707,153.85472,125.7,1.247,100.80192,235.5,1.501,156.8954,177876,23,Y,,,,,,,,,,,
2024,3081.0,Carroll Electric Member Corp - (GA),GA,Cooperative,159.02,1.614,98.525403,122.72,1.464,83.825137,159.02,1.614,98.525403,56189,25.9,Y,,,,,,,,,,,
2024,3093.0,Carroll Electric Coop Corp - (AR),AR,Cooperative,1795.68,3.9,460.43077,161.42,2.07,77.980676,161.42,2.07,77.980676,107376,24.9,Y,,,,,,,,,,,
2024,3093.0,Carroll Electric Coop Corp - (AR),MO,Cooperative,402.58,2.57,156.64591,133.41,1.9,70.215789,133.41,1.9,70.215789,11793,24.9,Y,,,,,,,,,,,
2024,3107.0,Carteret-Craven El Member Corp,NC,Cooperative,104.452,1.256,83.16242,69.79,0.815,85.631902,99.838,1.186,84.180438,42647.2,12.5,Y,,,,,,,,,,,
2024,3113.0,City of Carthage - (MO),MO,Municipal,243.432,3.365,72.342348,67.319,2.386,28.214166,,,,8136,13.2,Y,,,,,,,,,,,
2024,3203.0,Cedar Falls Utilities,IA,Municipal,,,,,,,,,,,,,3.218,0.073,44.082192,,,,19667,N,L,12.5,N
2024,3208.0,Cedarburg Light & Water Comm,WI,Municipal,,,,,,,,,,,,,66.385,0.708,93.764124,0,0,,7023,N,F,25,N
2024,3222.0,Central Alabama Electric Coop,AL,Cooperative,295.88,,,197.83,,,290.23,,,47145,24.9,Y,,,,,,,,,,,
2024,3226.0,"Central Rural Electric Cooperative, Inc",OK,Cooperative,198.728,1.3,152.86769,108.466,1.106,98.070524,157.028,0.973,161.38541,24360,25,Y,,,,,,,,,,,
2024,3245.0,"Central Florida Elec Coop, Inc",FL,Cooperative,4439.851,4.767,931.37214,158.301,1.812,87.362583,4439.846,4.505,985.5374,36795,25,Y,,,,,,,,,,,
2024,3248.0,Central Georgia El Member Corp,GA,Cooperative,128.155,1.681,76.237359,80.848,1.231,65.676686,80.686,1.212,66.572607,65046,25,Y,,,,,,,,,,,
2024,3249.0,Central Hudson Gas & Elec Corp,NY,Investor Owned,349.5,1.6,218.4375,167.2,1.2,139.33333,346,1.5,230.66667,321537,34.5,N,,,,,,,,,,,
2024,3250.0,Central Electric Membership Corp. - (NC),NC,Cooperative,442.541,,,152.893,,,442.541,,,24626,25,Y,,,,,,,,,,,
2024,3264.0,Central Lincoln People's Ut Dt,OR,Political Subdivision,1482.454,2.63,563.67072,,,,,,,41311,12,Y,,,,,,,,,,,
2024,3265.0,Cleco Power LLC,LA,Investor Owned,,,,,,,,,,,,,729.6,3.1,235.35484,142.2,1.73,82.196532,293902,N,F,34.5,Y
2024,3266.0,Central Maine Power Co,ME,Investor Owned,1893.5,3.37,561.86944,215.4,1.83,117.70492,1892.8,3.36,563.33333,679726,34.5,N,,,,,,,,,,,
2024,3268.0,Central Missouri Elec Coop Inc,MO,Cooperative,95.4,0.893,106.83091,83.3,0.805,103.47826,95.4,0.893,106.83091,11452.3,25,N,,,,,,,,,,,
2024,3273.0,"Central New Mexico El Coop, Inc",NM,Cooperative,,,,,,,,,,,,,624.7,0.11,5679.0909,305.4,0.1,3054,19258,N,F,25,Y
2024,3278.0,AEP Texas Central Company,TX,Investor Owned,228.5,1.634,139.84088,149.6,1.46,102.46575,223.5,1.537,145.41314,913164,35,Y,,,,,,,,,,,
2024,3282.0,"Central Texas Elec Coop, Inc",TX,Cooperative,145.8,1.9,76.736842,129.9,1.67,77.784431,137.5,1.76,78.125,48298,24.9,Y,,,,,,,,,,,
2024,3287.0,"Central Valley Elec Coop, Inc",NM,Cooperative,352.5,2.165,162.81755,195.947,1.462,134.02668,348.52,2.156,161.65121,15106,25,Y,,,,,,,,,,,
2024,3291.0,Central Virginia Electric Coop,VA,Cooperative,351,2.61,134.48276,351,2.61,134.48276,235,1.87,125.66845,39366,24.9,Y,,,,,,,,,,,
2024,3295.0,City of Centralia - (WA),WA,Municipal,179.941,0.96,187.43854,55.664,0.342,162.76023,179.941,0.96,187.43854,10745,12.5,N,,,,,,,,,,,
2024,3329.0,Borough of Chambersburg,PA,Municipal,18.04,0.51,35.372549,18.04,0.51,35.372549,18.04,0.51,35.372549,11890,12.5,N,,,,,,,,,,,
2024,3400.0,City of Chaska - (MN),MN,Municipal,,,,,,,,,,,,,26.68,0.3,88.933333,,,,12108,Y,F,13.8,N
2024,3408.0,City of Chattanooga - (TN),TN,Municipal,,,,,,,,,,,,,194.43,1.364,142.54399,72.14,0.672,107.35119,200553,N,F,46,Y
2024,3413.0,PUD No 1 of Chelan County,WA,Political Subdivision,174.05,0.962,180.92516,95.23,0.743,128.16958,,,,51143,12.5,N,,,,,,,,,,,
2024,3436.0,Cherryland Electric Coop Inc,MI,Cooperative,65.281,0.682,95.719941,65.281,0.682,95.719941,62.731,0.621,101.0161,39158,15,Y,,,,,,,,,,,
2024,3461.0,Cheyenne Light Fuel & Power,WY,Investor Owned,33.407,0.495,67.488889,33.407,0.495,67.488889,32.807,0.49,66.953061,44112,35,Y,,,,,,,,,,,
2024,3470.0,Cherokee County Elec Coop Assn - (TX),TX,Cooperative,2703.96,8.31,325.38628,631.17,4.68,134.86538,2502.73,7.9,316.80127,22405,24.9,Y,,,,,,,,,,,
2024,3477.0,City of Chicopee - (MA),MA,Municipal,10.53,0.209,50.382775,,,,,,,26049,13.8,Y,,,,,,,,,,,
2024,3478.0,Cimarron Electric Coop,OK,Cooperative,79.6,0.889,89.538808,39.1,0.502,77.888446,75.2,0.787,95.552732,19779,24.9,N,,,,,,,,,,,
2024,3502.0,"Choctawhatche Elec Coop, Inc",FL,Cooperative,278.328,1.596,174.39098,65.732,0.762,86.262467,238.798,1.241,192.42385,65293,12.5,Y,,,,,,,,,,,
2024,3503.0,"Choptank Electric Cooperative, Inc",MD,Cooperative,143.8,1.3,110.61538,120.2,1.17,102.73504,142.1,1.25,113.68,57047,25,Y,,,,,,,,,,,
2024,3522.0,Chugach Electric Assn Inc,AK,Cooperative,209.045,1.986,105.25932,124.615,1.415,88.067138,,,,113704,34.5,Y,,,,,,,,,,,
2024,3527.0,Choctaw Electric Coop Inc,OK,Cooperative,,,,,,,,,,,,,830.7,4.1,202.60976,,,,22389,N,F,14.4,N
2024,3542.0,Duke Energy Ohio Inc,OH,Investor Owned,321.09,1.045,307.26316,102.53,0.798,128.48371,310.2,0.96,323.125,760441,34.5,Y,,,,,,,,,,,
2024,3597.0,Citizens Electric Co - (PA),PA,Investor Owned,,,,,,,,,,,,,87.378,0.977,89.435005,64.272,0.447,143.78523,7220,N,F,12.5,N
2024,3600.0,Citizens Electric Corporation - (MO),MO,Cooperative,145.606,1.302,111.83257,84.786,0.887,95.587373,145.606,1.302,111.83257,27830,13.2,Y,,,,,,,,,,,
2024,3644.0,PUD No 1 of Clallam County,WA,Political Subdivision,,,,,,,,,,,,,483.9,2.246,215.44969,213.1,1.357,157.03758,33769,N,L,34,Y
2024,3647.0,City of Claremore,OK,Municipal,178.817,1.983,90.174987,103.901,1.859,55.890802,,,,13327,13.2,N,,,,,,,,,,,
2024,3660.0,PUD No 1 of Clark County - (WA),WA,Political Subdivision,144.79,1.473,98.295995,59,1.133,52.074139,126.21,1.129,111.78919,233669,12.5,Y,,,,,,,,,,,
2024,3687.0,Clark Energy Coop Inc - (KY),KY,Cooperative,1300.7,3.04,427.86184,268.82,1.63,164.92025,1163,2.7,430.74074,27723,25,Y,,,,,,,,,,,
2024,3704.0,City of Clarksville - (TN),TN,Municipal,205.07,2.16,94.939815,99.45,1.83,54.344262,205.07,2.16,94.939815,85314,69,Y,,,,,,,,,,,
2024,3712.0,Clay County Electric Coop Corp - (AR),AR,Cooperative,,,,,,,,,,,,,625.983,2.322,269.58786,401.62,2.036,197.25933,12536,N,L,14.4,Y
2024,3712.0,Clay County Electric Coop Corp - (AR),MO,Cooperative,,,,,,,,,,,,,53.287,2.382,22.370697,41.372,2.272,18.209507,55,N,L,14.4,Y
2024,3755.0,Cleveland Electric Illum Co,OH,Investor Owned,1918.07,1.783,1075.7543,150.04,1.114,134.68582,1899.31,1.612,1178.232,744898,36,Y,,,,,,,,,,,
2024,3757.0,"Clay Electric Cooperative, Inc - (FL)",FL,Cooperative,2142,5.3,404.15094,174,2.8,62.142857,2076,4.6,451.30435,193326,25,Y,,,,,,,,,,,
2024,3758.0,City of Cleveland - (TN),TN,Municipal,61.168,0.893,68.4972,46.316,0.797,58.112923,61.168,0.893,68.4972,34449,13.2,N,,,,,,,,,,,
2024,3762.0,City of Cleveland - (OH),OH,Municipal,170.35,1.08,157.73148,170.35,1.08,157.73148,,,,73666,13.8,Y,,,,,,,,,,,
2024,3812.0,City of Clinton - (TN),TN,Municipal,264,1.23,214.63415,180,1.02,176.47059,264,1.23,214.63415,31000,12.4,Y,,,,,,,,,,,
2024,3828.0,Cloverland Electric Co-op,MI,Cooperative,534.7,3.61,148.11634,384.6,3.05,126.09836,533.5,3.48,153.3046,44447,24.9,Y,,,,,,,,,,,
2024,3841.0,Coast Electric Power Assn - (MS),MS,Cooperative,277.417,2.41,115.11079,103.485,1.41,73.393617,277.417,2.41,115.11079,90258,24.9,Y,,,,,,,,,,,
2024,3843.0,Coastal Electric Member Corp - (GA),GA,Cooperative,3698.13,4.24,872.20047,1235.09,2.68,460.85448,2654.44,3.66,725.25683,23634,25,N,,,,,,,,,,,
2024,3855.0,Columbia Power System - (TN),TN,Municipal,174.289,2.772,62.87482,164.808,2.528,65.193038,174.289,2.772,62.87482,36577,12.4,Y,,,,,,,,,,,
2024,3892.0,City of Coffeyville - (KS),KS,Municipal,11.746,0.098,119.85714,10.258,0.092,111.5,,,,5739,69,N,,,,,,,,,,,
2024,3915.0,Coldwater Board of Public Util,MI,Municipal,28.559,0.457,62.492341,28.559,0.457,62.492341,28.559,0.457,62.492341,7796,13.8,Y,,,,,,,,,,,
2024,3916.0,Cobb Electric Membership Corp,GA,Cooperative,60.41,0.99,61.020202,35.12,0.75,46.826667,60.25,0.91,66.208791,218807,20,Y,,,,,,,,,,,
2024,3940.0,City of College Station - (TX),TX,Municipal,22.8,0.4,57,16.3,0.24,67.916667,16.3,0.24,67.916667,45821,15,Y,,,,,,,,,,,
2024,3989.0,City of Colorado Springs - (CO),CO,Municipal,62.74,0.87,72.114943,44.76,0.81,55.259259,62.74,0.87,72.114943,256580,34.5,Y,,,,,,,,,,,
2024,4003.0,City of Colton - (CA),CA,Municipal,,,,,,,,,,,,,50.42,0.169,298.3432,50.42,0.169,298.3432,18950,N,L,12,N
2024,4041.0,"Columbia Rural Elec Assn, Inc",WA,Cooperative,258.5,1.959,131.95508,213.9,1.957,109.29995,218.5,1.958,111.59346,6507,24.9,Y,,,,,,,,,,,
2024,4045.0,City of Columbia - (MO),MO,Municipal,34.616,0.502,68.956175,34.616,0.502,68.956175,34.616,0.502,68.956175,53435,69,N,,,,,,,,,,,
2024,4063.0,Co-Mo Electric Coop Inc,MO,Cooperative,122.3,0.869,140.73648,74,0.723,102.35131,122.3,0.869,140.73648,33686,25,Y,,,,,,,,,,,
2024,4065.0,City of Columbus - (OH),OH,Municipal,245.27,2.17,113.02765,245.27,2.17,113.02765,245.27,2.17,113.02765,19111,14.4,Y,,,,,,,,,,,
2024,4068.0,City of Columbus - (MS),MS,Municipal,52.89,0.76,69.592105,29.85,0.48,62.1875,52.89,0.76,69.592105,12752,13,N,,,,,,,,,,,
2024,4110.0,Commonwealth Edison Co,IL,Investor Owned,131.9,0.68,193.97059,35.62,0.49,72.693878,130.44,0.664,196.44578,4229904,34,Y,,,,,,,,,,,
2024,4146.0,Concho Valley Elec Coop Inc,TX,Cooperative,389.8,2.877,135.48836,389.8,2.877,135.48836,334.7,1.894,176.71595,16031,24.9,Y,,,,,,,,,,,
2024,4150.0,City of Concord - (NC),NC,Municipal,172.352,1.914,90.048067,172.352,1.914,90.048067,171.18,1.897,90.237217,34243,13.2,N,,,,,,,,,,,
2024,4176.0,Connecticut Light & Power Co,CT,Investor Owned,158.8,0.891,178.22671,76.9,0.649,118.48998,158.7,0.886,179.11964,1326461,34.5,Y,,,,,,,,,,,
2024,4226.0,Consolidated Edison Co-NY Inc,NY,Investor Owned,,,,,,,,,,,,,27.785,0.13,213.73077,14.951,0.106,141.04717,3686348,N,F,33,N
2024,4237.0,Consolidated Electric Coop,MO,Cooperative,183.99,1.39,132.36691,103.56,0.83,124.77108,154.26,1.04,148.32692,8312,12.5,Y,,,,,,,,,,,
2024,4254.0,Consumers Energy Co - (MI),MI,Investor Owned,502.55,1.323,379.85639,154.97,0.877,176.70468,502.55,1.323,379.85639,1889301,14.4,Y,,,,,,,,,,,
2024,4262.0,Cooke County Elec Coop Assn,TX,Cooperative,288.61,1.81,159.45304,179.93,1.55,116.08387,,,,18299,7.2,Y,,,,,,,,,,,
2024,4265.0,Continental Divide El Coop Inc,NM,Cooperative,299.5,1.453,206.12526,209,1.27,164.56693,299.5,1.453,206.12526,23612,69,Y,,,,,,,,,,,
2024,4280.0,Conway Corporation,AR,Municipal,35.91,0.577,62.235702,35.91,0.577,62.235702,,,,33419,13.8,N,,,,,,,,,,,
2024,4296.0,"Cookson Hills Elec Coop, Inc",OK,Cooperative,399.113,1.087,367.16927,136.277,0.814,167.41646,398.898,1.079,369.69231,18978,13.2,Y,,,,,,,,,,,
2024,4317.0,"Coos-Curry Electric Coop, Inc",OR,Cooperative,570.7,2.56,222.92969,181.3,1.37,132.33577,545.7,2.43,224.5679,18713,24.9,N,,,,,,,,,,,
2024,4327.0,Coosa Valley Electric Coop Inc,AL,Cooperative,263.9,2.49,105.98394,154.71,1.93,80.160622,261.07,2.42,107.88017,18340,24.9,N,,,,,,,,,,,
2024,4362.0,Corn Belt Energy Corporation,IL,Cooperative,311.6,5.21,59.808061,152,4.68,32.478632,254.6,5.08,50.11811,37191,69,Y,,,,,,,,,,,
2024,4373.0,Cornhusker Public Power Dist,NE,Political Subdivision,,,,,,,,,,,,,413,,,413,,,10364,N,O,12.5,N
2024,4390.0,City of Corona - (CA),CA,Municipal,0,0,,0,0,,0,0,,1845,12,Y,,,,,,,,,,,
2024,4401.0,"Cotton Electric Coop, Inc",OK,Cooperative,355.62,3.13,113.61661,224.67,2.27,98.973568,164.01,1.51,108.61589,23594,25,N,,,,,,,,,,,
2024,4430.0,"Covington Electric Coop, Inc",AL,Cooperative,178.805,1.933,92.501293,129.089,1.51,85.489404,159.714,1.773,90.081218,24683,24.9,Y,,,,,,,,,,,
2024,4432.0,Coweta-Fayette El Member Corp,GA,Cooperative,218.402,2.025,107.85284,115.921,1.334,86.897301,206.611,1.775,116.40056,89116,25,Y,,,,,,,,,,,
2024,4442.0,PUD No 1 of Cowlitz County,WA,Political Subdivision,262.887,1.721,152.75247,125.598,1,125.598,261.35,1.707,153.10486,54257,25,Y,,,,,,,,,,,
2024,4508.0,"Crawfordsville Elec, Lgt & Pwr",IN,Municipal,,,,,,,,,,,,,22.18,0.106,209.24528,22.18,0.106,209.24528,10182,N,F,13.8,N
2024,4509.0,Craighead Electric Coop Corp,AR,Cooperative,182.937,2.762,66.233526,168.434,2.68,62.848507,173.846,2.355,73.819958,31555,34.5,Y,,,,,,,,,,,
2024,4524.0,"Crawford Electric Coop, Inc",MO,Cooperative,356.3,2.13,167.277,270.8,1.937,139.80382,355.6,2.005,177.35661,21693,25,Y,,,,,,,,,,,
2024,4577.0,Crow Wing Cooperative Power & Light Comp,MN,Cooperative,122.75,0.819,149.8779,73.787,0.65,113.51846,117.907,0.757,155.75561,47712,15,Y,,,,,,,,,,,
2024,4618.0,"Cullman Electric Coop, Inc",AL,Cooperative,231.9,2.003,115.77634,231.9,2.003,115.77634,231.9,2.003,115.77634,48254,46,Y,,,,,,,,,,,
2024,4622.0,"Cumberland Valley Electric, Inc.",KY,Cooperative,1178.6,4.813,244.87845,503.2,3.482,144.51465,1157.1,4.611,250.9434,24367,25,Y,,,,,,,,,,,
2024,4624.0,Cumberland Elec Member Corp,TN,Cooperative,,,,,,,,,,,,,220.32,2.45,89.926531,130.2,1.99,65.427136,113911,N,F,25,N
2024,4671.0,Custer Public Power District,NE,Political Subdivision,,,,,,,,,,,,,82.8,0.78,106.15385,72,0.68,105.88235,11086,N,L,14.4,N
2024,4675.0,Cuivre River Electric Coop Inc,MO,Cooperative,132.88,1.274,104.30141,132.88,1.274,104.30141,131.42,1.24,105.98387,73195,25,Y,,,,,,,,,,,
2024,4683.0,City of Cuyahoga Falls - (OH),OH,Municipal,75.71,0.76,99.618421,44.27,0.5,88.54,75.71,0.76,99.618421,26783,23.9,N,,,,,,,,,,,
2024,4717.0,Dakota Valley Elec Coop Inc,ND,Cooperative,223,1.7,131.17647,186.7,1.62,115.24691,175.6,1.15,152.69565,6963,25,Y,,,,,,,,,,,
2024,4743.0,"Consumers Power, Inc",OR,Cooperative,1052.8,3.505,300.3709,354.1,2.031,174.34761,1041.7,3.241,321.41314,23819,25,Y,,,,,,,,,,,
2024,4848.0,Daviess Martin County R E M C,IN,Cooperative,547.388,2.044,267.80235,248.655,1.461,170.19507,526.407,1.92,274.17031,8616,12.5,N,,,,,,,,,,,
2024,4911.0,Dawson Power District,NE,Political Subdivision,,,,,,,,,,,,,138.3,,,103.2,,,24136,Y,O,,Y
2024,4922.0,Dayton Power & Light Co,OH,Investor Owned,502.58,1.26,398.87302,106.38,0.87,122.27586,492.57,1.15,428.32174,613948,13,Y,,,,,,,,,,,
2024,4939.0,"Deaf Smith Electric Coop, Inc",TX,Cooperative,285.2,1.94,147.01031,223.7,1.76,127.10227,260.7,1.53,170.39216,15312,14.4,Y,,,,,,,,,,,
2024,4958.0,Decatur Utilities,AL,Municipal,,,,,,,,,,,,,71.7,0.83,86.385542,71.7,0.83,86.385542,26942,N,O,12,Y
2024,4960.0,Decatur County Rural E M C,IN,Cooperative,182.564,1.498,121.87183,182.564,1.498,121.87183,173.233,1.343,128.98958,8353,12.5,Y,,,,,,,,,,,
2024,4975.0,Deep East Texas Elec Coop Inc,TX,Cooperative,3296.59,,,1196.43,,,1125.29,,,45255,12.5,N,,,,,,,,,,,
2024,5027.0,Delmarva Power,DE,Investor Owned,127,0.77,164.93506,68,0.65,104.61538,127,0.77,164.93506,337507,69,Y,,,,,,,,,,,
2024,5027.0,Delmarva Power,MD,Investor Owned,79,0.68,116.17647,56,0.57,98.245614,79,0.68,116.17647,214087,69,Y,,,,,,,,,,,
2024,5063.0,City of Denton - (TX),TX,Municipal,80.906,0.579,139.73402,22.551,0.273,82.604396,80.906,0.579,139.73402,69105,13.2,Y,,,,,,,,,,,
2024,5070.0,Delaware Electric Cooperative,DE,Cooperative,95.669,1.108,86.343863,61.33,0.943,65.037116,95.669,1.108,86.343863,117394,12.5,Y,,,,,,,,,,,
2024,5078.0,"Denton County Elec Coop, Inc",TX,Cooperative,43.8,0.585,74.871795,26.9,0.438,61.415525,40.1,0.5,80.2,319523,24.9,Y,,,,,,,,,,,
2024,5086.0,Delta Montrose Electric Assn,CO,Cooperative,157.826,1.421,111.06685,96.003,,,157.826,1.421,111.06685,37555,12.5,Y,,,,,,,,,,,
2024,5109.0,DTE Electric Company,MI,Investor Owned,482.98,1.248,387.00321,159.171,0.942,168.97134,431.665,1.026,420.72612,2261010,13.2,Y,,,,,,,,,,,
2024,5148.0,City of Dickson,TN,Municipal,310.378,3.392,91.502948,287.766,3.264,88.163603,310.378,3.392,91.502948,39146,13,Y,,,,,,,,,,,
2024,5175.0,Dixie Electric Power Assn - (MS),MS,Cooperative,,,,,,,,,,,,,262.255,2.307,113.67794,197.467,2.033,97.130841,41139,N,F,24.9,Y
2024,5202.0,Dixie Electric Membership Corp - (LA),LA,Cooperative,237.14,4.76,49.819328,234.74,2.61,89.938697,209.54,4.63,45.257019,117186,69,Y,,,,,,,,,,,
2024,5204.0,Dixie Electric Coop - (AL),AL,Cooperative,331.883,1.747,189.9731,197.829,1.387,142.63086,289.775,1.409,205.66004,26116.5,,N,,,,,,,,,,,
2024,5309.0,City of Dothan - (AL),AL,Municipal,72.957,0.747,97.666667,61.437,0.632,97.210443,72.957,0.747,97.666667,32172,13.2,Y,,,,,,,,,,,
2024,5336.0,City of Dover - (OH),OH,Municipal,109.46,0.83,131.87952,7.69,0.09,85.444444,7.69,0.09,85.444444,7156,12.5,N,,,,,,,,,,,
2024,5394.0,Dubois Rural Electric Coop Inc,IN,Cooperative,,,,,,,,,,,,,116.7,1.434,81.380753,116.4,1.426,81.626928,14477,N,L,12.5,Y
2024,5399.0,Duck River Elec Member Corp,TN,Cooperative,276.082,2.457,112.36549,161.423,2.078,77.681906,254.533,2.191,116.17207,84585,26,N,,,,,,,,,,,
2024,5416.0,"Duke Energy Carolinas, LLC",NC,Investor Owned,1626.01,1.955,831.71867,167.991,1.24,135.47661,1591.59,1.788,890.15101,2211457,44,Y,,,,,,,,,,,
2024,5416.0,"Duke Energy Carolinas, LLC",SC,Investor Owned,7803.739,3.04,2567.0194,179.619,1.274,140.98823,7598.62,2.806,2707.99,670391,24,Y,,,,,,,,,,,
2024,5417.0,Dunn County Electric Coop,WI,Cooperative,109.64,0.844,129.90521,84.06,0.689,122.0029,104.47,0.772,135.32383,10601,7.2,Y,,,,,,,,,,,
2024,5480.0,Town of Danvers,MA,Municipal,,,,,,,,,,,,,18,0.1,180,18,0.1,180,13425,Y,F,22.9,N
2024,5487.0,Duquesne Light Co,PA,Investor Owned,,,,,,,,,,,,,188,0.99,189.89899,127,0.82,154.87805,613818,N,F,23,N
2024,5509.0,City of Dyersburg,TN,Municipal,26.34,0.28,94.071429,16.43,0.22,74.681818,26.34,0.28,94.071429,11985,13.2,N,,,,,,,,,,,
2024,5535.0,Egyptian Electric Coop Assn,IL,Cooperative,127.094,,,,,,1.27,,,15824,12.5,Y,,,,,,,,,,,
2024,5574.0,East Central Energy,MN,Cooperative,178.4,0.6,297.33333,84,0.5,168,178.4,0.6,297.33333,67713,14.4,Y,,,,,,,,,,,
2024,5578.0,East Mississippi Elec Pwr Assn,MS,Cooperative,663,3.63,182.64463,468,2.81,166.54804,567,3.08,184.09091,12945,25,Y,,,,,,,,,,,
2024,5585.0,Eastern Illinois Elec Coop,IL,Cooperative,268,2.177,123.10519,194.4,1.747,111.27647,219.2,1.506,145.55113,13503,7.2,Y,,,,,,,,,,,
2024,5588.0,East-Central Iowa Rural Elec Coop,IA,Cooperative,37.85,0.53,71.415094,37.85,0.53,71.415094,0,0,,9114,12.5,Y,,,,,,,,,,,
2024,5598.0,East Central Oklahoma Elec Coop Inc,OK,Cooperative,286.045,1.659,172.42013,169.509,1.377,123.10022,276.112,1.524,181.17585,37090,25,Y,,,,,,,,,,,
2024,5605.0,Eastern Iowa Light & Power Coop,IA,Cooperative,220,1.29,170.54264,99,0.9,110,216,1.19,181.51261,24124,7.2,Y,,,,,,,,,,,
2024,5609.0,Eastern Maine Electric Coop,ME,Cooperative,1084.55,7.999,135.5857,737.192,5.977,123.33813,882.384,7.173,123.01464,13213,25,Y,,,,,,,,,,,
2024,5625.0,Easton Utilities Comm,MD,Municipal,10.492,0.225,46.631111,10.492,0.225,46.631111,10.492,0.225,46.631111,10990,25,N,,,,,,,,,,,
2024,5644.0,"Edisto Electric Coop, Inc",SC,Cooperative,2354.57,,,293.16,,,2334.19,,,21317,14.4,N,,,,,,,,,,,
2024,5656.0,Edgecombe-Martin County E M C,NC,Cooperative,113.372,1.156,98.072664,83.127,1.001,83.043956,,,,11755,,Y,,,,,,,,,,,
2024,5661.0,City of Edmond - (OK),OK,Municipal,106.929,1.359,78.682119,82.033,1.272,64.491352,106.309,1.338,79.453662,44461,12.4,Y,,,,,,,,,,,
2024,5701.0,El Paso Electric Co,NM,Investor Owned,99.639,0.929,107.25404,99.639,0.929,107.25404,99.639,0.929,107.25404,109154,23.9,Y,,,,,,,,,,,
2024,5701.0,El Paso Electric Co,TX,Investor Owned,56.241,0.73,77.042466,56.241,0.73,77.042466,51.486,0.679,75.826215,357299,23.9,Y,,,,,,,,,,,
2024,5773.0,City of Elk River,MN,Municipal,42.083,0.354,118.87853,9.801,0.145,67.593103,42.083,0.354,118.87853,13466,12.5,N,,,,,,,,,,,
2024,5780.0,Elkhorn Rural Public Pwr Dist,NE,Political Subdivision,,,,,,,,,,,,,169.62,1.62,104.7037,2.24,0.36,6.2222222,10231,N,F,12.5,N
2024,5860.0,Empire District Electric Co,AR,Investor Owned,673.14,2.471,272.41603,146.94,0.966,152.1118,,,,5561,12.5,Y,,,,,,,,,,,
2024,5860.0,Empire District Electric Co,KS,Investor Owned,167.5,1.022,163.89432,89.51,0.876,102.18037,,,,10232,12.5,Y,,,,,,,,,,,
2024,5860.0,Empire District Electric Co,MO,Investor Owned,230.54,1.358,169.76436,141.48,1.19,118.89076,,,,166833,25,Y,,,,,,,,,,,
2024,5860.0,Empire District Electric Co,OK,Investor Owned,1110.24,2.951,376.22501,88.35,0.891,99.158249,,,,5928,12.5,Y,,,,,,,,,,,
2024,5862.0,"Empire Electric Assn, Inc",CO,Cooperative,158.2,1.762,89.784336,158.2,1.762,89.784336,,,,17211,44,Y,,,,,,,,,,,
2024,5905.0,Excelsior Electric Member Corp,GA,Cooperative,,,,,,,,,,,,,7422.49,,,256.98,,,25260,N,O,24.9,Y
2024,5929.0,"Fairfield Electric Coop, Inc",SC,Cooperative,,,,,,,,,,,,,988,2.8,352.85714,248,1.4,177.14286,33472,N,L,25,Y
2024,5930.0,Village of Fairport - (NY),NY,Municipal,36.565,0.91,40.181319,20.211,0.26,77.734615,,,,17955,12.5,N,,,,,,,,,,,
2024,5961.0,Town of Erwin - (TN),TN,Municipal,,,,,,,,,,,,,102.2,3.36,30.416667,102.2,3.36,30.416667,9008,N,F,12,Y
2024,6022.0,City of Eugene - (OR),OR,Municipal,65.26,0.34,191.94118,65.26,0.34,191.94118,65.26,0.34,191.94118,102048,12.5,Y,,,,,,,,,,,
2024,6169.0,Fall River Rural Elec Coop Inc,ID,Cooperative,8.59,0.079,108.73418,6.78,0.061,111.14754,8.23,0.071,115.91549,18225,12,Y,,,,,,,,,,,
2024,6169.0,Fall River Rural Elec Coop Inc,MT,Cooperative,16.53,0.133,124.28571,7.66,0.073,104.93151,16.47,0.132,124.77273,2080,,Y,,,,,,,,,,,
2024,6169.0,Fall River Rural Elec Coop Inc,WY,Cooperative,15.82,0.11,143.81818,15.82,0.11,143.81818,15.18,0.095,159.78947,408,12,Y,,,,,,,,,,,
2024,6173.0,Fannin County Electric Coop,TX,Cooperative,,,,,,,,,,,,,293.692,2.314,126.91962,293.692,2.314,126.91962,12077,N,F,14.4,Y
2024,6181.0,"Farmers Electric Coop, Inc - (MO)",MO,Cooperative,276.79,1.54,179.73377,92.58,0.67,138.1791,,,,13561,13.2,Y,,,,,,,,,,,
2024,6182.0,"Farmers Electric Coop, Inc - (TX)",TX,Cooperative,134.728,1.352,99.650888,64.87,0.957,67.784744,123.024,1.181,104.16935,90402,24.9,N,,,,,,,,,,,
2024,6194.0,Farmers Rural Electric Coop Corp - (KY),KY,Cooperative,396.41,1.99,199.20101,156.99,1.35,116.28889,396.34,1.92,206.42708,26880,68.9,N,,,,,,,,,,,
2024,6198.0,"Farmers Electric Coop, Inc - (NM)",NM,Cooperative,,,,,,,,,,,,,190,1.526,124.50852,190,1.526,124.50852,13739,N,F,,N
2024,6204.0,City of Farmington - (NM),NM,Municipal,103.431,0.833,124.16687,,,,,,,46476,13.8,Y,,,,,,,,N,,,
2024,6234.0,City of Fayetteville,TN,Municipal,217.269,2.209,98.35627,153.82,1.971,78.041603,217.269,2.209,98.35627,19575,14.4,Y,,,,,,,,,,,
2024,6235.0,Fayetteville Public Works Commission,NC,Municipal,129.263,1.764,73.278345,70.929,0.987,71.863222,129.263,1.764,73.278345,83310,25,Y,,,,,,,,,,,
2024,6258.0,Federated Rural Electric Assn,MN,Cooperative,76.702,0.947,80.99472,76.702,0.947,80.99472,55.23,0.65,84.969231,6981,7.2,Y,,,,,,,,,,,
2024,6342.0,First Electric Coop Corp,AR,Cooperative,277.783,2.435,114.07926,190.846,1.967,97.023894,263.893,2.25,117.28578,102478,25,Y,,,,,,,,,,,
2024,6374.0,Fitchburg Gas & Elec Light Co,MA,Investor Owned,64.6,1.046,61.759082,64.6,1.046,61.759082,64.6,1.046,61.759082,30873,69,Y,,,,,,,,,,,
2024,6395.0,Flathead Electric Coop Inc,MT,Cooperative,586.42,2.72,215.59559,235.18,1.9,123.77895,574.6,2.61,220.15326,78834,24.9,N,,,,,,,,,,,
2024,6411.0,Flint Electric Membership Corp,GA,Cooperative,157.62,1.4,112.58571,104.2,1.07,97.383178,146.19,1.16,126.02586,95179,25,Y,,,,,,,,,,,
2024,6424.0,Florence Utility Comm,WI,Municipal,41.695,0.277,150.52347,41.695,0.277,150.52347,41.695,0.277,150.52347,1500,12.4,N,,,,,,,,,,,
2024,6427.0,City of Floresville,TX,Municipal,64.44,0.659,97.784522,64.44,0.659,97.784522,64.44,0.659,97.784522,18061,13.8,Y,,,,,,,,,,,
2024,6442.0,Fleming-Mason Energy Coop Inc,KY,Cooperative,831.14,2.32,358.25,216.89,1.73,125.36994,808.1,2.1,384.80952,26110,25,Y,,,,,,,,,,,
2024,6443.0,"Florida Keys El Coop Assn, Inc",FL,Cooperative,50.447,0.784,64.345663,23.268,0.526,44.235741,50.447,0.784,64.345663,34724,25,Y,,,,,,,,,,,
2024,6452.0,Florida Power & Light Co,FL,Investor Owned,702.08,1.04,675.07692,45.69,0.44,103.84091,702.08,1.04,675.07692,5976022,24.9,Y,,,,,,,,,,,
2024,6455.0,"Duke Energy Florida, LLC",FL,Investor Owned,2499.54,2.206,1133.0644,83.51,0.955,87.445026,2481.19,2.112,1174.8059,2016207,13,Y,,,,,,,,,,,
2024,6457.0,Florida Public Utilities Co,FL,Investor Owned,,,,,,,,,,,,,776.82,2.79,278.43011,204.78,1.58,129.60759,30199,N,L,12.5,N
2024,6491.0,Foley Board of Utilities,AL,Municipal,69.62,1.044,66.685824,64.359,1.015,63.407882,68.378,0.982,69.631365,56324,12.5,Y,,,,,,,,,,,
2024,6582.0,City of Forest Grove,OR,Municipal,,,,,,,,,,,,,11.1,0.1,111,,,,11415,N,L,12.5,N
2024,6604.0,City of Fort Collins - (CO),CO,Municipal,11.09,0.24,46.208333,11.09,0.24,46.208333,11.09,0.24,46.208333,79990,13.8,Y,,,,,,,,,,,
2024,6608.0,Fort Loudoun Electric Coop,TN,Cooperative,472.02,2.855,165.331,386.89,2.597,148.97574,472.02,2.855,165.331,35442,13,Y,,,,,,,,,,,
2024,6616.0,Fort Pierce Utilities Authority,FL,Municipal,,,,,,,,,,,,,44.6,0.87,51.264368,44.6,0.87,51.264368,29725,Y,F,15,Y
2024,6638.0,City of Fountain,CO,Municipal,17.97,0.15,119.8,17.97,0.15,119.8,0,0,,17628,12.5,N,,,,,,,,,,,
2024,6640.0,Four County Elec Member Corp,NC,Cooperative,,,,,,,,,,,,,77.438,1.229,63.00895,77.438,1.229,63.00895,35424,Y,F,24.9,Y
2024,6641.0,4-County Electric Power Assn,MS,Cooperative,,,,,,,,,,,,,214.711,1.945,110.39126,123.674,1.572,78.673028,50612,N,F,13,Y
2024,6708.0,City of Frankfort - (KY),KY,Municipal,38.182,0.384,99.432292,20.026,0.212,94.462264,38.182,0.384,99.432292,22336,13.8,N,,,,,,,,,,,
2024,6709.0,Easley Combined Utility System,SC,Municipal,725.18,1.51,480.25166,93.56,1,93.56,725.18,1.51,480.25166,17416,12.5,Y,,,,,,,,,,,
2024,6716.0,PUD No 1 of Franklin County,WA,Political Subdivision,,,,,,,,,,,,,55.4,0.399,138.84712,55.4,0.399,138.84712,35015,N,F,12.5,Y
2024,6775.0,Village of Freeport - (NY),NY,Municipal,26.606,1.15,23.135652,6.9,0.14,49.285714,,,,14613,13.8,N,,,,,,,,,,,
2024,6779.0,City of Fremont - (NE),NE,Municipal,17.78,0.19,93.578947,17.78,0.19,93.578947,17.78,0.19,93.578947,16688,15,N,,,,,,,,,,,
2024,6782.0,Freeborn Mower Electric Cooperative,MN,Cooperative,86.4,0.738,117.07317,49.5,0.467,105.99572,83.1,0.685,121.31387,21302,25,Y,,,,,,,,,,,
2024,6784.0,French Broad Elec Member Corp,NC,Cooperative,,,,,,,,,,,,,68.1,2.79,24.408602,,,,41064,N,F,14.4,N
2024,6894.0,City of Gaffney - (SC),SC,Municipal,,,,,,,,,,,,,1375.201,2.817,488.17927,41.105,0.729,56.38546,7592,N,O,25,Y
2024,6909.0,Gainesville Regional Utilities,FL,Municipal,743.98,2.127,349.77903,56.12,1.236,45.404531,743.98,2.127,349.77903,101488,12.5,Y,,,,,,,,,,,
2024,6923.0,City of Gallatin - (TN),TN,Municipal,164.37,1.45,113.35862,51.8,0.82,63.170732,164.37,1.45,113.35862,26511,69,N,,,,,,,,,,,
2024,6941.0,City of Garden City,KS,Municipal,,,,,,,,,,,,,72.28,1.82,39.714286,32.98,0.86,38.348837,12321,N,F,12.5,Y
2024,6957.0,"Garkane Energy Coop, Inc",UT,Cooperative,718.8,,,592.5,,,,,,15911,34.5,N,,,,,,,,,,,
2024,6958.0,City of Garland - (TX),TX,Municipal,,,,,,,,,,,,,9.2,0.11,83.636364,,,,76337,N,L,12.5,Y
2024,7027.0,City of Gastonia - (NC),NC,Municipal,1378.2,3.39,406.54867,97.2,1.02,95.294118,917.22,2.52,363.97619,31366,12.5,Y,,,,,,,,,,,
2024,7090.0,GreyStone Power Corporation,GA,Cooperative,113.97,1.5,75.98,94.99,1.38,68.833333,113.17,1.44,78.590278,149514,25,Y,,,,,,,,,,,
2024,7096.0,City of Geneva- (IL),IL,Municipal,196.471,1.843,106.60391,83.204,0.644,129.19876,172.847,1.148,150.56359,10153,34.5,N,,,,,,,,,,,
2024,7129.0,City of Georgetown - (TX),TX,Municipal,,,,,,,,,,,,,39.889,0.625,63.8224,39.889,0.625,63.8224,34867,N,F,25,Y
2024,7140.0,Georgia Power Co,GA,Investor Owned,1516.16,2.07,732.44444,127.94,1.02,125.43137,,,,2717959,38,Y,,,,,,,,,,,
2024,7174.0,Gibson Electric Members Corp,TN,Cooperative,312,2.71,115.12915,140.15,2.374,59.035383,312,2.71,115.12915,39835,24.9,Y,,,,,,,,,,,
2024,7222.0,City of Gillette - (WY),WY,Municipal,,,,,,,,,,,,,,,,3.74,0.05,74.8,16729,Y,F,25,N
2024,7264.0,"Glades Electric Coop, Inc",FL,Cooperative,2250.2,5.74,392.02091,448.6,3.72,120.5914,1353.1,5.21,259.71209,18558,24.9,Y,,,,,,,,,,,
2024,7270.0,City of Glasgow - (KY),KY,Municipal,105.87,2.52,42.011905,,,,,,,7651,12.4,N,,,,,,,,,,,
2024,7294.0,City of Glendale - (CA),CA,Municipal,,,,,,,,,,,,,159.9,1.118,143.02326,159.9,1.118,143.02326,94560,N,F,12.5,Y
2024,7353.0,Golden Valley Elec Assn Inc,AK,Cooperative,552.949,2.635,209.84782,224.609,1.96,114.59643,530.531,2.277,232.99561,48162,34.5,Y,,,,,,,,,,,
2024,7450.0,Grady Electric Membership Corp,GA,Cooperative,921.192,5.413,170.18142,574.627,3.938,145.91849,0,0,,20210.5,25,N,,,,,,,,,,,
2024,7483.0,City of Grand Haven - (MI),MI,Municipal,237.538,2.47,96.169231,29.028,0.264,109.95455,237.538,2.47,96.169231,15083,13.2,Y,,,,,,,,,,,
2024,7490.0,Grand River Dam Authority,OK,State,,,,,,,,,,,,,29.922,0.801,37.355805,29.922,0.801,37.355805,213,N,L,13.8,N
2024,7548.0,PUD No 1 of Grays Harbor County,WA,Political Subdivision,471,1.4,336.42857,202,1,202,184.9,0.8,231.125,45710,34.5,N,,,,,,,,,,,
2024,7558.0,Grayson Rural Electric Coop Corp,KY,Cooperative,2369.86,4.82,491.6722,492.84,3.38,145.81065,2326.94,4.184,556.15201,14894,12.5,Y,,,,,,,,,,,
2024,7559.0,"Grayson-Collin Elec Coop, Inc",TX,Cooperative,,,,,,,,,,,,,189.89,,,136.43,,,91504,N,L,25,Y
2024,7563.0,Grand Valley Power,CO,Cooperative,94.3,,,94.3,,,,,,19649,24.9,Y,,,,,,,,,,,
2024,7601.0,Green Mountain Power Corp,VT,Investor Owned,,,,,,,,,,,,,667.2,2.49,267.95181,281.4,1.7,165.52941,275233,N,F,35,Y
2024,7625.0,City of Greeneville - (TN),TN,Municipal,791.26,3.261,242.64336,125.56,1.837,68.350572,791.26,3.261,242.64336,40451,13,Y,,,,,,,,,,,
2024,7627.0,City of Greenfield - (IN),IN,Municipal,9.78,0.13,75.230769,9.78,0.13,75.230769,9.78,0.13,75.230769,13000,12.5,Y,,,,,,,,,,,
2024,7634.0,City of Greenville - (TX),TX,Municipal,82.855,1.08,76.717593,16.072,0.279,57.605735,,,,17201,12.5,Y,,,,,,,,,,,
2024,7639.0,Greenville Utilities Comm,NC,Municipal,33.28,0.46,72.347826,33.28,0.46,72.347826,33.28,0.46,72.347826,74630,12.5,N,,,,,,,,,,,
2024,7646.0,Greenwood CPW,SC,Municipal,65.78,0.607,108.36903,33.58,0.475,70.694737,65.78,0.607,108.36903,11940,12.5,Y,,,,,,,,,,,
2024,7654.0,Greer Commission of Public Wks,SC,Municipal,,,,,,,,,,,,,53.04,0.48,110.5,,,,35307,N,L,12.5,Y
2024,7716.0,Groton Dept of Utilities - (CT),CT,Municipal,116.62,0.75,155.49333,22.48,0.19,118.31579,116.62,0.75,155.49333,14149,35,N,,,,,,,,,,,
2024,7752.0,Guadalupe Valley Elec Coop Inc,TX,Cooperative,200.22,1.55,129.17419,131.94,1.11,118.86486,197.53,1.52,129.95395,103579,24.9,Y,,,,,,,,,,,
2024,7785.0,"Gulf Coast Electric Coop, Inc",FL,Cooperative,828.147,4.851,170.71676,422.535,3.41,123.91056,,,,21784,25,N,,,,,,,,,,,
2024,7887.0,Habersham Electric Membership Corp,GA,Cooperative,1144.828,4.407,259.7749,228.026,2.149,106.10796,1101.239,3.4,323.89382,37445,12.5,N,,,,,,,,,,,
2024,7891.0,Guernsey-Muskingum El Coop Inc,OH,Cooperative,494.44,2.68,184.49254,485.1,2.64,183.75,298.47,1.9,157.08947,17356,12.5,Y,,,,,,,,,,,
2024,7977.0,City of Hamilton - (OH),OH,Municipal,90.451,1.714,52.771879,90.451,1.714,52.771879,,,,29891,13.8,Y,,,,,,,,,,,
2024,8000.0,NineStar Connect,IN,Cooperative,,,,,,,,,,,,,128.784,1.205,106.87469,70.813,0.855,82.822222,18673.1,N,F,15,Y
2024,8034.0,Hancock-Wood Electric Coop Inc,OH,Cooperative,80.38,0.93,86.430108,34.99,0.63,55.539683,67.78,0.58,116.86207,13523,12.5,Y,,,,,,,,,,,
2024,8055.0,City of Hannibal - (MO),MO,Municipal,58.92,0.78,75.538462,34.62,0.64,54.09375,58.92,0.78,75.538462,8692,13.8,Y,,,,,,,,,,,
2024,8147.0,City of Harriman - (TN),TN,Municipal,,,,,,,,,,,,,371.1,3.886,95.496655,371.1,3.886,95.496655,11322,N,O,13,Y
2024,8179.0,Harrison County Rural E M C,IN,Cooperative,213.906,2.042,104.75318,154.152,1.699,90.731018,207.68,1.72,120.74419,24725,12.4,Y,,,,,,,,,,,
2024,8198.0,City of Harrisonburg - (VA),VA,Municipal,,,,,,,,,,,,,15.648,0.261,59.954023,15.648,0.261,59.954023,21705,N,F,23,N
2024,8210.0,Hart Electric Member Corp,GA,Cooperative,1173.688,2.429,483.19802,77.962,1.085,71.854378,1160.26,2.221,522.40432,39869,12.5,Y,,,,,,,,,,,
2024,8212.0,Hartford Electric,WI,Municipal,,,,,,,,,,,,,2.333,0.031,75.258065,0,0,,7985,N,L,25,N
2024,8245.0,City of Hastings - (NE),NE,Municipal,29.713,0.201,147.82587,11.589,0.129,89.837209,29.713,0.201,147.82587,13960,13.8,Y,,,,,,,,,,,
2024,8287.0,Hawaii Electric Light Co Inc,HI,Investor Owned,,,,,,,,,,,,,539.75,4.413,122.30909,364.52,3.839,94.95181,89910,N,F,13.8,N
2024,8319.0,Heartland Power Coop,IA,Cooperative,78.019,0.804,97.038557,70.082,0.766,91.490862,,,,5249,15,Y,,,,,,,,,,,
2024,8319.0,Heartland Power Coop,MN,Cooperative,51.92,0.66,78.666667,51.92,0.66,78.666667,,,,38,15,Y,,,,,,,,,,,
2024,8333.0,Haywood Electric Member Corp,NC,Cooperative,9611.748,6.664,1442.3391,565.695,3.598,157.22485,7984.457,5.267,1515.9402,29052,12.5,Y,,,,,,,,,,,
2024,8447.0,Hendricks County Rural E M C,IN,Cooperative,107.1,1.3,82.384615,54.4,0.96,56.666667,99.6,0.9,110.66667,38702,12.5,Y,,,,,,,,,,,
2024,8449.0,Henderson City Utility Comm,KY,Municipal,19.589,0.26,75.342308,19.589,0.26,75.342308,,,,11936,13.8,N,,,,,,,,N,F,13.8,N
2024,8566.0,High Plains Power Inc,WY,Cooperative,311.52,,,311.52,,,,,,13979,69,Y,,,,,,,,,,,
2024,8571.0,Town of High Point,NC,Municipal,78.6,0.832,94.471154,64.62,0.702,92.051282,78.6,0.832,94.471154,47285,12.4,Y,,,,,,,,,,,
2024,8620.0,"HILCO Electric Cooperative, Inc.",TX,Cooperative,124.1,1.354,91.654357,122.9,1.324,92.824773,114.2,1.171,97.523484,35196,14.4,Y,,,,,,,,,,,
2024,8699.0,Inland Power & Light Company,WA,Cooperative,386,1.202,321.13145,278,1.092,254.57875,151,0.972,155.34979,48046,24.9,Y,,,,,,,,,,,
2024,8723.0,City of Holland,MI,Municipal,339.4,0.618,549.19094,39.8,0.434,91.705069,339.4,0.618,549.19094,31482,13.8,Y,,,,,,,,,,,
2024,8761.0,Holmes-Wayne Electric Coop Inc,OH,Cooperative,178.08,1.506,118.24701,177.535,1.501,118.27781,170.908,1.384,123.48844,18045,12.5,N,,,,,,,,,,,
2024,8764.0,"Holston Electric Coop, Inc",TN,Cooperative,891.509,3.448,258.55829,197.719,2.313,85.481626,891.509,3.448,258.55829,32442,13,Y,,,,,,,,,,,
2024,8773.0,"Holy Cross Electric Assn, Inc",CO,Cooperative,56.481,1.163,48.564918,56.481,1.163,48.564918,56.481,1.163,48.564918,61786,24.9,Y,,,,,,,,,,,
2024,8774.0,City of Holyoke - (MA),MA,Municipal,61.575,1.265,48.675889,61.575,1.265,48.675889,61.575,1.265,48.675889,17557,,Y,,,,,,,,,,,
2024,8786.0,Horry Electric Coop Inc,SC,Cooperative,133.415,1.851,72.077256,107.57,1.557,69.08799,112.359,1.546,72.677232,95676,25,N,,,,,,,,,,,
2024,8795.0,City of Homestead - (FL),FL,Municipal,,,,,,,,,,,,,70,0.564,124.11348,70,0.564,124.11348,26961,N,F,13.2,N
2024,8840.0,City of Hope - (AR),AR,Municipal,121.32,1.98,61.272727,41.18,0.7,58.828571,121.32,1.98,61.272727,6995,13.8,Y,,,,,,,,,,,
2024,8898.0,Houston County Elec Coop Inc,TX,Cooperative,,,,,,,,,,,,,1589.538,6.774,234.65279,228.963,2.729,83.899963,22988,N,L,25,Y
2024,8901.0,CenterPoint Energy,TX,Investor Owned,4315.811,3.7,1166.4354,150.088,1.623,92.475662,4315.309,3.699,1166.615,2847806,34.5,Y,,,,,,,,,,,
2024,8973.0,Town of Hudson - (MA),MA,Municipal,,,,,,,,,,,,,77.47,1.14,67.95614,72.39,0.93,77.83871,13515,N,L,,Y
2024,9087.0,Town of Huntersville - (NC),NC,Municipal,238.841,1.654,144.40206,,,,238.841,1.654,144.40206,8870,12.5,N,,,,,,,,,,,
2024,9094.0,City of Huntsville - (AL),AL,Municipal,,,,,,,,,,,,,119.75,1.027,116.60175,119.75,1.027,116.60175,223332,N,F,25,N
2024,9096.0,City of Lafayette - (LA),LA,Municipal,166.601,1.24,134.35565,32.95,0.666,49.474474,157.576,1.023,154.03324,70264,15,Y,,,,,,,,,,,
2024,9130.0,Hutchinson Utilities Comm,MN,Municipal,,,,,,,,,,,,,41.691,0.821,50.780755,41.691,0.821,50.780755,7663,N,L,13.8,N
2024,9187.0,City of Idaho Falls - (ID),ID,Municipal,72.4,0.65,111.38462,72.4,0.65,111.38462,,,,32782,,Y,,,,,,,,,,,
2024,9191.0,Idaho Power Co,ID,Investor Owned,206.47,1.37,150.70803,164.01,1.21,135.54545,160.55,1.04,154.375,621746,34.5,Y,,,,,,,,,,,
2024,9191.0,Idaho Power Co,OR,Investor Owned,509.9,2.57,198.40467,434.79,2.48,175.31855,234.55,1.55,151.32258,20146,34.5,Y,,,,,,,,,,,
2024,9216.0,Imperial Irrigation District,CA,Political Subdivision,60.96,0.69,88.347826,60.96,0.69,88.347826,48.57,0.59,82.322034,165674,12.4,N,,,,,,,,,,,
2024,9230.0,City of Independence - (IA),IA,Municipal,10.673,0.405,26.353086,10.673,0.405,26.353086,10.673,0.405,26.353086,3196,15,N,,,,,,,,,,,
2024,9231.0,City of Independence - (MO),MO,Municipal,,,,,,,,,,,,,330.885,0.936,353.50962,35.491,0.269,131.9368,58022,N,F,13.8,Y
2024,9246.0,"Indian Electric Coop, Inc",OK,Cooperative,83.636,0.593,141.03879,64.107,0.516,124.23837,78.97,0.571,138.30123,20643,14.4,Y,,,,,,,,,,,
2024,9273.0,AES Indiana,IN,Investor Owned,246.899,1.25,197.5192,87.299,1.064,82.047932,246.083,1.204,204.38787,525000,34,Y,,,,,,,,,,,
2024,9292.0,Inter County Energy Coop Corp - (KY),KY,Cooperative,276.66,1.91,144.84817,116.93,1.17,99.940171,116.76,1.166,100.13722,28393,24.5,Y,,,,,,,,,,,
2024,9324.0,Indiana Michigan Power Co,IN,Investor Owned,156.7,0.839,186.76996,97.5,0.725,134.48276,151.9,0.806,188.46154,481996,35,Y,,,,,,,,,,,
2024,9324.0,Indiana Michigan Power Co,MI,Investor Owned,359,1.658,216.52593,206.7,1.431,144.44444,355.7,1.641,216.75807,132049,35,Y,,,,,,,,,,,
2024,9331.0,Intercounty Electric Coop Assn - (MO),MO,Cooperative,268.951,1.719,156.45782,180.029,1.447,124.41534,268.951,1.719,156.45782,31988,12.5,Y,,,,,,,,,,,
2024,9336.0,CORE Electric Cooperative,CO,Cooperative,212.358,0.933,227.60772,74.185,0.752,98.650266,211.95,0.918,230.88235,178763,34.5,Y,,,,,,,,,,,
2024,9417.0,Interstate Power and Light Co,IA,Investor Owned,,,,,,,,,,,,,116.3,1.08,107.68519,99.35,1.01,98.366337,499530,N,F,25,Y
2024,9425.0,Iowa Lakes Electric Coop,IA,Cooperative,44.9,0.48,93.541667,44.7,0.48,93.125,37.92,0.364,104.17582,13237,12.5,N,,,,,,,,,,,
2024,9475.0,Itasca-Mantrap Co-op Electrical Assn,MN,Cooperative,149.35,1.54,96.980519,106.66,1.38,77.289855,149.35,1.54,96.980519,12594,12.5,Y,,,,,,,,,,,
2024,9575.0,Jackson Energy Coop Corp - (KY),KY,Cooperative,856,2.993,286.00067,276,2.103,131.24108,845,2.869,294.52771,53698,12.5,N,,,,,,,,,,,
2024,9576.0,Jackson County Rural E M C - (IN),IN,Cooperative,249.03,2.181,114.18157,178.71,1.892,94.455603,198.6,1.49,133.28859,25198,12.5,N,,,,,,,,,,,
2024,9601.0,Jackson Electric Member Corp - (GA),GA,Cooperative,129.37,1.39,93.071942,73.94,1.12,66.017857,129.37,1.39,93.071942,268760,25,Y,,,,,,,,,,,
2024,9605.0,Jackson Purchase Energy Corporation,KY,Cooperative,320.054,1.586,201.7995,112.574,1.151,97.805387,320.051,1.585,201.92492,30772,12.5,Y,,,,,,,,,,,
2024,9612.0,City of Jackson - (TN),TN,Municipal,115.2,1.08,106.66667,115.2,1.08,106.66667,115.2,1.08,106.66667,38314,12.4,Y,,,,,,,,,,,
2024,9613.0,City of Lebanon - (IN),IN,Municipal,,,,,,,,,,,,,139.341,1.207,115.44408,,,,9562,N,L,12.5,N
2024,9616.0,Beaches Energy Services,FL,Municipal,50.073,0.659,75.983308,,,,,,,35976,27,N,,,,,,,,,,,
2024,9617.0,JEA,FL,Municipal,,,,,,,,,,,,,74.84,,,74.84,0.96,77.958333,527140,N,L,26,Y
2024,9645.0,Jamestown Board of Public Util,NY,Municipal,,,,,,,,,,,,,12.34,0.14,88.142857,,,,18347,N,O,15,Y
2024,9665.0,Jasper County Rural E M C,IN,Cooperative,196.085,2.701,72.597186,89.908,1.401,64.174161,184.58,2.554,72.270948,9793,7.2,Y,,,,,,,,,,,
2024,9667.0,City of Jasper - (IN),IN,Municipal,,,,,,,,,,,,,9.19,0.24,38.291667,9.19,0.24,38.291667,7899,N,F,13.2,N
2024,9668.0,"Jasper-Newton Elec Coop, Inc",TX,Cooperative,2401.88,6.088,394.52694,1511.75,4.935,306.33232,890.13,5.789,153.76231,23787.8,24.9,Y,,,,,,,,,,,
2024,9682.0,"Jefferson Davis Elec Coop, Inc",LA,Cooperative,,,,,,,,,,,,,44.99,5.51,8.1651543,12.15,1.82,6.6758242,10588,N,O,14.4,N
2024,9689.0,Jefferson Electric Member Corp,GA,Cooperative,10318,3.85,2680,109.21,1.39,78.568345,10315,3.69,2795.393,36791,25,Y,,,,,,,,,,,
2024,9699.0,"Jemez Mountains Elec Coop, Inc",NM,Cooperative,1876.735,4.946,379.44501,1044.847,3.61,289.4313,1876.735,4.946,379.44501,25345.9,14.4,Y,,,,,,,,,,,
2024,9726.0,Jersey Central Power & Lt Co,NJ,Investor Owned,481.12,2.46,195.57724,254.75,1.952,130.50717,441.18,1.966,224.40488,1147443,34.5,Y,,,,,,,,,,,
2024,9739.0,Joe Wheeler Elec Member Corp,AL,Cooperative,,,,,,,,,,,,,140.3,1.72,81.569767,136.3,1.68,81.130952,45840,N,L,13,Y
2024,9750.0,"Jo-Carroll Energy, Inc",IL,Cooperative,66.55,0.525,126.7619,48.868,0.417,117.18945,66.55,0.525,126.7619,20356,13.8,N,,,,,,,,,,,
2024,9777.0,Johnson City - (TN),TN,Municipal,658.539,2.2,299.33591,152.208,1.243,122.45213,658.539,2.2,299.33591,83793,12.4,Y,,,,,,,,,,,
2024,9778.0,Johnson County Rural E M C,IN,Cooperative,123.205,1.657,74.354255,27.617,0.364,75.870879,123.205,1.657,74.354255,31310,12.5,Y,,,,,,,,,,,
2024,9837.0,Jones-Onslow Elec Member Corp,NC,Cooperative,124.706,1.046,119.2218,45.468,0.656,69.310976,74.845,0.776,96.449742,87495,13.2,Y,,,,,,,,,,,
2024,9964.0,Kenergy Corp,KY,Cooperative,369.35,2.41,153.25726,158.87,1.88,84.505319,369.35,2.41,153.25726,59433,25,Y,,,,,,,,,,,
2024,9996.0,City of Kansas City - (KS),KS,Municipal,362.138,2.039,177.60569,181.366,1.643,110.3871,362.138,2.039,177.60569,66122,13.8,Y,,,,,,,,,,,
2024,9999.0,Kankakee Valley Rural E M C,IN,Cooperative,678.9,3.658,185.59322,331.9,3.64,91.181319,600.1,3.65,164.41096,21675,12.5,Y,,,,,,,,,,,
2024,10000.0,Evergy Metro,KS,Investor Owned,323.17,1.166,277.16123,61.15,0.649,94.22188,318.23,1.111,286.43564,285403,34,Y,,,,,,,,,,,
2024,10000.0,Evergy Metro,MO,Investor Owned,401.69,1.871,214.69268,103.93,1.212,85.750825,392.96,1.763,222.8928,311001,34,Y,,,,,,,,,,,
2024,10005.0,"Evergy Kansas South, Inc",KS,Investor Owned,206.27,1.401,147.23055,87.12,0.938,92.878465,189.03,1.156,163.52076,344853,34,Y,,,,,,,,,,,
2024,10009.0,Karnes Electric Coop Inc,TX,Cooperative,,,,,,,,,,,,,185.34,1.64,113.0122,168.378,1.529,110.12296,22952,N,F,24.9,Y
2024,10019.0,FreeState Electric Coop,KS,Cooperative,514.67,,,406.99,,,381.75,,,18992,34.5,N,,,,,,,,,,,
2024,10056.0,City of Kaukauna,WI,Municipal,229.469,1.35,169.97704,6.634,0.078,85.051282,229.469,1.35,169.97704,16534,34.5,Y,,,,,,,,,,,
2024,10071.0,Kauai Island Utility Cooperative,HI,Cooperative,382.59,4.39,87.150342,219.33,2.39,91.769874,0,0,,35232,12.5,Y,,,,,,,,,,,
2024,10170.0,"Kiamichi Electric Coop, Inc",OK,Cooperative,473.2,2.77,170.83032,331.22,2.39,138.58577,472.48,2.75,171.81091,23013,14.4,Y,,,,,,,,,,,
2024,10171.0,Kentucky Utilities Co,KY,Investor Owned,582.43,1.266,460.05529,83.16,0.778,106.88946,564.97,1.124,502.64235,555275,34.5,Y,,,,,,,,,,,
2024,10171.0,Kentucky Utilities Co,VA,Investor Owned,2044.27,2.676,763.9275,146.73,1.275,115.08235,1993.86,2.511,794.05018,29557,34.5,Y,,,,,,,,,,,
2024,10210.0,Ketchikan Public Utilities,AK,Municipal,,,,,,,,,,,,,425.2,5.1,83.372549,,,,7964,N,L,12.5,N
2024,10226.0,"Utility Board of the City of Key West, F",FL,Municipal,43.33,1.3,33.330769,,,,,,,33782,13.8,Y,,,,,,,,,,,
2024,10331.0,Kingsport Power Co,TN,Investor Owned,1027.6,1.8,570.88889,164.7,1.186,138.87015,1003.8,1.612,622.70471,49555,35,Y,,,,,,,,,,,
2024,10345.0,City of Kinston - (NC),NC,Municipal,56.73,0.407,139.38575,56.73,0.407,139.38575,56.73,0.407,139.38575,12002,12.4,N,,,,,,,,,,,
2024,10370.0,City of Kirkwood - (MO),MO,Municipal,167.155,1.291,129.47715,134.013,1.062,126.18927,150.231,1.175,127.85617,10456,12.4,Y,,,,,,,,,,,
2024,10376.0,Kissimmee Utility Authority,FL,Municipal,,,,,,,,,,,,,26.07,0.552,47.228261,26.07,0.552,47.228261,95461,N,L,13.2,Y
2024,10378.0,"Kit Carson Electric Coop, Inc",NM,Cooperative,185.07,1.415,130.79152,132.48,1.102,120.21779,185.07,1.415,130.79152,30420,24.9,N,,,,,,,,,,,
2024,10393.0,PUD No 1 of Klickitat County,WA,Political Subdivision,,,,,,,,,,,,,384,1.93,198.96373,384,1.93,198.96373,14254,N,L,13.2,Y
2024,10421.0,Knoxville Utilities Board,TN,Municipal,352,1.86,189.24731,193,1.4,137.85714,352,1.86,189.24731,220632,13.2,Y,,,,,,,,,,,
2024,10448.0,Kosciusko County Rural E M C,IN,Cooperative,291.47,1.241,234.86704,147.22,0.885,166.35028,291.47,1.241,234.86704,18726,12.5,Y,,,,,,,,,,,
2024,10454.0,Kootenai Electric Cooperative,ID,Cooperative,186.773,1.174,159.09114,125.038,0.805,155.32671,157.16,0.924,170.08658,34499,25,Y,,,,,,,,,,,
2024,10539.0,"La Plata Electric Assn, Inc",CO,Cooperative,184.11,1.436,128.21031,72.2,1.017,70.993117,184.11,1.436,128.21031,46842,12.5,Y,,,,,,,,,,,
2024,10579.0,City of LaFollette,TN,Municipal,742,5.87,126.40545,275,4.16,66.105769,742,5.87,126.40545,22994,7.2,Y,,,,,,,,,,,
2024,10599.0,"Lake Region Electric Coop, Inc - (OK)",OK,Cooperative,340.28,1.831,185.8438,115.623,1.079,107.15755,332.619,1.66,200.37289,26481,12.5,Y,,,,,,,,,,,
2024,10603.0,"Laclede Electric Coop, Inc",MO,Cooperative,363.35,2.63,138.15589,157.16,2.085,75.376499,343.714,2.301,149.37592,38978,12.5,Y,,,,,,,,,,,
2024,10618.0,Lake Region Electric Cooperative - (MN),MN,Cooperative,297.43,1.82,163.42308,102.47,1,102.47,216.83,0.91,238.27473,29815,12.5,N,,,,,,,,,,,
2024,10620.0,City of Lake Worth Beach - (FL),FL,Municipal,,,,,,,,,,,,,418.859,5.065,82.696742,48.913,0.845,57.885207,27842,Y,L,26.4,N
2024,10623.0,City of Lakeland - (FL),FL,Municipal,,,,,,,,,,,,,77.92,1.29,60.403101,64,1.09,58.715596,137077,N,L,12.5,N
2024,10624.0,Southern Rivers Energy,GA,Cooperative,598.35,4.21,142.12589,236.92,2.61,90.773946,571.67,2.49,229.58635,21594,25,Y,,,,,,,,,,,
2024,10625.0,"Lamb County Electric Coop, Inc",TX,Cooperative,,,,,,,,,,,,,39.2,,,39.2,,,11711,N,L,,Y
2024,10649.0,Lamar County Elec Coop Assn,TX,Cooperative,,,,,,,,,,,,,263.5,2.352,112.03231,263.5,2.352,112.03231,14056,N,F,69,Y
2024,10668.0,Licking Rural Electric Inc,OH,Cooperative,242.5,1.64,147.86585,113.4,1.04,109.03846,152.7,0.77,198.31169,27729,12.5,Y,,,,,,,,,,,
2024,10681.0,Lane Electric Coop Inc,OR,Cooperative,,,,,,,,,,,,,5578.3,5.821,958.30613,826.4,4.048,204.1502,13468,N,L,12.4,Y
2024,10697.0,Lake Country Power,MN,Cooperative,372.51,2.31,161.25974,187.75,1.525,123.11475,309.11,1.928,160.32676,51383,24.9,Y,,,,,,,,,,,
2024,10704.0,City of Lansing - (MI),MI,Municipal,,,,,,,,,,,,,91.853,0.863,106.43453,91.853,0.863,106.43453,97050,N,F,13.2,Y
2024,10768.0,"Laurens Electric Coop, Inc",SC,Cooperative,8309.98,2.84,2926.0493,97.08,1.14,85.157895,8303.65,2.73,3041.63,63495,14.4,Y,,,,,,,,,,,
2024,10817.0,"Lea County Electric Coop, Inc - (NM)",NM,Cooperative,,,,,,,,,,,,,90.67,1.22,74.319672,90.67,1.22,74.319672,11171,N,O,24.9,N
2024,10817.0,"Lea County Electric Coop, Inc - (NM)",TX,Cooperative,,,,,,,,,,,,,398.43,2.539,156.92399,398.43,2.539,156.92399,5309,N,O,24.9,N
2024,10857.0,"Lee County Electric Coop, Inc - (FL)",FL,Cooperative,,,,,,,,,,,,,1711.43,2.387,716.97947,69.677,0.973,71.610483,257631,N,F,24.9,Y
2024,10868.0,City of Leesburg - (FL),FL,Municipal,,,,,,,,,,,,,,,,80.744,0.949,85.083246,28899,N,L,12.5,Y
2024,10879.0,Lehi City Corporation,UT,Municipal,42.035,0.433,97.078522,42.035,0.433,97.078522,42.035,0.433,97.078522,30172,12.5,N,,,,,,,,,,,
2024,10944.0,PUD No 1 of Lewis County,WA,Political Subdivision,721.634,3.711,194.4581,604.745,3.302,183.14506,703.043,3.633,193.51583,35583,25,Y,,,,,,,,,,,
2024,10960.0,City of Lewisburg - (TN),TN,Municipal,59.22,0.997,59.398195,59.22,0.997,59.398195,59.22,0.997,59.398195,6662,13,N,,,,,,,,,,,
2024,10966.0,City of Lexington - (NC),NC,Municipal,,,,,,,,,,,,,266.71,2.254,118.32742,173.87,1.681,103.43248,20313,Y,L,44,Y
2024,11011.0,Licking Valley Rural E C C,KY,Cooperative,,,,,,,,,,,,,481.39,2.58,186.58527,158.23,1.43,110.65035,17926,N,L,7.2,Y
2024,11018.0,Lincoln Electric System,NE,Municipal,187.1,0.7,267.28571,19.3,0.3,64.333333,187.1,0.7,267.28571,151839,34.5,Y,,,,,,,,,,,
2024,11053.0,Linn County REC,IA,Cooperative,116,1.499,77.384923,116,1.499,77.384923,105,1.001,104.8951,33181,12.5,N,,,,,,,,,,,
2024,11124.0,City of Lodi - (CA),CA,Municipal,16.6,0.27,61.481481,16.6,0.27,61.481481,16.6,0.27,61.481481,25940,12,Y,,,,,,,,,,,
2024,11135.0,City of Logan - (UT),UT,Municipal,39.338,0.273,144.09524,21.318,0.252,84.595238,39.338,0.273,144.09524,21774,46,N,,,,,,,,,,,
2024,11171.0,Long Island Power Authority,NY,State,,,,,,,,,,,,,63.46,0.746,85.067024,59.29,0.721,82.23301,1151740,Y,O,13.2,Y
2024,11187.0,City of Longmont,CO,Municipal,19.252,0.467,41.224839,19.252,0.467,41.224839,19.252,0.467,41.224839,48509,12.5,N,,,,,,,,,,,
2024,11200.0,"Lorain-Medina R E C, Inc",OH,Cooperative,158.569,,,157.529,,,106.326,,,16831,12.5,Y,,,,,,,,,,,
2024,11204.0,Los Alamos County,NM,Municipal,30.419,0.286,106.36014,30.419,0.286,106.36014,30.419,0.286,106.36014,9045,13.2,N,,,,,,,,,,,
2024,11208.0,Los Angeles Department of Water & Power,CA,Municipal,111.16,0.66,168.42424,111.16,0.66,168.42424,,,,1563515,34.5,N,,,,,,,,,,,
2024,11241.0,Entergy Louisiana LLC,LA,Investor Owned,609.9,2.045,298.23961,213.2,1.553,137.28268,577.5,1.892,305.23256,1124748,34.5,Y,,,,,,,,,,,
2024,11249.0,Louisville Gas & Electric Co,KY,Investor Owned,433.96,1.299,334.07236,83.05,0.846,98.167849,433.31,1.274,340.11774,444830,34.5,Y,,,,,,,,,,,
2024,11251.0,Loup River Public Power Dist,NE,Political Subdivision,,,,,,,,,,,,,62.9,0.9,69.888889,22.2,0.3,74,21656,Y,L,12.5,N
2024,11256.0,City of Loveland - (CO),CO,Municipal,80.68,0.183,440.87432,18.95,0.176,107.67045,80.68,0.183,440.87432,41790,12.5,N,,,,,,,,,,,
2024,11272.0,"Lower Yellowstone R E A, Inc",MT,Cooperative,,,,,,,,,,,,,87.89,0.88,99.875,87.89,0.88,99.875,5228,N,F,25,Y
2024,11272.0,"Lower Yellowstone R E A, Inc",ND,Cooperative,,,,,,,,,,,,,32.51,0.32,101.59375,32.51,0.32,101.59375,1158,N,F,25,Y
2024,11291.0,Lumbee River Elec Member Corp,NC,Cooperative,282.634,1.836,153.94009,127.62,1.289,99.006982,118.165,1.193,99.048617,66700,25,Y,,,,,,,,,,,
2024,11318.0,City of Lumberton - (NC),NC,Municipal,,,,,,,,,,,,,105.5,0.774,136.30491,,,,11848,N,F,23,N
2024,11355.0,"Lynches River Elec Coop, Inc",SC,Cooperative,518.1,3.2,161.90625,164.6,1.9,86.631579,513.6,3,171.2,22362,25,Y,,,,,,,,,,,
2024,11364.0,"Lyntegar Electric Coop, Inc",TX,Cooperative,184.49,,,184.49,,,150,,,23862,14.4,Y,,,,,,,,,,,
2024,11463.0,Macon Electric Coop,MO,Cooperative,,,,,,,,,,,,,8.8,,,8.8,,,11614,N,F,12.5,Y
2024,11479.0,Madison Gas & Electric Co,WI,Investor Owned,278.6,0.59,472.20339,41.61,0.34,122.38235,278.6,0.59,472.20339,166686,13.8,Y,,,,,,,,,,,
2024,11501.0,Magic Valley Electric Coop Inc,TX,Cooperative,122.04,,,116.03,,,114.12,,,145755,34.5,Y,,,,,,,,,,,
2024,11519.0,Magnolia Electric Power Assn,MS,Cooperative,1809.57,,,,,,1809.57,,,33355,,Y,,,,,,,,,,,
2024,11560.0,City of Manassas - (VA),VA,Municipal,55.707,2.42,23.019421,27.619,0.614,44.982085,27.619,0.614,44.982085,16625,13.2,Y,,,,,,,,,,,
2024,11571.0,Manitowoc Public Utilities,WI,Municipal,29.11,0.3,97.033333,8.16,0.18,45.333333,29.11,0.3,97.033333,18306,13.2,Y,,,,,,,,,,,
2024,11586.0,Town of Mansfield - (MA),MA,Municipal,15.692,0.115,136.45217,9.961,0.098,101.64286,15.692,0.115,136.45217,10504,13.8,Y,,,,,,,,,,,
2024,11646.0,City of Marietta - (GA),GA,Municipal,128.63,1.694,75.932704,128.63,1.694,75.932704,128.63,1.694,75.932704,42716,25,Y,,,,,,,,,,,
2024,11701.0,City of Marquette - (MI),MI,Municipal,222.85,2.383,93.516576,102.68,1.449,70.862664,220.61,2.348,93.956559,17174,12.5,N,,,,,,,,,,,
2024,11731.0,City of Marshall - (MN),MN,Municipal,0.65,0.01,65,0.65,0.01,65,,,,6944,13.8,N,,,,,,,,,,,
2024,11740.0,City of Marshfield - (WI),WI,Municipal,35.7,0.605,59.008264,20.411,0.371,55.016173,35.7,0.605,59.008264,13908,13.2,Y,,,,,,,,,,,
2024,11788.0,Consumers Energy Coop - (IA),IA,Cooperative,493.49,1.545,319.411,95.507,1.001,95.411588,476.334,1.54,309.30779,7560,12.5,Y,,,,,,,,,,,
2024,11789.0,Maryville Utilities,TN,Municipal,78.589,0.694,113.24063,61.622,0.543,113.48435,,,,22271,13.2,Y,,,,,,,,,,,
2024,11804.0,Massachusetts Electric Co,MA,Investor Owned,133.74,1.001,133.60639,90.72,0.842,107.74347,133.74,1.001,133.60639,1345044,34.5,Y,,,,,,,,,,,
2024,11811.0,Town of Massena - (NY),NY,Municipal,,,,,,,,,,,,,17.4,0.39,44.615385,17.4,0.39,44.615385,9328,N,F,24.7,N
2024,11824.0,Matanuska Electric Assn Inc,AK,Cooperative,258.113,2.347,109.97571,258.113,2.347,109.97571,234.579,1.537,152.62134,70581,25,Y,,,,,,,,,,,
2024,11843.0,Maui Electric Co Ltd,HI,Investor Owned,,,,,,,,,,,,,387.4,2.61,148.42912,287.2,2.228,128.90485,71891,N,F,12,N
2024,12087.0,McKenzie Electric Coop Inc,ND,Cooperative,256.91,1.821,141.08182,209.74,1.612,130.11166,256.9,1.65,155.69697,13546,25,N,,,,,,,,,,,
2024,12186.0,McMinnville Electric System,TN,Municipal,30.74,0.233,131.93133,15.858,0.159,99.735849,30.74,0.233,131.93133,8284,13,Y,,,,,,,,,,,
2024,12187.0,City of McMinnville - (OR),OR,Municipal,,,,,,,,,,,,,31.15,0.296,105.23649,,,,17751,N,L,12.5,N
2024,12199.0,Montana-Dakota Utilities Co,MT,Investor Owned,360.35,1.952,184.60553,177.16,1.394,127.08752,,,,26559,22,Y,,,,,,,,,,,
2024,12199.0,Montana-Dakota Utilities Co,ND,Investor Owned,83.13,0.988,84.139676,78.54,0.949,82.760801,,,,98017,22,Y,,,,,,,,,,,
2024,12199.0,Montana-Dakota Utilities Co,SD,Investor Owned,153.99,1.435,107.3101,148.01,1.406,105.27027,,,,9258,22,Y,,,,,,,,,,,
2024,12199.0,Montana-Dakota Utilities Co,WY,Investor Owned,107.2,0.667,160.71964,107.03,0.667,160.46477,,,,18970,22,Y,,,,,,,,,,,
2024,12208.0,City of McPherson - (KS),KS,Municipal,49.114,0.324,151.58642,12.628,0.136,92.852941,49.114,0.324,151.58642,8988,34.5,Y,,,,,,,,,,,
2024,12227.0,Meeker Coop Light & Power Assn,MN,Cooperative,98.6,1.04,94.807692,98.6,1.04,94.807692,68.17,0.65,104.87692,9450,12.4,Y,,,,,,,,,,,
2024,12243.0,Meade County Rural E C C,KY,Cooperative,349.395,2.079,168.05916,98.007,1.178,83.197793,98.007,1.178,83.197793,31499,,N,,,,,,,,,,,
2024,12260.0,Mecklenburg Electric Cooperative,VA,Cooperative,360.245,2.504,143.86781,273.828,2.228,122.90305,345.514,2.396,144.20451,31997,25,Y,,,,,,,,,,,
2024,12268.0,"Medina Electric Coop, Inc",TX,Cooperative,235.24,2.14,109.92523,235.24,2.14,109.92523,,,,36166,24.9,Y,,,,,,,,,,,
2024,12293.0,City of Memphis - (TN),TN,Municipal,327.2,1.95,167.79487,280.8,1.74,161.37931,327.2,1.95,167.79487,427658,23,Y,,,,,,,,,,,
2024,12298.0,City of Menasha - (WI),WI,Municipal,,,,,,,,,,,,,4.11,0.11,37.363636,4.11,0.11,37.363636,9413,N,L,34.5,N
2024,12301.0,Nodak Electric Coop Inc,ND,Cooperative,108.2,1.07,101.1215,108.2,1.017,106.39135,79.1,0.667,118.5907,21561,35,Y,,,,,,,,,,,
2024,12330.0,Meriwether Lewis Electric Coop,TN,Cooperative,,,,,,,,,,,,,4.271,1.847,2.3123985,4.266,1.846,2.3109426,36583,N,O,25,N
2024,12341.0,MidAmerican Energy Co,IA,Investor Owned,219,1.27,172.44094,88,0.82,107.31707,205,1.1,186.36364,740347,13.8,Y,,,,,,,,,,,
2024,12341.0,MidAmerican Energy Co,IL,Investor Owned,352,1.8,195.55556,174,1.43,121.67832,348,1.74,200,85293,13.8,Y,,,,,,,,,,,
2024,12341.0,MidAmerican Energy Co,SD,Investor Owned,428,1.19,359.66387,42,0.57,73.684211,381,0.48,793.75,5299,13.8,Y,,,,,,,,,,,
2024,12351.0,City of Mesa - (AZ),AZ,Municipal,64.35,1.52,42.335526,24.73,0.66,37.469697,64.35,1.52,42.335526,17975,69,Y,,,,,,,,,,,
2024,12377.0,Midwest Energy Cooperative - (MI),MI,Cooperative,586.6,2.1,279.33333,268.1,1.5,178.73333,554.5,2,277.25,36114,12.5,Y,,,,,,,,,,,
2024,12377.0,Midwest Energy Cooperative - (MI),OH,Cooperative,278.8,1.1,253.45455,278.8,1.1,253.45455,66.7,0.7,95.285714,1081,12.5,Y,,,,,,,,,,,
2024,12395.0,Menard Electric Coop,IL,Cooperative,168.73,1.492,113.08981,113.152,1.272,88.955975,115.104,0.929,123.90097,11141,12.5,Y,,,,,,,,,,,
2024,12439.0,"Midstate Electric Coop, Inc",OR,Cooperative,,,,,,,,,,,,,369,,,369,,,21517,N,F,24.9,N
2024,12450.0,Midland Power Coop,IA,Cooperative,,,,,,,,,,,,,123.46,1.44,85.736111,105.02,1.33,78.962406,12573,N,L,12.5,Y
2024,12452.0,Mid-South Electric Coop Assn,TX,Cooperative,,,,,,,,,,,,,1459,3.28,444.81707,101,1.02,99.019608,40534,N,F,24.9,Y
2024,12462.0,Mid-Carolina Electric Coop Inc,SC,Cooperative,3915.314,3.217,1217.0699,117.477,1.623,72.382625,3083.439,2.051,1503.3832,60406,25,Y,,,,,,,,,,,
2024,12470.0,Middle Tennessee E M C,TN,Cooperative,49.4,0.933,52.947481,41.8,0.881,47.446084,49.3,0.91,54.175824,346813,25,Y,,,,,,,,,,,
2024,12473.0,Town of Middleborough - (MA),MA,Municipal,,,,,,,,,,,,,19.14,0.66,29,19.14,0.66,29,16991,N,L,13.8,N
2024,12515.0,"Midwest Electric, Inc - (OH)",OH,Cooperative,292.6,1.775,164.84507,88.5,1.008,87.797619,283.2,1.55,182.70968,11221,12.5,Y,,,,,,,,,,,
2024,12524.0,Midwest Energy Inc - (KS),KS,Cooperative,433.8,2.42,179.2562,272.4,2.12,128.49057,433.8,2.42,179.2562,50530,13.2,Y,,,,,,,,,,,
2024,12532.0,City of Milan - (TN),TN,Municipal,348,1.732,200.92379,,,,,,,8635,12.5,Y,,,,,,,,,,,
2024,12539.0,Midwest Electric Member Corp - (NE),NE,Cooperative,81.24,0.493,164.78702,81.24,0.472,172.11864,81.24,0.493,164.78702,6805,34.5,N,,,,,,,,,,,
2024,12540.0,City of Milford - (DE),DE,Municipal,,,,,,,,,,,,,20,0.2,100,20,0.2,100,8735,Y,F,25,N
2024,12546.0,Mille Lacs Energy Cooperative,MN,Cooperative,237.32,10.41,22.79731,157.24,1.22,128.88525,208.24,1.47,141.65986,15976,7.2,Y,,,,,,,,,,,
2024,12642.0,Maquoketa Valley Rrl Elec Coop,IA,Cooperative,133.54,1.2,111.28333,70.89,0.82,86.45122,69.561,1.078,64.527829,17236,12.5,Y,,,,,,,,,,,
2024,12647.0,"ALLETE, Inc.",MN,Investor Owned,119.9,1.3,92.230769,119.9,1.3,92.230769,109.43,1.11,98.585586,138546,69,N,,,,,,,,,,,
2024,12651.0,Minnesota Valley Electric Coop,MN,Cooperative,61,0.722,84.487535,41.9,0.485,86.391753,60.8,0.697,87.23099,47453,13.8,Y,,,,,,,,,,,
2024,12685.0,Entergy Mississippi LLC,MS,Investor Owned,692.3,2.306,300.21683,331.8,1.747,189.92559,679.1,2.266,299.69109,465518,34.5,Y,,,,,,,,,,,
2024,12686.0,Mississippi Power Co,MS,Investor Owned,124.2,1.12,110.89286,82.19,0.91,90.318681,,,,191210,22.8,Y,,,,,,,,,,,
2024,12692.0,"Missoula Electric Coop, Inc",MT,Cooperative,1606.3,3.591,447.31273,505.9,2.194,230.58341,1536,3.4,451.76471,17133,25,Y,,,,,,,,,,,
2024,12698.0,Evergy Missouri West,MO,Investor Owned,306.18,1.847,165.77152,118.82,1.25,95.056,264.52,1.472,179.70109,346863,34,Y,,,,,,,,,,,
2024,12706.0,Mitchell Electric Member Corp,GA,Cooperative,,,,,,,,,,,,,628.6,4.3,146.18605,399.4,3.6,110.94444,25181,N,L,24.9,Y
2024,12745.0,Modesto Irrigation District,CA,Political Subdivision,58.16,0.608,95.657895,42.8,0.465,92.043011,53.6,0.538,99.628253,120484,21,Y,,,,,,,,,,,
2024,12782.0,City of Monett - (MO),MO,Municipal,62.42,0.86,72.581395,37.84,0.51,74.196078,37.84,0.44,86,4984,12.5,N,,,,,,,,,,,
2024,12796.0,Monongahela Power Co,WV,Investor Owned,851.75,2.866,297.19121,461.55,2.336,197.58134,733.13,2.452,298.99266,390918,34.5,Y,,,,,,,,,,,
2024,12801.0,City of Monroe - (NC),NC,Municipal,22.383,0.478,46.82636,18.179,0.331,54.92145,22.383,0.478,46.82636,13288,34.5,N,,,,,,,,,,,
2024,12825.0,NorthWestern Energy LLC - (MT),MT,Investor Owned,233.438,1.296,180.12191,117.949,0.952,123.89601,185.455,1.012,183.25593,376392,34.5,N,,,,,,,,,,,
2024,12860.0,Morgan County Rural Elec Assn,CO,Cooperative,,,,,,,,,,,,,161.461,,,161.443,,,9607,N,O,69,Y
2024,12866.0,Moon Lake Electric Assn Inc,CO,Cooperative,,,,,,,,,,,,,466.02,1.84,253.27174,466.02,1.84,253.27174,2672,N,L,34.5,Y
2024,12866.0,Moon Lake Electric Assn Inc,UT,Cooperative,,,,,,,,,,,,,189.98,1.65,115.13939,189.98,1.65,115.13939,18285,N,L,34.5,Y
2024,12894.0,City of Moorhead - (MN),MN,Municipal,9.184,0.343,26.77551,,,,,,,21210,12.5,N,,,,,,,,,,,
2024,12929.0,South Central Indiana REMC,IN,Cooperative,741.5,3.41,217.44868,307.2,2.81,109.32384,696.9,2.6,268.03846,35684,12.5,Y,,,,,,,,,,,
2024,12944.0,City of Morganton - (NC),NC,Municipal,,,,,,,,,,,,,175.1,1.35,129.7037,7.8,0.21,37.142857,8868,N,F,12.4,N
2024,12988.0,City of Morristown - (TN),TN,Municipal,238.92,2.45,97.518367,68.94,1.16,59.431034,238.92,2.45,97.518367,16509,13.2,Y,,,,,,,,,,,
2024,12990.0,Consolidated Cooperative,OH,Cooperative,354,1.23,287.80488,87,0.93,93.548387,217,1.09,199.08257,19176,12.5,Y,,,,,,,,,,,
2024,13027.0,"Mountain Electric Coop, Inc",TN,Cooperative,166.3,2.91,57.147766,166.3,2.91,57.147766,166.3,2.91,57.147766,16262,12.4,N,,,,,,,,,,,
2024,13032.0,Mt Carmel Public Utility Co,IL,Investor Owned,,,,,,,,,,,,,110.61,3.28,33.722561,86.8,2.6,33.384615,5282,N,L,7.2,Y
2024,13050.0,"Mountain Parks Electric, Inc",CO,Cooperative,148.7,1.76,84.488636,85.4,1.134,75.308642,133.1,1.461,91.101985,22847,25,Y,,,,,,,,,,,
2024,13058.0,"Mountain View Elec Assn, Inc",CO,Cooperative,55.602,0.487,114.17248,41.972,0.457,91.842451,55.602,0.487,114.17248,63853,25,Y,,,,,,,,,,,
2024,13137.0,City of Murray - (UT),UT,Municipal,,,,,,,,,,,,,96,1.6,60,,,,20638,Y,O,12.5,N
2024,13143.0,Board of Water Electric & Communications,IA,Municipal,40.79,0.533,76.529081,8.547,0.209,40.894737,40.79,0.533,76.529081,11665,13.8,N,,,,,,,,,,,
2024,13145.0,Village of Muscoda - (WI),WI,Municipal,,,,,,,,,,,,,13.22,0.061,216.72131,13.22,0.061,216.72131,1098,N,L,12.5,N
2024,13196.0,Northern Plains Electric Coop,ND,Cooperative,262.4,1.904,137.81513,262.4,1.904,137.81513,123,0.913,134.7207,12225,12.5,Y,,,,,,,,,,,
2024,13206.0,Nantucket Electric Co,MA,Investor Owned,138.16,0.719,192.15577,50.4,0.328,153.65854,138.16,0.719,192.15577,13995,13.2,Y,,,,,,,,,,,
2024,13208.0,City of Naperville - (IL),IL,Municipal,24.84,0.5,49.68,,,,,,,62990,12.4,Y,,,,,,,,,,,
2024,13214.0,The Narragansett Electric Co,RI,Investor Owned,104.25,0.896,116.35045,60.79,0.761,79.881735,99.02,0.862,114.87239,509231,69,Y,,,,,,,,,,,
2024,13216.0,Nashville Electric Service,TN,Municipal,0,0,,86.58,1.01,85.722772,0,0,,452888,23.9,Y,,,,,,,,,,,
2024,13314.0,Navajo Tribal Utility Authority,AZ,State,,,,,,,,,,,,,506.61,3.59,141.11699,305.25,2.86,106.73077,31089,Y,F,24.9,Y
2024,13314.0,Navajo Tribal Utility Authority,NM,State,,,,,,,,,,,,,526.22,3.06,171.96732,292.1,2.58,113.21705,9923,Y,F,24.9,Y
2024,13314.0,Navajo Tribal Utility Authority,UT,State,,,,,,,,,,,,,2068.81,2.01,1029.2587,360,0.91,395.6044,2309,Y,F,24.9,Y
2024,13337.0,Nebraska Public Power District,NE,Political Subdivision,74.35,0.74,100.47297,74.35,0.74,100.47297,66.83,0.69,96.855072,93975,69,Y,,,,,,,,,,,
2024,13407.0,Nevada Power Co,NV,Investor Owned,72.99,0.66,110.59091,51.58,0.53,97.320755,,,,1093488,60,Y,,,,,,,,,,,
2024,13416.0,City of New Bern - (NC),NC,Municipal,144.201,1.189,121.27923,41.46,0.602,68.870432,120.789,1.095,110.30959,24952,23,Y,,,,,,,,,,,
2024,13418.0,City of New Braunfels - (TX),TX,Municipal,76.372,0.942,81.07431,43.464,0.719,60.450626,43.464,0.719,60.450626,57122,12.7,Y,,,,,,,,,,,
2024,13441.0,New Hampshire Elec Coop Inc,NH,Cooperative,,,,,,,,,,,,,2410.19,5.24,459.95992,514.88,2.65,194.29434,85138,N,F,25,Y
2024,13448.0,City of New Holstein - (WI),WI,Municipal,,,,,,,,,,,,,19.63,0.15,130.86667,0,0,,2734,N,L,12.5,N
2024,13478.0,"Entergy New Orleans, LLC",LA,Investor Owned,586.4,2.004,292.61477,179.7,1.595,112.66458,586.4,2.004,292.61477,211631,34.5,Y,,,,,,,,,,,
2024,13481.0,City of New Richmond,WI,Municipal,51.04,1.18,43.254237,32.05,0.87,36.83908,51.04,1.18,43.254237,5479,12.5,N,,,,,,,,,,,
2024,13482.0,New River Light & Power Co,NC,State,307.21,1.52,202.11184,17.52,0.34,51.529412,,,,9097,12.5,Y,,,,,,,,,,,
2024,13485.0,New Smyrna Beach City of,FL,Municipal,2858,2.32,1231.8966,73.6,1.01,72.871287,2858,2.32,1231.8966,30584,23,Y,,,,,,,,,,,
2024,13511.0,New York State Elec & Gas Corp,NY,Investor Owned,,,,,,,,,,,,,655.2,2.35,278.80851,147.6,1.3,113.53846,910487,N,F,34.5,N
2024,13519.0,City of Newark - (DE),DE,Municipal,84.4,0.77,109.61039,84.4,0.77,109.61039,,,,13439,12.5,Y,,,,,,,,,,,
2024,13524.0,"Newberry Electric Coop, Inc",SC,Cooperative,,,,,,,,,,,,,7940.26,5.24,1515.3168,240.99,2.63,91.631179,14086,N,L,12.5,N
2024,13547.0,"Newnan Wtr, Sewer & Light Comm",GA,Municipal,,,,,,,,,,,,,23.1,1.842,12.540717,23.1,1.842,12.540717,11050,,L,25,Y
2024,13573.0,Niagara Mohawk Power Corp.,NY,Investor Owned,510.14,1.694,301.14522,140.65,1.053,133.57075,509.77,1.692,301.28251,1690739,69,Y,,,,,,,,,,,
2024,13640.0,Northern Virginia Elec Coop,VA,Cooperative,94.632,0.859,110.16531,62.352,0.774,80.55814,90.923,0.73,124.55205,177139,34.5,Y,,,,,,,,,,,
2024,13647.0,Noble County R E M C,IN,Cooperative,135.9,1.105,122.98643,75.9,0.83,91.445783,135.9,1.105,122.98643,11685,12,Y,,,,,,,,,,,
2024,13651.0,Nolin Rural Electric Coop Corp,KY,Cooperative,199.626,1.663,120.03969,56.08,0.818,68.557457,196.028,1.585,123.67697,38164,12.5,Y,,,,,,,,,,,
2024,13664.0,Norris Public Power District,NE,Political Subdivision,203.7,1.596,127.63158,200.4,1.569,127.72467,202.38,1.577,128.33228,28825,12.5,Y,,,,,,,,,,,
2024,13676.0,"North Arkansas Elec Coop, Inc",AR,Cooperative,1183.52,2.91,406.7079,243.37,1.77,137.49718,1177.58,,,38978,25,Y,,,,,,,,,,,
2024,13679.0,Town of North Attleborough - (MA),MA,Municipal,5.949,0.089,66.842697,5.949,0.089,66.842697,5.949,0.089,66.842697,13894,13.8,Y,,,,,,,,,,,
2024,13693.0,"North Central Elec Coop, Inc - (OH)",OH,Cooperative,65.16,,,61.62,,,54.06,,,9745,12.5,Y,,,,,,,,,,,
2024,13716.0,North Georgia Elec Member Corp,GA,Cooperative,274.09,2.37,115.64979,182.51,1.88,97.079787,274.07,2.35,116.62553,104699,14.4,Y,,,,,,,,,,,
2024,13718.0,City of North Little Rock - (AR),AR,Municipal,,,,,,,,,,,,,61.23,,,61.23,,,40171,N,L,13.8,N
2024,13735.0,Northcentral Mississippi E P A,MS,Cooperative,241,2.09,115.311,241,2.09,115.311,241,2.09,115.311,34435,25,Y,,,,,,,,,,,
2024,13750.0,"Northern Electric Coop, Inc",SD,Cooperative,49.761,0.672,74.049107,49.761,0.672,74.049107,42.223,0.618,68.322006,6888,7.2,N,,,,,,,,,,,
2024,13756.0,Northern Indiana Pub Serv Co,IN,Investor Owned,534,1.34,398.50746,169,0.966,174.94824,,,,485189,12.5,Y,,,,,,,,,,,
2024,13757.0,North Plains Electric Coop Inc,TX,Cooperative,,,,,,,,,,,,,2396,,,2023,,,7511,N,F,,Y
2024,13758.0,"Northern Lights, Inc",ID,Cooperative,,,,,,,,,,,,,1612,,,1219.7,,,19609,N,F,25,Y
2024,13758.0,"Northern Lights, Inc",MT,Cooperative,,,,,,,,,,,,,352.44,,,266.67,,,4287,N,F,25,Y
2024,13758.0,"Northern Lights, Inc",WA,Cooperative,,,,,,,,,,,,,1.18,,,0.89,,,14,N,F,25,Y
2024,13762.0,"Northern Neck Elec Coop, Inc",VA,Cooperative,,,,168.92,1.96,86.183673,,,,20696,12.5,Y,,,,,,,,,,,
2024,13780.0,Northern States Power Co,MI,Investor Owned,166.32,1,166.32,115.47,0.73,158.17808,136.52,0.92,148.3913,8923,34.5,Y,,,,,,,,,,,
2024,13780.0,Northern States Power Co,WI,Investor Owned,208.55,1.13,184.55752,122.37,0.89,137.49438,191.97,1.02,188.20588,260234,34.5,Y,,,,,,,,,,,
2024,13781.0,Northern States Power Co - Minnesota,MN,Investor Owned,308.73,1.47,210.02041,110.39,1.08,102.21296,305.14,1.43,213.38462,1361168,34.5,Y,,,,,,,,,,,
2024,13781.0,Northern States Power Co - Minnesota,ND,Investor Owned,54.54,0.63,86.571429,54.54,0.63,86.571429,54.507,0.629,86.656598,95754,34.5,Y,,,,,,,,,,,
2024,13781.0,Northern States Power Co - Minnesota,SD,Investor Owned,100.14,0.88,113.79545,63.63,0.7,90.9,67.07,0.48,139.72917,104471,34.5,Y,,,,,,,,,,,
2024,13783.0,Northeast Louisiana Power Coop Inc.,LA,Cooperative,,,,,,,,,,,,,4.117,2.6,1.5834615,3.27,2.132,1.5337711,17190,N,O,19.9,Y
2024,13788.0,Northern Wasco County PUD,OR,Political Subdivision,34.841,0.217,160.5576,34.841,0.217,160.5576,34.841,0.217,160.5576,10490.8,12.5,N,,,,,,,,,,,
2024,13799.0,Prairie Land Electric Coop Inc,KS,Cooperative,,,,,,,,,,,,,182.9,,,123.2,,,24568,N,F,13.8,Y
2024,13809.0,NorthWestern Energy - (SD),SD,Investor Owned,75.993,0.704,107.9446,66.452,0.649,102.39137,61.457,0.531,115.73823,64209,34.5,N,,,,,,,,,,,
2024,13830.0,Nueces Electric Cooperative,TX,Cooperative,437.147,3.272,133.60238,170.894,1.281,133.40671,380.892,2.33,163.47296,20733,25,Y,,,,,,,,,,,
2024,13831.0,City of Norwich - (CT),CT,Municipal,287.98,1.45,198.6069,287.98,1.45,198.6069,287.98,1.45,198.6069,20898,34.5,Y,,,,,,,,,,,
2024,13839.0,City of Norwood - (MA),MA,Municipal,64.06,0.85,75.364706,24.8,0.46,53.913043,64.06,0.85,75.364706,16301,13.8,Y,,,,,,,,,,,
2024,13936.0,Oakdale Electric Coop,WI,Cooperative,148.5,1.032,143.89535,67.2,0.689,97.532656,140.3,0.949,147.83983,18055,12.5,Y,,,,,,,,,,,
2024,13955.0,City of Ocala,FL,Municipal,,,,,,,,,,,,,541.713,2.208,245.34103,72.631,0.097,748.7732,58768,N,L,12.5,Y
2024,13963.0,Oconomowoc Utilities,WI,Municipal,,,,,,,,,,,,,5.961,0.063,94.619048,0,0,,11112,Y,L,24.9,N
2024,13998.0,Ohio Edison Co,OH,Investor Owned,233.75,1.278,182.90297,113.96,1.027,110.96397,212.91,1.058,201.23819,1067091,36,Y,,,,,,,,,,,
2024,14006.0,Ohio Power Co,OH,Investor Owned,272.2,1.13,240.88496,158.1,0.991,159.53582,251.9,1.033,243.85286,1535393,35,Y,,,,,,,,,,,
2024,14055.0,PUD No 1 of Okanogan County,WA,Political Subdivision,,,,,,,,,,,,,239.9,1.37,175.10949,110.1,0.9,122.33333,22175,N,F,24.9,Y
2024,14062.0,Oklahoma Electric Coop Inc,OK,Cooperative,89.1,1.184,75.253378,70.7,1.107,63.866305,68.4,0.829,82.509047,64790,14.4,Y,,,,,,,,,,,
2024,14063.0,Oklahoma Gas & Electric Co,AR,Investor Owned,,,,,,,,,,,,,369.57,1.91,193.49215,89.1,0.9,99,70565,N,F,34.5,Y
2024,14063.0,Oklahoma Gas & Electric Co,OK,Investor Owned,,,,,,,,,,,,,285.85,1.7,168.14706,98.42,0.82,120.02439,833706,N,F,34.5,Y
2024,14109.0,"Oregon Trail El Cons Coop, Inc",OR,Cooperative,,,,,,,,,,,,,209.98,2.52,83.325397,142.15,1.84,77.255435,31823,N,F,34.5,Y
2024,14127.0,Omaha Public Power District,NE,Political Subdivision,1186.2,1.68,706.07143,85.7,0.66,129.84848,1186.2,1.68,706.07143,403157,13.8,Y,,,,,,,,,,,
2024,14146.0,City of Opelika - (AL),AL,Municipal,,,,37.5,0.42,89.285714,,,,15663,,Y,,,,,,,,,,,
2024,14154.0,Orange & Rockland Utils Inc,NY,Investor Owned,,,,,,,,,,,,,231.4,1.573,147.10744,106.6,1.046,101.91205,240260,N,F,34.5,N
2024,14164.0,City of Orangeburg - (SC),SC,Municipal,733.2,2.842,257.98733,252,2.128,118.42105,,,,24461,24.9,Y,,,,,,,,,,,
2024,14170.0,Orcas Power & Light Coop,WA,Cooperative,252.3,2.184,115.52198,212.5,1.859,114.30877,252.3,2.184,115.52198,15251,12.5,Y,,,,,,,,,,,
2024,14175.0,"Tri-County Electric Coop, Inc (SC)",SC,Cooperative,1041.7,4.09,254.69438,174.79,2.33,75.017167,167.56,2.05,81.736585,18466,14.4,Y,,,,,,,,,,,
2024,14192.0,Osage Valley Elec Coop Assn,MO,Cooperative,,,,,,,,,,,,,329.361,2.232,147.56317,306.886,2.128,144.21335,18029,N,F,12.5,Y
2024,14194.0,City of Orrville - (OH),OH,Municipal,,,,,,,,,,,,,96.48,1.05,91.885714,52.01,0.59,88.152542,7114,Y,L,13.8,N
2024,14232.0,Otter Tail Power Co,MN,Investor Owned,154.96,1.28,121.0625,141.67,1.12,126.49107,,,,63290,25,Y,,,,,,,,,,,
2024,14232.0,Otter Tail Power Co,ND,Investor Owned,170.73,1.35,126.46667,129.6,1.13,114.69027,,,,59761,25,Y,,,,,,,,,,,
2024,14232.0,Otter Tail Power Co,SD,Investor Owned,134.71,1.48,91.02027,70.78,1.03,68.718447,,,,11930,25,Y,,,,,,,,,,,
2024,14245.0,Overton Power District No 5,NV,Political Subdivision,157.98,1.625,97.218462,20.74,0.307,67.557003,157.98,1.625,97.218462,18539,69,Y,,,,,,,,,,,
2024,14246.0,City of Owatonna - (MN),MN,Municipal,65.625,0.858,76.486014,27.215,0.519,52.43738,65.625,0.858,76.486014,12489,12.5,Y,,,,,,,,,,,
2024,14251.0,Owen Electric Coop Inc,KY,Cooperative,199.53,1.643,121.44248,126.29,0.86,146.84884,155.35,1.183,131.31868,66763,25,Y,,,,,,,,,,,
2024,14268.0,City of Owensboro - (KY),KY,Municipal,149.087,1.37,108.82263,113.093,1.067,105.99157,149.087,1.37,108.82263,27519,15,Y,,,,,,,,,,,
2024,14275.0,City of Oxford - (MS),MS,Municipal,46.89,0.8,58.6125,35.28,0.72,49,0,0,,10497,0,Y,,,,,,,,,,,
2024,14289.0,Ozarks Electric Coop Corp - (AR),AR,Cooperative,182.32,1.65,110.49697,83.2,1.01,82.376238,91.76,0.35,262.17143,78322,24.9,Y,,,,,,,,,,,
2024,14289.0,Ozarks Electric Coop Corp - (AR),OK,Cooperative,325.12,1.91,170.2199,67.8,0.89,76.179775,230.88,0.76,303.78947,12930,24.9,Y,,,,,,,,,,,
2024,14328.0,Pacific Gas & Electric Co.,CA,Investor Owned,509.3,2.154,236.44383,275.6,1.824,151.09649,509.3,2.154,236.44383,5795693,34,Y,,,,,,,,,,,
2024,14354.0,PacifiCorp,CA,Investor Owned,586.59,3.11,188.61415,196.55,1.87,105.10695,586.5,3.1,189.19355,47083,34.5,Y,,,,,,,,,,,
2024,14354.0,PacifiCorp,ID,Investor Owned,264.6,1.59,166.41509,129.44,1.3,99.569231,264.6,1.59,166.41509,89035,34.5,Y,,,,,,,,,,,
2024,14354.0,PacifiCorp,OR,Investor Owned,368.37,1.41,261.25532,107.57,0.88,122.23864,367.38,1.36,270.13235,638000,34.5,Y,,,,,,,,,,,
2024,14354.0,PacifiCorp,UT,Investor Owned,117.72,1.073,109.71109,109.13,1.02,106.9902,117.68,1.072,109.77612,1030158,34.5,Y,,,,,,,,,,,
2024,14354.0,PacifiCorp,WA,Investor Owned,209.35,1.95,107.35897,101.99,0.71,143.64789,207.68,1.8,115.37778,138254,34.5,Y,,,,,,,,,,,
2024,14354.0,PacifiCorp,WY,Investor Owned,92.13,0.86,107.12791,92.13,0.86,107.12791,91.16,0.85,107.24706,147268,34.5,Y,,,,,,,,,,,
2024,14371.0,City of Paducah - (KY),KY,Municipal,17.76,0.37,48,17.76,0.37,48,17.76,0.37,48,22344,15,Y,,,,,,,,,,,
2024,14381.0,City of Painesville,OH,Municipal,348.151,1.511,230.41099,51.903,0.511,101.57143,,,,12614,13.8,N,,,,,,,,,,,
2024,14398.0,Palmetto Electric Coop Inc,SC,Cooperative,630.7,2.439,258.58959,31.7,0.69,45.942029,594.5,1.202,494.59235,79619,12.5,Y,,,,,,,,,,,
2024,14401.0,City of Palo Alto - (CA),CA,Municipal,134.68,0.88,153.04545,,,,,,,30183,12,Y,,,,,,,,,,,
2024,14424.0,"Panola-Harrison Elec Coop, Inc",LA,Cooperative,,,,,,,,,,,,,39.69,0.119,333.52941,,,,9392,N,F,7.2,N
2024,14424.0,"Panola-Harrison Elec Coop, Inc",TX,Cooperative,,,,,,,,,,,,,35.11,0.07,501.57143,,,,11319,N,F,7.2,N
2024,14455.0,City of Paris - (TN),TN,Municipal,484.966,5.324,91.090533,306.911,4.507,68.096517,484.966,5.324,91.090533,22766,12.4,Y,,,,,,,,,,,
2024,14468.0,People's Cooperative Services,MN,Cooperative,131.6,1.052,125.09506,56.64,0.593,95.514334,131.35,0.955,137.53927,23916,13.8,Y,,,,,,,,,,,
2024,14534.0,City of Pasadena - (CA),CA,Municipal,42.936,0.451,95.201774,42.936,0.451,95.201774,42.936,0.451,95.201774,66608,17,Y,,,,,,,,,,,
2024,14563.0,Pearl River Valley El Pwr Assn,MS,Cooperative,371.807,3.324,111.85529,238.174,2.91,81.846735,370.075,3.275,113,53555,25,N,,,,,,,,,,,
2024,14606.0,"Peace River Electric Coop, Inc",FL,Cooperative,1460.4,5.83,250.49743,90,1.13,79.646018,1443.17,3.67,393.23433,68796,25,Y,,,,,,,,,,,
2024,14610.0,Orlando Utilities Comm,FL,Municipal,,,,,,,,,,,,,54.8,0.79,69.367089,37.6,0.61,61.639344,284937,N,L,34.5,Y
2024,14624.0,PUD No 2 of Grant County,WA,Political Subdivision,,,,,,,,,,,,,116.1,0.7,165.85714,,,,55943,N,F,13.2,N
2024,14626.0,"Pedernales Electric Coop, Inc",TX,Cooperative,57.443,0.792,72.52904,57.443,0.792,72.52904,4.394,0.139,31.611511,425109,25,Y,,,,,,,,,,,
2024,14668.0,Peninsula Light Company,WA,Cooperative,651.56,4.021,162.03929,136.07,1.424,95.554775,591.1,3.623,163.15208,35518,12.5,Y,,,,,,,,,,,
2024,14715.0,PPL Electric Utilities Corp,PA,Investor Owned,455.1,1.248,364.66346,90.3,0.661,136.6112,452.9,1.216,372.45066,1470255,12,Y,,,,,,,,,,,
2024,14717.0,Pee Dee Electric Member Corp,NC,Cooperative,532.124,3.655,145.58796,187.205,2.371,78.956137,451.742,2.828,159.73904,21793,24.9,Y,,,,,,,,,,,
2024,14724.0,Pennyrile Rural Electric Coop,KY,Cooperative,,,,,,,,,,,,,5964.05,9.894,602.79462,511,6.225,82.088353,47560,N,L,25,Y
2024,14775.0,People's Electric Cooperative,OK,Cooperative,,,,,,,,,,,,,239.038,2.602,91.867025,194.451,2.416,80.484685,23798,N,F,25,Y
2024,14839.0,City of Peru - (IN),IN,Municipal,58.88,0.85,69.270588,34.36,0.45,76.355556,58.88,0.85,69.270588,10689,12.5,N,,,,,,,,,,,
2024,14864.0,Petit Jean Electric Coop Corp,AR,Cooperative,205.66,1.652,124.49153,205.66,1.652,124.49153,205.66,1.652,124.49153,20695,24.9,Y,,,,,,,,,,,
2024,14940.0,PECO Energy Co,PA,Investor Owned,212,0.97,218.5567,60,0.67,89.552239,212,0.97,218.5567,1688261,34,Y,,,,,,,,,,,
2024,15016.0,Pickwick Electric Coop,TN,Cooperative,,,,,,,,,,,,,74.64,,,74.64,,,21404,N,L,25,N
2024,15023.0,Piedmont Electric Member Corp,NC,Cooperative,397.776,2.2,180.80727,170.483,1.5,113.65533,359.729,1.809,198.85517,34479,12.5,N,,,,,,,,,,,
2024,15045.0,Pike County Light & Power Co,PA,Investor Owned,,,,,,,,,,,,,232,1.21,191.73554,160,0.85,188.23529,5318,N,F,34.5,N
2024,15048.0,Electrical Dist No2 Pinal County,AZ,Political Subdivision,53.21,0.81,65.691358,30.89,0.44,70.204545,51.84,0.8,64.8,6943,,Y,,,,,,,,,,,
2024,15054.0,"Pioneer Rural Elec Coop, Inc - (OH)",OH,Cooperative,126.9,1.25,101.52,93.7,1.05,89.238095,121.7,0.99,122.92929,17751,12,N,,,,,,,,,,,
2024,15073.0,"Pioneer Electric Coop, Inc - (KS)",KS,Cooperative,197.68,0.96,205.91667,150.01,0.87,172.42529,197.68,0.96,205.91667,16212,13.2,Y,,,,,,,,,,,
2024,15095.0,City of Piqua - (OH),OH,Municipal,25.768,0.932,27.648069,25.768,0.932,27.648069,25.768,0.932,27.648069,10833,13,N,,,,,,,,,,,
2024,15138.0,"Platte-Clay Electric Coop, Inc",MO,Cooperative,103.14,1.177,87.629567,53.09,0.756,70.224868,95.268,1.028,92.673152,25075,12.5,Y,,,,,,,,,,,
2024,15141.0,Plateau Electric Cooperative,TN,Cooperative,95.46,4.068,23.466077,66.97,3.487,19.205621,92.55,3.986,23.218766,18207,12.4,N,,,,,,,,,,,
2024,15159.0,City of Plymouth - (WI),WI,Municipal,30.99,0.3,103.3,30.99,0.3,103.3,0,0,,8768,12.5,N,,,,,,,,,,,
2024,15175.0,Pointe Coupee Elec Member Corp,LA,Cooperative,,,,,,,,,,,,,3.45,0.02,172.5,,,,10673,N,O,13.2,N
2024,15202.0,City of Ponca City - (OK),OK,Municipal,144.243,1.547,93.240465,99.47,1.013,98.193485,,,,15876,12.5,Y,,,,,,,,,,,
2024,15229.0,City of Poplar Bluff - (MO),MO,Municipal,,,,,,,,,,,,,55.463,0.675,82.167407,,,,9591,N,L,69,N
2024,15248.0,Portland General Electric Co,OR,Investor Owned,772,1.27,607.87402,133,0.79,168.35443,739,1.12,659.82143,942296,35,Y,,,,,,,,,,,
2024,15257.0,"Poudre Valley REA, Inc",CO,Cooperative,324.62,1.334,243.34333,74.22,0.723,102.6556,319.53,1.228,260.20358,55762,24.9,Y,,,,,,,,,,,
2024,15263.0,The Potomac Edison Company,MD,Investor Owned,167.58,1.114,150.43088,159.26,1.072,148.56343,155.07,0.979,158.39632,284807,34.5,Y,,,,,,,,,,,
2024,15263.0,The Potomac Edison Company,WV,Investor Owned,275.03,1.528,179.99346,253.35,1.479,171.29817,267.47,1.434,186.52022,151701,34.5,Y,,,,,,,,,,,
2024,15270.0,Potomac Electric Power Co,DC,Investor Owned,32.582,0.271,120.22878,26.363,0.246,107.16667,32.582,0.271,120.22878,342495,34,Y,,,,,,,,,,,
2024,15270.0,Potomac Electric Power Co,MD,Investor Owned,65.478,0.594,110.23232,46.445,0.508,91.427165,65.478,0.594,110.23232,600103,34,Y,,,,,,,,,,,
2024,15291.0,Prairie Energy Coop,IA,Cooperative,,,,,,,,,,,,,90.9,0.89,102.13483,74.7,0.74,100.94595,4318,N,F,12.5,Y
2024,15293.0,Powell Valley Electric Coop,TN,Cooperative,499.19,4.292,116.30708,138.361,3.061,45.201241,499.19,4.292,116.30708,26192,25,Y,,,,,,,,,,,
2024,15293.0,Powell Valley Electric Coop,VA,Cooperative,508.861,5.643,90.175616,68.53,3.7,18.521622,508.861,5.643,90.175616,8330,25,Y,,,,,,,,,,,
2024,15340.0,Presque Isle Elec & Gas Coop,MI,Cooperative,,,,,,,,,,,,,234.3,1.593,147.08098,234.3,1.593,147.08098,35607,N,O,24.9,N
2024,15344.0,Polk-Burnett Electric Coop,WI,Cooperative,95.23,0.982,96.97556,49.84,0.695,71.71223,82.11,0.755,108.75497,22144,12.5,Y,,,,,,,,,,,
2024,15410.0,Prince George Electric Coop,VA,Cooperative,279.99,,,90.6,,,242.49,,,13201,25,Y,,,,,,,,,,,
2024,15419.0,PUD No 3 of Mason County,WA,Political Subdivision,,,,,,,,,,,,,519.013,2.304,225.26606,269.338,1.392,193.48994,36547,N,F,12.5,Y
2024,15444.0,Provo City Corp,UT,Municipal,35.37,0.47,75.255319,35.37,0.47,75.255319,35.37,0.47,75.255319,41303,12.5,Y,,,,,,,,,,,
2024,15466.0,Public Service Co of Colorado,CO,Investor Owned,351.67,1.68,209.32738,158.01,1.36,116.18382,341.74,1.58,216.29114,1523795,34.5,Y,,,,,,,,,,,
2024,15470.0,"Duke Energy Indiana, LLC",IN,Investor Owned,295.63,1.18,250.5339,112.89,0.936,120.60897,281.19,1.02,275.67647,910102,34.5,Y,,,,,,,,,,,
2024,15472.0,Public Service Co of NH,NH,Investor Owned,786.2,1.604,490.14963,81.5,0.739,110.28417,786.2,1.604,490.14963,551456,34.5,Y,,,,,,,,,,,
2024,15473.0,Public Service Co of NM,NM,Investor Owned,278.72,1.281,217.58002,124.45,1.008,123.4623,242.46,0.98,247.40816,553313,25,Y,,,,,,,,,,,
2024,15474.0,Public Service Co of Oklahoma,OK,Investor Owned,188.5,1.549,121.69141,116.7,1.305,89.425287,154.9,1.213,127.69992,579031,35,Y,,,,,,,,,,,
2024,15477.0,Public Service Elec & Gas Co,NJ,Investor Owned,45.33,0.57,79.526316,39.26,0.55,71.381818,42.96,0.55,78.109091,2534077,69,Y,,,,,,,,,,,
2024,15500.0,Puget Sound Energy Inc,WA,Investor Owned,1196,2.2,543.63636,203,1.2,169.16667,1122,2,561,1240043,34.5,Y,,,,,,,,,,,
2024,15507.0,City of Pulaski - (TN),TN,Municipal,756.56,3.63,208.41873,148.74,2.55,58.329412,756.56,3.63,208.41873,15089,7.6,Y,,,,,,,,,,,
2024,15671.0,Randolph Electric Member Corp,NC,Cooperative,224.155,2.078,107.87055,114.247,1.367,83.574982,222.764,2.026,109.95262,34054,24.8,Y,,,,,,,,,,,
2024,15700.0,Rayle Electric Membership Corp,GA,Cooperative,3490.25,4.41,791.43991,298.913,3.045,98.165189,3469.78,3.475,998.49784,19919,24.9,Y,,,,,,,,,,,
2024,15748.0,Town of Reading - (MA),MA,Municipal,46.02,0.66,69.727273,23.24,0.27,86.074074,,,,32638,13.8,Y,,,,,,,,,,,
2024,15783.0,City of Redding - (CA),CA,Municipal,34.07,0.261,130.5364,34.07,0.261,130.5364,,,,47176,12.5,N,,,,,,,,,,,
2024,15978.0,City of Richland Center - (WI),WI,Municipal,,,,,,,,,,,,,4.04,0.1,40.4,,,,2940,Y,L,12.5,
2024,15979.0,City of Richland - (WA),WA,Municipal,93.996,0.732,128.40984,93.996,0.732,128.40984,93.996,0.732,128.40984,27563,12.5,N,,,,,,,,,,,
2024,15989.0,City of Richmond - (IN),IN,Municipal,,,,,,,,,,,,,133,1.032,128.87597,,,,21427,Y,L,15,N
2024,16057.0,"Rio Grande Electric Coop, Inc",TX,Cooperative,332.02,,,233.363,,,322.79,,,15321,24.9,N,,,,,,,,,,,
2024,16060.0,Riverland Energy Cooperative,WI,Cooperative,261.78,1.756,149.07745,143.59,1.378,104.20174,258.17,1.676,154.03938,20060,12.5,Y,,,,,,,,,,,
2024,16063.0,"Rita Blanca Electric Coop, Inc",TX,Cooperative,,,,,,,,,,,,,388.756,2.193,177.27132,81.686,0.762,107.19948,1787,N,L,14.4,N
2024,16082.0,City of River Falls,WI,Municipal,13.08,0.15,87.2,13.08,0.15,87.2,13.08,0.15,87.2,6612,12.4,N,,,,,,,,,,,
2024,16088.0,City of Riverside - (CA),CA,Municipal,76.61,0.61,125.59016,76.61,0.61,125.59016,,,,113373,12,N,,,,,,,,,,,
2024,16101.0,Roanoke Electric Member Corp,NC,Cooperative,126.558,1.258,100.60254,107.994,1.08,99.994444,115.767,1.106,104.67179,13706,25,Y,,,,,,,,,,,
2024,16146.0,"Navasota Valley Elec Coop, Inc",TX,Cooperative,1743.11,4.442,392.41558,846.86,3.639,232.71778,1601.87,4.144,386.55164,21615,35,Y,,,,,,,,,,,
2024,16179.0,Rochelle Municipal Utilities,IL,Municipal,22.449,0.528,42.517045,,,,,,,7347,34.5,Y,,,,,,,,,,,
2024,16181.0,Rochester Public Utilities,MN,Municipal,102.076,0.983,103.8413,42.838,0.743,57.655451,102.076,0.983,103.8413,60557,13.8,N,,,,,,,,,,,
2024,16183.0,Rochester Gas & Electric Corp,NY,Investor Owned,,,,,,,,,,,,,138.6,1.07,129.53271,81,0.83,97.590361,384882,N,F,34.5,N
2024,16195.0,City of Rock Hill - (SC),SC,Municipal,604.972,2.116,285.90359,89.572,1.259,71.145353,,,,40379,24.9,Y,,,,,,,,,,,
2024,16196.0,Rock Energy Cooperative,IL,Cooperative,17.56,0.411,42.725061,15.78,0.342,46.140351,,,,10558,12.5,Y,,,,,,,,,,,
2024,16196.0,Rock Energy Cooperative,WI,Cooperative,87.78,0.546,160.76923,37.51,0.382,98.193717,,,,7640,24.9,Y,,,,,,,,,,,
2024,16213.0,Rockland Electric Co,NJ,Investor Owned,,,,,,,,,,,,,225.2,1.271,177.18332,148.6,1.162,127.88296,74967,N,F,13.2,N
2024,16223.0,City of Rockwood - (TN),TN,Municipal,323.652,2.4,134.855,187.101,1.835,101.9624,323.652,2.4,134.855,15267,12.4,N,,,,,,,,,,,
2024,16226.0,City of Rocky Mount - (NC),NC,Municipal,86.79,1.52,57.098684,70.03,1.26,55.579365,,,,29489,12.5,N,,,,,,,,,,,
2024,16259.0,City of Rolla - (MO),MO,Municipal,146.05,1.78,82.050562,25.87,0.88,29.397727,25.87,0.88,29.397727,9719,34.5,N,,,,,,,,,,,
2024,16286.0,Rosebud Electric Coop Inc,SD,Cooperative,111.6,0.84,132.85714,95,0.76,125,111.6,0.84,132.85714,5621,7.2,Y,,,,,,,,,,,
2024,16295.0,City of Roseville - (CA),CA,Municipal,,,,,,,,,,,,,23.16,0.22,105.27273,21.54,0.21,102.57143,70475,N,F,12,N
2024,16368.0,Runestone Electric Assn,MN,Cooperative,68.34,0.518,131.9305,51.96,0.457,113.69803,53.1,0.278,191.00719,15225,12.5,N,,,,,,,,,,,
2024,16382.0,"Rural Electric Coop, Inc - (OK)",OK,Cooperative,638.7,2.733,233.69923,153.8,1.443,106.58351,620.5,1.26,492.46032,12700,25,Y,,,,,,,,,,,
2024,16461.0,"Rusk County Electric Coop, Inc",TX,Cooperative,3860.5,,,431.7,,,3856.5,,,23513,14,Y,,,,,,,,,,,
2024,16463.0,City of Ruston - (LA),LA,Municipal,206.5,1.96,105.35714,,,,,,,11840,13.8,N,,,,,,,,,,,
2024,16496.0,Rutherford Elec Member Corp,NC,Cooperative,5532.416,2.483,2228.1176,350.163,1.107,316.31707,5482.299,2.3,2383.6083,76515,13.2,Y,,,,,,,,,,,
2024,16534.0,Sacramento Municipal Util Dist,CA,Political Subdivision,,,,,,,,,,,,,228,1.43,159.44056,44.4,0.75,59.2,669155,N,F,69,Y
2024,16555.0,Salem Electric - (OR),OR,Cooperative,,,,,,,,,,,,,19.66,0.222,88.558559,19.66,0.222,88.558559,20556,N,L,12.4,N
2024,16558.0,City of Salem - (VA),VA,Municipal,26.785,0.241,111.14108,26.785,0.241,111.14108,,,,13519,12.5,N,,,,,,,,,,,
2024,16565.0,Salmon River Electric Coop Inc,ID,Cooperative,198.88,2.004,99.241517,198.88,2.004,99.241517,198.88,2.004,99.241517,3056,25,N,,,,,,,,,,,
2024,16572.0,Salt River Project,AZ,Political Subdivision,58.05,0.953,60.912907,52.81,0.902,58.547672,55.69,0.902,61.740576,1161925,34.5,N,,,,,,,,,,,
2024,16587.0,Salt River Electric Coop Corp,KY,Cooperative,357.5,2.6,137.5,132,1.6,82.5,283.5,2.11,134.36019,57242,12.5,Y,,,,,,,,,,,
2024,16603.0,"San Luis Valley R E C, Inc",CO,Cooperative,296.2,1.784,166.03139,96.4,0.893,107.95073,296.2,1.784,166.03139,13026,25,Y,,,,,,,,,,,
2024,16604.0,City of San Antonio - (TX),TX,Municipal,73.808,1.148,64.292683,61.797,1.078,57.325603,,,,938905,35,Y,,,,,,,,,,,
2024,16606.0,"Santee Electric Coop, Inc",SC,Cooperative,441.86,,,147,,,439.63,,,44910.2,25,Y,,,,,,,,,,,
2024,16609.0,San Diego Gas & Electric Co,CA,Investor Owned,157.23,0.611,257.33224,71.13,0.542,131.23616,157.23,0.611,257.33224,1527274,12,Y,,,,,,,,,,,
2024,16611.0,Access Energy Coop,IA,Cooperative,,,,,,,,,,,,,192,1.56,123.07692,173,1.51,114.56954,9159,Y,L,12.5,Y
2024,16613.0,Sam Houston Electric Coop Inc,TX,Cooperative,4584,,,378,,,,,,93486,34.5,N,,,,,,,,,,,
2024,16616.0,"San Isabel Electric Assn, Inc",CO,Cooperative,,,,,,,,,,,,,81.3,0.747,108.83534,81,0.747,108.43373,26590,N,L,24.9,Y
2024,16627.0,San Patricio Electric Coop Inc,TX,Cooperative,199.676,2.094,95.356256,199.676,2.094,95.356256,181.004,1.976,91.601215,12500,24.9,Y,,,,,,,,,,,
2024,16638.0,"San Bernard Electric Coop, Inc",TX,Cooperative,1238.5,3,412.83333,162.5,1.7,95.588235,179.7,1.8,99.833333,36644,14.4,Y,,,,,,,,,,,
2024,16655.0,City of Santa Clara - (CA),CA,Municipal,208.74,0.91,229.38462,161.73,0.85,190.27059,0,0,,60620,60,N,,,,,,,,,,,
2024,16740.0,Scenic Rivers Energy Coop,WI,Cooperative,,,,,,,,,,,,,177.5,1.8,98.611111,156,1.6,97.5,14646,N,L,12.5,Y
2024,16751.0,Three Rivers Electric Coop,MO,Cooperative,137.012,0.981,139.66565,137.012,0.981,139.66565,137.012,0.981,139.66565,24339,25,Y,,,,,,,,,,,
2024,16805.0,SEMO Electric Cooperative,MO,Cooperative,,,,,,,,,,,,,2118.281,3.573,592.85782,,,,16302,N,L,25,N
2024,16829.0,City of Scottsboro - (AL),AL,Municipal,,,,,,,,,,,,,115.425,3.436,33.592841,115.425,3.436,33.592841,8648,N,L,7,N
2024,16865.0,Sawnee Electric Membership Corporation,GA,Cooperative,61.8,0.88,70.227273,45.7,0.73,62.60274,54.2,0.67,80.895522,200598,24.9,Y,,,,,,,,,,,
2024,16868.0,City of Seattle - (WA),WA,Municipal,323.6,1.119,289.18677,110.8,0.761,145.5979,323.6,1.119,289.18677,537470,34,Y,,,,,,,,,,,
2024,16900.0,City of Seguin - (TX),TX,Municipal,,,,,,,,,,,,,40.75,0.25,163,40.75,0.25,163,10502,Y,O,12,N
2024,16930.0,Sequachee Valley Electric Coop,TN,Cooperative,300.73,3.088,97.386658,253.26,2.695,93.974026,220.33,2.262,97.404951,38000,14.4,N,,,,,,,,,,,
2024,16949.0,Sevier County Electric System,TN,Municipal,330,2.42,136.36364,230,2.12,108.49057,330,2.42,136.36364,62436,25,Y,,,,,,,,,,,
2024,16971.0,Shakopee Public Utilities Comm,MN,Municipal,8.303,0.069,120.33333,8.303,0.069,120.33333,8.303,0.069,120.33333,20529,13.8,N,,,,,,,,,,,
2024,17011.0,Shawano Municipal Utilities,WI,Municipal,,,,,,,,,,,,,33.689,0.525,64.169524,,,,6000,N,F,35,N
2024,17038.0,RushShelby Energy,IN,Cooperative,,,,,,,,,,,,,390.64,2.265,172.46799,205.59,,,14933,N,F,12.5,Y
2024,17044.0,"Shelby Energy Coop, Inc - (KY)",KY,Cooperative,527.6,2,263.8,177.2,1.25,141.76,527.6,2,263.8,18445,25,Y,,,,,,,,,,,
2024,17047.0,City of Shelbyville - (TN),TN,Municipal,24.833,0.534,46.503745,16.583,0.411,40.347932,24.833,0.534,46.503745,11746,12.4,N,,,,,,,,,,,
2024,17066.0,Shenandoah Valley Elec Coop,VA,Cooperative,480.8,2.95,162.98305,225.9,2.32,97.37069,466.3,2.68,173.99254,99837,69,Y,,,,,,,,,,,
2024,17127.0,Town of Shrewsbury - (MA),MA,Municipal,,,,,,,,,,,,,16.597,0.363,45.721763,16.597,0.363,45.721763,16986,Y,F,13.8,Y
2024,17166.0,Sierra Pacific Power Co,NV,Investor Owned,403.32,2.34,172.35897,102.07,1.04,98.144231,,,,396461,60,Y,,,,,,,,,,,
2024,17184.0,City of Siloam Springs - (AR),AR,Municipal,14.347,0.133,107.87218,14.347,0.133,107.87218,14.347,0.133,107.87218,9787,12.5,Y,,,,,,,,,,,
2024,17252.0,Singing River Elec Cooperative,MS,Cooperative,243.34,,,169.16,,,240.84,,,79693.9,25,N,,,,,,,,,,,
2024,17260.0,North West Rural Electric Coop,IA,Cooperative,,,,,,,,,,,,,45.43,0.496,91.592742,45.43,0.496,91.592742,10385,N,F,7.2,N
2024,17267.0,Sioux Valley SW Elec Coop,MN,Cooperative,20.15,0.819,24.603175,20.15,0.819,24.603175,20.15,0.819,24.603175,3900,25,Y,,,,,,,,,,,
2024,17267.0,Sioux Valley SW Elec Coop,SD,Cooperative,71.433,1.012,70.585968,71.433,1.012,70.585968,58.912,0.766,76.908616,24475,12.5,Y,,,,,,,,,,,
2024,17324.0,Slinger Utilities,WI,Municipal,,,,,,,,,,,,,0.296,0.005,59.2,0,0,,3044,N,L,24.9,N
2024,17470.0,PUD No 1 of Snohomish County,WA,Political Subdivision,620.9,2.48,250.3629,181.4,1.56,116.28205,439.5,0.92,477.71739,386741,12.5,Y,,,,,,,,,,,
2024,17534.0,"South Alabama Elec Coop, Inc",AL,Cooperative,288.005,2.024,142.29496,129.562,1.389,93.277178,264.787,1.791,147.8431,17707,25,N,,,,,,,,,,,
2024,17539.0,"Dominion Energy South Carolina, Inc",SC,Investor Owned,1908.47,2.52,757.32937,80.61,1.19,67.739496,1849.91,2.17,852.49309,816766,23.9,Y,,,,,,,,,,,
2024,17543.0,South Carolina Public Service Authority,SC,State,58.447,0.687,85.075691,55.173,0.645,85.539535,30.972,0.474,65.341772,211845,34,Y,,,,,,,,,,,
2024,17550.0,South Central Electric Assn,MN,Cooperative,71.696,0.954,75.15304,70.285,0.929,75.65662,63.205,0.769,82.191157,5944,7.2,N,,,,,,,,,,,
2024,17564.0,South Kentucky Rural E C C,KY,Cooperative,728.9,2.71,268.96679,301.9,2.156,140.02783,719,2.546,282.40377,72517,25,Y,,,,,,,,,,,
2024,17565.0,South Louisiana Elec Coop Assn,LA,Cooperative,,,,,,,,,,,,,4157.046,4.293,968.33124,240.594,2.748,87.552402,21284,N,L,24.9,Y
2024,17572.0,South River Elec Member Corp,NC,Cooperative,,,,,,,,,,,,,95.28,,,47.28,,,48357,N,O,,N
2024,17585.0,"Southeastern IL Elec Coop, Inc",IL,Cooperative,602.712,3.068,196.45111,137.682,1.501,91.726849,,,,25005,12.4,Y,,,,,,,,,,,
2024,17592.0,Southeast Colorado Power Assn,CO,Cooperative,674.8,,,472.1,,,535.6,,,10994,24.9,Y,,,,,,,,,,,
2024,17599.0,Southeastern Indiana R E M C,IN,Cooperative,255.4,1.55,164.77419,248.5,1.51,164.56954,214.9,1.43,150.27972,28676,7.2,N,,,,,,,,,,,
2024,17603.0,Southeastern Electric Coop Inc - (OK),OK,Cooperative,325.2,2.252,144.40497,254,1,254,325.2,2.252,144.40497,17416,14.4,Y,,,,,,,,,,,
2024,17609.0,Southern California Edison Co,CA,Investor Owned,158.299,0.99,159.89798,100.246,0.901,111.26082,155.093,0.963,161.05192,5316264,33,Y,,,,,,,,,,,
2024,17612.0,Bear Valley Electric Service,CA,Investor Owned,101,0.9,112.22222,64.2,0.8,80.25,101,0.9,112.22222,24837,34.5,N,,,,,,,,,,,
2024,17633.0,Southern Indiana Gas & Elec Co,IN,Investor Owned,,,,,,,,,,,,,458,1.43,320.27972,81.2,0.79,102.78481,155822,N,F,12.5,Y
2024,17637.0,Southern Maryland Elec Coop Inc,MD,Cooperative,145.98,1.31,111.43511,113.87,1.13,100.76991,145.98,1.31,111.43511,177329,13.8,Y,,,,,,,,,,,
2024,17647.0,Southern Pine Electric Cooperative,MS,Cooperative,1003.22,6.287,159.57054,321.2,4.482,71.664436,969.95,5.739,169.01028,70097,25,Y,,,,,,,,,,,
2024,17671.0,Southwest Arkansas E C C,AR,Cooperative,408.624,2.209,184.98144,190.425,1.538,123.81339,322.184,1.518,212.24242,29417,12.5,Y,,,,,,,,,,,
2024,17683.0,Southwest Mississippi E P A,MS,Cooperative,3672.1,,,1750.4,,,3593.3,,,25416,34.5,Y,,,,,,,,,,,
2024,17684.0,Southwest Louisiana E M C,LA,Cooperative,,,,,,,,,,,,,985.426,4.61,213.75835,167.172,2.11,79.228436,117336,N,O,14.4,Y
2024,17692.0,Southwest Public Power Dist,NE,Political Subdivision,208.36,1.71,121.84795,120.52,1.13,106.65487,203.29,1.49,136.43624,6294,7.2,Y,,,,,,,,,,,
2024,17697.0,Southwestern Electric Coop Inc - (IL),IL,Cooperative,304.79,2.214,137.66486,262.97,1.785,147.32213,172.83,1.218,141.89655,25284,13,N,,,,,,,,,,,
2024,17698.0,Southwestern Electric Power Co,AR,Investor Owned,978.1,2.535,385.83826,247.8,1.929,128.46034,829.2,2.291,361.93802,127807,35,Y,,,,,,,,,,,
2024,17698.0,Southwestern Electric Power Co,LA,Investor Owned,983.8,2.787,352.99605,320.1,1.876,170.629,913.1,2.558,356.95856,191329,35,Y,,,,,,,,,,,
2024,17698.0,Southwestern Electric Power Co,TX,Investor Owned,1057.2,3.362,314.45568,234.8,2.001,117.34133,939.2,2.822,332.81361,192067,35,Y,,,,,,,,,,,
2024,17718.0,Southwestern Public Service Co,NM,Investor Owned,152.2,1.24,122.74194,135.46,1.18,114.79661,127.7,0.98,130.30612,118975,34.5,Y,,,,,,,,,,,
2024,17718.0,Southwestern Public Service Co,TX,Investor Owned,197.43,1.19,165.90756,116.21,1.1,105.64545,168.33,0.98,171.76531,268277,34.5,Y,,,,,,,,,,,
2024,17828.0,City of Springfield - (IL),IL,Municipal,,,,,,,,,,,,,83.19,1.09,76.321101,83.19,1.09,76.321101,69548,N,L,12.5,Y
2024,17832.0,Snapping Shoals El Member Corp,GA,Cooperative,219.055,1.612,135.8902,103.959,1.23,84.519512,213.251,1.311,162.66285,108665,25,Y,,,,,,,,,,,
2024,17833.0,City Utilities of Springfield - (MO),MO,Municipal,65.328,0.998,65.458918,65.328,0.998,65.458918,,,,121822,13.2,Y,,,,,,,,,,,
2024,17839.0,City of Springfield - (OR),OR,Municipal,28.209,0.326,86.530675,11.615,0.247,47.024291,,,,33147,20.8,N,,,,,,,,,,,
2024,17845.0,City of Springville - (UT),UT,Municipal,154.545,1.426,108.37658,,,,,,,13422,12.4,N,,,,,,,,,,,
2024,17860.0,City of St Charles - (IL),IL,Municipal,,,,,,,,,,,,,76.567,0.563,135.99822,60.189,0.379,158.81003,16934,Y,L,12.4,N
2024,17874.0,City of St George,UT,Municipal,30.034,,,18.955,,,,,,33533,13.2,N,,,,,,,,,,,
2024,17896.0,City of Shasta Lake - (CA),CA,Municipal,76.5,0.64,119.53125,76.5,,,,,,4597,12.5,N,,,,,,,,,,,
2024,18006.0,City of Starkville,MS,Municipal,,,,,,,,,,,,,44.24,0.43,102.88372,43.97,0.43,102.25581,14395,N,L,12,N
2024,18019.0,Stearns Cooperative Elec Assn,MN,Cooperative,132.623,0.817,162.32925,56.899,0.611,93.124386,130.112,0.768,169.41667,28745,7.2,Y,,,,,,,,,,,
2024,18022.0,City of Statesville - (NC),NC,Municipal,87.109,0.782,111.39258,75.636,0.619,122.19063,,,,14805,22.9,Y,,,,,,,,,,,
2024,18047.0,Steele-Waseca Cooperative Electric,MN,Cooperative,41,0.48,85.416667,41,0.48,85.416667,41,0.48,85.416667,12001,12.4,Y,,,,,,,,,,,
2024,18085.0,South Central Power Company,OH,Cooperative,319.821,2.521,126.86275,201.33,1.686,119.41281,314.006,,,126148,7.2,Y,,,,,,,,,,,
2024,18125.0,Stillwater Utilities Authority,OK,Municipal,145.05,1.04,139.47115,58.21,0.7,83.157143,,,,22191,13,Y,,,,,,,,,,,
2024,18181.0,City of Stoughton - (WI),WI,Municipal,56.255,0.568,99.040493,37.141,0.44,84.411364,56.255,0.568,99.040493,9317,12.4,N,,,,,,,,,,,
2024,18203.0,Tallapoosa River Elec Coop Inc,AL,Cooperative,377.686,2.26,167.1177,244.647,1.92,127.42031,353.597,2.04,173.33186,30542,25,Y,,,,,,,,,,,
2024,18206.0,Strawberry Electric Serv Dist,UT,Political Subdivision,167.042,,,47.042,,,,,,4109,12.5,N,,,,,,,,,,,
2024,18249.0,City of Sturgeon Bay - (WI),WI,Municipal,27.7,0.3,92.333333,2.68,0.08,33.5,0,0,,9589,12.5,N,,,,,,,,,,,
2024,18252.0,City of Sturgis - (MI),MI,Municipal,13.907,0.156,89.147436,13.907,0.156,89.147436,,,,7310,12.5,N,,,,,,,,,,,
2024,18280.0,Sulphur Springs Valley E C Inc,AZ,Cooperative,138.27,1.32,104.75,124.66,0.92,135.5,138.27,1.32,104.75,54402,34.5,Y,,,,,,,,,,,
2024,18304.0,"Sumter Electric Coop, Inc",FL,Cooperative,,,,,,,,,,,,,965.07,1.95,494.90769,70.35,1.07,65.747664,252543,N,L,25,Y
2024,18305.0,Sumter Electric Member Corp,GA,Cooperative,218.1,,,155.4,,,214.49,,,21500,25,Y,,,,,,,,,,,
2024,18312.0,Sun Prairie Utilities,WI,Municipal,33.54,1.01,33.207921,33.54,1.01,33.207921,33.54,1.01,33.207921,18497,12.5,Y,,,,,,,,,,,
2024,18336.0,Superior Water and Light Co,WI,Investor Owned,22.44,0.281,79.857651,7.18,0.09,79.777778,22.42,0.279,80.358423,14817,13.8,N,,,,,,,,,,,
2024,18339.0,Surry-Yadkin Elec Member Corp,NC,Cooperative,1432.316,3.064,467.46606,212.988,1.553,137.14617,1397.668,2.621,533.25754,28552,12.4,Y,,,,,,,,,,,
2024,18360.0,Suwannee Valley Elec Coop Inc,FL,Cooperative,7274.8,9.204,790.39548,291.182,4.169,69.844567,6895.3,8.384,822.43559,28695,24.9,Y,,,,,,,,,,,
2024,18429.0,City of Tacoma - (WA),WA,Municipal,170.78,0.93,183.63441,80.45,0.55,146.27273,170.78,0.93,183.63441,179969,13.8,Y,,,,,,,,,,,
2024,18445.0,City of Tallahassee - (FL),FL,Municipal,,,,,,,,,,,,,149.04,2.14,69.64486,,,,127141,N,F,12.5,Y
2024,18447.0,Tallahatchie Valley E P A,MS,Cooperative,,,,,,,,,,,,,487.8,4.5,108.4,363.6,3.7,98.27027,28517,N,F,25,Y
2024,18449.0,"Talquin Electric Coop, Inc",FL,Cooperative,2516.72,5.826,431.98078,236.437,3.393,69.683761,2247.07,5.129,438.11074,55496,25,Y,,,,,,,,,,,
2024,18454.0,Tampa Electric Co,FL,Investor Owned,4239.69,3.56,1190.9242,70.14,1.03,68.097087,4239.69,3.56,1190.9242,869995,13.2,Y,,,,,,,,,,,
2024,18488.0,City of Taunton,MA,Municipal,192.98,2.365,81.598309,192.98,2.365,81.598309,,,,39242,13.8,Y,,,,,,,,,,,
2024,18498.0,Taylor County Rural E C C,KY,Cooperative,232.41,2.11,110.14692,147.32,1.65,89.284848,,,,28281,12.5,N,,,,,,,,,,,
2024,18499.0,Three Notch Elec Member Corp,GA,Cooperative,,,,,,,,,,,,,668,3.6,185.55556,269,2.3,116.95652,15292,N,L,25,N
2024,18848.0,City of Thomasville - (GA),GA,Municipal,1259.6,4.79,262.96451,151.25,2.17,69.700461,1248.59,4.37,285.71854,16411,,Y,,,,,,,,,,,
2024,18940.0,Tipmont Rural Elec Member Corp,IN,Cooperative,145.32,1.124,129.28826,114.13,0.905,126.1105,145.32,1.124,129.28826,30852,12.5,Y,,,,,,,,,,,
2024,18955.0,"Tri-County Electric Coop, Inc (IL)",IL,Cooperative,372,2.5,148.8,63.7,0.73,87.260274,138.3,0.88,157.15909,16708,12.5,Y,,,,,,,,,,,
2024,18956.0,Tri-County Elec Member Corp (GA),GA,Cooperative,,,,,,,,,,,,,337.372,2.676,126.07324,190.543,1.834,103.89477,22137.7,N,L,25,Y
2024,18957.0,Tri-County Elec Member Corp (NC),NC,Cooperative,111.75,1.05,106.42857,111.75,1.05,106.42857,111.75,1.05,106.42857,26981,12.5,Y,,,,,,,,,,,
2024,18976.0,Trinity Valley Elec Coop Inc,TX,Cooperative,1042,3.91,266.49616,267.31,2.455,108.88391,997.278,3.632,274.58095,85275,14.4,N,,,,,,,,,,,
2024,18997.0,The Toledo Edison Co,OH,Investor Owned,121.04,1.027,117.85784,95.4,0.94,101.48936,110.45,0.827,133.55502,312806,23,Y,,,,,,,,,,,
2024,19108.0,Tideland Electric Member Corp,NC,Cooperative,268.061,2.543,105.41133,154.359,1.831,84.303113,268.061,2.543,105.41133,24062,25,Y,,,,,,,,,,,
2024,19125.0,City of Traverse City - (MI),MI,Municipal,19.356,0.218,88.788991,19.356,0.218,88.788991,19.356,0.218,88.788991,13781,13.8,Y,,,,,,,,,,,
2024,19156.0,Powder River Energy Corp,WY,Cooperative,496.45,2.88,172.37847,295.19,2.24,131.78125,496.2,2.87,172.89199,27532,24.9,Y,,,,,,,,,,,
2024,19157.0,MiEnergy Cooperative,IA,Cooperative,69.247,0.64,108.19844,59.685,0.595,100.31092,69.247,0.64,108.19844,7262,12.5,Y,,,,,,,,,,,
2024,19157.0,MiEnergy Cooperative,MN,Cooperative,101.217,0.75,134.956,67.965,0.597,113.84422,89.957,0.702,128.14387,16317,24.9,N,,,,,,,,,,,
2024,19159.0,"Tri-County Electric Coop, Inc (TX)",TX,Cooperative,134.6,1.419,94.855532,110.8,1.091,101.5582,110.8,1.091,101.5582,151642,24.9,Y,,,,,,,,,,,
2024,19160.0,"Tri-County Electric Coop, Inc (OK)",OK,Cooperative,,,,,,,,,,,,,164.8,1.46,112.87671,115.1,1.12,102.76786,22970,N,F,34.5,Y
2024,19161.0,"Tri-County Electric Coop, Inc (FL)",FL,Cooperative,8347.26,7.6,1098.3237,1369.9,3.48,393.64943,6973.7,7.56,922.44709,19948.3,25,Y,,,,,,,,,,,
2024,19162.0,Tri-County Elec Member Corp (TN),KY,Cooperative,374.59,3.42,109.52924,166.73,2.61,63.881226,370.65,3.3,112.31818,26135,13,Y,,,,,,,,,,,
2024,19162.0,Tri-County Elec Member Corp (TN),TN,Cooperative,390.47,4.51,86.578714,311.61,3.78,82.436508,374.31,4.16,89.978365,28886,13,Y,,,,,,,,,,,
2024,19189.0,Trico Electric Cooperative Inc,AZ,Cooperative,150.15,1.03,145.7767,83.17,0.68,122.30882,137.4,0.86,159.76744,54860,24.9,Y,,,,,,,,,,,
2024,19219.0,Diverse Power Incorporated,AL,Cooperative,184.681,2.582,71.526336,54.981,1.509,36.435388,184.681,2.582,71.526336,685,35,Y,,,,,,,,,,,
2024,19219.0,Diverse Power Incorporated,GA,Cooperative,233.864,1.981,118.05351,108.62,1.435,75.69338,222.592,1.858,119.80194,36727,35,Y,,,,,,,,,,,
2024,19266.0,Tullahoma Board-Public Utils,TN,Municipal,55.951,3.936,14.215193,39.95,2.307,17.316862,55.951,3.936,14.215193,11215,12.4,N,,,,,,,,,,,
2024,19281.0,Turlock Irrigation District,CA,Political Subdivision,74,0.79,93.670886,49,0.52,94.230769,,,,90557,12,Y,,,,,,,,,,,
2024,19293.0,Southeastern Electric Coop Inc - (SD),SD,Cooperative,,,,,,,,,,,,,71.3,,,71.3,,,23696,Y,O,12,Y
2024,19324.0,Two Rivers Water & Light,WI,Municipal,89.2,0.88,101.36364,0,0,,0,0,,6198,13.2,N,,,,,,,,,,,
2024,19325.0,Umatilla Electric Coop Assn,OR,Cooperative,208.426,1.163,179.2141,99.057,0.766,129.31723,152.521,0.904,168.71792,19473,12.5,Y,,,,,,,,,,,
2024,19390.0,"UGI Utilities, Inc",PA,Investor Owned,182,1.16,156.89655,99,0.95,104.21053,182,1.16,156.89655,62634,13.8,Y,,,,,,,,,,,
2024,19396.0,Tri-County Electric Coop (MI),MI,Cooperative,239,1,239,105,0.86,122.09302,237,0.96,246.875,27230,25,N,,,,,,,,,,,
2024,19435.0,Union Electric Membership Corp - (NC),NC,Cooperative,357.11,1.43,249.72727,53.18,0.71,74.901408,357.11,1.43,249.72727,86280,25,N,,,,,,,,,,,
2024,19436.0,Union Electric Co - (MO),MO,Investor Owned,148,0.77,192.20779,94,0.67,140.29851,144,0.75,192,1283126,69,Y,,,,,,,,,,,
2024,19445.0,"Southern Indiana R E C, Inc",IN,Cooperative,219.7,1.775,123.77465,219.7,1.775,123.77465,193.3,1.7,113.70588,9722,12.5,Y,,,,,,,,,,,
2024,19446.0,Duke Energy Kentucky,KY,Investor Owned,130.58,0.845,154.53254,91.53,0.734,124.70027,125.2,0.77,162.5974,152297,12.5,Y,,,,,,,,,,,
2024,19490.0,United Electric Coop Service Inc - (TX),TX,Cooperative,111.81,1.187,94.195451,111.81,1.187,94.195451,84.97,1.003,84.715852,105631,24.9,Y,,,,,,,,,,,
2024,19497.0,United Illuminating Co,CT,Investor Owned,121.8,0.79,154.17722,49.2,0.62,79.354839,120,0.72,166.66667,345159,69,N,,,,,,,,,,,
2024,19499.0,"United Power, Inc",CO,Cooperative,76.896,1.196,64.294314,76.896,1.196,64.294314,73.85,1.089,67.814509,114202,69,Y,,,,,,,,,,,
2024,19501.0,"Union Rural Electric Coop, Inc",OH,Cooperative,259.5,2.106,123.21937,59.2,0.481,123.07692,255.2,2.071,123.22549,12320,24.9,Y,,,,,,,,,,,
2024,19502.0,"United Electric Co-op, Inc - (ID)",ID,Cooperative,49.67,0.7,70.957143,40.33,0.43,93.790698,,,,7513,,N,,,,,,,,,,,
2024,19545.0,"Black Hills Power, Inc.",MT,Investor Owned,59.4,1.2,49.5,59.4,1.2,49.5,59.4,1.2,49.5,43,35,Y,,,,,,,,,,,
2024,19545.0,"Black Hills Power, Inc.",SD,Investor Owned,57.359,0.865,66.310983,57.359,0.865,66.310983,49.575,0.771,64.299611,73846,35,Y,,,,,,,,,,,
2024,19545.0,"Black Hills Power, Inc.",WY,Investor Owned,2.175,0.028,77.678571,2.175,0.028,77.678571,2.175,0.028,77.678571,2593,35,Y,,,,,,,,,,,
2024,19547.0,Hawaiian Electric Co Inc,HI,Investor Owned,,,,,,,,,,,,,234.34,1.893,123.79292,171.55,1.663,103.15695,309348,N,F,25,N
2024,19558.0,Homer Electric Assn Inc,AK,Cooperative,606.53,2.63,230.61977,256.88,1.65,155.68485,596.81,2.51,237.77291,33405,25,N,,,,,,,,,,,
2024,19578.0,Upper Peninsula Power Company,MI,Investor Owned,404.3,1.65,245.0303,186.8,1.26,148.25397,391.4,1.56,250.89744,58835,35,N,,,,,,,,,,,
2024,19579.0,Upshur Rural Elec Coop Corp,TX,Cooperative,1382.123,7.243,190.8219,1248.559,6.855,182.13844,1065.033,5.277,201.82547,50178,25,Y,,,,,,,,,,,
2024,19667.0,Utilities Dist-Western IN REMC,IN,Cooperative,1372.08,3.15,435.58095,430.74,2.321,185.5838,1371.95,3.148,435.81639,19911,7.2,Y,,,,,,,,,,,
2024,19728.0,"UNS Electric, Inc",AZ,Investor Owned,72.436,0.792,91.459596,60.126,0.695,86.51223,,,,106739,69,Y,,,,,,,,,,,
2024,19785.0,Verdigris Valley Elec Coop Inc,OK,Cooperative,,,,,,,,,,,,,606.602,2.559,237.0465,361.871,2.201,164.41209,39197,N,F,24.9,Y
2024,19790.0,Verendrye Electric Coop Inc,ND,Cooperative,36.74,0.7,52.485714,36.74,0.7,52.485714,34.34,0.56,61.321429,20677,25,N,,,,,,,,,,,
2024,19791.0,"Vermont Electric Cooperative, Inc",VT,Cooperative,895.8,3.34,268.20359,231.8,1.4,165.57143,884.6,2.06,429.41748,40741,35,Y,,,,,,,,,,,
2024,19798.0,City of Vernon,CA,Municipal,,,,,,,,,,,,,46.954,0.582,80.676976,46.954,0.582,80.676976,2035,N,F,69,N
2024,19806.0,"Victoria Electric Coop, Inc",TX,Cooperative,267.07,2.68,99.652985,194.6,2.32,83.87931,219.74,2.2,99.881818,24936,14.4,Y,,,,,,,,,,,
2024,19820.0,Victory Electric Coop Assn Inc,KS,Cooperative,431.2,,,112.6,,,401.5,,,20466,13.8,Y,,,,,,,,,,,
2024,19840.0,"Valley Electric Assn, Inc",NV,Cooperative,84.98,1.073,79.198509,43.77,0.691,63.342981,84.98,1.073,79.198509,24146,24.9,Y,,,,,,,,,,,
2024,19876.0,Virginia Electric & Power Co,NC,Investor Owned,,,,,,,,,,,,,167,1.24,134.67742,100.2,1.03,97.281553,132502,N,O,34.5,Y
2024,19876.0,Virginia Electric & Power Co,VA,Investor Owned,,,,,,,,,,,,,172.1,1.36,126.54412,131.3,1.21,108.5124,2635267,N,O,46,Y
2024,19882.0,Virginia Tech Electric Service,VA,State,,,,,,,,,,,,,9.14,0.12,76.166667,,,,6849,N,L,12.5,N
2024,19898.0,Volunteer Electric Coop,TN,Cooperative,684.8,5.8,118.06897,435.7,5.02,86.792829,656.3,5.58,117.61649,128556,25,Y,,,,,,,,,,,
2024,19951.0,City of Wadsworth - (OH),OH,Municipal,54,0.39,138.46154,54,0.39,138.46154,54,0.39,138.46154,13813,1,Y,,,,,,,,,,,
2024,19981.0,Wake Electric Membership Corp,NC,Cooperative,165.5,1.903,86.967945,108,1.472,73.369565,164.9,1.873,88.040577,56238,12.5,Y,,,,,,,,,,,
2024,20038.0,Town of Wallingford - (CT),CT,Municipal,,,,,,,,,,,,,214.08,0.81,264.2963,37.15,0.29,128.10345,25100,N,F,13.8,N
2024,20065.0,Walton Electric Member Corp,GA,Cooperative,392.52,2.675,146.73645,168.48,1.895,88.907652,391.44,2.65,147.71321,140132,25,Y,,,,,,,,,,,
2024,20130.0,Warren Rural Elec Coop Corp,KY,Cooperative,457.72,2.866,159.70691,149.16,1.724,86.519722,438.43,1.81,242.22652,74727,13,Y,,,,,,,,,,,
2024,20146.0,Washington Elec Member Corp,GA,Cooperative,6929.9,,,428.9,,,6805.4,,,16337,25,Y,,,,,,,,,,,
2024,20169.0,Avista Corp,ID,Investor Owned,225,1.26,178.57143,165,1.06,155.66038,53,0.32,165.625,145203,35,N,,,,,,,,,,,
2024,20169.0,Avista Corp,WA,Investor Owned,152,0.96,158.33333,112,0.82,136.58537,33,0.24,137.5,270134,35,N,,,,,,,,,,,
2024,20187.0,Watertown Municipal Utilities,SD,Municipal,3.257,0.056,58.160714,3.257,0.056,58.160714,,,,14404,12.5,N,,,,,,,,,,,
2024,20211.0,Village of Waunakee - (WI),WI,Municipal,40.464,0.28,144.51429,40.464,0.28,144.51429,0,0,,7564,12.5,N,,,,,,,,,,,
2024,20213.0,Waupun Utilities,WI,Municipal,12.781,0.129,99.077519,12.781,0.129,99.077519,12.781,0.129,99.077519,4510,12.4,N,,,,,,,,,,,
2024,20216.0,Whitewater Valley Rural EMC,IN,Cooperative,,,,,,,,,,,,,315.89,1.892,166.96089,315.89,1.892,166.96089,12199,N,L,12,N
2024,20228.0,Weakley County Mun Elec Sys,TN,Municipal,,,,,,,,,,,,,341.421,12.487,27.342116,169.557,10.981,15.440943,20751,Y,L,13,N
2024,20230.0,Weatherford Mun Utility System,TX,Municipal,,,,,,,,,,,,,40,0.44,90.909091,21,0.29,72.413793,16967,N,L,12.5,N
2024,20310.0,Town of Wellesley - (MA),MA,Municipal,,,,,,,,,,,,,7.95,0.13,61.153846,,,,10661,N,L,13.8,N
2024,20318.0,Webster Electric Coop,MO,Cooperative,,,,,,,,,,,,,100,1.1,90.909091,100,1.1,90.909091,19536,N,L,25,N
2024,20334.0,Wellsborough Electric Co,PA,Investor Owned,,,,,,,,,,,,,804,4.12,195.14563,102,0.99,103.0303,6472,N,F,12.5,Y
2024,20363.0,West Central Electric Coop Inc - (MO),MO,Cooperative,167.89,1.201,139.79184,113.586,,,,,,15446,7.6,Y,,,,,,,,,,,
2024,20371.0,"West Florida El Coop Assn, Inc",FL,Cooperative,568.48,3.152,180.35533,184.12,2.384,77.231544,367.51,2.801,131.20671,29314,25,Y,,,,,,,,,,,
2024,20377.0,West Kentucky Rural E C C,KY,Cooperative,874.678,2.434,359.35826,208.785,1.886,110.70255,801.756,2.022,396.51632,40472,14.4,Y,,,,,,,,,,,
2024,20401.0,West River Electric Assn Inc,SD,Cooperative,43.5,0.53,82.075472,43.5,0.53,82.075472,32.5,0.43,75.581395,21594,25,Y,,,,,,,,,,,
2024,20404.0,AEP Texas North Company,TX,Investor Owned,108,1.15,93.913043,102.6,1.132,90.636042,83.1,0.843,98.576512,199119,35,Y,,,,,,,,,,,
2024,20413.0,Mountrail-Williams Elec Coop,ND,Cooperative,282.33,1.293,218.35267,146.81,1.12,131.08036,282.33,1.293,218.35267,19103,25,N,,,,,,,,,,,
2024,20477.0,City of Westerville - (OH),OH,Municipal,57.41,0.85,67.541176,21.49,0.35,61.4,57.41,0.85,67.541176,18012,13.2,Y,,,,,,,,,,,
2024,20481.0,City of Westfield - (MA),MA,Municipal,122.784,1.741,70.524986,46.116,1,46.116,122.784,1.741,70.524986,18194,23,Y,,,,,,,,,,,
2024,20510.0,"Wheatland Electric Coop, Inc",KS,Cooperative,219.55,2.26,97.146018,124.32,1.77,70.237288,113.34,1.35,83.955556,32350,34.5,Y,,,,,,,,,,,
2024,20521.0,Wheeling Power Co,WV,Investor Owned,661.1,2.31,286.19048,661.1,2.31,286.19048,650.4,2.273,286.14166,41179,35,Y,,,,,,,,,,,
2024,20576.0,"White River Electric Assn, Inc",CO,Cooperative,,,,,,,,,,,,,140.884,1.412,99.776204,140.884,1.412,99.776204,3521,Y,L,25,Y
2024,20603.0,Northeastern Rural E M C,IN,Cooperative,60.6,1.07,56.635514,58.2,0.92,63.26087,47.9,0.91,52.637363,32511,12.5,Y,,,,,,,,,,,
2024,20639.0,"Wild Rice Electric Coop, Inc",MN,Cooperative,,,,,,,,,,,,,168,1.071,156.86275,168,1.071,156.86275,14807,N,F,7.2,Y
2024,20737.0,Willmar Municipal Utilities,MN,Municipal,34.261,0.585,58.565812,,,,34.261,0.585,58.565812,10171,12.5,Y,,,,,,,,,,,
2024,20785.0,City of Wilson - (NC),NC,Municipal,123.06,1.072,114.79478,55.733,0.802,69.492519,123.05,1.071,114.89262,37861,23,Y,,,,,,,,,,,
2024,20793.0,City of Winchester - (TN),TN,Municipal,237.76,1.31,181.49618,25.43,0.3,84.766667,237.76,1.31,181.49618,6835,13,N,,,,,,,,,,,
2024,20841.0,"Wiregrass Electric Coop, Inc",AL,Cooperative,194.91,1.641,118.77514,110.865,1.272,87.158019,,,,26570,13.2,Y,,,,,,,,,,,
2024,20847.0,Wisconsin Electric Power Co,WI,Investor Owned,296,1.04,284.61538,109,0.74,147.2973,296,1.04,284.61538,1212936,35,N,,,,,,,,,,,
2024,20856.0,Wisconsin Power & Light Co,WI,Investor Owned,,,,,,,,,,,,,153.59,0.99,155.14141,67.52,0.78,86.564103,501445,N,F,25,Y
2024,20860.0,Wisconsin Public Service Corp,WI,Investor Owned,465,1.22,381.14754,95,0.77,123.37662,465,1.22,381.14754,469161,46,N,,,,,,,,,,,
2024,20862.0,Wisconsin Rapids W W & L Comm,WI,Municipal,,,,,,,,,,,,,72.97,0.817,89.314565,,,,14758,N,L,13.2,N
2024,20885.0,Withlacoochee River Elec Coop,FL,Cooperative,1322.73,2.79,474.09677,78.7,1.18,66.694915,1306.4,2.53,516.36364,260730,25,N,,,,,,,,,,,
2024,20927.0,"Wood County Electric Coop, Inc",TX,Cooperative,1362.26,5.11,266.58708,1051.87,2.32,453.39224,309.39,2.79,110.89247,41521,12.5,Y,,,,,,,,,,,
2024,20948.0,Wise Electric Coop Inc,TX,Cooperative,,,,,,,,,,,,,202.968,2.215,91.633409,202.968,2.215,91.633409,26873,N,F,24.9,Y
2024,20963.0,Woodruff Electric Coop Corp,AR,Cooperative,37.9,0.44,86.136364,37.9,0.44,86.136364,37.9,0.44,86.136364,16990,13.2,N,,,,,,,,,,,
2024,20996.0,Wright-Hennepin Coop Elec Assn,MN,Cooperative,45.35,0.37,122.56757,23.65,0.27,87.592593,45.35,0.37,122.56757,56021,12,Y,,,,,,,,,,,
2024,21002.0,York Electric Coop Inc,SC,Cooperative,980.87,2.2,445.85,89.14,1.69,52.745562,980.87,2.2,445.85,71302,24.9,N,,,,,,,,,,,
2024,21013.0,City of Worthington - (MN),MN,Municipal,,,,,,,,,,,,,10.5,0.094,111.70213,,,,5531,N,L,12.5,N
2024,21048.0,Wyandotte Municipal Serv Comm,MI,Municipal,,,,,,,,,,,,,36.395,0.276,131.86594,,,,12855.9,N,L,13.8,N
2024,21075.0,Y-W Electric Assn Inc,CO,Cooperative,270.183,,,270.183,,,270.183,,,8856,15,N,,,,,,,,,,,
2024,21081.0,Yampa Valley Electric Assn Inc,CO,Cooperative,294.005,2.201,133.57792,234.135,1.935,121,245.861,1.733,141.87017,28698,25,Y,,,,,,,,,,,
2024,21111.0,Perennial Public Power Dist,NE,Political Subdivision,,,,,,,,,,,,,141.3,1.133,124.71315,141.3,1.133,124.71315,7797,Y,L,12.5,Y
2024,21158.0,City of Zeeland - (MI),MI,Municipal,5.042,0.13,38.784615,5.042,0.13,38.784615,5.042,0.13,38.784615,7020,12.5,Y,,,,,,,,,,,
2024,21244.0,"Southside Electric Coop, Inc",VA,Cooperative,392.057,3.119,125.69958,309.201,2.812,109.95768,378.573,2.808,134.81944,59338,25,Y,,,,,,,,,,,
2024,21513.0,"Fergus Electric Coop, Inc",MT,Cooperative,,,,,,,,,,,,,1238.9,,,443.9,,,7038,N,L,7.2,Y
2024,21538.0,"Mohave Electric Cooperative, Inc.",AZ,Cooperative,170.8,,,117.8,,,55.9,,,45123,25,Y,,,,,,,,,,,
2024,21567.0,"Washington-St Tammany E C, Inc",LA,Cooperative,1507.55,4.93,305.79108,241.88,2.61,92.67433,1506.27,4.63,325.32829,55599,13.2,Y,,,,,,,,,,,
2024,21632.0,EnergyUnited Elec Member Corp,NC,Cooperative,424.32,2.129,199.30484,123.78,1.333,92.858215,414.66,1.949,212.75526,132720,12.5,Y,,,,,,,,,,,
2024,22053.0,Kentucky Power Co,KY,Investor Owned,1256.2,2.774,452.84787,405.8,2.17,187.00461,1227.7,2.599,472.37399,161599,35,Y,,,,,,,,,,,
2024,22500.0,"Evergy Kansas Central, Inc",KS,Investor Owned,318.06,1.65,192.76364,101.58,1.052,96.558935,308.49,1.48,208.43919,392397,34,Y,,,,,,,,,,,
2024,22815.0,Delta Electric Power Assn,MS,Cooperative,722.1,5.067,142.51036,419.49,4.11,102.06569,702.24,4.915,142.87691,28999,24.9,Y,,,,,,,,,,,
2024,22822.0,Clark County Rural E M C - (IN),IN,Cooperative,117.458,1.306,89.937213,56.83,0.686,82.842566,101.424,0.781,129.86428,28260,15,Y,,,,,,,,,,,
2024,24211.0,Tucson Electric Power Co,AZ,Investor Owned,113.246,0.992,114.15927,68.355,0.847,80.702479,,,,455579,14,Y,,,,,,,,,,,
2024,24590.0,Unitil Energy Systems,NH,Investor Owned,593.36,1.732,342.58661,97.66,1,97.66,593.36,1.732,342.58661,79654,34.5,Y,,,,,,,,,,,
2024,24753.0,Boone County Rural EMC,IN,Cooperative,59.89,0.66,90.742424,59.89,0.66,90.742424,59.89,0.66,90.742424,19043,12.5,Y,,,,,,,,,,,
2024,24889.0,Brunswick Electric Member Corp,NC,Cooperative,44.497,0.852,52.226526,31.153,0.567,54.943563,44.497,0.852,52.226526,112592,,Y,,,,,,,,,,,
2024,24949.0,Cass County Elec Coop Inc,ND,Cooperative,24.49,0.392,62.47449,24.49,0.392,62.47449,20.47,0.288,71.076389,58762,23.9,Y,,,,,,,,,,,
2024,25177.0,Dakota Electric Association,MN,Cooperative,25.45,0.35,72.714286,17.4,0.27,64.444444,24.81,0.3,82.7,116395,12.5,Y,,,,,,,,,,,
2024,25295.0,Western Indiana Energy REMC,IN,Cooperative,1048.9,2.372,442.20067,214.35,1.344,159.48661,995.136,1.968,505.65854,16895,24.9,Y,,,,,,,,,,,
2024,26510.0,Liberty Utilities (Granite State Electri,NH,Investor Owned,370.312,1.555,238.14277,92.693,0.823,112.62819,332.544,1.273,261.22859,45565,23,Y,,,,,,,,,,,
2024,27222.0,City of Ripley - (TN),TN,Municipal,88.89,0.772,115.14249,49.48,0.547,90.457038,88.88,0.762,116.64042,6403,13.2,Y,,,,,,,,,,,
2024,27238.0,"Southwest Electric Coop, Inc",MO,Cooperative,246.01,0.84,292.86905,183.71,0.79,232.5443,,,,44496,7.2,Y,,,,,,,,,,,
2024,27369.0,Taylor Electric Coop Inc - (TX),TX,Cooperative,371.032,3.337,111.18729,284.632,3.054,93.199738,280.007,2.481,112.86054,20932,25,Y,,,,,,,,,,,
2024,27599.0,Carroll-White REMC,IN,Cooperative,423.1,,,376.6,,,45.6,,,15149,,N,,,,,,,,,,,
2024,28541.0,Clatskanie Peoples Util Dist,OR,Political Subdivision,517.86,2.09,247.7799,517.86,2.09,247.7799,517.86,2.09,247.7799,4777,13.8,Y,,,,,,,,,,,
2024,28604.0,Kerrville Public Utility Board,TX,Municipal,26.786,0.388,69.036082,18.583,0.283,65.664311,26.786,0.388,69.036082,24230,12.5,Y,,,,,,,,,,,
2024,28978.0,City of San Marcos - (TX),TX,Municipal,127.142,1.431,88.848358,,,,,,,25753,,Y,,,,,,,,,,,
2024,30518.0,Electrical Dist No3 Pinal County,AZ,Political Subdivision,132.41,1.55,85.425806,85.87,1.24,69.25,132.41,1.55,85.425806,34000,69,Y,,,,,,,,,,,
2024,31833.0,Okefenoke Rural El Member Corp,FL,Cooperative,1406.485,4.865,289.10277,234.331,2.827,82.890343,1406.485,4.865,289.10277,11921,25,Y,,,,,,,,,,,
2024,31833.0,Okefenoke Rural El Member Corp,GA,Cooperative,2075.374,4.338,478.41724,189.494,2.872,65.979805,2071.225,4.026,514.46225,29259,25,Y,,,,,,,,,,,
2024,38084.0,Great Lakes Energy Coop,MI,Cooperative,484.37,2.83,171.15548,256.28,2.35,109.05532,478.93,2.73,175.43223,131998,25,Y,,,,,,,,,,,
2024,40051.0,Texas-New Mexico Power Co,TX,Investor Owned,,,,,,,,,,,,,1946.11,2.585,752.8472,118.37,1.407,84.129353,268934,N,F,25,Y
2024,40165.0,"Dixie Escalante R E A, Inc",AZ,Cooperative,55.043,0.598,92.045151,55.043,0.598,92.045151,55.043,0.598,92.045151,3145,12.5,Y,,,,,,,,,,,
2024,40165.0,"Dixie Escalante R E A, Inc",UT,Cooperative,27.25,0.446,61.098655,27.25,0.446,61.098655,27.25,0.446,61.098655,29939,34.5,Y,,,,,,,,,,,
2024,40228.0,Rappahannock Electric Coop,VA,Cooperative,301.03,2.16,139.36574,188.57,1.75,107.75429,299.24,2.12,141.15094,180578,34.5,Y,,,,,,,,,,,
2024,40236.0,"Forked Deer Electric Coop, Inc",TN,Cooperative,,,,,,,,,,,,,173.7,1.563,111.13244,173.04,1.21,143.00826,10129,N,F,13,Y
2024,40302.0,North East Mississippi EPA,MS,Cooperative,,,,,,,,,,,,,463.3,1.703,272.04932,256.8,1.257,204.29594,28997,N,L,25,Y
2024,40304.0,Minnesota Valley Coop L&P Assn,MN,Cooperative,148.7,0.81,183.58025,148.7,0.81,183.58025,33.4,0.38,87.894737,5361,25,Y,,,,,,,,,,,
2024,40438.0,Columbia River Peoples Ut Dist,OR,Political Subdivision,92.782,0.653,142.08576,54.537,0.499,109.29259,92.782,0.653,142.08576,20817,12.5,Y,,,,,,,,,,,
2024,40606.0,City of Grand Island - (NE),NE,Municipal,12.222,0.451,27.099778,7.584,0.265,28.618868,12.222,0.451,27.099778,27115,13.8,N,,,,,,,,,,,
2024,44372.0,Oncor Electric Delivery Company LLC,TX,Investor Owned,,,,,,,,,,,,,532.48,1.71,311.39181,67.28,0.77,87.376623,4013062,N,F,35,Y
2024,54913.0,NSTAR Electric Company,MA,Investor Owned,80.6,0.692,116.47399,66.1,0.639,103.44288,80.4,0.672,119.64286,1462127,34.5,Y,,,,,,,,,,,
2024,55787.0,City of Moreno Valley - (CA),CA,Municipal,44.78,0.369,121.35501,44.78,0.369,121.35501,0,0,,8944,12,N,,,,,,,,,,,
2024,55937.0,Entergy Texas Inc.,TX,Investor Owned,1727.5,3.455,500,304.8,2.054,148.39338,1611.9,3.177,507.36544,526491,34.5,Y,,,,,,,,,,,
2024,55982.0,Heart of Texas Electric Coop,TX,Cooperative,357.7,2.169,164.91471,298.1,2.008,148.45618,331.6,1.735,191.12392,24317,24.9,Y,,,,,,,,,,,
2024,56146.0,"Black Hills Colorado Electric, LLC",CO,Investor Owned,323.297,2.39,135.27071,101.406,1.422,71.312236,310.27,2.267,136.8637,100052,35,Y,,,,,,,,,,,
2024,56697.0,Ameren Illinois Company,IL,Investor Owned,223.9,1.13,198.14159,120.6,0.91,132.52747,223.5,1.12,199.55357,1249900,69,Y,,,,,,,,,,,
2024,57483.0,Liberty Utilities,CA,Investor Owned,742.75,2.57,289.00778,496.17,2.37,209.35443,449.58,1.85,243.01622,50151,24.9,N,,,,,,,,,,,
2024,58124.0,City of Winter Park - (FL),FL,Municipal,,,,,,,,,,,,,25.91,,,25.7,,,15018,Y,L,12.5,N
2024,59013.0,PUD No 1 of Jefferson County,WA,Political Subdivision,522.3,2.95,177.05085,424,2.71,156.45756,522.3,2.95,177.05085,21166,12.5,Y,,,,,,,,,,,
2024,60482.0,CKenergy Electric Cooperative,OK,Cooperative,,,,,,,,,,,,,919.23,4.837,190.04135,325.18,4.408,73.770417,26996,N,L,24.9,Y
2024,60631.0,Upper Michigan Energy Resources Corp.,MI,Investor Owned,1082,1.71,632.74854,218,1.02,213.72549,950,1.43,664.33566,38754,25,N,,,,,,,,,,,
2024,60839.0,Southern Pioneer Electric Company,KS,Cooperative,160.91,,,79.1,,,155.36,,,17023,13.8,Y,,,,,,,,,,,
2024,65261.0,Gila River Indian Utility Authority (GRICUA),AZ,Cooperative,267.47,4.405,60.719637,267.47,4.405,60.719637,267.47,4.405,60.719637,3582,12,N,,,,,,,,,,,
2024,65353.0,Arrow Energy TX LLC,TX,Retail Power Marketer,,,,,,,,,,,,,936.75,3.999,234.24606,718.58,3.903,184.10966,1207,N,O,34,N
2024,66073.0,MPD Electric Cooperative,SC,Cooperative,212.921,1.628,130.78686,90.16,0.996,90.522088,176.202,1.582,111.37927,38491,25,Y,,,,,,,,,,,
2024,66101.0,FirstEnergy Pennsylvania Electric Co,PA,Investor Owned,402.64,1.851,217.52566,220.51,1.485,148.49158,373.01,1.581,235.93295,2076402,34.5,Y,,,,,,,,,,,
"CAIDI = SAIDI / SAIFI.
MED- Major Event Days.
MINUS LOS- Minus Loss of Supply.
Momentary Interruptions: ""L"" = less than 1 minute, ""F"" = five minutes or less and ""O"" = other.",,,,,,,,,,,,,,,,,,,,,,,,,,,
