data_year,utility_number,utility_name,part,service_type,data_type,state,ownership,ba_code,residential_revenues_thousand_dollars,residential_sales_megawatthours,residential_customers_count,commercial_revenues_thousand_dollars,commercial_sales_megawatthours,commercial_customers_count,industrial_revenues_thousand_dollars,industrial_sales_megawatthours,industrial_customers_count,transportation_revenues_thousand_dollars,transportation_sales_megawatthours,transportation_customers_count,total_revenues_thousand_dollars,total_sales_megawatthours,total_customers_count
2024,55.0,City of Aberdeen - (MS),A,Bundled,O,MS,Municipal,TVA,4211,34239,2592,3550,29391,736,7185,127260,2,0,0,0,14946.0,190890.0,3330.0
2024,84.0,A & N Electric Coop,A,Bundled,O,MD,Cooperative,PJM,304.8,2226,253,76.8,567,42,0,0,0,0,0,0,381.6,2793.0,295.0
2024,84.0,A & N Electric Coop,A,Bundled,O,VA,Cooperative,PJM,47920.5,368014,33096,20100.4,172568,4238,16022,165066,7,0,0,0,84042.9,705648.0,37341.0
2024,108.0,Adams-Columbia Electric Coop,A,Bundled,O,WI,Cooperative,MISO,46745,265097,35910,11973,92563,2518,22091,241188,1027,,,,80809.0,598848.0,39455.0
2024,113.0,"Agway Energy Services, LLC",B,Energy,O,MD,Retail Power Marketer,PJM,2.5,22,2,0,0,0,0,0,0,0,0,0,2.5,22.0,2.0
2024,113.0,"Agway Energy Services, LLC",B,Energy,O,NY,Retail Power Marketer,NYIS,12807.3,96155,13406,3389.3,26847,2248,0,0,0,0,0,0,16196.6,123002.0,15654.0
2024,113.0,"Agway Energy Services, LLC",B,Energy,O,PA,Retail Power Marketer,PJM,972.7,8449,945,95.2,918,46,0,0,0,0,0,0,1067.9,9367.0,991.0
2024,155.0,Agralite Electric Coop,A,Bundled,O,MN,Cooperative,MISO,9568,68617,4333,6218,68440,436,9562,105823,628,,,,25348.0,242880.0,5397.0
2024,162.0,Aiken Electric Coop Inc,A,Bundled,O,SC,Cooperative,SC,101066.1,650960,49460,18578.6,142543,3364,14478.7,200397,15,,,,134123.4,993900.0,52839.0
2024,176.0,Ajo Improvement Co,A,Bundled,O,AZ,Investor Owned,AZPS,678,5396,821,379.2,3315,210,0,0,0,0,0,0,1057.2,8711.0,1031.0
2024,195.0,Alabama Power Co,A,Bundled,O,AL,Investor Owned,SOCO,3028741,18058325,1332911,1979164,13336758,207465,1631001,20504435,6107,,,,6638906.0,51899518.0,1546483.0
2024,207.0,Alameda Municipal Power,A,Bundled,O,CA,Municipal,CISO,32111.2,139744,33174,43430.5,216203,4052,,,,,,,75541.7,355947.0,37226.0
2024,213.0,Alaska Electric Light & Power Co.,A,Bundled,O,AK,Investor Owned,NA,22067.7,170626,15407,13567,126119,2459,14392.1,130040,139,,,,50026.8,426785.0,18005.0
2024,219.0,Alaska Power and Telephone Co,A,Bundled,O,AK,Investor Owned,NA,10397,27967,5737,15878,50720,2719,0,0,0,0,0,0,26275.0,78687.0,8456.0
2024,221.0,"Alaska Village Elec Coop, Inc",A,Bundled,O,AK,Cooperative,NA,30675.3,43854,7689,46345.7,81597,3829,0,0,0,0,0,0,77021.0,125451.0,11518.0
2024,230.0,Albany Utility Board,A,Bundled,O,GA,Municipal,SOCO,44345,344628,29517,36021.7,489134,4386,16.1,595,18,,,,80382.8,834357.0,33921.0
2024,232.0,City of Albemarle - (NC),A,Bundled,O,NC,Municipal,DUK,15540.1,143278,11248,11813.5,124076,2325,2043.8,26186,12,,,,29397.4,293540.0,13585.0
2024,240.0,Albemarle Electric Member Corp,A,Bundled,O,NC,Cooperative,PJM,27083,187141,12728,4363,34972,1117,623,6942,25,0,0,0,32069.0,229055.0,13870.0
2024,241.0,Albertville Municipal Utilities Board,A,Bundled,O,AL,Municipal,TVA,13258,124264,8318,21539,194750,2393,21329,333519,15,0,0,0,56126.0,652533.0,10726.0
2024,261.0,AGC Division of APGI Inc,A,Bundled,O,IN,Investor Owned,MISO,0,0,0,0,0,0,159579.9,2639245,2,0,0,0,159579.9,2639245.0,2.0
2024,276.0,Alcorn County Elec Power Assn,A,Bundled,O,MS,Cooperative,TVA,27784,214981,14965,21450,156737,4209,15258,259874,7,0,0,0,64492.0,631592.0,19181.0
2024,295.0,City of Alexandria - (MN),A,Bundled,O,MN,Municipal,MISO,8900.4,76955,8758,3893.7,32821,1706,15171,168628,228,,,,27965.1,278404.0,10692.0
2024,296.0,"Alfalfa Electric Coop, Inc",A,Bundled,O,KS,Cooperative,SWPP,373,3583,205,744,4593,670,1121,12621,55,,,,2238.0,20797.0,930.0
2024,296.0,"Alfalfa Electric Coop, Inc",A,Bundled,O,OK,Cooperative,SWPP,5044,49434,2630,5371,37743,4294,23807,301906,612,,,,34222.0,389083.0,7536.0
2024,298.0,City of Alexandria - (LA),A,Bundled,O,LA,Municipal,MISO,30931.1,278634,19541,38444.3,363017,3913,479.8,5167,6,,,,69855.2,646818.0,23460.0
2024,305.0,Alger-Delta Coop Electric Assn,A,Bundled,O,MI,Cooperative,MISO,11995.9,51600,9817,1834.5,11320,495,4014.9,31953,1,0,0,0,17845.3,94873.0,10313.0
2024,307.0,Algoma Utility Comm,A,Bundled,O,WI,Municipal,MISO,1403.2,10775,1654,1881.4,17010,395,510.1,5869,1,0,0,0,3794.7,33654.0,2050.0
2024,392.0,Alpena Power Co,A,Bundled,O,MI,Investor Owned,MISO,15157.9,86989,13763,13651.6,89556,3041,7916.1,109161,3,0,0,0,36725.6,285706.0,16807.0
2024,407.0,Altamaha Electric Member Corp,A,Bundled,O,GA,Cooperative,SOCO,37983.5,236866,19628,29917.2,332113,1984,1234.2,8400,258,,,,69134.9,577379.0,21870.0
2024,416.0,City of Altus - (OK),A,Bundled,O,OK,Municipal,SWPP,13567,104947,8167,6814,64630,1268,3079,39809,8,,,,23460.0,209386.0,9443.0
2024,471.0,Amana Society Service Co,A,Bundled,O,IA,Investor Owned,MISO,1061,6833,709,1221,8358,179,5506,51780,1,0,0,0,7788.0,66971.0,889.0
2024,540.0,BP Energy Company,B,Energy,O,WA,Retail Power Marketer,PSEI,,,,,,,60883.1,887803,2,,,,60883.1,887803.0,2.0
2024,540.0,BP Energy Company,D,Bundled,O,TX,Retail Power Marketer,ERCO,,,,,,,62297,989891,1,,,,62297.0,989891.0,1.0
2024,554.0,City of Ames - (IA),A,Bundled,O,IA,Municipal,MISO,20680.5,170973,24979,28463.1,334597,3121,11868.2,145193,8,,,,61011.8,650763.0,28108.0
2024,562.0,Amicalola Electric Member Corp,A,Bundled,O,GA,Cooperative,SOCO,92851.8,748163,50337,18240.6,131462,6070,,,,,,,111092.4,879625.0,56407.0
2024,571.0,City of Amory,A,Bundled,O,MS,Municipal,TVA,4410,37764,2822,5977,47462,1134,3039,35349,3,0,0,0,13426.0,120575.0,3959.0
2024,577.0,City of Alcoa Utilities,A,Bundled,O,TN,Municipal,TVA,50103,410299,28183,30222,261925,4543,158,1098,1,0,0,0,80483.0,673322.0,32727.0
2024,590.0,City of Anaheim - (CA),A,Bundled,O,CA,Municipal,CISO,101425,592710,105839,128635,725751,17557,127256,819612,269,,,,357316.0,2138073.0,123665.0
2024,604.0,City of Andalusia,A,Bundled,O,AL,Municipal,SOCO,6678,42321,3605,10139,59566,1068,13226,218731,2,,,,30043.0,320618.0,4675.0
2024,636.0,City of Anderson - (IN),A,Bundled,O,IN,Municipal,PJM,38475.9,300134,29533,29869.7,269337,3875,24779.1,282496,58,,,,93124.7,851967.0,33466.0
2024,689.0,Connexus Energy,A,Bundled,O,MN,Cooperative,MISO,169726.7,1242625,134095,66237.3,624680,12112,14463.1,183925,433,0,0,0,250427.1,2051230.0,146640.0
2024,691.0,City of Anoka,A,Bundled,O,MN,Municipal,MISO,12100,76211,11646,9534,80286,1336,12314,101516,22,,,,33948.0,258013.0,13004.0
2024,719.0,Town of Apex- (NC),A,Bundled,O,NC,Municipal,CPLE,33459,318140,29289,15315,109744,1972,,,,,,,48774.0,427884.0,31261.0
2024,727.0,Appalachian Electric Coop,A,Bundled,O,TN,Cooperative,TVA,82864,640950,43709,32066,248037,7650,5475,83719,7,0,0,0,120405.0,972706.0,51366.0
2024,733.0,Appalachian Power Co,A,Bundled,O,VA,Investor Owned,PJM,995624,5850904,465283,493540,3626187,81996,472252,4527177,1939,,,,1961416.0,14004268.0,549218.0
2024,733.0,Appalachian Power Co,A,Bundled,O,WV,Investor Owned,PJM,776640,4632296,348946,383165,3102967,67012,340280,3883180,2180,,,,1500085.0,11618443.0,418138.0
2024,733.0,Appalachian Power Co,C,Delivery,O,VA,Investor Owned,PJM,,,,820,47575,47,605,255649,5,,,,1425.0,303224.0,52.0
2024,750.0,Arab Electric Coop Inc,A,Bundled,O,AL,Cooperative,TVA,24986,208955,14062,12392,100727,2861,370,4003,2,0,0,0,37748.0,313685.0,16925.0
2024,796.0,Arizona Electric Pwr Coop Inc,B,Energy,O,CA,Cooperative,CISO,,,,18.2,809,1,,,,,,,18.2,809.0,1.0
2024,803.0,Arizona Public Service Co,A,Bundled,O,AZ,Investor Owned,AZPS,2562822.5,15579131,1256120,2125533.6,16070942,141345,209390.6,2051331,2572,0,0,0,4897746.7,33701404.0,1400037.0
2024,814.0,Entergy Arkansas LLC,A,Bundled,O,AR,Investor Owned,MISO,999636.9,7708656,608362,590191,5782232,100665,632141.6,9932422,23636,0.8,4,1,2221970.3,23423314.0,732664.0
2024,814.0,Entergy Arkansas LLC,A,Bundled,O,TN,Investor Owned,MISO,3.7,31,1,4.4,24,3,2.2,9,3,,,,10.3,64.0,7.0
2024,817.0,Arkansas Valley Elec Coop Corp,A,Bundled,O,AR,Cooperative,SWPP,96119.8,721279,54372,22508.1,186217,4147,16641.9,280289,48,0,0,0,135269.8,1187785.0,58567.0
2024,817.0,Arkansas Valley Elec Coop Corp,A,Bundled,O,OK,Cooperative,SWPP,7630.9,57453,4250,3405.6,31479,516,0,0,0,0,0,0,11036.5,88932.0,4766.0
2024,944.0,City of Athens - (AL),A,Bundled,O,AL,Municipal,TVA,85146,695825,50985,47669,407747,8122,32055,463426,14,0,0,0,164870.0,1566998.0,59121.0
2024,947.0,Athens Utility Board,A,Bundled,O,TN,Municipal,TVA,18977,161213,11651,18877,147230,2468,18919,328142,7,0,0,0,56773.0,636585.0,14126.0
2024,963.0,Atlantic City Electric Co,A,Bundled,O,NJ,Investor Owned,PJM,840014.9,3587649,472020,277984.3,1419625,51306,11195.4,81298,312,0,0,0,1129194.6,5088572.0,523638.0
2024,963.0,Atlantic City Electric Co,C,Delivery,O,NJ,Investor Owned,PJM,27976.6,257552,34468,164954.9,2840417,14444,21205.2,477408,225,0,0,0,214136.7,3575377.0,49137.0
2024,970.0,Homefield Energy,B,Energy,O,IL,Retail Power Marketer,MISO,137052.5,1575796,163064,235940.1,3187220,2845,1186.6,16090,105,0,0,0,374179.2,4779106.0,166014.0
2024,994.0,City of Auburn - (IN),A,Bundled,O,IN,Municipal,PJM,5464.4,64148,6813,2367,28735,1008,44960,256272,119,,,,52791.4,349155.0,7940.0
2024,1009.0,City of Austin - (MN),A,Bundled,O,MN,Municipal,MISO,11901,77564,10795,16109,131027,1214,11605,123984,1,,,,39615.0,332575.0,12010.0
2024,1015.0,Austin Energy,A,Bundled,O,TX,Municipal,ERCO,638262,5074608,507291,617209.8,5909072,54586,219668.6,3216894,127,0,0,0,1475140.4,14200574.0,562004.0
2024,1050.0,City of Azusa,A,Bundled,O,CA,Municipal,CISO,17011,89136,15599,15699,83492,1957,10455,61391,27,,,,43165.0,234019.0,17583.0
2024,1149.0,Baldwin County El Member Corp,A,Bundled,O,AL,Cooperative,SOCO,155483,1121292,83005,59304,537247,8363,,,,,,,214787.0,1658539.0,91368.0
2024,1167.0,Baltimore Gas & Electric Co,A,Bundled,O,MD,Investor Owned,PJM,1915002.4,10693909,1025745,456344.2,2822301,73391,19509.2,131159,3681,0,0,0,2390855.8,13647369.0,1102817.0
2024,1167.0,Baltimore Gas & Electric Co,C,Delivery,O,MD,Investor Owned,PJM,129043.4,1987967,188355,434963.9,11760780,49081,32655.7,1204306,2501,1408.2,165677,3,598071.2,15118730.0,239940.0
2024,1169.0,Bailey County Elec Coop Assn,A,Bundled,O,TX,Cooperative,SWPP,2216,25258,3348,5019,68865,860,19119,248195,4923,,,,26354.0,342318.0,9131.0
2024,1175.0,"Bandera Electric Coop, Inc",A,Bundled,O,TX,Cooperative,ERCO,61819,498494,35346,19804,189317,6612,1671,18566,65,,,,83294.0,706377.0,42023.0
2024,1179.0,Versant Power,A,Bundled,O,ME,Investor Owned,NBSO,46425,175060,28935,32916.9,129769,7311,858.2,3834,11,0,0,0,80200.1,308663.0,36257.0
2024,1179.0,Versant Power,A,Bundled,O,ME,Investor Owned,ISNE,175796.6,616268,101697,78367.5,426820,16275,5201.2,34312,26,0,0,0,259365.3,1077400.0,117998.0
2024,1179.0,Versant Power,C,Delivery,O,ME,Investor Owned,NBSO,27.3,193,29,3824.6,29535,265,10025,155945,4,0,0,0,13876.9,185673.0,298.0
2024,1179.0,Versant Power,C,Delivery,O,ME,Investor Owned,ISNE,6591.3,40594,7245,20217.6,144616,3731,14563.7,180541,31,0,0,0,41372.6,365751.0,11007.0
2024,1196.0,Village of Baraga - (MI),A,Bundled,O,MI,Municipal,MISO,424.7,2772,555,1951.8,14206,254,0,0,0,0,0,0,2376.5,16978.0,809.0
2024,1251.0,Barron Electric Coop,A,Bundled,O,WI,Cooperative,MISO,30025,190990,19266,3103,27675,222,7171,87706,168,,,,40299.0,306371.0,19656.0
2024,1273.0,"Bartlett Electric Coop, Inc",A,Bundled,O,TX,Cooperative,ERCO,30344.3,188623,11527,9764.6,58796,3726,,,,,,,40108.9,247419.0,15253.0
2024,1283.0,Bartholomew County Rural E M C,A,Bundled,O,IN,Cooperative,MISO,22940.4,155960,11427,6318.2,47841,731,21346.2,225890,12,0,0,0,50604.8,429691.0,12170.0
2024,1300.0,City of Bartow - (FL),A,Bundled,O,FL,Municipal,FPC,17056.5,157492,11613,8518,89833,1530,6484.1,64218,287,,,,32058.6,311543.0,13430.0
2024,1307.0,Basin Electric Power Coop,A,Bundled,O,ND,Cooperative,SWPP,,,,,,,56625.2,1170657,1,,,,56625.2,1170657.0,1.0
2024,1325.0,City of Batavia - (IL),A,Bundled,O,IL,Municipal,PJM,12330,87561,10020,15642,130597,1368,17254,184363,10,,,,45226.0,402521.0,11398.0
2024,1366.0,City of Bay City - (MI),A,Bundled,O,MI,Municipal,MISO,19124.1,124579,18028,24793.8,131259,2205,6305.8,53589,133,,,,50223.7,309427.0,20366.0
2024,1458.0,"Beauregard Electric Coop, Inc",A,Bundled,O,LA,Cooperative,MISO,81907,598074,40051,23999,176294,4455,52235,704923,4,,,,158141.0,1479291.0,44510.0
2024,1529.0,"Beltrami Electric Coop, Inc",A,Bundled,O,MN,Cooperative,MISO,39669,275547,20732,12338,147717,1615,19,70,17,,,,52026.0,423334.0,22364.0
2024,1578.0,Benton County,A,Bundled,O,TN,Municipal,TVA,15567,112158,8775,8168,53806,1886,2668,27312,3,0,0,0,26403.0,193276.0,10664.0
2024,1579.0,PUD No 1 of Benton County,A,Bundled,O,WA,Political Subdivision,BPAT,64590.7,732971,50072,39104.9,564214,6770,28517.9,511637,985,,,,132213.5,1808822.0,57827.0
2024,1581.0,City of Benton - (AR),A,Bundled,O,AR,Municipal,MISO,16004,155389,12972,8044,89129,1777,2993,39037,7,,,,27041.0,283555.0,14756.0
2024,1582.0,City of Benton - (KY),A,Bundled,O,KY,Municipal,TVA,3315,23554,1889,4076,30935,680,1263,15345,1,0,0,0,8654.0,69834.0,2570.0
2024,1586.0,City of Bentonville - (AR),A,Bundled,O,AR,Municipal,SWPP,33472,287396,25103,40564,448206,3921,,,,,,,74036.0,735602.0,29024.0
2024,1591.0,"Big Country Electric Coop, Inc",A,Bundled,O,TX,Cooperative,ERCO,12135.4,88439,9449,24729.2,255720,3452,1274.7,10799,695,,,,38139.3,354958.0,13596.0
2024,1611.0,"Messer Energy Services, Inc.",B,Energy,O,DE,Retail Power Marketer,PJM,0,0,0,0,0,0,7914,178280,1,0,0,0,7914.0,178280.0,1.0
2024,1611.0,"Messer Energy Services, Inc.",B,Energy,O,IL,Retail Power Marketer,MISO,0,0,0,0,0,0,9581,170255,3,0,0,0,9581.0,170255.0,3.0
2024,1611.0,"Messer Energy Services, Inc.",B,Energy,O,ME,Retail Power Marketer,ISNE,0,0,0,0,0,0,5301,94916,1,0,0,0,5301.0,94916.0,1.0
2024,1611.0,"Messer Energy Services, Inc.",B,Energy,O,NY,Retail Power Marketer,NYIS,0,0,0,0,0,0,18,346,1,0,0,0,18.0,346.0,1.0
2024,1611.0,"Messer Energy Services, Inc.",B,Energy,O,OH,Retail Power Marketer,PJM,0,0,0,0,0,0,10414,240404,5,0,0,0,10414.0,240404.0,5.0
2024,1611.0,"Messer Energy Services, Inc.",B,Energy,O,PA,Retail Power Marketer,PJM,0,0,0,0,0,0,29609,561049,3,0,0,0,29609.0,561049.0,3.0
2024,1613.0,Berkeley Electric Coop Inc,A,Bundled,O,SC,Cooperative,SC,235265,1575297,115117,240829,3386125,18121,4263,41760,10,0,0,0,480357.0,5003182.0,133248.0
2024,1625.0,Benton Rural Electric Assn,A,Bundled,O,WA,Cooperative,BPAT,21279.3,229481,13422,12069.9,172650,1645,14599,218406,1386,,,,47948.2,620537.0,16453.0
2024,1640.0,City of Bessemer Utilities,A,Bundled,O,AL,Municipal,TVA,14276,116464,9378,19580,154423,1764,712,9433,1,0,0,0,34568.0,280320.0,11143.0
2024,1708.0,Big Sandy Rural Elec Coop Corp,A,Bundled,O,KY,Cooperative,PJM,20742,151557,11574,4001,32228,1028,1582,16422,9,,,,26325.0,200207.0,12611.0
2024,1723.0,"Big Bend Electric Coop, Inc",A,Bundled,O,WA,Cooperative,BPAT,10530.9,115719,5841,10348.3,124100,2059,22904.9,342029,2511,0,0,0,43784.1,581848.0,10411.0
2024,1738.0,Bonneville Power Administration,A,Bundled,O,OR,Federal,BPAT,,,,241,5760,1,,,,,,,241.0,5760.0,1.0
2024,1738.0,Bonneville Power Administration,A,Bundled,O,WA,Federal,BPAT,,,,30673,681918,7,7256,546474,3,,,,37929.0,1228392.0,10.0
2024,1763.0,"Black River Electric Coop, Inc - (SC)",A,Bundled,O,SC,Cooperative,SC,62240.3,462168,30610,17513.8,133573,4210,10220.7,126348,13,,,,89974.8,722089.0,34833.0
2024,1764.0,Black Diamond Power Co,A,Bundled,O,WV,Investor Owned,PJM,4975.5,32418,3479,1949.4,13864,454,,,,,,,6924.9,46282.0,3933.0
2024,1769.0,"Black Hills Electric Coop, Inc",A,Bundled,O,SD,Cooperative,SWPP,18125.5,122760,9227,5163.2,36002,1955,412.2,2221,96,0,0,0,23700.9,160983.0,11278.0
2024,1775.0,Black River Electric Coop - (MO),A,Bundled,O,MO,Cooperative,AECI,36664,286283,21575,16384,138800,3979,1504,20851,2,,,,54552.0,445934.0,25556.0
2024,1776.0,City of Black River Falls,A,Bundled,O,WI,Municipal,MISO,2635.4,18397,2321,4075.2,33861,564,137,479,1,0,0,0,6847.6,52737.0,2886.0
2024,1780.0,Black Warrior Elec Member Corp,A,Bundled,O,AL,Cooperative,SOCO,35392.8,267309,20053,12216.9,100396,6593,364.9,3695,2,,,,47974.6,371400.0,26648.0
2024,1857.0,Block Island Utility District,A,Bundled,O,RI,Political Subdivision,ISNE,3005,7576,1629,2922,7148,384,,,,,,,5927.0,14724.0,2013.0
2024,1884.0,BENCO Electric Cooperative,A,Bundled,O,MN,Cooperative,MISO,31200,207600,18361,11563,90700,1556,7500,79159,17,,,,50263.0,377459.0,19934.0
2024,1886.0,Blue Grass Energy Coop Corp,A,Bundled,O,KY,Cooperative,PJM,104665,849399,60641,22466,191732,3199,26937,360852,16,,,,154068.0,1401983.0,63856.0
2024,1889.0,Blue Ridge Elec Member Corp - (NC),A,Bundled,O,NC,Cooperative,DUK,109395,749928,71926,32284,260865,8829,7516,101301,7,,,,149195.0,1112094.0,80762.0
2024,1890.0,Blue Ridge Electric Coop Inc - (SC),A,Bundled,O,SC,Cooperative,DUK,153538.5,810672,67553,27761.2,199683,5301,13047.8,154713,59,,,,194347.5,1165068.0,72913.0
2024,1891.0,Blue Ridge Mountain EMC - (GA),A,Bundled,O,GA,Cooperative,TVA,47854,341281,30599,27017,180820,8225,0,0,0,0,0,0,74871.0,522101.0,38824.0
2024,1891.0,Blue Ridge Mountain EMC - (GA),A,Bundled,O,NC,Cooperative,TVA,24692,175796,15879,8691,49566,4360,1339,25511,1,0,0,0,34722.0,250873.0,20240.0
2024,1892.0,"Bluebonnet Electric Coop, Inc",A,Bundled,O,TX,Cooperative,ERCO,188096.4,1647723,113890,89212.7,1704548,17755,75739.3,740804,1574,,,,353048.4,4093075.0,133219.0
2024,1896.0,City of Bluffton - (IN),A,Bundled,O,IN,Municipal,PJM,5023,48379,5007,3456,32106,1013,17706,204465,34,,,,26185.0,284950.0,6054.0
2024,1936.0,Bolivar Energy Authority,A,Bundled,O,TN,Municipal,TVA,16757,124099,8929,11215,77047,2519,1369,18493,1,0,0,0,29341.0,219639.0,11449.0
2024,1997.0,City of Boscobel - (WI),A,Bundled,O,WI,Municipal,MISO,1234.7,11590,1448,2336.8,26061,333,345,4314,1,0,0,0,3916.5,41965.0,1782.0
2024,2001.0,Boone Electric Coop,A,Bundled,O,MO,Cooperative,AECI,57566,429513,33806,10657,99157,1344,4296,42439,7,,,,72519.0,571109.0,35157.0
2024,2008.0,City of Boulder City - (NV),A,Bundled,O,NV,Municipal,WALC,11007,106104,7145,6958,53955,923,120,933,6,0,0,0,18085.0,160992.0,8074.0
2024,2010.0,City of Bountiful,A,Bundled,O,UT,Municipal,PACE,20849.6,160774,15709,10495.3,88010,1658,2844.5,35238,1,0,0,0,34189.4,284022.0,17368.0
2024,2049.0,"Bowie-Cass Electric Coop, Inc",A,Bundled,O,TX,Cooperative,SWPP,59350.1,472356,34526,13586.6,115542,5298,3747.5,39904,8,,,,76684.2,627802.0,39832.0
2024,2054.0,City of Bowling Green - (OH),A,Bundled,O,OH,Municipal,PJM,15168,98734,13068,8743,59356,1703,38396,360103,79,,,,62307.0,518193.0,14850.0
2024,2056.0,City of Bowling Green - (KY),A,Bundled,O,KY,Municipal,TVA,33332,290316,27181,49271,465487,5331,7663,108410,5,0,0,0,90266.0,864213.0,32517.0
2024,2089.0,Bozrah Light & Power Company,A,Bundled,O,CT,Municipal,ISNE,4696,24294,2434,1704,8162,381,17288,179941,15,0,0,0,23688.0,212397.0,2830.0
2024,2138.0,Brainerd Public Utilities,A,Bundled,O,MN,Municipal,MISO,6342.9,52218,6956,21007.2,278324,1349,0,0,0,,,,27350.1,330542.0,8305.0
2024,2144.0,Town of Braintree - (MA),A,Bundled,O,MA,Municipal,ISNE,18800,119085,14039,31028,185048,2725,2774,18339,5,,,,52602.0,322472.0,16769.0
2024,2194.0,City of Brenham - (TX),A,Bundled,O,TX,Municipal,ERCO,8234,77840,6059,7280.3,79152,1359,8949.1,116218,24,,,,24463.4,273210.0,7442.0
2024,2212.0,"Broad River Electric Coop, Inc",A,Bundled,O,NC,Cooperative,DUK,990.4,6340,482,22.5,151,8,,,,,,,1012.9,6491.0,490.0
2024,2212.0,"Broad River Electric Coop, Inc",A,Bundled,O,SC,Cooperative,DUK,46599.3,292858,23140,6417.3,43717,1297,6367.9,76605,11,,,,59384.5,413180.0,24448.0
2024,2247.0,City of Bristol - (TN),A,Bundled,O,TN,Municipal,TVA,48093,444739,29622,37814,310905,4812,7205,105803,8,0,0,0,93112.0,861447.0,34442.0
2024,2248.0,Bristol Virginia Utilities,A,Bundled,O,VA,Municipal,TVA,21515,195777,13633,20643,178798,2849,4749,71743,3,0,0,0,46907.0,446318.0,16485.0
2024,2273.0,Brodhead Water & Lighting Comm,A,Bundled,O,WI,Municipal,MISO,1668.1,12628,1545,1651.7,13944,311,494.2,4248,1,0,0,0,3814.0,30820.0,1857.0
2024,2285.0,City of Brookings - (SD),A,Bundled,O,SD,Municipal,WACM,11361,102150,10544,4460,38506,1597,14740,180336,168,0,0,0,30561.0,320992.0,12309.0
2024,2394.0,Burke-Divide Electric Coop Inc,A,Bundled,O,ND,Cooperative,SWPP,3130,39715,1789,1544,14244,349,19542,159041,1357,,,,24216.0,213000.0,3495.0
2024,2409.0,Brownsville Public Utilities Board,A,Bundled,O,TX,Municipal,ERCO,81913,644833,48146,87336,685671,6566,0,0,0,0,0,0,169249.0,1330504.0,54712.0
2024,2411.0,City of Brownsville,A,Bundled,O,TN,Municipal,TVA,5728,50123,4067,6976,57247,1351,4884,75259,3,0,0,0,17588.0,182629.0,5421.0
2024,2442.0,City of Bryan - (TX),A,Bundled,O,TX,Municipal,ERCO,89811,788907,58284,63628,665412,10387,12856,161336,14,0,,,166295.0,1615655.0,68685.0
2024,2487.0,City of Buford,A,Bundled,O,GA,Municipal,SOCO,5277,39567,2985,10335.8,74983,1049,10169.3,99548,26,,,,25782.1,214098.0,4060.0
2024,2502.0,"Buckeye Rural Elec Coop, Inc",A,Bundled,O,OH,Cooperative,PJM,40808.7,205052,16349,4352.6,18933,2265,1548.3,9523,88,,,,46709.6,233508.0,18702.0
2024,2507.0,City of Burbank Water and Power,A,Bundled,O,CA,Municipal,LDWP,49794,258668,46157,123658,683972,6998,,,,,,,173452.0,942640.0,53155.0
2024,2548.0,City of Burlington Electric - (VT),A,Bundled,O,VT,Municipal,ISNE,16987.2,89954,17861,29791.2,167696,3972,8909.2,64937,9,0,0,0,55687.6,322587.0,21842.0
2024,2643.0,Butler Public Power District - (NE),A,Bundled,O,NE,Political Subdivision,SWPP,7292,65668,4774,3606,38920,610,9492,107000,1184,0,0,0,20390.0,211588.0,6568.0
2024,2651.0,Butler Rural Electric Coop Inc - (OH),A,Bundled,O,OH,Cooperative,PJM,32898,181115,11374,2524,15520,463,1712,13828,8,,,,37134.0,210463.0,11845.0
2024,2652.0,Butler County Rural Elec Coop - (IA),A,Bundled,O,IA,Cooperative,SWPP,9793.6,63458,3898,8.1,21,10,18578.3,213587,1202,,,,28380.0,277066.0,5110.0
2024,2678.0,C & L Electric Coop Corp,A,Bundled,O,AR,Cooperative,MISO,33414,251978,20000,12694,98700,2251,1569,15968,10,,,,47677.0,366646.0,22261.0
2024,2774.0,CMS Electric Coop Inc,A,Bundled,O,KS,Cooperative,SWPP,4896.8,26157,3198,12966.9,92459,2601,7062.2,84042,86,,,,24925.9,202658.0,5885.0
2024,2812.0,City of Calhoun - (GA),A,Bundled,O,GA,Municipal,SOCO,7020.6,50099,4944,10250.6,71728,1290,21020.4,238785,20,,,,38291.6,360612.0,6254.0
2024,2830.0,Calpine Power America LLC,B,Energy,O,CA,Retail Power Marketer,CISO,,,,60746,1286540,4,,,,,,,60746.0,1286540.0,4.0
2024,2830.0,Calpine Power America LLC,B,Energy,O,ME,Retail Power Marketer,ISNE,,,,,,,165,4632,1,,,,165.0,4632.0,1.0
2024,2830.0,Calpine Power America LLC,D,Bundled,O,TX,Retail Power Marketer,ERCO,,,,,,,6417,193604,1,,,,6417.0,193604.0,1.0
2024,2849.0,Central Electric Power Assn - (MS),A,Bundled,O,MS,Cooperative,TVA,57602,471500,30905,34555,265696,8062,13292,191348,8,0,0,0,105449.0,928544.0,38975.0
2024,2903.0,Canoochee Electric Member Corp,A,Bundled,O,GA,Cooperative,SOCO,45716.1,326992,24180,9207.3,100438,450,7201.1,67944,846,,,,62124.5,495374.0,25476.0
2024,2911.0,"Canadian Valley Elec Coop, Inc",A,Bundled,O,OK,Cooperative,SWPP,44985.1,377977,24605,21560.1,216425,2745,13420.1,223000,11,,,,79965.3,817402.0,27361.0
2024,2960.0,"Caney Fork Electric Coop, Inc",A,Bundled,O,TN,Cooperative,TVA,53128,412293,29631,21314,135795,6254,4498,65012,3,0,0,0,78940.0,613100.0,35888.0
2024,2985.0,"Capital Electric Coop, Inc",A,Bundled,O,ND,Cooperative,SWPP,29185.8,237167,19530,15458.3,147812,2935,139.8,1096,61,,,,44783.9,386075.0,22526.0
2024,3046.0,Duke Energy Progress - (NC),A,Bundled,O,NC,Investor Owned,CPLE,2544963.1,16374479,1356079,1547776,13677330,217915,584029.4,7420795,2775,0,0,0,4676768.5,37472604.0,1576769.0
2024,3046.0,Duke Energy Progress - (NC),A,Bundled,O,SC,Investor Owned,CPLE,294067.7,1976600,143713,191543.1,1654864,32671,153607.8,2180767,422,0,0,0,639218.6,5812231.0,176806.0
2024,3075.0,Carroll County - (TN),A,Bundled,O,TN,Municipal,TVA,21176,177621,12344,13035,107426,3225,10065,194048,2,0,0,0,44276.0,479095.0,15571.0
2024,3081.0,Carroll Electric Member Corp - (GA),A,Bundled,O,GA,Cooperative,SOCO,102625,767238,53299,18018,139499,2851,20373,274301,40,,,,141016.0,1181038.0,56190.0
2024,3093.0,Carroll Electric Coop Corp - (AR),A,Bundled,O,AR,Cooperative,SWPP,161753,1320033,101154,45662,443350,6914,27686,364278,52,0,0,0,235101.0,2127661.0,108120.0
2024,3093.0,Carroll Electric Coop Corp - (AR),A,Bundled,O,MO,Cooperative,SWPP,16589,130620,12109,2991,26360,1014,,,,,,,19580.0,156980.0,13123.0
2024,3107.0,Carteret-Craven El Member Corp,A,Bundled,O,NC,Cooperative,CPLE,57043.6,469633,38858,14648,139243,4278,,,,,,,71691.6,608876.0,43136.0
2024,3108.0,City of Cartersville - (GA),A,Bundled,O,GA,Municipal,SOCO,12657.8,86931,6711,29442,231703,1468,18542.7,261013,5,,,,60642.5,579647.0,8184.0
2024,3113.0,City of Carthage - (MO),A,Bundled,O,MO,Municipal,SWPP,11087,78868,7106,7504,61500,1119,13494,139595,26,,,,32085.0,279963.0,8251.0
2024,3203.0,Cedar Falls Utilities,A,Bundled,O,IA,Municipal,MISO,17475.7,167715,17772,28074.5,492516,2226,4760,65608,248,,,,50310.2,725839.0,20246.0
2024,3205.0,Cedar-Knox Public Power Dist,A,Bundled,O,NE,Political Subdivision,SWPP,7787.6,92243,5556,9255.8,132351,774,5323.5,41841,1373,,,,22366.9,266435.0,7703.0
2024,3208.0,Cedarburg Light & Water Comm,A,Bundled,O,WI,Municipal,MISO,5802.9,45697,6063,5275.1,48200,948,920.7,11847,1,0,0,0,11998.7,105744.0,7012.0
2024,3216.0,City of Celina - (OH),A,Bundled,O,OH,Municipal,PJM,9047,99237,7557,8288,72386,897,6163,84539,14,,,,23498.0,256162.0,8468.0
2024,3222.0,Central Alabama Electric Coop,A,Bundled,O,AL,Cooperative,SOCO,104651,628803,45036,13856,100391,2380,1088,8952,4,,,,119595.0,738146.0,47420.0
2024,3226.0,"Central Rural Electric Cooperative, Inc",A,Bundled,O,OK,Cooperative,AECI,41022.6,354953,19650,27309.2,247180,4948,1469.8,12052,4,,,,69801.6,614185.0,24602.0
2024,3236.0,"Central Electric Coop, Inc - (SD)",A,Bundled,O,SD,Cooperative,WACM,15642.9,114649,6483,3572.2,28131,688,17683.4,205072,180,0,0,0,36898.5,347852.0,7351.0
2024,3240.0,Central Electric Coop Inc - (OR),A,Bundled,O,OR,Cooperative,BPAT,55629.6,570582,34562,10862.9,139184,3193,7774.7,107080,1109,0,0,0,74267.2,816846.0,38864.0
2024,3245.0,"Central Florida Elec Coop, Inc",A,Bundled,O,FL,Cooperative,SEC,56144,412201,32771,12861,104426,3312,6903,72824,911,,,,75908.0,589451.0,36994.0
2024,3248.0,Central Georgia El Member Corp,A,Bundled,O,GA,Cooperative,SOCO,114965,939245,61155,22756,203992,5873,23748,334806,107,,,,161469.0,1478043.0,67135.0
2024,3249.0,Central Hudson Gas & Elec Corp,A,Bundled,O,NY,Investor Owned,NYIS,462463,1839240,229592,175177,1005836,37980,10221,63537,602,0,0,0,647861.0,2908613.0,268174.0
2024,3249.0,Central Hudson Gas & Elec Corp,C,Delivery,O,NY,Investor Owned,NYIS,54570,328547,41267,64151,1003658,11492,21222,777221,259,0,0,0,139943.0,2109426.0,53018.0
2024,3250.0,Central Electric Membership Corp. - (NC),A,Bundled,O,NC,Cooperative,CPLE,48766.4,340189,22071,6794.3,54410,2541,3639.4,46520,14,,,,59200.1,441119.0,24626.0
2024,3264.0,Central Lincoln People's Ut Dt,A,Bundled,O,OR,Political Subdivision,BPAT,46668.3,426809,35904,16799.1,175177,5418,30122.3,592716,205,,,,93589.7,1194702.0,41527.0
2024,3265.0,Cleco Power LLC,A,Bundled,O,LA,Investor Owned,MISO,453519,3677934,251927,318698,2824748,42956,177175,2274844,502,,,,949392.0,8777526.0,295385.0
2024,3266.0,Central Maine Power Co,A,Bundled,O,ME,Investor Owned,ISNE,813652,3471992,519295,210292,997548,52081,15916,78155,927,0,0,0,1039860.0,4547695.0,572303.0
2024,3266.0,Central Maine Power Co,C,Delivery,O,ME,Investor Owned,ISNE,50446,390600,58660,153761,2256782,25587,70406,1632930,778,0,0,0,274613.0,4280312.0,85025.0
2024,3268.0,Central Missouri Elec Coop Inc,A,Bundled,O,MO,Cooperative,AECI,22833,182465,11167,3406.5,30985,364,8177.7,113698,3,,,,34417.2,327148.0,11534.0
2024,3273.0,"Central New Mexico El Coop, Inc",A,Bundled,O,NM,Cooperative,PNM,23048,134301,19126,11664,51915,1647,6203,78907,249,,,,40915.0,265123.0,21022.0
2024,3282.0,"Central Texas Elec Coop, Inc",A,Bundled,O,TX,Cooperative,ERCO,56175.7,509400,39569,8428.6,77510,4043,18625.7,278655,3981,,,,83230.0,865565.0,47593.0
2024,3287.0,"Central Valley Elec Coop, Inc",A,Bundled,O,NM,Cooperative,SWPP,7730.9,86800,6150,5713.9,42791,4680,56364.1,782215,4395,,,,69808.9,911806.0,15225.0
2024,3291.0,Central Virginia Electric Coop,A,Bundled,O,VA,Cooperative,PJM,80033,495787,34893,15784,112296,4652,10280,106787,28,,,,106097.0,714870.0,39573.0
2024,3295.0,City of Centralia - (WA),A,Bundled,O,WA,Municipal,BPAT,12028.2,121687,9068,3836.5,32928,1557,10385.9,105963,134,,,,26250.6,260578.0,10759.0
2024,3329.0,Borough of Chambersburg,A,Bundled,O,PA,Municipal,PJM,11653.3,97501,9914,12992.2,119572,1783,9324.8,107070,21,0,0,0,33970.3,324143.0,11718.0
2024,3355.0,City of Chanute,A,Bundled,O,KS,Municipal,SWPP,5622,43631,4556,4958,41735,917,14515,193791,94,,,,25095.0,279157.0,5567.0
2024,3400.0,City of Chaska - (MN),A,Bundled,O,MN,Municipal,MISO,13849.6,85049,10954,27099.1,210864,1045,16147.9,124897,109,,,,57096.6,420810.0,12108.0
2024,3408.0,City of Chattanooga - (TN),A,Bundled,O,GA,Municipal,TVA,18023,146590,10366,6226,46950,1066,1902,46345,2,0,0,0,26151.0,239885.0,11434.0
2024,3408.0,City of Chattanooga - (TN),A,Bundled,O,TN,Municipal,TVA,269847,2190871,164417,253847,2142926,24691,80555,1230085,63,0,0,0,604249.0,5563882.0,189171.0
2024,3413.0,PUD No 1 of Chelan County,A,Bundled,O,WA,Political Subdivision,CHPD,33049.1,900538,42120,19956.2,487575,6582,16128.5,470409,1435,,,,69133.8,1858522.0,50137.0
2024,3426.0,Cherokee Electric Coop - (AL),A,Bundled,O,AL,Cooperative,TVA,38021,252438,18830,20730,118484,7734,3137,29752,2,0,0,0,61888.0,400674.0,26566.0
2024,3436.0,Cherryland Electric Coop Inc,A,Bundled,O,MI,Cooperative,MISO,46240.3,282656,35100,13125.7,113954,3117,1188.9,9458,341,,,,60554.9,406068.0,38558.0
2024,3461.0,Cheyenne Light Fuel & Power,A,Bundled,O,WY,Investor Owned,WACM,47383,279321,39954,155800,1742799,5434,14609.2,168031,2,0,0,0,217792.2,2190151.0,45390.0
2024,3470.0,Cherokee County Elec Coop Assn - (TX),A,Bundled,O,TX,Cooperative,ERCO,42747,286577,22026,8396,58533,1739,6949,124503,3,,,,58092.0,469613.0,23768.0
2024,3475.0,City of Chickamauga,A,Bundled,O,GA,Municipal,TVA,1398,10264,831,1372,11428,142,0,0,0,0,0,0,2770.0,21692.0,973.0
2024,3477.0,City of Chicopee - (MA),A,Bundled,O,MA,Municipal,ISNE,31462.1,194636,23218,20106,121635,2794,17334.7,121566,40,,,,68902.8,437837.0,26052.0
2024,3478.0,Cimarron Electric Coop,A,Bundled,O,OK,Cooperative,SWPP,21038,177210,15258,41337,383554,4321,11162,177170,13,,,,73537.0,737934.0,19592.0
2024,3502.0,"Choctawhatche Elec Coop, Inc",A,Bundled,O,FL,Cooperative,SOCO,109837.3,829925,57070,31435.6,270906,9407,1339,15545,2,0,0,0,142611.9,1116376.0,66479.0
2024,3503.0,"Choptank Electric Cooperative, Inc",A,Bundled,O,MD,Cooperative,PJM,111393.4,676954,50697,35797,234147,6132,13602,122803,216,,,,160792.4,1033904.0,57045.0
2024,3522.0,Chugach Electric Assn Inc,A,Bundled,O,AK,Cooperative,CEA,125486.7,590921,97048,209672.6,1242359,16325,7514.7,52775,5,0,0,0,342674.0,1886055.0,113378.0
2024,3527.0,Choctaw Electric Coop Inc,A,Bundled,O,OK,Cooperative,SWPP,40176,304160,21483,9055,110863,315,5917,106593,2,,,,55148.0,521616.0,21800.0
2024,3542.0,Duke Energy Ohio Inc,A,Bundled,O,OH,Investor Owned,PJM,470342.6,3135248,294084,132804.6,1141458,22054,7386.8,84589,366,,,,610534.0,4361295.0,316504.0
2024,3542.0,Duke Energy Ohio Inc,C,Delivery,O,OH,Investor Owned,PJM,338070.9,4331031,399351,258299.9,6461984,42396,73333,4419380,1549,,,,669703.8,15212395.0,443296.0
2024,3597.0,Citizens Electric Co - (PA),A,Bundled,O,PA,Investor Owned,PJM,11121,81599,5958,3124,22397,1128,1182,9598,22,0,0,0,15427.0,113594.0,7108.0
2024,3597.0,Citizens Electric Co - (PA),C,Delivery,O,PA,Investor Owned,PJM,5,124,5,107,3492,43,532,33691,18,0,0,0,644.0,37307.0,66.0
2024,3600.0,Citizens Electric Corporation - (MO),A,Bundled,O,MO,Cooperative,MISO,44849.3,292472,24826,12151,90081,2817,80790.3,1286811,127,0,0,0,137790.6,1669364.0,27770.0
2024,3641.0,"Claiborne Electric Coop, Inc",A,Bundled,O,LA,Cooperative,MISO,37725.2,290221,21438,10363.8,80672,2638,24600.2,221528,99,,,,72689.2,592421.0,24175.0
2024,3644.0,PUD No 1 of Clallam County,A,Bundled,O,WA,Political Subdivision,BPAT,54471.3,459616,30585,16940.2,174021,3494,1512.9,19771,1,,,,72924.4,653408.0,34080.0
2024,3647.0,City of Claremore,A,Bundled,O,OK,Municipal,SWPP,17927,135426,11855,4390,31396,1335,11180,116626,137,,,,33497.0,283448.0,13327.0
2024,3660.0,PUD No 1 of Clark County - (WA),A,Bundled,O,WA,Political Subdivision,BPAT,276231.2,2653494,219477,116227,1365364,20389,44592.9,737975,30,0,0,0,437051.1,4756833.0,239896.0
2024,3687.0,Clark Energy Coop Inc - (KY),A,Bundled,O,KY,Cooperative,PJM,43579,328940,26203,11648,91902,2142,1195,13891,2,,,,56422.0,434733.0,28347.0
2024,3704.0,City of Clarksville - (TN),A,Bundled,O,TN,Municipal,TVA,130520,1021858,75953,69667,575059,9358,4293,69522,3,0,0,0,204480.0,1666439.0,85314.0
2024,3705.0,Clarksville Connected Utilities,A,Bundled,O,AR,Municipal,SWPP,3923.8,45234,3812,3714.7,35537,716,7982.8,116217,50,,,,15621.3,196988.0,4578.0
2024,3712.0,Clay County Electric Coop Corp - (AR),A,Bundled,O,AR,Cooperative,MISO,15795.6,111277,10523,11892.7,83420,2779,7938,92833,14,,,,35626.3,287530.0,13316.0
2024,3712.0,Clay County Electric Coop Corp - (AR),A,Bundled,O,MO,Cooperative,MISO,72.9,500,48,16.5,141,5,,,,,,,89.4,641.0,53.0
2024,3755.0,Cleveland Electric Illum Co,A,Bundled,O,OH,Investor Owned,PJM,162787.4,971325,131370,63996.4,344160,11225,12909.6,93908,62,0,0,0,239693.4,1409393.0,142657.0
2024,3755.0,Cleveland Electric Illum Co,C,Delivery,O,OH,Investor Owned,PJM,349200.5,4471242,544728,365022.3,5484804,70476,91841.3,5734908,593,714.6,28573,1,806778.7,15719527.0,615798.0
2024,3757.0,"Clay Electric Cooperative, Inc - (FL)",A,Bundled,O,FL,Cooperative,SEC,326753.7,2495611,171179,78068.3,723061,22773,28888.5,429338,34,,,,433710.5,3648010.0,193986.0
2024,3758.0,City of Cleveland - (TN),A,Bundled,O,TN,Municipal,TVA,48649,388347,29331,44672,376139,4999,17967,254629,18,0,0,0,111288.0,1019115.0,34348.0
2024,3762.0,City of Cleveland - (OH),A,Bundled,O,OH,Municipal,PJM,57086.1,383954,64914,85754.9,618173,8729,50582.1,543410,23,,,,193423.1,1545537.0,73666.0
2024,3812.0,City of Clinton - (TN),A,Bundled,O,TN,Municipal,TVA,48583,373990,26230,24259,183352,5106,16618,247931,10,0,0,0,89460.0,805273.0,31346.0
2024,3824.0,Clyde Light & Power,A,Bundled,O,OH,Municipal,PJM,2998,24773,2776,2562,18287,346,12389,161398,10,,,,17949.0,204458.0,3132.0
2024,3828.0,Cloverland Electric Co-op,A,Bundled,O,MI,Cooperative,MISO,40335.8,280674,36086,34349.9,285591,7685,13725.3,155658,8,0,0,0,88411.0,721923.0,43779.0
2024,3841.0,Coast Electric Power Assn - (MS),A,Bundled,O,MS,Cooperative,SOCO,169730,1229148,82510,55316,447918,7730,16642,239498,7,0,0,,241688.0,1916564.0,90247.0
2024,3843.0,Coastal Electric Member Corp - (GA),A,Bundled,O,GA,Cooperative,SOCO,43271,310505,20559,11449.5,86559,3414,13704.5,175213,5,,,,68425.0,572277.0,23978.0
2024,3855.0,Columbia Power System - (TN),A,Bundled,O,TN,Municipal,TVA,48855,406984,31166,36281,316202,5409,10568,174592,2,0,0,0,95704.0,897778.0,36577.0
2024,3892.0,City of Coffeyville - (KS),A,Bundled,O,KS,Municipal,SWPP,5667.5,49147,4723,7049.7,60638,1006,41416.2,687658,11,0,0,0,54133.4,797443.0,5740.0
2024,3915.0,Coldwater Board of Public Util,A,Bundled,O,MI,Municipal,MISO,6548.4,44059,6393,6038.9,41953,1369,35346.4,389221,67,0,0,0,47933.7,475233.0,7829.0
2024,3916.0,Cobb Electric Membership Corp,A,Bundled,O,GA,Cooperative,SOCO,309076.8,2709931,200601,127033,1250717,23460,11620.1,144838,63,0,0,0,447729.9,4105486.0,224124.0
2024,3931.0,Coles-Moultrie Electric Coop,A,Bundled,O,IL,Cooperative,MISO,19469,113570,8456,7550,50271,1107,4120,35779,13,,,,31139.0,199620.0,9576.0
2024,3939.0,City of College Park - (GA),A,Bundled,O,GA,Municipal,SOCO,9923,77270,7924,38484.6,476181,1008,,,,,,,48407.6,553451.0,8932.0
2024,3940.0,City of College Station - (TX),A,Bundled,O,TX,Municipal,ERCO,69892,479801,42995,59496,456623,4054,,,,,,,129388.0,936424.0,47049.0
2024,3989.0,City of Colorado Springs - (CO),A,Bundled,O,CO,Municipal,WACM,232830,1611075,216771,117136,1224952,42408,165911,1811428,1503,0,0,0,515877.0,4647455.0,260682.0
2024,3991.0,CMS Energy Resource Management,B,Energy,O,MI,Retail Power Marketer,MISO,0,0,0,12032.4,256053,10,10353.3,176558,1,0,0,0,22385.7,432611.0,11.0
2024,4003.0,City of Colton - (CA),A,Bundled,O,CA,Municipal,CISO,27963.8,112530,17472,27568.1,68352,2313,27500.6,153120,279,,,,83032.5,334002.0,20064.0
2024,4041.0,"Columbia Rural Elec Assn, Inc",A,Bundled,O,OR,Cooperative,BPAT,113,873,44,27.8,94,24,473.4,5121,61,,,,614.2,6088.0,129.0
2024,4041.0,"Columbia Rural Elec Assn, Inc",A,Bundled,O,WA,Cooperative,BPAT,8490,59980,4339,8472.8,81835,1668,18152.1,228253,520,,,,35114.9,370068.0,6527.0
2024,4045.0,City of Columbia - (MO),A,Bundled,O,MO,Municipal,MISO,59891,429787,45651,51441,451891,7597,26415,270015,28,,,,137747.0,1151693.0,53276.0
2024,4063.0,Co-Mo Electric Coop Inc,A,Bundled,O,MO,Cooperative,AECI,60709,399938,31119,8775,66541,2279,1009,11275,1,,,,70493.0,477754.0,33399.0
2024,4065.0,City of Columbus - (OH),A,Bundled,O,OH,Municipal,PJM,11609,102518,15510,15633.4,112999,3530,65913,641354,481,,,,93155.4,856871.0,19521.0
2024,4068.0,City of Columbus - (MS),A,Bundled,O,MS,Municipal,TVA,14495,120690,8842,23706,204942,3722,2236,37207,4,0,0,0,40437.0,362839.0,12568.0
2024,4073.0,City of Columbus - (WI),A,Bundled,O,WI,Municipal,MISO,2356,19092,2459,2693.2,24225,444,2720.4,31988,3,0,0,0,7769.6,75305.0,2906.0
2024,4100.0,Just Energy Solutions Inc.,B,Energy,O,DE,Retail Power Marketer,PJM,2201.6,16669,1515,0,0,0,0,0,0,0,0,0,2201.6,16669.0,1515.0
2024,4100.0,Just Energy Solutions Inc.,B,Energy,O,IL,Retail Power Marketer,PJM,33901.6,312974,36786,1804.4,18930,1180,0,0,0,0,0,0,35706.0,331904.0,37966.0
2024,4100.0,Just Energy Solutions Inc.,B,Energy,O,MD,Retail Power Marketer,PJM,24420.5,182204,17230,416.8,2811,135,0,0,0,0,0,0,24837.3,185015.0,17365.0
2024,4100.0,Just Energy Solutions Inc.,B,Energy,O,NJ,Retail Power Marketer,PJM,1375.5,8624,953,7.6,42,2,0,0,0,0,0,0,1383.1,8666.0,955.0
2024,4100.0,Just Energy Solutions Inc.,B,Energy,O,OH,Retail Power Marketer,PJM,37447.1,394753,35612,23.4,266,27,0,0,0,0,0,0,37470.5,395019.0,35639.0
2024,4100.0,Just Energy Solutions Inc.,B,Energy,O,PA,Retail Power Marketer,PJM,5590.5,47987,5454,1919.2,11602,1625,0,0,0,0,0,0,7509.7,59589.0,7079.0
2024,4110.0,Commonwealth Edison Co,A,Bundled,O,IL,Investor Owned,PJM,3111162.4,20446776,2922223,992378.6,8061455,233326,118395.1,1608690,189,,,,4221936.1,30116921.0,3155738.0
2024,4110.0,Commonwealth Edison Co,C,Delivery,O,IL,Investor Owned,PJM,541227,6827049,805452,1121301.8,20749954,167695,845999.9,26260940,1862,13147.3,426515,2,2521676.0,54264458.0,975011.0
2024,4146.0,Concho Valley Elec Coop Inc,A,Bundled,O,TX,Cooperative,ERCO,17351.9,136357,12060,3766.7,25895,2213,23738.2,434351,1841,0,0,0,44856.8,596603.0,16114.0
2024,4150.0,City of Concord - (NC),A,Bundled,O,NC,Municipal,DUK,42312.6,357228,29857,45722.2,424490,4325,13493.9,154868,61,,,,101528.7,936586.0,34243.0
2024,4153.0,"Concordia Electric Coop, Inc",A,Bundled,O,LA,Cooperative,MISO,18072.4,135274,11879,7770.3,45798,1723,1710.4,9665,186,,,,27553.1,190737.0,13788.0
2024,4160.0,Callaway Electric Cooperative,A,Bundled,O,MO,Cooperative,AECI,28509.4,175061,12647,5829.5,49865,883,,,,,,,34338.9,224926.0,13530.0
2024,4176.0,Connecticut Light & Power Co,A,Bundled,O,CT,Investor Owned,ISNE,2074900,7278426,924132,411945.2,1811852,72531,25821.5,120635,1554,,,,2512666.7,9210913.0,998217.0
2024,4176.0,Connecticut Light & Power Co,C,Delivery,O,CT,Investor Owned,ISNE,418775.9,2575201,250288,740407.8,6647837,41100,138404.4,1540033,1271,12439.1,177405,2,1310027.2,10940476.0,292661.0
2024,4226.0,Consolidated Edison Co-NY Inc,A,Bundled,O,NY,Investor Owned,NYIS,4240108,11889829,2715069,2819770,10000499,454400,117953,381055,6961,109,414,1,7177940.0,22271797.0,3176431.0
2024,4226.0,Consolidated Edison Co-NY Inc,C,Delivery,O,NY,Investor Owned,NYIS,431703,1754139,348969,2746033,25041350,117849,220572,922837,3537,147444,2435847,1,3545752.0,30154173.0,470356.0
2024,4237.0,Consolidated Electric Coop,A,Bundled,O,MO,Cooperative,AECI,15022,115909,7649,3307,29945,579,8496,84733,87,,,,26825.0,230587.0,8315.0
2024,4247.0,Consolidated Water Power Co,A,Bundled,O,WI,Investor Owned,MISO,72.6,629,70,144.4,1433,15,26740.3,431003,6,0,0,0,26957.3,433065.0,91.0
2024,4254.0,Consumers Energy Co - (MI),A,Bundled,O,MI,Investor Owned,MISO,2387568.9,12495282,1657843,1780928.2,11899731,234456,718552.9,8543269,1232,,,,4887050.0,32938282.0,1893531.0
2024,4254.0,Consumers Energy Co - (MI),C,Delivery,O,MI,Investor Owned,MISO,,,,28657.9,956479,831,18592,2626110,130,,,,47249.9,3582589.0,961.0
2024,4262.0,Cooke County Elec Coop Assn,A,Bundled,O,TX,Cooperative,ERCO,30869,220350,15886,15023,126177,2105,4065,51431,6,0,0,0,49957.0,397958.0,17997.0
2024,4265.0,Continental Divide El Coop Inc,A,Bundled,O,NM,Cooperative,PNM,23992,149779,20415,15734,118417,2962,19670,300073,5,,,,59396.0,568269.0,23382.0
2024,4280.0,Conway Corporation,A,Bundled,O,AR,Municipal,MISO,30354,366220,30979,20236.2,257739,3161,18092,277336,100,,,,68682.2,901295.0,34240.0
2024,4294.0,City of Cookeville - (TN),A,Bundled,O,TN,Municipal,TVA,20619,182624,15946,35633,326551,3837,3048,48321,4,0,0,0,59300.0,557496.0,19787.0
2024,4295.0,Comanche County Elec Coop Assn,A,Bundled,O,TX,Cooperative,ERCO,15624,100698,7359,27085,430743,10698,5041,46226,95,,,,47750.0,577667.0,18152.0
2024,4296.0,"Cookson Hills Elec Coop, Inc",A,Bundled,O,OK,Cooperative,AECI,34586.6,243938,17551,4236,35111,1390,3758.1,37394,112,,,,42580.7,316443.0,19053.0
2024,4317.0,"Coos-Curry Electric Coop, Inc",A,Bundled,O,OR,Cooperative,BPAT,23980.9,180123,15869,10774,90035,2239,5283.6,56649,425,,,,40038.5,326807.0,18533.0
2024,4327.0,Coosa Valley Electric Coop Inc,A,Bundled,O,AL,Cooperative,SOCO,35671,227026,15612,6073,31744,2693,8551,66364,124,,,,50295.0,325134.0,18429.0
2024,4356.0,Colorado River Comm of Nevada,B,Energy,O,NV,State,NEVP,0,0,0,3858.1,134022,11,3596.1,149530,4,0,0,0,7454.2,283552.0,15.0
2024,4356.0,Colorado River Comm of Nevada,C,Delivery,O,NV,State,NEVP,0,0,0,2580,757910,1,0,0,0,0,0,0,2580.0,757910.0,1.0
2024,4362.0,Corn Belt Energy Corporation,A,Bundled,O,IL,Cooperative,MISO,60011.3,380839,34710,23698.6,178417,2470,5266,71364,3,,,,88975.9,630620.0,37183.0
2024,4373.0,Cornhusker Public Power Dist,A,Bundled,O,NE,Political Subdivision,SWPP,13804.8,127295,7385,6946.1,81441,557,17012.6,195427,2463,0,0,0,37763.5,404163.0,10405.0
2024,4390.0,City of Corona - (CA),A,Bundled,O,CA,Municipal,CISO,1283.6,8282,1285,6479.2,45845,548,3232.9,27932,9,0,0,0,10995.7,82059.0,1842.0
2024,4390.0,City of Corona - (CA),B,Energy,O,CA,Municipal,CISO,0,0,0,1475.2,18855,926,2602.6,34488,5,0,0,0,4077.8,53343.0,931.0
2024,4401.0,"Cotton Electric Coop, Inc",A,Bundled,O,OK,Cooperative,SWPP,36617.3,308792,19696,20718.4,205491,4019,21899.5,348631,29,0,0,0,79235.2,862914.0,23744.0
2024,4410.0,"Shell Energy North America (US), L.P.",B,Energy,O,CA,Retail Power Marketer,CISO,0,0,0,491800.6,3963447,10852,156076.6,1477769,318,0,0,0,647877.2,5441216.0,11170.0
2024,4410.0,"Shell Energy North America (US), L.P.",B,Energy,O,NV,Retail Power Marketer,NEVP,0,0,0,0,0,0,30499.1,917435,1,0,0,0,30499.1,917435.0,1.0
2024,4410.0,"Shell Energy North America (US), L.P.",B,Energy,O,OR,Retail Power Marketer,PGE,0,0,0,1404.6,8003,3,7039.5,97581,7,0,0,,8444.1,105584.0,10.0
2024,4410.0,"Shell Energy North America (US), L.P.",B,Energy,O,WA,Retail Power Marketer,PSEI,0,0,0,0,0,0,14808.9,182721,2,0,0,0,14808.9,182721.0,2.0
2024,4430.0,"Covington Electric Coop, Inc",A,Bundled,O,AL,Cooperative,SOCO,52781.9,316974,23281,8821.7,65311,1394,2229.8,23724,8,,,,63833.4,406009.0,24683.0
2024,4432.0,Coweta-Fayette El Member Corp,A,Bundled,O,GA,Cooperative,SOCO,157461.4,1229803,83001,42895.2,318998,6631,13997.4,180387,62,,,,214354.0,1729188.0,89694.0
2024,4433.0,City of Covington - (GA),A,Bundled,O,GA,Municipal,SOCO,23283,159780,12459,19958.8,148823,2008,12662.1,163399,8,,,,55903.9,472002.0,14475.0
2024,4437.0,City of Covington - (TN),A,Bundled,O,TN,Municipal,TVA,5298,47690,3727,10365,93136,983,5682,81335,3,0,0,0,21345.0,222161.0,4713.0
2024,4442.0,PUD No 1 of Cowlitz County,A,Bundled,O,WA,Political Subdivision,BPAT,67600,768514,48267,33320,378239,5418,146466,2991042,31,0,0,0,247386.0,4137795.0,53716.0
2024,4508.0,"Crawfordsville Elec, Lgt & Pwr",A,Bundled,O,IN,Municipal,MISO,11550.6,84808,8615,5147.7,38468,1489,27581.3,250829,89,,,,44279.6,374105.0,10193.0
2024,4509.0,Craighead Electric Coop Corp,A,Bundled,O,AR,Cooperative,MISO,46240,385539,25326,15863,122431,6243,9790,71433,1236,,,,71893.0,579403.0,32805.0
2024,4524.0,"Crawford Electric Coop, Inc",A,Bundled,O,MO,Cooperative,AECI,33542,262433,19775,5322.8,49209,1752,245.4,3301,3,,,,39110.2,314943.0,21530.0
2024,4538.0,Crisp County Power Comm,A,Bundled,O,GA,Political Subdivision,SOCO,21172.7,145602,9206,17943.1,112153,2836,11350.2,121918,53,,,,50466.0,379673.0,12095.0
2024,4577.0,Crow Wing Cooperative Power & Light Comp,A,Bundled,O,MN,Cooperative,MISO,57820.2,433747,44698,16377.9,142396,2935,10786.2,108624,226,,,,84984.3,684767.0,47859.0
2024,4604.0,City of Crystal Falls,A,Bundled,O,MI,Municipal,MISO,1385.9,7342,1330,1387.7,8993,273,0,0,0,0,0,0,2773.6,16335.0,1603.0
2024,4607.0,City of Cuba City,A,Bundled,O,WI,Municipal,MISO,881.6,7724,985,1060.2,9950,147,0,0,0,0,0,0,1941.8,17674.0,1132.0
2024,4617.0,Cullman Power Board,A,Bundled,O,AL,Municipal,TVA,11442,90546,7049,20169,164614,2026,1908,19807,3,0,0,0,33519.0,274967.0,9078.0
2024,4618.0,"Cullman Electric Coop, Inc",A,Bundled,O,AL,Cooperative,TVA,78419,591417,39779,34728,244981,8619,21828,274103,14,0,0,0,134975.0,1110501.0,48412.0
2024,4622.0,"Cumberland Valley Electric, Inc.",A,Bundled,O,KY,Cooperative,PJM,37629,292418,22478,11538,143506,1627,7742,82738,77,,,,56909.0,518662.0,24182.0
2024,4622.0,"Cumberland Valley Electric, Inc.",A,Bundled,O,TN,Cooperative,PJM,105,734,78,,,,,,,,,,105.0,734.0,78.0
2024,4624.0,Cumberland Elec Member Corp,A,Bundled,O,TN,Cooperative,TVA,213610,1643858,100585,73133,565206,11899,45337,670899,28,0,0,0,332080.0,2879963.0,112512.0
2024,4671.0,Custer Public Power District,A,Bundled,O,NE,Political Subdivision,SWPP,9426.4,74178,4707,6424,51368,1277,13963.9,107359,5062,0,0,0,29814.3,232905.0,11046.0
2024,4675.0,Cuivre River Electric Coop Inc,A,Bundled,O,MO,Cooperative,AECI,122727.7,1108303,72974,5794.5,50072,1346,19109.9,236182,233,0,0,0,147632.1,1394557.0,74553.0
2024,4683.0,City of Cuyahoga Falls - (OH),A,Bundled,O,OH,Municipal,PJM,23284,178861,24349,7324,55945,2235,17897,156914,199,0,0,0,48505.0,391720.0,26783.0
2024,4715.0,Dahlberg Light & Power Co,A,Bundled,O,WI,Investor Owned,MISO,9135,72394,10939,2311,18931,1286,1406,14638,33,,,,12852.0,105963.0,12258.0
2024,4717.0,Dakota Valley Elec Coop Inc,A,Bundled,O,ND,Cooperative,MISO,14650.3,121970,5721,1203.2,9139,480,42500.5,546465,731,0,0,0,58354.0,677574.0,6932.0
2024,4720.0,Dakota Energy Coop Inc,A,Bundled,O,SD,Cooperative,WACM,9522.9,62251,3224,4658.8,47095,406,11976,154215,8,,,,26157.7,263561.0,3638.0
2024,4743.0,"Consumers Power, Inc",A,Bundled,O,OR,Cooperative,BPAT,34405.7,264443,18751,12879.6,104148,4496,3977.6,42198,522,,,,51262.9,410789.0,23769.0
2024,4744.0,Dalton Utilities,A,Bundled,O,GA,Municipal,SOCO,15788,156755,13482,110515,1979990,4316,63892,1160079,224,,,,190195.0,3296824.0,18022.0
2024,4794.0,City of Danville - (VA),A,Bundled,O,VA,Municipal,PJM,67661.6,450854,37781,30513.3,282358,5174,17181.9,236969,29,,,,115356.8,970181.0,42984.0
2024,4848.0,Daviess Martin County R E M C,A,Bundled,O,IN,Cooperative,MISO,18346,121109,7975,4484,31743,551,20633,251524,3,,,,43463.0,404376.0,8529.0
2024,4911.0,Dawson Power District,A,Bundled,O,NE,Political Subdivision,SWPP,27989.2,245306,16080,7451.7,71275,1523,29430,234786,5858,,,,64870.9,551367.0,23461.0
2024,4920.0,City of Dayton - (TN),A,Bundled,O,TN,Municipal,TVA,13972,116633,9053,11635,91097,2356,6054,91526,5,0,0,0,31661.0,299256.0,11414.0
2024,4922.0,Dayton Power & Light Co,A,Bundled,O,OH,Investor Owned,PJM,223026,1455682,132522,53784,387706,11039,12683,94916,184,0,0,0,289493.0,1938304.0,143745.0
2024,4922.0,Dayton Power & Light Co,C,Delivery,O,OH,Investor Owned,PJM,229159,3836441,346219,135240,4517943,49375,54549,3521813,1496,70,3073,1,419018.0,11879270.0,397091.0
2024,4939.0,"Deaf Smith Electric Coop, Inc",A,Bundled,O,TX,Cooperative,SWPP,4921.9,55734,5333,8108.4,150741,1522,42132.8,602401,8457,,,,55163.1,808876.0,15312.0
2024,4958.0,Decatur Utilities,A,Bundled,O,AL,Municipal,TVA,35773,320833,22820,33558,304667,4104,31357,532532,11,0,0,0,100688.0,1158032.0,26935.0
2024,4960.0,Decatur County Rural E M C,A,Bundled,O,IN,Cooperative,MISO,17960.6,113442,8088,4648.3,37182,213,17903,200436,6,,,,40511.9,351060.0,8307.0
2024,4975.0,Deep East Texas Elec Coop Inc,A,Bundled,O,TX,Cooperative,MISO,63407,483986,40404,24234,203246,4924,9577,136951,25,,,,97218.0,824183.0,45353.0
2024,5027.0,Delmarva Power,A,Bundled,O,DE,Investor Owned,PJM,502490.3,2916139,275018,143772.7,869426,26154,1453.7,16425,38,0,0,0,647716.7,3801990.0,301210.0
2024,5027.0,Delmarva Power,A,Bundled,O,MD,Investor Owned,PJM,393798.5,1947292,172008,81293.6,410291,17890,1309.5,6725,45,0,0,0,476401.6,2364308.0,189943.0
2024,5027.0,Delmarva Power,C,Delivery,O,DE,Investor Owned,PJM,19550.1,272673,26932,73399.6,2634950,11376,8350.5,963878,70,0,0,0,101300.2,3871501.0,38378.0
2024,5027.0,Delmarva Power,C,Delivery,O,MD,Investor Owned,PJM,15248.2,173982,14360,70501.7,1280082,10718,10644.4,319873,90,0,0,0,96394.3,1773937.0,25168.0
2024,5063.0,City of Denton - (TX),A,Bundled,O,TX,Municipal,ERCO,90528.4,706593,58941,48485.6,1241113,7516,59792,614906,152,0,0,0,198806.0,2562612.0,66609.0
2024,5070.0,Delaware Electric Cooperative,A,Bundled,O,DE,Cooperative,PJM,184505,1297535,104839,42188,304626,13488,873,4692,317,,,,227566.0,1606853.0,118644.0
2024,5078.0,"Denton County Elec Coop, Inc",A,Bundled,O,TX,Cooperative,ERCO,596470,4330266,298734,93048.1,653218,22050,175840.6,1543171,2999,,,,865358.7,6526655.0,323783.0
2024,5086.0,Delta Montrose Electric Assn,A,Bundled,O,CO,Cooperative,WACM,41927.5,280040,32575,16678.8,143282,4053,10860.9,118410,265,,,,69467.2,541732.0,36893.0
2024,5109.0,DTE Electric Company,A,Bundled,O,MI,Investor Owned,MISO,3045482.9,15131396,2067758,2335247.7,16413078,210594,714756.9,8554762,713,771.9,5477,2,6096259.4,40104713.0,2279067.0
2024,5109.0,DTE Electric Company,C,Delivery,O,MI,Investor Owned,MISO,13.9,145,21,93676.9,2762059,4102,17532.4,1553193,116,0,0,0,111223.2,4315397.0,4239.0
2024,5148.0,City of Dickson,A,Bundled,O,TN,Municipal,TVA,53049,455401,30808,31635,252454,8154,11146,140180,20,0,0,0,95830.0,848035.0,38982.0
2024,5175.0,Dixie Electric Power Assn - (MS),A,Bundled,O,MS,Cooperative,MISO,73397.8,546187,37803,24391.1,197875,3657,8661.6,91800,23,,,,106450.5,835862.0,41483.0
2024,5202.0,Dixie Electric Membership Corp - (LA),A,Bundled,O,LA,Cooperative,MISO,209018,1754509,110675,27353,226972,7906,29496,282790,539,,,,265867.0,2264271.0,119120.0
2024,5204.0,Dixie Electric Coop - (AL),A,Bundled,O,AL,Cooperative,SOCO,46941,311929,22054,27355,187587,4697,10980,100948,34,,,,85276.0,600464.0,26785.0
2024,5309.0,City of Dothan - (AL),A,Bundled,O,AL,Municipal,SOCO,40445,377220,26752,43009,404400,5414,12518,166069,9,0,0,0,95972.0,947689.0,32175.0
2024,5325.0,City of Douglas,A,Bundled,O,GA,Municipal,SOCO,5597.8,58084,4124,22815,277603,1804,4209.6,49294,4,,,,32622.4,384981.0,5932.0
2024,5326.0,PUD No 1 of Douglas County,A,Bundled,O,WA,Political Subdivision,DOPD,14320,454640,16667,43060,1099016,828,1367,47373,58,,,,58747.0,1601029.0,17553.0
2024,5335.0,City of Dover - (DE),A,Bundled,O,DE,Municipal,PJM,32754,211090,21601,28924,222788,3485,26276,281006,40,,,,87954.0,714884.0,25126.0
2024,5336.0,City of Dover - (OH),A,Bundled,O,OH,Municipal,PJM,8214,54650,5869,4326,29249,920,12732,106700,104,,,,25272.0,190599.0,6893.0
2024,5394.0,Dubois Rural Electric Coop Inc,A,Bundled,O,IN,Cooperative,MISO,24189,168200,13419,2695,19640,982,10675,102774,93,,,,37559.0,290614.0,14494.0
2024,5399.0,Duck River Elec Member Corp,A,Bundled,O,TN,Cooperative,TVA,144303,1154607,71342,70285,525914,13828,19466,282324,15,0,0,0,234054.0,1962845.0,85185.0
2024,5416.0,"Duke Energy Carolinas, LLC",A,Bundled,O,NC,Investor Owned,DUK,3159208.3,22664575,1919372,2421144.3,24528909,309224,897842.9,11510418,4446,1273.5,12388,1,6479469.0,58716290.0,2233043.0
2024,5416.0,"Duke Energy Carolinas, LLC",A,Bundled,O,SC,Investor Owned,DUK,979168.3,7000781,568586,639009.6,6069714,103936,589568.2,8207655,1500,,,,2207746.1,21278150.0,674022.0
2024,5417.0,Dunn County Electric Coop,A,Bundled,O,WI,Cooperative,MISO,16534,106993,9482,5849,50910,1108,4402,52495,6,,,,26785.0,210398.0,10596.0
2024,5470.0,ConocoPhillips Company,D,Bundled,O,TX,Retail Power Marketer,ERCO,0,0,0,1031.8,19631,1,12326.1,247352,1,0,0,0,13357.9,266983.0,2.0
2024,5480.0,Town of Danvers,A,Bundled,O,MA,Municipal,ISNE,15865.4,96468,11594,5049.9,31795,1549,21753.7,163111,349,,,,42669.0,291374.0,13492.0
2024,5487.0,Duquesne Light Co,A,Bundled,O,PA,Investor Owned,PJM,685304,3151995,434171,159148,999403,38515,8532,63936,332,,,,852984.0,4215334.0,473018.0
2024,5487.0,Duquesne Light Co,C,Delivery,O,PA,Investor Owned,PJM,99094,877741,116234,165180,4708846,23855,38301,2945306,680,1328,14216,1,303903.0,8546109.0,140770.0
2024,5509.0,City of Dyersburg,A,Bundled,O,TN,Municipal,TVA,14465,129756,9475,15951,138532,2590,7554,104658,10,0,0,0,37970.0,372946.0,12075.0
2024,5535.0,Egyptian Electric Coop Assn,A,Bundled,O,IL,Cooperative,MISO,28817.4,185504,13707,16950,131959,1758,,,,,,,45767.4,317463.0,15465.0
2024,5551.0,City of Eagle River - (WI),A,Bundled,O,WI,Municipal,MISO,872.7,6024,1055,2673,23076,532,0,0,0,0,0,0,3545.7,29100.0,1587.0
2024,5574.0,East Central Energy,A,Bundled,O,MN,Cooperative,MISO,91815,543737,55250,32480.6,262442,6589,9302.5,111872,184,0,0,0,133598.1,918051.0,62023.0
2024,5574.0,East Central Energy,A,Bundled,O,WI,Cooperative,MISO,7728.1,46427,5182,959.1,6613,388,0,0,0,0,0,0,8687.2,53040.0,5570.0
2024,5578.0,East Mississippi Elec Pwr Assn,A,Bundled,O,MS,Cooperative,TVA,18042,126541,9885,12626,91099,3351,0,0,0,0,0,0,30668.0,217640.0,13236.0
2024,5582.0,City of East Point - (GA),A,Bundled,O,GA,Municipal,SOCO,19424.2,162306,16365,25146.7,274952,1507,,,,,,,44570.9,437258.0,17872.0
2024,5585.0,Eastern Illinois Elec Coop,A,Bundled,O,IL,Cooperative,MISO,28218,165027,11115,7968,51770,2370,2456,19230,14,0,0,0,38642.0,236027.0,13499.0
2024,5588.0,East-Central Iowa Rural Elec Coop,A,Bundled,O,IA,Cooperative,MISO,15812,119049,7368,6769,58457,1850,3100,36964,6,,,,25681.0,214470.0,9224.0
2024,5598.0,East Central Oklahoma Elec Coop Inc,A,Bundled,O,OK,Cooperative,AECI,54724,456285,33358,19663,203584,4081,,,,,,,74387.0,659869.0,37439.0
2024,5605.0,Eastern Iowa Light & Power Coop,A,Bundled,O,IA,Cooperative,MISO,38280.5,282368,20749,9270.4,77757,3304,15165.5,204507,17,,,,62716.4,564632.0,24070.0
2024,5609.0,Eastern Maine Electric Coop,A,Bundled,O,ME,Cooperative,NBSO,11130.9,65257,10803,3644.9,23378,2424,1841.3,13908,30,0,0,0,16617.1,102543.0,13257.0
2024,5625.0,Easton Utilities Comm,A,Bundled,O,MD,Municipal,PJM,14012.7,107317,8590,16750.4,132123,2400,,,,,,,30763.1,239440.0,10990.0
2024,5644.0,"Edisto Electric Coop, Inc",A,Bundled,O,SC,Cooperative,SC,36978.6,225535,15421,10378,56887,5863,11004.1,101091,33,,,,58360.7,383513.0,21317.0
2024,5656.0,Edgecombe-Martin County E M C,A,Bundled,O,NC,Cooperative,PJM,23470.4,146098,10716,4867,43033,1089,1620.6,19724,13,,,,29958.0,208855.0,11818.0
2024,5661.0,City of Edmond - (OK),A,Bundled,O,OK,Municipal,SWPP,60235.5,536722,39532,40232.8,389655,4929,,,,,,,100468.3,926377.0,44461.0
2024,5701.0,El Paso Electric Co,A,Bundled,O,NM,Investor Owned,EPE,85468,841142,94760,75662,900520,12614,4654,80423,10,0,0,0,165784.0,1822085.0,107384.0
2024,5701.0,El Paso Electric Co,A,Bundled,O,TX,Investor Owned,EPE,358322,2661560,312576,298425,3191326,39468,45081,981503,44,0,0,0,701828.0,6834389.0,352088.0
2024,5703.0,Empire Natural Gas Corporation,B,Energy,O,NY,Retail Power Marketer,NYIS,0,0,0,2402.4,36276,363,397.9,5820,30,0,0,0,2800.3,42096.0,393.0
2024,5729.0,Electrical Dist No8 Maricopa,A,Bundled,O,AZ,Political Subdivision,AZPS,,,,,,,23288,391510,695,,,,23288.0,391510.0,695.0
2024,5760.0,City of Elizabeth City - (NC),A,Bundled,O,NC,Municipal,CPLE,17876,152058,11366,14455,152165,2130,,,,,,,32331.0,304223.0,13496.0
2024,5763.0,City of Elizabethton - (TN),A,Bundled,O,TN,Municipal,TVA,37469,317055,23344,18845,162229,3707,2488,33605,2,0,0,0,58802.0,512889.0,27053.0
2024,5773.0,City of Elk River,A,Bundled,O,MN,Municipal,MISO,16337,103231,11776,4485,29416,1460,21712,184109,230,,,,42534.0,316756.0,13466.0
2024,5780.0,Elkhorn Rural Public Pwr Dist,A,Bundled,O,NE,Political Subdivision,SWPP,9923,105401,6146,3779,39089,781,18713,199904,3304,0,0,0,32415.0,344394.0,10231.0
2024,5832.0,Elmhurst Mutual Power & Light Co,A,Bundled,O,WA,Cooperative,BPAT,18921.7,227517,15410,3919.3,47127,785,,,,,,,22841.0,274644.0,16195.0
2024,5860.0,Empire District Electric Co,A,Bundled,O,AR,Investor Owned,SWPP,7105.1,53043,4813,4109.2,41003,829,6106.5,83712,11,,,,17320.8,177758.0,5653.0
2024,5860.0,Empire District Electric Co,A,Bundled,O,KS,Investor Owned,SWPP,13777.4,103256,8412,8153.1,54727,1456,6039.6,63055,47,,,,27970.1,221038.0,9915.0
2024,5860.0,Empire District Electric Co,A,Bundled,O,MO,Investor Owned,SWPP,258851,1727154,142537,198305.6,1543586,25159,91307.5,949398,280,,,,548464.1,4220138.0,167976.0
2024,5860.0,Empire District Electric Co,A,Bundled,O,OK,Investor Owned,SWPP,7101.5,48606,3901,6206.2,38313,960,6529.5,67089,9,,,,19837.2,154008.0,4870.0
2024,5862.0,"Empire Electric Assn, Inc",A,Bundled,O,CO,Cooperative,WACM,16733.5,109300,12899,15833,146168,2824,22918.7,320361,138,,,,55485.2,575829.0,15861.0
2024,5862.0,"Empire Electric Assn, Inc",A,Bundled,O,UT,Cooperative,WACM,1237.2,7608,946,1315.1,9919,352,4.2,15,5,,,,2556.5,17542.0,1303.0
2024,5880.0,"Energy Coop of New York, Inc",B,Energy,O,NY,Retail Power Marketer,NYIS,10702,169224,3958,23061,358817,1820,1355,24633,7,0,0,0,35118.0,552674.0,5785.0
2024,5880.0,"Energy Coop of New York, Inc",B,Energy,O,PA,Retail Power Marketer,PJM,179,1802,156,678,9633,158,0,0,0,0,0,0,857.0,11435.0,314.0
2024,5905.0,Excelsior Electric Member Corp,A,Bundled,O,GA,Cooperative,SOCO,45450,333979,23422,12749,183285,1639,4267,30314,410,,,,62466.0,547578.0,25471.0
2024,5929.0,"Fairfield Electric Coop, Inc",A,Bundled,O,SC,Cooperative,SC,63647,443569,32397,11310,84472,1818,10358,143971,17,,,,85315.0,672012.0,34232.0
2024,5930.0,Village of Fairport - (NY),A,Bundled,O,NY,Municipal,NYIS,15472.9,231269,16462,6737.6,89145,1602,4487.3,90635,12,0,0,0,26697.8,411049.0,18076.0
2024,5961.0,Town of Erwin - (TN),A,Bundled,O,TN,Municipal,TVA,11330,92620,7618,7014,53274,1387,3790,46257,3,0,0,0,22134.0,192151.0,9008.0
2024,5964.0,"Escambia River Elec Coop, Inc",A,Bundled,O,FL,Cooperative,SOCO,27476,179919,11914,6315,44596,1310,,,,,,,33791.0,224515.0,13224.0
2024,5969.0,City of Escondido - (CA),A,Bundled,O,CA,Municipal,CISO,,,,215,4155,1,,,,,,,215.0,4155.0,1.0
2024,6008.0,City of Etowah,A,Bundled,O,TN,Municipal,TVA,8252,60613,4443,3974,27440,916,4518,72728,1,0,0,0,16744.0,160781.0,5360.0
2024,6022.0,City of Eugene - (OR),A,Bundled,O,OR,Municipal,BPAT,123745.7,946592,89582,76095.1,760734,9176,36992.2,568533,1181,0,0,0,236833.0,2275859.0,99939.0
2024,6043.0,City of Evansville,A,Bundled,O,WI,Municipal,MISO,4495.5,28402,3806,3813,27375,659,1059.2,9282,2,0,0,0,9367.7,65059.0,4467.0
2024,6149.0,City of Ellensburg - (WA),A,Bundled,O,WA,Municipal,BPAT,9950,95700,8799,9245,119740,1378,642,9078,1,,,,19837.0,224518.0,10178.0
2024,6169.0,Fall River Rural Elec Coop Inc,A,Bundled,O,ID,Cooperative,BPAT,23986,215953,15433,9208,118799,2792,,,,,,,33194.0,334752.0,18225.0
2024,6169.0,Fall River Rural Elec Coop Inc,A,Bundled,O,MT,Cooperative,BPAT,2066,18145,1508,2749,34105,572,,,,,,,4815.0,52250.0,2080.0
2024,6169.0,Fall River Rural Elec Coop Inc,A,Bundled,O,WY,Cooperative,BPAT,931,9330,341,592,7134,67,,,,,,,1523.0,16464.0,408.0
2024,6173.0,Fannin County Electric Coop,A,Bundled,O,TX,Cooperative,ERCO,25509,163036,11712,6779,59069,429,146,460,31,,,,32434.0,222565.0,12172.0
2024,6181.0,"Farmers Electric Coop, Inc - (MO)",A,Bundled,O,MO,Cooperative,AECI,21636.1,162047,12451,4503.2,40227,1181,5379.7,76136,9,0,0,0,31519.0,278410.0,13641.0
2024,6182.0,"Farmers Electric Coop, Inc - (TX)",A,Bundled,O,TX,Cooperative,ERCO,144196,1252373,84006,27708,253915,16330,11921,191999,23,,,,183825.0,1698287.0,100359.0
2024,6183.0,"Fayette Electric Coop, Inc",A,Bundled,O,TX,Cooperative,ERCO,21194,168974,14150,7967,66480,2064,9650,127810,16,,,,38811.0,363264.0,16230.0
2024,6194.0,Farmers Rural Electric Coop Corp - (KY),A,Bundled,O,KY,Cooperative,PJM,40733,311377,24889,9934,79164,2006,8969,93053,6,,,,59636.0,483594.0,26901.0
2024,6198.0,"Farmers Electric Coop, Inc - (NM)",A,Bundled,O,NM,Cooperative,SWPP,13199.7,102596,10258,12438.4,102977,1882,16148.2,176577,1532,,,,41786.3,382150.0,13672.0
2024,6204.0,City of Farmington - (NM),A,Bundled,O,NM,Municipal,WACM,35708,281427,35990,41129,372913,9110,17908,260889,7,0,0,0,94745.0,915229.0,45107.0
2024,6205.0,City of Farmington - (MO),A,Bundled,O,MO,Municipal,MISO,9495.8,92950,7250,2228.9,21050,970,6399.8,79100,180,,,,18124.5,193100.0,8400.0
2024,6207.0,Farmington River Power Company,B,Energy,O,CT,Investor Owned,ISNE,0,0,0,0,0,0,3385.2,31045,1,0,0,0,3385.2,31045.0,1.0
2024,6234.0,City of Fayetteville,A,Bundled,O,TN,Municipal,TVA,30361,254558,16667,16495,125196,2793,6202,95041,5,0,0,0,53058.0,474795.0,19465.0
2024,6235.0,Fayetteville Public Works Commission,A,Bundled,O,NC,Municipal,CPLE,108073,885025,75987,79048,694522,9426,25043,364666,22,0,0,0,212164.0,1944213.0,85435.0
2024,6258.0,Federated Rural Electric Assn,A,Bundled,O,IA,Cooperative,MISO,98,829,53,,,,15,98,4,,,,113.0,927.0,57.0
2024,6258.0,Federated Rural Electric Assn,A,Bundled,O,MN,Cooperative,MISO,9725,83557,5727,7841,71286,1255,20625,274396,4,,,,38191.0,429239.0,6986.0
2024,6342.0,First Electric Coop Corp,A,Bundled,O,AR,Cooperative,MISO,163494,1332404,95175,36452,225602,7003,38310,505212,1782,,,,238256.0,2063218.0,103960.0
2024,6369.0,Fishers Island Utility Co Inc,A,Bundled,O,NY,Investor Owned,ISNE,1915.3,5018,657,457.6,2061,113,0,0,0,0,0,0,2372.9,7079.0,770.0
2024,6374.0,Fitchburg Gas & Elec Light Co,A,Bundled,O,MA,Investor Owned,ISNE,14938.8,37272,6168,2631,7227,726,,,,,,,17569.8,44499.0,6894.0
2024,6374.0,Fitchburg Gas & Elec Light Co,C,Delivery,O,MA,Investor Owned,ISNE,24397,126850,20122,13127.6,87377,3838,13482.9,177234,30,,,,51007.5,391461.0,23990.0
2024,6395.0,Flathead Electric Coop Inc,A,Bundled,O,MT,Cooperative,BPAT,88257.1,913035,63317,36941.4,484660,12568,13173.8,219676,97,,,,138372.3,1617371.0,75982.0
2024,6411.0,Flint Electric Membership Corp,A,Bundled,O,GA,Cooperative,SOCO,171879.6,1267065,83739,61667,515721,12181,15512.1,193993,787,,,,249058.7,1976779.0,96707.0
2024,6422.0,City of Florence - (AL),A,Bundled,O,AL,Municipal,TVA,73769,635264,41594,53141,431864,10687,7239,117919,8,0,0,0,134149.0,1185047.0,52289.0
2024,6424.0,Florence Utility Comm,A,Bundled,O,WI,Municipal,MISO,1143.8,7360,1428,1182.3,7916,193,0,0,0,0,0,0,2326.1,15276.0,1621.0
2024,6427.0,City of Floresville,A,Bundled,O,TX,Municipal,ERCO,31990.7,258528,15797,16773.3,129723,2118,,,,,,,48764.0,388251.0,17915.0
2024,6442.0,Fleming-Mason Energy Coop Inc,A,Bundled,O,KY,Cooperative,PJM,37395,286661,23666,14624,135943,2303,36410,566455,6,,,,88429.0,989059.0,25975.0
2024,6443.0,"Florida Keys El Coop Assn, Inc",A,Bundled,O,FL,Cooperative,FPL,60035,463854,28815,13781,99661,5175,27398,212323,532,,,,101214.0,775838.0,34522.0
2024,6452.0,Florida Power & Light Co,A,Bundled,O,FL,Investor Owned,FPL,9720848,70926801,5236277,5758038,53585736,653302,388560,4837136,15594,7246,66070,1,15874692.0,129415743.0,5905174.0
2024,6455.0,"Duke Energy Florida, LLC",A,Bundled,O,FL,Investor Owned,FPC,3665224.1,22042842,1793067,1936988.4,15801970,214726,318169.2,3286894,1671,0,0,0,5920381.7,41131706.0,2009464.0
2024,6457.0,Florida Public Utilities Co,A,Bundled,O,FL,Investor Owned,JEA,55947,310576,25560,47641,305971,4459,4625,77249,2,,,,108213.0,693796.0,30021.0
2024,6458.0,Energy Harbor Corp.,B,Energy,O,IL,Retail Power Marketer,MISO,120160.1,1339402,149006,29774,453692,12211,44642.9,1050299,13,0,0,0,194577.0,2843393.0,161230.0
2024,6458.0,Energy Harbor Corp.,B,Energy,O,MD,Retail Power Marketer,PJM,2988.7,29816,2208,10725.4,118519,420,639.1,11686,9,0,0,0,14353.2,160021.0,2637.0
2024,6458.0,Energy Harbor Corp.,B,Energy,O,MI,Retail Power Marketer,MISO,0,0,0,17218.9,284755,58,7994.5,157642,8,0,0,0,25213.4,442397.0,66.0
2024,6458.0,Energy Harbor Corp.,B,Energy,O,NJ,Retail Power Marketer,PJM,327.9,3161,313,15694.8,171918,501,365.2,3111,2,0,0,0,16387.9,178190.0,816.0
2024,6458.0,Energy Harbor Corp.,B,Energy,O,OH,Retail Power Marketer,PJM,594564.7,9680052,902100,337756.7,6716296,87926,145863.2,3193301,314,0,0,0,1078184.6,19589649.0,990340.0
2024,6458.0,Energy Harbor Corp.,B,Energy,O,PA,Retail Power Marketer,PJM,134640.8,1245709,105658,58831.6,893102,3436,134045.8,2707802,127,0,0,0,327518.2,4846613.0,109221.0
2024,6491.0,Foley Board of Utilities,A,Bundled,O,AL,Municipal,SOCO,101881,755706,50954,54280,460537,7313,4446,45973,3,,,,160607.0,1262216.0,58270.0
2024,6582.0,City of Forest Grove,A,Bundled,O,OR,Municipal,BPAT,12076,121579,10369,2179,24176,807,9338,118163,140,0,0,0,23593.0,263918.0,11316.0
2024,6604.0,City of Fort Collins - (CO),A,Bundled,O,CO,Municipal,PSCO,69729.7,527984,70803,55003,478265,9174,38469.9,453613,13,,,,163202.6,1459862.0,79990.0
2024,6608.0,Fort Loudoun Electric Coop,A,Bundled,O,TN,Cooperative,TVA,59487,491103,30527,19706,145628,5756,3722,46817,4,0,0,0,82915.0,683548.0,36287.0
2024,6610.0,City of Fort Morgan,A,Bundled,O,CO,Municipal,PSCO,4713.2,67589,5999,12182.3,127267,1134,6501.2,74720,1,0,0,0,23396.7,269576.0,7134.0
2024,6612.0,Fort Payne Improvement Authority,A,Bundled,O,AL,Municipal,TVA,11776,96984,6922,16208,134765,2056,6347,79431,7,0,0,0,34331.0,311180.0,8985.0
2024,6616.0,Fort Pierce Utilities Authority,A,Bundled,O,FL,Municipal,FMPP,32351,256414,24444,39273,329191,5233,,,,,,,71624.0,585605.0,29677.0
2024,6638.0,City of Fountain,A,Bundled,O,CO,Municipal,PSCO,20575,149763,17242,9803,83657,1048,,,,,,,30378.0,233420.0,18290.0
2024,6640.0,Four County Elec Member Corp,A,Bundled,O,NC,Cooperative,CPLE,64259.4,459787,30807,23822.2,236798,4610,18902.1,280756,7,,,,106983.7,977341.0,35424.0
2024,6641.0,4-County Electric Power Assn,A,Bundled,O,MS,Cooperative,TVA,77017,597902,41076,48591,321662,10184,13497,192010,8,0,0,0,139105.0,1111574.0,51268.0
2024,6707.0,City of Frankfort - (IN),A,Bundled,O,IN,Municipal,MISO,8966,74481,7820,6958,59705,1596,20866,231024,56,,,,36790.0,365210.0,9472.0
2024,6708.0,City of Frankfort - (KY),A,Bundled,O,KY,Municipal,LGEE,23295,207471,17200,27290,279961,4727,14613,174757,41,,,,65198.0,662189.0,21968.0
2024,6709.0,Easley Combined Utility System,A,Bundled,O,SC,Municipal,DUK,23635,184510,15772,14282.1,117280,1641,220.9,3154,1,,,,38138.0,304944.0,17414.0
2024,6716.0,PUD No 1 of Franklin County,A,Bundled,O,WA,Political Subdivision,BPAT,38424,396763,27388,32470,435005,2032,17730,272401,332,,,,88624.0,1104169.0,29752.0
2024,6717.0,Franklin Electric Coop - (AL),A,Bundled,O,AL,Cooperative,TVA,11205,79843,5979,18377,188087,2012,3471,45050,3,0,0,0,33053.0,312980.0,7994.0
2024,6718.0,City of Franklin - (KY),A,Bundled,O,KY,Municipal,TVA,7074,54766,4561,6406,51880,1299,6842,117986,4,0,0,0,20322.0,224632.0,5864.0
2024,6775.0,Village of Freeport - (NY),A,Bundled,O,NY,Municipal,NYIS,17431,123471,13353,17427,126721,1966,,,,,,,34858.0,250192.0,15319.0
2024,6779.0,City of Fremont - (NE),A,Bundled,O,NE,Municipal,SWPP,17296.1,144541,14077,6092.7,56649,1972,27659.5,306725,573,,,,51048.3,507915.0,16622.0
2024,6782.0,Freeborn Mower Electric Cooperative,A,Bundled,O,IA,Cooperative,MISO,17,100,6,,,,,,,,,,17.0,100.0,6.0
2024,6782.0,Freeborn Mower Electric Cooperative,A,Bundled,O,MN,Cooperative,MISO,27510,181574,17842,16565,136554,3383,14015,161038,33,,,,58090.0,479166.0,21258.0
2024,6784.0,French Broad Elec Member Corp,A,Bundled,O,NC,Cooperative,CPLE,49621.6,335747,36147,12916,103231,3917,7050.5,84738,5,,,,69588.1,523716.0,40069.0
2024,6784.0,French Broad Elec Member Corp,A,Bundled,O,TN,Cooperative,TVA,1326.9,8898,994,116.7,810,76,,,,,,,1443.6,9708.0,1070.0
2024,6840.0,City of Fulton - (KY),A,Bundled,O,KY,Municipal,TVA,1855,13639,1188,2639,20603,424,1490,16980,1,0,0,0,5984.0,51222.0,1613.0
2024,6894.0,City of Gaffney - (SC),A,Bundled,O,SC,Municipal,DUK,8961,72314,6314,14098,94506,1329,5399,51385,22,,,,28458.0,218205.0,7665.0
2024,6909.0,Gainesville Regional Utilities,A,Bundled,O,FL,Municipal,GVL,129307.3,869643,92968,128812,789062,11529,22523,176908,12,,,,280642.3,1835613.0,104509.0
2024,6923.0,City of Gallatin - (TN),A,Bundled,O,TN,Municipal,TVA,33853,287320,23204,33467,316944,3749,10869,192056,10,0,0,0,78189.0,796320.0,26963.0
2024,6941.0,City of Garden City,A,Bundled,O,KS,Municipal,SWPP,13693,86418,10449,9583,93217,1064,13072,134771,461,,,,36348.0,314406.0,11974.0
2024,6957.0,"Garkane Energy Coop, Inc",A,Bundled,O,AZ,Cooperative,WALC,3135.3,27237,1401,2025.2,19113,412,,,,,,,5160.5,46350.0,1813.0
2024,6957.0,"Garkane Energy Coop, Inc",A,Bundled,O,UT,Cooperative,WACM,14420.7,125989,11653,11057.7,102279,2478,1266.8,19039,1,,,,26745.2,247307.0,14132.0
2024,6958.0,City of Garland - (TX),A,Bundled,O,TX,Municipal,ERCO,122442,908633,69421,100348,809954,6908,21172,319696,8,,,,243962.0,2038283.0,76337.0
2024,7024.0,Gascosage Electric Coop,A,Bundled,O,MO,Cooperative,AECI,16576,134800,9253,3125,25873,930,3214,39743,2,,,,22915.0,200416.0,10185.0
2024,7027.0,City of Gastonia - (NC),A,Bundled,O,NC,Municipal,DUK,35706.5,288003,27008,35294.4,323339,4238,8275.6,110891,90,,,,79276.5,722233.0,31336.0
2024,7090.0,GreyStone Power Corporation,A,Bundled,O,GA,Cooperative,SOCO,241837.7,1979465,139028,81386.7,638507,13026,42802.3,475798,92,0,0,0,366026.7,3093770.0,152146.0
2024,7096.0,City of Geneva- (IL),A,Bundled,O,IL,Municipal,PJM,8886,80550,8691,11991,125887,1576,11973,155527,20,,,,32850.0,361964.0,10287.0
2024,7129.0,City of Georgetown - (TX),A,Bundled,O,TX,Municipal,ERCO,45007.9,324460,29904,38060.9,347997,3124,14637.4,118481,38,,,,97706.2,790938.0,33066.0
2024,7140.0,Georgia Power Co,A,Bundled,O,GA,Investor Owned,SOCO,4509930.6,29113358,2452488,3995961.2,34306574,341063,1678490.6,23654325,10551,11591.4,151669,1,10195973.8,87225926.0,2804103.0
2024,7174.0,Gibson Electric Members Corp,A,Bundled,O,KY,Cooperative,TVA,4716,35374,2527,4050,33166,885,740,12593,1,0,0,0,9506.0,81133.0,3413.0
2024,7174.0,Gibson Electric Members Corp,A,Bundled,O,TN,Cooperative,TVA,58567,450469,29331,27632,215316,6508,10281,156161,8,0,0,0,96480.0,821946.0,35847.0
2024,7222.0,City of Gillette - (WY),A,Bundled,O,WY,Municipal,WAUW,18747,148545,13990,18707,189837,2739,,,,,,,37454.0,338382.0,16729.0
2024,7264.0,"Glades Electric Coop, Inc",A,Bundled,O,FL,Cooperative,SEC,31637,190738,14456,8847,42709,3557,15161,110139,519,,,,55645.0,343586.0,18532.0
2024,7265.0,City of Gladstone,A,Bundled,O,MI,Municipal,MISO,2328.2,14910,2339,1809,13400,348,0,0,0,0,0,0,4137.2,28310.0,2687.0
2024,7270.0,City of Glasgow - (KY),A,Bundled,O,KY,Municipal,TVA,8744,64990,5644,16415,139257,1971,735,9528,3,0,0,0,25894.0,213775.0,7618.0
2024,7279.0,"NextEra Energy Services, LLC",B,Energy,O,CT,Retail Power Marketer,ISNE,,,,41897.4,380928,1285,,,,,,,41897.4,380928.0,1285.0
2024,7279.0,"NextEra Energy Services, LLC",B,Energy,O,DC,Retail Power Marketer,PJM,83.2,884,72,4446.9,39273,81,,,,,,,4530.1,40157.0,153.0
2024,7279.0,"NextEra Energy Services, LLC",B,Energy,O,DE,Retail Power Marketer,PJM,365.9,2504,211,12621.8,207399,124,,,,,,,12987.7,209903.0,335.0
2024,7279.0,"NextEra Energy Services, LLC",B,Energy,O,IL,Retail Power Marketer,MISO,,,,42839.3,712220,341,,,,,,,42839.3,712220.0,341.0
2024,7279.0,"NextEra Energy Services, LLC",B,Energy,O,MA,Retail Power Marketer,ISNE,156091.1,1106248,145990,108865.1,825726,16020,129.7,1088,6,,,,265085.9,1933062.0,162016.0
2024,7279.0,"NextEra Energy Services, LLC",B,Energy,O,MD,Retail Power Marketer,PJM,96.4,925,61,21180.1,205634,542,,,,,,,21276.5,206559.0,603.0
2024,7279.0,"NextEra Energy Services, LLC",B,Energy,O,ME,Retail Power Marketer,ISNE,,,,26885.3,353885,829,,,,,,,26885.3,353885.0,829.0
2024,7279.0,"NextEra Energy Services, LLC",B,Energy,O,NH,Retail Power Marketer,ISNE,,,,41125.1,439922,1199,,,,,,,41125.1,439922.0,1199.0
2024,7279.0,"NextEra Energy Services, LLC",B,Energy,O,NJ,Retail Power Marketer,PJM,591.5,3443,311,46162,512946,539,,,,,,,46753.5,516389.0,850.0
2024,7279.0,"NextEra Energy Services, LLC",B,Energy,O,NY,Retail Power Marketer,NYIS,,,,19129.9,195572,171,,,,,,,19129.9,195572.0,171.0
2024,7279.0,"NextEra Energy Services, LLC",B,Energy,O,OH,Retail Power Marketer,PJM,128983.7,1977410,437348,38118.4,608914,18951,,,,,,,167102.1,2586324.0,456299.0
2024,7279.0,"NextEra Energy Services, LLC",B,Energy,O,PA,Retail Power Marketer,PJM,17509.8,124848,11544,88245.1,1291326,520,,,,,,,105754.9,1416174.0,12064.0
2024,7279.0,"NextEra Energy Services, LLC",B,Energy,O,RI,Retail Power Marketer,ISNE,33007.3,283766,85764,25967.7,248284,6421,1291.2,12745,29,,,,60266.2,544795.0,92214.0
2024,7292.0,Glencoe Light & Power Comm,A,Bundled,O,MN,Municipal,MISO,2344,20983,2585,7119.9,169714,385,2791.2,27476,4,,,,12255.1,218173.0,2974.0
2024,7294.0,City of Glendale - (CA),A,Bundled,O,CA,Municipal,LDWP,129473.9,382936,77563,143675.8,576711,13395,5104.2,22759,32,,,,278253.9,982406.0,90990.0
2024,7353.0,Golden Valley Elec Assn Inc,A,Bundled,O,AK,Cooperative,NA,87530.9,288667,40675,34685.4,118991,6905,179535.3,819779,583,0,0,0,301751.6,1227437.0,48163.0
2024,7450.0,Grady Electric Membership Corp,A,Bundled,O,GA,Cooperative,SOCO,38617.3,260280,19283,6859.5,51150,995,769.1,4691,253,,,,46245.9,316121.0,20531.0
2024,7483.0,City of Grand Haven - (MI),A,Bundled,O,MI,Municipal,MISO,12967.1,87946,13231,11765.2,85759,1760,11486.4,98639,126,,,,36218.7,272344.0,15117.0
2024,7490.0,Grand River Dam Authority,A,Bundled,O,OK,State,SWPP,,,,467.5,5179,46,209567.2,4275283,33,,,,210034.7,4280462.0,79.0
2024,7548.0,PUD No 1 of Grays Harbor County,A,Bundled,O,WA,Political Subdivision,BPAT,63187,504823,39881,33836,314970,5686,6463,111396,20,0,0,0,103486.0,931189.0,45587.0
2024,7554.0,Green Mountain Energy Company,B,Energy,O,IL,Retail Power Marketer,PJM,6396.3,50931,7910,18.7,148,3,0,0,0,0,0,0,6415.0,51079.0,7913.0
2024,7554.0,Green Mountain Energy Company,B,Energy,O,MA,Retail Power Marketer,ISNE,1773,8883,1382,0,0,0,0,0,0,0,0,0,1773.0,8883.0,1382.0
2024,7554.0,Green Mountain Energy Company,B,Energy,O,MD,Retail Power Marketer,PJM,2942,19197,1873,0,0,0,0,0,0,0,0,0,2942.0,19197.0,1873.0
2024,7554.0,Green Mountain Energy Company,B,Energy,O,NJ,Retail Power Marketer,PJM,915.3,5248,659,104.7,1251,36,0,0,0,0,0,0,1020.0,6499.0,695.0
2024,7554.0,Green Mountain Energy Company,B,Energy,O,NY,Retail Power Marketer,NYIS,54779.3,296540,66483,1371.7,16228,154,0,0,0,0,0,0,56151.0,312768.0,66637.0
2024,7554.0,Green Mountain Energy Company,B,Energy,O,PA,Retail Power Marketer,PJM,37241,285360,30875,919,11080,13,0,0,0,0,0,0,38160.0,296440.0,30888.0
2024,7554.0,Green Mountain Energy Company,D,Bundled,O,TX,Retail Power Marketer,ERCO,560259.7,3197910,292172,119924.4,1019430,28263,0,0,0,0,0,0,680184.1,4217340.0,320435.0
2024,7558.0,Grayson Rural Electric Coop Corp,A,Bundled,O,KY,Cooperative,PJM,26427,164405,14429,9278,93035,1166,2311,28163,2,,,,38016.0,285603.0,15597.0
2024,7559.0,"Grayson-Collin Elec Coop, Inc",A,Bundled,O,TX,Cooperative,ERCO,201519,1228741,90464,44627,301890,5055,,,,,,,246146.0,1530631.0,95519.0
2024,7561.0,"Greenbelt Electric Coop, Inc",A,Bundled,O,TX,Cooperative,ERCO,5113,28403,3912,3158,22177,825,12927,158623,926,,,,21198.0,209203.0,5663.0
2024,7563.0,Grand Valley Power,A,Bundled,O,CO,Cooperative,PSCO,26160,164101,17268,10141,73225,2230,1399,11598,191,,,,37700.0,248924.0,19689.0
2024,7601.0,Green Mountain Power Corp,A,Bundled,O,VT,Investor Owned,ISNE,352142,1594099,226675,283180,1471398,48745,110540,1020096,74,,,,745862.0,4085593.0,275494.0
2024,7625.0,City of Greeneville - (TN),A,Bundled,O,TN,Municipal,TVA,55921,469925,32388,36709,291839,8163,21958,337182,18,0,0,0,114588.0,1098946.0,40569.0
2024,7627.0,City of Greenfield - (IN),A,Bundled,O,IN,Municipal,MISO,14420,109792,11858,11534,92837,1187,16478,155681,10,,,,42432.0,358310.0,13055.0
2024,7634.0,City of Greenville - (TX),A,Bundled,O,TX,Municipal,ERCO,28417,190082,15165,35430,351199,2274,,,,,,,63847.0,541281.0,17439.0
2024,7639.0,Greenville Utilities Comm,A,Bundled,O,NC,Municipal,CPLE,93792.4,783492,65731,62614.1,609944,7934,25038.8,371973,453,,,,181445.3,1765409.0,74118.0
2024,7646.0,Greenwood CPW,A,Bundled,O,SC,Municipal,DUK,10348,114492,11753,12366,169303,2989,,,,,,,22714.0,283795.0,14742.0
2024,7651.0,Greenwood Utilities Comm,A,Bundled,O,MS,Municipal,MISO,10489.7,93069,7204,12338.2,121516,1678,3027.9,35885,5,,,,25855.8,250470.0,8887.0
2024,7654.0,Greer Commission of Public Wks,A,Bundled,O,SC,Municipal,DUK,28920,245024,24893,22872,201467,10414,,,,,,,51792.0,446491.0,35307.0
2024,7679.0,City of Griffin - (GA),A,Bundled,O,GA,Municipal,SOCO,24211.7,161378,13594,24722.3,161690,2389,8940.4,89710,24,,,,57874.4,412778.0,16007.0
2024,7716.0,Groton Dept of Utilities - (CT),A,Bundled,O,CT,Municipal,ISNE,19705.7,105354,12284,17000.5,94527,1588,25015.1,184750,17,0,0,0,61721.3,384631.0,13889.0
2024,7752.0,Guadalupe Valley Elec Coop Inc,A,Bundled,O,TX,Cooperative,ERCO,165374.3,1324456,92189,41649.7,366237,10544,65823,1219504,1048,,,,272847.0,2910197.0,103781.0
2024,7785.0,"Gulf Coast Electric Coop, Inc",A,Bundled,O,FL,Cooperative,SOCO,44571.7,303810,21220,9623.7,74653,1548,,,,,,,54195.4,378463.0,22768.0
2024,7827.0,Guntersville Electric Board,A,Bundled,O,AL,Municipal,TVA,9143,71438,4875,11542,90107,2042,6985,84609,5,0,0,0,27670.0,246154.0,6922.0
2024,7887.0,Habersham Electric Membership Corp,A,Bundled,O,GA,Cooperative,SOCO,62308.3,444362,35011,11547.7,95280,2627,1247.7,10816,17,,,,75103.7,550458.0,37655.0
2024,7891.0,Guernsey-Muskingum El Coop Inc,A,Bundled,O,OH,Cooperative,PJM,30348,168625,15289,7625.2,46748,1879,4373.4,30900,10,,,,42346.6,246273.0,17178.0
2024,7908.0,Hagerstown Light Department,A,Bundled,O,MD,Municipal,PJM,12852,165448,15099,7015.5,86781,2592,4575.4,67177,52,,,,24442.9,319406.0,17743.0
2024,7977.0,City of Hamilton - (OH),A,Bundled,O,OH,Municipal,PJM,38789,251261,26964,33763,358215,2852,8911,78842,75,,,,81463.0,688318.0,29891.0
2024,7979.0,Hamilton County Elec Coop Assn,A,Bundled,O,TX,Cooperative,ERCO,31636.6,231024,19594,3995.5,31170,798,,,,,,,35632.1,262194.0,20392.0
2024,8000.0,NineStar Connect,A,Bundled,O,IN,Cooperative,MISO,41374,263797,17770,6808.7,49559,1084,2940,23383,82,,,,51122.7,336739.0,18936.0
2024,8034.0,Hancock-Wood Electric Coop Inc,A,Bundled,O,OH,Cooperative,PJM,25043.7,146926,11307,14797.6,101735,2321,11427.7,103817,12,,,,51269.0,352478.0,13640.0
2024,8055.0,City of Hannibal - (MO),A,Bundled,O,MO,Municipal,MISO,10012,77552,7639,3627.2,27458,1069,10804,118666,90,,,,24443.2,223676.0,8798.0
2024,8147.0,City of Harriman - (TN),A,Bundled,O,TN,Municipal,TVA,16662,123988,9335,9435,63606,1986,3478,68619,1,0,0,0,29575.0,256213.0,11322.0
2024,8179.0,Harrison County Rural E M C,A,Bundled,O,IN,Cooperative,MISO,48864.1,351945,23221,10524,80263,1451,7020,61322,19,,,,66408.1,493530.0,24691.0
2024,8198.0,City of Harrisonburg - (VA),A,Bundled,O,VA,Municipal,PJM,23125,203590,18089,37053,371332,3603,9173,113817,13,,,,69351.0,688739.0,21705.0
2024,8210.0,Hart Electric Member Corp,A,Bundled,O,GA,Cooperative,SOCO,54598,415155,30297,25777.7,199721,9549,2519.3,26200,23,,,,82895.0,641076.0,39869.0
2024,8212.0,Hartford Electric,A,Bundled,O,WI,Municipal,MISO,6072.2,51874,6998,7554,79832,966,12756.9,169306,7,0,0,0,26383.1,301012.0,7971.0
2024,8226.0,City of Hartselle,A,Bundled,O,AL,Municipal,TVA,7664,63141,4629,7094,59968,1124,1765,28737,2,0,0,0,16523.0,151846.0,5755.0
2024,8245.0,City of Hastings - (NE),A,Bundled,O,NE,Municipal,SWPP,12582,111145,11611,11046,108334,2352,14563,198798,120,,,,38191.0,418277.0,14083.0
2024,8287.0,Hawaii Electric Light Co Inc,A,Bundled,O,HI,Investor Owned,NA,206725.6,427915,78386,168124.4,365299,11434,100706,253488,103,0,0,0,475556.0,1046702.0,89923.0
2024,8319.0,Heartland Power Coop,A,Bundled,O,IA,Cooperative,MISO,10111.4,79791,4351,4714.8,45332,950,16048.9,239067,10,,,,30875.1,364190.0,5311.0
2024,8319.0,Heartland Power Coop,A,Bundled,O,MN,Cooperative,MISO,117,964,38,,,,,,,,,,117.0,964.0,38.0
2024,8333.0,Haywood Electric Member Corp,A,Bundled,O,GA,Cooperative,DUK,630,3635,433,6,26,6,,,,,,,636.0,3661.0,439.0
2024,8333.0,Haywood Electric Member Corp,A,Bundled,O,NC,Cooperative,DUK,46758,281601,29078,3366,25759,936,757,6396,19,,,,50881.0,313756.0,30033.0
2024,8333.0,Haywood Electric Member Corp,A,Bundled,O,SC,Cooperative,DUK,11,58,9,9.8,60,5,,,,,,,20.8,118.0,14.0
2024,8447.0,Hendricks County Rural E M C,A,Bundled,O,IN,Cooperative,MISO,72234.4,522062,37638,31901.2,295743,1047,5749.1,66334,5,,,,109884.7,884139.0,38690.0
2024,8449.0,Henderson City Utility Comm,A,Bundled,O,KY,Municipal,MISO,12587.1,116150,10320,10088.6,101629,1616,23102.5,289919,33,,,,45778.2,507698.0,11969.0
2024,8548.0,City of Hickman,A,Bundled,O,KY,Municipal,TVA,1352,9328,821,1063,6661,232,0,0,0,0,0,0,2415.0,15989.0,1053.0
2024,8566.0,High Plains Power Inc,A,Bundled,O,WY,Cooperative,WACM,19979,145725,12767,4521,41551,409,56291,688988,752,0,0,0,80791.0,876264.0,13928.0
2024,8570.0,Highline Electric Assn,A,Bundled,O,CO,Cooperative,WACM,7662.4,54263,5047,7561,56626,1398,30921.1,293349,2098,,,,46144.5,404238.0,8543.0
2024,8570.0,Highline Electric Assn,A,Bundled,O,NE,Cooperative,WACM,1148.3,8116,752,1081.8,8410,194,8391.1,61317,1050,,,,10621.2,77843.0,1996.0
2024,8571.0,Town of High Point,A,Bundled,O,NC,Municipal,DUK,46800.3,402417,38079,62234.5,591485,5926,14035.7,149600,190,0,0,0,123070.5,1143502.0,44195.0
2024,8620.0,"HILCO Electric Cooperative, Inc.",A,Bundled,O,TX,Cooperative,ERCO,69635,467038,26883,26228,180767,8438,728,7411,1,,,,96591.0,655216.0,35322.0
2024,8699.0,Inland Power & Light Company,A,Bundled,O,ID,Cooperative,BPAT,3293.4,36933,2115,418.2,4549,152,2.1,9,2,0,0,0,3713.7,41491.0,2269.0
2024,8699.0,Inland Power & Light Company,A,Bundled,O,WA,Cooperative,BPAT,64202.2,715220,41684,18210.9,209378,3348,6478.1,99958,504,0,0,0,88891.2,1024556.0,45536.0
2024,8723.0,City of Holland,A,Bundled,O,MI,Municipal,MISO,21598.3,184987,26608,34099.2,319564,4674,47715,626843,175,,,,103412.5,1131394.0,31457.0
2024,8748.0,City of Holly Springs,A,Bundled,O,MS,Municipal,TVA,10673,87102,9399,6301,45244,2611,564,5463,2,0,0,0,17538.0,137809.0,12012.0
2024,8761.0,Holmes-Wayne Electric Coop Inc,A,Bundled,O,OH,Cooperative,PJM,29379.2,177870,14714,14622.2,101643,3211,10125.1,89625,22,0,0,0,54126.5,369138.0,17947.0
2024,8764.0,"Holston Electric Coop, Inc",A,Bundled,O,TN,Cooperative,TVA,46877,359154,25773,20856,145281,6698,19513,269667,16,0,0,0,87246.0,774102.0,32487.0
2024,8773.0,"Holy Cross Electric Assn, Inc",A,Bundled,O,CO,Cooperative,PSCO,83039,689825,49982,52321,521102,11196,6631,66272,19,0,0,0,141991.0,1277199.0,61197.0
2024,8774.0,City of Holyoke - (MA),A,Bundled,O,MA,Municipal,ISNE,17929,108136,15040,33851,227354,2905,5370,46317,21,,,,57150.0,381807.0,17966.0
2024,8786.0,Horry Electric Coop Inc,A,Bundled,O,SC,Cooperative,SC,146028,1103356,86726,35355,260638,12280,1708,15588,8,,,,183091.0,1379582.0,99014.0
2024,8795.0,City of Homestead - (FL),A,Bundled,O,FL,Municipal,HST,49731.3,404627,26052,7434.6,66945,2133,12669.4,165753,610,,,,69835.3,637325.0,28795.0
2024,8840.0,City of Hope - (AR),A,Bundled,O,AR,Municipal,MISO,7372,63051,5782,12317,110380,1099,4256,44823,1,,,,23945.0,218254.0,6882.0
2024,8846.0,City of Hopkinsville,A,Bundled,O,KY,Municipal,TVA,14675,117129,9832,16489,126059,3030,8533,146284,3,0,0,0,39697.0,389472.0,12865.0
2024,8883.0,Houlton Water Company,A,Bundled,O,ME,Municipal,NBSO,4123.6,34513,3907,2435.7,20209,1509,2328.3,22583,77,0,0,0,8887.6,77305.0,5493.0
2024,8883.0,Houlton Water Company,C,Delivery,O,ME,Municipal,NBSO,0,0,0,1.7,32,2,953.2,37283,1,0,0,0,954.9,37315.0,3.0
2024,8884.0,Terrebonne Parish Consol Gov't,A,Bundled,O,LA,Municipal,MISO,18759,174885,11218,13839,131482,2586,,,,,,,32598.0,306367.0,13804.0
2024,8898.0,Houston County Elec Coop Inc,A,Bundled,O,TX,Cooperative,ERCO,36637,220692,21426,7600.4,59552,1466,9848.7,129188,9,,,,54086.1,409432.0,22901.0
2024,8934.0,"Howell-Oregon Elec Coop, Inc",A,Bundled,O,MO,Cooperative,AECI,37817.1,301522,23101,6358.1,57345,2541,4415.2,46483,122,,,,48590.4,405350.0,25764.0
2024,8973.0,Town of Hudson - (MA),A,Bundled,O,MA,Municipal,ISNE,13981.7,104445,11448,4502.4,41774,1901,10337.2,68689,166,,,,28821.3,214908.0,13515.0
2024,9023.0,City of Humboldt,A,Bundled,O,TN,Municipal,TVA,4914,43266,3529,6769,60710,1051,6215,105315,5,0,0,0,17898.0,209291.0,4585.0
2024,9087.0,Town of Huntersville - (NC),A,Bundled,O,NC,Municipal,DUK,11545.9,95224,8080,6741.9,65751,710,9078.5,134646,2,,,,27366.3,295621.0,8792.0
2024,9094.0,City of Huntsville - (AL),A,Bundled,O,AL,Municipal,TVA,318331,2779774,197537,240403,2168220,23010,33338,466766,29,0,0,0,592072.0,5414760.0,220576.0
2024,9096.0,City of Lafayette - (LA),A,Bundled,O,LA,Municipal,MISO,86739,856774,59961,95725,1119834,12382,,,,,,,182464.0,1976608.0,72343.0
2024,9124.0,Hustisford Utilities,A,Bundled,O,WI,Municipal,MISO,1522.8,11017,1315,939,7160,282,0,0,0,0,0,0,2461.8,18177.0,1597.0
2024,9130.0,Hutchinson Utilities Comm,A,Bundled,O,MN,Municipal,MISO,6041,54495,6653,9051,95296,1009,8644,109141,3,0,0,0,23736.0,258932.0,7665.0
2024,9187.0,City of Idaho Falls - (ID),A,Bundled,O,ID,Municipal,PACE,29714.7,321312,28142,28816.3,383763,4634,3420.8,59060,6,0,0,0,61951.8,764135.0,32782.0
2024,9191.0,Idaho Power Co,A,Bundled,O,ID,Investor Owned,IPCO,679350,5777153,525751,382101.4,4176454,75435,435328.7,5343487,20187,0,0,0,1496780.1,15297094.0,621373.0
2024,9191.0,Idaho Power Co,A,Bundled,O,OR,Investor Owned,IPCO,21052,186456,14098,15188.4,155552,3666,28229,331932,2430,0,0,0,64469.4,673940.0,20194.0
2024,9216.0,Imperial Irrigation District,A,Bundled,O,CA,Political Subdivision,IID,353871,1975507,142078,288059,1581503,21915,18371,88354,809,,,,660301.0,3645364.0,164802.0
2024,9230.0,City of Independence - (IA),A,Bundled,O,IA,Municipal,MISO,2919.6,21131,2719,3658.5,37089,473,1124.3,14770,1,0,0,0,7702.4,72990.0,3193.0
2024,9231.0,City of Independence - (MO),A,Bundled,O,MO,Municipal,SWPP,85546.2,543440,53832,58307.2,389891,4944,6366,59664,13,0,0,0,150219.4,992995.0,58789.0
2024,9246.0,"Indian Electric Coop, Inc",A,Bundled,O,OK,Cooperative,SWPP,29143.4,231896,14839,23342.5,216997,5655,12100.6,176262,11,,,,64586.5,625155.0,20505.0
2024,9273.0,AES Indiana,A,Bundled,O,IN,Investor Owned,MISO,694095.2,5048596,469499,253634.5,1774798,55587,615907.2,6041240,5716,0,0,,1563636.9,12864634.0,530802.0
2024,9292.0,Inter County Energy Coop Corp - (KY),A,Bundled,O,KY,Cooperative,PJM,48126,350346,26655,7421,59906,1352,12989,173229,10,,,,68536.0,583481.0,28017.0
2024,9324.0,Indiana Michigan Power Co,A,Bundled,O,IN,Investor Owned,PJM,683413.4,4191016,422062,508594.8,4274678,56229,551230.3,6532162,3992,0,0,0,1743238.5,14997856.0,482283.0
2024,9324.0,Indiana Michigan Power Co,A,Bundled,O,MI,Investor Owned,PJM,188749.7,1109966,112600,118962.8,979208,18879,62424,537045,743,0,0,0,370136.5,2626219.0,132222.0
2024,9324.0,Indiana Michigan Power Co,C,Delivery,O,MI,Investor Owned,PJM,,,,1231.6,67788,31,1972.6,228352,20,,,,3204.2,296140.0,51.0
2024,9331.0,Intercounty Electric Coop Assn - (MO),A,Bundled,O,MO,Cooperative,AECI,55773,428730,29956,7153,69384,2061,3100,45130,14,,,,66026.0,543244.0,32031.0
2024,9336.0,CORE Electric Cooperative,A,Bundled,O,CO,Cooperative,PSCO,257358,1710656,165067,105069.1,856370,15744,6057,64652,12,,,,368484.1,2631678.0,180823.0
2024,9417.0,Interstate Power and Light Co,A,Bundled,O,IA,Investor Owned,MISO,639738,3573253,417153,537537,4005972,85663,497215,6072390,1330,,,,1674490.0,13651615.0,504146.0
2024,9425.0,Iowa Lakes Electric Coop,A,Bundled,O,IA,Cooperative,SWPP,23197.5,168339,9714,15380.4,130665,3414,23016.6,302707,78,,,,61594.5,601711.0,13206.0
2024,9475.0,Itasca-Mantrap Co-op Electrical Assn,A,Bundled,O,MN,Cooperative,MISO,16406.6,122108,11200,2573.9,20292,1075,12879.2,141366,406,,,,31859.7,283766.0,12681.0
2024,9575.0,Jackson Energy Coop Corp - (KY),A,Bundled,O,KY,Cooperative,PJM,90862.4,665206,49423,17008.4,139293,3857,15325.1,189286,15,,,,123195.9,993785.0,53295.0
2024,9576.0,Jackson County Rural E M C - (IN),A,Bundled,O,IN,Cooperative,MISO,55727,363693,24215,6687,50263,1160,4609,43890,24,,,,67023.0,457846.0,25399.0
2024,9590.0,"Jackson Electric Coop, Inc - (TX)",A,Bundled,O,TX,Cooperative,ERCO,22826,170123,15620,5752,47660,1722,46174,764116,60,,,,74752.0,981899.0,17402.0
2024,9601.0,Jackson Electric Member Corp - (GA),A,Bundled,O,GA,Cooperative,SOCO,395695.3,3476293,239558,186681,1645493,22797,60589.1,841910,274,0,0,0,642965.4,5963696.0,262629.0
2024,9605.0,Jackson Purchase Energy Corporation,A,Bundled,O,KY,Cooperative,MISO,53021.5,338928,23979,37798.2,471428,6722,5034.1,43136,7,,,,95853.8,853492.0,30708.0
2024,9612.0,City of Jackson - (TN),A,Bundled,O,TN,Municipal,TVA,48852,408065,31856,63373,547092,6829,43265,691744,34,0,0,0,155490.0,1646901.0,38719.0
2024,9613.0,City of Lebanon - (IN),A,Bundled,O,IN,Municipal,MISO,9591.2,76278,8076,4025.7,29665,1340,14944.2,142004,146,,,,28561.1,247947.0,9562.0
2024,9616.0,Beaches Energy Services,A,Bundled,O,FL,Municipal,FPL,54832,442908,30358,38357,289604,5618,,,,,,,93189.0,732512.0,35976.0
2024,9617.0,JEA,A,Bundled,O,FL,Municipal,JEA,748256,6021884,470564,437728.1,4156854,61115,213552,2690679,203,351.9,3848,1,1399888.0,12873265.0,531883.0
2024,9645.0,Jamestown Board of Public Util,A,Bundled,O,NY,Municipal,NYIS,12766.9,151534,15562,12969.8,148786,2667,6882.8,95100,118,0,0,0,32619.5,395420.0,18347.0
2024,9665.0,Jasper County Rural E M C,A,Bundled,O,IN,Cooperative,MISO,15658.4,102072,7745,15344.1,126305,965,3584.6,47550,2,,,,34587.1,275927.0,8712.0
2024,9667.0,City of Jasper - (IN),A,Bundled,O,IN,Municipal,MISO,8002.2,71530,6568,11284.9,107550,1250,11042.5,98194,81,,,,30329.6,277274.0,7899.0
2024,9668.0,"Jasper-Newton Elec Coop, Inc",A,Bundled,O,TX,Cooperative,MISO,35690,275394,21180,6814,44456,2571,11484,135696,169,,,,53988.0,455546.0,23920.0
2024,9682.0,"Jefferson Davis Elec Coop, Inc",A,Bundled,O,LA,Cooperative,MISO,18456,131371,9127,5223,38140,1472,6186,62890,126,,,,29865.0,232401.0,10725.0
2024,9689.0,Jefferson Electric Member Corp,A,Bundled,O,GA,Cooperative,SOCO,60484,455869,34490,9810,77024,2016,9299,106602,425,0,0,0,79593.0,639495.0,36931.0
2024,9690.0,Jefferson Utilities,A,Bundled,O,WI,Municipal,MISO,3489.1,29398,3718,5229.7,49595,614,1297.5,16469,1,0,0,0,10016.3,95462.0,4333.0
2024,9697.0,City of Jellico,A,Bundled,O,KY,Municipal,TVA,2975,22691,1763,802,5360,358,0,0,0,0,0,0,3777.0,28051.0,2121.0
2024,9697.0,City of Jellico,A,Bundled,O,TN,Municipal,TVA,2811,21527,1620,2345,16565,669,5791,107108,1,0,0,0,10947.0,145200.0,2290.0
2024,9699.0,"Jemez Mountains Elec Coop, Inc",A,Bundled,O,NM,Cooperative,WALC,30086.8,195881,28093,21059.8,149381,3574,2544.1,21075,9,,,,53690.7,366337.0,31676.0
2024,9726.0,Jersey Central Power & Lt Co,A,Bundled,O,NJ,Investor Owned,PJM,1433528.6,9161728,964802,431603.3,2872532,92791,25978.7,187495,1162,0,0,0,1891110.6,12221755.0,1058755.0
2024,9726.0,Jersey Central Power & Lt Co,C,Delivery,O,NJ,Investor Owned,PJM,33982.5,643407,73456,214375.8,5392193,38571,41829.7,1508518,1054,1727.9,83693,1,291915.9,7627811.0,113082.0
2024,9739.0,Joe Wheeler Elec Member Corp,A,Bundled,O,AL,Cooperative,TVA,86327,595913,36973,46185,326951,9140,52702,872520,22,0,0,0,185214.0,1795384.0,46135.0
2024,9750.0,"Jo-Carroll Energy, Inc",A,Bundled,O,IL,Cooperative,MISO,28977,146432,17227,14430,84700,2877,8831,78850,84,,,,52238.0,309982.0,20188.0
2024,9750.0,"Jo-Carroll Energy, Inc",C,Delivery,O,IL,Cooperative,MISO,,,,,,,1529.3,187820,1,,,,1529.3,187820.0,1.0
2024,9777.0,Johnson City - (TN),A,Bundled,O,TN,Municipal,TVA,124321,1001670,72205,83210,731665,11891,11735,224295,13,0,0,0,219266.0,1957630.0,84109.0
2024,9778.0,Johnson County Rural E M C,A,Bundled,O,IN,Cooperative,MISO,50787.7,368238,28279,15389.8,116190,3180,7619.3,96748,42,,,,73796.8,581176.0,31501.0
2024,9837.0,Jones-Onslow Elec Member Corp,A,Bundled,O,NC,Cooperative,CPLE,135231.7,1032935,79690,24980.9,245005,4632,3000.5,35040,4,0,0,0,163213.1,1312980.0,84326.0
2024,9879.0,City Water and Light Plant,A,Bundled,O,AR,Municipal,MISO,33351,503106,35013,21964,324371,5616,29367,577644,38,,,,84682.0,1405121.0,40667.0
2024,9936.0,Juneau Utility Comm,A,Bundled,O,WI,Municipal,MISO,899.9,7699,970,2079.6,20928,194,1346,15959,2,0,0,0,4325.5,44586.0,1166.0
2024,9949.0,Just Energy,B,Energy,O,MA,Retail Power Marketer,ISNE,72,544,100,9.4,59,3,0,0,0,0,0,0,81.4,603.0,103.0
2024,9949.0,Just Energy,B,Energy,O,PA,Retail Power Marketer,PJM,29825.8,236938,20938,5.1,45,3,0,0,0,0,0,0,29830.9,236983.0,20941.0
2024,9949.0,Just Energy,D,Bundled,O,TX,Retail Power Marketer,ERCO,906643.8,5984993,407723,64146.9,444623,20249,0,0,0,0,0,0,970790.7,6429616.0,427972.0
2024,9964.0,Kenergy Corp,A,Bundled,O,KY,Cooperative,MISO,101538,670042,47292,41625,304684,12384,221866,4473950,26,,,,365029.0,5448676.0,59702.0
2024,9996.0,City of Kansas City - (KS),A,Bundled,O,KS,Municipal,SWPP,87905,572473,61475,129362,1073013,7082,49823,507713,80,0,0,0,267090.0,2153199.0,68637.0
2024,9999.0,Kankakee Valley Rural E M C,A,Bundled,O,IN,Cooperative,MISO,33202.9,218432,18994,8353.7,54191,2647,2750.7,24748,12,,,,44307.3,297371.0,21653.0
2024,10000.0,Evergy Metro,A,Bundled,O,KS,Investor Owned,SWPP,374727.3,2854073,244555,344816.3,3221176,31292,23731.6,241033,825,,,,743275.2,6316282.0,276672.0
2024,10000.0,Evergy Metro,A,Bundled,O,MO,Investor Owned,SWPP,359634.1,2621084,273860,435026.1,4193265,33476,108174.4,1467831,881,293.2,2379,1,903127.8,8284559.0,308218.0
2024,10005.0,"Evergy Kansas South, Inc",A,Bundled,O,KS,Investor Owned,SWPP,453478.9,3181627,302508,354433.4,3150612,40867,260844.9,3416549,3119,,,,1068757.2,9748788.0,346494.0
2024,10009.0,Karnes Electric Coop Inc,A,Bundled,O,TX,Cooperative,ERCO,22940,231647,13222,59235,640754,9416,38785,629504,511,,,,120960.0,1501905.0,23149.0
2024,10012.0,Kay Electric Coop,A,Bundled,O,OK,Cooperative,SWPP,7459,52805,4371,16305,130493,1521,15761,250547,7,0,0,0,39525.0,433845.0,5899.0
2024,10019.0,FreeState Electric Coop,A,Bundled,O,KS,Cooperative,SWPP,36491,222322,17514,5600,37159,1467,2040,22544,11,,,,44131.0,282025.0,18992.0
2024,10056.0,City of Kaukauna,A,Bundled,O,WI,Municipal,MISO,15556.2,124114,14543,13855.4,133536,2056,26858.7,356560,13,0,0,0,56270.3,614210.0,16612.0
2024,10066.0,K C Electric Association,A,Bundled,O,CO,Cooperative,WACM,5361.1,40943,3404,15200.8,121498,2560,8561.3,77042,661,,,,29123.2,239483.0,6625.0
2024,10071.0,Kauai Island Utility Cooperative,A,Bundled,O,HI,Cooperative,NA,79983.4,193728,30109,49287.1,118236,5094,59535.5,160503,113,0,0,0,188806.0,472467.0,35316.0
2024,10170.0,"Kiamichi Electric Coop, Inc",A,Bundled,O,OK,Cooperative,AECI,35266,273463,18685,9157,73838,1835,3697,44218,12,,,,48120.0,391519.0,20532.0
2024,10171.0,Kentucky Utilities Co,A,Bundled,O,KY,Investor Owned,LGEE,702923.8,5933106,450673,642277.7,5536949,94302,435621.6,6125648,1624,,,,1780823.1,17595703.0,546599.0
2024,10171.0,Kentucky Utilities Co,A,Bundled,O,VA,Investor Owned,LGEE,46449.1,325240,22669,28782.9,230757,4762,8812.6,71135,64,,,,84044.6,627132.0,27495.0
2024,10210.0,Ketchikan Public Utilities,A,Bundled,O,AK,Municipal,NA,9741.7,78034,6561,9227.2,76702,1389,2361.1,22752,14,0,0,0,21330.0,177488.0,7964.0
2024,10226.0,"Utility Board of the City of Key West, F",A,Bundled,O,FL,Municipal,FMPP,55404,394917,27264,51965,346391,4609,,,,,,,107369.0,741308.0,31873.0
2024,10325.0,Kings River Conservation Dist,A,Bundled,O,CA,Political Subdivision,CISO,,,,3623.4,450755,1,,,,,,,3623.4,450755.0,1.0
2024,10331.0,Kingsport Power Co,A,Bundled,O,TN,Investor Owned,PJM,81661,636147,43159,53303,386067,6136,72743,780515,194,0,0,0,207707.0,1802729.0,49489.0
2024,10345.0,City of Kinston - (NC),A,Bundled,O,NC,Municipal,CPLE,16727.6,127937,10042,14982.5,128892,1948,13801.9,166762,12,,,,45512.0,423591.0,12002.0
2024,10370.0,City of Kirkwood - (MO),A,Bundled,O,MO,Municipal,MISO,13781,96003,9084,11904,84685,1228,956,5835,1,,,,26641.0,186523.0,10313.0
2024,10376.0,Kissimmee Utility Authority,A,Bundled,O,FL,Municipal,FMPP,141365,1069507,79281,76210.9,601873,12232,16633.4,150994,48,0,0,0,234209.3,1822374.0,91561.0
2024,10378.0,"Kit Carson Electric Coop, Inc",A,Bundled,O,NM,Cooperative,PNM,28030.7,154183,26097,17617,112231,4700,2216.7,18551,10,,,,47864.4,284965.0,30807.0
2024,10393.0,PUD No 1 of Klickitat County,A,Bundled,O,WA,Political Subdivision,BPAT,19790,164190,11917,11226,112111,2115,6642,105219,254,,,,37658.0,381520.0,14286.0
2024,10421.0,Knoxville Utilities Board,A,Bundled,O,TN,Municipal,TVA,318595,2540563,193707,276829,2324105,25566,52491,1016780,24,0,0,0,647915.0,5881448.0,219297.0
2024,10433.0,Kodiak Electric Assn Inc,A,Bundled,O,AK,Cooperative,NA,7498,39813,4772,4544,24379,1363,14128,84636,120,,,,26170.0,148828.0,6255.0
2024,10448.0,Kosciusko County Rural E M C,A,Bundled,O,IN,Cooperative,MISO,24889.6,187587,17435,,,,27723.8,260404,1568,,,,52613.4,447991.0,19003.0
2024,10451.0,Kotzebue Electric Assn Inc,A,Bundled,O,AK,Cooperative,NA,3695.1,7715,1227,5258.4,11559,127,0,0,0,0,0,0,8953.5,19274.0,1354.0
2024,10454.0,Kootenai Electric Cooperative,A,Bundled,O,ID,Cooperative,AVA,50310,412201,30378,16232,140814,2712,2100.2,27592,39,0,0,0,68642.2,580607.0,33129.0
2024,10454.0,Kootenai Electric Cooperative,A,Bundled,O,WA,Cooperative,AVA,258.4,2377,92,24.5,226,4,0.3,0,1,0,0,0,283.2,2603.0,97.0
2024,10508.0,Village of L'Anse - (MI),A,Bundled,O,MI,Municipal,MISO,799.6,4753,946,972,6735,208,0,0,0,0,0,0,1771.6,11488.0,1154.0
2024,10539.0,"La Plata Electric Assn, Inc",A,Bundled,O,CO,Cooperative,WACM,52878,316525,39931,32002,252265,6839,24757,309449,232,,,,109637.0,878239.0,47002.0
2024,10579.0,City of LaFollette,A,Bundled,O,TN,Municipal,TVA,34287,253837,19934,19612,171619,3418,1537,15307,2,0,0,0,55436.0,440763.0,23354.0
2024,10585.0,City of La Grange - (GA),A,Bundled,O,GA,Municipal,SOCO,18036,143475,12347,18141,175550,1906,15841,197311,59,,,,52018.0,516336.0,14312.0
2024,10596.0,City of Lake Crystal - (MN),A,Bundled,O,MN,Municipal,MISO,1676,7993,1070,1418.2,7983,179,,,,,,,3094.2,15976.0,1249.0
2024,10599.0,"Lake Region Electric Coop, Inc - (OK)",A,Bundled,O,OK,Cooperative,AECI,41920,348681,24788,3992,35232,1497,7122,77152,196,,,,53034.0,461065.0,26481.0
2024,10603.0,"Laclede Electric Coop, Inc",A,Bundled,O,MO,Cooperative,AECI,59859,510467,35026,13303,114611,3927,2307,22638,14,,,,75469.0,647716.0,38967.0
2024,10605.0,Lake Mills Light & Water,A,Bundled,O,WI,Municipal,MISO,4163,30030,4124,3963.5,32955,456,0,0,0,0,0,0,8126.5,62985.0,4580.0
2024,10618.0,Lake Region Electric Cooperative - (MN),A,Bundled,O,MN,Cooperative,MISO,43164.9,325139,27239,12171.1,116245,2082,1912.7,13372,748,,,,57248.7,454756.0,30069.0
2024,10620.0,City of Lake Worth Beach - (FL),A,Bundled,O,FL,Municipal,FMPP,38018.9,301807,24475,24065,177571,3367,0,0,0,0,0,0,62083.9,479378.0,27842.0
2024,10623.0,City of Lakeland - (FL),A,Bundled,O,FL,Municipal,FMPP,195448,1714227,121604,85758,905593,14851,51547,701589,88,0,0,0,332753.0,3321409.0,136543.0
2024,10624.0,Southern Rivers Energy,A,Bundled,O,GA,Cooperative,SOCO,50769,309412,20411,6484,40613,1174,2825,25119,10,,,,60078.0,375144.0,21595.0
2024,10625.0,"Lamb County Electric Coop, Inc",A,Bundled,O,TX,Cooperative,SWPP,3464,36392,2810,5141,61242,1528,20496,269268,7296,,,,29101.0,366902.0,11634.0
2024,10627.0,Lakeview Light & Power,A,Bundled,O,WA,Cooperative,BPAT,10615,107115,8238,7806,82879,2151,4796,58861,49,,,,23217.0,248855.0,10438.0
2024,10649.0,Lamar County Elec Coop Assn,A,Bundled,O,TX,Cooperative,ERCO,23023,167869,12935,14316.7,126944,1078,,,,,,,37339.7,294813.0,14013.0
2024,10668.0,Licking Rural Electric Inc,A,Bundled,O,OH,Cooperative,PJM,55072.1,326266,25820,5232.9,29867,1663,9287.4,69207,85,0,0,0,69592.4,425340.0,27568.0
2024,10681.0,Lane Electric Coop Inc,A,Bundled,O,OR,Cooperative,BPAT,23235,185173,12413,4667,43047,1092,430.4,5823,2,,,,28332.4,234043.0,13507.0
2024,10697.0,Lake Country Power,A,Bundled,O,MN,Cooperative,MISO,84024.3,469478,47204,17989.9,117384,4176,8417.6,105722,3,,,,110431.8,692584.0,51383.0
2024,10704.0,City of Lansing - (MI),A,Bundled,O,MI,Municipal,MISO,106606,538955,87301,158172,970905,12116,67691,502945,232,0,0,0,332469.0,2012805.0,99649.0
2024,10768.0,"Laurens Electric Coop, Inc",A,Bundled,O,SC,Cooperative,DUK,109482,746888,58438,32212,232117,6169,16351,181956,58,0,0,0,158045.0,1160961.0,64665.0
2024,10799.0,City of Lawrenceburg,A,Bundled,O,TN,Municipal,TVA,32255,263879,18076,21164,150115,3754,5937,73971,8,0,0,0,59356.0,487965.0,21838.0
2024,10800.0,City of Lawrenceville - (GA),A,Bundled,O,GA,Municipal,SOCO,17255.1,109381,10667,26588.3,228318,1944,85.2,648,2,,,,43928.6,338347.0,12613.0
2024,10817.0,"Lea County Electric Coop, Inc - (NM)",A,Bundled,O,NM,Cooperative,SWPP,9864,97978,7217,27648,338925,3943,20645,311348,11,,,,58157.0,748251.0,11171.0
2024,10817.0,"Lea County Electric Coop, Inc - (NM)",A,Bundled,O,TX,Cooperative,SWPP,3037,30939,1989,34218,440854,3304,11024,162579,16,,,,48279.0,634372.0,5309.0
2024,10830.0,City of Lebanon - (OH),A,Bundled,O,OH,Municipal,PJM,9704,87082,8707,1554,16167,627,18485,234136,490,,,,29743.0,337385.0,9824.0
2024,10832.0,City of Lebanon - (MO),A,Bundled,O,MO,Municipal,AECI,7991,79919,6066,8266,85483,1384,7937,85081,40,,,,24194.0,250483.0,7490.0
2024,10857.0,"Lee County Electric Coop, Inc - (FL)",A,Bundled,O,FL,Cooperative,FPL,441966.2,3264831,231142,148052.9,1293951,26489,,,,,,,590019.1,4558782.0,257631.0
2024,10868.0,City of Leesburg - (FL),A,Bundled,O,FL,Municipal,FPC,36733.8,284182,24482,25682.9,218812,4416,1107.3,8245,1,,,,63524.0,511239.0,28899.0
2024,10879.0,Lehi City Corporation,A,Bundled,O,UT,Municipal,PACE,29047.1,265338,27459,25790.8,232986,2713,,,,,,,54837.9,498324.0,30172.0
2024,10906.0,City of Lenoir - (TN),A,Bundled,O,TN,Municipal,TVA,109361,914831,62455,87482,744498,14893,12639,215263,10,0,0,0,209482.0,1874592.0,77358.0
2024,10944.0,PUD No 1 of Lewis County,A,Bundled,O,WA,Political Subdivision,BPAT,46703.1,492598,29417,16407.4,190531,5213,17921.7,278086,136,,,,81032.2,961215.0,34766.0
2024,10960.0,City of Lewisburg - (TN),A,Bundled,O,TN,Municipal,TVA,7642,68095,4981,10553,89951,1673,10895,160155,8,0,0,0,29090.0,318201.0,6662.0
2024,10966.0,City of Lexington - (NC),A,Bundled,O,NC,Municipal,DUK,27754.6,236225,18053,16094.9,131801,2239,2397.7,24503,31,,,,46247.2,392529.0,20323.0
2024,10967.0,City of Lexington - (NE),A,Bundled,O,NE,Municipal,SWPP,5499.2,54961,3815,4325.4,43445,790,9388.1,138556,9,,,,19212.7,236962.0,4614.0
2024,10968.0,City of Lexington - (TN),A,Bundled,O,TN,Municipal,TVA,27930,231999,17961,20353,157783,5616,3027,36670,7,0,0,0,51310.0,426452.0,23584.0
2024,11011.0,Licking Valley Rural E C C,A,Bundled,O,KY,Cooperative,PJM,25852,186865,16805,10813,135596,1080,987,11175,7,,,,37652.0,333636.0,17892.0
2024,11014.0,"Lighthouse Electric Coop, Inc",A,Bundled,O,TX,Cooperative,ERCO,3998.4,27407,3878,14781.9,442650,425,19558.2,148949,5197,,,,38338.5,619006.0,9500.0
2024,11018.0,Lincoln Electric System,A,Bundled,O,NE,Municipal,SWPP,141987.4,1307690,134912,125712.9,1473540,17920,33439,469694,237,0,0,0,301139.3,3250924.0,153069.0
2024,11053.0,Linn County REC,A,Bundled,O,IA,Cooperative,MISO,44026,309400,30323,7950,57442,4214,14648,159962,197,,,,66624.0,526804.0,34734.0
2024,11085.0,Town of Littleton - (MA),A,Bundled,O,MA,Municipal,ISNE,9699.6,68711,6738,6439.7,42493,809,15052.1,112087,49,,,,31191.4,223291.0,7596.0
2024,11118.0,Lockhart Power Co,A,Bundled,O,SC,Investor Owned,DUK,8555.8,63769,4976,29504.3,547375,1357,6987.8,120386,10,,,,45047.9,731530.0,6343.0
2024,11124.0,City of Lodi - (CA),A,Bundled,O,CA,Municipal,CISO,38996,173515,23751,33076.3,167813,2165,18178.9,117724,23,,,,90251.2,459052.0,25939.0
2024,11125.0,City of Lodi - (WI),A,Bundled,O,WI,Municipal,MISO,1491.8,11224,1490,1851.2,15471,311,0,0,0,0,0,0,3343.0,26695.0,1801.0
2024,11135.0,City of Logan - (UT),A,Bundled,O,UT,Municipal,PACE,15024.3,117191,19455,23039.7,202490,2312,9750.3,108086,7,,,,47814.3,427767.0,21774.0
2024,11142.0,City of Logansport - (IN),A,Bundled,O,IN,Municipal,MISO,11069,101243,11350,7196,71870,1464,18109,240286,71,,,,36374.0,413399.0,12885.0
2024,11171.0,Long Island Power Authority,A,Bundled,O,NY,State,NYIS,2243175.7,9129181,1029943,1798103.7,8379635,131220,,,,45659.3,308685,1,4086938.7,17817501.0,1161164.0
2024,11171.0,Long Island Power Authority,C,Delivery,O,NY,State,NYIS,40.9,248,12,50115.4,592126,612,,,,,,,50156.3,592374.0,624.0
2024,11187.0,City of Longmont,A,Bundled,O,CO,Municipal,PSCO,41698.5,338976,40855,37722,341771,2873,12141.8,136584,13,,,,91562.3,817331.0,43741.0
2024,11200.0,"Lorain-Medina R E C, Inc",A,Bundled,O,OH,Cooperative,PJM,36685.7,212521,15234,7378.8,46454,1594,3832.3,61966,3,,,,47896.8,320941.0,16831.0
2024,11204.0,Los Alamos County,A,Bundled,O,NM,Municipal,PNM,8687.9,61406,7742,7570.8,56271,838,31036.8,368103,1,0,0,0,47295.5,485780.0,8581.0
2024,11208.0,Los Angeles Department of Water & Power,A,Bundled,O,CA,Municipal,LDWP,1956785,8208619,1410191,2629825,11978429,91304,216919,1049637,9498,23687.1,110390,2,4827216.1,21347075.0,1510995.0
2024,11222.0,Loudon Utilities Board,A,Bundled,O,TN,Municipal,TVA,20333,177561,12698,15128,131687,1928,16238,239473,11,0,0,0,51699.0,548721.0,14637.0
2024,11241.0,Entergy Louisiana LLC,A,Bundled,O,LA,Investor Owned,MISO,1554400,14061790,957522,1185845.3,11914015,141393,1781614.9,34520048,10241,,,,4521860.2,60495853.0,1109156.0
2024,11247.0,Louisville Electric System,A,Bundled,O,MS,Municipal,TVA,3323,30518,2444,5759,49166,1015,3189,46851,3,0,0,0,12271.0,126535.0,3462.0
2024,11249.0,Louisville Gas & Electric Co,A,Bundled,O,KY,Investor Owned,LGEE,516693,4206876,384902,524165,4682305,52286,178818,2379447,549,0,0,0,1219676.0,11268628.0,437737.0
2024,11251.0,Loup River Public Power Dist,A,Bundled,O,NE,Political Subdivision,SWPP,25351,239409,16292,21498.5,213715,3874,41211.1,633215,596,,,,88060.6,1086339.0,20762.0
2024,11256.0,City of Loveland - (CO),A,Bundled,O,CO,Municipal,PSCO,39771.3,276130,37007,14706.9,103458,4992,32394.8,328791,376,,,,86873.0,708379.0,42375.0
2024,11272.0,"Lower Yellowstone R E A, Inc",A,Bundled,O,MT,Cooperative,WAUW,4387.4,49660,3499,2208.6,18571,726,23751.2,232506,1003,,,,30347.2,300737.0,5228.0
2024,11272.0,"Lower Yellowstone R E A, Inc",A,Bundled,O,ND,Cooperative,SWPP,1139.6,12734,799,307.3,2985,165,13464.8,138625,194,,,,14911.7,154344.0,1158.0
2024,11273.0,Lower Valley Energy Inc,A,Bundled,O,ID,Cooperative,BPAT,1518,20994,1636,339,4836,363,2395,48369,41,0,0,0,4252.0,74199.0,2040.0
2024,11273.0,Lower Valley Energy Inc,A,Bundled,O,WY,Cooperative,BPAT,35469,550459,22827,17218,272075,6028,1725,32626,246,0,0,0,54412.0,855160.0,29101.0
2024,11291.0,Lumbee River Elec Member Corp,A,Bundled,O,NC,Cooperative,CPLE,129687,1012516,64396,19579.8,199424,2801,12715.6,148381,17,,,,161982.4,1360321.0,67214.0
2024,11292.0,City of Lubbock - (TX),A,Bundled,O,TX,Municipal,ERCO,32562,237850,4825,34716,320854,788,2308,31303,1,,,,69586.0,590007.0,5614.0
2024,11318.0,City of Lumberton - (NC),A,Bundled,O,NC,Municipal,CPLE,13589,98229,9983,15582,122044,1857,2334,22994,8,,,,31505.0,243267.0,11848.0
2024,11355.0,"Lynches River Elec Coop, Inc",A,Bundled,O,SC,Cooperative,SC,41164,262103,21363,7878,57077,991,11564,158812,8,,,,60606.0,477992.0,22362.0
2024,11364.0,"Lyntegar Electric Coop, Inc",A,Bundled,O,TX,Cooperative,SWPP,10886,121040,9021,25238,375771,3507,36403,409289,11354,,,,72527.0,906100.0,23882.0
2024,11458.0,City of Macon - (MS),A,Bundled,O,MS,Municipal,TVA,1444,11140,892,1359,10299,288,257,1214,1,0,0,0,3060.0,22653.0,1181.0
2024,11463.0,Macon Electric Coop,A,Bundled,O,MO,Cooperative,AECI,18137.6,122370,10023,5353.2,40733,1626,6047.8,84431,2,,,,29538.6,247534.0,11651.0
2024,11475.0,City of Madison - (SD),A,Bundled,O,SD,Municipal,MISO,3819,33251,2802,3261,32470,452,2692,29176,68,0,0,0,9772.0,94897.0,3322.0
2024,11477.0,Town of Madison - (ME),A,Bundled,O,ME,Municipal,ISNE,2949,19455,2413,680,3190,226,557.7,4514,15,0,0,0,4186.7,27159.0,2654.0
2024,11477.0,Town of Madison - (ME),C,Delivery,O,ME,Municipal,ISNE,0,0,0,0,0,0,979.4,34122,2,0,0,0,979.4,34122.0,2.0
2024,11479.0,Madison Gas & Electric Co,A,Bundled,O,WI,Investor Owned,MISO,175040,860759,147501,296563,2151231,21410,12984,141976,21,,,,484587.0,3153966.0,168932.0
2024,11488.0,Madisonville Municipal Utils,A,Bundled,O,KY,Municipal,LGEE,8725,74710,6919,11616,113419,1520,6570,64076,5,0,0,0,26911.0,252205.0,8444.0
2024,11501.0,Magic Valley Electric Coop Inc,A,Bundled,O,TX,Cooperative,ERCO,200348.7,1963936,126402,31795.6,292304,18438,50248.9,603427,915,,,,282393.2,2859667.0,145755.0
2024,11519.0,Magnolia Electric Power Assn,A,Bundled,O,MS,Cooperative,MISO,61427,409501,31070,14327,96208,2272,11344,133423,13,,,,87098.0,639132.0,33355.0
2024,11560.0,City of Manassas - (VA),A,Bundled,O,VA,Municipal,PJM,19329,166150,13947,19930,190715,2676,2775,37487,1,0,0,0,42034.0,394352.0,16624.0
2024,11571.0,Manitowoc Public Utilities,A,Bundled,O,WI,Municipal,MISO,11997.2,107643,16152,8491.7,88598,1997,23938,314816,79,,,,44426.9,511057.0,18228.0
2024,11586.0,Town of Mansfield - (MA),A,Bundled,O,MA,Municipal,ISNE,12398.7,81769,9399,3018.6,18915,888,17313.8,118663,277,,,,32731.1,219347.0,10564.0
2024,11611.0,City of Maquoketa - (IA),A,Bundled,O,IA,Municipal,MISO,3079.1,23411,2805,3441.3,30453,609,1462,13518,2,0,0,0,7982.4,67382.0,3416.0
2024,11646.0,City of Marietta - (GA),A,Bundled,O,GA,Municipal,SOCO,43110.7,361258,36273,72414.2,607785,6233,,,,,,,115524.9,969043.0,42506.0
2024,11701.0,City of Marquette - (MI),A,Bundled,O,MI,Municipal,MISO,15550,91673,15036,25414.6,166025,2130,,,,,,,40964.6,257698.0,17166.0
2024,11714.0,Marshall-De Kalb Electric Coop,A,Bundled,O,AL,Cooperative,TVA,32202,257918,17318,22649,177757,4055,2721,30154,4,0,0,0,57572.0,465829.0,21377.0
2024,11731.0,City of Marshall - (MN),A,Bundled,O,MN,Municipal,MISO,5773.5,59549,5857,6871.7,81855,965,23237.7,376076,103,0,0,0,35882.9,517480.0,6925.0
2024,11740.0,City of Marshfield - (WI),A,Bundled,O,WI,Municipal,MISO,9721,96545,11928,8519,87088,1984,14823,172841,54,,,,33063.0,356474.0,13966.0
2024,11788.0,Consumers Energy Coop - (IA),A,Bundled,O,IA,Cooperative,MISO,12702,84659,6922,3363,28559,619,6599,101506,19,,,,22664.0,214724.0,7560.0
2024,11789.0,Maryville Utilities,A,Bundled,O,TN,Municipal,TVA,30077,266710,19971,28689,244884,3091,15597,263561,11,0,0,0,74363.0,775155.0,23073.0
2024,11804.0,Massachusetts Electric Co,A,Bundled,O,MA,Investor Owned,ISNE,1045148.2,3110674,526437,239012.3,1038014,56090,20703.1,86673,926,,,,1304863.6,4235361.0,583453.0
2024,11804.0,Massachusetts Electric Co,C,Delivery,O,MA,Investor Owned,ISNE,788460.5,4837264,683676,776270.1,7682284,104042,198695.2,2271883,2584,169.9,695,1,1763595.7,14792126.0,790303.0
2024,11811.0,Town of Massena - (NY),A,Bundled,O,NY,Municipal,NYIS,7060.4,113978,8156,1317.9,16734,1017,4098.8,79012,155,,,,12477.1,209724.0,9328.0
2024,11824.0,Matanuska Electric Assn Inc,A,Bundled,O,AK,Cooperative,NA,109114.7,466931,64205,65069,321388,6849,0,0,0,0,0,0,174183.7,788319.0,71054.0
2024,11843.0,Maui Electric Co Ltd,A,Bundled,O,HI,Investor Owned,NA,159187.6,362096,61811,134212.4,308918,9944,141409.5,366644,151,,,,434809.5,1037658.0,71906.0
2024,11871.0,City of Mayfield Plant Board,A,Bundled,O,KY,Municipal,TVA,6079,45463,4348,8192,66428,866,1117,11126,2,0,0,0,15388.0,123017.0,5216.0
2024,12087.0,McKenzie Electric Coop Inc,A,Bundled,O,MT,Cooperative,SWPP,34.8,404,25,11.2,93,12,37.2,150,80,,,,83.2,647.0,117.0
2024,12087.0,McKenzie Electric Coop Inc,A,Bundled,O,ND,Cooperative,SWPP,8665.9,110229,5382,155416.3,2028065,7117,282799.4,4389359,1165,,,,446881.6,6527653.0,13664.0
2024,12090.0,"McLean Electric Coop, Inc",A,Bundled,O,ND,Cooperative,MISO,7800,54734,3711,5440,43075,464,6834,91186,103,0,0,0,20074.0,188995.0,4278.0
2024,12186.0,McMinnville Electric System,A,Bundled,O,TN,Municipal,TVA,9258,78240,6646,10580,85186,1659,1019,10590,2,0,0,0,20857.0,174016.0,8307.0
2024,12187.0,City of McMinnville - (OR),A,Bundled,O,OR,Municipal,BPAT,15461,204575,17190,12479,163461,2984,14269,358163,58,,,,42209.0,726199.0,20232.0
2024,12199.0,Montana-Dakota Utilities Co,A,Bundled,O,MT,Investor Owned,SWPP,23050,178873,19616,30457,263207,5745,21765,262981,112,0,0,0,75272.0,705061.0,25473.0
2024,12199.0,Montana-Dakota Utilities Co,A,Bundled,O,ND,Investor Owned,MISO,89896,767257,79354,121899,2086375,14799,19849,259531,85,0,0,0,231644.0,3113163.0,94238.0
2024,12199.0,Montana-Dakota Utilities Co,A,Bundled,O,SD,Investor Owned,MISO,9285,63618,6367,8307,64294,2076,522,4602,8,0,0,0,18114.0,132514.0,8451.0
2024,12199.0,Montana-Dakota Utilities Co,A,Bundled,O,WY,Investor Owned,WACM,17631,149770,14706,12888,142155,2804,184,1799,14,0,0,0,30703.0,293724.0,17524.0
2024,12208.0,City of McPherson - (KS),A,Bundled,O,KS,Municipal,SWPP,8264.7,91983,7432,8711,100638,1535,49126,953740,21,,,,66101.7,1146361.0,8988.0
2024,12227.0,Meeker Coop Light & Power Assn,A,Bundled,O,MN,Cooperative,MISO,19357.7,137382,8572,3559.1,29543,659,2643.3,32052,130,,,,25560.1,198977.0,9361.0
2024,12243.0,Meade County Rural E C C,A,Bundled,O,KY,Cooperative,MISO,48783.4,341836,29248,14288,102306,2236,21733.2,527878,1,,,,84804.6,972020.0,31485.0
2024,12260.0,Mecklenburg Electric Cooperative,A,Bundled,O,NC,Cooperative,PJM,244.5,1698,135,1.1,7,3,,,,,,,245.6,1705.0,138.0
2024,12260.0,Mecklenburg Electric Cooperative,A,Bundled,O,VA,Cooperative,PJM,50807,350293,30016,69197.1,1309871,1889,16249.3,191222,29,,,,136253.4,1851386.0,31934.0
2024,12268.0,"Medina Electric Coop, Inc",A,Bundled,O,TX,Cooperative,ERCO,49460.6,408889,30205,32024.5,314086,6325,64484,862775,1115,0,0,0,145969.1,1585750.0,37645.0
2024,12293.0,City of Memphis - (TN),A,Bundled,O,TN,Municipal,TVA,632029.2,5196735,380286,721756.5,6007246,42966,123814.6,1740384,86,0,0,0,1477600.3,12944365.0,423338.0
2024,12298.0,City of Menasha - (WI),A,Bundled,O,WI,Municipal,MISO,7593.3,61128,8607,5782.1,55759,854,25110.4,358564,8,0,0,0,38485.8,475451.0,9469.0
2024,12301.0,Nodak Electric Coop Inc,A,Bundled,O,ND,Cooperative,MISO,43918,363665,20803,29050,851482,3,64254,813668,534,0,0,0,137222.0,2028815.0,21340.0
2024,12312.0,Merced Irrigation District,A,Bundled,O,CA,Political Subdivision,CISO,21222.7,87505,11366,50705.7,262208,1678,26091.7,167623,96,,,,98020.1,517336.0,13140.0
2024,12330.0,Meriwether Lewis Electric Coop,A,Bundled,O,TN,Cooperative,TVA,58724,429142,30319,31657,215638,6430,30409,516157,9,0,0,0,120790.0,1160937.0,36758.0
2024,12341.0,MidAmerican Energy Co,A,Bundled,O,IA,Investor Owned,MISO,661484.7,6006862,632436,414740.6,4917627,104372,1027827.7,16992820,1527,,,,2104053.0,27917309.0,738335.0
2024,12341.0,MidAmerican Energy Co,A,Bundled,O,IL,Investor Owned,MISO,62812.8,628574,73564,44621.8,589356,11924,30217.1,583844,46,,,,137651.7,1801774.0,85534.0
2024,12341.0,MidAmerican Energy Co,A,Bundled,O,SD,Investor Owned,MISO,4779.5,55049,4236,4905,64465,1066,10415.3,196938,24,,,,20099.8,316452.0,5326.0
2024,12341.0,MidAmerican Energy Co,C,Delivery,O,IL,Investor Owned,MISO,6.8,145,18,401.9,17634,79,169.3,10780,4,,,,578.0,28559.0,101.0
2024,12351.0,City of Mesa - (AZ),A,Bundled,O,AZ,Municipal,WALC,26812,158340,15331,23503.2,167792,2770,,,,,,,50315.2,326132.0,18101.0
2024,12377.0,Midwest Energy Cooperative - (MI),A,Bundled,O,IN,Cooperative,PJM,729.3,3806,310,468.3,2695,55,,,,,,,1197.6,6501.0,365.0
2024,12377.0,Midwest Energy Cooperative - (MI),A,Bundled,O,MI,Cooperative,PJM,65082.9,326871,29283,40072.3,226506,6319,,,,,,,105155.2,553377.0,35602.0
2024,12377.0,Midwest Energy Cooperative - (MI),A,Bundled,O,OH,Cooperative,PJM,2043.7,10496,863,1001.2,5713,198,,,,,,,3044.9,16209.0,1061.0
2024,12395.0,Menard Electric Coop,A,Bundled,O,IL,Cooperative,MISO,19338.2,107126,9048,4901.8,32060,606,7958.7,40486,1318,,,,32198.7,179672.0,10972.0
2024,12439.0,"Midstate Electric Coop, Inc",A,Bundled,O,OR,Cooperative,BPAT,30323,288117,18594,11378,127546,2917,3102,37552,6,,,,44803.0,453215.0,21517.0
2024,12450.0,Midland Power Coop,A,Bundled,O,IA,Cooperative,MISO,27419,201590,11939,6828,60498,599,16823,238479,24,,,,51070.0,500567.0,12562.0
2024,12452.0,Mid-South Electric Coop Assn,A,Bundled,O,TX,Cooperative,ERCO,76901.7,546054,36267,23294.1,161693,5043,28350.6,314315,21,,,,128546.4,1022062.0,41331.0
2024,12462.0,Mid-Carolina Electric Coop Inc,A,Bundled,O,SC,Cooperative,SC,115582.9,776807,56463,30053.8,231506,4094,3313.3,34783,9,,,,148950.0,1043096.0,60566.0
2024,12470.0,Middle Tennessee E M C,A,Bundled,O,TN,Cooperative,TVA,547097,4650561,307370,363416,3173415,36886,56766,848729,39,0,0,0,967279.0,8672705.0,344295.0
2024,12473.0,Town of Middleborough - (MA),A,Bundled,O,MA,Municipal,ISNE,22393.6,141406,14884,19472.6,130291,3231,5972.5,43896,17,,,,47838.7,315593.0,18132.0
2024,12478.0,Town of Middletown - (DE),A,Bundled,O,DE,Municipal,PJM,17226.8,100606,9071,1506.2,8162,694,21377.5,164300,403,,,,40110.5,273068.0,10168.0
2024,12515.0,"Midwest Electric, Inc - (OH)",A,Bundled,O,OH,Cooperative,PJM,26145.3,171169,10836,11373.4,99538,353,2300.8,23407,4,0,0,0,39819.5,294114.0,11193.0
2024,12524.0,Midwest Energy Inc - (KS),A,Bundled,O,KS,Cooperative,SWPP,36288.3,317121,29832,40537.7,379076,13429,65123.9,837215,7043,0,0,0,141949.9,1533412.0,50304.0
2024,12532.0,City of Milan - (TN),A,Bundled,O,TN,Municipal,TVA,12130,100330,6902,7583,62081,1630,1636,17572,2,0,0,0,21349.0,179983.0,8534.0
2024,12539.0,Midwest Electric Member Corp - (NE),A,Bundled,O,NE,Cooperative,WACM,4127.7,34285,2389,5436.9,39628,2214,23044.2,170878,2186,0,0,0,32608.8,244791.0,6789.0
2024,12540.0,City of Milford - (DE),A,Bundled,O,DE,Municipal,PJM,12128.9,79966,7169,9686.6,68432,1559,10676.1,90239,12,0,0,0,32491.6,238637.0,8740.0
2024,12546.0,Mille Lacs Energy Cooperative,A,Bundled,O,MN,Cooperative,MISO,21446.7,121995,14546,4890.3,37741,1319,4019,33606,113,,,,30356.0,193342.0,15978.0
2024,12642.0,Maquoketa Valley Rrl Elec Coop,A,Bundled,O,IA,Cooperative,MISO,19314.4,140384,11051,16355.2,141949,6062,982.4,10918,57,,,,36652.0,293251.0,17170.0
2024,12647.0,"ALLETE, Inc.",A,Bundled,O,MN,Investor Owned,MISO,154078.7,983680,125896,174471.2,1204294,26027,555452.3,6203291,419,0,0,0,884002.2,8391265.0,152342.0
2024,12651.0,Minnesota Valley Electric Coop,A,Bundled,O,MN,Cooperative,MISO,69003,493660,43412,38691,367261,4220,,,,,,,107694.0,860921.0,47632.0
2024,12674.0,City of Mishawaka,A,Bundled,O,IN,Municipal,PJM,18613.7,180338,25071,38709.7,355874,3801,,,,,,,57323.4,536212.0,28872.0
2024,12681.0,Mississippi County Electric Co,A,Bundled,O,AR,Cooperative,MISO,4653,54855,3232,1409,16187,779,159029,3129990,908,0,0,0,165091.0,3201032.0,4919.0
2024,12685.0,Entergy Mississippi LLC,A,Bundled,O,MS,Investor Owned,MISO,724601,5483701,384611,633904.1,4984401,71533,195193.9,2357445,4037,,,,1553699.0,12825547.0,460181.0
2024,12686.0,Mississippi Power Co,A,Bundled,O,MS,Investor Owned,SOCO,303566,2097472,157437,326014,2947843,34553,334964,4735309,426,0,,,964544.0,9780624.0,192416.0
2024,12692.0,"Missoula Electric Coop, Inc",A,Bundled,O,ID,Cooperative,BPAT,69.4,694,46,86,878,25,0,0,0,0,0,0,155.4,1572.0,71.0
2024,12692.0,"Missoula Electric Coop, Inc",A,Bundled,O,MT,Cooperative,BPAT,19910.6,189571,14686,5069.3,52803,1551,1361.2,15268,267,0,0,0,26341.1,257642.0,16504.0
2024,12698.0,Evergy Missouri West,A,Bundled,O,MO,Investor Owned,SWPP,449877.9,3584586,305583,338432.4,3535452,40976,95662.9,1390662,225,,,,883973.2,8510700.0,346784.0
2024,12700.0,Missouri Rural Electric Coop,A,Bundled,O,MO,Cooperative,AECI,8961,65800,5049,2974,24911,572,8584,127614,11,,,,20519.0,218325.0,5632.0
2024,12706.0,Mitchell Electric Member Corp,A,Bundled,O,GA,Cooperative,SOCO,47853.8,298974,21293,22196,158238,4387,,,,,,,70049.8,457212.0,25680.0
2024,12744.0,Modern Electric Water Company,A,Bundled,O,WA,Cooperative,AVA,7588.6,102145,9181,8563.9,122895,1748,,,,,,,16152.5,225040.0,10929.0
2024,12745.0,Modesto Irrigation District,A,Bundled,O,CA,Political Subdivision,BANC,218924.8,1005119,103650,146788,855244,29728,99166.8,808929,139,0,0,0,464879.6,2669292.0,133517.0
2024,12782.0,City of Monett - (MO),A,Bundled,O,MO,Municipal,SWPP,6348.1,46509,4118,6663.5,55061,732,12858.4,118112,37,,,,25870.0,219682.0,4887.0
2024,12796.0,Monongahela Power Co,A,Bundled,O,WV,Investor Owned,PJM,500111.5,3579591,334588,357066,3269443,56139,428976.7,5567182,6468,0,0,0,1286154.2,12416216.0,397195.0
2024,12801.0,City of Monroe - (NC),A,Bundled,O,NC,Municipal,DUK,14970,121868,10543,18779.3,167292,2249,28627,433741,113,,,,62376.3,722901.0,12905.0
2024,12825.0,NorthWestern Energy LLC - (MT),A,Bundled,O,MT,Investor Owned,NWMT,398459,2800513,328125,415977,3090579,84523,45087,418827,2239,,,,859523.0,6309919.0,414887.0
2024,12825.0,NorthWestern Energy LLC - (MT),A,Bundled,O,WY,Investor Owned,NWMT,331,2580,294,5533,28331,389,,,,,,,5864.0,30911.0,683.0
2024,12825.0,NorthWestern Energy LLC - (MT),C,Delivery,O,MT,Investor Owned,NWMT,0.3,5,2,3211,113741,398,15053,2971170,36,,,,18264.3,3084916.0,436.0
2024,12860.0,Morgan County Rural Elec Assn,A,Bundled,O,CO,Cooperative,WACM,10218.9,71098,5825,25230.7,255922,2122,18153.4,146336,1617,,,,53603.0,473356.0,9564.0
2024,12866.0,Moon Lake Electric Assn Inc,A,Bundled,O,CO,Cooperative,WACM,1452.6,15530,1526,1776.2,19812,560,34711.1,449468,141,0,0,0,37939.9,484810.0,2227.0
2024,12866.0,Moon Lake Electric Assn Inc,A,Bundled,O,UT,Cooperative,WACM,14287,159125,13275,11130.3,126929,2781,32209.1,309373,2094,,,,57626.4,595427.0,18150.0
2024,12894.0,City of Moorhead - (MN),A,Bundled,O,MN,Municipal,SWPP,20247.8,177935,18180,3726.3,30796,1856,17386.8,199268,368,,,,41360.9,407999.0,20404.0
2024,12917.0,Morgan Stanley Capital Grp Inc,B,Energy,O,MT,Retail Power Marketer,NWMT,,,,,,,9184.3,177943,1,,,,9184.3,177943.0,1.0
2024,12917.0,Morgan Stanley Capital Grp Inc,D,Bundled,O,TX,Retail Power Marketer,ERCO,,,,26763.8,237168,2,,,,,,,26763.8,237168.0,2.0
2024,12919.0,Morenci Water and Electric,A,Bundled,O,AZ,Investor Owned,WALC,2366.6,21078,2232,1787.2,16742,396,123443.6,2702496,2,0,0,0,127597.4,2740316.0,2630.0
2024,12929.0,South Central Indiana REMC,A,Bundled,O,IN,Cooperative,MISO,79935,450962,34901,8168,56312,592,9171,82227,11,,,,97274.0,589501.0,35504.0
2024,12944.0,City of Morganton - (NC),A,Bundled,O,NC,Municipal,DUK,8012,75066,7055,8607,104382,1774,8391,117702,39,,,,25010.0,297150.0,8868.0
2024,12988.0,City of Morristown - (TN),A,Bundled,O,TN,Municipal,TVA,21567,169235,13459,35193,308118,3021,30466,446774,29,0,0,0,87226.0,924127.0,16509.0
2024,12990.0,Consolidated Cooperative,A,Bundled,O,OH,Cooperative,PJM,41474,257472,16897,15500,105064,2363,7853,67699,12,,,,64827.0,430235.0,19272.0
2024,13027.0,"Mountain Electric Coop, Inc",A,Bundled,O,NC,Cooperative,TVA,21452,171496,15491,13598,98201,4573,0,0,0,0,0,0,35050.0,269697.0,20064.0
2024,13027.0,"Mountain Electric Coop, Inc",A,Bundled,O,TN,Cooperative,TVA,18527,150090,12539,10437,75008,3720,5692,96185,3,0,0,0,34656.0,321283.0,16262.0
2024,13032.0,Mt Carmel Public Utility Co,A,Bundled,O,IL,Investor Owned,MISO,8725,45617,4327,2953,15381,818,3872,22680,88,,,,15550.0,83678.0,5233.0
2024,13036.0,Village of Mt. Horeb - (WI),A,Bundled,O,WI,Municipal,MISO,3632.8,29683,3734,3327.5,27826,552,0,0,0,0,0,0,6960.3,57509.0,4286.0
2024,13039.0,City of Mt Pleasant - (TN),A,Bundled,O,TN,Municipal,TVA,6441,49316,3524,4531,32733,764,5143,61876,6,0,0,0,16115.0,143925.0,4294.0
2024,13050.0,"Mountain Parks Electric, Inc",A,Bundled,O,CO,Cooperative,WACM,27476,171905,19183,16077,130744,3568,3532,41723,28,0,0,0,47085.0,344372.0,22779.0
2024,13058.0,"Mountain View Elec Assn, Inc",A,Bundled,O,CO,Cooperative,WACM,99901.3,643841,59789,26288.5,200506,4445,11898.4,138797,41,,,,138088.2,983144.0,64275.0
2024,13073.0,"Mt Wheeler Power, Inc",A,Bundled,O,NV,Cooperative,NEVP,7274.2,85575,5169,3978.5,41561,1710,30259.6,434730,461,0,0,0,41512.3,561866.0,7340.0
2024,13073.0,"Mt Wheeler Power, Inc",A,Bundled,O,UT,Cooperative,NEVP,216.1,2250,211,252.9,2443,138,688.5,9450,60,0,0,0,1157.5,14143.0,409.0
2024,13137.0,City of Murray - (UT),A,Bundled,O,UT,Municipal,PACE,14005,126657,17000,17805,224319,3238,2599,43056,2,,,,34409.0,394032.0,20240.0
2024,13138.0,City of Murray - (KY),A,Bundled,O,KY,Municipal,TVA,8520,64202,6163,15871,147589,1773,2709,41987,2,0,0,0,27100.0,253778.0,7938.0
2024,13143.0,Board of Water Electric & Communications,A,Bundled,O,IA,Municipal,MISO,12394.2,98119,10123,13314,138754,1585,40733.9,637771,16,,,,66442.1,874644.0,11724.0
2024,13144.0,City of Muscle Shoals,A,Bundled,O,AL,Municipal,TVA,12631,105580,7154,13519,109529,1837,7767,102752,9,0,0,0,33917.0,317861.0,9000.0
2024,13145.0,Village of Muscoda - (WI),A,Bundled,O,WI,Municipal,MISO,785.1,7190,938,1026.9,8813,197,3349.4,39472,3,0,0,0,5161.4,55475.0,1138.0
2024,13196.0,Northern Plains Electric Coop,A,Bundled,O,ND,Cooperative,MISO,24261,227714,10393,8407,76917,1458,11527,137098,188,0,0,0,44195.0,441729.0,12039.0
2024,13206.0,Nantucket Electric Co,A,Bundled,O,MA,Investor Owned,ISNE,6976.4,19871,2055,750.2,2489,250,7.6,25,1,,,,7734.2,22385.0,2306.0
2024,13206.0,Nantucket Electric Co,C,Delivery,O,MA,Investor Owned,ISNE,19913.3,110153,10768,6784.7,54430,1467,66,571,3,,,,26764.0,165154.0,12238.0
2024,13208.0,City of Naperville - (IL),A,Bundled,O,IL,Municipal,PJM,66567.1,512938,56117,66085,609689,6865,9547.7,89472,8,,,,142199.8,1212099.0,62990.0
2024,13214.0,The Narragansett Electric Co,A,Bundled,O,RI,Investor Owned,ISNE,647602.8,2291381,332540,188501.8,813526,34977,22022.9,84962,926,0,0,0,858127.5,3189869.0,368443.0
2024,13214.0,The Narragansett Electric Co,C,Delivery,O,RI,Investor Owned,ISNE,111762.8,735954,118841,298761.6,2799357,26717,52298.3,514297,661,2494.6,21914,1,465317.3,4071522.0,146220.0
2024,13216.0,Nashville Electric Service,A,Bundled,O,TN,Municipal,TVA,689133,5115864,417640,730152,6069079,45757,69388,917818,58,0,0,0,1488673.0,12102761.0,463455.0
2024,13227.0,Natchez Trace Elec Power Assn,A,Bundled,O,MS,Cooperative,TVA,21763,170086,12611,14374,104438,3614,2440,22187,4,0,0,0,38577.0,296711.0,16229.0
2024,13228.0,City of Natchitoches,A,Bundled,O,LA,Municipal,MISO,8072.4,87226,7234,9669.5,107833,1242,3437.1,74927,5,,,,21179.0,269986.0,8481.0
2024,13292.0,Norris Electric Coop,A,Bundled,O,IL,Cooperative,MISO,36904,244675,18074,12546,92927,2213,3595,23621,13,,,,53045.0,361223.0,20300.0
2024,13314.0,Navajo Tribal Utility Authority,A,Bundled,O,AZ,State,PACE,26410,158835,27014,36048,206972,3330,6362,79935,2,0,0,0,68820.0,445742.0,30346.0
2024,13314.0,Navajo Tribal Utility Authority,A,Bundled,O,NM,State,PACE,10016,60590,9834,10772,62451,940,475,1992,140,0,0,0,21263.0,125033.0,10914.0
2024,13314.0,Navajo Tribal Utility Authority,A,Bundled,O,UT,State,PACE,1711,12296,1805,1916,13451,242,15003,291961,1,0,0,0,18630.0,317708.0,2048.0
2024,13318.0,"Navopache Electric Coop, Inc",A,Bundled,O,AZ,Cooperative,TEPC,39512,294157,40076,7857,69447,3639,10577,104004,413,,,,57946.0,467608.0,44128.0
2024,13318.0,"Navopache Electric Coop, Inc",A,Bundled,O,NM,Cooperative,TEPC,1211,8107,1493,281,2861,203,63,640,11,,,,1555.0,11608.0,1707.0
2024,13332.0,"Navarro County Elec Coop, Inc",A,Bundled,O,TX,Cooperative,ERCO,38926,273090,18435,7105,48369,1814,17828,242553,13,,,,63859.0,564012.0,20262.0
2024,13337.0,Nebraska Public Power District,A,Bundled,O,NE,Political Subdivision,SWPP,88105,828834,73650,90397,1081242,19670,86141,1906518,62,0,0,0,264643.0,3816594.0,93382.0
2024,13337.0,Nebraska Public Power District,A,Bundled,O,SD,Political Subdivision,SWPP,1529,15719,1044,1508,20681,236,0,0,0,0,0,0,3037.0,36400.0,1280.0
2024,13352.0,City of Negaunee,A,Bundled,O,MI,Municipal,MISO,2400.9,11056,1978,1608.7,9946,285,0,0,0,0,0,0,4009.6,21002.0,2263.0
2024,13374.0,"Constellation NewEnergy, Inc",B,Energy,O,CA,Retail Power Marketer,CISO,0,0,0,664518,5184583,11073,66607.6,493014,86,0,0,0,731125.6,5677597.0,11159.0
2024,13374.0,"Constellation NewEnergy, Inc",B,Energy,O,CT,Retail Power Marketer,ISNE,144599.4,1139183,125376,279026,2720141,28360,138491.8,1411698,701,6358.2,58035,1,568475.4,5329057.0,154438.0
2024,13374.0,"Constellation NewEnergy, Inc",B,Energy,O,DC,Retail Power Marketer,PJM,1611.4,13479,1597,200967.6,2031820,3307,2540.5,27792,40,0,0,0,205119.5,2073091.0,4944.0
2024,13374.0,"Constellation NewEnergy, Inc",B,Energy,O,DE,Retail Power Marketer,PJM,820.6,8234,712,66855.1,927718,3912,4743.1,77206,14,0,0,0,72418.8,1013158.0,4638.0
2024,13374.0,"Constellation NewEnergy, Inc",B,Energy,O,IL,Retail Power Marketer,PJM,20400.1,236053,30123,807743.3,14852360,43409,64917,1209493,530,0,0,0,893060.4,16297906.0,74062.0
2024,13374.0,"Constellation NewEnergy, Inc",B,Energy,O,IL,Retail Power Marketer,MISO,177262.8,1730621,199367,276407,4283501,29670,21446.4,340917,63,0,0,0,475116.2,6355039.0,229100.0
2024,13374.0,"Constellation NewEnergy, Inc",B,Energy,O,MA,Retail Power Marketer,ISNE,302149.2,1949741,291382,1027488.2,8597724,112456,87674.6,799891,367,5593,37333,1,1422905.0,11384689.0,404206.0
2024,13374.0,"Constellation NewEnergy, Inc",B,Energy,O,MD,Retail Power Marketer,PJM,91658,811484,68033,431381,5449084,37677,140842.4,1879066,1283,11102.8,94604,1,674984.2,8234238.0,106994.0
2024,13374.0,"Constellation NewEnergy, Inc",B,Energy,O,ME,Retail Power Marketer,ISNE,0,0,0,122624,1247602,13807,26578.8,320430,110,0,0,0,149202.8,1568032.0,13917.0
2024,13374.0,"Constellation NewEnergy, Inc",B,Energy,O,MI,Retail Power Marketer,PJM,0,0,0,8204.7,109470,54,13265.1,187408,5,0,0,0,21469.8,296878.0,59.0
2024,13374.0,"Constellation NewEnergy, Inc",B,Energy,O,MI,Retail Power Marketer,MISO,0,0,0,169904.4,2391303,2815,127553.6,1899236,313,0,0,0,297458.0,4290539.0,3128.0
2024,13374.0,"Constellation NewEnergy, Inc",B,Energy,O,NH,Retail Power Marketer,ISNE,0,0,0,160519.2,1636832,14685,13337,155932,157,0,0,0,173856.2,1792764.0,14842.0
2024,13374.0,"Constellation NewEnergy, Inc",B,Energy,O,NJ,Retail Power Marketer,PJM,6105.1,51421,5262,758019.6,8439873,37032,51389.5,601279,298,3753.2,38411,1,819267.4,9130984.0,42593.0
2024,13374.0,"Constellation NewEnergy, Inc",B,Energy,O,NY,Retail Power Marketer,NYIS,140566.6,1084403,153210,960923,10574164,71686,309420,4673880,1503,7738.2,80899,1,1418647.8,16413346.0,226400.0
2024,13374.0,"Constellation NewEnergy, Inc",B,Energy,O,OH,Retail Power Marketer,PJM,33987.2,462359,45101,399851,7986093,31010,23365,431688,1308,0,0,0,457203.2,8880140.0,77419.0
2024,13374.0,"Constellation NewEnergy, Inc",B,Energy,O,OR,Retail Power Marketer,PGE,0,0,0,19382.7,222425,77,13088.3,147460,18,0,0,0,32471.0,369885.0,95.0
2024,13374.0,"Constellation NewEnergy, Inc",B,Energy,O,PA,Retail Power Marketer,PJM,61610.7,593218,53821,1380249.1,19290687,81982,180491.1,2854913,1102,12008.3,148548,1,1634359.2,22887366.0,136906.0
2024,13374.0,"Constellation NewEnergy, Inc",B,Energy,O,RI,Retail Power Marketer,ISNE,0,0,0,110336.9,1119919,8700,3157.2,32972,47,2531.8,24993,1,116025.9,1177884.0,8748.0
2024,13374.0,"Constellation NewEnergy, Inc",B,Energy,O,VA,Retail Power Marketer,PJM,0,0,0,51998.9,869219,836,0,0,0,0,0,0,51998.9,869219.0,836.0
2024,13374.0,"Constellation NewEnergy, Inc",D,Bundled,O,TX,Retail Power Marketer,ERCO,328069.8,2057121,139928,687079.4,9063868,56492,70547.6,1400738,399,0,0,0,1085696.8,12521727.0,196819.0
2024,13407.0,Nevada Power Co,A,Bundled,O,NV,Investor Owned,NEVP,1615271.8,10535373,916385,630060.4,5856111,117014,576846,5715958,1554,814,7638,1,2822992.2,22115080.0,1034954.0
2024,13407.0,Nevada Power Co,C,Delivery,O,NV,Investor Owned,NEVP,0,0,0,17787.4,2803561,183,362.6,110677,2,0,0,0,18150.0,2914238.0,185.0
2024,13412.0,City of New Albany - (MS),A,Bundled,O,MS,Municipal,TVA,14009,113112,8157,14274,110561,3161,6433,101378,3,0,0,0,34716.0,325051.0,11321.0
2024,13416.0,City of New Bern - (NC),A,Bundled,O,NC,Municipal,CPLE,32903.7,260174,21226,20053,186521,3722,1365.7,17226,4,,,,54322.4,463921.0,24952.0
2024,13418.0,City of New Braunfels - (TX),A,Bundled,O,TX,Municipal,ERCO,89975,682873,53975,58920,482519,6470,52854.3,580021,18,,,,201749.3,1745413.0,60463.0
2024,13437.0,City of Newbern,A,Bundled,O,TN,Municipal,TVA,2080,20120,1495,2276,20925,338,4805,59405,3,0,0,0,9161.0,100450.0,1836.0
2024,13438.0,Village of New Glarus - (WI),A,Bundled,O,WI,Municipal,MISO,1078.1,8003,1091,1642,15340,205,0,0,0,0,0,0,2720.1,23343.0,1296.0
2024,13441.0,New Hampshire Elec Coop Inc,A,Bundled,O,NH,Cooperative,ISNE,120000.4,503499,72772,29421.4,132949,9163,2299,13584,9,0,0,0,151720.8,650032.0,81944.0
2024,13441.0,New Hampshire Elec Coop Inc,C,Delivery,O,NH,Cooperative,ISNE,1456,10856,1372,8353,80335,1567,6321.1,69431,23,0,0,0,16130.1,160622.0,2962.0
2024,13448.0,City of New Holstein - (WI),A,Bundled,O,WI,Municipal,MISO,2547.9,19119,2255,2497.1,21486,461,0,0,0,0,0,0,5045.0,40605.0,2716.0
2024,13467.0,New London Electric&Water Util,A,Bundled,O,WI,Municipal,MISO,3218.9,26187,3501,3772.1,35104,636,9809.2,120190,5,0,0,0,16800.2,181481.0,4142.0
2024,13478.0,"Entergy New Orleans, LLC",A,Bundled,O,LA,Investor Owned,MISO,306672.6,2353677,188178,305430,2874888,19331,29612.2,395547,1335,1157,10026,1,642871.8,5634138.0,208845.0
2024,13481.0,City of New Richmond,A,Bundled,O,WI,Municipal,MISO,4701,40537,4957,6522.6,65940,748,0,0,0,0,0,0,11223.6,106477.0,5705.0
2024,13482.0,New River Light & Power Co,A,Bundled,O,NC,State,DUK,7752,62263,7247,15003.8,144747,1850,,,,,,,22755.8,207010.0,9097.0
2024,13485.0,New Smyrna Beach City of,A,Bundled,O,FL,Municipal,FPL,34872,319280,27879,15571,143474,3611,,,,,,,50443.0,462754.0,31490.0
2024,13511.0,New York State Elec & Gas Corp,A,Bundled,O,NY,Investor Owned,NYIS,1168062.6,6375673,735192,286343.4,1914373,90322,10364,83140,543,1007,10502,1,1465777.0,8383688.0,826058.0
2024,13511.0,New York State Elec & Gas Corp,C,Delivery,O,NY,Investor Owned,NYIS,60346.7,544166,57108,186291,3892555,37245,51968,2389704,957,602,21656,1,299207.7,6848081.0,95311.0
2024,13519.0,City of Newark - (DE),A,Bundled,O,DE,Municipal,PJM,18762,98785,11888,12830.7,73371,1492,30063.6,250502,59,0,0,0,61656.3,422658.0,13439.0
2024,13520.0,"New-Mac Electric Coop, Inc",A,Bundled,O,MO,Cooperative,AECI,38474,304731,19445,6055,51801,171,3475,49514,4,,,,48004.0,406046.0,19620.0
2024,13524.0,"Newberry Electric Coop, Inc",A,Bundled,O,SC,Cooperative,SC,25345,155329,12970,10059.2,142968,741,14971.8,175301,26,0,0,0,50376.0,473598.0,13737.0
2024,13547.0,"Newnan Wtr, Sewer & Light Comm",A,Bundled,O,GA,Municipal,SOCO,13189,99916,9209,21168,200124,1840,6279,64220,1,,,,40636.0,364260.0,11050.0
2024,13550.0,City of Newport - (TN),A,Bundled,O,TN,Municipal,TVA,35443,256270,19859,17849,127248,3619,9803,145129,6,0,0,0,63095.0,528647.0,23484.0
2024,13573.0,Niagara Mohawk Power Corp.,A,Bundled,O,NY,Investor Owned,NYIS,1883342.6,10935613,1430208,413300.7,3963116,129036,86507,1442245,622,0,0,0,2383150.3,16340974.0,1559866.0
2024,13573.0,Niagara Mohawk Power Corp.,C,Delivery,O,NY,Investor Owned,NYIS,89292.8,898282,102086,379436.6,8613200,56036,134116,6860529,932,48.6,5108,1,602894.0,16377119.0,159055.0
2024,13602.0,City of Niles - (OH),A,Bundled,O,OH,Municipal,PJM,7347,78886,11882,8035,95336,911,4486,62720,22,,,,19868.0,236942.0,12815.0
2024,13640.0,Northern Virginia Elec Coop,A,Bundled,O,VA,Cooperative,PJM,265681,2296226,167274,616008,9912583,14796,1649,22272,4,,,,883338.0,12231081.0,182074.0
2024,13647.0,Noble County R E M C,A,Bundled,O,IN,Cooperative,PJM,17971.4,132778,10986,2466,19151,542,5438.1,50327,139,,,,25875.5,202256.0,11667.0
2024,13651.0,Nolin Rural Electric Coop Corp,A,Bundled,O,KY,Cooperative,PJM,64182,490715,35855,13918,119508,2884,8879,131740,2,,,,86979.0,741963.0,38741.0
2024,13664.0,Norris Public Power District,A,Bundled,O,NE,Political Subdivision,SWPP,32191.5,334982,18387,16191.8,154274,6524,43813.5,611419,2854,0,0,0,92196.8,1100675.0,27765.0
2024,13669.0,North Alabama Electric Coop,A,Bundled,O,AL,Cooperative,TVA,25483,198549,13099,16840,113566,6410,7232,145448,3,0,0,0,49555.0,457563.0,19512.0
2024,13676.0,"North Arkansas Elec Coop, Inc",A,Bundled,O,AR,Cooperative,MISO,54083.4,420412,36355,11834.9,106787,2614,7856.8,97849,9,,,,73775.1,625048.0,38978.0
2024,13679.0,Town of North Attleborough - (MA),A,Bundled,O,MA,Municipal,ISNE,18329.5,115237,12607,5281,33397,1161,9793.4,65305,128,,,,33403.9,213939.0,13896.0
2024,13693.0,"North Central Elec Coop, Inc - (OH)",A,Bundled,O,OH,Cooperative,PJM,20479.1,119796,8433,5253.4,32032,1270,7633.9,69024,42,,,,33366.4,220852.0,9745.0
2024,13694.0,"North Central Elec Coop, Inc - (ND)",A,Bundled,O,ND,Cooperative,MISO,14691.5,134786,6061,11456.4,84389,1526,1142.3,14595,5,0,0,0,27290.2,233770.0,7592.0
2024,13697.0,North Central Power Co Inc,A,Bundled,O,WI,Investor Owned,MISO,3991.7,25371,4991,1078.4,7545,520,294.7,3076,5,0,0,0,5364.8,35992.0,5516.0
2024,13716.0,North Georgia Elec Member Corp,A,Bundled,O,GA,Cooperative,TVA,177226,1454917,90182,77087,818532,16106,13126,181624,28,0,0,0,267439.0,2455073.0,106316.0
2024,13718.0,City of North Little Rock - (AR),A,Bundled,O,AR,Municipal,MISO,45431,371555,34984,23588,196936,4886,31745,322557,266,34,259,1,100798.0,891307.0,40137.0
2024,13725.0,City of North Platte,A,Bundled,O,NE,Municipal,SWPP,13376,117701,11906,13726,133653,2204,2112,34849,4,0,0,0,29214.0,286203.0,14114.0
2024,13734.0,Northeast Oklahoma Electric Co,A,Bundled,O,OK,Cooperative,SWPP,65472,509520,37871,22755,203758,4113,2849,33613,11,0,0,0,91076.0,746891.0,41995.0
2024,13735.0,Northcentral Mississippi E P A,A,Bundled,O,MS,Cooperative,TVA,53251,425370,29136,57509,450517,6493,14560,208810,14,0,0,0,125320.0,1084697.0,35643.0
2024,13739.0,Northeast Power,A,Bundled,O,NE,Political Subdivision,SWPP,10682,109811,6846,14495,201291,1003,3718,20960,805,,,,28895.0,332062.0,8654.0
2024,13750.0,"Northern Electric Coop, Inc",A,Bundled,O,SD,Cooperative,SWPP,15583.9,138063,5757,5203.7,52760,883,8866.9,104955,248,0,0,0,29654.5,295778.0,6888.0
2024,13756.0,Northern Indiana Pub Serv Co,A,Bundled,O,IN,Investor Owned,MISO,649930.9,3404882,430648,633805.1,3765256,59920,500011.7,7984846,2131,2200.9,17876,1,1785948.6,15172860.0,492700.0
2024,13757.0,North Plains Electric Coop Inc,A,Bundled,O,TX,Cooperative,SWPP,3440,33900,3081,9035,107126,2678,18736,275762,1444,,,,31211.0,416788.0,7203.0
2024,13758.0,"Northern Lights, Inc",A,Bundled,O,ID,Cooperative,BPAT,27644,240558,18511,5877,51938,1093,1703,30506,5,0,0,0,35224.0,323002.0,19609.0
2024,13758.0,"Northern Lights, Inc",A,Bundled,O,MT,Cooperative,BPAT,6426,51332,3985,841,8497,296,435,5016,6,0,0,0,7702.0,64845.0,4287.0
2024,13758.0,"Northern Lights, Inc",A,Bundled,O,WA,Cooperative,BPAT,28,233,14,0,0,0,0,0,0,0,0,0,28.0,233.0,14.0
2024,13762.0,"Northern Neck Elec Coop, Inc",A,Bundled,O,VA,Cooperative,PJM,39223,243248,17991,6248,40629,2667,,,,,,,45471.0,283877.0,20658.0
2024,13780.0,Northern States Power Co,A,Bundled,O,MI,Investor Owned,MISO,7726.4,52715,7579,6167,47036,1343,2267,30745,2,0,0,0,16160.4,130496.0,8924.0
2024,13780.0,Northern States Power Co,A,Bundled,O,WI,Investor Owned,MISO,289311.2,1827684,220574,310838.4,2673561,41684,177930.6,2093919,116,0,0,0,778080.2,6595164.0,262374.0
2024,13781.0,Northern States Power Co - Minnesota,A,Bundled,O,MN,Investor Owned,MISO,1473375.3,8676639,1230057,1566594.5,12191505,144718,666241.2,6838715,480,1948.5,15332,1,3708159.5,27722191.0,1375256.0
2024,13781.0,Northern States Power Co - Minnesota,A,Bundled,O,ND,Investor Owned,MISO,88553,731084,82987,106696.6,985019,13411,32920.9,387480,24,0,0,0,228170.5,2103583.0,96422.0
2024,13781.0,Northern States Power Co - Minnesota,A,Bundled,O,SD,Investor Owned,MISO,114326.5,824522,92204,116870.1,1016559,13567,37734.1,402544,27,0,0,0,268930.7,2243625.0,105798.0
2024,13783.0,Northeast Louisiana Power Coop Inc.,A,Bundled,O,LA,Cooperative,MISO,20534,192625,11543,7554,60475,3317,2472,12710,2895,,,,30560.0,265810.0,17755.0
2024,13788.0,Northern Wasco County PUD,A,Bundled,O,OR,Political Subdivision,BPAT,11221,145326,9800,2814.8,121887,502,100335.2,1263389,190,,,,114371.0,1530602.0,10492.0
2024,13799.0,Prairie Land Electric Coop Inc,A,Bundled,O,KS,Cooperative,SWPP,18782.2,131438,13273,20682.2,153986,8922,20861.6,273417,2346,,,,60326.0,558841.0,24541.0
2024,13807.0,Northwestern Electric Coop Inc - (OK),A,Bundled,O,OK,Cooperative,SWPP,16273,106464,9620,13614,109967,2335,8957,132140,11,,,,38844.0,348571.0,11966.0
2024,13809.0,NorthWestern Energy - (SD),A,Bundled,O,SD,Investor Owned,SWPP,70012,557457,51467,80339,668834,13444,34748,438660,60,,,,185099.0,1664951.0,64971.0
2024,13815.0,Northwestern Wisconsin Elec Co,A,Bundled,O,MN,Investor Owned,MISO,67.5,467,88,25.2,167,28,,,,,,,92.7,634.0,116.0
2024,13815.0,Northwestern Wisconsin Elec Co,A,Bundled,O,WI,Investor Owned,MISO,11717.7,84695,12990,6037.3,51133,2017,3690.6,41097,27,,,,21445.6,176925.0,15034.0
2024,13826.0,City of Norway,A,Bundled,O,MI,Municipal,MISO,2211.1,12961,1995,1397,8961,262,0,0,0,0,0,0,3608.1,21922.0,2257.0
2024,13830.0,Nueces Electric Cooperative,A,Bundled,O,TX,Cooperative,ERCO,37552.7,274361,18038,7348.2,69659,1970,492.3,1990,34,0,0,0,45393.2,346010.0,20042.0
2024,13830.0,Nueces Electric Cooperative,D,Bundled,O,TX,Cooperative,ERCO,38147.6,434129,28371,7189.8,80190,4190,0,0,0,0,0,0,45337.4,514319.0,32561.0
2024,13831.0,City of Norwich - (CT),A,Bundled,O,CT,Municipal,ISNE,31757.3,139392,18870,25862.2,127341,2014,2382.1,12973,14,,,,60001.6,279706.0,20898.0
2024,13839.0,City of Norwood - (MA),A,Bundled,O,MA,Municipal,ISNE,15915.8,90086,13601,20461.5,104543,2148,19512.3,124942,45,,,,55889.6,319571.0,15794.0
2024,13933.0,City of Oak Ridge,A,Bundled,O,TN,Municipal,TVA,21636,173511,15497,36715,305349,2332,877,10861,2,0,0,0,59228.0,489721.0,17831.0
2024,13936.0,Oakdale Electric Coop,A,Bundled,O,WI,Cooperative,MISO,23056,145324,17027,6659,51759,1758,14968,172767,58,0,0,0,44683.0,369850.0,18843.0
2024,13955.0,City of Ocala,A,Bundled,O,FL,Municipal,FMPP,68469.2,565310,45171,25586.1,215595,10888,54207.8,580635,976,0,0,0,148263.1,1361540.0,57035.0
2024,13962.0,Oconee Electric Member Corp,A,Bundled,O,GA,Cooperative,SOCO,23115.3,147116,10743,6234.9,38030,2665,5904.1,73479,10,,,,35254.3,258625.0,13418.0
2024,13963.0,Oconomowoc Utilities,A,Bundled,O,WI,Municipal,MISO,11006,80049,9972,12484.8,113253,1400,2380.8,26911,4,0,0,0,25871.6,220213.0,11376.0
2024,13965.0,Oconto Falls Water & Light Comm,A,Bundled,O,WI,Municipal,MISO,1326.1,9703,1364,1834.6,15743,310,0,0,0,0,0,0,3160.7,25446.0,1674.0
2024,13998.0,Ohio Edison Co,A,Bundled,O,OH,Investor Owned,PJM,383931.4,2373567,251751,91276.5,531605,20747,15437.8,116637,167,0,0,0,490645.7,3021809.0,272665.0
2024,13998.0,Ohio Edison Co,C,Delivery,O,OH,Investor Owned,PJM,511890.1,7007869,706029,307599.1,5632589,94161,145741.8,8773186,1211,0,0,0,965231.0,21413644.0,801401.0
2024,14006.0,Ohio Power Co,A,Bundled,O,OH,Investor Owned,PJM,1147047,5934288,550768,290649,1760606,57739,26027,171430,2577,,,,1463723.0,7866324.0,611084.0
2024,14006.0,Ohio Power Co,C,Delivery,O,OH,Investor Owned,PJM,880857,8193512,788464,825811,18659514,127543,346715,13933557,6174,,,,2053383.0,40786583.0,922181.0
2024,14015.0,Ohio Valley Electric Corp,A,Bundled,O,OH,Investor Owned,PJM,,,,,,,4132,104845,1,,,,4132.0,104845.0,1.0
2024,14055.0,PUD No 1 of Okanogan County,A,Bundled,O,WA,Political Subdivision,DOPD,30420,297361,18133,25333.2,315880,4020,934.6,13173,2,,,,56687.8,626414.0,22155.0
2024,14062.0,Oklahoma Electric Coop Inc,A,Bundled,O,OK,Cooperative,SWPP,108658,886736,58544,36010,312684,5523,19172,336865,141,,,,163840.0,1536285.0,64208.0
2024,14063.0,Oklahoma Gas & Electric Co,A,Bundled,O,AR,Investor Owned,SWPP,82513.7,718272,58218,81253.5,813309,11422,73086,1055315,353,0,0,0,236853.2,2586896.0,69993.0
2024,14063.0,Oklahoma Gas & Electric Co,A,Bundled,O,OK,Investor Owned,SWPP,1068353.4,9067611,710123,1022448.8,12782432,113936,411746.8,7534932,8662,0,0,0,2502549.0,29384975.0,832721.0
2024,14078.0,City of Okolona,A,Bundled,O,MS,Municipal,TVA,7593,59217,4289,3681,26445,1101,0,0,0,0,0,0,11274.0,85662.0,5390.0
2024,14109.0,"Oregon Trail El Cons Coop, Inc",A,Bundled,O,OR,Cooperative,BPAT,31515,312802,25997,16193,190990,4500,10343,171374,1326,,,,58051.0,675166.0,31823.0
2024,14127.0,Omaha Public Power District,A,Bundled,O,NE,Political Subdivision,SWPP,476086,3852495,362918,516016,6415364,50370,225964,3213379,126,0,0,0,1218066.0,13481238.0,413414.0
2024,14146.0,City of Opelika - (AL),A,Bundled,O,AL,Municipal,SOCO,21140,164791,13555,26160,223504,2371,2352,22776,7,,,,49652.0,411071.0,15933.0
2024,14154.0,Orange & Rockland Utils Inc,A,Bundled,O,NY,Investor Owned,NYIS,319627.5,1371430,170465,102879.7,638906,21615,5332.6,57197,29,0,0,0,427839.8,2067533.0,192109.0
2024,14154.0,Orange & Rockland Utils Inc,C,Delivery,O,NY,Investor Owned,NYIS,55301.2,379340,40546,100138.9,1384471,12080,11168,256440,56,0,0,0,166608.1,2020251.0,52682.0
2024,14164.0,City of Orangeburg - (SC),A,Bundled,O,SC,Municipal,SCEG,40812,263507,20639,32002.7,252377,3710,21000.1,230843,112,,,,93814.8,746727.0,24461.0
2024,14170.0,Orcas Power & Light Coop,A,Bundled,O,WA,Cooperative,BPAT,29823,162295,13948,9490,56915,1995,,,,,,,39313.0,219210.0,15943.0
2024,14175.0,"Tri-County Electric Coop, Inc (SC)",A,Bundled,O,SC,Cooperative,SC,43120,232956,17672,6470,40286,521,3050,27317,273,,,,52640.0,300559.0,18466.0
2024,14192.0,Osage Valley Elec Coop Assn,A,Bundled,O,MO,Cooperative,AECI,35338,252446,16945,4532,36178,1084,,,,,,,39870.0,288624.0,18029.0
2024,14194.0,City of Orrville - (OH),A,Bundled,O,OH,Municipal,PJM,8159,74411,6314,7672,69356,787,14590,155323,13,,,,30421.0,299090.0,7114.0
2024,14224.0,Otero County Electric Coop Inc,A,Bundled,O,NM,Cooperative,PNM,20000,113297,16448,13854,87939,4134,,,,,,,33854.0,201236.0,20582.0
2024,14232.0,Otter Tail Power Co,A,Bundled,O,MN,Investor Owned,MISO,57431.9,506692,50118,94469.2,1014880,13197,65278.5,1209723,11,0,0,0,217179.6,2731295.0,63326.0
2024,14232.0,Otter Tail Power Co,A,Bundled,O,ND,Investor Owned,MISO,63354.1,556789,45467,128757.8,1882667,13643,1017.5,13841,2,0,0,0,193129.4,2453297.0,59112.0
2024,14232.0,Otter Tail Power Co,A,Bundled,O,SD,Investor Owned,MISO,12136.7,111064,9048,28273.5,385612,2911,0,0,0,0,0,0,40410.2,496676.0,11959.0
2024,14238.0,Ouachita Electric Coop Corp,A,Bundled,O,AR,Cooperative,MISO,12576,95374,8391,2870,24247,614,10796,118382,276,,,,26242.0,238003.0,9281.0
2024,14245.0,Overton Power District No 5,A,Bundled,O,NV,Political Subdivision,NEVP,24614,230182,15545,11990.2,122800,2945,12338.2,109749,49,,,,48942.4,462731.0,18539.0
2024,14246.0,City of Owatonna - (MN),A,Bundled,O,MN,Municipal,MISO,13222.7,86579,11434,7507.5,58727,990,24581,236195,65,,,,45311.2,381501.0,12489.0
2024,14251.0,Owen Electric Coop Inc,A,Bundled,O,KY,Cooperative,PJM,106790,851113,63984,22278,208087,2740,111628,1835475,39,,,,240696.0,2894675.0,66763.0
2024,14268.0,City of Owensboro - (KY),A,Bundled,O,KY,Municipal,LGEE,28818.6,214670,23286,25809.3,242083,3196,27326.1,296228,74,,,,81954.0,752981.0,26556.0
2024,14275.0,City of Oxford - (MS),A,Bundled,O,MS,Municipal,TVA,10880,93616,8502,14683,129444,1964,0,0,0,0,0,0,25563.0,223060.0,10466.0
2024,14285.0,Ozark Border Electric Coop,A,Bundled,O,MO,Cooperative,AECI,59792,512979,33229,17154,158380,7746,2240,25177,13,,,,79186.0,696536.0,40988.0
2024,14288.0,Ozark Electric Coop Inc - (MO),A,Bundled,O,MO,Cooperative,AECI,60423.5,429321,31534,12326,102930,3756,948.1,11147,1,,,,73697.6,543398.0,35291.0
2024,14289.0,Ozarks Electric Coop Corp - (AR),A,Bundled,O,AR,Cooperative,SWPP,115836,889081,72076,42990,342357,5234,11988,125576,36,,,,170814.0,1357014.0,77346.0
2024,14289.0,Ozarks Electric Coop Corp - (AR),A,Bundled,O,OK,Cooperative,SWPP,20407,143757,11783,8146,61965,1101,1186,9721,6,,,,29739.0,215443.0,12890.0
2024,14324.0,PUD No 2 of Pacific County,A,Bundled,O,WA,Political Subdivision,BPAT,18052,196783,16513,7993,90423,2063,1439,23911,1,,,,27484.0,311117.0,18577.0
2024,14328.0,Pacific Gas & Electric Co.,A,Bundled,O,CA,Investor Owned,CISO,4412805,11138420,1856780,3219777,8159051,213729,2597539,7835738,76343,0,0,0,10230121.0,27133209.0,2146852.0
2024,14328.0,Pacific Gas & Electric Co.,C,Delivery,O,CA,Investor Owned,CISO,3825771,14848793,3190681,4222914,20638351,372078,1425098,11211901,15792,17435.1,370714,1,9491218.1,47069759.0,3578552.0
2024,14349.0,"Avangrid Power, LLC",B,Energy,O,OR,Retail Power Marketer,PACW,0,0,0,19936,376274,2,0,0,0,0,0,0,19936.0,376274.0,2.0
2024,14349.0,"Avangrid Power, LLC",B,Energy,O,WA,Retail Power Marketer,PSEI,0,0,0,1021,32951,1,0,0,0,0,0,0,1021.0,32951.0,1.0
2024,14354.0,PacifiCorp,A,Bundled,O,CA,Investor Owned,PACW,77033.5,373288,36273,45632.8,239124,7604,21291.4,134944,1939,0,0,0,143957.7,747356.0,45816.0
2024,14354.0,PacifiCorp,A,Bundled,O,ID,Investor Owned,PACE,96864.6,800174,74170,59303.1,577677,10728,194829.4,2349648,5818,0,0,0,350997.1,3727499.0,90716.0
2024,14354.0,PacifiCorp,A,Bundled,O,OR,Investor Owned,PACW,812639.6,5796437,547235,699667,6576188,73270,161511.2,1606528,8981,1549,11960,1,1675366.8,13991113.0,629487.0
2024,14354.0,PacifiCorp,A,Bundled,O,UT,Investor Owned,PACE,1078494.4,8613735,947246,1038345.8,11252182,100825,566424,7219111,7931,6404.8,53063,1,2689669.0,27138091.0,1056003.0
2024,14354.0,PacifiCorp,A,Bundled,O,WA,Investor Owned,PACW,179704.9,1621664,114453,157279.4,1558707,17383,77516.9,931940,5427,0,0,0,414501.2,4112311.0,137263.0
2024,14354.0,PacifiCorp,A,Bundled,O,WY,Investor Owned,PACE,140847.5,1047681,118130,149710.3,1422012,23947,485288.9,6289091,2688,0,0,0,775846.7,8758784.0,144765.0
2024,14354.0,PacifiCorp,C,Delivery,O,OR,Investor Owned,PACW,0,0,0,6670.3,368602,39,3330.8,86958,3,0,0,0,10001.1,455560.0,42.0
2024,14371.0,City of Paducah - (KY),A,Bundled,O,KY,Municipal,TVA,31394.9,201834,18863,42123.2,295270,3893,3407.7,27805,6,,,,76925.8,524909.0,22762.0
2024,14381.0,City of Painesville,A,Bundled,O,OH,Municipal,PJM,10961,85971,10832,10287,86102,1775,3483,46456,7,0,0,0,24731.0,218529.0,12614.0
2024,14398.0,Palmetto Electric Coop Inc,A,Bundled,O,SC,Cooperative,SC,126187.3,986672,68338,56687.5,471914,11651,8025.3,90949,26,,,,190900.1,1549535.0,80015.0
2024,14401.0,City of Palo Alto - (CA),A,Bundled,O,CA,Municipal,CISO,32625,157856,26249,105108,619338,3526,21843,115063,58,,,,159576.0,892257.0,29833.0
2024,14424.0,"Panola-Harrison Elec Coop, Inc",A,Bundled,O,LA,Cooperative,SWPP,11184.1,126519,8459,2345.4,25794,926,2016.5,26588,7,,,,15546.0,178901.0,9392.0
2024,14424.0,"Panola-Harrison Elec Coop, Inc",A,Bundled,O,TX,Cooperative,SWPP,12111.7,128717,9394,7007.6,77863,1917,2265.5,29305,8,,,,21384.8,235885.0,11319.0
2024,14446.0,Paragould Municipal Utilities,A,Bundled,O,AR,Municipal,SPA,18933,199769,12540,8158,87033,1864,20974,290890,39,,,,48065.0,577692.0,14443.0
2024,14455.0,City of Paris - (TN),A,Bundled,O,TN,Municipal,TVA,25131,217582,16263,22301,185299,6553,8921,160316,8,0,0,0,56353.0,563197.0,22824.0
2024,14468.0,People's Cooperative Services,A,Bundled,O,MN,Cooperative,MISO,37899,226998,21665,11081.9,79521,2203,5700.6,52974,48,0,0,0,54681.5,359493.0,23916.0
2024,14534.0,City of Pasadena - (CA),A,Bundled,O,CA,Municipal,CISO,86833,334268,58551,156460.1,667164,8507,0,0,0,1847.1,8074,1,245140.2,1009506.0,67059.0
2024,14537.0,Pascoag Utility District,A,Bundled,O,RI,Municipal,ISNE,5946,35982,4373,721,3697,549,2542,15422,62,0,0,0,9209.0,55101.0,4984.0
2024,14563.0,Pearl River Valley El Pwr Assn,A,Bundled,O,MS,Cooperative,MISO,106666.5,748470,52077,24259.2,196709,1852,12376.1,123663,29,,,,143301.8,1068842.0,53958.0
2024,14599.0,"Paulding-Putman Elec Coop, Inc",A,Bundled,O,IN,Cooperative,PJM,7106.4,50892,3851,1978.6,22751,203,5312.1,32670,7,0,0,0,14397.1,106313.0,4061.0
2024,14599.0,"Paulding-Putman Elec Coop, Inc",A,Bundled,O,OH,Cooperative,PJM,21037.1,119032,9176,7771.1,53212,494,6029.1,76412,8,0,0,0,34837.3,248656.0,9678.0
2024,14602.0,Pea River Electric Coop,A,Bundled,O,AL,Cooperative,SOCO,34400.8,205084,14922,16633.9,97901,4835,1775,20008,2,,,,52809.7,322993.0,19759.0
2024,14605.0,City of Peabody - (MA),A,Bundled,O,MA,Municipal,ISNE,30371.2,193326,22546,5880.6,31571,2673,39206.7,244352,1867,0,0,0,75458.5,469249.0,27086.0
2024,14606.0,"Peace River Electric Coop, Inc",A,Bundled,O,FL,Cooperative,SEC,100621,814932,57589,38529,359883,8626,169,738,18,0,0,0,139319.0,1175553.0,66233.0
2024,14610.0,Orlando Utilities Comm,A,Bundled,O,FL,Municipal,FMPP,447347.4,2935918,248683,377196.1,4392622,33499,,,,,,,824543.5,7328540.0,282182.0
2024,14624.0,PUD No 2 of Grant County,A,Bundled,O,WA,Political Subdivision,GCPD,50832,845768,42485,157723.8,3621318,8098,74887.3,1881611,5360,,,,283443.1,6348697.0,55943.0
2024,14626.0,"Pedernales Electric Coop, Inc",A,Bundled,O,TX,Cooperative,ERCO,708402.1,5797914,405587,224622.7,1760388,51822,23642.5,370182,189,,,,956667.3,7928484.0,457598.0
2024,14649.0,Planters Electric Member Corp,A,Bundled,O,GA,Cooperative,SOCO,32351,222583,16385,4438,36177,1097,3614,23288,716,,,,40403.0,282048.0,18198.0
2024,14653.0,PUD No 1 of Pend Oreille County,A,Bundled,O,WA,Political Subdivision,AVA,13543,157751,9120,25804.2,448506,977,1696.9,21874,4,,,,41044.1,628131.0,10101.0
2024,14668.0,Peninsula Light Company,A,Bundled,O,WA,Cooperative,BPAT,56522.5,538073,35478,6072.3,77296,138,,,,,,,62594.8,615369.0,35616.0
2024,14715.0,PPL Electric Utilities Corp,A,Bundled,O,PA,Investor Owned,PJM,1380991.7,8128207,797773,262203.9,1886520,93479,16938.7,154926,856,0,0,0,1660134.3,10169653.0,892108.0
2024,14715.0,PPL Electric Utilities Corp,C,Delivery,O,PA,Investor Owned,PJM,374734.4,6098417,498110,193575.7,12010707,95036,36574,8345169,2093,0,0,0,604884.1,26454293.0,595239.0
2024,14717.0,Pee Dee Electric Member Corp,A,Bundled,O,NC,Cooperative,CPLE,39343.5,266304,19396,13755.5,116144,2871,1205.3,12731,5,,,,54304.3,395179.0,22272.0
2024,14724.0,Pennyrile Rural Electric Coop,A,Bundled,O,KY,Cooperative,TVA,76104,578172,40645,43821,325262,6889,25287,368318,26,0,0,0,145212.0,1271752.0,47560.0
2024,14775.0,People's Electric Cooperative,A,Bundled,O,OK,Cooperative,SWPP,29831.1,238100,14728,32231.2,232824,8422,22483.1,355260,26,0,0,0,84545.4,826184.0,23176.0
2024,14839.0,City of Peru - (IN),A,Bundled,O,IN,Municipal,MISO,12168,88532,9062,9498,73187,1517,7734,68191,12,,,,29400.0,229910.0,10591.0
2024,14840.0,City of Peru - (IL),A,Bundled,O,IL,Municipal,MISO,4491,37429,4993,10364,81610,1159,11246,116965,9,,,,26101.0,236004.0,6161.0
2024,14864.0,Petit Jean Electric Coop Corp,A,Bundled,O,AR,Cooperative,MISO,33236,212826,18776,9656,68557,2131,2184,15440,10,,,,45076.0,296823.0,20917.0
2024,14940.0,PECO Energy Co,A,Bundled,O,PA,Investor Owned,PJM,1752341,10840952,1205013,311773.5,2648121,99909,42395,561116,394,0,0,0,2106509.5,14050189.0,1305316.0
2024,14940.0,PECO Energy Co,C,Delivery,O,PA,Investor Owned,PJM,285785.8,2981893,330805,198915.2,4945199,67420,187861.4,12964540,2755,7078.3,469922,3,679640.7,21361554.0,400983.0
2024,14947.0,City of Philadelphia - (MS),A,Bundled,O,MS,Municipal,TVA,4357,37115,2667,7483,63133,1171,548,5372,1,0,0,0,12388.0,105620.0,3839.0
2024,14999.0,"Pilot Power Group, LLC",B,Energy,O,CA,Retail Power Marketer,CISO,4047,24530,3892,49060,470207,1529,58257,620006,138,0,0,0,111364.0,1114743.0,5559.0
2024,15016.0,Pickwick Electric Coop,A,Bundled,O,TN,Cooperative,TVA,30854,243526,16609,17312,120660,4889,1240,13376,2,0,0,0,49406.0,377562.0,21500.0
2024,15023.0,Piedmont Electric Member Corp,A,Bundled,O,NC,Cooperative,DUK,65034.5,416987,30334,10410.3,72524,4111,2224.4,23916,3,,,,77669.2,513427.0,34448.0
2024,15040.0,City of Pierre - (SD),A,Bundled,O,SD,Municipal,SWPP,6899,64789,6126,2859.4,24901,1038,5115.6,69568,163,0,0,0,14874.0,159258.0,7327.0
2024,15045.0,Pike County Light & Power Co,A,Bundled,O,PA,Investor Owned,NYIS,5749.3,28824,3646,7035,40496,799,0,0,0,0,0,0,12784.3,69320.0,4445.0
2024,15045.0,Pike County Light & Power Co,C,Delivery,O,PA,Investor Owned,NYIS,629.8,5368,701,714.6,6934,216,0,0,0,0,0,0,1344.4,12302.0,917.0
2024,15048.0,Electrical Dist No2 Pinal County,A,Bundled,O,AZ,Political Subdivision,WALC,8833,66589,5218,12446,147044,1014,6210,61078,15,,,,27489.0,274711.0,6247.0
2024,15054.0,"Pioneer Rural Elec Coop, Inc - (OH)",A,Bundled,O,OH,Cooperative,PJM,40654.2,251232,16310,6818.5,43929,1080,33710.9,381969,17,0,0,0,81183.6,677130.0,17407.0
2024,15073.0,"Pioneer Electric Coop, Inc - (KS)",A,Bundled,O,KS,Cooperative,SWPP,6967,62283,5031,29398,328555,10694,34343,577679,625,0,0,0,70708.0,968517.0,16350.0
2024,15086.0,Pioneer Power and Light Co,A,Bundled,O,WI,Investor Owned,MISO,2402,14019,2021,768,4508,224,614,5486,33,0,0,0,3784.0,24013.0,2278.0
2024,15095.0,City of Piqua - (OH),A,Bundled,O,OH,Municipal,PJM,11281.1,87795,9829,9203,85197,1098,10497.8,108649,16,,,,30981.9,281641.0,10943.0
2024,15138.0,"Platte-Clay Electric Coop, Inc",A,Bundled,O,MO,Cooperative,AECI,44605,357865,23584,10896.5,122840,3405,6016.5,44888,11,,,,61518.0,525593.0,27000.0
2024,15141.0,Plateau Electric Cooperative,A,Bundled,O,TN,Cooperative,TVA,21576,163330,14331,17315,132109,3920,7218,141216,3,0,0,0,46109.0,436655.0,18254.0
2024,15145.0,City of Plattsburgh - (NY),A,Bundled,O,NY,Municipal,NYIS,7508.6,149707,8801,4756.6,97692,1364,9154.8,270680,8,,,,21420.0,518079.0,10173.0
2024,15159.0,City of Plymouth - (WI),A,Bundled,O,WI,Municipal,MISO,7273.7,61636,7358,9086.3,95261,1402,7987.9,102174,8,0,0,0,24347.9,259071.0,8768.0
2024,15175.0,Pointe Coupee Elec Member Corp,A,Bundled,O,LA,Cooperative,MISO,15905,118482,8255,7374,50542,2411,4789,42368,7,,,,28068.0,211392.0,10673.0
2024,15202.0,City of Ponca City - (OK),A,Bundled,O,OK,Municipal,SWPP,17853,149695,13790,12845,119862,2068,6593,76420,18,,,,37291.0,345977.0,15876.0
2024,15211.0,Pontotoc Electric Power Assn,A,Bundled,O,MS,Cooperative,TVA,31356,240818,16377,19543,140252,4314,3909,52042,3,0,0,0,54808.0,433112.0,20694.0
2024,15229.0,City of Poplar Bluff - (MO),A,Bundled,O,MO,Municipal,SWPP,12815,114590,7715,17324.6,156280,1882,3971,56466,14,0,0,0,34110.6,327336.0,9611.0
2024,15231.0,City of Port Angeles - (WA),A,Bundled,O,WA,Municipal,BPAT,11300,123731,9321,7693,96981,1703,5914,125070,4,,,,24907.0,345782.0,11028.0
2024,15248.0,Portland General Electric Co,A,Bundled,O,OR,Investor Owned,PGE,1406371,7731594,828857,892382,6433391,109268,451099,5097435,4257,1230,10202,1,2751082.0,19272622.0,942383.0
2024,15248.0,Portland General Electric Co,C,Delivery,O,OR,Investor Owned,PGE,,,,9557,514842,424,22390,1909068,73,,,,31947.0,2423910.0,497.0
2024,15257.0,"Poudre Valley REA, Inc",A,Bundled,O,CO,Cooperative,WACM,64284.2,526321,49587,47535.9,426421,5014,43397.9,593532,743,,,,155218.0,1546274.0,55344.0
2024,15263.0,The Potomac Edison Company,A,Bundled,O,MD,Investor Owned,PJM,433620,3135474,240570,77028.1,568567,21663,9150.7,70569,1107,0,0,0,519798.8,3774610.0,263340.0
2024,15263.0,The Potomac Edison Company,A,Bundled,O,WV,Investor Owned,PJM,247917.1,1968719,135266,93349.4,835967,20170,73423.3,986928,1806,0,0,0,414689.8,3791614.0,157242.0
2024,15263.0,The Potomac Edison Company,C,Delivery,O,MD,Investor Owned,PJM,8056.4,195495,15998,53795.2,1520630,10488,28962.1,1243964,1441,0,0,0,90813.7,2960089.0,27927.0
2024,15270.0,Potomac Electric Power Co,A,Bundled,O,DC,Investor Owned,PJM,336777.9,2031842,285878,235079.7,1176842,18544,0,0,0,0,0,0,571857.6,3208684.0,304422.0
2024,15270.0,Potomac Electric Power Co,A,Bundled,O,MD,Investor Owned,PJM,970730.6,4834631,485483,210545.8,1425480,30896,60.6,267,1,0,0,0,1181337.0,6260378.0,516380.0
2024,15270.0,Potomac Electric Power Co,C,Delivery,O,DC,Investor Owned,PJM,23282,411445,32902,424138.1,6005485,8975,3551,187468,1,13628.4,316348,3,464599.5,6920746.0,41881.0
2024,15270.0,Potomac Electric Power Co,C,Delivery,O,MD,Investor Owned,PJM,59648.5,665072,68124,326692,5942334,18915,7210,287719,8,7904.7,250293,2,401455.2,7145418.0,87049.0
2024,15291.0,Prairie Energy Coop,A,Bundled,O,IA,Cooperative,SWPP,7568.9,52787,3440,15.1,124,89,23838.7,275987,788,,,,31422.7,328898.0,4317.0
2024,15293.0,Powell Valley Electric Coop,A,Bundled,O,TN,Cooperative,TVA,29862,259807,21147,15079,119103,5384,9158,157209,5,0,0,0,54099.0,536119.0,26536.0
2024,15293.0,Powell Valley Electric Coop,A,Bundled,O,VA,Cooperative,TVA,9884,86575,6589,4236,33596,1817,1049,14962,1,0,0,0,15169.0,135133.0,8407.0
2024,15296.0,New York Power Authority,B,Energy,O,NY,State,NYIS,0,0,0,560527,7769397,361,285479,7026856,543,234021,2697361,3,1080027.0,17493614.0,907.0
2024,15312.0,Village of Prairie Du Sac - (WI),A,Bundled,O,WI,Municipal,MISO,1716.8,15161,1921,2414.9,23120,305,1187.6,12052,1,0,0,0,5319.3,50333.0,2227.0
2024,15334.0,Prentiss County Elec Pwr Assn,A,Bundled,O,MS,Cooperative,TVA,16867,155357,10999,13074,109284,3166,6198,70502,8,0,0,0,36139.0,335143.0,14173.0
2024,15340.0,Presque Isle Elec & Gas Coop,A,Bundled,O,MI,Cooperative,MISO,36570,174203,32446,5788,40183,2220,3995,32156,573,,,,46353.0,246542.0,35239.0
2024,15344.0,Polk-Burnett Electric Coop,A,Bundled,O,WI,Cooperative,MISO,29241,183871,20379,6301,53106,1760,26.1,93,18,,,,35568.1,237070.0,22157.0
2024,15349.0,City of Preston,A,Bundled,O,IA,Municipal,MISO,577.1,3749,521,393.3,3390,101,0,0,0,0,0,0,970.4,7139.0,622.0
2024,15410.0,Prince George Electric Coop,A,Bundled,O,VA,Cooperative,PJM,22296,170875,10954,8579,73281,1511,11698,117968,24,,,,42573.0,362124.0,12489.0
2024,15419.0,PUD No 3 of Mason County,A,Bundled,O,WA,Political Subdivision,BPAT,63717,461961,33975,18198,177258,2431,3302,42754,1,0,0,0,85217.0,681973.0,36407.0
2024,15444.0,Provo City Corp,A,Bundled,O,UT,Municipal,PACE,29407.8,258209,35299,35845.5,384365,4757,8895.7,132797,1,0,0,0,74149.0,775371.0,40057.0
2024,15466.0,Public Service Co of Colorado,A,Bundled,O,CO,Investor Owned,PSCO,1478540.7,9826647,1365053,1498938.1,12655120,224348,451516.2,5839189,308,8279.6,85688,1,3437274.6,28406644.0,1589710.0
2024,15470.0,"Duke Energy Indiana, LLC",A,Bundled,O,IN,Investor Owned,MISO,1149061,9014130,796265,818253,8229148,110116,724778,9197328,2630,0,0,0,2692092.0,26440606.0,909011.0
2024,15472.0,Public Service Co of NH,A,Bundled,O,NH,Investor Owned,ISNE,456046.9,2013245,279131,101708.7,515269,38098,10417.5,53885,1080,,,,568173.1,2582399.0,318309.0
2024,15472.0,Public Service Co of NH,C,Delivery,O,NH,Investor Owned,ISNE,183260.8,1397315,180776,241851.7,2511390,41369,96242.3,1316152,1604,,,,521354.8,5224857.0,223749.0
2024,15473.0,Public Service Co of NM,A,Bundled,O,NM,Investor Owned,PNM,528978.3,3397273,492945,473827,3869779,59510,146685.6,2607603,183,,,,1149490.9,9874655.0,552638.0
2024,15474.0,Public Service Co of Oklahoma,A,Bundled,O,OK,Investor Owned,SWPP,800878.2,6292790,501093,610771.9,6952135,67741,349700.7,5882233,5925,,,,1761350.8,19127158.0,574759.0
2024,15477.0,Public Service Elec & Gas Co,A,Bundled,O,NJ,Investor Owned,PJM,2725411.6,13348755,1966950,1504587.6,10245325,272523,105299.5,1257792,6931,3222,29253,1,4338520.7,24881125.0,2246405.0
2024,15477.0,Public Service Elec & Gas Co,C,Delivery,O,NJ,Investor Owned,PJM,29133.4,558389,89281,639287.6,12500054,52626,122436.6,2431307,1448,6715.6,287832,5,797573.2,15777582.0,143360.0
2024,15500.0,Puget Sound Energy Inc,A,Bundled,O,WA,Investor Owned,PSEI,1677597.3,11462976,1091599,1180702.1,8625073,143261,131869.1,1057368,3175,2142,16188,1,2992310.5,21161605.0,1238036.0
2024,15500.0,Puget Sound Energy Inc,C,Delivery,O,WA,Investor Owned,PSEI,0,0,0,7168.1,310949,102,11461.5,1996863,13,0,0,0,18629.6,2307812.0,115.0
2024,15507.0,City of Pulaski - (TN),A,Bundled,O,TN,Municipal,TVA,23437,176137,12432,14385,107211,2880,12937,146930,11,0,0,0,50759.0,430278.0,15323.0
2024,15671.0,Randolph Electric Member Corp,A,Bundled,O,NC,Cooperative,CPLE,60855.3,382556,31086,15114.2,121585,2722,1757.3,18392,7,,,,77726.8,522533.0,33815.0
2024,15700.0,Rayle Electric Membership Corp,A,Bundled,O,GA,Cooperative,SOCO,31555,218845,16369,9478,67313,3546,1050,12989,4,,,,42083.0,299147.0,19919.0
2024,15746.0,Red River Valley Rrl Elec Assn,A,Bundled,O,OK,Cooperative,SWPP,23536,206750,15852,11258,97721,1910,10873,174420,4,,,,45667.0,478891.0,17766.0
2024,15748.0,Town of Reading - (MA),A,Bundled,O,MA,Municipal,ISNE,41138.6,259395,27405,49749.5,379553,3295,,,,,,,90888.1,638948.0,30700.0
2024,15776.0,Central Florida Tourism Oversight District,A,Bundled,O,FL,Municipal,FPC,14,122,9,109292,1163344,1554,,,,,,,109306.0,1163466.0,1563.0
2024,15783.0,City of Redding - (CA),A,Bundled,O,CA,Municipal,BANC,69425,388866,38170,64934,363092,5977,2531,12638,318,,,,136890.0,764596.0,44465.0
2024,15804.0,Reedsburg Utility Comm,A,Bundled,O,WI,Municipal,MISO,4698.9,38885,4833,6953.2,67758,724,10679.8,124437,7,0,0,0,22331.9,231080.0,5564.0
2024,15847.0,Reliant Energy Retail Services,D,Bundled,O,TX,Retail Power Marketer,ERCO,3325842.4,19136371,1548250,662359.7,4997940,107929,1440332.2,21428482,1724,0,0,0,5428534.3,45562793.0,1657903.0
2024,15978.0,City of Richland Center - (WI),A,Bundled,O,WI,Municipal,MISO,1954.3,16384,2434,3665.4,39754,501,4322.9,51813,4,0,0,0,9942.6,107951.0,2939.0
2024,15979.0,City of Richland - (WA),A,Bundled,O,WA,Municipal,BPAT,37671,383484,25687,27712,410500,1821,10031,163887,55,,,,75414.0,957871.0,27563.0
2024,15989.0,City of Richmond - (IN),A,Bundled,O,IN,Municipal,PJM,23498.3,179056,16310,21886.4,167969,4889,51493.3,526028,129,,,,96878.0,873053.0,21328.0
2024,16057.0,"Rio Grande Electric Coop, Inc",A,Bundled,O,NM,Cooperative,EPE,326.6,1785,232,91.8,488,68,60,419,16,0,0,0,478.4,2692.0,316.0
2024,16057.0,"Rio Grande Electric Coop, Inc",A,Bundled,O,TX,Cooperative,ERCO,19215.6,103812,9298,18733,131929,4379,34971.7,342551,573,0,0,0,72920.3,578292.0,14250.0
2024,16060.0,Riverland Energy Cooperative,A,Bundled,O,WI,Cooperative,MISO,37302.3,228807,18970,4803.3,36632,1077,1830.9,18952,13,,,,43936.5,284391.0,20060.0
2024,16063.0,"Rita Blanca Electric Coop, Inc",A,Bundled,O,TX,Cooperative,SWPP,3142,37934,1255,56055,975488,532,,,,,,,59197.0,1013422.0,1787.0
2024,16082.0,City of River Falls,A,Bundled,O,WI,Municipal,MISO,6800.4,51215,6709,7278.1,64077,792,1242.4,12921,3,0,0,0,15320.9,128213.0,7504.0
2024,16088.0,City of Riverside - (CA),A,Bundled,O,CA,Municipal,CISO,155114,767945,100450,85084,445358,12243,136098,928560,680,,,,376296.0,2141863.0,113373.0
2024,16101.0,Roanoke Electric Member Corp,A,Bundled,O,NC,Cooperative,PJM,34743,164384,12049,11535,63455,2059,3648,33080,7,,,,49926.0,260919.0,14115.0
2024,16146.0,"Navasota Valley Elec Coop, Inc",A,Bundled,O,TX,Cooperative,ERCO,34992.1,222107,19672,13114.1,87007,1924,9248,100392,19,,,,57354.2,409506.0,21615.0
2024,16177.0,"Robison Energy, LLC",B,Energy,O,NY,Retail Power Marketer,NYIS,4194.7,31081,1260,1261.6,11290,112,,,,,,,5456.3,42371.0,1372.0
2024,16179.0,Rochelle Municipal Utilities,A,Bundled,O,IL,Municipal,PJM,6160,46606,5854,5238,43525,1073,32758,312532,82,,,,44156.0,402663.0,7009.0
2024,16181.0,Rochester Public Utilities,A,Bundled,O,MN,Municipal,MISO,66161.6,369451,54943,91288.3,673014,5189,11687.2,90802,1,,,,169137.1,1133267.0,60133.0
2024,16183.0,Rochester Gas & Electric Corp,A,Bundled,O,NY,Investor Owned,NYIS,449135.6,2393943,294053,103284.8,696117,21739,5731,44137,227,,,,558151.4,3134197.0,316019.0
2024,16183.0,Rochester Gas & Electric Corp,C,Delivery,O,NY,Investor Owned,NYIS,55563.9,448406,57428,155808.8,2348289,18488,43354.7,940824,407,,,,254727.4,3737519.0,76323.0
2024,16195.0,City of Rock Hill - (SC),A,Bundled,O,SC,Municipal,DUK,45256,360691,36492,51559,403075,3847,8767,88057,40,,,,105582.0,851823.0,40379.0
2024,16196.0,Rock Energy Cooperative,A,Bundled,O,IL,Cooperative,MISO,12511,83600,9339,10163,85974,1018,5181,48112,22,,,,27855.0,217686.0,10379.0
2024,16196.0,Rock Energy Cooperative,A,Bundled,O,WI,Cooperative,MISO,12105,83670,7310,5849,55445,404,9267,167338,75,,,,27221.0,306453.0,7789.0
2024,16213.0,Rockland Electric Co,A,Bundled,O,NJ,Investor Owned,PJM,149165.1,708844,63679,64063.6,333254,8283,4295.7,34662,13,0,0,0,217524.4,1076760.0,71975.0
2024,16213.0,Rockland Electric Co,C,Delivery,O,NJ,Investor Owned,NYIS,417.7,4426,471,1596.1,30851,142,295.8,2759,3,0,0,0,2309.6,38036.0,616.0
2024,16213.0,Rockland Electric Co,C,Delivery,O,NJ,Investor Owned,PJM,2417.2,30737,2210,22578.8,432285,1228,187.4,3331,5,0,0,0,25183.4,466353.0,3443.0
2024,16223.0,City of Rockwood - (TN),A,Bundled,O,TN,Municipal,TVA,21972,172855,12042,12356,88881,3388,2029,26471,5,0,0,0,36357.0,288207.0,15435.0
2024,16226.0,City of Rocky Mount - (NC),A,Bundled,O,NC,Municipal,CPLE,37085,304444,25407,28846,301437,3748,11255,144105,33,,,,77186.0,749986.0,29188.0
2024,16259.0,City of Rolla - (MO),A,Bundled,O,MO,Municipal,MISO,10603,99848,8132,5112,55003,1393,11779,145779,108,,,,27494.0,300630.0,9633.0
2024,16286.0,Rosebud Electric Coop Inc,A,Bundled,O,SD,Cooperative,SWPP,6767.4,63650,4856,2139.1,23349,760,77.6,757,21,0,0,0,8984.1,87756.0,5637.0
2024,16295.0,City of Roseville - (CA),A,Bundled,O,CA,Municipal,BANC,101628,544702,63052,74650.8,446943,7394,24554.8,190320,29,,,,200833.6,1181965.0,70475.0
2024,16368.0,Runestone Electric Assn,A,Bundled,O,MN,Cooperative,MISO,27624,192378,14282,2938,22261,818,1558,14291,291,,,,32120.0,228930.0,15391.0
2024,16382.0,"Rural Electric Coop, Inc - (OK)",A,Bundled,O,OK,Cooperative,SWPP,14260.4,125619,9047,31081,313625,3545,10765.7,184254,13,,,,56107.1,623498.0,12605.0
2024,16458.0,City of Russellville - (AL),A,Bundled,O,AL,Municipal,TVA,6688,50459,3890,8390,61920,1204,1773,26048,2,0,0,0,16851.0,138427.0,5096.0
2024,16459.0,City of Russellville - (KY),A,Bundled,O,KY,Municipal,TVA,4465,37234,3092,5519,43620,1078,3216,35725,4,0,0,0,13200.0,116579.0,4174.0
2024,16461.0,"Rusk County Electric Coop, Inc",A,Bundled,O,TX,Cooperative,SWPP,36242.7,281054,18152,13806.5,97638,5444,8985.3,122467,24,,,,59034.5,501159.0,23620.0
2024,16463.0,City of Ruston - (LA),A,Bundled,O,LA,Municipal,MISO,6141,108531,9900,6892,163720,1941,1299,25146,16,,,,14332.0,297397.0,11857.0
2024,16496.0,Rutherford Elec Member Corp,A,Bundled,O,NC,Cooperative,DUK,124293,946790,70743,22675,179707,5735,16403,206080,36,0,0,0,163371.0,1332577.0,76514.0
2024,16534.0,Sacramento Municipal Util Dist,A,Bundled,O,CA,Political Subdivision,BANC,892673.1,4995051,592557,676029.4,4150764,71160,208942.2,1549024,2517,4080.8,26362,1,1781725.5,10721201.0,666235.0
2024,16555.0,Salem Electric - (OR),A,Bundled,O,OR,Cooperative,BPAT,21211,192449,18385,10492,106192,2453,1815,19160,7,,,,33518.0,317801.0,20845.0
2024,16558.0,City of Salem - (VA),A,Bundled,O,VA,Municipal,PJM,18847.5,124695,11298,14485.9,96855,2152,15670.4,121361,69,0,0,0,49003.8,342911.0,13519.0
2024,16565.0,Salmon River Electric Coop Inc,A,Bundled,O,ID,Cooperative,IPCO,3412,37927,2383,1630,21605,471,2485,42779,128,0,0,0,7527.0,102311.0,2982.0
2024,16572.0,Salt River Project,A,Bundled,O,AZ,Political Subdivision,SRP,2060051,15307643,1053407,1481943,13767916,112637,346996,4491678,49,1079,10037,1,3890069.0,33577274.0,1166094.0
2024,16587.0,Salt River Electric Coop Corp,A,Bundled,O,KY,Cooperative,PJM,83823.1,770315,53479,31360.9,299184,3741,18662.1,223716,22,,,,133846.1,1293215.0,57242.0
2024,16603.0,"San Luis Valley R E C, Inc",A,Bundled,O,CO,Cooperative,WACM,12986,70637,9115,7130,52066,1586,15813,80709,2584,,,,35929.0,203412.0,13285.0
2024,16604.0,City of San Antonio - (TX),A,Bundled,O,TX,Municipal,ERCO,1382966.5,11123381,865914,1366184.6,13566138,96322,50030.9,565237,36,,,,2799182.0,25254756.0,962272.0
2024,16606.0,"Santee Electric Coop, Inc",A,Bundled,O,SC,Cooperative,SC,78003,529109,35235,20465.3,136962,9605,32902.1,481918,15,,,,131370.4,1147989.0,44855.0
2024,16609.0,San Diego Gas & Electric Co,A,Bundled,O,CA,Investor Owned,CISO,588006.5,1347817,307982,439773.5,1237280,34342,143087.5,545010,1110,15929,77013,5,1186796.5,3207120.0,343439.0
2024,16609.0,San Diego Gas & Electric Co,C,Delivery,O,CA,Investor Owned,CISO,973689.1,3462171,1056379,1063442.7,6179866,122616,492823.6,3842016,3534,0,0,0,2529955.4,13484053.0,1182529.0
2024,16611.0,Access Energy Coop,A,Bundled,O,IA,Cooperative,AECI,16832.6,112566,8850,3279.8,26156,191,19476.3,283550,26,0,0,0,39588.7,422272.0,9067.0
2024,16612.0,City & County of San Francisco,A,Bundled,O,CA,Municipal,CISO,10213.6,42476,2618,137259.1,743836,291,16466.8,69575,31,19069.1,97793,1,183008.6,953680.0,2941.0
2024,16613.0,Sam Houston Electric Coop Inc,A,Bundled,O,TX,Cooperative,MISO,148891,1179641,86118,20792,164368,7164,45377,506185,204,,,,215060.0,1850194.0,93486.0
2024,16616.0,"San Isabel Electric Assn, Inc",A,Bundled,O,CO,Cooperative,WACM,32484.1,182662,23289,13809,85835,2745,10293,142193,12,,,,56586.1,410690.0,26046.0
2024,16622.0,"San Miguel Power Assn, Inc",A,Bundled,O,CO,Cooperative,WACM,19263.8,118032,12154,12957,96510,2616,213,1297,81,,,,32433.8,215839.0,14851.0
2024,16627.0,San Patricio Electric Coop Inc,A,Bundled,O,TX,Cooperative,ERCO,18710.5,133740,10007,5989.2,43298,2467,6581,74369,48,,,,31280.7,251407.0,12522.0
2024,16629.0,Sand Mountain Electric Coop,A,Bundled,O,AL,Cooperative,TVA,48380,385353,27298,24381,179227,6299,5673,67617,4,0,0,0,78434.0,632197.0,33601.0
2024,16637.0,City of Sandersville - (GA),A,Bundled,O,GA,Municipal,SOCO,2929.7,26880,2234,66768.2,1489582,597,3554,53538,4,,,,73251.9,1570000.0,2835.0
2024,16638.0,"San Bernard Electric Coop, Inc",A,Bundled,O,TX,Cooperative,ERCO,66066.2,466463,31774,12533.5,111002,1083,19728.7,221040,6,,,,98328.4,798505.0,32863.0
2024,16655.0,City of Santa Clara - (CA),A,Bundled,O,CA,Municipal,CISO,43895.9,260068,50949,28715,130095,7153,651648.2,4309793,1286,218.1,828,1,724477.2,4700784.0,59389.0
2024,16674.0,Satilla Rural Elec Member Corporation,A,Bundled,O,GA,Cooperative,SOCO,104060.1,744068,54115,19974.1,131221,5397,14410.3,284208,37,,,,138444.5,1159497.0,59549.0
2024,16740.0,Scenic Rivers Energy Coop,A,Bundled,O,IL,Cooperative,MISO,18.5,139,12,,,,,,,,,,18.5,139.0,12.0
2024,16740.0,Scenic Rivers Energy Coop,A,Bundled,O,WI,Cooperative,MISO,27778.1,182361,13597,223.3,1258,169,5155.3,42479,843,,,,33156.7,226098.0,14609.0
2024,16751.0,Three Rivers Electric Coop,A,Bundled,O,MO,Cooperative,AECI,37775.1,302838,22561,7657.1,72380,1947,2560.5,26377,13,,,,47992.7,401595.0,24521.0
2024,16805.0,SEMO Electric Cooperative,A,Bundled,O,MO,Cooperative,AECI,22140.4,173149,10783,15002.6,87105,5473,6726.9,91488,10,,,,43869.9,351742.0,16266.0
2024,16829.0,City of Scottsboro - (AL),A,Bundled,O,AL,Municipal,TVA,12835,99747,7090,14370,120941,1639,6671,96370,8,0,0,0,33876.0,317058.0,8737.0
2024,16840.0,"Calpine Energy Solutions, LLC",B,Energy,O,CA,Retail Power Marketer,CISO,0,0,0,700426.7,6114896,155,124470.6,1166918,26,0,0,0,824897.3,7281814.0,181.0
2024,16840.0,"Calpine Energy Solutions, LLC",B,Energy,O,CT,Retail Power Marketer,ISNE,0,0,0,55762.3,656135,31,7706.2,118010,6,0,0,0,63468.5,774145.0,37.0
2024,16840.0,"Calpine Energy Solutions, LLC",B,Energy,O,DC,Retail Power Marketer,PJM,0,0,0,23819.2,232066,46,61.4,727,1,0,0,0,23880.6,232793.0,47.0
2024,16840.0,"Calpine Energy Solutions, LLC",B,Energy,O,DE,Retail Power Marketer,PJM,0,0,0,10643.4,157969,14,0,0,0,0,0,0,10643.4,157969.0,14.0
2024,16840.0,"Calpine Energy Solutions, LLC",B,Energy,O,IL,Retail Power Marketer,MISO,0,0,0,300772.6,6325920,123,13603,285308,13,0,0,0,314375.6,6611228.0,136.0
2024,16840.0,"Calpine Energy Solutions, LLC",B,Energy,O,MA,Retail Power Marketer,ISNE,0,0,0,123332.9,1237268,47,7524,84532,7,0,0,0,130856.9,1321800.0,54.0
2024,16840.0,"Calpine Energy Solutions, LLC",B,Energy,O,MD,Retail Power Marketer,PJM,0,0,0,55375.8,825079,41,534.2,9013,2,0,0,0,55910.0,834092.0,43.0
2024,16840.0,"Calpine Energy Solutions, LLC",B,Energy,O,ME,Retail Power Marketer,ISNE,0,0,0,15941.7,187152,12,8158.6,143148,1,0,0,0,24100.3,330300.0,13.0
2024,16840.0,"Calpine Energy Solutions, LLC",B,Energy,O,MI,Retail Power Marketer,MISO,0,0,0,52715.9,797918,32,9075.6,147644,8,0,0,0,61791.5,945562.0,40.0
2024,16840.0,"Calpine Energy Solutions, LLC",B,Energy,O,NH,Retail Power Marketer,ISNE,0,0,0,15815.9,200554,21,5104.6,68413,3,0,0,0,20920.5,268967.0,24.0
2024,16840.0,"Calpine Energy Solutions, LLC",B,Energy,O,NJ,Retail Power Marketer,PJM,0,0,0,146455.5,1777257,42,9138.3,106333,5,0,0,0,155593.8,1883590.0,47.0
2024,16840.0,"Calpine Energy Solutions, LLC",B,Energy,O,NY,Retail Power Marketer,NYIS,0,0,0,173138.3,2168993,107,15706.1,268218,5,0,0,0,188844.4,2437211.0,112.0
2024,16840.0,"Calpine Energy Solutions, LLC",B,Energy,O,OH,Retail Power Marketer,PJM,0,0,0,180090.3,4106286,92,10801.2,274106,7,0,0,0,190891.5,4380392.0,99.0
2024,16840.0,"Calpine Energy Solutions, LLC",B,Energy,O,OR,Retail Power Marketer,PACW,0,0,0,12984.6,128896,4,0,0,0,0,0,0,12984.6,128896.0,4.0
2024,16840.0,"Calpine Energy Solutions, LLC",B,Energy,O,OR,Retail Power Marketer,PGE,0,0,0,126248.3,1549337,23,17111,252802,3,0,0,0,143359.3,1802139.0,26.0
2024,16840.0,"Calpine Energy Solutions, LLC",B,Energy,O,PA,Retail Power Marketer,PJM,0,0,0,241453.8,4459656,67,19502.9,347804,9,0,0,0,260956.7,4807460.0,76.0
2024,16840.0,"Calpine Energy Solutions, LLC",B,Energy,O,RI,Retail Power Marketer,ISNE,0,0,0,15899.9,186961,14,0,0,0,0,0,0,15899.9,186961.0,14.0
2024,16840.0,"Calpine Energy Solutions, LLC",B,Energy,O,VA,Retail Power Marketer,PJM,0,0,0,121813,1866825,32,14071.8,187634,3,0,0,0,135884.8,2054459.0,35.0
2024,16840.0,"Calpine Energy Solutions, LLC",D,Bundled,O,TX,Retail Power Marketer,ERCO,0,0,0,483070.5,8110991,105,23598.5,361561,15,0,0,0,506669.0,8472552.0,120.0
2024,16865.0,Sawnee Electric Membership Corporation,A,Bundled,O,GA,Cooperative,SOCO,296924.7,2573235,181600,107528.6,993534,20437,16723.6,223443,107,0,0,0,421176.9,3790212.0,202144.0
2024,16868.0,City of Seattle - (WA),A,Bundled,O,WA,Municipal,SCL,467404.3,3317659,459964,583327.9,4954390,52473,69995.6,693409,58,8705.2,76818,3,1129433.0,9042276.0,512498.0
2024,16900.0,City of Seguin - (TX),A,Bundled,O,TX,Municipal,ERCO,11145,102375,8478,11618,111444,1477,10918,139646,15,,,,33681.0,353465.0,9970.0
2024,16930.0,Sequachee Valley Electric Coop,A,Bundled,O,TN,Cooperative,TVA,59074,455551,33206,33406,270051,6072,10848,130459,6,0,0,0,103328.0,856061.0,39284.0
2024,16949.0,Sevier County Electric System,A,Bundled,O,TN,Municipal,TVA,54866,484327,35626,130336,1118298,27875,3624,55201,5,0,0,0,188826.0,1657826.0,63506.0
2024,16971.0,Shakopee Public Utilities Comm,A,Bundled,O,MN,Municipal,MISO,21575,138811,18517,1852,14028,1428,34037,273774,584,0,0,0,57464.0,426613.0,20529.0
2024,17011.0,Shawano Municipal Utilities,A,Bundled,O,WI,Municipal,MISO,4285,33862,4932,1677.5,11443,1007,19329.8,217743,165,,,,25292.3,263048.0,6104.0
2024,17033.0,Sheffield Utilities,A,Bundled,O,AL,Municipal,TVA,28928,234217,15663,20201,142637,3895,17700,319756,8,0,0,0,66829.0,696610.0,19566.0
2024,17038.0,RushShelby Energy,A,Bundled,O,IN,Cooperative,MISO,34432,203882,14761,6635,48631,267,15849,185616,13,,,,56916.0,438129.0,15041.0
2024,17040.0,"Shelby Electric Coop, Inc - (IL)",A,Bundled,O,IL,Cooperative,MISO,22822.4,122528,9871,3541.1,26695,156,9406.4,85641,27,,,,35769.9,234864.0,10054.0
2024,17044.0,"Shelby Energy Coop, Inc - (KY)",A,Bundled,O,KY,Cooperative,PJM,32654,247143,17437,9240,87359,627,11488,136815,12,,,,53382.0,471317.0,18076.0
2024,17047.0,City of Shelbyville - (TN),A,Bundled,O,TN,Municipal,TVA,14880,131389,9877,15390,133061,1863,6812,94363,6,0,0,0,37082.0,358813.0,11746.0
2024,17066.0,Shenandoah Valley Elec Coop,A,Bundled,O,VA,Cooperative,PJM,164727.5,1192869,85281,64563.7,525096,15465,61845.6,679294,81,0,0,0,291136.8,2397259.0,100827.0
2024,17127.0,Town of Shrewsbury - (MA),A,Bundled,O,MA,Municipal,ISNE,19669,137811,15713,6535,44781,1171,11705,96656,102,,,,37909.0,279248.0,16986.0
2024,17166.0,Sierra Pacific Power Co,A,Bundled,O,NV,Investor Owned,NEVP,395796.6,2726243,330891,409562,3647749,49425,222328.5,2280204,1532,0,0,0,1027687.1,8654196.0,381848.0
2024,17166.0,Sierra Pacific Power Co,C,Delivery,O,NV,Investor Owned,NEVP,,,,2309.9,522550,18,6793.9,2441334,7,,,,9103.8,2963884.0,25.0
2024,17177.0,City of Sikeston - (MO),A,Bundled,O,MO,Municipal,SPA,11219.3,113575,7058,12175.3,122501,1669,7237,114137,22,,,,30631.6,350213.0,8749.0
2024,17184.0,City of Siloam Springs - (AR),A,Bundled,O,AR,Municipal,SWPP,10344,88813,8590,2708,20916,954,15995,196645,243,,,,29047.0,306374.0,9787.0
2024,17252.0,Singing River Elec Cooperative,A,Bundled,O,AL,Cooperative,SOCO,653.1,4897,336,78.9,640,16,,,,,,,732.0,5537.0,352.0
2024,17252.0,Singing River Elec Cooperative,A,Bundled,O,MS,Cooperative,MISO,140826.6,1046069,72343,41270.7,345789,7903,7570.8,78433,15,0,0,0,189668.1,1470291.0,80261.0
2024,17260.0,North West Rural Electric Coop,A,Bundled,O,IA,Cooperative,SWPP,22965.9,247896,9400,34250.6,503569,926,555.1,6420,62,0,0,0,57771.6,757885.0,10388.0
2024,17261.0,Slope Electric Coop Inc,A,Bundled,O,ND,Cooperative,SWPP,5981,43295,3204,2827,19770,590,10621,141610,304,0,0,0,19429.0,204675.0,4098.0
2024,17267.0,Sioux Valley SW Elec Coop,A,Bundled,O,MN,Cooperative,SWPP,10165.8,80620,3370,1064.3,6518,405,4778.8,48973,122,,,,16008.9,136111.0,3897.0
2024,17267.0,Sioux Valley SW Elec Coop,A,Bundled,O,SD,Cooperative,SWPP,42731.4,330339,22213,7691.5,49192,2530,35540.8,408323,546,,,,85963.7,787854.0,25289.0
2024,17324.0,Slinger Utilities,A,Bundled,O,WI,Municipal,MISO,2505.6,20765,2586,2472.4,21120,451,0,0,0,0,0,0,4978.0,41885.0,3037.0
2024,17452.0,City of Smithville - (TN),A,Bundled,O,TN,Municipal,TVA,3179,26250,2408,5534,44203,640,2528,41750,3,0,0,0,11241.0,112203.0,3051.0
2024,17470.0,PUD No 1 of Snohomish County,A,Bundled,O,WA,Political Subdivision,BPAT,452788,3933257,346532,229745,2431764,35453,33545,440362,77,0,0,0,716078.0,6805383.0,382062.0
2024,17512.0,Village of Solvay - (NY),A,Bundled,O,NY,Municipal,NYIS,3769,58052,4680,1742,28889,476,23048,449220,26,,,,28559.0,536161.0,5182.0
2024,17534.0,"South Alabama Elec Coop, Inc",A,Bundled,O,AL,Cooperative,SOCO,31775,205849,16801,7082,49152,901,17011,153956,5,0,0,0,55868.0,408957.0,17707.0
2024,17539.0,"Dominion Energy South Carolina, Inc",A,Bundled,O,SC,Investor Owned,SCEG,1258517.2,8626724,696385,919148.5,7842225,109264,388812,5253133,785,0,0,0,2566477.7,21722082.0,806434.0
2024,17540.0,"South Central Ark El Coop, Inc",A,Bundled,O,AR,Cooperative,MISO,16012,108938,9410,4672,31177,1247,8571,109945,18,,,,29255.0,250060.0,10675.0
2024,17543.0,South Carolina Public Service Authority,A,Bundled,O,SC,State,SC,239381.3,2103044,185529,187643.1,1989136,30938,304621.7,5994535,27,0,0,0,731646.1,10086715.0,216494.0
2024,17548.0,South Central Public Pwr Dist,A,Bundled,O,NE,Political Subdivision,SWPP,5910.6,61945,3777,10441,225222,1361,8984,77683,3430,0,0,0,25335.6,364850.0,8568.0
2024,17550.0,South Central Electric Assn,A,Bundled,O,MN,Cooperative,MISO,11375,74853,4665,6926,52156,1266,6626,100573,13,,,,24927.0,227582.0,5944.0
2024,17561.0,South Plains Electric Coop Inc,A,Bundled,O,TX,Cooperative,ERCO,4416,34749,5472,8834.8,86102,2224,26566,461154,465,,,,39816.8,582005.0,8161.0
2024,17561.0,South Plains Electric Coop Inc,A,Bundled,O,TX,Cooperative,SWPP,70234.4,686621,50701,32415,309684,9082,22774.8,173208,7457,,,,125424.2,1169513.0,67240.0
2024,17564.0,South Kentucky Rural E C C,A,Bundled,O,KY,Cooperative,PJM,101187,783246,64877,13749,94108,6029,34780,359034,477,0,0,0,149716.0,1236388.0,71383.0
2024,17564.0,South Kentucky Rural E C C,A,Bundled,O,TN,Cooperative,PJM,193,1402,152,93,671,31,63,383,2,0,0,0,349.0,2456.0,185.0
2024,17565.0,South Louisiana Elec Coop Assn,A,Bundled,O,LA,Cooperative,MISO,34782,258112,16997,27438,191188,4305,6840,52306,11,,,,69060.0,501606.0,21313.0
2024,17572.0,South River Elec Member Corp,A,Bundled,O,NC,Cooperative,CPLE,91755,689832,45730,14128,146124,2625,831,10794,2,,,,106714.0,846750.0,48357.0
2024,17577.0,City of South Sioux City,A,Bundled,O,NE,Municipal,SWPP,6289.4,48767,5217,14413.9,182924,1006,,,,,,,20703.3,231691.0,6223.0
2024,17585.0,"Southeastern IL Elec Coop, Inc",A,Bundled,O,IL,Cooperative,MISO,45231,312673,22731,12731,88535,2429,34575,332808,28,,,,92537.0,734016.0,25188.0
2024,17592.0,Southeast Colorado Power Assn,A,Bundled,O,CO,Cooperative,WACM,12390,71970,8148,17652,136010,2766,5467,40269,11,,,,35509.0,248249.0,10925.0
2024,17599.0,Southeastern Indiana R E M C,A,Bundled,O,IN,Cooperative,MISO,54061.7,355150,26172,9962.4,71536,2343,7245.5,84169,10,,,,71269.6,510855.0,28525.0
2024,17603.0,Southeastern Electric Coop Inc - (OK),A,Bundled,O,OK,Cooperative,SWPP,20361,224018,15583,4913.3,40944,1625,10551,189454,10,,,,35825.3,454416.0,17218.0
2024,17609.0,Southern California Edison Co,A,Bundled,O,CA,Investor Owned,CISO,6336639,19540551,3219520,6588907,28534149,449347,673107,3271801,20138,,,,13598653.0,51346501.0,3689005.0
2024,17609.0,Southern California Edison Co,C,Delivery,O,CA,Investor Owned,CISO,1409134,7873761,1374895,2222852,19677545,230525,110691,1512842,2936,,,,3742677.0,29064148.0,1608356.0
2024,17612.0,Bear Valley Electric Service,A,Bundled,O,CA,Investor Owned,CISO,26596.1,86717,23327,9982,33935,1485,3689,17623,7,0,0,0,40267.1,138275.0,24819.0
2024,17633.0,Southern Indiana Gas & Elec Co,A,Bundled,O,IN,Investor Owned,MISO,249368.5,1423253,133795,182118.8,1161784,19466,191142,2233775,110,,,,622629.3,4818812.0,153371.0
2024,17637.0,Southern Maryland Elec Coop Inc,A,Bundled,O,MD,Cooperative,PJM,323231.6,2178191,158375,151913.9,1205262,15928,0,0,0,0,0,0,475145.5,3383453.0,174303.0
2024,17637.0,Southern Maryland Elec Coop Inc,C,Delivery,O,MD,Cooperative,PJM,1440.1,25930,2507,1107.3,31871,345,0,0,0,0,0,0,2547.4,57801.0,2852.0
2024,17642.0,Southern Public Power District,A,Bundled,O,NE,Political Subdivision,SWPP,21776.1,236324,15215,18459.3,365095,2852,49092.9,770360,9968,0,0,0,89328.3,1371779.0,28035.0
2024,17646.0,"Southern Pine Elec Coop, Inc",A,Bundled,O,AL,Cooperative,SOCO,36514,262752,20645,19768,174656,1994,4223,40406,28,,,,60505.0,477814.0,22667.0
2024,17647.0,Southern Pine Electric Cooperative,A,Bundled,O,MS,Cooperative,MISO,127681.9,911422,65176,42076,327403,5549,59628.6,639465,46,,,,229386.5,1878290.0,70771.0
2024,17671.0,Southwest Arkansas E C C,A,Bundled,O,AR,Cooperative,MISO,47215.9,364269,24879,15641.4,139778,3012,13985,186236,4,0,0,0,76842.3,690283.0,27895.0
2024,17671.0,Southwest Arkansas E C C,A,Bundled,O,OK,Cooperative,MISO,307.4,2512,220,58.6,543,17,0,0,0,0,0,0,366.0,3055.0,237.0
2024,17671.0,Southwest Arkansas E C C,A,Bundled,O,TX,Cooperative,MISO,2528.6,20422,1087,183.7,1252,79,0,0,0,0,0,0,2712.3,21674.0,1166.0
2024,17683.0,Southwest Mississippi E P A,A,Bundled,O,MS,Cooperative,MISO,40677.4,270673,23153,11065.5,81407,2247,10637,110243,16,,,,62379.9,462323.0,25416.0
2024,17684.0,Southwest Louisiana E M C,A,Bundled,O,LA,Cooperative,MISO,206788.1,1789693,108368,60015.1,483081,8953,24458.6,253487,25,,,,291261.8,2526261.0,117346.0
2024,17692.0,Southwest Public Power Dist,A,Bundled,O,NE,Political Subdivision,SWPP,3486.3,34326,2186,5358.4,51136,2659,13469.2,135157,1439,,,,22313.9,220619.0,6284.0
2024,17693.0,"Southwest Texas Elec Coop, Inc",A,Bundled,O,TX,Cooperative,ERCO,5329,39339,5886,4341,32219,3576,18415,240181,442,,,,28085.0,311739.0,9904.0
2024,17694.0,Southwest Tennessee E M C,A,Bundled,O,TN,Cooperative,TVA,87419,677417,43750,34189,238284,8602,1184,17304,1,0,0,0,122792.0,933005.0,52353.0
2024,17697.0,Southwestern Electric Coop Inc - (IL),A,Bundled,O,IL,Cooperative,MISO,45817.6,334854,24822,10688.4,81391,445,7811.3,67331,17,,,,64317.3,483576.0,25284.0
2024,17698.0,Southwestern Electric Power Co,A,Bundled,O,AR,Investor Owned,SWPP,127222.3,1103186,108102,114933.6,1260239,18913,72490.3,1075933,603,,,,314646.2,3439358.0,127618.0
2024,17698.0,Southwestern Electric Power Co,A,Bundled,O,LA,Investor Owned,SWPP,360692.7,2679887,207011,254470.2,2202679,25760,98847.7,1161708,1982,,,,714010.6,6044274.0,234753.0
2024,17698.0,Southwestern Electric Power Co,A,Bundled,O,TX,Investor Owned,SWPP,238602,1984161,156271,205280.4,2072701,31450,177721.9,2864010,4042,,,,621604.3,6920872.0,191763.0
2024,17710.0,"Spark Energy, LP",B,Energy,O,DE,Retail Power Marketer,PJM,975,7787,881,55,674,3,0,0,0,0,0,0,1030.0,8461.0,884.0
2024,17710.0,"Spark Energy, LP",B,Energy,O,IL,Retail Power Marketer,MISO,18955,98716,15356,837,4516,483,0,0,0,0,0,0,19792.0,103232.0,15839.0
2024,17710.0,"Spark Energy, LP",B,Energy,O,MD,Retail Power Marketer,PJM,2733,16732,1754,165,813,42,0,0,0,0,0,0,2898.0,17545.0,1796.0
2024,17710.0,"Spark Energy, LP",D,Bundled,O,TX,Retail Power Marketer,ERCO,55263,338039,22689,3458,20371,720,0,0,0,0,0,0,58721.0,358410.0,23409.0
2024,17715.0,Southwestern Electric Coop Inc - (NM),A,Bundled,O,CO,Cooperative,PNM,20.1,101,5,5.1,27,2,,,,,,,25.2,128.0,7.0
2024,17715.0,Southwestern Electric Coop Inc - (NM),A,Bundled,O,NM,Cooperative,PNM,2283.1,9478,1434,1587.9,9534,325,21005.2,267928,381,,,,24876.2,286940.0,2140.0
2024,17715.0,Southwestern Electric Coop Inc - (NM),A,Bundled,O,OK,Cooperative,PNM,0,0,0,,,,100.1,750,7,,,,100.1,750.0,7.0
2024,17715.0,Southwestern Electric Coop Inc - (NM),A,Bundled,O,TX,Cooperative,PNM,18.9,81,10,,,,36.1,240,8,,,,55.0,321.0,18.0
2024,17718.0,Southwestern Public Service Co,A,Bundled,O,NM,Investor Owned,SWPP,143947.6,1201772,100540,216575.3,2748781,26934,342374,7656710,198,0,0,0,702896.9,11607263.0,127672.0
2024,17718.0,Southwestern Public Service Co,A,Bundled,O,TX,Investor Owned,SWPP,340763.3,2552082,222146,311550.8,3381322,58809,375808.4,7714759,142,0,0,0,1028122.5,13648163.0,281097.0
2024,17732.0,Spanish Fork City Corporation,A,Bundled,O,UT,Municipal,PACE,13461,133336,13988,11025,117231,2143,3864,57312,11,0,0,0,28350.0,307879.0,16142.0
2024,17740.0,City of Sparta,A,Bundled,O,TN,Municipal,TVA,3066,25681,2258,5638,47364,830,4138,50022,4,0,0,0,12842.0,123067.0,3092.0
2024,17826.0,"Springer Electric Coop, Inc",A,Bundled,O,NM,Cooperative,PNM,2854,15017,2453,3143,20908,626,11994,163717,5,,,,17991.0,199642.0,3084.0
2024,17828.0,City of Springfield - (IL),A,Bundled,O,IL,Municipal,MISO,70964.8,593685,59621,115980.9,874808,11558,,,,,,,186945.7,1468493.0,71179.0
2024,17829.0,City of Springfield - (TN),A,Bundled,O,TN,Municipal,TVA,11338,98887,7675,11259,118479,1463,4212,70841,6,0,0,0,26809.0,288207.0,9144.0
2024,17832.0,Snapping Shoals El Member Corp,A,Bundled,O,GA,Cooperative,SOCO,201056,1625834,105253,30985,273019,4440,16211,219312,49,,,,248252.0,2118165.0,109742.0
2024,17833.0,City Utilities of Springfield - (MO),A,Bundled,O,MO,Municipal,SWPP,120995.5,1055318,105029,147741.7,1573861,16341,35592.8,447202,233,0,0,0,304330.0,3076381.0,121603.0
2024,17839.0,City of Springfield - (OR),A,Bundled,O,OR,Municipal,BPAT,29315.7,361741,29882,18293.3,233897,3141,9215.9,127870,124,,,,56824.9,723508.0,33147.0
2024,17845.0,City of Springville - (UT),A,Bundled,O,UT,Municipal,PACE,13120.4,102925,10852,13221.1,113685,1512,6980.9,77961,2,,,,33322.4,294571.0,12366.0
2024,17860.0,City of St Charles - (IL),A,Bundled,O,IL,Municipal,PJM,17468,113684,14181,23492,170525,2239,19276,189472,41,0,0,0,60236.0,473681.0,16461.0
2024,17874.0,City of St George,A,Bundled,O,UT,Municipal,PACE,38198.4,335123,28436,37972.1,381696,5097,0,0,0,0,0,0,76170.5,716819.0,33533.0
2024,17896.0,City of Shasta Lake - (CA),A,Bundled,O,CA,Municipal,BANC,8193.8,42533,4268,2300,11756,315,23466.5,140150,14,,,,33960.3,194439.0,4597.0
2024,18006.0,City of Starkville,A,Bundled,O,MS,Municipal,TVA,15748,130418,12632,28859,279606,1761,1891,25901,2,0,0,0,46498.0,435925.0,14395.0
2024,18019.0,Stearns Cooperative Elec Assn,A,Bundled,O,MN,Cooperative,MISO,52381.8,377521,26138,11251.9,95867,1803,4983.9,50919,617,,,,68617.6,524307.0,28558.0
2024,18022.0,City of Statesville - (NC),A,Bundled,O,NC,Municipal,DUK,15148,129403,12120,19394,186929,2627,10782,123599,58,,,,45324.0,439931.0,14805.0
2024,18047.0,Steele-Waseca Cooperative Electric,A,Bundled,O,MN,Cooperative,MISO,18893.9,120886,10725,9237.9,68578,1274,15331.9,160761,47,,,,43463.7,350225.0,12046.0
2024,18085.0,South Central Power Company,A,Bundled,O,OH,Cooperative,PJM,225096,1514090,117469,50875.2,374616,10093,85389,793864,289,0,0,0,361360.2,2682570.0,127851.0
2024,18125.0,Stillwater Utilities Authority,A,Bundled,O,OK,Municipal,SWPP,27913,210623,19640,21576,183115,2546,4075,45813,5,,,,53564.0,439551.0,22191.0
2024,18181.0,City of Stoughton - (WI),A,Bundled,O,WI,Municipal,MISO,8030.8,63755,8391,6068.2,57526,1049,1718.6,18709,3,0,0,0,15817.6,139990.0,9443.0
2024,18193.0,Direct Energy Business,B,Energy,O,CA,Retail Power Marketer,CISO,0,0,0,53564.2,472530,721,303710,2451356,268,0,0,0,357274.2,2923886.0,989.0
2024,18193.0,Direct Energy Business,B,Energy,O,CT,Retail Power Marketer,ISNE,0,0,0,41008.4,375653,1700,107930.2,1179519,210,0,0,0,148938.6,1555172.0,1910.0
2024,18193.0,Direct Energy Business,B,Energy,O,DC,Retail Power Marketer,PJM,0,0,0,18033.9,173249,666,44678.3,469285,49,0,0,0,62712.2,642534.0,715.0
2024,18193.0,Direct Energy Business,B,Energy,O,DE,Retail Power Marketer,PJM,0,0,0,4509.3,49401,165,30247.4,389232,38,0,0,0,34756.7,438633.0,203.0
2024,18193.0,Direct Energy Business,B,Energy,O,IL,Retail Power Marketer,MISO,0,0,0,191806.1,1921950,5481,421320.8,4826406,619,0,0,0,613126.9,6748356.0,6100.0
2024,18193.0,Direct Energy Business,B,Energy,O,MA,Retail Power Marketer,ISNE,0,0,0,68609.6,554451,2178,229490,2069315,311,0,0,0,298099.6,2623766.0,2489.0
2024,18193.0,Direct Energy Business,B,Energy,O,MD,Retail Power Marketer,PJM,0,0,0,46874,529107,1774,172685.5,2338117,232,0,0,0,219559.5,2867224.0,2006.0
2024,18193.0,Direct Energy Business,B,Energy,O,ME,Retail Power Marketer,ISNE,0,0,0,8174.8,94185,202,27569.8,503796,39,0,0,0,35744.6,597981.0,241.0
2024,18193.0,Direct Energy Business,B,Energy,O,MI,Retail Power Marketer,MISO,0,0,0,11087.4,158987,155,42881.8,638621,61,0,0,0,53969.2,797608.0,216.0
2024,18193.0,Direct Energy Business,B,Energy,O,NH,Retail Power Marketer,ISNE,0,0,0,20723,184646,829,36830.4,420507,95,0,0,0,57553.4,605153.0,924.0
2024,18193.0,Direct Energy Business,B,Energy,O,NJ,Retail Power Marketer,PJM,0,0,0,62973.8,655913,1851,317162.5,3397394,372,11670,135827,1,391806.3,4189134.0,2224.0
2024,18193.0,Direct Energy Business,B,Energy,O,NY,Retail Power Marketer,NYIS,0,0,0,125124.9,1317083,2491,562865.5,6360603,699,0,0,0,687990.4,7677686.0,3190.0
2024,18193.0,Direct Energy Business,B,Energy,O,OH,Retail Power Marketer,PJM,0,0,0,60270.8,1098968,3656,299039.8,6184956,944,11.4,181,1,359322.0,7284105.0,4601.0
2024,18193.0,Direct Energy Business,B,Energy,O,PA,Retail Power Marketer,PJM,0,0,0,135657.5,1599928,6331,459153.2,6409008,717,0,0,0,594810.7,8008936.0,7048.0
2024,18193.0,Direct Energy Business,B,Energy,O,RI,Retail Power Marketer,ISNE,0,0,0,20858.5,192550,657,67559.6,749508,116,0,0,0,88418.1,942058.0,773.0
2024,18193.0,Direct Energy Business,B,Energy,O,VA,Retail Power Marketer,PJM,0,0,0,7971.2,107437,121,54785.3,753290,58,0,0,0,62756.5,860727.0,179.0
2024,18193.0,Direct Energy Business,D,Bundled,O,TX,Retail Power Marketer,ERCO,0,0,0,580741.6,5827724,33159,663965.5,7459231,1052,0,0,0,1244707.1,13286955.0,34211.0
2024,18203.0,Tallapoosa River Elec Coop Inc,A,Bundled,O,AL,Cooperative,SOCO,59051,410431,29578,6810.5,52727,952,15139.5,141563,12,,,,81001.0,604721.0,30542.0
2024,18206.0,Strawberry Electric Serv Dist,A,Bundled,O,UT,Political Subdivision,PACE,7573.3,49963,3593,1674,10455,452,382.2,2925,27,0,0,0,9629.5,63343.0,4072.0
2024,18249.0,City of Sturgeon Bay - (WI),A,Bundled,O,WI,Municipal,MISO,6673.8,53539,7786,8424.2,79748,1842,1155.8,13903,1,0,0,0,16253.8,147190.0,9629.0
2024,18252.0,City of Sturgis - (MI),A,Bundled,O,MI,Municipal,PJM,7027.5,47785,6117,6416.7,37596,992,12594.8,119701,64,,,,26039.0,205082.0,7173.0
2024,18260.0,Surprise Valley Electrification,A,Bundled,O,CA,Cooperative,PACW,4357.5,33171,2785,1406.3,10252,994,7136.2,59888,948,0,0,0,12900.0,103311.0,4727.0
2024,18260.0,Surprise Valley Electrification,A,Bundled,O,NV,Cooperative,PACW,7.6,55,6,8.5,61,7,5.8,16,4,0,0,0,21.9,132.0,17.0
2024,18260.0,Surprise Valley Electrification,A,Bundled,O,OR,Cooperative,PACW,2153.7,16861,1211,729.3,5275,472,1991.1,16700,285,0,0,0,4874.1,38836.0,1968.0
2024,18280.0,Sulphur Springs Valley E C Inc,A,Bundled,O,AZ,Cooperative,WALC,55275.9,409660,46008,51295.2,477743,8388,5737,47879,6,0,,,112308.1,935282.0,54402.0
2024,18304.0,"Sumter Electric Coop, Inc",A,Bundled,O,FL,Cooperative,SEC,367528.6,2808084,228855,44819.3,304004,22092,92054.8,1033135,1420,,,,504402.7,4145223.0,252367.0
2024,18305.0,Sumter Electric Member Corp,A,Bundled,O,GA,Cooperative,SOCO,33043.4,233692,15049,17745.8,108896,6255,3567.9,31350,10,,,,54357.1,373938.0,21314.0
2024,18312.0,Sun Prairie Utilities,A,Bundled,O,WI,Municipal,MISO,14259.6,117532,16647,14416.6,141336,1846,2579.9,31300,5,0,0,0,31256.1,290168.0,18498.0
2024,18336.0,Superior Water and Light Co,A,Bundled,O,WI,Investor Owned,MISO,13217.3,85631,13072,14069.1,119525,2507,67168.2,818646,112,0,0,0,94454.6,1023802.0,15691.0
2024,18339.0,Surry-Yadkin Elec Member Corp,A,Bundled,O,NC,Cooperative,DUK,55836,347700,28080,2439.9,21594,297,380.6,2697,2,0,0,0,58656.5,371991.0,28379.0
2024,18360.0,Suwannee Valley Elec Coop Inc,A,Bundled,O,FL,Cooperative,SEC,51648,344357,25934,15403,116808,3450,7948,102096,8,,,,74999.0,563261.0,29392.0
2024,18384.0,City of Sweetwater,A,Bundled,O,TN,Municipal,TVA,13451,115794,7534,9958,82018,2332,4612,51510,4,0,0,0,28021.0,249322.0,9870.0
2024,18397.0,City of Sylvania - (GA),A,Bundled,O,GA,Municipal,SOCO,2845.4,22086,1913,17968.4,303638,461,16697.3,497206,2,,,,37511.1,822930.0,2376.0
2024,18429.0,City of Tacoma - (WA),A,Bundled,O,WA,Municipal,TPWR,212225.8,1962766,180357,32954.3,319870,20032,160128.6,2081037,2795,75.2,791,1,405383.9,4364464.0,203185.0
2024,18445.0,City of Tallahassee - (FL),A,Bundled,O,FL,Municipal,TAL,161682.8,1189213,106946,157399.3,1596371,13274,,,,,,,319082.1,2785584.0,120220.0
2024,18447.0,Tallahatchie Valley E P A,A,Bundled,O,MS,Cooperative,TVA,35092,282764,21493,23453,160096,7052,5328,59845,7,0,0,0,63873.0,502705.0,28552.0
2024,18449.0,"Talquin Electric Coop, Inc",A,Bundled,O,FL,Cooperative,SEC,108056.2,727858,53881,20865.2,166373,3376,9758,113188,4,,,,138679.4,1007419.0,57261.0
2024,18454.0,Tampa Electric Co,A,Bundled,O,FL,Investor Owned,TEC,1506555.8,10269013,757280,901203.7,8413896,91286,162399.7,2018713,1310,0,0,0,2570159.2,20701622.0,849876.0
2024,18466.0,Town of Tarboro - (NC),A,Bundled,O,NC,Municipal,CPLE,8426,62151,5592,8083,66270,898,7748,86278,13,,,,24257.0,214699.0,6503.0
2024,18472.0,City of Tarrant,A,Bundled,O,AL,Municipal,TVA,3897,28980,2069,4044,28809,622,480,6490,1,0,0,0,8421.0,64279.0,2692.0
2024,18476.0,"Tara Energy, LLC",D,Bundled,O,TX,Retail Power Marketer,ERCO,73061.3,461003,35103,83116.7,858428,10225,0,0,0,0,0,0,156178.0,1319431.0,45328.0
2024,18488.0,City of Taunton,A,Bundled,O,MA,Municipal,ISNE,57189,266446,35684,31161,137732,4545,36670,192022,461,,,,125020.0,596200.0,40690.0
2024,18498.0,Taylor County Rural E C C,A,Bundled,O,KY,Cooperative,PJM,40131,302324,24985,14787,131126,3287,6532,118953,9,,,,61450.0,552403.0,28281.0
2024,18499.0,Three Notch Elec Member Corp,A,Bundled,O,GA,Cooperative,SEPA,25210.9,148849,13695,5758.8,32991,510,9561.5,47313,1076,,,,40531.2,229153.0,15281.0
2024,18642.0,Tennessee Valley Authority,A,Bundled,O,AL,Federal,TVA,0,0,0,30037.8,415329,1,247093.5,5355914,11,0,0,0,277131.3,5771243.0,12.0
2024,18642.0,Tennessee Valley Authority,A,Bundled,O,KY,Federal,TVA,0,0,0,23544.3,286105,7,161223.7,3937347,9,0,0,0,184768.0,4223452.0,16.0
2024,18642.0,Tennessee Valley Authority,A,Bundled,O,MS,Federal,TVA,0,0,0,8775.3,110687,2,192528.3,4390621,6,0,0,0,201303.6,4501308.0,8.0
2024,18642.0,Tennessee Valley Authority,A,Bundled,O,NC,Federal,TVA,0,0,0,492.8,4832,4,0,0,0,0,0,0,492.8,4832.0,4.0
2024,18642.0,Tennessee Valley Authority,A,Bundled,O,TN,Federal,TVA,0,0,0,26751.8,390077,4,323844.9,6613538,20,0,0,0,350596.7,7003615.0,24.0
2024,18643.0,Tennessee Valley Electric Coop,A,Bundled,O,TN,Cooperative,TVA,27509,221627,16804,19336,152368,4119,729,8689,1,0,0,0,47574.0,382684.0,20924.0
2024,18848.0,City of Thomasville - (GA),A,Bundled,O,GA,Municipal,SOCO,26285.9,193931,14025,33370.5,302081,2557,,,,,,,59656.4,496012.0,16582.0
2024,18917.0,Tillamook Peoples Utility Dist,A,Bundled,O,OR,Political Subdivision,BPAT,29567,250104,20133,10926,129604,2310,6342,109865,6,,,,46835.0,489573.0,22449.0
2024,18940.0,Tipmont Rural Elec Member Corp,A,Bundled,O,IN,Cooperative,MISO,53519.9,332963,28885,16471.4,124149,1962,8789,100771,5,,,,78780.3,557883.0,30852.0
2024,18943.0,Tippah Electric Power Assn,A,Bundled,O,MS,Cooperative,TVA,16810,127767,10521,12247,89557,3768,7176,79355,8,0,0,0,36233.0,296679.0,14297.0
2024,18951.0,Tishomingo County E P A,A,Bundled,O,MS,Cooperative,TVA,18677,146516,10943,13997,100077,2962,10039,193632,6,0,0,0,42713.0,440225.0,13911.0
2024,18955.0,"Tri-County Electric Coop, Inc (IL)",A,Bundled,O,IL,Cooperative,MISO,36852.6,229718,16197,4418.9,32935,356,11058.2,113794,51,,,,52329.7,376447.0,16604.0
2024,18956.0,Tri-County Elec Member Corp (GA),A,Bundled,O,GA,Cooperative,SOCO,44242,298324,21154,8642.6,59177,2203,3599.4,52105,16,,,,56484.0,409606.0,23373.0
2024,18957.0,Tri-County Elec Member Corp (NC),A,Bundled,O,NC,Cooperative,CPLE,42799.5,335449,22523,14566.8,118220,4455,7452.2,91015,3,,,,64818.5,544684.0,26981.0
2024,18976.0,Trinity Valley Elec Coop Inc,A,Bundled,O,TX,Cooperative,ERCO,136994.4,1216721,79954,23967.4,218539,8341,5869.7,100539,10,,,,166831.5,1535799.0,88305.0
2024,18995.0,Tenaska Power Services,B,Energy,O,NV,Retail Power Marketer,NEVP,0,0,0,229863.8,2962558,11,0,0,0,0,0,0,229863.8,2962558.0,11.0
2024,18995.0,Tenaska Power Services,D,Bundled,O,TX,Retail Power Marketer,ERCO,0,0,0,15626.4,163704,9,322353.2,8295451,184,0,0,0,337979.6,8459155.0,193.0
2024,18997.0,The Toledo Edison Co,A,Bundled,O,OH,Investor Owned,PJM,116701,701355,79007,25999.7,139982,7098,6190.6,46429,64,0,0,0,148891.3,887766.0,86169.0
2024,18997.0,The Toledo Edison Co,C,Delivery,O,OH,Investor Owned,PJM,143722.3,1841408,199807,102232.1,1605557,29565,50950.6,7078140,546,0,0,0,296905.0,10525105.0,229918.0
2024,19007.0,Tombigbee Electric Power Assn,A,Bundled,O,MS,Cooperative,TVA,69551,568801,37296,43089,323181,8545,16673,212246,18,0,0,0,129313.0,1104228.0,45859.0
2024,19107.0,ENGIE Resources LLC,B,Energy,O,CT,Retail Power Marketer,ISNE,0,0,0,130480.6,1265349,1518,6722.8,65203,78,0,0,0,137203.4,1330552.0,1596.0
2024,19107.0,ENGIE Resources LLC,B,Energy,O,DC,Retail Power Marketer,PJM,0,0,0,97480.9,1240991,131,0,0,0,16677.5,309313,1,114158.4,1550304.0,132.0
2024,19107.0,ENGIE Resources LLC,B,Energy,O,DE,Retail Power Marketer,PJM,0,0,0,12767.4,164146,88,1626.5,20911,11,0,0,0,14393.9,185057.0,99.0
2024,19107.0,ENGIE Resources LLC,B,Energy,O,IL,Retail Power Marketer,MISO,0,0,0,243025.4,2353819,828,76744.9,743311,262,0,0,0,319770.3,3097130.0,1090.0
2024,19107.0,ENGIE Resources LLC,B,Energy,O,MA,Retail Power Marketer,ISNE,0,0,0,154030.6,1312180,1281,23424,199550,195,0,0,0,177454.6,1511730.0,1476.0
2024,19107.0,ENGIE Resources LLC,B,Energy,O,MD,Retail Power Marketer,PJM,0,0,0,137210.6,1771176,1013,9695.7,125128,72,0,0,0,146906.3,1896304.0,1085.0
2024,19107.0,ENGIE Resources LLC,B,Energy,O,ME,Retail Power Marketer,ISNE,0,0,0,27354.4,280119,460,9362.9,95880,157,0,0,0,36717.3,375999.0,617.0
2024,19107.0,ENGIE Resources LLC,B,Energy,O,NH,Retail Power Marketer,ISNE,0,0,0,32897.7,308811,900,6738.1,63251,185,0,0,0,39635.8,372062.0,1085.0
2024,19107.0,ENGIE Resources LLC,B,Energy,O,NJ,Retail Power Marketer,PJM,0,0,0,150766.2,1597787,654,9113.1,96579,40,0,0,0,159879.3,1694366.0,694.0
2024,19107.0,ENGIE Resources LLC,B,Energy,O,NY,Retail Power Marketer,NYIS,0,0,0,287046.4,3291848,1465,35840.4,411018,183,0,0,0,322886.8,3702866.0,1648.0
2024,19107.0,ENGIE Resources LLC,B,Energy,O,OH,Retail Power Marketer,PJM,0,0,0,194586.5,3719158,2524,66603.4,1273000,864,0,0,0,261189.9,4992158.0,3388.0
2024,19107.0,ENGIE Resources LLC,B,Energy,O,PA,Retail Power Marketer,PJM,0,0,0,280552.2,4137884,3424,28086.1,414244,343,0,0,0,308638.3,4552128.0,3767.0
2024,19107.0,ENGIE Resources LLC,B,Energy,O,RI,Retail Power Marketer,ISNE,0,0,0,14268.8,133651,354,1638.4,15347,41,0,0,0,15907.2,148998.0,395.0
2024,19107.0,ENGIE Resources LLC,D,Bundled,O,TX,Retail Power Marketer,ERCO,0,0,0,945456.5,11954704,14695,207620.3,2626421,3226,369.2,10103,1,1153446.0,14591228.0,17922.0
2024,19108.0,Tideland Electric Member Corp,A,Bundled,O,NC,Cooperative,PJM,38901,240406,21551,11812,94341,2776,1891,21145,10,0,0,0,52604.0,355892.0,24337.0
2024,19125.0,City of Traverse City - (MI),A,Bundled,O,MI,Municipal,MISO,7621,60013,9161,17577,144995,3945,10541,131746,40,0,0,,35739.0,336754.0,13146.0
2024,19126.0,"TriEagle Energy, L.P.",B,Energy,O,NJ,Retail Power Marketer,PJM,615.1,4316,342,1584.5,13905,169,0,0,0,0,0,0,2199.6,18221.0,511.0
2024,19126.0,"TriEagle Energy, L.P.",B,Energy,O,PA,Retail Power Marketer,PJM,3533.6,26905,2801,803,7042,237,0,0,0,0,0,0,4336.6,33947.0,3038.0
2024,19126.0,"TriEagle Energy, L.P.",D,Bundled,O,TX,Retail Power Marketer,ERCO,235495.6,1556150,107801,4988.3,41118,840,0,0,0,0,0,0,240483.9,1597268.0,108641.0
2024,19149.0,City of Trenton - (TN),A,Bundled,O,TN,Municipal,TVA,2961,22998,1956,3671,29503,506,686,8595,1,0,0,0,7318.0,61096.0,2463.0
2024,19154.0,Tri-State Electric Member Corp,A,Bundled,O,GA,Cooperative,TVA,22572,160930,13123,12999,89173,3286,0,0,0,0,0,0,35571.0,250103.0,16409.0
2024,19154.0,Tri-State Electric Member Corp,A,Bundled,O,NC,Cooperative,TVA,2255,15366,1571,215,1081,227,0,0,0,0,0,0,2470.0,16447.0,1798.0
2024,19154.0,Tri-State Electric Member Corp,A,Bundled,O,TN,Cooperative,TVA,4808,34265,2812,2178,14413,638,0,0,0,0,0,0,6986.0,48678.0,3450.0
2024,19156.0,Powder River Energy Corp,A,Bundled,O,MT,Cooperative,WACM,66.6,525,52,20.1,115,20,4920.3,71449,100,0,0,0,5007.0,72089.0,172.0
2024,19156.0,Powder River Energy Corp,A,Bundled,O,WY,Cooperative,WACM,24668.1,210375,15406,64110.9,716160,7365,68804.8,957873,3950,0,0,0,157583.8,1884408.0,26721.0
2024,19157.0,MiEnergy Cooperative,A,Bundled,O,IA,Cooperative,MISO,11892.9,70345,6006,9803.2,84357,1249,7476,93804,6,,,,29172.1,248506.0,7261.0
2024,19157.0,MiEnergy Cooperative,A,Bundled,O,MN,Cooperative,MISO,28174,170128,15224,8763.8,72224,1068,5430.2,69687,15,,,,42368.0,312039.0,16307.0
2024,19159.0,"Tri-County Electric Coop, Inc (TX)",A,Bundled,O,TX,Cooperative,ERCO,266548.2,2106793,118075,128365.5,1153776,19947,1598.6,11389,1294,0,0,0,396512.3,3271958.0,139316.0
2024,19160.0,"Tri-County Electric Coop, Inc (OK)",A,Bundled,O,CO,Cooperative,SWPP,11.7,73,9,27.6,147,46,0,0,0,,,,39.3,220.0,55.0
2024,19160.0,"Tri-County Electric Coop, Inc (OK)",A,Bundled,O,KS,Cooperative,SWPP,1354,8342,1079,1411,8539,496,68,383,33,,,,2833.0,17264.0,1608.0
2024,19160.0,"Tri-County Electric Coop, Inc (OK)",A,Bundled,O,NM,Cooperative,SWPP,1.9,5,3,2.1,8,3,,,,,,,4.0,13.0,6.0
2024,19160.0,"Tri-County Electric Coop, Inc (OK)",A,Bundled,O,OK,Cooperative,SWPP,20359,128293,14212,36305,250011,11151,36136,399393,2629,,,,92800.0,777697.0,27992.0
2024,19160.0,"Tri-County Electric Coop, Inc (OK)",A,Bundled,O,TX,Cooperative,SWPP,335,2159,210,4314.9,73499,188,192.5,1210,17,,,,4842.4,76868.0,415.0
2024,19161.0,"Tri-County Electric Coop, Inc (FL)",A,Bundled,O,FL,Cooperative,SEC,33198.3,188475,18028,9251.6,54985,1625,10381.7,139571,298,0,0,0,52831.6,383031.0,19951.0
2024,19162.0,Tri-County Elec Member Corp (TN),A,Bundled,O,KY,Cooperative,TVA,35384,282614,20529,33578,330550,5884,4673,65125,4,0,0,0,73635.0,678289.0,26417.0
2024,19162.0,Tri-County Elec Member Corp (TN),A,Bundled,O,TN,Cooperative,TVA,45666,370247,24824,22321,172614,5681,771,10809,2,0,0,0,68758.0,553670.0,30507.0
2024,19189.0,Trico Electric Cooperative Inc,A,Bundled,O,AZ,Cooperative,WALC,84010.2,592945,52450,29248.8,235687,2376,3933.7,45234,34,0,0,0,117192.7,873866.0,54860.0
2024,19219.0,Diverse Power Incorporated,A,Bundled,O,AL,Cooperative,SOCO,1402.3,8118,589,220.2,1020,97,0,0,0,0,0,0,1622.5,9138.0,686.0
2024,19219.0,Diverse Power Incorporated,A,Bundled,O,GA,Cooperative,SOCO,79573.7,474979,31998,23731.1,145620,5294,9381.1,132718,29,0,0,0,112685.9,753317.0,37321.0
2024,19225.0,City of Troy - (AL),A,Bundled,O,AL,Municipal,SOCO,9511.5,98455,7855,3779.4,41258,1476,20022,317249,170,,,,33312.9,456962.0,9501.0
2024,19266.0,Tullahoma Board-Public Utils,A,Bundled,O,TN,Municipal,TVA,14248,127490,9278,15131,134176,2014,1571,18146,3,0,0,0,30950.0,279812.0,11295.0
2024,19273.0,City of Tupelo - (MS),A,Bundled,O,MS,Municipal,TVA,15357,139489,10620,34724,316663,5022,7522,126285,3,0,0,0,57603.0,582437.0,15645.0
2024,19277.0,TDX North Slope Generating Co,A,Bundled,O,AK,Investor Owned,NA,,,,11825,47662,162,,,,,,,11825.0,47662.0,162.0
2024,19281.0,Turlock Irrigation District,A,Bundled,O,CA,Political Subdivision,TIDC,136142,833392,80575,74285,547752,8945,109861,863283,6226,,,,320288.0,2244427.0,95746.0
2024,19293.0,Southeastern Electric Coop Inc - (SD),A,Bundled,O,SD,Cooperative,SWPP,33864.5,272917,20160,21187.7,207515,2996,26822.8,331265,280,0,0,0,81875.0,811697.0,23436.0
2024,19307.0,City of Tuscumbia,A,Bundled,O,AL,Municipal,TVA,6432,54455,4038,3736,28542,944,1465,11731,2,0,0,0,11633.0,94728.0,4984.0
2024,19324.0,Two Rivers Water & Light,A,Bundled,O,WI,Municipal,MISO,4318.3,33983,5573,4389.8,41643,664,456,4584,1,0,0,0,9164.1,80210.0,6238.0
2024,19325.0,Umatilla Electric Coop Assn,A,Bundled,O,OR,Cooperative,BPAT,17894.8,181783,12620,518443.4,7507887,2472,44316.1,742260,1554,,,,580654.3,8431930.0,16646.0
2024,19327.0,"TXU Energy Retail Co, LLC",D,Bundled,O,TX,Retail Power Marketer,ERCO,3494663,18685055,1446391,463093,2721232,108504,2949897,43156902,284881,0,0,0,6907653.0,64563189.0,1839776.0
2024,19390.0,"UGI Utilities, Inc",A,Bundled,O,PA,Investor Owned,PJM,103232.3,545375,54485,24574.9,185609,6933,2022,23104,76,0,0,0,129829.2,754088.0,61494.0
2024,19390.0,"UGI Utilities, Inc",C,Delivery,O,PA,Investor Owned,PJM,488.9,5709,526,4572.8,142412,823,1900.6,77753,77,0,0,0,6962.3,225874.0,1426.0
2024,19396.0,Tri-County Electric Coop (MI),A,Bundled,O,MI,Cooperative,MISO,39547.8,219213,23034,8650.8,47601,3903,10200.7,97385,205,0,0,0,58399.3,364199.0,27142.0
2024,19430.0,City of Union City,A,Bundled,O,TN,Municipal,TVA,7184,63511,5203,10290,86905,1275,11323,159681,5,0,0,0,28797.0,310097.0,6483.0
2024,19435.0,Union Electric Membership Corp - (NC),A,Bundled,O,NC,Cooperative,DUK,166989,1249017,84602,21396,197080,3148,9287,168566,1,,,,197672.0,1614663.0,87751.0
2024,19436.0,Union Electric Co - (MO),A,Bundled,O,MO,Investor Owned,MISO,1633293.9,13001145,1095619,1327351,13645800,165295,311205.8,4094258,3554,2234.7,23045,1,3274085.4,30764248.0,1264469.0
2024,19445.0,"Southern Indiana R E C, Inc",A,Bundled,O,IN,Cooperative,MISO,16381,104163,8936,4447,33782,622,22573,290286,32,,,,43401.0,428231.0,9590.0
2024,19446.0,Duke Energy Kentucky,A,Bundled,O,KY,Investor Owned,PJM,199940.5,1487303,139405,200525,1767187,14374,70765.3,720270,294,,,,471230.8,3974760.0,154073.0
2024,19490.0,United Electric Coop Service Inc - (TX),A,Bundled,O,TX,Cooperative,ERCO,178555,1373708,88324,67199,541512,17201,78779,843789,106,,,,324533.0,2759009.0,105631.0
2024,19497.0,United Illuminating Co,A,Bundled,O,CT,Investor Owned,ISNE,568040.7,1668612,256302,139232.5,573751,16864,6897,39284,221,1080.2,13735,1,715250.4,2295382.0,273388.0
2024,19497.0,United Illuminating Co,C,Delivery,O,CT,Investor Owned,ISNE,84772.4,432843,55989,205913.8,1773720,15801,34942,341050,699,0,0,0,325628.2,2547613.0,72489.0
2024,19499.0,"United Power, Inc",A,Bundled,O,CO,Cooperative,WACM,155543,987339,101502,82783,655929,11980,171766,1811226,896,,,,410092.0,3454494.0,114378.0
2024,19501.0,"Union Rural Electric Coop, Inc",A,Bundled,O,OH,Cooperative,PJM,25881.6,165126,11812,11177.2,87120,455,25289.8,250752,8,,,,62348.6,502998.0,12275.0
2024,19502.0,"United Electric Co-op, Inc - (ID)",A,Bundled,O,ID,Cooperative,BPAT,7952.8,100760,5100,4889.6,72210,1234,10447,190500,1256,,,,23289.4,363470.0,7590.0
2024,19545.0,"Black Hills Power, Inc.",A,Bundled,O,MT,Investor Owned,WACM,8.7,125,12,32.9,344,24,10185.9,159470,7,0,0,0,10227.5,159939.0,43.0
2024,19545.0,"Black Hills Power, Inc.",A,Bundled,O,SD,Investor Owned,WACM,80614.8,560837,60951,102789.6,779797,13885,18098.8,191926,6,0,0,0,201503.2,1532560.0,74842.0
2024,19545.0,"Black Hills Power, Inc.",A,Bundled,O,WY,Investor Owned,WACM,2604.2,19839,2018,5222,42058,609,10528.1,115609,10,0,0,0,18354.3,177506.0,2637.0
2024,19547.0,Hawaiian Electric Co Inc,A,Bundled,O,HI,Investor Owned,HECO,645375.5,1505403,276206,721234.3,1947937,33181,880036.4,2681210,452,0,0,0,2246646.2,6134550.0,309839.0
2024,19558.0,Homer Electric Assn Inc,A,Bundled,O,AK,Cooperative,NA,52771.3,177136,29721,42424.1,160774,4415,18653.4,150301,21,0,0,0,113848.8,488211.0,34157.0
2024,19574.0,Upper Cumberland E M C,A,Bundled,O,TN,Cooperative,TVA,82319,644627,45560,37244,272359,8620,9913,119988,10,0,0,0,129476.0,1036974.0,54190.0
2024,19578.0,Upper Peninsula Power Company,A,Bundled,O,MI,Investor Owned,MISO,67142,242922,47660,31624,134650,6139,25166,277964,46,0,0,0,123932.0,655536.0,53845.0
2024,19578.0,Upper Peninsula Power Company,C,Delivery,O,MI,Investor Owned,MISO,0,0,0,929,14164,53,1417,70276,13,,,,2346.0,84440.0,66.0
2024,19579.0,Upshur Rural Elec Coop Corp,A,Bundled,O,TX,Cooperative,SWPP,77807,627655,44415,20589,171085,6398,9490,125844,23,,,,107886.0,924584.0,50836.0
2024,19603.0,USBIA-Mission Valley Power,A,Bundled,O,MT,Federal,NWMT,22859,256616,16292,11321,135525,5726,1073,15065,1106,0,0,0,35253.0,407206.0,23124.0
2024,19604.0,USBIA-San Carlos Project,A,Bundled,O,AZ,Federal,WALC,24640,126426,11432,17526,97721,1907,1002,6386,2,,,,43168.0,230533.0,13341.0
2024,19667.0,Utilities Dist-Western IN REMC,A,Bundled,O,IN,Cooperative,MISO,38859.3,241346,18898,6186.9,42638,1062,4051.9,40758,15,0,0,0,49098.1,324742.0,19975.0
2024,19728.0,"UNS Electric, Inc",A,Bundled,O,AZ,Investor Owned,TEPC,169013.1,1055159,95191,112101,736251,12287,13686.4,114290,6,,,,294800.5,1905700.0,107484.0
2024,19784.0,Vera Irrigation District #15,A,Bundled,O,WA,Political Subdivision,BPAT,14678,159937,12171,6997,78080,1379,,,,,,,21675.0,238017.0,13550.0
2024,19785.0,Verdigris Valley Elec Coop Inc,A,Bundled,O,OK,Cooperative,AECI,70188.5,588211,35102,5896.8,47700,3264,10807.4,106739,701,0,0,0,86892.7,742650.0,39067.0
2024,19790.0,Verendrye Electric Coop Inc,A,Bundled,O,ND,Cooperative,MISO,23590.2,220422,14336,14429.5,139671,2333,15000.6,215519,70,0,0,0,53020.3,575612.0,16739.0
2024,19791.0,"Vermont Electric Cooperative, Inc",A,Bundled,O,VT,Cooperative,ISNE,56043.6,240929,35964,24544,133028,5139,12968.7,100533,19,0,0,0,93556.3,474490.0,41122.0
2024,19798.0,City of Vernon,A,Bundled,O,CA,Municipal,CISO,48.9,336,73,88339.7,395921,1222,105950.5,638818,449,,,,194339.1,1035075.0,1744.0
2024,19806.0,"Victoria Electric Coop, Inc",A,Bundled,O,TX,Cooperative,ERCO,38976.5,321257,21500,6213,51033,3056,19627.3,252604,380,0,0,0,64816.8,624894.0,24936.0
2024,19820.0,Victory Electric Coop Assn Inc,A,Bundled,O,KS,Cooperative,SWPP,17211,145060,14243,21856,216669,3861,32183,467106,2328,,,,71250.0,828835.0,20432.0
2024,19840.0,"Valley Electric Assn, Inc",A,Bundled,O,CA,Cooperative,NEVP,19.1,100,12,1.8,4,2,1053.7,9010,30,0,0,0,1074.6,9114.0,44.0
2024,19840.0,"Valley Electric Assn, Inc",A,Bundled,O,NV,Cooperative,NEVP,53734.4,321264,22368,32599.8,233068,2462,3081.6,27425,192,0,0,0,89415.8,581757.0,25022.0
2024,19856.0,City of Vineland - (NJ),A,Bundled,O,NJ,Municipal,PJM,37399.4,209692,22774,46966,269223,3071,30946.3,228824,60,0,0,0,115311.7,707739.0,25905.0
2024,19869.0,Vinton Public Power Authority,A,Bundled,O,LA,Political Subdivision,MISO,,,,,,,24906,442573,3,,,,24906.0,442573.0,3.0
2024,19876.0,Virginia Electric & Power Co,A,Bundled,O,NC,Investor Owned,PJM,218116.4,1565435,108656,108456.4,922594,19413,116003.1,1426457,58,0,0,0,442575.9,3914486.0,128127.0
2024,19876.0,Virginia Electric & Power Co,A,Bundled,O,VA,Investor Owned,PJM,4051030.4,28742267,2383548,4956829.9,55935962,270530,323174.2,4073194,796,26443.3,285755,1,9357477.8,89037178.0,2654875.0
2024,19876.0,Virginia Electric & Power Co,C,Delivery,O,VA,Investor Owned,PJM,0,0,0,32465.1,4262220,234,6280.7,1423954,21,0,0,0,38745.8,5686174.0,255.0
2024,19882.0,Virginia Tech Electric Service,A,Bundled,O,VA,State,PJM,9177.6,53434,5660,37413.4,266131,1182,1096,9460,7,0,0,0,47687.0,329025.0,6849.0
2024,19896.0,City of Volga - (SD),A,Bundled,O,SD,Municipal,SWPP,1483.9,11591,1075,216.8,1700,148,4283.9,51558,43,0,0,0,5984.6,64849.0,1266.0
2024,19898.0,Volunteer Electric Coop,A,Bundled,O,TN,Cooperative,TVA,180630,1481331,104387,79529,628824,24098,27334,456245,17,0,0,0,287493.0,2566400.0,128502.0
2024,19951.0,City of Wadsworth - (OH),A,Bundled,O,OH,Municipal,PJM,13596,113414,12180,8431,86195,1492,6559,74040,141,,,,28586.0,273649.0,13813.0
2024,19981.0,Wake Electric Membership Corp,A,Bundled,O,NC,Cooperative,CPLE,95341.2,710186,53268,13930.2,125070,2792,2326.1,49165,2,,,,111597.5,884421.0,56062.0
2024,20038.0,Town of Wallingford - (CT),A,Bundled,O,CT,Municipal,ISNE,33299.9,212760,21405,27797,216797,3670,12610.1,114529,25,0,0,0,73707.0,544086.0,25100.0
2024,20065.0,Walton Electric Member Corp,A,Bundled,O,GA,Cooperative,SOCO,255174.7,1964784,131915,132147,1904768,10990,9448.5,145055,18,0,0,0,396770.2,4014607.0,142923.0
2024,20130.0,Warren Rural Elec Coop Corp,A,Bundled,O,KY,Cooperative,TVA,110154,919314,60701,59302,455823,15688,64725,918438,45,0,0,0,234181.0,2293575.0,76434.0
2024,20140.0,City of Washington - (GA),A,Bundled,O,GA,Municipal,SOCO,3110.7,19312,1856,33771.7,711664,372,2854.8,35228,2,,,,39737.2,766204.0,2230.0
2024,20142.0,City of Washington - (NC),A,Bundled,O,NC,Municipal,CPLE,17933.7,137861,11547,13469.9,104206,2730,2203.8,20440,5,,,,33607.4,262507.0,14282.0
2024,20146.0,Washington Elec Member Corp,A,Bundled,O,GA,Cooperative,SOCO,28160.4,191835,15200,8287.4,68369,1129,12588.1,186394,8,,,,49035.9,446598.0,16337.0
2024,20169.0,Avista Corp,A,Bundled,O,ID,Investor Owned,AVA,157650,1356359,128226,104867,1046807,19440,62626,1127955,353,0,0,0,325143.0,3531121.0,148019.0
2024,20169.0,Avista Corp,A,Bundled,O,MT,Investor Owned,AVA,17,200,9,86,851,24,0,0,0,0,0,0,103.0,1051.0,33.0
2024,20169.0,Avista Corp,A,Bundled,O,WA,Investor Owned,AVA,315779,2661059,246055,274894,2152148,27249,83254,1067474,811,,,,673927.0,5880681.0,274115.0
2024,20176.0,City of Water Valley - (MS),A,Bundled,O,MS,Municipal,TVA,2489,19682,1522,1996,15321,556,1844,28137,1,0,0,0,6329.0,63140.0,2079.0
2024,20182.0,Waterloo Light & Water Comm,A,Bundled,O,WI,Municipal,MISO,1742.3,12515,1626,2567.4,19824,300,0,0,0,0,0,0,4309.7,32339.0,1926.0
2024,20187.0,Watertown Municipal Utilities,A,Bundled,O,SD,Municipal,SWPP,11115,119500,11633,11065,128940,2579,10216,141558,96,0,0,0,32396.0,389998.0,14308.0
2024,20211.0,Village of Waunakee - (WI),A,Bundled,O,WI,Municipal,MISO,6678.1,57071,6677,5981.9,55542,855,2019.1,23980,4,0,0,0,14679.1,136593.0,7536.0
2024,20213.0,Waupun Utilities,A,Bundled,O,WI,Municipal,MISO,3800,32084,3950,4105.3,39280,591,2704.5,36154,2,0,0,0,10609.8,107518.0,4543.0
2024,20216.0,Whitewater Valley Rural EMC,A,Bundled,O,IN,Cooperative,MISO,25598,161691,11998,4774,37094,193,4286,49751,8,0,0,0,34658.0,248536.0,12199.0
2024,20222.0,Wayne-White Counties Elec Coop,A,Bundled,O,IL,Cooperative,MISO,24960.2,150579,11957,9950.1,81523,1518,14442.1,161705,179,0,0,0,49352.4,393807.0,13654.0
2024,20228.0,Weakley County Mun Elec Sys,A,Bundled,O,TN,Municipal,TVA,26706,236469,15315,22158,188404,5573,3062,32733,5,0,0,0,51926.0,457606.0,20893.0
2024,20230.0,Weatherford Mun Utility System,A,Bundled,O,TX,Municipal,ERCO,25849,203739,14466,21502,192779,2497,3227,29370,4,,,,50578.0,425888.0,16967.0
2024,20310.0,Town of Wellesley - (MA),A,Bundled,O,MA,Municipal,ISNE,17933.1,110693,9437,13981.5,91679,1219,6148.4,42493,5,0,0,0,38063.0,244865.0,10661.0
2024,20310.0,Town of Wellesley - (MA),C,Delivery,O,MA,Municipal,ISNE,0,0,0,13.8,458,1,0,0,0,0,0,0,13.8,458.0,1.0
2024,20318.0,Webster Electric Coop,A,Bundled,O,MO,Cooperative,AECI,31031.9,304392,18820,8965,105660,865,,,,,,,39996.9,410052.0,19685.0
2024,20332.0,Wells Rural Electric Co,A,Bundled,O,NV,Cooperative,NEVP,5946.1,59139,4621,4579.8,49388,957,26489.1,510277,171,,,,37015.0,618804.0,5749.0
2024,20332.0,Wells Rural Electric Co,A,Bundled,O,UT,Cooperative,NEVP,584.7,5536,510,1054.7,11084,204,1159,18542,4,,,,2798.4,35162.0,718.0
2024,20334.0,Wellsborough Electric Co,A,Bundled,O,PA,Investor Owned,PJM,6903.4,41970,5158,3594,23459,1253,1346,13270,7,0,0,0,11843.4,78699.0,6418.0
2024,20334.0,Wellsborough Electric Co,C,Delivery,O,PA,Investor Owned,PJM,0,0,0,318.9,6877,45,425.7,11340,6,0,0,0,744.6,18217.0,51.0
2024,20363.0,West Central Electric Coop Inc - (MO),A,Bundled,O,MO,Cooperative,AECI,31922.3,259946,15280,5079.2,72448,166,,,,,,,37001.5,332394.0,15446.0
2024,20371.0,"West Florida El Coop Assn, Inc",A,Bundled,O,FL,Cooperative,SOCO,55465,339027,26357,10479,71363,3325,8701,119487,202,,,,74645.0,529877.0,29884.0
2024,20377.0,West Kentucky Rural E C C,A,Bundled,O,KY,Cooperative,TVA,59888,445087,32062,27680,192566,7034,9810,248852,5,0,0,0,97378.0,886505.0,39101.0
2024,20382.0,City of West Memphis - (AR),A,Bundled,O,AR,Municipal,AECI,11281,139667,10199,8557,99222,1509,15705,125626,192,,,,35543.0,364515.0,11900.0
2024,20394.0,City of West Point - (MS),A,Bundled,O,MS,Municipal,TVA,4220,34496,2978,5369,39562,860,3006,39697,2,0,0,0,12595.0,113755.0,3840.0
2024,20401.0,West River Electric Assn Inc,A,Bundled,O,SD,Cooperative,SWPP,28264,198316,18423,13356,102611,2228,3797,36394,23,0,0,0,45417.0,337321.0,20674.0
2024,20413.0,Mountrail-Williams Elec Coop,A,Bundled,O,ND,Cooperative,SWPP,14090.4,194599,11405,85895.8,1632610,2651,346441.4,4471060,4987,,,,446427.6,6298269.0,19043.0
2024,20434.0,City of Westby,A,Bundled,O,WI,Municipal,MISO,964.4,8376,1054,1693.4,16145,221,0,0,0,0,0,0,2657.8,24521.0,1275.0
2024,20472.0,"Wharton County Elec Coop, Inc",A,Bundled,O,TX,Cooperative,ERCO,9899,74044,5548,7168,60493,1108,9270,112212,17,,,,26337.0,246749.0,6673.0
2024,20476.0,Western Coop Electric Assn Inc,A,Bundled,O,KS,Cooperative,SWPP,8498.3,59961,5799,24777.1,269367,5797,1541,11558,480,,,,34816.4,340886.0,12076.0
2024,20477.0,City of Westerville - (OH),A,Bundled,O,OH,Municipal,PJM,22950,173993,15713,31186,260296,2252,1507,15754,1,,,,55643.0,450043.0,17966.0
2024,20481.0,City of Westfield - (MA),A,Bundled,O,MA,Municipal,ISNE,22857,129962,16200,20379,100674,2078,21601,121574,66,,,,64837.0,352210.0,18344.0
2024,20510.0,"Wheatland Electric Coop, Inc",A,Bundled,O,CO,Cooperative,SWPP,27,147,31,116,675,28,,,,,,,143.0,822.0,59.0
2024,20510.0,"Wheatland Electric Coop, Inc",A,Bundled,O,KS,Cooperative,SWPP,29574,211767,20118,54215,495614,10900,8667,80382,1291,,,,92456.0,787763.0,32309.0
2024,20521.0,Wheeling Power Co,A,Bundled,O,WV,Investor Owned,PJM,64787,372163,34392,46831,377859,6411,301447,4213488,437,,,,413065.0,4963510.0,41240.0
2024,20574.0,White River Valley El Coop Inc,A,Bundled,O,MO,Cooperative,AECI,69622,486769,39216,30996,246665,8863,5391,56878,10,,,,106009.0,790312.0,48089.0
2024,20576.0,"White River Electric Assn, Inc",A,Bundled,O,CO,Cooperative,WACM,3047.8,22111,2633,3339.7,27891,759,40223.3,481136,93,,,,46610.8,531138.0,3485.0
2024,20583.0,Whitehall Electric Utility,A,Bundled,O,WI,Municipal,MISO,756.9,6156,778,1943.2,20094,184,518.4,5988,1,0,0,0,3218.5,32238.0,963.0
2024,20603.0,Northeastern Rural E M C,A,Bundled,O,IN,Cooperative,PJM,54890,366913,30610,23599,185453,2096,52811,1160541,7,,,,131300.0,1712907.0,32713.0
2024,20639.0,"Wild Rice Electric Coop, Inc",A,Bundled,O,MN,Cooperative,MISO,28119,196012,13948,6036.6,52376,849,987.7,10833,4,,,,35143.3,259221.0,14801.0
2024,20659.0,"WGL Energy Services, Inc.",B,Energy,O,DC,Retail Power Marketer,PJM,3127,24091,3222,107474,1154459,2419,0,0,0,0,0,0,110601.0,1178550.0,5641.0
2024,20659.0,"WGL Energy Services, Inc.",B,Energy,O,DE,Retail Power Marketer,PJM,1855,17907,1995,45654,549418,3599,0,0,0,0,0,0,47509.0,567325.0,5594.0
2024,20659.0,"WGL Energy Services, Inc.",B,Energy,O,MD,Retail Power Marketer,PJM,28848,260066,27043,404466,5357204,16191,0,0,0,18642,225104,2,451956.0,5842374.0,43236.0
2024,20659.0,"WGL Energy Services, Inc.",B,Energy,O,OH,Retail Power Marketer,PJM,0,0,0,34356,620450,2865,0,0,0,0,0,0,34356.0,620450.0,2865.0
2024,20659.0,"WGL Energy Services, Inc.",B,Energy,O,PA,Retail Power Marketer,PJM,6386,98555,11403,313159,4489731,21575,0,0,0,0,0,0,319545.0,4588286.0,32978.0
2024,20737.0,Willmar Municipal Utilities,A,Bundled,O,MN,Municipal,MISO,8341,68300,8662,11309,102569,1492,8620,94111,17,,,,28270.0,264980.0,10171.0
2024,20785.0,City of Wilson - (NC),A,Bundled,O,NC,Municipal,CPLE,50589.3,416897,32078,37217.8,314449,4628,32470,390176,45,,,,120277.1,1121522.0,36751.0
2024,20793.0,City of Winchester - (TN),A,Bundled,O,TN,Municipal,TVA,8272,70034,5292,8749,72813,1539,2756,28330,4,0,0,0,19777.0,171177.0,6835.0
2024,20813.0,City of Winfield - (KS),A,Bundled,O,KS,Municipal,SWPP,8510,61557,6284,8152,70540,1244,6348,86312,23,,,,23010.0,218409.0,7551.0
2024,20841.0,"Wiregrass Electric Coop, Inc",A,Bundled,O,AL,Cooperative,SOCO,50742,328360,22401,11978,80675,4697,,,,,,,62720.0,409035.0,27098.0
2024,20845.0,Wolverine Power Marketing Coop,B,Energy,O,MI,Cooperative,MISO,0,0,0,13277.4,182433,7,77642.4,1234916,14,0,0,0,90919.8,1417349.0,21.0
2024,20847.0,Wisconsin Electric Power Co,A,Bundled,O,WI,Investor Owned,MISO,1512017.5,7861068,1048148,1209999.4,8752660,121553,604938,6497522,615,239.9,1307,2,3327194.8,23112557.0,1170318.0
2024,20856.0,Wisconsin Power & Light Co,A,Bundled,O,WI,Investor Owned,MISO,596530,3530976,437211,302132,2354882,63281,455118,5088387,1152,0,0,0,1353780.0,10974245.0,501644.0
2024,20860.0,Wisconsin Public Service Corp,A,Bundled,O,WI,Investor Owned,MISO,477309.8,2940351,411775,453690.9,4051564,55942,274041,3810867,193,0,0,0,1205041.7,10802782.0,467910.0
2024,20862.0,Wisconsin Rapids W W & L Comm,A,Bundled,O,WI,Municipal,MISO,12602,94221,12395,13716,111031,2167,4324,48336,6,,,,30642.0,253588.0,14568.0
2024,20885.0,Withlacoochee River Elec Coop,A,Bundled,O,FL,Cooperative,SEC,416094.5,3369193,229375,117991.2,1083177,28558,16810.6,309972,1706,,,,550896.3,4762342.0,259639.0
2024,20927.0,"Wood County Electric Coop, Inc",A,Bundled,O,TX,Cooperative,SWPP,59180,461399,35793,26341,294249,5736,,,,,,,85521.0,755648.0,41529.0
2024,20948.0,Wise Electric Coop Inc,A,Bundled,O,TX,Cooperative,ERCO,54686,351373,20137,45026,403269,6597,,,,,,,99712.0,754642.0,26734.0
2024,20963.0,Woodruff Electric Coop Corp,A,Bundled,O,AR,Cooperative,MISO,19123.2,167759,12125,13508.7,137507,1533,22703.8,104725,6366,,,,55335.7,409991.0,20024.0
2024,20996.0,Wright-Hennepin Coop Elec Assn,A,Bundled,O,MN,Cooperative,MISO,84339.7,578061,53714,31457.8,272150,2455,4828.1,47318,110,0,0,0,120625.6,897529.0,56279.0
2024,20997.0,Yellowstone Valley Elec Co-op,A,Bundled,O,MT,Cooperative,WAUW,30655,229678,21182,9466,73279,1859,1170,9497,255,,,,41291.0,312454.0,23296.0
2024,21002.0,York Electric Coop Inc,A,Bundled,O,NC,Cooperative,DUK,31,251,15,15,126,2,,,,,,,46.0,377.0,17.0
2024,21002.0,York Electric Coop Inc,A,Bundled,O,SC,Cooperative,DUK,106977,845442,65244,30976,257703,5041,7443,74091,28,,,,145396.0,1177236.0,70313.0
2024,21013.0,City of Worthington - (MN),A,Bundled,O,MN,Municipal,MISO,4230.2,35013,4662,8401,84335,878,8579.6,110098,1,,,,21210.8,229446.0,5541.0
2024,21048.0,Wyandotte Municipal Serv Comm,A,Bundled,O,MI,Municipal,MISO,12576.1,77238,11730,8768.2,67781,1124,10296.3,122927,2,,,,31640.6,267946.0,12856.0
2024,21075.0,Y-W Electric Assn Inc,A,Bundled,O,CO,Cooperative,WACM,7130,45595,4876,16812,164892,2277,24790,186281,1678,,,,48732.0,396768.0,8831.0
2024,21075.0,Y-W Electric Assn Inc,A,Bundled,O,NE,Cooperative,WACM,,,,,,,868,5030,72,,,,868.0,5030.0,72.0
2024,21081.0,Yampa Valley Electric Assn Inc,A,Bundled,O,CO,Cooperative,PSCO,40452.4,241331,23253,16839.2,127827,4518,13975.7,175991,112,0,0,0,71267.3,545149.0,27883.0
2024,21081.0,Yampa Valley Electric Assn Inc,A,Bundled,O,WY,Cooperative,PSCO,968.4,5534,569,578.9,4138,189,0,0,0,0,0,0,1547.3,9672.0,758.0
2024,21093.0,3 Phases Renewables Inc,B,Energy,O,CA,Retail Power Marketer,CISO,45,335,55,22174,447497,517,2674,50831,50,0,0,0,24893.0,498663.0,622.0
2024,21111.0,Perennial Public Power Dist,A,Bundled,O,NE,Political Subdivision,SWPP,7342.7,75351,4142,1992.8,13100,1056,20456.2,269584,2549,,,,29791.7,358035.0,7747.0
2024,21114.0,Yazoo Valley Elec Power Assn,A,Bundled,O,MS,Cooperative,MISO,19666.8,120429,9488,6352.7,36944,997,27942.4,403996,8,,,,53961.9,561369.0,10493.0
2024,21158.0,City of Zeeland - (MI),A,Bundled,O,MI,Municipal,MISO,4856.8,47975,6037,5200.4,54045,885,26869.5,337768,119,,,,36926.7,439788.0,7041.0
2024,21244.0,"Southside Electric Coop, Inc",A,Bundled,O,VA,Cooperative,PJM,116956.9,755643,56846,13896.9,115000,2473,6351.9,69237,19,,,,137205.7,939880.0,59338.0
2024,21513.0,"Fergus Electric Coop, Inc",A,Bundled,O,MT,Cooperative,WAUW,9967,64241,6682,17286,192382,144,616,4227,173,,,,27869.0,260850.0,6999.0
2024,21538.0,"Mohave Electric Cooperative, Inc.",A,Bundled,O,AZ,Cooperative,WALC,54352.3,485505,41009,24201.4,225019,4502,8203.3,91312,24,,,,86757.0,801836.0,45535.0
2024,21567.0,"Washington-St Tammany E C, Inc",A,Bundled,O,LA,Cooperative,MISO,93583,789798,50901,24747.5,216186,4697,297.9,1949,1,,,,118628.4,1007933.0,55599.0
2024,21632.0,EnergyUnited Elec Member Corp,A,Bundled,O,NC,Cooperative,DUK,200670,1739084,121995,62613,639488,20172,24199,415022,34,,,,287482.0,2793594.0,142201.0
2024,22053.0,Kentucky Power Co,A,Bundled,O,KY,Investor Owned,PJM,279998,1858160,130852,193074,1446978,30697,167645,2016139,958,0,0,0,640717.0,5321277.0,162507.0
2024,22500.0,"Evergy Kansas Central, Inc",A,Bundled,O,KS,Investor Owned,SWPP,495679,3468990,341806,470946.5,4275484,54306,170020.9,1869300,1114,,,,1136646.4,9613774.0,397226.0
2024,22690.0,Roosevelt County Elec Coop Inc,A,Bundled,O,NM,Cooperative,SWPP,5916,49024,3918,1223,7515,616,11146,91058,1545,0,0,0,18285.0,147597.0,6079.0
2024,22814.0,Raft Rural Elec Coop Inc,A,Bundled,O,ID,Cooperative,BPAT,2288,24920,1391,4060,75894,412,7971,151702,956,0,0,0,14319.0,252516.0,2759.0
2024,22814.0,Raft Rural Elec Coop Inc,A,Bundled,O,NV,Cooperative,BPAT,1701,16609,1564,1935,29292,268,238,4630,51,0,0,0,3874.0,50531.0,1883.0
2024,22814.0,Raft Rural Elec Coop Inc,A,Bundled,O,UT,Cooperative,BPAT,503,5005,381,193,2714,69,1525,29752,299,0,0,0,2221.0,37471.0,749.0
2024,22815.0,Delta Electric Power Assn,A,Bundled,O,MS,Cooperative,MISO,33712.1,245090,20460,6914.4,43652,3384,36156.7,261741,5900,0,0,0,76783.2,550483.0,29744.0
2024,22822.0,Clark County Rural E M C - (IN),A,Bundled,O,IN,Cooperative,MISO,57146.4,390573,27103,8526.4,71124,1348,5546,50276,134,,,,71218.8,511973.0,28585.0
2024,24211.0,Tucson Electric Power Co,A,Bundled,O,AZ,Investor Owned,TEPC,619593.9,3964038,412747,306959,1970104,41903,302414,3029758,558,51.1,284,1,1229018.0,8964184.0,455209.0
2024,24590.0,Unitil Energy Systems,A,Bundled,O,NH,Investor Owned,ISNE,68319.4,292866,39656,23531.4,99972,5988,2889.1,14779,19,,,,94739.9,407617.0,45663.0
2024,24590.0,Unitil Energy Systems,C,Delivery,O,NH,Investor Owned,ISNE,23395,202655,28946,23203,232211,6699,21774.5,305751,144,,,,68372.5,740617.0,35789.0
2024,24753.0,Boone County Rural EMC,A,Bundled,O,IN,Cooperative,MISO,43497,263418,18371,28779,241117,672,,,,,,,72276.0,504535.0,19043.0
2024,24889.0,Brunswick Electric Member Corp,A,Bundled,O,NC,Cooperative,CPLE,165648,1212351,105562,48265,404082,11777,,,,,,,213913.0,1616433.0,117339.0
2024,24949.0,Cass County Elec Coop Inc,A,Bundled,O,ND,Cooperative,MISO,76658,615863,51968,51691,478106,7117,27523,264216,602,,,,155872.0,1358185.0,59687.0
2024,25177.0,Dakota Electric Association,A,Bundled,O,MN,Cooperative,MISO,130042,929091,108097,87149,886201,8313,911,5853,404,,,,218102.0,1821145.0,116814.0
2024,25295.0,Western Indiana Energy REMC,A,Bundled,O,IN,Cooperative,MISO,30415.4,211398,15017,15235.9,116997,2381,28797.2,277437,41,,,,74448.5,605832.0,17439.0
2024,25866.0,Ak-Chin Electric Utility Authority,A,Bundled,O,AZ,State,AZPS,649.5,5016,319,3110.7,35199,116,155.4,1127,31,0,0,0,3915.6,41342.0,466.0
2024,26510.0,Liberty Utilities (Granite State Electri,A,Bundled,O,NH,Investor Owned,ISNE,44331,193863,24689,17890,98541,3312,1398,7911,62,0,0,0,63619.0,300315.0,28063.0
2024,26510.0,Liberty Utilities (Granite State Electri,C,Delivery,O,NH,Investor Owned,ISNE,13816,110864,14978,25773,384812,3645,7726,116999,111,0,0,0,47315.0,612675.0,18734.0
2024,27000.0,WAPA-- Western Area Power Administration,A,Bundled,O,AZ,Federal,WALC,0,0,0,2149.9,81254,15,4193.5,216819,5,0,0,0,6343.4,298073.0,20.0
2024,27000.0,WAPA-- Western Area Power Administration,A,Bundled,O,CA,Federal,WALC,0,0,0,81481.5,1767561,46,53847.7,1856379,48,259,23926,1,135588.2,3647866.0,95.0
2024,27000.0,WAPA-- Western Area Power Administration,A,Bundled,O,CO,Federal,WACM,0,0,0,1508.5,51074,6,527.4,20285,6,0,0,0,2035.9,71359.0,12.0
2024,27000.0,WAPA-- Western Area Power Administration,A,Bundled,O,KS,Federal,WACM,0,0,0,0,0,0,1.1,430,1,0,0,0,1.1,430.0,1.0
2024,27000.0,WAPA-- Western Area Power Administration,A,Bundled,O,MN,Federal,SWPP,0,0,0,1461.3,53422,4,0,0,0,0,0,0,1461.3,53422.0,4.0
2024,27000.0,WAPA-- Western Area Power Administration,A,Bundled,O,MT,Federal,SWPP,0,0,0,3436.9,126069,8,186.2,32930,8,0,0,0,3623.1,158999.0,16.0
2024,27000.0,WAPA-- Western Area Power Administration,A,Bundled,O,ND,Federal,SWPP,0,0,0,5458.9,194517,15,64.7,5710,6,0,0,0,5523.6,200227.0,21.0
2024,27000.0,WAPA-- Western Area Power Administration,A,Bundled,O,NE,Federal,WACM,0,0,0,4206,153647,12,24.8,3300,2,0,0,0,4230.8,156947.0,14.0
2024,27000.0,WAPA-- Western Area Power Administration,A,Bundled,O,NM,Federal,WALC,0,0,0,2642.3,77095,3,1832.9,70263,1,0,0,0,4475.2,147358.0,4.0
2024,27000.0,WAPA-- Western Area Power Administration,A,Bundled,O,NV,Federal,WALC,0,0,0,668,26692,3,0,0,0,0,0,0,668.0,26692.0,3.0
2024,27000.0,WAPA-- Western Area Power Administration,A,Bundled,O,SD,Federal,WACM,0,0,0,9483.6,341375,19,55.4,2987,3,0,0,0,9539.0,344362.0,22.0
2024,27000.0,WAPA-- Western Area Power Administration,A,Bundled,O,UT,Federal,WALC,0,0,0,1154,34308,5,72.7,2376,1,0,0,0,1226.7,36684.0,6.0
2024,27000.0,WAPA-- Western Area Power Administration,A,Bundled,O,WY,Federal,WACM,0,0,0,1220.7,32721,2,29.6,9671,3,0,0,0,1250.3,42392.0,5.0
2024,27058.0,"High West Energy, Inc",A,Bundled,O,CO,Cooperative,WACM,1002.1,6615,670,362.8,3235,19,17191.4,161661,367,0,0,0,18556.3,171511.0,1056.0
2024,27058.0,"High West Energy, Inc",A,Bundled,O,NE,Cooperative,WACM,2687.5,18309,1752,989.5,8712,61,10736.6,91909,1154,0,0,0,14413.6,118930.0,2967.0
2024,27058.0,"High West Energy, Inc",A,Bundled,O,WY,Cooperative,WACM,9781.7,68049,5579,16004.7,327640,22,20705.2,197290,1357,0,0,0,46491.6,592979.0,6958.0
2024,27222.0,City of Ripley - (TN),A,Bundled,O,TN,Municipal,TVA,8167,66145,5106,8516,64821,1555,1982,23360,2,0,0,0,18665.0,154326.0,6663.0
2024,27238.0,"Southwest Electric Coop, Inc",A,Bundled,O,MO,Cooperative,AECI,61699,514552,41386,10676,97451,3308,,,,,,,72375.0,612003.0,44694.0
2024,27369.0,Taylor Electric Coop Inc - (TX),A,Bundled,O,TX,Cooperative,ERCO,36659,238436,18722,10970.9,79117,2740,13843.9,257744,16,,,,61473.8,575297.0,21478.0
2024,27599.0,Carroll-White REMC,A,Bundled,O,IN,Cooperative,MISO,28268,189289,14807,13359,115768,340,9743,113424,2,,,,51370.0,418481.0,15149.0
2024,28541.0,Clatskanie Peoples Util Dist,A,Bundled,O,OR,Political Subdivision,BPAT,5274.8,69492,3761,1517.9,21775,545,50372.3,871556,6,0,0,0,57165.0,962823.0,4312.0
2024,28604.0,Kerrville Public Utility Board,A,Bundled,O,TX,Municipal,ERCO,24903.2,285925,20278,18341.1,222391,4109,,,,,,,43244.3,508316.0,24387.0
2024,28802.0,"Talen Energy Marketing, LLC",B,Energy,O,MD,Retail Power Marketer,PJM,,,,,,,71,1149,1,,,,71.0,1149.0,1.0
2024,28802.0,"Talen Energy Marketing, LLC",B,Energy,O,MT,Retail Power Marketer,NWMT,,,,1553,17518,1,19047,236714,4,,,,20600.0,254232.0,5.0
2024,28802.0,"Talen Energy Marketing, LLC",B,Energy,O,NJ,Retail Power Marketer,PJM,,,,,,,36,928,1,,,,36.0,928.0,1.0
2024,28802.0,"Talen Energy Marketing, LLC",B,Energy,O,PA,Retail Power Marketer,PJM,,,,,,,1429,34777,4,,,,1429.0,34777.0,4.0
2024,28802.0,"Talen Energy Marketing, LLC",D,Bundled,O,TX,Retail Power Marketer,ERCO,,,,,,,322,16648,3,,,,322.0,16648.0,3.0
2024,28978.0,City of San Marcos - (TX),A,Bundled,O,TX,Municipal,ERCO,29281,243423,22261,41801,399413,3761,240,2422,2,,,,71322.0,645258.0,26024.0
2024,30518.0,Electrical Dist No3 Pinal County,A,Bundled,O,AZ,Political Subdivision,AZPS,63271.5,454173,32009,24108.7,192543,2106,11621.2,222524,411,,,,99001.4,869240.0,34526.0
2024,31833.0,Okefenoke Rural El Member Corp,A,Bundled,O,FL,Cooperative,SOCO,23803.6,170669,11088,2116.1,15583,591,0,0,0,,,,25919.7,186252.0,11679.0
2024,31833.0,Okefenoke Rural El Member Corp,A,Bundled,O,GA,Cooperative,SOCO,54544.3,383096,27736,8077.3,61784,2236,8384.7,227268,3,,,,71006.3,672148.0,29975.0
2024,38084.0,Great Lakes Energy Coop,A,Bundled,O,MI,Cooperative,MISO,169510.9,884220,120645,30329.7,184901,11315,50799.4,528391,292,,,,250640.0,1597512.0,132252.0
2024,40036.0,Westfield Electric Company,A,Bundled,O,WI,Investor Owned,MISO,758,4226,622,770,4538,143,782,4526,30,0,0,0,2310.0,13290.0,795.0
2024,40127.0,Clarke-Washington E M C,A,Bundled,O,AL,Cooperative,SOCO,34811,220870,18708,5615,38074,1793,2631,21231,61,,,,43057.0,280175.0,20562.0
2024,40165.0,"Dixie Escalante R E A, Inc",A,Bundled,O,AZ,Cooperative,PACE,3464.1,36073,2790,1233.1,13744,355,,,,,,,4697.2,49817.0,3145.0
2024,40165.0,"Dixie Escalante R E A, Inc",A,Bundled,O,UT,Cooperative,PACE,40247.3,451026,26906,16633.3,231816,3032,1595.1,22953,1,,,,58475.7,705795.0,29939.0
2024,40166.0,"Chickasaw Electric Coop, Inc",A,Bundled,O,TN,Cooperative,TVA,35972,326957,19576,20326,180362,3527,1736,29927,3,0,0,0,58034.0,537246.0,23106.0
2024,40167.0,"Somerset Rural Elec Coop, Inc",A,Bundled,O,PA,Cooperative,PJM,17484,125202,12322,6517,52872,1578,1695,17226,3,,,,25696.0,195300.0,13903.0
2024,40212.0,Colquitt Electric Membership Corp,A,Bundled,O,GA,Cooperative,SOCO,120594.7,913680,65743,10036.8,72698,3788,34323.9,318604,3447,,,,164955.4,1304982.0,72978.0
2024,40220.0,Adams Electric Cooperative Inc,A,Bundled,O,PA,Cooperative,PJM,64263,445525,32231,11393,86441,2289,4368,42873,14,,,,80024.0,574839.0,34534.0
2024,40221.0,"Bedford Rural Elec Coop, Inc",A,Bundled,O,PA,Cooperative,PJM,14457,99379,8837,3947,31218,743,10568,100908,2,,,,28972.0,231505.0,9582.0
2024,40222.0,Valley Rural Electric Coop Inc,A,Bundled,O,PA,Cooperative,PJM,30509,205157,18180,10919,76843,4403,489,3955,2,,,,41917.0,285955.0,22585.0
2024,40224.0,"Central Electric Coop, Inc - (PA)",A,Bundled,O,PA,Cooperative,PJM,36790,216051,23629,9073,65626,1966,2451,21309,9,,,,48314.0,302986.0,25604.0
2024,40228.0,Rappahannock Electric Coop,A,Bundled,O,VA,Cooperative,PJM,346690,2328716,169489,54652,453437,10884,112782,1287079,589,,,,514124.0,4069232.0,180962.0
2024,40236.0,"Forked Deer Electric Coop, Inc",A,Bundled,O,TN,Cooperative,TVA,18878,131721,8345,4982,25347,1797,0,0,0,0,0,0,23860.0,157068.0,10142.0
2024,40289.0,Claverack Rural Elec Coop Inc,A,Bundled,O,PA,Cooperative,PJM,30449,166838,16742,9650,70184,2365,7024,77359,4,,,,47123.0,314381.0,19111.0
2024,40290.0,Tri-County Rural Elec Coop Inc (PA),A,Bundled,O,PA,Cooperative,PJM,24934,124161,18206,7686,59371,1352,3121,33664,4,,,,35741.0,217196.0,19562.0
2024,40292.0,REA Energy Coop Inc,A,Bundled,O,PA,Cooperative,PJM,33963,233726,20932,8050,64486,1891,9275,81845,13,,,,51288.0,380057.0,22836.0
2024,40293.0,"Northwestern Rural E C A, Inc - (PA)",A,Bundled,O,PA,Cooperative,PJM,30333,194697,18190,6260,43111,1428,1099,10760,3,,,,37692.0,248568.0,19621.0
2024,40302.0,North East Mississippi EPA,A,Bundled,O,MS,Cooperative,TVA,43475,324599,26142,25772,246558,3518,4679,59614,4,0,0,0,73926.0,630771.0,29664.0
2024,40303.0,Monroe County Elec Power Assn,A,Bundled,O,MS,Cooperative,TVA,20739,165572,10170,6592,45272,1650,0,0,0,0,0,0,27331.0,210844.0,11820.0
2024,40304.0,Minnesota Valley Coop L&P Assn,A,Bundled,O,MN,Cooperative,MISO,14738.4,120612,4931,2229.8,18418,338,6461.8,79080,41,,,,23430.0,218110.0,5310.0
2024,40364.0,City of Courtland,A,Bundled,O,AL,Municipal,TVA,901,7566,551,2193,21214,212,0,0,0,0,0,0,3094.0,28780.0,763.0
2024,40437.0,Emerald People's Utility Dist,A,Bundled,O,OR,Political Subdivision,PACW,32181.6,291288,19968,11900,112866,2360,5810.7,71710,749,,,,49892.3,475864.0,23077.0
2024,40437.0,Emerald People's Utility Dist,C,Delivery,O,OR,Political Subdivision,PACW,,,,,,,1855.6,316404,2,,,,1855.6,316404.0,2.0
2024,40438.0,Columbia River Peoples Ut Dist,A,Bundled,O,OR,Political Subdivision,BPAT,21464.4,231555,16378,8563.9,94610,1092,8090.8,148966,26,0,0,0,38119.1,475131.0,17496.0
2024,40441.0,Town of Murphy - (NC),A,Bundled,O,NC,Municipal,TVA,6149,47863,3685,9974,79747,1724,13294,265579,4,0,0,0,29417.0,393189.0,5413.0
2024,40456.0,PUD No 1 of Whatcom County,A,Bundled,O,WA,Political Subdivision,BPAT,,,,,,,10702,228736,1,,,,10702.0,228736.0,1.0
2024,40606.0,City of Grand Island - (NE),A,Bundled,O,NE,Municipal,SWPP,23868,218313,22799,22058,209903,4532,24301,290405,94,,,,70227.0,718621.0,27425.0
2024,40613.0,Northern California Power Agny,B,Energy,O,CA,Political Subdivision,CISO,0,0,0,0,0,0,0,0,0,36126,360898,1,36126.0,360898.0,1.0
2024,49730.0,American PowerNet,B,Energy,O,IL,Retail Power Marketer,PJM,0,0,0,19344.8,408525,4,0,0,0,0,0,0,19344.8,408525.0,4.0
2024,49730.0,American PowerNet,B,Energy,O,MD,Retail Power Marketer,PJM,0,0,0,0,0,0,2986.6,67424,1,0,0,0,2986.6,67424.0,1.0
2024,49730.0,American PowerNet,B,Energy,O,ME,Retail Power Marketer,ISNE,0,0,0,0,0,0,3812.9,92328,2,0,0,0,3812.9,92328.0,2.0
2024,49730.0,American PowerNet,B,Energy,O,OH,Retail Power Marketer,PJM,0,0,0,0,0,0,12839.1,262703,5,0,0,0,12839.1,262703.0,5.0
2024,49730.0,American PowerNet,B,Energy,O,PA,Retail Power Marketer,PJM,0,0,0,26552.7,442499,14,14050.6,224081,6,0,0,0,40603.3,666580.0,20.0
2024,49730.0,American PowerNet,D,Bundled,O,TX,Retail Power Marketer,ERCO,0,0,0,0,0,0,12995.4,171602,2,0,0,0,12995.4,171602.0,2.0
2024,49746.0,The Energy Coop,B,Energy,O,PA,Cooperative,PJM,2594.4,18866,2515,240.7,1794,144,0,0,0,0,0,0,2835.1,20660.0,2659.0
2024,49818.0,"Alliance Power Company, LLC.",D,Bundled,O,TX,Retail Power Marketer,ERCO,8355.8,79547,5272,9131.5,128107,2986,0,0,0,0,0,0,17487.3,207654.0,8258.0
2024,49848.0,Massachusetts Bay Trans Authority,B,Energy,O,MA,Political Subdivision,ISNE,0,0,0,767.9,2753,66,0,0,0,4155.3,33840,2,4923.2,36593.0,68.0
2024,49853.0,Amigo Energy,D,Bundled,O,TX,Retail Power Marketer,ERCO,307336.1,1898234,146495,26932.3,239304,5754,0,0,0,0,0,0,334268.4,2137538.0,152249.0
2024,49922.0,U.S. Energy Partners LLC,B,Energy,O,NY,Retail Power Marketer,NYIS,645.3,5120,633,28910.7,250038,3925,,,,,,,29556.0,255158.0,4558.0
2024,49952.0,3000 Energy Corp,D,Bundled,O,TX,Retail Power Marketer,ERCO,3123.7,25859,1416,799.3,9214,119,0,0,0,0,0,0,3923.0,35073.0,1535.0
2024,49987.0,Harvard Dedicated Energy Limit,B,Energy,O,MA,Retail Power Marketer,ISNE,0,0,0,9419.5,142288,1,0,0,0,0,0,0,9419.5,142288.0,1.0
2024,49998.0,City of Berea Municipal Utility,A,Bundled,O,KY,Municipal,LGEE,5205.5,57571,4722,1913.8,22227,579,3034.8,42680,58,0,0,0,10154.1,122478.0,5359.0
2024,50041.0,"Stream SPE, LTD",D,Bundled,O,TX,Retail Power Marketer,ERCO,377745.5,2276109,158854,42879.7,230935,14308,0,0,0,0,0,0,420625.2,2507044.0,173162.0
2024,50046.0,"Texas Retail Energy, LLC",B,Energy,O,CT,Retail Power Marketer,ISNE,0,0,0,4446.5,49026,47,0,0,0,0,0,0,4446.5,49026.0,47.0
2024,50046.0,"Texas Retail Energy, LLC",B,Energy,O,IL,Retail Power Marketer,PJM,0,0,0,16837.4,317286,109,0,0,0,0,0,0,16837.4,317286.0,109.0
2024,50046.0,"Texas Retail Energy, LLC",B,Energy,O,IL,Retail Power Marketer,MISO,0,0,0,10125.7,213183,79,0,0,0,0,0,0,10125.7,213183.0,79.0
2024,50046.0,"Texas Retail Energy, LLC",B,Energy,O,MA,Retail Power Marketer,ISNE,0,0,0,10843.5,81954,47,0,0,0,0,0,0,10843.5,81954.0,47.0
2024,50046.0,"Texas Retail Energy, LLC",B,Energy,O,MD,Retail Power Marketer,PJM,0,0,0,12789.6,151268,74,0,0,0,0,0,0,12789.6,151268.0,74.0
2024,50046.0,"Texas Retail Energy, LLC",B,Energy,O,ME,Retail Power Marketer,ISNE,0,0,0,7537.8,81066,32,0,0,0,0,0,0,7537.8,81066.0,32.0
2024,50046.0,"Texas Retail Energy, LLC",B,Energy,O,NH,Retail Power Marketer,ISNE,0,0,0,6487.9,78368,45,0,0,0,0,0,0,6487.9,78368.0,45.0
2024,50046.0,"Texas Retail Energy, LLC",B,Energy,O,NJ,Retail Power Marketer,PJM,0,0,0,14672.3,182046,91,0,0,0,0,0,0,14672.3,182046.0,91.0
2024,50046.0,"Texas Retail Energy, LLC",B,Energy,O,NY,Retail Power Marketer,NYIS,0,0,0,25060.8,323846,138,0,0,0,0,0,0,25060.8,323846.0,138.0
2024,50046.0,"Texas Retail Energy, LLC",B,Energy,O,OH,Retail Power Marketer,PJM,0,0,0,30441.8,564590,212,0,0,0,0,0,0,30441.8,564590.0,212.0
2024,50046.0,"Texas Retail Energy, LLC",B,Energy,O,PA,Retail Power Marketer,PJM,0,0,0,39085.2,552152,217,0,0,0,0,0,0,39085.2,552152.0,217.0
2024,50046.0,"Texas Retail Energy, LLC",B,Energy,O,VA,Retail Power Marketer,PJM,0,0,0,19409.1,299234,107,0,0,0,0,0,0,19409.1,299234.0,107.0
2024,50046.0,"Texas Retail Energy, LLC",D,Bundled,O,TX,Retail Power Marketer,ERCO,0,0,0,138798.5,1684185,603,0,0,0,0,0,0,138798.5,1684185.0,603.0
2024,50153.0,"APN Starfirst, L.P.",B,Energy,O,OH,Retail Power Marketer,PJM,0,0,0,0,0,0,5316.9,152290,7,0,0,0,5316.9,152290.0,7.0
2024,50153.0,"APN Starfirst, L.P.",B,Energy,O,PA,Retail Power Marketer,PJM,0,0,0,0,0,0,2036.7,41301,3,0,0,0,2036.7,41301.0,3.0
2024,54728.0,Texas General Land Office,D,Bundled,O,TX,Retail Power Marketer,ERCO,0,0,0,11989,179847,259,0,0,0,132.5,1428,2,12121.5,181275.0,261.0
2024,54820.0,Direct Energy Services,B,Energy,O,CT,Retail Power Marketer,ISNE,74061.5,578488,51430,11911.2,95556,4486,0,0,0,0,0,0,85972.7,674044.0,55916.0
2024,54820.0,Direct Energy Services,B,Energy,O,DC,Retail Power Marketer,PJM,845.5,6219,495,20.1,153,143,0,0,0,0,0,0,865.6,6372.0,638.0
2024,54820.0,Direct Energy Services,B,Energy,O,DE,Retail Power Marketer,PJM,4139.9,33737,3201,667.9,6516,329,0,0,0,0,0,0,4807.8,40253.0,3530.0
2024,54820.0,Direct Energy Services,B,Energy,O,IL,Retail Power Marketer,MISO,32403,272756,35775,8329,95039,6707,0,0,0,0,0,0,40732.0,367795.0,42482.0
2024,54820.0,Direct Energy Services,B,Energy,O,MA,Retail Power Marketer,ISNE,571935.9,3776829,498718,6793,49202,3247,0,0,0,0,0,0,578728.9,3826031.0,501965.0
2024,54820.0,Direct Energy Services,B,Energy,O,MD,Retail Power Marketer,PJM,27536.6,220015,19359,6402.5,61107,3165,0,0,0,0,0,0,33939.1,281122.0,22524.0
2024,54820.0,Direct Energy Services,B,Energy,O,NH,Retail Power Marketer,ISNE,68173.6,524817,60246,4325.5,35835,2216,0,0,0,0,0,0,72499.1,560652.0,62462.0
2024,54820.0,Direct Energy Services,B,Energy,O,NJ,Retail Power Marketer,PJM,18770.9,130025,18448,11816.3,88778,5772,0,0,0,0,0,0,30587.2,218803.0,24220.0
2024,54820.0,Direct Energy Services,B,Energy,O,NY,Retail Power Marketer,NYIS,111118.3,846209,112786,14783.3,122518,8761,0,0,0,0,0,0,125901.6,968727.0,121547.0
2024,54820.0,Direct Energy Services,B,Energy,O,OH,Retail Power Marketer,PJM,62335.4,772417,81905,6174.8,81140,4562,0,0,0,0,0,0,68510.2,853557.0,86467.0
2024,54820.0,Direct Energy Services,B,Energy,O,PA,Retail Power Marketer,NYIS,667.8,5283,717,691.8,7049,113,0,0,0,0,0,0,1359.6,12332.0,830.0
2024,54820.0,Direct Energy Services,B,Energy,O,PA,Retail Power Marketer,PJM,89536.5,888673,77715,7912.1,81644,5677,0,0,0,0,0,0,97448.6,970317.0,83392.0
2024,54820.0,Direct Energy Services,B,Energy,O,RI,Retail Power Marketer,ISNE,1605.5,11562,1730,215.7,1805,155,0,0,0,0,0,0,1821.2,13367.0,1885.0
2024,54820.0,Direct Energy Services,D,Bundled,O,TX,Retail Power Marketer,ERCO,581569.5,3552186,266249,36703.3,224240,17209,0,0,0,0,0,0,618272.8,3776426.0,283458.0
2024,54862.0,Champion Energy Services,B,Energy,O,CT,Retail Power Marketer,ISNE,0,0,0,7497.5,81064,72,0,0,0,0,0,0,7497.5,81064.0,72.0
2024,54862.0,Champion Energy Services,B,Energy,O,DC,Retail Power Marketer,PJM,0,0,0,1704.4,16024,13,0,0,0,0,0,0,1704.4,16024.0,13.0
2024,54862.0,Champion Energy Services,B,Energy,O,DE,Retail Power Marketer,PJM,0,0,0,1560.5,24972,10,0,0,0,0,0,0,1560.5,24972.0,10.0
2024,54862.0,Champion Energy Services,B,Energy,O,IL,Retail Power Marketer,MISO,0,0,0,18788.3,397609,289,0,0,0,0,0,0,18788.3,397609.0,289.0
2024,54862.0,Champion Energy Services,B,Energy,O,MA,Retail Power Marketer,ISNE,0,0,0,20397,195198,563,0,0,0,0,0,0,20397.0,195198.0,563.0
2024,54862.0,Champion Energy Services,B,Energy,O,MD,Retail Power Marketer,PJM,0,0,0,10590.6,138542,1316,0,0,0,0,0,0,10590.6,138542.0,1316.0
2024,54862.0,Champion Energy Services,B,Energy,O,ME,Retail Power Marketer,ISNE,0,0,0,5092.1,53367,223,0,0,0,0,0,0,5092.1,53367.0,223.0
2024,54862.0,Champion Energy Services,B,Energy,O,NH,Retail Power Marketer,ISNE,0,0,0,3494,33988,225,0,0,0,0,0,0,3494.0,33988.0,225.0
2024,54862.0,Champion Energy Services,B,Energy,O,NJ,Retail Power Marketer,PJM,0,0,0,37604.7,459853,1445,0,0,0,0,0,0,37604.7,459853.0,1445.0
2024,54862.0,Champion Energy Services,B,Energy,O,NY,Retail Power Marketer,NYIS,0,0,0,44811.6,638521,304,0,0,0,0,0,0,44811.6,638521.0,304.0
2024,54862.0,Champion Energy Services,B,Energy,O,OH,Retail Power Marketer,PJM,0,0,0,38432,730934,2901,0,0,0,0,0,0,38432.0,730934.0,2901.0
2024,54862.0,Champion Energy Services,B,Energy,O,PA,Retail Power Marketer,PJM,0,0,0,55114.9,1142452,2705,0,0,0,0,0,0,55114.9,1142452.0,2705.0
2024,54862.0,Champion Energy Services,B,Energy,O,RI,Retail Power Marketer,ISNE,0,0,0,2173.6,27514,30,0,0,0,0,0,0,2173.6,27514.0,30.0
2024,54862.0,Champion Energy Services,D,Bundled,O,TX,Retail Power Marketer,ERCO,257329.8,2579074,225587,17664.2,333586,4187,0,0,0,0,0,0,274994.0,2912660.0,229774.0
2024,54872.0,"Accent Energy Holdings, LLC",D,Bundled,O,TX,Retail Power Marketer,ERCO,7471,42624,3135,2521,18300,501,,,,,,,9992.0,60924.0,3636.0
2024,54873.0,Freedom Energy,B,Energy,O,ME,Retail Power Marketer,ISNE,0,0,0,0,0,0,711,16723,4,0,0,0,711.0,16723.0,4.0
2024,54873.0,Freedom Energy,B,Energy,O,NH,Retail Power Marketer,ISNE,0,0,0,0,0,0,3040,69344,6,0,0,0,3040.0,69344.0,6.0
2024,54893.0,NOCO Electric,B,Energy,O,NY,Retail Power Marketer,NYIS,6097.9,86569,6619,40958,547290,6344,0,0,0,0,0,0,47055.9,633859.0,12963.0
2024,54913.0,NSTAR Electric Company,A,Bundled,O,MA,Investor Owned,ISNE,630364,2107270,383373,221516,820406,45206,15711,61989,540,0,0,0,867591.0,2989665.0,429119.0
2024,54913.0,NSTAR Electric Company,C,Delivery,O,MA,Investor Owned,ISNE,938245,5766515,919703,961244,11267460,176142,85703,1039520,1593,3662,290560,1,1988854.0,18364055.0,1097439.0
2024,55722.0,AEP Energy,B,Energy,O,DC,Retail Power Marketer,PJM,0,0,0,6019.1,73005,132,0,0,0,0,0,0,6019.1,73005.0,132.0
2024,55722.0,AEP Energy,B,Energy,O,DE,Retail Power Marketer,PJM,0,0,0,3063.7,40055,263,0,0,0,0,0,0,3063.7,40055.0,263.0
2024,55722.0,AEP Energy,B,Energy,O,IL,Retail Power Marketer,PJM,3519.3,51097,5632,321450.5,3349355,16684,0,0,0,0,0,0,324969.8,3400452.0,22316.0
2024,55722.0,AEP Energy,B,Energy,O,MD,Retail Power Marketer,PJM,4236.2,41168,2781,64188.2,823452,1471,0,0,0,0,0,0,68424.4,864620.0,4252.0
2024,55722.0,AEP Energy,B,Energy,O,NJ,Retail Power Marketer,PJM,42.2,339,18,59415.8,632768,2077,0,0,0,0,0,0,59458.0,633107.0,2095.0
2024,55722.0,AEP Energy,B,Energy,O,OH,Retail Power Marketer,PJM,313524.3,4135467,446968,592540.9,12386872,60795,0,0,0,0,0,0,906065.2,16522339.0,507763.0
2024,55722.0,AEP Energy,B,Energy,O,PA,Retail Power Marketer,PJM,104263.6,1122832,89725,167973.3,2661455,8263,0,0,0,0,0,0,272236.9,3784287.0,97988.0
2024,55787.0,City of Moreno Valley - (CA),A,Bundled,O,CA,Municipal,CISO,18450,46278,7936,41508,164012,998,3621,15208,10,0,,,63579.0,225498.0,8944.0
2024,55815.0,"IDT Energy, Inc.",B,Energy,O,DC,Retail Power Marketer,PJM,911.5,5644,749,387.3,2876,52,0,0,0,0,0,0,1298.8,8520.0,801.0
2024,55815.0,"IDT Energy, Inc.",B,Energy,O,IL,Retail Power Marketer,PJM,10190.9,82468,13193,805.4,6630,239,0,0,0,0,0,0,10996.3,89098.0,13432.0
2024,55815.0,"IDT Energy, Inc.",B,Energy,O,MD,Retail Power Marketer,PJM,10044.8,57771,8215,629.8,4596,126,0,0,0,0,0,0,10674.6,62367.0,8341.0
2024,55815.0,"IDT Energy, Inc.",B,Energy,O,NJ,Retail Power Marketer,PJM,12423,104463,11278,1486.2,10953,196,0,0,0,0,0,0,13909.2,115416.0,11474.0
2024,55815.0,"IDT Energy, Inc.",B,Energy,O,NY,Retail Power Marketer,NYIS,16606.4,93698,18898,24507,165263,3178,0,0,0,0,0,0,41113.4,258961.0,22076.0
2024,55815.0,"IDT Energy, Inc.",B,Energy,O,OH,Retail Power Marketer,PJM,3322.1,24128,3269,40.9,301,24,0,0,0,0,0,0,3363.0,24429.0,3293.0
2024,55815.0,"IDT Energy, Inc.",B,Energy,O,PA,Retail Power Marketer,PJM,9697.8,62215,8055,1217.7,9006,583,0,0,0,0,0,0,10915.5,71221.0,8638.0
2024,55874.0,"Energy Services Providers, Inc",B,Energy,O,IL,Retail Power Marketer,MISO,30574,224440,30192,1424.7,11659,391,0,0,0,0,0,0,31998.7,236099.0,30583.0
2024,55874.0,"Energy Services Providers, Inc",B,Energy,O,MA,Retail Power Marketer,ISNE,5090.9,24744,4129,4249.6,18640,1412,0,0,0,0,0,0,9340.5,43384.0,5541.0
2024,55874.0,"Energy Services Providers, Inc",B,Energy,O,MD,Retail Power Marketer,PJM,7726.7,48435,5083,1415.6,10479,276,0,0,0,0,0,0,9142.3,58914.0,5359.0
2024,55874.0,"Energy Services Providers, Inc",B,Energy,O,NJ,Retail Power Marketer,PJM,2537.6,14920,2904,4590.3,38053,623,0,0,0,0,0,0,7127.9,52973.0,3527.0
2024,55874.0,"Energy Services Providers, Inc",B,Energy,O,NY,Retail Power Marketer,NYIS,9485.7,64048,9425,7454.9,48871,2311,0,0,0,0,0,0,16940.6,112919.0,11736.0
2024,55874.0,"Energy Services Providers, Inc",B,Energy,O,OH,Retail Power Marketer,PJM,16733.8,163269,15009,490.9,5301,126,0,0,0,0,0,0,17224.7,168570.0,15135.0
2024,55874.0,"Energy Services Providers, Inc",B,Energy,O,PA,Retail Power Marketer,PJM,22360.9,180759,18092,3126.3,24798,1166,0,0,0,0,0,0,25487.2,205557.0,19258.0
2024,55878.0,Hudson Energy Services,B,Energy,O,IL,Retail Power Marketer,PJM,0,0,0,34301.3,482178,3049,0,0,0,0,0,0,34301.3,482178.0,3049.0
2024,55878.0,Hudson Energy Services,B,Energy,O,IL,Retail Power Marketer,MISO,0,0,0,1160.1,17275,284,0,0,0,0,0,0,1160.1,17275.0,284.0
2024,55878.0,Hudson Energy Services,B,Energy,O,MA,Retail Power Marketer,ISNE,0,0,0,83673.6,630883,8076,0,0,0,0,0,0,83673.6,630883.0,8076.0
2024,55878.0,Hudson Energy Services,B,Energy,O,MD,Retail Power Marketer,PJM,0,0,0,13897.6,147678,1761,0,0,0,0,0,0,13897.6,147678.0,1761.0
2024,55878.0,Hudson Energy Services,B,Energy,O,NJ,Retail Power Marketer,PJM,0,0,0,47992.8,465687,4520,0,0,0,0,0,0,47992.8,465687.0,4520.0
2024,55878.0,Hudson Energy Services,B,Energy,O,NY,Retail Power Marketer,NYIS,50.7,348,38,57949.9,493257,5085,0,0,0,0,0,0,58000.6,493605.0,5123.0
2024,55878.0,Hudson Energy Services,B,Energy,O,OH,Retail Power Marketer,PJM,0,0,0,25823.7,380012,4863,0,0,0,0,0,0,25823.7,380012.0,4863.0
2024,55878.0,Hudson Energy Services,B,Energy,O,PA,Retail Power Marketer,PJM,0,0,0,30912.5,375183,4710,0,0,0,0,0,0,30912.5,375183.0,4710.0
2024,55878.0,Hudson Energy Services,D,Bundled,O,TX,Retail Power Marketer,ERCO,7734.3,63484,4294,322534.7,3113514,41322,0,0,0,0,0,0,330269.0,3176998.0,45616.0
2024,55937.0,Entergy Texas Inc.,A,Bundled,O,TX,Investor Owned,MISO,907326.8,6639981,457369,493772.9,5140970,55766,557027.6,9488792,6081,,,,1958127.3,21269743.0,519216.0
2024,55959.0,Roughrider Electric Cooperativ,A,Bundled,O,ND,Cooperative,SWPP,16734,163427,11183,37904,328186,3927,23006,271288,77,0,0,0,77644.0,762901.0,15187.0
2024,55982.0,Heart of Texas Electric Coop,A,Bundled,O,TX,Cooperative,ERCO,43220,342370,18722,11987,86604,5928,11559,207001,90,,,,66766.0,635975.0,24740.0
2024,56146.0,"Black Hills Colorado Electric, LLC",A,Bundled,O,CO,Investor Owned,PSCO,104284,611784,89252,103298,857046,12411,34814,351971,55,0,0,0,242396.0,1820801.0,101718.0
2024,56196.0,Just Energy New York Corp.,B,Energy,O,NY,Retail Power Marketer,NYIS,4911.8,43938,6558,84.8,755,89,0,0,0,0,0,0,4996.6,44693.0,6647.0
2024,56212.0,"Ambit Energy Holdings, LLC",B,Energy,O,DC,Retail Power Marketer,PJM,272.7,1877,247,246.8,1646,35,0,0,0,0,0,0,519.5,3523.0,282.0
2024,56212.0,"Ambit Energy Holdings, LLC",B,Energy,O,DE,Retail Power Marketer,PJM,447.2,3281,292,65.4,550,30,0,0,0,0,0,0,512.6,3831.0,322.0
2024,56212.0,"Ambit Energy Holdings, LLC",B,Energy,O,IL,Retail Power Marketer,MISO,22458.7,201116,24490,11326.6,89529,4949,0,0,0,0,0,0,33785.3,290645.0,29439.0
2024,56212.0,"Ambit Energy Holdings, LLC",B,Energy,O,MA,Retail Power Marketer,ISNE,8236,41276,6282,4333.6,22380,1143,0,0,0,0,0,0,12569.6,63656.0,7425.0
2024,56212.0,"Ambit Energy Holdings, LLC",B,Energy,O,MD,Retail Power Marketer,PJM,8930.5,59634,5298,1637.3,12657,498,0,0,0,0,0,0,10567.8,72291.0,5796.0
2024,56212.0,"Ambit Energy Holdings, LLC",B,Energy,O,ME,Retail Power Marketer,ISNE,3178.1,20312,3044,773.5,4972,320,0,0,0,0,0,0,3951.6,25284.0,3364.0
2024,56212.0,"Ambit Energy Holdings, LLC",B,Energy,O,NH,Retail Power Marketer,ISNE,1582.5,10356,1423,975.3,7105,388,0,0,0,0,0,0,2557.8,17461.0,1811.0
2024,56212.0,"Ambit Energy Holdings, LLC",B,Energy,O,NJ,Retail Power Marketer,PJM,8882,57920,5962,3805,28655,1228,0,0,0,0,0,0,12687.0,86575.0,7190.0
2024,56212.0,"Ambit Energy Holdings, LLC",B,Energy,O,OH,Retail Power Marketer,PJM,1744.9,14954,1534,469.4,5028,252,0,0,0,0,0,0,2214.3,19982.0,1786.0
2024,56212.0,"Ambit Energy Holdings, LLC",B,Energy,O,PA,Retail Power Marketer,PJM,24300.5,182135,17027,6435.2,66402,3323,0,0,0,0,0,0,30735.7,248537.0,20350.0
2024,56212.0,"Ambit Energy Holdings, LLC",B,Energy,O,RI,Retail Power Marketer,ISNE,842.6,5453,803,456.2,2818,180,0,0,0,0,0,0,1298.8,8271.0,983.0
2024,56212.0,"Ambit Energy Holdings, LLC",D,Bundled,O,TX,Retail Power Marketer,ERCO,771243.6,4107956,360476,82828.9,441432,23186,0,0,0,0,0,0,854072.5,4549388.0,383662.0
2024,56220.0,Anthracite Power & Light,B,Energy,O,PA,Retail Power Marketer,PJM,737,8230,697,16822.8,227822,245,0,0,0,0,0,0,17559.8,236052.0,942.0
2024,56223.0,Macquarie Energy LLC,B,Energy,O,NV,Retail Power Marketer,NEVP,0,0,0,689.3,12765,1,0,0,0,0,0,0,689.3,12765.0,1.0
2024,56248.0,"Young Energy, LLC",D,Bundled,O,TX,Retail Power Marketer,ERCO,119805,616988,53002,0,0,0,0,0,0,0,0,0,119805.0,616988.0,53002.0
2024,56265.0,Energy Plus Holdings LLC,B,Energy,O,CT,Retail Power Marketer,ISNE,28.5,357,30,68.7,862,35,0,0,0,0,0,0,97.2,1219.0,65.0
2024,56265.0,Energy Plus Holdings LLC,B,Energy,O,IL,Retail Power Marketer,PJM,5307.2,42761,6028,533.9,4302,260,0,0,0,0,0,0,5841.1,47063.0,6288.0
2024,56265.0,Energy Plus Holdings LLC,B,Energy,O,MA,Retail Power Marketer,ISNE,1531.3,7430,1222,130.9,635,47,0,0,0,0,0,0,1662.2,8065.0,1269.0
2024,56265.0,Energy Plus Holdings LLC,B,Energy,O,MD,Retail Power Marketer,PJM,2704.7,16857,1626,253.2,1578,96,0,0,0,0,0,0,2957.9,18435.0,1722.0
2024,56265.0,Energy Plus Holdings LLC,B,Energy,O,NJ,Retail Power Marketer,PJM,5442.3,29633,3654,1080.4,5883,402,0,0,0,0,0,0,6522.7,35516.0,4056.0
2024,56265.0,Energy Plus Holdings LLC,B,Energy,O,NY,Retail Power Marketer,NYIS,7775.9,44625,7877,2374.5,13628,1125,0,0,0,0,0,0,10150.4,58253.0,9002.0
2024,56265.0,Energy Plus Holdings LLC,B,Energy,O,OH,Retail Power Marketer,PJM,180.5,1496,164,4.9,40,1,0,0,0,0,0,0,185.4,1536.0,165.0
2024,56265.0,Energy Plus Holdings LLC,B,Energy,O,PA,Retail Power Marketer,PJM,21440.7,157470,16977,1090.6,8011,559,0,0,0,0,0,0,22531.3,165481.0,17536.0
2024,56279.0,"Spartan Renewable Energy, Inc",B,Energy,O,MI,Retail Power Marketer,MISO,0,0,0,0,0,0,12512.6,207926,3,0,0,0,12512.6,207926.0,3.0
2024,56286.0,"Frontier Utilities, LLC",B,Energy,O,IL,Retail Power Marketer,PJM,758.1,5249,820,,,,,,,,,,758.1,5249.0,820.0
2024,56286.0,"Frontier Utilities, LLC",B,Energy,O,NJ,Retail Power Marketer,PJM,821.8,4646,495,,,,,,,,,,821.8,4646.0,495.0
2024,56286.0,"Frontier Utilities, LLC",B,Energy,O,OH,Retail Power Marketer,PJM,753.1,7110,640,,,,,,,,,,753.1,7110.0,640.0
2024,56286.0,"Frontier Utilities, LLC",B,Energy,O,PA,Retail Power Marketer,PJM,18072.4,142607,10754,13.8,78,2,,,,,,,18086.2,142685.0,10756.0
2024,56286.0,"Frontier Utilities, LLC",D,Bundled,O,TX,Retail Power Marketer,ERCO,300669.2,1787863,132700,5673.8,33050,492,,,,,,,306343.0,1820913.0,133192.0
2024,56379.0,"MC Squared Energy Services, LLC",B,Energy,O,IL,Retail Power Marketer,PJM,155344,2289157,244008,38858,520171,18755,1150,18475,16,0,0,0,195352.0,2827803.0,262779.0
2024,56408.0,"UGI Energy Services, LLC",B,Energy,O,DC,Retail Power Marketer,PJM,0,0,0,94.2,868,7,0,0,0,0,0,0,94.2,868.0,7.0
2024,56408.0,"UGI Energy Services, LLC",B,Energy,O,DE,Retail Power Marketer,PJM,0,0,0,246.1,3313,21,862.9,13145,5,0,0,0,1109.0,16458.0,26.0
2024,56408.0,"UGI Energy Services, LLC",B,Energy,O,MD,Retail Power Marketer,PJM,0,0,0,1717.1,19865,111,510.6,5626,21,0,0,0,2227.7,25491.0,132.0
2024,56408.0,"UGI Energy Services, LLC",B,Energy,O,NJ,Retail Power Marketer,PJM,0,0,0,6026.7,72789,330,800.2,9048,20,0,0,0,6826.9,81837.0,350.0
2024,56408.0,"UGI Energy Services, LLC",B,Energy,O,NY,Retail Power Marketer,NYIS,0,0,0,52.9,875,69,46.7,814,3,0,0,0,99.6,1689.0,72.0
2024,56408.0,"UGI Energy Services, LLC",B,Energy,O,PA,Retail Power Marketer,PJM,354.3,4028,537,56154.3,698430,2482,35877.4,466952,475,0,0,0,92386.0,1169410.0,3494.0
2024,56496.0,"UP Power Marketing, LLC",B,Energy,O,MI,Retail Power Marketer,MISO,0,0,0,0,0,0,1182.7,15929,1,0,0,0,1182.7,15929.0,1.0
2024,56501.0,"Palmco Power NJ, LLC",B,Energy,O,NJ,Retail Power Marketer,PJM,6851.2,30144,7102,1908.7,16673,109,0,0,0,0,0,0,8759.9,46817.0,7211.0
2024,56504.0,Major Energy Electric Services,B,Energy,O,CT,Retail Power Marketer,ISNE,7504,59417,5931,4099,33310,1027,0,0,0,0,0,0,11603.0,92727.0,6958.0
2024,56504.0,Major Energy Electric Services,B,Energy,O,DC,Retail Power Marketer,PJM,609,3948,615,1036,10026,44,0,0,0,0,0,0,1645.0,13974.0,659.0
2024,56504.0,Major Energy Electric Services,B,Energy,O,IL,Retail Power Marketer,PJM,921,6931,1242,469,5856,48,0,0,0,0,0,0,1390.0,12787.0,1290.0
2024,56504.0,Major Energy Electric Services,B,Energy,O,MA,Retail Power Marketer,ISNE,7886,42522,6382,5659,40111,607,0,0,0,0,0,0,13545.0,82633.0,6989.0
2024,56504.0,Major Energy Electric Services,B,Energy,O,MD,Retail Power Marketer,PJM,3839,24822,2836,2417,24212,334,0,0,0,0,0,0,6256.0,49034.0,3170.0
2024,56504.0,Major Energy Electric Services,B,Energy,O,ME,Retail Power Marketer,ISNE,4901,33752,3972,301,2292,27,0,0,0,0,0,0,5202.0,36044.0,3999.0
2024,56504.0,Major Energy Electric Services,B,Energy,O,NY,Retail Power Marketer,NYIS,1486,11868,1908,2487,15156,355,0,0,0,0,0,0,3973.0,27024.0,2263.0
2024,56504.0,Major Energy Electric Services,B,Energy,O,OH,Retail Power Marketer,PJM,2894,29494,4234,337,4859,44,0,0,0,0,0,0,3231.0,34353.0,4278.0
2024,56521.0,"Devonshire Energy, LLC",B,Energy,O,DC,Retail Power Marketer,PJM,0,0,0,453.4,8635,1,0,0,0,0,0,0,453.4,8635.0,1.0
2024,56521.0,"Devonshire Energy, LLC",B,Energy,O,MA,Retail Power Marketer,ISNE,0,0,0,3325.6,58476,1,0,0,0,0,0,0,3325.6,58476.0,1.0
2024,56521.0,"Devonshire Energy, LLC",B,Energy,O,NH,Retail Power Marketer,ISNE,0,0,0,1386,24245,1,0,0,0,0,0,0,1386.0,24245.0,1.0
2024,56521.0,"Devonshire Energy, LLC",B,Energy,O,RI,Retail Power Marketer,ISNE,0,0,0,762.9,13234,1,0,0,0,0,0,0,762.9,13234.0,1.0
2024,56571.0,AP Holdings LLC,B,Energy,O,IL,Retail Power Marketer,PJM,0,0,0,3835.7,50474,1038,0,0,0,0,0,0,3835.7,50474.0,1038.0
2024,56571.0,AP Holdings LLC,B,Energy,O,MD,Retail Power Marketer,PJM,454.4,3193,343,6167,60386,941,0,0,0,0,0,0,6621.4,63579.0,1284.0
2024,56571.0,AP Holdings LLC,B,Energy,O,NJ,Retail Power Marketer,PJM,248.8,1294,224,10631,93713,1028,0,0,0,0,0,0,10879.8,95007.0,1252.0
2024,56571.0,AP Holdings LLC,B,Energy,O,NY,Retail Power Marketer,NYIS,0,0,0,1043.9,6978,59,0,0,0,0,0,0,1043.9,6978.0,59.0
2024,56571.0,AP Holdings LLC,B,Energy,O,OH,Retail Power Marketer,PJM,2387.5,30062,3649,12630.6,193363,3622,0,0,0,0,0,0,15018.1,223425.0,7271.0
2024,56571.0,AP Holdings LLC,B,Energy,O,PA,Retail Power Marketer,PJM,18411.1,169032,16050,23651.4,251617,4060,0,0,0,0,0,0,42062.5,420649.0,20110.0
2024,56571.0,AP Holdings LLC,D,Bundled,O,TX,Retail Power Marketer,ERCO,61154.9,664101,48235,117969.6,1679794,39136,0,0,0,0,0,0,179124.5,2343895.0,87371.0
2024,56573.0,"Palmco Power PA, LLC",B,Energy,O,PA,Retail Power Marketer,PJM,8420.7,46634,7072,923.9,8226,175,0,0,0,0,0,0,9344.6,54860.0,7247.0
2024,56692.0,Marin Clean Energy,B,Energy,O,CA,Community Choice Aggregator,CISO,432119.7,2862154,524852,382336.1,2636056,60310,0,0,0,0,0,0,814455.8,5498210.0,585162.0
2024,56697.0,Ameren Illinois Company,A,Bundled,O,IL,Investor Owned,MISO,813235.5,5330247,520498,306949.1,2353896,67760,27709.5,582773,285,1371.8,15527,1,1149265.9,8282443.0,588544.0
2024,56697.0,Ameren Illinois Company,C,Delivery,O,IL,Investor Owned,MISO,446476.9,5385664,540396,409884.3,9532274,94480,150438.4,10365978,688,0,0,0,1006799.6,25283916.0,635564.0
2024,56734.0,Smart Prepaid Electric,D,Bundled,O,TX,Retail Power Marketer,ERCO,148,943,96,0,0,0,0,0,0,0,0,0,148.0,943.0,96.0
2024,56737.0,"Stream Energy Pennsylvania, LLC",B,Energy,O,PA,Retail Power Marketer,PJM,26890.2,201547,20591,4045.6,38456,1067,0,0,0,0,0,0,30935.8,240003.0,21658.0
2024,56876.0,"Stream Energy Maryland, LLC",B,Energy,O,MD,Retail Power Marketer,PJM,4905,31048,2852,568,3812,160,0,0,0,0,0,0,5473.0,34860.0,3012.0
2024,57037.0,Reliant Energy Northeast LLC,B,Energy,O,CT,Retail Power Marketer,ISNE,80,997,107,222,3003,61,3012,37279,6,0,0,0,3314.0,41279.0,174.0
2024,57037.0,Reliant Energy Northeast LLC,B,Energy,O,DC,Retail Power Marketer,PJM,502,3057,386,77,452,14,0,0,0,0,0,0,579.0,3509.0,400.0
2024,57037.0,Reliant Energy Northeast LLC,B,Energy,O,DE,Retail Power Marketer,PJM,5886,41090,4049,0,0,0,259,5186,3,0,0,0,6145.0,46276.0,4052.0
2024,57037.0,Reliant Energy Northeast LLC,B,Energy,O,IL,Retail Power Marketer,PJM,115415,1017353,129869,76,688,61,6953.1,80465,22,0,0,0,122444.1,1098506.0,129952.0
2024,57037.0,Reliant Energy Northeast LLC,B,Energy,O,MA,Retail Power Marketer,ISNE,65016,353881,53585,2789,13616,783,1473.4,16223,3,0,0,0,69278.4,383720.0,54371.0
2024,57037.0,Reliant Energy Northeast LLC,B,Energy,O,MD,Retail Power Marketer,PJM,26396,172600,16099,470,2955,143,2584.7,29838,30,0,0,0,29450.7,205393.0,16272.0
2024,57037.0,Reliant Energy Northeast LLC,B,Energy,O,NJ,Retail Power Marketer,PJM,19149,120757,13872,474,2755,62,1790.2,25209,7,0,0,0,21413.2,148721.0,13941.0
2024,57037.0,Reliant Energy Northeast LLC,B,Energy,O,NY,Retail Power Marketer,NYIS,12570,87113,10739,0,0,0,2737.9,26775,5,0,0,0,15307.9,113888.0,10744.0
2024,57037.0,Reliant Energy Northeast LLC,B,Energy,O,OH,Retail Power Marketer,PJM,118259,1170180,113975,92,810,42,4427,76404,3,0,0,,122778.0,1247394.0,114020.0
2024,57037.0,Reliant Energy Northeast LLC,B,Energy,O,PA,Retail Power Marketer,PJM,183256,1385072,142526,3904,25290,2019,7059.3,115381,17,0,0,0,194219.3,1525743.0,144562.0
2024,57074.0,"Stream Energy New Jersey, LLC",B,Energy,O,NJ,Retail Power Marketer,PJM,8028,43487,5307,2744,17076,617,0,0,0,0,0,0,10772.0,60563.0,5924.0
2024,57132.0,"US Retailers, LLC",D,Bundled,O,TX,Retail Power Marketer,ERCO,959524.4,6570044,412301,327696.4,2865821,54076,,,,,,,1287220.8,9435865.0,466377.0
2024,57185.0,"Palmco Power MD, LLC",B,Energy,O,MD,Retail Power Marketer,PJM,4825,21605,3776,275.9,2735,60,0,0,0,0,0,0,5100.9,24340.0,3836.0
2024,57307.0,ENGIE Power & Gas LLC,B,Energy,O,IL,Retail Power Marketer,PJM,309.7,2542,384,86.4,885,33,0,0,0,0,0,0,396.1,3427.0,417.0
2024,57307.0,ENGIE Power & Gas LLC,B,Energy,O,MD,Retail Power Marketer,PJM,215.1,1167,122,491.7,3279,84,0,0,0,0,0,0,706.8,4446.0,206.0
2024,57307.0,ENGIE Power & Gas LLC,B,Energy,O,NJ,Retail Power Marketer,PJM,759.1,3686,432,4487.9,39339,265,0,0,0,0,0,0,5247.0,43025.0,697.0
2024,57307.0,ENGIE Power & Gas LLC,B,Energy,O,NY,Retail Power Marketer,NYIS,0,0,0,9743.1,89226,1465,0,0,0,0,0,0,9743.1,89226.0,1465.0
2024,57307.0,ENGIE Power & Gas LLC,B,Energy,O,OH,Retail Power Marketer,PJM,112.8,1114,144,62,799,16,0,0,0,0,0,0,174.8,1913.0,160.0
2024,57307.0,ENGIE Power & Gas LLC,B,Energy,O,PA,Retail Power Marketer,PJM,229.3,1362,178,256.7,2720,38,0,0,0,0,0,0,486.0,4082.0,216.0
2024,57313.0,Tesla Inc.,A,Bundled,O,AZ,Behind the Meter,AZPS,33977.5,266481,24451,2280,35101,359,0,0,0,0,0,0,36257.5,301582.0,24810.0
2024,57313.0,Tesla Inc.,A,Bundled,O,AZ,Behind the Meter,SRP,8385.2,79689,6754,1609.8,24752,56,0,0,0,0,0,0,9995.0,104441.0,6810.0
2024,57313.0,Tesla Inc.,A,Bundled,O,AZ,Behind the Meter,TEPC,11596.8,97113,8858,1552.8,11610,416,0,0,0,0,0,0,13149.6,108723.0,9274.0
2024,57313.0,Tesla Inc.,A,Bundled,O,AZ,Behind the Meter,WALC,201.7,1782,166,0,0,0,0,0,0,0,0,0,201.7,1782.0,166.0
2024,57313.0,Tesla Inc.,A,Bundled,O,CA,Behind the Meter,CISO,161812.3,842222,126771,44312.8,307563,6264,0,0,0,0,0,0,206125.1,1149785.0,133035.0
2024,57313.0,Tesla Inc.,A,Bundled,O,CA,Behind the Meter,IID,1925,14353,1356,82.6,779,1,0,0,0,0,0,0,2007.6,15132.0,1357.0
2024,57313.0,Tesla Inc.,A,Bundled,O,CA,Behind the Meter,LDWP,8438.1,50723,8959,96.4,1147,71,0,0,0,0,0,0,8534.5,51870.0,9030.0
2024,57313.0,Tesla Inc.,A,Bundled,O,CA,Behind the Meter,PACW,2.4,12,2,0,331,1,0,0,0,0,0,0,2.4,343.0,3.0
2024,57313.0,Tesla Inc.,A,Bundled,O,CA,Behind the Meter,TIDC,459.2,2660,404,42.4,512,1,0,0,0,0,0,0,501.6,3172.0,405.0
2024,57313.0,Tesla Inc.,A,Bundled,O,CA,Behind the Meter,WALC,4.2,16,1,0,0,0,0,0,0,0,0,0,4.2,16.0,1.0
2024,57313.0,Tesla Inc.,A,Bundled,O,CA,Behind the Meter,BANC,8370.8,65397,9948,1078.8,11137,23,0,0,0,0,0,0,9449.6,76534.0,9971.0
2024,57313.0,Tesla Inc.,A,Bundled,O,CO,Behind the Meter,PSCO,8903,76490,12893,814.5,10390,62,0,0,0,0,0,0,9717.5,86880.0,12955.0
2024,57313.0,Tesla Inc.,A,Bundled,O,CO,Behind the Meter,WACM,9,113,19,991,8345,939,0,0,0,0,0,0,1000.0,8458.0,958.0
2024,57313.0,Tesla Inc.,A,Bundled,O,CT,Behind the Meter,ISNE,8247,48199,8450,1511,14768,848,0,0,0,0,0,0,9758.0,62967.0,9298.0
2024,57313.0,Tesla Inc.,A,Bundled,O,DC,Behind the Meter,PJM,211,1708,506,0,0,0,0,0,0,0,0,0,211.0,1708.0,506.0
2024,57313.0,Tesla Inc.,A,Bundled,O,DE,Behind the Meter,PJM,4135,25818,3327,28.8,433,1,0,0,0,0,0,0,4163.8,26251.0,3328.0
2024,57313.0,Tesla Inc.,A,Bundled,O,FL,Behind the Meter,FPL,3.1,35,10,0,0,0,0,0,0,0,0,0,3.1,35.0,10.0
2024,57313.0,Tesla Inc.,A,Bundled,O,FL,Behind the Meter,FPC,128,3009,436,0,0,0,0,0,0,0,0,0,128.0,3009.0,436.0
2024,57313.0,Tesla Inc.,A,Bundled,O,FL,Behind the Meter,SOCO,0,0,0,226.2,2310,267,0,0,0,0,0,0,226.2,2310.0,267.0
2024,57313.0,Tesla Inc.,A,Bundled,O,FL,Behind the Meter,SEC,40.5,617,245,0,0,0,0,0,0,0,0,0,40.5,617.0,245.0
2024,57313.0,Tesla Inc.,A,Bundled,O,FL,Behind the Meter,FMPP,3,43,12,0,0,0,0,0,0,0,0,0,3.0,43.0,12.0
2024,57313.0,Tesla Inc.,A,Bundled,O,HI,Behind the Meter,NA,766,4209,466,358,2764,18,0,0,0,0,0,0,1124.0,6973.0,484.0
2024,57313.0,Tesla Inc.,A,Bundled,O,HI,Behind the Meter,HECO,2606,14363,1905,2253,22949,2354,0,0,0,0,0,0,4859.0,37312.0,4259.0
2024,57313.0,Tesla Inc.,A,Bundled,O,IL,Behind the Meter,PJM,2.1,22,4,0,0,0,0,0,0,0,0,0,2.1,22.0,4.0
2024,57313.0,Tesla Inc.,A,Bundled,O,MA,Behind the Meter,ISNE,17513,108750,19248,497,4249,25,0,0,0,0,0,0,18010.0,112999.0,19273.0
2024,57313.0,Tesla Inc.,A,Bundled,O,MD,Behind the Meter,PJM,29554,186609,26988,1263,19930,148,0,0,0,0,0,0,30817.0,206539.0,27136.0
2024,57313.0,Tesla Inc.,A,Bundled,O,ME,Behind the Meter,ISNE,0,0,0,152.9,1302,4,0,0,0,0,0,0,152.9,1302.0,4.0
2024,57313.0,Tesla Inc.,A,Bundled,O,NH,Behind the Meter,ISNE,1324,7451,1205,0,0,0,0,0,0,0,0,0,1324.0,7451.0,1205.0
2024,57313.0,Tesla Inc.,A,Bundled,O,NJ,Behind the Meter,PJM,10864.9,61641,10055,228,2826,76,0,0,0,0,0,0,11092.9,64467.0,10131.0
2024,57313.0,Tesla Inc.,A,Bundled,O,NM,Behind the Meter,EPE,0.7,26,3,50.3,1846,3,0,0,0,0,0,0,51.0,1872.0,6.0
2024,57313.0,Tesla Inc.,A,Bundled,O,NM,Behind the Meter,PNM,421,2639,347,894.8,8613,770,0,0,0,0,0,0,1315.8,11252.0,1117.0
2024,57313.0,Tesla Inc.,A,Bundled,O,NV,Behind the Meter,NEVP,12591,102465,12391,293,3315,7,0,0,0,0,0,0,12884.0,105780.0,12398.0
2024,57313.0,Tesla Inc.,A,Bundled,O,NY,Behind the Meter,NYIS,18580.5,99930,16990,1153,13980,165,0,0,0,0,0,0,19733.5,113910.0,17155.0
2024,57313.0,Tesla Inc.,A,Bundled,O,OH,Behind the Meter,PJM,0,0,0,506,5549,18,0,0,0,0,0,0,506.0,5549.0,18.0
2024,57313.0,Tesla Inc.,A,Bundled,O,OR,Behind the Meter,BPAT,7,83,17,100,1095,2,0,0,0,0,0,0,107.0,1178.0,19.0
2024,57313.0,Tesla Inc.,A,Bundled,O,OR,Behind the Meter,PACW,217,2319,475,248,3478,27,0,0,0,0,0,0,465.0,5797.0,502.0
2024,57313.0,Tesla Inc.,A,Bundled,O,OR,Behind the Meter,PGE,1535,15088,3167,248,3120,19,0,0,0,0,0,0,1783.0,18208.0,3186.0
2024,57313.0,Tesla Inc.,A,Bundled,O,PA,Behind the Meter,PJM,7546,50653,6956,119,1539,8,0,0,0,0,0,0,7665.0,52192.0,6964.0
2024,57313.0,Tesla Inc.,A,Bundled,O,RI,Behind the Meter,ISNE,137,614,95,225,1995,214,0,0,0,0,0,0,362.0,2609.0,309.0
2024,57313.0,Tesla Inc.,A,Bundled,O,TX,Behind the Meter,EPE,918,7644,1126,77,814,2,0,0,0,0,0,0,995.0,8458.0,1128.0
2024,57313.0,Tesla Inc.,A,Bundled,O,TX,Behind the Meter,ERCO,6790,51393,6138,1930,19640,1269,0,0,0,0,0,0,8720.0,71033.0,7407.0
2024,57313.0,Tesla Inc.,A,Bundled,O,UT,Behind the Meter,PACE,2,11,1,178,2959,4,0,0,0,0,0,0,180.0,2970.0,5.0
2024,57313.0,Tesla Inc.,A,Bundled,O,VA,Behind the Meter,PJM,11,274,66,25,244,2,0,0,0,0,0,0,36.0,518.0,68.0
2024,57313.0,Tesla Inc.,A,Bundled,O,VT,Behind the Meter,ISNE,1536,7547,1588,0,0,0,0,0,0,0,0,0,1536.0,7547.0,1588.0
2024,57313.0,Tesla Inc.,A,Bundled,O,WA,Behind the Meter,PSEI,26,485,99,0,0,0,0,0,0,0,0,0,26.0,485.0,99.0
2024,57350.0,Summer Energy LLC,D,Bundled,O,TX,Retail Power Marketer,ERCO,21180,124587,8967,227781,2039384,43085,0,0,0,0,0,0,248961.0,2163971.0,52052.0
2024,57394.0,Value Based Brands LLC,D,Bundled,O,TX,Retail Power Marketer,ERCO,535559,3178908,221191,0,0,0,0,0,0,0,0,0,535559.0,3178908.0,221191.0
2024,57453.0,Independence Energy Group LLC,B,Energy,O,PA,Retail Power Marketer,PJM,2566.2,19402,1857,0,0,0,0,0,0,0,0,0,2566.2,19402.0,1857.0
2024,57459.0,"Wolverine Alternative Investments, LLC",D,Bundled,O,TX,Retail Power Marketer,ERCO,332.9,2838,124,2780.4,33023,1148,0,0,0,0,0,0,3113.3,35861.0,1272.0
2024,57483.0,Liberty Utilities,A,Bundled,O,CA,Investor Owned,CISO,76119.4,293637,43902,72586.2,279823,6128,,,,,,,148705.6,573460.0,50030.0
2024,57486.0,"XOOM Energy Texas, LLC",D,Bundled,O,TX,Retail Power Marketer,ERCO,124423.6,757034,56866,10765.8,57310,2374,0,0,0,0,0,0,135189.4,814344.0,59240.0
2024,57487.0,"XOOM Energy Connecticut, LLC",B,Energy,O,CT,Retail Power Marketer,ISNE,12941,97309,12460,11946,88776,2954,0,0,0,0,0,0,24887.0,186085.0,15414.0
2024,57488.0,"XOOM Energy Illinois, LLC",B,Energy,O,IL,Retail Power Marketer,PJM,9284,83803,11083,3979,39587,1760,0,0,0,0,0,0,13263.0,123390.0,12843.0
2024,57489.0,"XOOM Energy Massachusetts, LLC",B,Energy,O,MA,Retail Power Marketer,ISNE,5216,31087,4805,1781,11089,801,0,0,0,0,0,0,6997.0,42176.0,5606.0
2024,57490.0,"XOOM Energy Maryland, LLC",B,Energy,O,MD,Retail Power Marketer,PJM,10914,73804,7165,5788,42059,1002,0,0,0,0,0,0,16702.0,115863.0,8167.0
2024,57491.0,"XOOM Energy New Jersey, LLC",B,Energy,O,NJ,Retail Power Marketer,PJM,3261,19367,2300,2488,13811,813,,,,,,,5749.0,33178.0,3113.0
2024,58085.0,"Electricity Maine, LLC",B,Energy,O,ME,Retail Power Marketer,ISNE,15240,90850,17749,1861,12491,879,0,0,0,0,0,0,17101.0,103341.0,18628.0
2024,58086.0,"Electricity NH, LLC",B,Energy,O,NH,Retail Power Marketer,ISNE,19237,122975,15091,2277,14624,983,,,,,,,21514.0,137599.0,16074.0
2024,58113.0,"Texas A&M, Utilities & Energy Services",A,Bundled,O,TX,State,ERCO,1179,13560,2,3071,35481,28,564,6496,13,,,,4814.0,55537.0,43.0
2024,58116.0,"Public Power & Utility of Maryland, LLC",B,Energy,O,MD,Retail Power Marketer,PJM,1705.2,15357,2697,4431.1,31645,477,0,0,0,0,0,0,6136.3,47002.0,3174.0
2024,58118.0,Public Power LLC (PA),B,Energy,O,PA,Retail Power Marketer,PJM,5879.5,60904,6862,7187.5,63746,1164,0,0,0,0,0,0,13067.0,124650.0,8026.0
2024,58119.0,Public Power LLC (CT),B,Energy,O,IL,Retail Power Marketer,PJM,1456.3,14017,2165,3789,39595,696,0,0,0,0,0,0,5245.3,53612.0,2861.0
2024,58119.0,Public Power LLC (CT),B,Energy,O,MA,Retail Power Marketer,ISNE,2311.1,15992,1985,3624.3,24672,577,0,0,0,0,0,0,5935.4,40664.0,2562.0
2024,58119.0,Public Power LLC (CT),B,Energy,O,NY,Retail Power Marketer,NYIS,645.8,5578,1277,1492.8,13557,233,0,0,0,0,0,0,2138.6,19135.0,1510.0
2024,58119.0,Public Power LLC (CT),B,Energy,O,OH,Retail Power Marketer,PJM,18573.3,274497,23023,3341.4,43483,1025,0,0,0,0,0,0,21914.7,317980.0,24048.0
2024,58124.0,City of Winter Park - (FL),A,Bundled,O,FL,Municipal,FPC,26182,192053,12137,23549,246081,2606,,,,,,,49731.0,438134.0,14743.0
2024,58158.0,FairPoint Energy LLC,B,Energy,O,ME,Retail Power Marketer,ISNE,3245.8,15679,3424,1745,14632,569,0,0,0,0,0,0,4990.8,30311.0,3993.0
2024,58158.0,FairPoint Energy LLC,B,Energy,O,NH,Retail Power Marketer,ISNE,2539.4,13642,2213,1296,9639,435,0,0,0,0,0,0,3835.4,23281.0,2648.0
2024,58160.0,Viridian Energy NY LLC,B,Energy,O,NY,Retail Power Marketer,NYIS,2417.6,14818,2082,771.2,5178,295,0,0,0,0,0,0,3188.8,19996.0,2377.0
2024,58161.0,Viridian Energy LLC,B,Energy,O,MA,Retail Power Marketer,ISNE,10577.5,49179,7589,3255.8,15400,1057,0,0,0,0,0,0,13833.3,64579.0,8646.0
2024,58162.0,Viridian Energy PA LLC,B,Energy,O,IL,Retail Power Marketer,PJM,3196.8,24036,3120,1265.3,8048,400,0,0,0,0,0,0,4462.1,32084.0,3520.0
2024,58162.0,Viridian Energy PA LLC,B,Energy,O,MD,Retail Power Marketer,PJM,2820.6,17086,1654,750.7,4598,280,0,0,0,0,0,0,3571.3,21684.0,1934.0
2024,58162.0,Viridian Energy PA LLC,B,Energy,O,NJ,Retail Power Marketer,PJM,10559.1,61283,6908,926.8,5717,408,0,0,0,0,0,0,11485.9,67000.0,7316.0
2024,58162.0,Viridian Energy PA LLC,B,Energy,O,OH,Retail Power Marketer,PJM,36,272,29,15.6,118,7,0,0,0,0,0,0,51.6,390.0,36.0
2024,58162.0,Viridian Energy PA LLC,B,Energy,O,PA,Retail Power Marketer,PJM,1284.7,8481,1373,802.8,5353,191,0,0,0,0,0,0,2087.5,13834.0,1564.0
2024,58181.0,"Stream Energy New York, LLC",B,Energy,O,NY,Retail Power Marketer,NYIS,1631,17339,2314,205,1904,111,0,0,0,0,0,0,1836.0,19243.0,2425.0
2024,58196.0,"C. N. Brown Electricity, LLC",B,Energy,O,ME,Retail Power Marketer,ISNE,4587.7,36289,4843,4510.2,35096,871,0,0,0,0,0,0,9097.9,71385.0,5714.0
2024,58248.0,"EnergyMark, LLC",B,Energy,O,NY,Retail Power Marketer,NYIS,1321.5,26917,3212,18458.6,336874,3429,24168.9,533442,199,0,0,0,43949.0,897233.0,6840.0
2024,58314.0,"Palmco Power IL, LLC",B,Energy,O,IL,Retail Power Marketer,PJM,18759.7,106292,20713,4822.7,41781,619,0,0,0,0,0,0,23582.4,148073.0,21332.0
2024,58339.0,"XOOM Energy Pennsylvania, LLC",B,Energy,O,PA,Retail Power Marketer,PJM,15022,136044,12172,7115,64071,2621,0,0,0,0,0,0,22137.0,200115.0,14793.0
2024,58364.0,New Brunswick Power Generation Corp.,B,Energy,O,ME,Retail Power Marketer,NBSO,,,,2693.2,29727,5,19054.4,187944,5,,,,21747.6,217671.0,10.0
2024,58367.0,"XOOM Energy New York, LLC",B,Energy,O,NY,Retail Power Marketer,NYIS,12356,74487,12190,17237,105515,5378,0,0,0,0,0,0,29593.0,180002.0,17568.0
2024,58458.0,Silver State Energy Association,B,Energy,O,NV,Retail Power Marketer,NEVP,0,0,0,69911,982858,7,0,0,0,0,0,0,69911.0,982858.0,7.0
2024,58476.0,"Stream Energy Columbia, LLC",B,Energy,O,DC,Retail Power Marketer,PJM,263,1578,215,159,1080,25,0,0,0,0,0,0,422.0,2658.0,240.0
2024,58630.0,"XOOM Energy Maine, LLC",B,Energy,O,ME,Retail Power Marketer,ISNE,6251,47016,5370,1883,15530,485,0,0,0,0,0,0,8134.0,62546.0,5855.0
2024,58631.0,"XOOM Energy Rhode Island, LLC",B,Energy,O,RI,Retail Power Marketer,ISNE,348,2226,271,87,546,33,0,0,0,0,0,0,435.0,2772.0,304.0
2024,58632.0,"XOOM Energy Delaware, LLC",B,Energy,O,DE,Retail Power Marketer,PJM,534,3784,362,224,1578,167,0,0,0,0,0,0,758.0,5362.0,529.0
2024,58633.0,"XOOM Energy New Hampshire, LLC",B,Energy,O,NH,Retail Power Marketer,ISNE,1053,7456,1008,294,2147,204,,,,,,,1347.0,9603.0,1212.0
2024,58663.0,Respond Power LLC,B,Energy,O,NJ,Retail Power Marketer,PJM,2668,15586,3118,2870,21745,289,0,0,0,0,0,0,5538.0,37331.0,3407.0
2024,58663.0,Respond Power LLC,B,Energy,O,PA,Retail Power Marketer,PJM,30799,282689,24648,3339,30078,865,0,0,0,0,0,0,34138.0,312767.0,25513.0
2024,58667.0,"North American Power and Gas, LLC",B,Energy,O,CT,Retail Power Marketer,ISNE,5864.8,34057,4254,163.8,936,72,0,0,0,0,0,0,6028.6,34993.0,4326.0
2024,58667.0,"North American Power and Gas, LLC",B,Energy,O,IL,Retail Power Marketer,PJM,1686.6,10534,1486,96.2,597,37,0,0,0,0,0,0,1782.8,11131.0,1523.0
2024,58667.0,"North American Power and Gas, LLC",B,Energy,O,MD,Retail Power Marketer,PJM,2186,13442,1138,56.3,332,13,0,0,0,0,0,0,2242.3,13774.0,1151.0
2024,58667.0,"North American Power and Gas, LLC",B,Energy,O,ME,Retail Power Marketer,ISNE,2226.2,14697,2195,59.4,341,31,0,0,0,0,0,0,2285.6,15038.0,2226.0
2024,58667.0,"North American Power and Gas, LLC",B,Energy,O,NH,Retail Power Marketer,ISNE,15762.8,96567,13154,381.7,2233,252,0,0,0,0,0,0,16144.5,98800.0,13406.0
2024,58667.0,"North American Power and Gas, LLC",B,Energy,O,NJ,Retail Power Marketer,PJM,6926.6,41084,4140,159.5,937,71,0,0,0,0,0,0,7086.1,42021.0,4211.0
2024,58667.0,"North American Power and Gas, LLC",B,Energy,O,OH,Retail Power Marketer,PJM,2399.3,17714,1769,24.1,173,12,0,0,0,0,0,0,2423.4,17887.0,1781.0
2024,58667.0,"North American Power and Gas, LLC",B,Energy,O,PA,Retail Power Marketer,PJM,10693.4,75214,7677,270.9,1850,145,0,0,0,0,0,0,10964.3,77064.0,7822.0
2024,58667.0,"North American Power and Gas, LLC",B,Energy,O,RI,Retail Power Marketer,ISNE,2814.3,16285,2360,55.6,311,27,0,0,0,0,0,0,2869.9,16596.0,2387.0
2024,58747.0,"Provider Power MASS, LLC",B,Energy,O,MA,Retail Power Marketer,ISNE,13811,60311,7469,1625,9241,381,,,,,,,15436.0,69552.0,7850.0
2024,58851.0,City of Cerritos - (CA),B,Energy,O,CA,Municipal,CISO,0,0,0,4612,42926,251,1738.7,17829,10,0,0,0,6350.7,60755.0,261.0
2024,58853.0,Kiwi Energy NY LLC,B,Energy,O,NY,Retail Power Marketer,NYIS,6560,45840,7802,107,747,162,0,0,0,0,0,0,6667.0,46587.0,7964.0
2024,58853.0,Kiwi Energy NY LLC,B,Energy,O,OH,Retail Power Marketer,PJM,2368,20919,2775,39,343,58,0,0,0,0,0,0,2407.0,21262.0,2833.0
2024,58951.0,"CleanChoice Energy, Inc.",B,Energy,O,DC,Retail Power Marketer,PJM,10018,47396,6940,318.5,1638,109,0,0,0,0,0,0,10336.5,49034.0,7049.0
2024,58951.0,"CleanChoice Energy, Inc.",B,Energy,O,DE,Retail Power Marketer,PJM,3896.9,26426,3044,18.8,116,14,0,0,0,0,0,0,3915.7,26542.0,3058.0
2024,58951.0,"CleanChoice Energy, Inc.",B,Energy,O,IL,Retail Power Marketer,PJM,17466.1,147905,24315,52.4,365,50,0,0,0,0,0,0,17518.5,148270.0,24365.0
2024,58951.0,"CleanChoice Energy, Inc.",B,Energy,O,MA,Retail Power Marketer,ISNE,42009.3,198226,36276,908.1,4340,746,0,0,0,0,0,0,42917.4,202566.0,37022.0
2024,58951.0,"CleanChoice Energy, Inc.",B,Energy,O,MD,Retail Power Marketer,PJM,30840.3,184544,20822,365.6,2293,161,0,0,0,0,0,0,31205.9,186837.0,20983.0
2024,58951.0,"CleanChoice Energy, Inc.",B,Energy,O,NJ,Retail Power Marketer,PJM,15536,72614,11117,391.3,2562,115,0,0,0,0,0,0,15927.3,75176.0,11232.0
2024,58951.0,"CleanChoice Energy, Inc.",B,Energy,O,NY,Retail Power Marketer,NYIS,44719.3,192497,38539,334,1639,92,0,0,0,0,0,0,45053.3,194136.0,38631.0
2024,58951.0,"CleanChoice Energy, Inc.",B,Energy,O,OH,Retail Power Marketer,PJM,18157.3,209312,22951,112.5,1397,160,0,0,0,0,0,0,18269.8,210709.0,23111.0
2024,58951.0,"CleanChoice Energy, Inc.",B,Energy,O,PA,Retail Power Marketer,PJM,71969.8,633724,70723,560.2,5202,582,0,0,0,0,0,0,72530.0,638926.0,71305.0
2024,58952.0,Tomorrow Energy Corp.,B,Energy,O,IL,Retail Power Marketer,PJM,3131.3,10489,1724,410.8,1370,54,0,0,0,0,0,0,3542.1,11859.0,1778.0
2024,58952.0,Tomorrow Energy Corp.,B,Energy,O,MD,Retail Power Marketer,PJM,4187.3,21697,2755,0,0,0,0,0,0,0,0,0,4187.3,21697.0,2755.0
2024,58952.0,Tomorrow Energy Corp.,B,Energy,O,NJ,Retail Power Marketer,PJM,3032.2,12754,2166,1.5,4,4,0,0,0,0,0,0,3033.7,12758.0,2170.0
2024,58952.0,Tomorrow Energy Corp.,B,Energy,O,OH,Retail Power Marketer,PJM,4711.4,39496,4634,1.9,7,3,0,0,0,0,0,0,4713.3,39503.0,4637.0
2024,58952.0,Tomorrow Energy Corp.,B,Energy,O,PA,Retail Power Marketer,PJM,21294.4,138215,15646,274.5,1010,99,0,0,0,0,0,0,21568.9,139225.0,15745.0
2024,58952.0,Tomorrow Energy Corp.,D,Bundled,O,TX,Retail Power Marketer,ERCO,7860.9,46054,3830,,,,,,,,,,7860.9,46054.0,3830.0
2024,58956.0,"SmartEnergy Holdings, LLC",B,Energy,O,DC,Retail Power Marketer,PJM,4527.7,25768,4186,0,0,0,0,0,0,0,0,0,4527.7,25768.0,4186.0
2024,58956.0,"SmartEnergy Holdings, LLC",B,Energy,O,DE,Retail Power Marketer,PJM,3102.4,19568,2260,0,0,0,0,0,0,0,0,0,3102.4,19568.0,2260.0
2024,58956.0,"SmartEnergy Holdings, LLC",B,Energy,O,IL,Retail Power Marketer,PJM,13795,130429,23102,0,0,0,0,0,0,0,0,0,13795.0,130429.0,23102.0
2024,58956.0,"SmartEnergy Holdings, LLC",B,Energy,O,IL,Retail Power Marketer,MISO,10986,97903,12101,0,0,0,0,0,0,0,0,0,10986.0,97903.0,12101.0
2024,58956.0,"SmartEnergy Holdings, LLC",B,Energy,O,MA,Retail Power Marketer,ISNE,19559,111259,18349,0,0,0,0,0,0,0,0,0,19559.0,111259.0,18349.0
2024,58956.0,"SmartEnergy Holdings, LLC",B,Energy,O,MD,Retail Power Marketer,PJM,751.7,6718,2657,0,0,0,0,0,0,0,0,0,751.7,6718.0,2657.0
2024,58956.0,"SmartEnergy Holdings, LLC",B,Energy,O,ME,Retail Power Marketer,ISNE,20211,121979,17539,0,0,0,0,0,0,0,0,0,20211.0,121979.0,17539.0
2024,58956.0,"SmartEnergy Holdings, LLC",B,Energy,O,NH,Retail Power Marketer,ISNE,11324,73242,11072,0,0,0,0,0,0,0,0,0,11324.0,73242.0,11072.0
2024,58956.0,"SmartEnergy Holdings, LLC",B,Energy,O,NJ,Retail Power Marketer,PJM,25733.6,126579,22956,0,0,0,0,0,0,0,0,0,25733.6,126579.0,22956.0
2024,58956.0,"SmartEnergy Holdings, LLC",B,Energy,O,NY,Retail Power Marketer,NYIS,1043,12608,2048,0,0,0,0,0,0,0,0,0,1043.0,12608.0,2048.0
2024,58956.0,"SmartEnergy Holdings, LLC",B,Energy,O,OH,Retail Power Marketer,PJM,22456,225588,28861,0,0,0,0,0,0,0,0,0,22456.0,225588.0,28861.0
2024,58956.0,"SmartEnergy Holdings, LLC",B,Energy,O,PA,Retail Power Marketer,PJM,49055,355206,47969,,,,,,,,,,49055.0,355206.0,47969.0
2024,58956.0,"SmartEnergy Holdings, LLC",B,Energy,O,RI,Retail Power Marketer,ISNE,7722.7,47633,8190,0,0,0,0,0,0,0,0,0,7722.7,47633.0,8190.0
2024,58956.0,"SmartEnergy Holdings, LLC",D,Bundled,O,TX,Retail Power Marketer,ERCO,1095,8791,553,0,0,0,0,0,0,0,0,0,1095.0,8791.0,553.0
2024,58957.0,"Interstate Gas Supply, Inc.",B,Energy,O,IL,Retail Power Marketer,PJM,17761,156059,21808,78607,1055662,5656,,,,,,,96368.0,1211721.0,27464.0
2024,58957.0,"Interstate Gas Supply, Inc.",B,Energy,O,MD,Retail Power Marketer,PJM,1357,11077,1312,4617,58477,304,,,,,,,5974.0,69554.0,1616.0
2024,58957.0,"Interstate Gas Supply, Inc.",B,Energy,O,OH,Retail Power Marketer,PJM,133310,1448495,168756,232196,4462495,31338,,,,,,,365506.0,5910990.0,200094.0
2024,58957.0,"Interstate Gas Supply, Inc.",B,Energy,O,PA,Retail Power Marketer,PJM,63871,495627,53472,118964,1620623,10092,,,,,,,182835.0,2116250.0,63564.0
2024,58963.0,Brooklet Energy Distribution,D,Bundled,O,TX,Retail Power Marketer,ERCO,20560,164205,14072,177,2309,19,0,0,0,0,0,0,20737.0,166514.0,14091.0
2024,58964.0,"Alpha Gas and Electric, LLC",B,Energy,O,DC,Retail Power Marketer,PJM,19.3,120,16,0,0,0,0,0,0,0,0,0,19.3,120.0,16.0
2024,58964.0,"Alpha Gas and Electric, LLC",B,Energy,O,IL,Retail Power Marketer,PJM,1800.8,11534,2026,0,0,0,0,0,0,0,0,0,1800.8,11534.0,2026.0
2024,58964.0,"Alpha Gas and Electric, LLC",B,Energy,O,MA,Retail Power Marketer,ISNE,2364.4,12004,2122,133.3,832,1,0,0,0,0,0,0,2497.7,12836.0,2123.0
2024,58964.0,"Alpha Gas and Electric, LLC",B,Energy,O,MD,Retail Power Marketer,PJM,615.4,3838,492,0,0,0,0,0,0,0,0,0,615.4,3838.0,492.0
2024,58964.0,"Alpha Gas and Electric, LLC",B,Energy,O,NJ,Retail Power Marketer,PJM,919.2,5287,901,459.2,2929,13,0,0,0,0,0,0,1378.4,8216.0,914.0
2024,58964.0,"Alpha Gas and Electric, LLC",B,Energy,O,NY,Retail Power Marketer,NYIS,6199.5,37357,8702,696.5,6140,48,0,0,0,0,0,0,6896.0,43497.0,8750.0
2024,58964.0,"Alpha Gas and Electric, LLC",B,Energy,O,OH,Retail Power Marketer,PJM,1782.9,13140,1748,0,0,0,0,0,0,0,0,0,1782.9,13140.0,1748.0
2024,58964.0,"Alpha Gas and Electric, LLC",B,Energy,O,PA,Retail Power Marketer,PJM,896.4,5767,766,0,0,0,0,0,0,0,0,0,896.4,5767.0,766.0
2024,58966.0,Marathon Power LLC,B,Energy,O,MD,Retail Power Marketer,PJM,0,0,0,119.6,1159,152,0,0,0,0,0,0,119.6,1159.0,152.0
2024,58966.0,Marathon Power LLC,B,Energy,O,NJ,Retail Power Marketer,PJM,58.7,378,90,6308.4,60510,684,0,0,0,0,0,0,6367.1,60888.0,774.0
2024,58966.0,Marathon Power LLC,B,Energy,O,NY,Retail Power Marketer,NYIS,912.5,8512,266,18468.1,209575,1593,0,0,0,0,0,0,19380.6,218087.0,1859.0
2024,58966.0,Marathon Power LLC,B,Energy,O,PA,Retail Power Marketer,PJM,30.7,321,120,1465.4,17334,594,0,0,0,0,0,0,1496.1,17655.0,714.0
2024,58972.0,"Realgy, LLC",B,Energy,O,IL,Retail Power Marketer,PJM,1823.2,18201,3467,3343,56027,1061,0,0,0,0,0,0,5166.2,74228.0,4528.0
2024,58972.0,"Realgy, LLC",B,Energy,O,OH,Retail Power Marketer,PJM,2219.5,23267,2859,578.6,6738,318,0,0,0,0,0,0,2798.1,30005.0,3177.0
2024,58973.0,"Town Square Energy East, LLC",B,Energy,O,MD,Retail Power Marketer,PJM,74.3,543,53,0,0,0,0,0,0,0,0,0,74.3,543.0,53.0
2024,58973.0,"Town Square Energy East, LLC",B,Energy,O,NJ,Retail Power Marketer,PJM,134.8,984,137,1.5,12,2,0,0,0,0,0,0,136.3,996.0,139.0
2024,58973.0,"Town Square Energy East, LLC",B,Energy,O,OH,Retail Power Marketer,PJM,333.8,3458,400,91.8,986,29,0,0,0,0,0,0,425.6,4444.0,429.0
2024,58973.0,"Town Square Energy East, LLC",B,Energy,O,PA,Retail Power Marketer,PJM,2004.1,16984,1533,47.7,391,48,0,0,0,0,0,0,2051.8,17375.0,1581.0
2024,58974.0,Clearview Electric Inc.,B,Energy,O,DC,Retail Power Marketer,PJM,513.8,2340,320,170.6,6,2,0,0,0,0,0,0,684.4,2346.0,322.0
2024,58974.0,Clearview Electric Inc.,B,Energy,O,DE,Retail Power Marketer,PJM,1098.6,6419,770,3.2,16,3,0,0,0,0,0,0,1101.8,6435.0,773.0
2024,58974.0,Clearview Electric Inc.,B,Energy,O,IL,Retail Power Marketer,MISO,10964.7,54565,7220,110.9,484,58,0,0,0,0,0,0,11075.6,55049.0,7278.0
2024,58974.0,Clearview Electric Inc.,B,Energy,O,MA,Retail Power Marketer,ISNE,31951.9,207121,23822,1944.6,14997,525,0,0,0,0,0,0,33896.5,222118.0,24347.0
2024,58974.0,Clearview Electric Inc.,B,Energy,O,MD,Retail Power Marketer,PJM,2401.2,12618,1258,24.5,113,14,0,0,0,0,0,0,2425.7,12731.0,1272.0
2024,58974.0,Clearview Electric Inc.,B,Energy,O,ME,Retail Power Marketer,ISNE,640.8,2692,642,0.7,2,1,0,0,0,0,0,0,641.5,2694.0,643.0
2024,58974.0,Clearview Electric Inc.,B,Energy,O,NH,Retail Power Marketer,ISNE,1018.6,3670,794,0,0,0,0,0,0,0,0,0,1018.6,3670.0,794.0
2024,58974.0,Clearview Electric Inc.,B,Energy,O,NJ,Retail Power Marketer,PJM,3811.8,17460,2197,1359,8164,179,0,0,0,0,0,0,5170.8,25624.0,2376.0
2024,58974.0,Clearview Electric Inc.,B,Energy,O,NY,Retail Power Marketer,NYIS,405.5,2252,339,28,120,7,0,0,0,0,0,0,433.5,2372.0,346.0
2024,58974.0,Clearview Electric Inc.,B,Energy,O,OH,Retail Power Marketer,PJM,4324.8,54247,4745,1.6,21,3,0,0,0,0,0,0,4326.4,54268.0,4748.0
2024,58974.0,Clearview Electric Inc.,B,Energy,O,PA,Retail Power Marketer,PJM,18077.4,146086,12862,1039.1,10061,291,0,0,0,0,0,0,19116.5,156147.0,13153.0
2024,58974.0,Clearview Electric Inc.,B,Energy,O,RI,Retail Power Marketer,ISNE,6762.8,29163,5619,155.5,1221,53,0,0,0,0,0,0,6918.3,30384.0,5672.0
2024,58978.0,"Harborside Energy, LLC",B,Energy,O,NJ,Retail Power Marketer,PJM,313.4,1446,246,65.7,639,4,,,,,,,379.1,2085.0,250.0
2024,59013.0,PUD No 1 of Jefferson County,A,Bundled,O,WA,Political Subdivision,BPAT,29017.3,223058,18661,8499.6,66107,2279,5913.7,98557,16,0,0,0,43430.6,387722.0,20956.0
2024,59053.0,"Abest Power & Gas, LLC",B,Energy,O,NY,Retail Power Marketer,NYIS,3639,21100,4194,59.2,330,43,0,0,0,0,0,0,3698.2,21430.0,4237.0
2024,59054.0,"Eligo Energy, LLC",B,Energy,O,CT,Retail Power Marketer,ISNE,0,0,0,3906,19827,981,,,,,,,3906.0,19827.0,981.0
2024,59054.0,"Eligo Energy, LLC",B,Energy,O,DC,Retail Power Marketer,PJM,149.5,787,123,32,178,5,,,,,,,181.5,965.0,128.0
2024,59054.0,"Eligo Energy, LLC",B,Energy,O,IL,Retail Power Marketer,PJM,6498,70889,9099,7229.6,66719,2045,,,,,,,13727.6,137608.0,11144.0
2024,59054.0,"Eligo Energy, LLC",B,Energy,O,MA,Retail Power Marketer,ISNE,34.6,230,26,322.6,2166,69,,,,,,,357.2,2396.0,95.0
2024,59054.0,"Eligo Energy, LLC",B,Energy,O,MD,Retail Power Marketer,PJM,2578.5,14175,1439,1024.7,10598,299,,,,,,,3603.2,24773.0,1738.0
2024,59054.0,"Eligo Energy, LLC",B,Energy,O,NJ,Retail Power Marketer,PJM,1113.9,7706,666,919.2,7157,228,,,,,,,2033.1,14863.0,894.0
2024,59054.0,"Eligo Energy, LLC",B,Energy,O,NY,Retail Power Marketer,NYIS,11599.7,70531,10616,9445.8,73802,1721,,,,,,,21045.5,144333.0,12337.0
2024,59054.0,"Eligo Energy, LLC",B,Energy,O,OH,Retail Power Marketer,PJM,5349.3,46133,4940,6298.2,56086,2029,,,,,,,11647.5,102219.0,6969.0
2024,59054.0,"Eligo Energy, LLC",B,Energy,O,PA,Retail Power Marketer,PJM,10504,79842,9053,3950.7,31087,1537,,,,,,,14454.7,110929.0,10590.0
2024,59055.0,"Choice Energy, LLC",B,Energy,O,NJ,Retail Power Marketer,PJM,1177.7,6040,808,0,0,0,0,0,0,0,0,0,1177.7,6040.0,808.0
2024,59055.0,"Choice Energy, LLC",B,Energy,O,OH,Retail Power Marketer,PJM,410,2994,387,0,0,0,0,0,0,0,0,0,410.0,2994.0,387.0
2024,59055.0,"Choice Energy, LLC",B,Energy,O,PA,Retail Power Marketer,PJM,9462.8,79770,8475,0,0,0,0,0,0,0,0,0,9462.8,79770.0,8475.0
2024,59059.0,Town Square Energy,B,Energy,O,CT,Retail Power Marketer,ISNE,85910.6,695475,67591,17018.3,131930,3661,0,0,0,0,0,0,102928.9,827405.0,71252.0
2024,59059.0,Town Square Energy,B,Energy,O,MA,Retail Power Marketer,ISNE,20462.2,135184,16268,1983.1,13443,748,0,0,0,0,0,0,22445.3,148627.0,17016.0
2024,59059.0,Town Square Energy,B,Energy,O,ME,Retail Power Marketer,ISNE,1797.5,12190,1680,998.9,6549,92,0,0,0,0,0,0,2796.4,18739.0,1772.0
2024,59059.0,Town Square Energy,B,Energy,O,NH,Retail Power Marketer,ISNE,4930,33288,4601,725.9,4825,260,0,0,0,0,0,0,5655.9,38113.0,4861.0
2024,59059.0,Town Square Energy,B,Energy,O,RI,Retail Power Marketer,ISNE,5019.1,29335,5265,447.2,2997,148,0,0,0,0,0,0,5466.3,32332.0,5413.0
2024,59062.0,"Horizon Power and Light, LLC",B,Energy,O,DC,Retail Power Marketer,PJM,213.2,1214,146,1438.9,13948,85,3.8,35,2,,,,1655.9,15197.0,233.0
2024,59062.0,"Horizon Power and Light, LLC",B,Energy,O,MD,Retail Power Marketer,PJM,1151.4,6746,577,2784.6,30508,169,20.2,268,11,,,,3956.2,37522.0,757.0
2024,59064.0,"Great American Power, LLC",B,Energy,O,IL,Retail Power Marketer,PJM,1355.8,13105,1989,4.5,57,11,0,0,0,0,0,0,1360.3,13162.0,2000.0
2024,59064.0,"Great American Power, LLC",B,Energy,O,MD,Retail Power Marketer,PJM,329.2,2594,595,0.3,2,1,0,0,0,0,0,0,329.5,2596.0,596.0
2024,59064.0,"Great American Power, LLC",B,Energy,O,OH,Retail Power Marketer,PJM,91.6,1210,201,0,0,0,0,0,0,0,0,0,91.6,1210.0,201.0
2024,59064.0,"Great American Power, LLC",B,Energy,O,PA,Retail Power Marketer,PJM,2091.5,19030,2695,0,0,0,0,0,0,0,0,0,2091.5,19030.0,2695.0
2024,59065.0,Titan Gas LLC,B,Energy,O,DC,Retail Power Marketer,PJM,245.4,1360,174,130.8,946,7,0,0,0,0,0,0,376.2,2306.0,181.0
2024,59065.0,Titan Gas LLC,B,Energy,O,DE,Retail Power Marketer,PJM,100.8,815,108,9.7,107,8,0,0,0,0,0,0,110.5,922.0,116.0
2024,59065.0,Titan Gas LLC,B,Energy,O,IL,Retail Power Marketer,PJM,24,287,14,1816.3,24858,218,0,0,0,0,0,0,1840.3,25145.0,232.0
2024,59065.0,Titan Gas LLC,B,Energy,O,MA,Retail Power Marketer,ISNE,11887.2,64947,9543,2651.2,18571,400,0,0,0,0,0,0,14538.4,83518.0,9943.0
2024,59065.0,Titan Gas LLC,B,Energy,O,MD,Retail Power Marketer,PJM,5641.2,35178,3438,1176.1,14209,148,0,0,0,0,0,0,6817.3,49387.0,3586.0
2024,59065.0,Titan Gas LLC,B,Energy,O,NH,Retail Power Marketer,ISNE,912.3,6930,1204,120.5,596,24,0,0,0,0,0,0,1032.8,7526.0,1228.0
2024,59065.0,Titan Gas LLC,B,Energy,O,NJ,Retail Power Marketer,PJM,832.4,5470,731,2520.6,19040,337,0,0,0,0,0,0,3353.0,24510.0,1068.0
2024,59065.0,Titan Gas LLC,B,Energy,O,OH,Retail Power Marketer,PJM,8407.2,66656,7601,251.6,2294,55,0,0,0,0,0,0,8658.8,68950.0,7656.0
2024,59065.0,Titan Gas LLC,B,Energy,O,PA,Retail Power Marketer,PJM,32094.1,237593,23384,7335.3,72511,2314,0,0,0,0,0,0,39429.4,310104.0,25698.0
2024,59082.0,"Family Energy, Inc. New York",B,Energy,O,NY,Retail Power Marketer,NYIS,10926,96207,17295,47935.8,421986,8636,,,,,,,58861.8,518193.0,25931.0
2024,59083.0,"SFE Energy Pennsylvania, Inc.",B,Energy,O,PA,Retail Power Marketer,PJM,16555,150374,19133,48252.8,437818,6796,,,,,,,64807.8,588192.0,25929.0
2024,59084.0,"SFE Energy Maryland, Inc.",B,Energy,O,MD,Retail Power Marketer,PJM,7373.8,61846,6585,7175.8,59951,1103,,,,,,,14549.6,121797.0,7688.0
2024,59085.0,"SFE Energy NJ, Inc.",B,Energy,O,NJ,Retail Power Marketer,PJM,2751.8,20000,2767,15554.9,112992,1770,,,,,,,18306.7,132992.0,4537.0
2024,59086.0,"Constellation Solar Holding, LLC",A,Bundled,O,AZ,Behind the Meter,AZPS,0,0,0,5742,54906,7,0,0,0,0,0,0,5742.0,54906.0,7.0
2024,59086.0,"Constellation Solar Holding, LLC",A,Bundled,O,AZ,Behind the Meter,TEPC,0,0,0,2232.9,19505,2,0,0,0,0,0,0,2232.9,19505.0,2.0
2024,59086.0,"Constellation Solar Holding, LLC",A,Bundled,O,CA,Behind the Meter,CISO,0,0,0,15252.3,85070,28,148.2,1059,1,0,0,0,15400.5,86129.0,29.0
2024,59086.0,"Constellation Solar Holding, LLC",A,Bundled,O,CT,Behind the Meter,ISNE,0,0,0,52.3,436,1,0,0,0,0,0,0,52.3,436.0,1.0
2024,59086.0,"Constellation Solar Holding, LLC",A,Bundled,O,DC,Behind the Meter,PJM,0,0,0,62.5,1038,2,0,0,0,0,0,0,62.5,1038.0,2.0
2024,59086.0,"Constellation Solar Holding, LLC",A,Bundled,O,DE,Behind the Meter,PJM,0,0,0,63.4,1056,1,86,1076,1,0,0,0,149.4,2132.0,2.0
2024,59086.0,"Constellation Solar Holding, LLC",A,Bundled,O,MA,Behind the Meter,ISNE,0,0,0,380.3,3199,3,0,0,0,0,0,0,380.3,3199.0,3.0
2024,59086.0,"Constellation Solar Holding, LLC",A,Bundled,O,MD,Behind the Meter,PJM,0,0,0,1232.3,14432,16,256.6,1651,2,0,0,0,1488.9,16083.0,18.0
2024,59088.0,"Nordic Energy Services, LLC",B,Energy,O,DC,Retail Power Marketer,PJM,107.4,706,99,189.7,1136,22,0,0,0,0,0,0,297.1,1842.0,121.0
2024,59088.0,"Nordic Energy Services, LLC",B,Energy,O,DE,Retail Power Marketer,PJM,65,515,197,9.3,67,11,0,0,0,0,0,0,74.3,582.0,208.0
2024,59088.0,"Nordic Energy Services, LLC",B,Energy,O,IL,Retail Power Marketer,PJM,5346,53932,7533,1991.4,18834,693,0,0,0,0,0,0,7337.4,72766.0,8226.0
2024,59088.0,"Nordic Energy Services, LLC",B,Energy,O,IL,Retail Power Marketer,MISO,4559.9,29259,3746,1566.6,14207,458,0,0,0,0,0,0,6126.5,43466.0,4204.0
2024,59088.0,"Nordic Energy Services, LLC",B,Energy,O,MA,Retail Power Marketer,ISNE,5718.3,27626,5904,347.6,1675,273,0,0,0,0,0,0,6065.9,29301.0,6177.0
2024,59088.0,"Nordic Energy Services, LLC",B,Energy,O,MD,Retail Power Marketer,PJM,962.8,6757,1157,289.8,1998,45,0,0,0,0,0,0,1252.6,8755.0,1202.0
2024,59088.0,"Nordic Energy Services, LLC",B,Energy,O,NJ,Retail Power Marketer,PJM,488.1,3141,576,144.1,975,61,0,0,0,0,0,0,632.2,4116.0,637.0
2024,59088.0,"Nordic Energy Services, LLC",B,Energy,O,NY,Retail Power Marketer,NYIS,441.2,2839,616,21.1,135,38,0,0,0,0,0,0,462.3,2974.0,654.0
2024,59088.0,"Nordic Energy Services, LLC",B,Energy,O,OH,Retail Power Marketer,PJM,7061.8,58399,9462,850.5,6919,396,0,0,0,0,0,0,7912.3,65318.0,9858.0
2024,59088.0,"Nordic Energy Services, LLC",B,Energy,O,PA,Retail Power Marketer,PJM,2301.9,15827,2756,327.8,2579,91,0,0,0,0,0,0,2629.7,18406.0,2847.0
2024,59088.0,"Nordic Energy Services, LLC",B,Energy,O,RI,Retail Power Marketer,ISNE,40.7,341,166,9.4,73,20,0,0,0,0,0,0,50.1,414.0,186.0
2024,59126.0,Sonoma Clean Power Authority,B,Energy,O,CA,Community Choice Aggregator,CISO,134263.7,1029779,199002,125759.8,943791,28686,19373.9,159239,2968,0,0,0,279397.4,2132809.0,230656.0
2024,59128.0,MPower Energy LLC,B,Energy,O,NY,Retail Power Marketer,NYIS,22808.5,114833,30924,5645.5,30443,1512,0,0,0,0,0,0,28454.0,145276.0,32436.0
2024,59310.0,"Inspire Energy Holdings, LLC",B,Energy,O,DC,Retail Power Marketer,PJM,1229,7717,910,,,,,,,,,,1229.0,7717.0,910.0
2024,59310.0,"Inspire Energy Holdings, LLC",B,Energy,O,DE,Retail Power Marketer,PJM,4547.8,35787,3555,9.7,61,6,,,,,,,4557.5,35848.0,3561.0
2024,59310.0,"Inspire Energy Holdings, LLC",B,Energy,O,IL,Retail Power Marketer,PJM,8464.5,65044,8052,,,,,,,,,,8464.5,65044.0,8052.0
2024,59310.0,"Inspire Energy Holdings, LLC",B,Energy,O,MA,Retail Power Marketer,ISNE,90452.4,454530,63980,1765.8,11938,454,,,,,,,92218.2,466468.0,64434.0
2024,59310.0,"Inspire Energy Holdings, LLC",B,Energy,O,MD,Retail Power Marketer,PJM,41728.6,269764,25372,352,2167,107,,,,,,,42080.6,271931.0,25479.0
2024,59310.0,"Inspire Energy Holdings, LLC",B,Energy,O,NJ,Retail Power Marketer,PJM,38164.2,189513,26530,106.4,548,40,,,,,,,38270.6,190061.0,26570.0
2024,59310.0,"Inspire Energy Holdings, LLC",B,Energy,O,NY,Retail Power Marketer,NYIS,32999.4,220161,28120,15.3,58,2,,,,,,,33014.7,220219.0,28122.0
2024,59310.0,"Inspire Energy Holdings, LLC",B,Energy,O,OH,Retail Power Marketer,PJM,38113.9,279573,35488,124.8,1055,88,,,,,,,38238.7,280628.0,35576.0
2024,59310.0,"Inspire Energy Holdings, LLC",B,Energy,O,PA,Retail Power Marketer,PJM,120071.1,944862,89889,2042.4,15920,1088,,,,,,,122113.5,960782.0,90977.0
2024,59311.0,"XOOM Energy Ohio, LLC",B,Energy,O,OH,Retail Power Marketer,PJM,12065,135354,12224,3739,40824,2164,0,0,0,0,0,0,15804.0,176178.0,14388.0
2024,59312.0,"XOOM Energy Washington DC, LLC",B,Energy,O,DC,Retail Power Marketer,PJM,768,4708,623,412,2504,353,0,0,0,0,0,0,1180.0,7212.0,976.0
2024,59313.0,"Palmco Power MA, LLC",B,Energy,O,MA,Retail Power Marketer,ISNE,7873.7,30853,7016,164.6,842,134,0,0,0,0,0,0,8038.3,31695.0,7150.0
2024,59385.0,"Dynegy Energy Services, LLC",B,Energy,O,IL,Retail Power Marketer,PJM,21677.5,323408,33305,239873.3,3874703,3158,3266.5,53827,24,16714,351103,1,281531.3,4603041.0,36488.0
2024,59385.0,"Dynegy Energy Services, LLC",B,Energy,O,MA,Retail Power Marketer,ISNE,225775.2,1584702,189517,25505.8,179024,21410,13,91,11,0,0,0,251294.0,1763817.0,210938.0
2024,59385.0,"Dynegy Energy Services, LLC",B,Energy,O,OH,Retail Power Marketer,PJM,289916.4,4271400,444458,498670,9382753,3754,92566.4,1701807,97,0,0,0,881152.8,15355960.0,448309.0
2024,59385.0,"Dynegy Energy Services, LLC",B,Energy,O,PA,Retail Power Marketer,PJM,47198.7,509146,37672,203617.9,2655840,1921,960.5,12528,9,0,0,0,251777.1,3177514.0,39602.0
2024,59410.0,"Shipley Choice, LLC",B,Energy,O,MD,Retail Power Marketer,PJM,350.8,2502,213,4.9,53,1,0,0,0,0,0,0,355.7,2555.0,214.0
2024,59410.0,"Shipley Choice, LLC",B,Energy,O,OH,Retail Power Marketer,PJM,7820.2,115318,10870,9153.2,140226,771,1164.3,20833,63,0,0,0,18137.7,276377.0,11704.0
2024,59410.0,"Shipley Choice, LLC",B,Energy,O,PA,Retail Power Marketer,PJM,11531.1,101932,9886,2839.3,34098,587,0,0,0,0,0,0,14370.4,136030.0,10473.0
2024,59505.0,Heartland REMC,A,Bundled,O,IN,Cooperative,PJM,38024,258329,18013,22707,177748,467,21479,239060,7,,,,82210.0,675137.0,18487.0
2024,59579.0,Sunnova,A,Bundled,O,AR,Behind the Meter,MISO,10,34,19,,,,,,,,,,10.0,34.0,19.0
2024,59579.0,Sunnova,A,Bundled,O,AR,Behind the Meter,SWPP,2.7,9,11,,,,,,,,,,2.7,9.0,11.0
2024,59579.0,Sunnova,A,Bundled,O,AZ,Behind the Meter,AZPS,6631.4,36854,2935,,,,,,,,,,6631.4,36854.0,2935.0
2024,59579.0,Sunnova,A,Bundled,O,AZ,Behind the Meter,PNM,7.1,39,3,,,,,,,,,,7.1,39.0,3.0
2024,59579.0,Sunnova,A,Bundled,O,AZ,Behind the Meter,SRP,1422.5,7906,630,,,,,,,,,,1422.5,7906.0,630.0
2024,59579.0,Sunnova,A,Bundled,O,AZ,Behind the Meter,TEPC,3694.7,20533,1635,,,,,,,,,,3694.7,20533.0,1635.0
2024,59579.0,Sunnova,A,Bundled,O,AZ,Behind the Meter,WALC,396.6,2204,176,,,,,,,,,,396.6,2204.0,176.0
2024,59579.0,Sunnova,A,Bundled,O,CA,Behind the Meter,CISO,84816.2,307910,51597,,,,,,,,,,84816.2,307910.0,51597.0
2024,59579.0,Sunnova,A,Bundled,O,CA,Behind the Meter,IID,22.2,81,13,,,,,,,,,,22.2,81.0,13.0
2024,59579.0,Sunnova,A,Bundled,O,CA,Behind the Meter,LDWP,1820.9,6611,1108,,,,,,,,,,1820.9,6611.0,1108.0
2024,59579.0,Sunnova,A,Bundled,O,CA,Behind the Meter,TIDC,66.5,241,40,,,,,,,,,,66.5,241.0,40.0
2024,59579.0,Sunnova,A,Bundled,O,CA,Behind the Meter,BANC,13.7,49,8,,,,,,,,,,13.7,49.0,8.0
2024,59579.0,Sunnova,A,Bundled,O,CO,Behind the Meter,PSCO,3472.1,22360,5677,,,,,,,,,,3472.1,22360.0,5677.0
2024,59579.0,Sunnova,A,Bundled,O,CO,Behind the Meter,WACM,51,329,83,,,,,,,,,,51.0,329.0,83.0
2024,59579.0,Sunnova,A,Bundled,O,CT,Behind the Meter,ISNE,36604.1,172355,20437,,,,,,,,,,36604.1,172355.0,20437.0
2024,59579.0,Sunnova,A,Bundled,O,DC,Behind the Meter,PJM,60.4,506,64,,,,,,,,,,60.4,506.0,64.0
2024,59579.0,Sunnova,A,Bundled,O,DE,Behind the Meter,PJM,37.5,207,19,,,,,,,,,,37.5,207.0,19.0
2024,59579.0,Sunnova,A,Bundled,O,FL,Behind the Meter,FPL,17333.2,81153,9848,,,,,,,,,,17333.2,81153.0,9848.0
2024,59579.0,Sunnova,A,Bundled,O,FL,Behind the Meter,FPC,9096.1,42587,4093,,,,,,,,,,9096.1,42587.0,4093.0
2024,59579.0,Sunnova,A,Bundled,O,FL,Behind the Meter,GVL,42.2,198,19,,,,,,,,,,42.2,198.0,19.0
2024,59579.0,Sunnova,A,Bundled,O,FL,Behind the Meter,HST,536.9,2513,242,,,,,,,,,,536.9,2513.0,242.0
2024,59579.0,Sunnova,A,Bundled,O,FL,Behind the Meter,JEA,269.3,1261,121,,,,,,,,,,269.3,1261.0,121.0
2024,59579.0,Sunnova,A,Bundled,O,FL,Behind the Meter,TEC,2802,13119,1261,,,,,,,,,,2802.0,13119.0,1261.0
2024,59579.0,Sunnova,A,Bundled,O,FL,Behind the Meter,SEC,1800.6,8430,810,,,,,,,,,,1800.6,8430.0,810.0
2024,59579.0,Sunnova,A,Bundled,O,FL,Behind the Meter,FMPP,81,379,36,,,,,,,,,,81.0,379.0,36.0
2024,59579.0,Sunnova,A,Bundled,O,GA,Behind the Meter,SOCO,10.5,55,10,,,,,,,,,,10.5,55.0,10.0
2024,59579.0,Sunnova,A,Bundled,O,HI,Behind the Meter,NA,715.6,2002,193,,,,,,,,,,715.6,2002.0,193.0
2024,59579.0,Sunnova,A,Bundled,O,HI,Behind the Meter,HECO,2430,6797,656,,,,,,,,,,2430.0,6797.0,656.0
2024,59579.0,Sunnova,A,Bundled,O,ID,Behind the Meter,IPCO,5.9,24,5,,,,,,,,,,5.9,24.0,5.0
2024,59579.0,Sunnova,A,Bundled,O,IL,Behind the Meter,PJM,1126.7,5469,524,,,,,,,,,,1126.7,5469.0,524.0
2024,59579.0,Sunnova,A,Bundled,O,IL,Behind the Meter,MISO,3073.8,14921,1431,,,,,,,,,,3073.8,14921.0,1431.0
2024,59579.0,Sunnova,A,Bundled,O,IL,Behind the Meter,GLHB,0,0,0,,,,,,,,,,0.0,0.0,0.0
2024,59579.0,Sunnova,A,Bundled,O,IN,Behind the Meter,MISO,4.4,18,2,,,,,,,,,,4.4,18.0,2.0
2024,59579.0,Sunnova,A,Bundled,O,KS,Behind the Meter,SWPP,0,0,0,,,,,,,,,,0.0,0.0,0.0
2024,59579.0,Sunnova,A,Bundled,O,KY,Behind the Meter,LGEE,0,0,0,,,,,,,,,,0.0,0.0,0.0
2024,59579.0,Sunnova,A,Bundled,O,KY,Behind the Meter,PJM,0,0,0,,,,,,,,,,0.0,0.0,0.0
2024,59579.0,Sunnova,A,Bundled,O,LA,Behind the Meter,MISO,15.7,91,16,,,,,,,,,,15.7,91.0,16.0
2024,59579.0,Sunnova,A,Bundled,O,LA,Behind the Meter,SWPP,5.9,34,6,,,,,,,,,,5.9,34.0,6.0
2024,59579.0,Sunnova,A,Bundled,O,MA,Behind the Meter,ISNE,30807.3,129453,16865,,,,,,,,,,30807.3,129453.0,16865.0
2024,59579.0,Sunnova,A,Bundled,O,MD,Behind the Meter,PJM,8262.4,44253,4578,,,,,,,,,,8262.4,44253.0,4578.0
2024,59579.0,Sunnova,A,Bundled,O,ME,Behind the Meter,ISNE,177,726,80,,,,,,,,,,177.0,726.0,80.0
2024,59579.0,Sunnova,A,Bundled,O,MI,Behind the Meter,PJM,0,0,0,,,,,,,,,,0.0,0.0,0.0
2024,59579.0,Sunnova,A,Bundled,O,MI,Behind the Meter,MISO,0,0,0,,,,,,,,,,0.0,0.0,0.0
2024,59579.0,Sunnova,A,Bundled,O,MN,Behind the Meter,MISO,0,0,0,,,,,,,,,,0.0,0.0,0.0
2024,59579.0,Sunnova,A,Bundled,O,MO,Behind the Meter,AECI,0,0,0,,,,,,,,,,0.0,0.0,0.0
2024,59579.0,Sunnova,A,Bundled,O,MO,Behind the Meter,SPA,0,0,0,,,,,,,,,,0.0,0.0,0.0
2024,59579.0,Sunnova,A,Bundled,O,MO,Behind the Meter,MISO,0,0,0,,,,,,,,,,0.0,0.0,0.0
2024,59579.0,Sunnova,A,Bundled,O,MO,Behind the Meter,SWPP,1.1,8,1,,,,,,,,,,1.1,8.0,1.0
2024,59579.0,Sunnova,A,Bundled,O,NC,Behind the Meter,CPLE,0,0,0,,,,,,,,,,0.0,0.0,0.0
2024,59579.0,Sunnova,A,Bundled,O,NC,Behind the Meter,DUK,0,0,0,,,,,,,,,,0.0,0.0,0.0
2024,59579.0,Sunnova,A,Bundled,O,NH,Behind the Meter,ISNE,516.7,2126,241,,,,,,,,,,516.7,2126.0,241.0
2024,59579.0,Sunnova,A,Bundled,O,NJ,Behind the Meter,NYIS,0,0,0,,,,,,,,,,0.0,0.0,0.0
2024,59579.0,Sunnova,A,Bundled,O,NJ,Behind the Meter,PJM,47779.9,250957,30079,,,,,,,,,,47779.9,250957.0,30079.0
2024,59579.0,Sunnova,A,Bundled,O,NM,Behind the Meter,EPE,36.2,180,20,,,,,,,,,,36.2,180.0,20.0
2024,59579.0,Sunnova,A,Bundled,O,NM,Behind the Meter,ERCO,0,0,0,,,,,,,,,,0.0,0.0,0.0
2024,59579.0,Sunnova,A,Bundled,O,NM,Behind the Meter,PNM,1485,7399,834,,,,,,,,,,1485.0,7399.0,834.0
2024,59579.0,Sunnova,A,Bundled,O,NM,Behind the Meter,SWPP,20.7,103,12,,,,,,,,,,20.7,103.0,12.0
2024,59579.0,Sunnova,A,Bundled,O,NV,Behind the Meter,NEVP,12198,72356,7632,,,,,,,,,,12198.0,72356.0,7632.0
2024,59579.0,Sunnova,A,Bundled,O,NY,Behind the Meter,NA,0,0,0,,,,,,,,,,0.0,0.0,0.0
2024,59579.0,Sunnova,A,Bundled,O,NY,Behind the Meter,NYIS,11987.1,41639,5852,,,,,,,,,,11987.1,41639.0,5852.0
2024,59579.0,Sunnova,A,Bundled,O,NY,Behind the Meter,PJM,0,0,0,,,,,,,,,,0.0,0.0,0.0
2024,59579.0,Sunnova,A,Bundled,O,OH,Behind the Meter,PJM,1.8,6,4,,,,,,,,,,1.8,6.0,4.0
2024,59579.0,Sunnova,A,Bundled,O,OK,Behind the Meter,MISO,12.6,79,8,,,,,,,,,,12.6,79.0,8.0
2024,59579.0,Sunnova,A,Bundled,O,OR,Behind the Meter,PGE,6.2,18,15,,,,,,,,,,6.2,18.0,15.0
2024,59579.0,Sunnova,A,Bundled,O,PA,Behind the Meter,PJM,19594.1,112774,10759,,,,,,,,,,19594.1,112774.0,10759.0
2024,59579.0,Sunnova,A,Bundled,O,RI,Behind the Meter,ISNE,3742,16450,2246,,,,,,,,,,3742.0,16450.0,2246.0
2024,59579.0,Sunnova,A,Bundled,O,SC,Behind the Meter,CPLE,3.5,15,2,,,,,,,,,,3.5,15.0,2.0
2024,59579.0,Sunnova,A,Bundled,O,SC,Behind the Meter,DUK,624.7,2701,275,,,,,,,,,,624.7,2701.0,275.0
2024,59579.0,Sunnova,A,Bundled,O,SC,Behind the Meter,SCEG,10.6,46,5,,,,,,,,,,10.6,46.0,5.0
2024,59579.0,Sunnova,A,Bundled,O,SC,Behind the Meter,SC,36.9,159,16,,,,,,,,,,36.9,159.0,16.0
2024,59579.0,Sunnova,A,Bundled,O,TX,Behind the Meter,EPE,137.4,792,92,,,,,,,,,,137.4,792.0,92.0
2024,59579.0,Sunnova,A,Bundled,O,TX,Behind the Meter,ERCO,8833.1,50962,5893,,,,,,,,,,8833.1,50962.0,5893.0
2024,59579.0,Sunnova,A,Bundled,O,TX,Behind the Meter,MISO,108.8,628,73,,,,,,,,,,108.8,628.0,73.0
2024,59579.0,Sunnova,A,Bundled,O,TX,Behind the Meter,SWPP,399.8,2306,267,,,,,,,,,,399.8,2306.0,267.0
2024,59579.0,Sunnova,A,Bundled,O,UT,Behind the Meter,BPAT,1.5,6,2,,,,,,,,,,1.5,6.0,2.0
2024,59579.0,Sunnova,A,Bundled,O,VA,Behind the Meter,PJM,0.4,4,2,,,,,,,,,,0.4,4.0,2.0
2024,59579.0,Sunnova,A,Bundled,O,WA,Behind the Meter,AVA,0,0,0,,,,,,,,,,0.0,0.0,0.0
2024,59579.0,Sunnova,A,Bundled,O,WI,Behind the Meter,MISO,0,0,0,,,,,,,,,,0.0,0.0,0.0
2024,59579.0,Sunnova,A,Bundled,O,WV,Behind the Meter,PJM,0,0,0,,,,,,,,,,0.0,0.0,0.0
2024,59580.0,"SunPower Capital, LLC",A,Bundled,O,AZ,Behind the Meter,AZPS,13037.1,81697,8153,,,,,,,,,,13037.1,81697.0,8153.0
2024,59580.0,"SunPower Capital, LLC",A,Bundled,O,AZ,Behind the Meter,CISO,338.9,2123,212,,,,,,,,,,338.9,2123.0,212.0
2024,59580.0,"SunPower Capital, LLC",A,Bundled,O,AZ,Behind the Meter,PSCO,10.1,64,6,,,,,,,,,,10.1,64.0,6.0
2024,59580.0,"SunPower Capital, LLC",A,Bundled,O,AZ,Behind the Meter,SRP,742.6,4653,464,,,,,,,,,,742.6,4653.0,464.0
2024,59580.0,"SunPower Capital, LLC",A,Bundled,O,AZ,Behind the Meter,TEPC,3837.8,24050,2400,,,,,,,,,,3837.8,24050.0,2400.0
2024,59580.0,"SunPower Capital, LLC",A,Bundled,O,AZ,Behind the Meter,WALC,358.2,2245,224,,,,,,,,,,358.2,2245.0,224.0
2024,59580.0,"SunPower Capital, LLC",A,Bundled,O,CA,Behind the Meter,CISO,104974.6,433086,62640,,,,,,,,,,104974.6,433086.0,62640.0
2024,59580.0,"SunPower Capital, LLC",A,Bundled,O,CA,Behind the Meter,IID,2160.8,8914,1289,,,,,,,,,,2160.8,8914.0,1289.0
2024,59580.0,"SunPower Capital, LLC",A,Bundled,O,CA,Behind the Meter,LDWP,6687.7,27591,3991,,,,,,,,,,6687.7,27591.0,3991.0
2024,59580.0,"SunPower Capital, LLC",A,Bundled,O,CA,Behind the Meter,NEVP,13.5,56,8,,,,,,,,,,13.5,56.0,8.0
2024,59580.0,"SunPower Capital, LLC",A,Bundled,O,CA,Behind the Meter,PACW,70.8,292,42,,,,,,,,,,70.8,292.0,42.0
2024,59580.0,"SunPower Capital, LLC",A,Bundled,O,CA,Behind the Meter,TIDC,287.7,1187,172,,,,,,,,,,287.7,1187.0,172.0
2024,59580.0,"SunPower Capital, LLC",A,Bundled,O,CA,Behind the Meter,WALC,6.5,27,4,,,,,,,,,,6.5,27.0,4.0
2024,59580.0,"SunPower Capital, LLC",A,Bundled,O,CA,Behind the Meter,BANC,5610.6,23147,3348,,,,,,,,,,5610.6,23147.0,3348.0
2024,59580.0,"SunPower Capital, LLC",A,Bundled,O,CO,Behind the Meter,PSCO,871.5,3516,1184,,,,,,,,,,871.5,3516.0,1184.0
2024,59580.0,"SunPower Capital, LLC",A,Bundled,O,CO,Behind the Meter,WACM,56.9,230,77,,,,,,,,,,56.9,230.0,77.0
2024,59580.0,"SunPower Capital, LLC",A,Bundled,O,CT,Behind the Meter,ISNE,6762,37514,3506,,,,,,,,,,6762.0,37514.0,3506.0
2024,59580.0,"SunPower Capital, LLC",A,Bundled,O,HI,Behind the Meter,HECO,2469.2,4145,1116,,,,,,,,,,2469.2,4145.0,1116.0
2024,59580.0,"SunPower Capital, LLC",A,Bundled,O,MA,Behind the Meter,ISNE,2182.6,10940,1363,,,,,,,,,,2182.6,10940.0,1363.0
2024,59580.0,"SunPower Capital, LLC",A,Bundled,O,NJ,Behind the Meter,NYIS,27.8,182,18,,,,,,,,,,27.8,182.0,18.0
2024,59580.0,"SunPower Capital, LLC",A,Bundled,O,NJ,Behind the Meter,PJM,8924.7,58547,5666,,,,,,,,,,8924.7,58547.0,5666.0
2024,59580.0,"SunPower Capital, LLC",A,Bundled,O,NV,Behind the Meter,NEVP,2646,19465,1357,,,,,,,,,,2646.0,19465.0,1357.0
2024,59580.0,"SunPower Capital, LLC",A,Bundled,O,NY,Behind the Meter,NYIS,16752.5,63929,9366,,,,,,,,,,16752.5,63929.0,9366.0
2024,59580.0,"SunPower Capital, LLC",A,Bundled,O,PA,Behind the Meter,PJM,44.7,270,61,,,,,,,,,,44.7,270.0,61.0
2024,59580.0,"SunPower Capital, LLC",A,Bundled,O,VT,Behind the Meter,ISNE,344.2,972,335,,,,,,,,,,344.2,972.0,335.0
2024,59620.0,Verde Energy USA,B,Energy,O,DC,Retail Power Marketer,PJM,2,15,2,0,0,0,0,0,0,0,0,0,2.0,15.0,2.0
2024,59620.0,Verde Energy USA,B,Energy,O,MA,Retail Power Marketer,ISNE,6721,28909,5239,159,658,76,0,0,0,0,0,0,6880.0,29567.0,5315.0
2024,59620.0,Verde Energy USA,B,Energy,O,NJ,Retail Power Marketer,PJM,11565,49022,6530,426,1631,87,0,0,0,0,0,0,11991.0,50653.0,6617.0
2024,59620.0,Verde Energy USA,B,Energy,O,NY,Retail Power Marketer,NYIS,7832,66227,8437,8693,68919,1860,0,0,0,0,0,0,16525.0,135146.0,10297.0
2024,59620.0,Verde Energy USA,B,Energy,O,OH,Retail Power Marketer,PJM,4207,24395,3146,87,629,25,0,0,0,0,0,0,4294.0,25024.0,3171.0
2024,59620.0,Verde Energy USA,B,Energy,O,PA,Retail Power Marketer,PJM,34278,264675,24769,947,7574,513,0,0,0,0,0,0,35225.0,272249.0,25282.0
2024,59622.0,"Ahana Renewables, LLC",A,Bundled,O,AZ,Behind the Meter,AZPS,0,0,0,79.2,572,2,0,0,0,0,0,0,79.2,572.0,2.0
2024,59622.0,"Ahana Renewables, LLC",A,Bundled,O,CA,Behind the Meter,CISO,0,0,0,1523.8,6223,16,0,0,0,0,0,0,1523.8,6223.0,16.0
2024,59622.0,"Ahana Renewables, LLC",A,Bundled,O,CO,Behind the Meter,PSCO,0,0,0,138.3,1009,9,0,0,0,0,0,0,138.3,1009.0,9.0
2024,59622.0,"Ahana Renewables, LLC",A,Bundled,O,DC,Behind the Meter,PJM,0,0,0,7.5,155,1,0,0,0,0,0,0,7.5,155.0,1.0
2024,59622.0,"Ahana Renewables, LLC",A,Bundled,O,HI,Behind the Meter,HECO,0,0,0,72,320,1,0,0,0,0,0,0,72.0,320.0,1.0
2024,59622.0,"Ahana Renewables, LLC",A,Bundled,O,IL,Behind the Meter,PJM,0,0,0,14.6,118,1,0,0,0,0,0,0,14.6,118.0,1.0
2024,59622.0,"Ahana Renewables, LLC",A,Bundled,O,IN,Behind the Meter,MISO,0,0,0,203.2,1061,3,0,0,0,0,0,0,203.2,1061.0,3.0
2024,59622.0,"Ahana Renewables, LLC",A,Bundled,O,MA,Behind the Meter,ISNE,0,0,0,6736.9,34287,17,0,0,0,0,0,0,6736.9,34287.0,17.0
2024,59622.0,"Ahana Renewables, LLC",A,Bundled,O,MD,Behind the Meter,PJM,0,0,0,129.5,1752,4,0,0,0,0,0,0,129.5,1752.0,4.0
2024,59622.0,"Ahana Renewables, LLC",A,Bundled,O,ME,Behind the Meter,NA,0,0,0,690.2,7017,1,0,0,0,0,0,0,690.2,7017.0,1.0
2024,59622.0,"Ahana Renewables, LLC",A,Bundled,O,MI,Behind the Meter,MISO,0,0,0,21.3,172,1,0,0,0,0,0,0,21.3,172.0,1.0
2024,59622.0,"Ahana Renewables, LLC",A,Bundled,O,NH,Behind the Meter,ISNE,0,0,0,158.9,1412,5,0,0,0,0,0,0,158.9,1412.0,5.0
2024,59622.0,"Ahana Renewables, LLC",A,Bundled,O,NJ,Behind the Meter,PJM,0,0,0,233.1,2426,9,0,0,0,0,0,0,233.1,2426.0,9.0
2024,59622.0,"Ahana Renewables, LLC",A,Bundled,O,NM,Behind the Meter,PNM,0,0,0,85.7,1012,2,0,0,0,0,0,0,85.7,1012.0,2.0
2024,59622.0,"Ahana Renewables, LLC",A,Bundled,O,NY,Behind the Meter,NYIS,0,0,0,3816.8,32616,7,0,0,0,0,0,0,3816.8,32616.0,7.0
2024,59622.0,"Ahana Renewables, LLC",A,Bundled,O,OR,Behind the Meter,PACW,0,0,0,28.9,436,1,0,0,0,0,0,0,28.9,436.0,1.0
2024,59622.0,"Ahana Renewables, LLC",A,Bundled,O,PA,Behind the Meter,PJM,0,0,0,63.9,514,1,0,0,0,0,0,0,63.9,514.0,1.0
2024,59622.0,"Ahana Renewables, LLC",A,Bundled,O,RI,Behind the Meter,ISNE,0,0,0,1259.4,8445,2,0,0,0,0,0,0,1259.4,8445.0,2.0
2024,59622.0,"Ahana Renewables, LLC",A,Bundled,O,VT,Behind the Meter,ISNE,0,0,0,164.2,723,1,0,0,0,0,0,0,164.2,723.0,1.0
2024,59625.0,Lancaster Choice Energy,B,Energy,O,CA,Community Choice Aggregator,CISO,51127,323422,46856,24447,187198,5625,8211,69803,99,0,0,0,83785.0,580423.0,52580.0
2024,59647.0,Sunrun Inc.,A,Bundled,O,AZ,Behind the Meter,AZPS,64081.1,469170,35281,,,,,,,,,,64081.1,469170.0,35281.0
2024,59647.0,Sunrun Inc.,A,Bundled,O,AZ,Behind the Meter,SRP,1745.8,12694,981,,,,,,,,,,1745.8,12694.0,981.0
2024,59647.0,Sunrun Inc.,A,Bundled,O,AZ,Behind the Meter,TEPC,6421.3,45002,3781,,,,,,,,,,6421.3,45002.0,3781.0
2024,59647.0,Sunrun Inc.,A,Bundled,O,AZ,Behind the Meter,WALC,37.9,189,18,,,,,,,,,,37.9,189.0,18.0
2024,59647.0,Sunrun Inc.,A,Bundled,O,CA,Behind the Meter,CISO,649748.6,2476243,309658,,,,,,,,,,649748.6,2476243.0,309658.0
2024,59647.0,Sunrun Inc.,A,Bundled,O,CA,Behind the Meter,IID,1048.4,8746,1014,,,,,,,,,,1048.4,8746.0,1014.0
2024,59647.0,Sunrun Inc.,A,Bundled,O,CA,Behind the Meter,LDWP,11949.7,49617,6071,,,,,,,,,,11949.7,49617.0,6071.0
2024,59647.0,Sunrun Inc.,A,Bundled,O,CA,Behind the Meter,TIDC,141.7,710,103,,,,,,,,,,141.7,710.0,103.0
2024,59647.0,Sunrun Inc.,A,Bundled,O,CA,Behind the Meter,BANC,9545.4,64793,8740,,,,,,,,,,9545.4,64793.0,8740.0
2024,59647.0,Sunrun Inc.,A,Bundled,O,CO,Behind the Meter,PSCO,10439.3,66152,8318,,,,,,,,,,10439.3,66152.0,8318.0
2024,59647.0,Sunrun Inc.,A,Bundled,O,CO,Behind the Meter,WACM,404.4,2132,240,,,,,,,,,,404.4,2132.0,240.0
2024,59647.0,Sunrun Inc.,A,Bundled,O,CT,Behind the Meter,ISNE,32238.9,132356,17293,,,,,,,,,,32238.9,132356.0,17293.0
2024,59647.0,Sunrun Inc.,A,Bundled,O,DC,Behind the Meter,PJM,39.4,304,52,,,,,,,,,,39.4,304.0,52.0
2024,59647.0,Sunrun Inc.,A,Bundled,O,DE,Behind the Meter,PJM,377.2,2906,390,,,,,,,,,,377.2,2906.0,390.0
2024,59647.0,Sunrun Inc.,A,Bundled,O,FL,Behind the Meter,FPL,2221,17189,1513,,,,,,,,,,2221.0,17189.0,1513.0
2024,59647.0,Sunrun Inc.,A,Bundled,O,FL,Behind the Meter,FPC,24317.3,137097,10651,,,,,,,,,,24317.3,137097.0,10651.0
2024,59647.0,Sunrun Inc.,A,Bundled,O,FL,Behind the Meter,TEC,5259.9,31175,2233,,,,,,,,,,5259.9,31175.0,2233.0
2024,59647.0,Sunrun Inc.,A,Bundled,O,HI,Behind the Meter,HECO,35719.9,126034,15122,,,,,,,,,,35719.9,126034.0,15122.0
2024,59647.0,Sunrun Inc.,A,Bundled,O,IL,Behind the Meter,PJM,40319.7,267794,31729,,,,,,,,,,40319.7,267794.0,31729.0
2024,59647.0,Sunrun Inc.,A,Bundled,O,MA,Behind the Meter,ISNE,101533.8,412397,57153,,,,,,,,,,101533.8,412397.0,57153.0
2024,59647.0,Sunrun Inc.,A,Bundled,O,MD,Behind the Meter,PJM,32025,225806,25231,,,,,,,,,,32025.0,225806.0,25231.0
2024,59647.0,Sunrun Inc.,A,Bundled,O,NH,Behind the Meter,ISNE,8847,31864,3634,,,,,,,,,,8847.0,31864.0,3634.0
2024,59647.0,Sunrun Inc.,A,Bundled,O,NJ,Behind the Meter,PJM,61295.8,339127,45019,,,,,,,,,,61295.8,339127.0,45019.0
2024,59647.0,Sunrun Inc.,A,Bundled,O,NM,Behind the Meter,PNM,4126,30355,3320,,,,,,,,,,4126.0,30355.0,3320.0
2024,59647.0,Sunrun Inc.,A,Bundled,O,NV,Behind the Meter,NEVP,38747.4,267852,22307,,,,,,,,,,38747.4,267852.0,22307.0
2024,59647.0,Sunrun Inc.,A,Bundled,O,NY,Behind the Meter,NYIS,60050.4,271108,38886,,,,,,,,,,60050.4,271108.0,38886.0
2024,59647.0,Sunrun Inc.,A,Bundled,O,OR,Behind the Meter,PGE,46.7,397,82,,,,,,,,,,46.7,397.0,82.0
2024,59647.0,Sunrun Inc.,A,Bundled,O,PA,Behind the Meter,PJM,7086.2,43966,5072,,,,,,,,,,7086.2,43966.0,5072.0
2024,59647.0,Sunrun Inc.,A,Bundled,O,RI,Behind the Meter,ISNE,6130.7,22771,3252,,,,,,,,,,6130.7,22771.0,3252.0
2024,59647.0,Sunrun Inc.,A,Bundled,O,SC,Behind the Meter,DUK,5595.6,37959,3648,,,,,,,,,,5595.6,37959.0,3648.0
2024,59647.0,Sunrun Inc.,A,Bundled,O,SC,Behind the Meter,SCEG,6223.5,31043,3718,,,,,,,,,,6223.5,31043.0,3718.0
2024,59647.0,Sunrun Inc.,A,Bundled,O,TX,Behind the Meter,ERCO,22119.8,98808,9318,,,,,,,,,,22119.8,98808.0,9318.0
2024,59647.0,Sunrun Inc.,A,Bundled,O,UT,Behind the Meter,PACE,811.6,6208,729,,,,,,,,,,811.6,6208.0,729.0
2024,59647.0,Sunrun Inc.,A,Bundled,O,VT,Behind the Meter,ISNE,4253.4,17307,2381,,,,,,,,,,4253.4,17307.0,2381.0
2024,59676.0,"Collegiate Clean Energy, LLC",B,Energy,O,VA,Retail Power Marketer,PJM,0,0,0,4791.5,64424,89,0,0,0,0,0,0,4791.5,64424.0,89.0
2024,59679.0,Aggregated Transit Energy,B,Energy,O,MA,Retail Power Marketer,ISNE,0,0,0,0,0,0,0,0,0,21603.8,325824,1,21603.8,325824.0,1.0
2024,59734.0,"SFE Energy Massachusetts, Inc.",B,Energy,O,MA,Retail Power Marketer,ISNE,5689,33679,6435,19944.9,118611,3481,,,,,,,25633.9,152290.0,9916.0
2024,59763.0,"Consolidated Power Co., LLC",B,Energy,O,NY,Retail Power Marketer,NYIS,0,0,0,2620.1,15319,10,0,0,0,0,0,0,2620.1,15319.0,10.0
2024,59793.0,"First Point Power, LLC",B,Energy,O,CT,Retail Power Marketer,ISNE,0,0,0,20468.4,181357,4287,10738.1,104918,43,0,0,0,31206.5,286275.0,4330.0
2024,59793.0,"First Point Power, LLC",B,Energy,O,DE,Retail Power Marketer,PJM,20.4,117,14,5.2,30,5,0,0,0,0,0,0,25.6,147.0,19.0
2024,59793.0,"First Point Power, LLC",B,Energy,O,MA,Retail Power Marketer,ISNE,167851.5,1219680,162849,92533.2,709223,24481,61623.6,545791,189,0,0,0,322008.3,2474694.0,187519.0
2024,59793.0,"First Point Power, LLC",B,Energy,O,ME,Retail Power Marketer,ISNE,2189.3,20065,2995,28132.9,267526,3323,27940.2,279448,93,0,0,0,58262.4,567039.0,6411.0
2024,59793.0,"First Point Power, LLC",B,Energy,O,NH,Retail Power Marketer,ISNE,8176.7,79577,11136,30412.1,275032,5181,17069.1,183862,68,0,0,0,55657.9,538471.0,16385.0
2024,59793.0,"First Point Power, LLC",B,Energy,O,NJ,Retail Power Marketer,PJM,1.1,6,1,76.3,467,15,0,0,0,0,0,0,77.4,473.0,16.0
2024,59793.0,"First Point Power, LLC",B,Energy,O,PA,Retail Power Marketer,PJM,18.9,109,16,195,1117,45,0,0,0,0,0,0,213.9,1226.0,61.0
2024,59793.0,"First Point Power, LLC",B,Energy,O,RI,Retail Power Marketer,ISNE,1449.4,12193,1796,16276.5,155048,1827,5157.1,51711,32,0,0,0,22883.0,218952.0,3655.0
2024,59797.0,Park Power LLC,B,Energy,O,DC,Retail Power Marketer,PJM,257,1337,226,,,,,,,,,,257.0,1337.0,226.0
2024,59797.0,Park Power LLC,B,Energy,O,DE,Retail Power Marketer,PJM,265.4,1186,139,,,,,,,,,,265.4,1186.0,139.0
2024,59797.0,Park Power LLC,B,Energy,O,IL,Retail Power Marketer,PJM,512.1,2910,447,,,,,,,,,,512.1,2910.0,447.0
2024,59797.0,Park Power LLC,B,Energy,O,MD,Retail Power Marketer,PJM,1043,5561,717,,,,,,,,,,1043.0,5561.0,717.0
2024,59797.0,Park Power LLC,B,Energy,O,OH,Retail Power Marketer,PJM,1102.1,6722,845,,,,,,,,,,1102.1,6722.0,845.0
2024,59797.0,Park Power LLC,B,Energy,O,PA,Retail Power Marketer,PJM,7425.1,39933,5198,72.8,664,20,,,,,,,7497.9,40597.0,5218.0
2024,59799.0,American Power & Gas,B,Energy,O,IL,Retail Power Marketer,PJM,998.9,5973,730,2278.4,16185,767,0,0,0,0,0,0,3277.3,22158.0,1497.0
2024,59799.0,American Power & Gas,B,Energy,O,MA,Retail Power Marketer,ISNE,0,0,0,55.4,199,5,0,0,0,0,0,0,55.4,199.0,5.0
2024,59799.0,American Power & Gas,B,Energy,O,MD,Retail Power Marketer,PJM,2004,11614,900,6594.6,40389,1192,0,0,0,0,0,0,8598.6,52003.0,2092.0
2024,59799.0,American Power & Gas,B,Energy,O,NJ,Retail Power Marketer,PJM,3041.1,15213,1593,14341.4,79028,3148,0,0,0,0,0,0,17382.5,94241.0,4741.0
2024,59799.0,American Power & Gas,B,Energy,O,NY,Retail Power Marketer,NYIS,21484.3,116466,13048,51903.8,303408,12686,0,0,0,0,0,0,73388.1,419874.0,25734.0
2024,59799.0,American Power & Gas,B,Energy,O,OH,Retail Power Marketer,PJM,6180.3,52229,4512,15332.6,126568,5867,0,0,0,0,0,0,21512.9,178797.0,10379.0
2024,59799.0,American Power & Gas,B,Energy,O,PA,Retail Power Marketer,PJM,39432.6,315204,25167,46208.8,302839,16186,0,0,0,0,0,0,85641.4,618043.0,41353.0
2024,59807.0,"Rushmore Energy, LLC",B,Energy,O,DE,Retail Power Marketer,PJM,1114.4,10336,1137,0,0,0,0,0,0,0,0,0,1114.4,10336.0,1137.0
2024,59807.0,"Rushmore Energy, LLC",B,Energy,O,IL,Retail Power Marketer,PJM,3840.5,35330,6738,0,0,0,0,0,0,0,0,0,3840.5,35330.0,6738.0
2024,59807.0,"Rushmore Energy, LLC",B,Energy,O,IL,Retail Power Marketer,MISO,1578.7,11742,1473,0,0,0,0,0,0,0,0,0,1578.7,11742.0,1473.0
2024,59807.0,"Rushmore Energy, LLC",B,Energy,O,MD,Retail Power Marketer,PJM,1084.2,9182,1013,0,0,0,0,0,0,0,0,0,1084.2,9182.0,1013.0
2024,59807.0,"Rushmore Energy, LLC",B,Energy,O,NJ,Retail Power Marketer,PJM,748.6,5121,824,0,0,0,0,0,0,0,0,0,748.6,5121.0,824.0
2024,59807.0,"Rushmore Energy, LLC",B,Energy,O,OH,Retail Power Marketer,PJM,3949.4,40919,4822,5.5,53,6,0,0,0,0,0,0,3954.9,40972.0,4828.0
2024,59807.0,"Rushmore Energy, LLC",B,Energy,O,PA,Retail Power Marketer,PJM,3058.1,25780,3346,0,0,0,0,0,0,0,0,0,3058.1,25780.0,3346.0
2024,59808.0,MP2 Energy LLC,B,Energy,O,CT,Retail Power Marketer,ISNE,0,0,0,19699.9,222570,832,2569.4,24291,33,0,0,0,22269.3,246861.0,865.0
2024,59808.0,MP2 Energy LLC,B,Energy,O,DC,Retail Power Marketer,PJM,0,0,0,22074.3,213326,317,0,0,0,0,0,0,22074.3,213326.0,317.0
2024,59808.0,MP2 Energy LLC,B,Energy,O,DE,Retail Power Marketer,PJM,0,0,0,3415.1,58391,276,265.2,4752,5,0,0,0,3680.3,63143.0,281.0
2024,59808.0,MP2 Energy LLC,B,Energy,O,IL,Retail Power Marketer,PJM,0,0,0,114503.6,1955843,1930,23542.5,440112,101,4596.8,108933,1,142642.9,2504888.0,2032.0
2024,59808.0,MP2 Energy LLC,B,Energy,O,MA,Retail Power Marketer,ISNE,0,0,0,17835.2,142074,520,2355.7,17817,10,0,0,0,20190.9,159891.0,530.0
2024,59808.0,MP2 Energy LLC,B,Energy,O,MD,Retail Power Marketer,PJM,0,0,0,13616.8,165741,611,1570.6,20877,20,0,0,0,15187.4,186618.0,631.0
2024,59808.0,MP2 Energy LLC,B,Energy,O,ME,Retail Power Marketer,ISNE,0,0,0,7099,62901,419,1232.8,11589,20,0,0,0,8331.8,74490.0,439.0
2024,59808.0,MP2 Energy LLC,B,Energy,O,NH,Retail Power Marketer,ISNE,0,0,0,8848.9,75872,639,435,4408,6,0,0,0,9283.9,80280.0,645.0
2024,59808.0,MP2 Energy LLC,B,Energy,O,NJ,Retail Power Marketer,PJM,0,0,0,79242,864809,2072,14784.2,317133,54,0,0,0,94026.2,1181942.0,2126.0
2024,59808.0,MP2 Energy LLC,B,Energy,O,NY,Retail Power Marketer,NYIS,0,0,0,45180.8,417053,1695,5280.9,61385,73,0,0,0,50461.7,478438.0,1768.0
2024,59808.0,MP2 Energy LLC,B,Energy,O,OH,Retail Power Marketer,PJM,0,0,0,204209.4,3709034,5098,32161.2,558171,318,664.4,14297,2,237035.0,4281502.0,5418.0
2024,59808.0,MP2 Energy LLC,B,Energy,O,PA,Retail Power Marketer,PJM,0,0,0,100751.4,1378626,3430,36274.3,479819,275,0,0,0,137025.7,1858445.0,3705.0
2024,59808.0,MP2 Energy LLC,B,Energy,O,RI,Retail Power Marketer,ISNE,0,0,0,4494.2,38814,206,3332.9,44154,23,0,0,0,7827.1,82968.0,229.0
2024,59808.0,MP2 Energy LLC,B,Energy,O,VA,Retail Power Marketer,PJM,0,0,0,11851,178702,14,17050.9,232069,4,0,0,0,28901.9,410771.0,18.0
2024,59808.0,MP2 Energy LLC,D,Bundled,O,TX,Retail Power Marketer,ERCO,84673.9,578090,39395,847934.3,12203130,33961,261812.7,6823040,1627,0,0,0,1194420.9,19604260.0,74983.0
2024,59809.0,"Residents Energy, LLC",B,Energy,O,DE,Retail Power Marketer,PJM,1984.8,13853,1673,32.1,222,10,0,0,0,0,0,0,2016.9,14075.0,1683.0
2024,59809.0,"Residents Energy, LLC",B,Energy,O,IL,Retail Power Marketer,PJM,30759.1,214261,31062,2741.1,24812,703,0,0,0,0,0,0,33500.2,239073.0,31765.0
2024,59809.0,"Residents Energy, LLC",B,Energy,O,MA,Retail Power Marketer,ISNE,20987.3,107963,18268,4335.8,30307,959,0,0,0,0,0,0,25323.1,138270.0,19227.0
2024,59809.0,"Residents Energy, LLC",B,Energy,O,NJ,Retail Power Marketer,PJM,4790,27624,4303,32.8,181,26,0,0,0,0,0,0,4822.8,27805.0,4329.0
2024,59809.0,"Residents Energy, LLC",B,Energy,O,NY,Retail Power Marketer,NYIS,4545.9,23924,5002,327.2,1472,101,0,0,0,0,0,0,4873.1,25396.0,5103.0
2024,59809.0,"Residents Energy, LLC",B,Energy,O,OH,Retail Power Marketer,PJM,7050.7,60079,6792,61.1,669,56,0,0,0,0,0,0,7111.8,60748.0,6848.0
2024,59809.0,"Residents Energy, LLC",B,Energy,O,PA,Retail Power Marketer,PJM,10683.7,71442,10067,129.4,913,103,0,0,0,0,0,0,10813.1,72355.0,10170.0
2024,59810.0,Greenlight Energy Inc.,B,Energy,O,DE,Retail Power Marketer,PJM,14,119,14,0,0,0,0,0,0,0,0,0,14.0,119.0,14.0
2024,59810.0,Greenlight Energy Inc.,B,Energy,O,IL,Retail Power Marketer,MISO,239,1776,287,0,0,0,0,0,0,0,0,0,239.0,1776.0,287.0
2024,59810.0,Greenlight Energy Inc.,B,Energy,O,MD,Retail Power Marketer,PJM,1749,12797,1247,0,0,0,0,0,0,0,0,0,1749.0,12797.0,1247.0
2024,59810.0,Greenlight Energy Inc.,B,Energy,O,NJ,Retail Power Marketer,PJM,187,984,183,0,0,0,0,0,0,0,0,0,187.0,984.0,183.0
2024,59810.0,Greenlight Energy Inc.,B,Energy,O,NY,Retail Power Marketer,NYIS,2238,15313,2494,169,994,28,0,0,0,0,0,0,2407.0,16307.0,2522.0
2024,59810.0,Greenlight Energy Inc.,B,Energy,O,OH,Retail Power Marketer,PJM,215,1804,235,0,0,0,0,0,0,0,0,0,215.0,1804.0,235.0
2024,59810.0,Greenlight Energy Inc.,B,Energy,O,PA,Retail Power Marketer,PJM,882,6172,858,0,0,0,0,0,0,0,0,0,882.0,6172.0,858.0
2024,59811.0,Santanna Energy Services,B,Energy,O,IL,Retail Power Marketer,PJM,4377.6,44414,5621,1545.1,17735,473,0,0,0,0,0,0,5922.7,62149.0,6094.0
2024,59811.0,Santanna Energy Services,B,Energy,O,OH,Retail Power Marketer,PJM,7685,117126,10533,1742.1,8940,298,0,0,0,,0,0,9427.1,126066.0,10831.0
2024,59811.0,Santanna Energy Services,B,Energy,O,PA,Retail Power Marketer,PJM,6467.7,71670,4700,965.7,10331,180,0,0,0,0,0,0,7433.4,82001.0,4880.0
2024,59812.0,New Wave Energy Corporation,B,Energy,O,MD,Retail Power Marketer,PJM,5.9,43,6,21.2,169,6,,,,,,,27.1,212.0,12.0
2024,59812.0,New Wave Energy Corporation,B,Energy,O,NJ,Retail Power Marketer,PJM,189.5,1486,135,34.1,237,8,,,,,,,223.6,1723.0,143.0
2024,59812.0,New Wave Energy Corporation,B,Energy,O,NY,Retail Power Marketer,NYIS,5699,59038,3122,25437,282637,2277,0,0,0,0,0,0,31136.0,341675.0,5399.0
2024,59812.0,New Wave Energy Corporation,B,Energy,O,OH,Retail Power Marketer,PJM,1680,20245,1694,3104,35943,730,0,0,0,0,0,0,4784.0,56188.0,2424.0
2024,59812.0,New Wave Energy Corporation,B,Energy,O,PA,Retail Power Marketer,PJM,7270,75128,6276,9970,90549,2164,0,0,0,0,0,0,17240.0,165677.0,8440.0
2024,59818.0,Algonquin Energy Services,B,Energy,O,ME,Retail Power Marketer,NBSO,0,0,0,686.6,5294,126,146.2,1025,1,0,0,0,832.8,6319.0,127.0
2024,59848.0,"ResCom Energy, LLC",B,Energy,O,DE,Retail Power Marketer,PJM,18.4,171,49,,,,,,,,,,18.4,171.0,49.0
2024,59848.0,"ResCom Energy, LLC",B,Energy,O,IL,Retail Power Marketer,PJM,1025.5,13140,2833,,,,,,,,,,1025.5,13140.0,2833.0
2024,59848.0,"ResCom Energy, LLC",B,Energy,O,OH,Retail Power Marketer,PJM,71,1069,142,,,,,,,,,,71.0,1069.0,142.0
2024,59931.0,"MidAmerican Energy Services, LLC",B,Energy,O,DC,Retail Power Marketer,PJM,23.7,238,17,2013.8,20930,100,0,0,0,0,0,0,2037.5,21168.0,117.0
2024,59931.0,"MidAmerican Energy Services, LLC",B,Energy,O,DE,Retail Power Marketer,PJM,73.9,1349,82,2312,36485,230,502.4,9169,3,0,0,0,2888.3,47003.0,315.0
2024,59931.0,"MidAmerican Energy Services, LLC",B,Energy,O,IL,Retail Power Marketer,PJM,3,28,1,36675.8,608671,3156,42147.7,785515,87,0,0,0,78826.5,1394214.0,3244.0
2024,59931.0,"MidAmerican Energy Services, LLC",B,Energy,O,IL,Retail Power Marketer,MISO,0,0,0,9296.9,150970,881,21597.5,384302,19,0,0,0,30894.4,535272.0,900.0
2024,59931.0,"MidAmerican Energy Services, LLC",B,Energy,O,MA,Retail Power Marketer,ISNE,23.8,151,16,8141.3,68005,372,1053.2,11731,2,0,0,0,9218.3,79887.0,390.0
2024,59931.0,"MidAmerican Energy Services, LLC",B,Energy,O,MD,Retail Power Marketer,PJM,194.5,2757,219,15017.1,226263,2096,4813.6,63444,10,0,0,0,20025.2,292464.0,2325.0
2024,59931.0,"MidAmerican Energy Services, LLC",B,Energy,O,NJ,Retail Power Marketer,PJM,0,0,0,12508.7,189901,466,22071.4,308548,14,0,0,0,34580.1,498449.0,480.0
2024,59931.0,"MidAmerican Energy Services, LLC",B,Energy,O,NY,Retail Power Marketer,NYIS,0.7,6,1,18453.3,203530,753,8124.1,92608,6,0,0,0,26578.1,296144.0,760.0
2024,59931.0,"MidAmerican Energy Services, LLC",B,Energy,O,OH,Retail Power Marketer,PJM,151.9,2608,325,15999.2,268964,1645,13001.8,195767,17,0,0,0,29152.9,467339.0,1987.0
2024,59931.0,"MidAmerican Energy Services, LLC",B,Energy,O,PA,Retail Power Marketer,PJM,160.4,2220,253,21700.8,331859,2807,15788.3,276982,27,0,0,0,37649.5,611061.0,3087.0
2024,59931.0,"MidAmerican Energy Services, LLC",D,Bundled,O,TX,Retail Power Marketer,ERCO,4024.9,30215,2167,62872.5,724263,4697,35031.2,591581,102,0,0,0,101928.6,1346059.0,6966.0
2024,59943.0,Spruce Finance,A,Bundled,O,AZ,Behind the Meter,AZPS,4384.5,41092,3620,0,0,0,0,0,0,0,0,0,4384.5,41092.0,3620.0
2024,59943.0,Spruce Finance,A,Bundled,O,CA,Behind the Meter,CISO,38701.3,201778,25337,0,0,0,0,0,0,0,0,0,38701.3,201778.0,25337.0
2024,59943.0,Spruce Finance,A,Bundled,O,CO,Behind the Meter,PACE,827.4,8930,1051,0,0,0,0,0,0,0,0,0,827.4,8930.0,1051.0
2024,59943.0,Spruce Finance,A,Bundled,O,CT,Behind the Meter,ISNE,2289.1,14022,1848,0,0,0,0,0,0,0,0,0,2289.1,14022.0,1848.0
2024,59943.0,Spruce Finance,A,Bundled,O,HI,Behind the Meter,NA,598.7,4902,481,0,0,0,0,0,0,0,0,0,598.7,4902.0,481.0
2024,59943.0,Spruce Finance,A,Bundled,O,LA,Behind the Meter,MISO,45.9,615,89,0,0,0,0,0,0,0,0,0,45.9,615.0,89.0
2024,59943.0,Spruce Finance,A,Bundled,O,MA,Behind the Meter,ISNE,3449.8,23221,3401,0,0,0,0,0,0,0,0,0,3449.8,23221.0,3401.0
2024,59943.0,Spruce Finance,A,Bundled,O,MD,Behind the Meter,PJM,582.7,4843,579,0,0,0,0,0,0,0,0,0,582.7,4843.0,579.0
2024,59943.0,Spruce Finance,A,Bundled,O,NJ,Behind the Meter,PJM,7855,48660,6250,0,0,0,0,0,0,0,0,0,7855.0,48660.0,6250.0
2024,59943.0,Spruce Finance,A,Bundled,O,NV,Behind the Meter,NEVP,201.3,1533,149,0,0,0,0,0,0,0,0,0,201.3,1533.0,149.0
2024,59943.0,Spruce Finance,A,Bundled,O,NY,Behind the Meter,ISNE,7091.4,38277,5636,0,0,0,0,0,0,0,0,0,7091.4,38277.0,5636.0
2024,59943.0,Spruce Finance,A,Bundled,O,NY,Behind the Meter,PJM,3039.2,16404,2415,0,0,0,0,0,0,0,0,0,3039.2,16404.0,2415.0
2024,59972.0,The Regents of the Univ. of California,B,Energy,O,CA,Retail Power Marketer,CISO,0,0,0,65200.2,594231,768,0,0,0,0,0,0,65200.2,594231.0,768.0
2024,59993.0,Discount Power Inc - (CT),B,Energy,O,DE,Retail Power Marketer,PJM,368,1926,203,0,0,0,0,0,0,0,0,0,368.0,1926.0,203.0
2024,59993.0,Discount Power Inc - (CT),B,Energy,O,MA,Retail Power Marketer,ISNE,7497.8,28219,4663,127.5,678,58,0,0,0,0,0,0,7625.3,28897.0,4721.0
2024,59993.0,Discount Power Inc - (CT),B,Energy,O,MD,Retail Power Marketer,PJM,594.6,3051,295,13.6,71,4,0,0,0,0,0,0,608.2,3122.0,299.0
2024,59993.0,Discount Power Inc - (CT),B,Energy,O,NJ,Retail Power Marketer,PJM,966.5,4487,757,232.9,1633,20,0,0,0,0,0,0,1199.4,6120.0,777.0
2024,59993.0,Discount Power Inc - (CT),B,Energy,O,OH,Retail Power Marketer,PJM,1067.2,9135,1123,0,0,0,0,,0,0,0,0,1067.2,9135.0,1123.0
2024,59993.0,Discount Power Inc - (CT),B,Energy,O,PA,Retail Power Marketer,PJM,4578.2,21339,3095,71,436,19,0,0,0,0,0,0,4649.2,21775.0,3114.0
2024,59993.0,Discount Power Inc - (CT),B,Energy,O,RI,Retail Power Marketer,ISNE,1734.4,8281,1328,9,50,2,0,0,0,0,0,0,1743.4,8331.0,1330.0
2024,60025.0,Greenbacker Renewable Energy Corporation,A,Bundled,O,AR,Behind the Meter,SPA,0,0,0,250,4063,3,0,0,0,0,0,0,250.0,4063.0,3.0
2024,60025.0,Greenbacker Renewable Energy Corporation,A,Bundled,O,AZ,Behind the Meter,TEPC,0,0,0,78.6,1289,4,0,0,0,0,0,0,78.6,1289.0,4.0
2024,60025.0,Greenbacker Renewable Energy Corporation,A,Bundled,O,CA,Behind the Meter,CISO,0,0,0,1158,15071,16,0,0,0,0,0,0,1158.0,15071.0,16.0
2024,60025.0,Greenbacker Renewable Energy Corporation,A,Bundled,O,CO,Behind the Meter,PSCO,6.2,60,10,378,6877,29,0,0,0,0,0,0,384.2,6937.0,39.0
2024,60025.0,Greenbacker Renewable Energy Corporation,A,Bundled,O,CT,Behind the Meter,ISNE,0,0,0,161,676,3,0,0,0,0,0,0,161.0,676.0,3.0
2024,60025.0,Greenbacker Renewable Energy Corporation,A,Bundled,O,FL,Behind the Meter,GVL,0,0,0,87,458,1,0,0,0,0,0,0,87.0,458.0,1.0
2024,60025.0,Greenbacker Renewable Energy Corporation,A,Bundled,O,HI,Behind the Meter,NA,0,0,0,86,429,1,0,0,0,0,0,0,86.0,429.0,1.0
2024,60025.0,Greenbacker Renewable Energy Corporation,A,Bundled,O,IN,Behind the Meter,PJM,0,0,0,490,1530,4,0,0,0,0,0,0,490.0,1530.0,4.0
2024,60025.0,Greenbacker Renewable Energy Corporation,A,Bundled,O,MA,Behind the Meter,ISNE,0,0,0,2268,16327,20,0,0,0,0,0,0,2268.0,16327.0,20.0
2024,60025.0,Greenbacker Renewable Energy Corporation,A,Bundled,O,MD,Behind the Meter,PJM,0,0,0,16.6,166,1,0,0,0,0,0,0,16.6,166.0,1.0
2024,60025.0,Greenbacker Renewable Energy Corporation,A,Bundled,O,NC,Behind the Meter,DUK,0,0,0,233,1550,3,0,0,0,0,0,0,233.0,1550.0,3.0
2024,60025.0,Greenbacker Renewable Energy Corporation,A,Bundled,O,NJ,Behind the Meter,PJM,0,0,0,379,4843,12,,,,,,,379.0,4843.0,12.0
2024,60025.0,Greenbacker Renewable Energy Corporation,A,Bundled,O,NV,Behind the Meter,NEVP,0,0,0,20.6,295,1,0,0,0,0,0,0,20.6,295.0,1.0
2024,60025.0,Greenbacker Renewable Energy Corporation,A,Bundled,O,NY,Behind the Meter,NYIS,0,0,0,259,2434,6,0,0,0,0,0,0,259.0,2434.0,6.0
2024,60025.0,Greenbacker Renewable Energy Corporation,A,Bundled,O,RI,Behind the Meter,ISNE,0,0,0,243,1313,1,0,0,0,0,0,0,243.0,1313.0,1.0
2024,60025.0,Greenbacker Renewable Energy Corporation,A,Bundled,O,TN,Behind the Meter,PJM,0,0,0,484,5025,15,0,0,0,0,0,0,484.0,5025.0,15.0
2024,60025.0,Greenbacker Renewable Energy Corporation,A,Bundled,O,VT,Behind the Meter,ISNE,0,0,0,3097,21159,25,0,0,0,0,0,0,3097.0,21159.0,25.0
2024,60124.0,Spring Energy RRH LLC,B,Energy,O,MD,Retail Power Marketer,PJM,2708,16807,2534,64,399,14,0,0,0,0,0,0,2772.0,17206.0,2548.0
2024,60124.0,Spring Energy RRH LLC,B,Energy,O,NJ,Retail Power Marketer,PJM,2127,13726,2331,54,336,13,0,0,0,0,0,0,2181.0,14062.0,2344.0
2024,60124.0,Spring Energy RRH LLC,B,Energy,O,PA,Retail Power Marketer,PJM,5678,40153,5374,133,956,31,0,0,0,0,0,0,5811.0,41109.0,5405.0
2024,60181.0,CleanPowerSF,B,Energy,O,CA,Community Choice Aggregator,CISO,166312.7,1155703,353982,157667.4,1336088,30169,31482.7,353154,43,0,0,0,355462.8,2844945.0,384194.0
2024,60202.0,Electranet Power LLC,D,Bundled,O,TX,Retail Power Marketer,ERCO,,,,,,,91.9,3307,29,,,,91.9,3307.0,29.0
2024,60218.0,MPower Energy NJ LLC,B,Energy,O,DC,Retail Power Marketer,PJM,4535.7,24228,3523,4.5,39,12,0,0,0,0,0,0,4540.2,24267.0,3535.0
2024,60218.0,MPower Energy NJ LLC,B,Energy,O,IL,Retail Power Marketer,PJM,1504.3,8101,1951,19.8,140,6,0,0,0,0,0,0,1524.1,8241.0,1957.0
2024,60218.0,MPower Energy NJ LLC,B,Energy,O,MD,Retail Power Marketer,PJM,6521,35262,5857,25.6,164,9,,,,,,,6546.6,35426.0,5866.0
2024,60218.0,MPower Energy NJ LLC,B,Energy,O,NJ,Retail Power Marketer,PJM,3311.6,16972,3505,446.6,2229,117,0,0,0,0,0,0,3758.2,19201.0,3622.0
2024,60218.0,MPower Energy NJ LLC,B,Energy,O,OH,Retail Power Marketer,PJM,1556.4,8480,1314,6.8,54,6,0,0,0,0,0,0,1563.2,8534.0,1320.0
2024,60218.0,MPower Energy NJ LLC,B,Energy,O,PA,Retail Power Marketer,PJM,8232.3,46323,6969,260.5,1364,90,0,0,0,0,0,0,8492.8,47687.0,7059.0
2024,60402.0,Peninsula Clean Energy Authority,B,Energy,O,CA,Community Choice Aggregator,CISO,189050.3,1392192,282893,235123.9,1750084,28444,32513.4,267381,303,0,0,0,456687.6,3409657.0,311640.0
2024,60482.0,CKenergy Electric Cooperative,A,Bundled,O,OK,Cooperative,SWPP,34784.6,271430,22555,35056.3,316967,4810,12875.7,188856,33,,,,82716.6,777253.0,27398.0
2024,60579.0,"SFE Energy Ohio, Inc.",B,Energy,O,OH,Retail Power Marketer,PJM,3713.8,49314,6743,3698.7,49101,1480,,,,,,,7412.5,98415.0,8223.0
2024,60583.0,Atlantic Energy LLC,B,Energy,O,DC,Retail Power Marketer,PJM,672.9,2806,481,403.6,1677,31,0,0,0,0,0,0,1076.5,4483.0,512.0
2024,60583.0,Atlantic Energy LLC,B,Energy,O,DE,Retail Power Marketer,PJM,179,867,117,23.9,113,5,0,0,0,0,0,0,202.9,980.0,122.0
2024,60583.0,Atlantic Energy LLC,B,Energy,O,IL,Retail Power Marketer,PJM,618.7,5909,865,1.7,13,2,0,0,0,0,0,0,620.4,5922.0,867.0
2024,60583.0,Atlantic Energy LLC,B,Energy,O,MA,Retail Power Marketer,ISNE,8439.4,26373,4814,3197.2,8828,219,0,0,0,0,0,0,11636.6,35201.0,5033.0
2024,60583.0,Atlantic Energy LLC,B,Energy,O,MD,Retail Power Marketer,PJM,1748,9876,1133,1943,9463,297,0,0,0,0,0,0,3691.0,19339.0,1430.0
2024,60583.0,Atlantic Energy LLC,B,Energy,O,NJ,Retail Power Marketer,PJM,1609.6,5636,1065,1300.8,4445,106,0,0,0,0,0,0,2910.4,10081.0,1171.0
2024,60583.0,Atlantic Energy LLC,B,Energy,O,NY,Retail Power Marketer,NYIS,2987.3,17267,3283,1337.9,6138,473,0,0,0,0,0,0,4325.2,23405.0,3756.0
2024,60583.0,Atlantic Energy LLC,B,Energy,O,OH,Retail Power Marketer,PJM,1349.4,11870,1650,153,810,17,0,0,0,0,0,0,1502.4,12680.0,1667.0
2024,60583.0,Atlantic Energy LLC,B,Energy,O,PA,Retail Power Marketer,PJM,1227.3,6118,922,746.5,3404,112,0,0,0,0,0,0,1973.8,9522.0,1034.0
2024,60583.0,Atlantic Energy LLC,D,Bundled,O,TX,Retail Power Marketer,ERCO,953.2,7224,774,51.3,405,53,0,0,0,0,0,0,1004.5,7629.0,827.0
2024,60631.0,Upper Michigan Energy Resources Corp.,A,Bundled,O,MI,Investor Owned,MISO,33033.3,223869,33252,17824,133191,3994,87396.4,1454941,38,0,0,0,138253.7,1812001.0,37284.0
2024,60631.0,Upper Michigan Energy Resources Corp.,C,Delivery,O,MI,Investor Owned,MISO,0,0,0,1409.8,44247,57,952.6,203354,18,0,0,0,2362.4,247601.0,75.0
2024,60696.0,"Vista Energy Marketing, L.P.",B,Energy,O,IL,Retail Power Marketer,PJM,5620.6,38186,7059,55.8,504,11,0,0,0,0,0,0,5676.4,38690.0,7070.0
2024,60696.0,"Vista Energy Marketing, L.P.",B,Energy,O,IL,Retail Power Marketer,MISO,8703.2,68974,8227,0,0,0,0,0,0,0,0,0,8703.2,68974.0,8227.0
2024,60696.0,"Vista Energy Marketing, L.P.",B,Energy,O,NJ,Retail Power Marketer,PJM,139.1,673,134,0,0,0,0,0,0,0,0,0,139.1,673.0,134.0
2024,60696.0,"Vista Energy Marketing, L.P.",B,Energy,O,OH,Retail Power Marketer,PJM,2304.7,15853,2433,0,0,0,0,0,0,0,0,0,2304.7,15853.0,2433.0
2024,60696.0,"Vista Energy Marketing, L.P.",B,Energy,O,PA,Retail Power Marketer,PJM,3239,20799,3059,93.6,916,25,0,0,0,0,0,0,3332.6,21715.0,3084.0
2024,60758.0,Apple Valley Choice Energy,B,Energy,O,CA,Community Choice Aggregator,CISO,24604,149109,22941,8243,61714,2313,1757,15213,72,0,0,0,34604.0,226036.0,25326.0
2024,60759.0,Silicon Valley Clean Energy Authority,B,Energy,O,CA,Community Choice Aggregator,CISO,190728.3,1324868,249951,264947.6,1944042,25879,87121.3,715955,865,0,0,0,542797.2,3984865.0,276695.0
2024,60839.0,Southern Pioneer Electric Company,A,Bundled,O,KS,Cooperative,SWPP,18669,117680,12602,21270,149572,4435,27687,484602,68,0,0,0,67626.0,751854.0,17105.0
2024,60868.0,Redwood Coast Energy Authority,B,Energy,O,CA,Community Choice Aggregator,CISO,34656.1,235696,51305,28010.6,202716,8654,11659.5,89144,1759,0,0,0,74326.2,527556.0,61718.0
2024,60914.0,Current Power & Gas Inc.,B,Energy,O,OH,Retail Power Marketer,PJM,58.8,870,121,2395.7,38309,3410,0,0,0,0,0,0,2454.5,39179.0,3531.0
2024,60977.0,StateWise Energy Ohio LLC,B,Energy,O,OH,Retail Power Marketer,PJM,1770.7,25444,2874,6.3,90,5,,,,,,,1777.0,25534.0,2879.0
2024,60981.0,"TerraForm US Energy Services, LLC",A,Bundled,O,AZ,Behind the Meter,AZPS,0,0,0,1846,16628,29,0,0,0,0,0,0,1846.0,16628.0,29.0
2024,60981.0,"TerraForm US Energy Services, LLC",A,Bundled,O,CA,Behind the Meter,CISO,0,0,0,5607,31551,81,0,0,0,0,0,0,5607.0,31551.0,81.0
2024,60981.0,"TerraForm US Energy Services, LLC",A,Bundled,O,CO,Behind the Meter,PSCO,0,0,0,101,1747,13,0,0,0,0,0,0,101.0,1747.0,13.0
2024,60981.0,"TerraForm US Energy Services, LLC",A,Bundled,O,CT,Behind the Meter,ISNE,0,0,0,172,1272,6,0,0,0,0,0,0,172.0,1272.0,6.0
2024,60981.0,"TerraForm US Energy Services, LLC",A,Bundled,O,FL,Behind the Meter,FPC,0,0,0,195,679,3,0,0,0,0,0,0,195.0,679.0,3.0
2024,60981.0,"TerraForm US Energy Services, LLC",A,Bundled,O,GA,Behind the Meter,SEPA,0,0,0,904,5984,5,0,0,0,0,0,0,904.0,5984.0,5.0
2024,60981.0,"TerraForm US Energy Services, LLC",A,Bundled,O,HI,Behind the Meter,HECO,0,0,0,403,1520,6,0,0,0,0,0,0,403.0,1520.0,6.0
2024,60981.0,"TerraForm US Energy Services, LLC",A,Bundled,O,MA,Behind the Meter,ISNE,0,0,0,1891,17612,24,0,0,0,0,0,0,1891.0,17612.0,24.0
2024,60981.0,"TerraForm US Energy Services, LLC",A,Bundled,O,MD,Behind the Meter,PJM,0,0,0,233,2604,7,0,0,0,0,0,0,233.0,2604.0,7.0
2024,60981.0,"TerraForm US Energy Services, LLC",A,Bundled,O,NH,Behind the Meter,ISNE,0,0,0,95,1105,1,0,0,0,0,0,0,95.0,1105.0,1.0
2024,60981.0,"TerraForm US Energy Services, LLC",A,Bundled,O,NJ,Behind the Meter,PJM,0,0,0,4462,34435,130,0,0,0,0,0,0,4462.0,34435.0,130.0
2024,60981.0,"TerraForm US Energy Services, LLC",A,Bundled,O,NY,Behind the Meter,NYIS,0,0,0,99,629,6,0,0,0,0,0,0,99.0,629.0,6.0
2024,60981.0,"TerraForm US Energy Services, LLC",A,Bundled,O,OR,Behind the Meter,PACW,0,0,0,87,1072,3,0,0,0,0,0,0,87.0,1072.0,3.0
2024,60981.0,"TerraForm US Energy Services, LLC",A,Bundled,O,PA,Behind the Meter,PJM,0,0,0,306,3940,18,0,0,0,0,0,0,306.0,3940.0,18.0
2024,60981.0,"TerraForm US Energy Services, LLC",A,Bundled,O,TX,Behind the Meter,ERCO,0,0,0,67,991,2,0,0,0,0,0,0,67.0,991.0,2.0
2024,60981.0,"TerraForm US Energy Services, LLC",A,Bundled,O,VT,Behind the Meter,ISNE,0,0,0,632,2352,2,0,0,0,0,0,0,632.0,2352.0,2.0
2024,61059.0,"Renaissance Power & Gas, Inc.",B,Energy,O,DC,Retail Power Marketer,PJM,131,957,153,0.7,6,1,0,0,0,0,0,0,131.7,963.0,154.0
2024,61059.0,"Renaissance Power & Gas, Inc.",B,Energy,O,MA,Retail Power Marketer,ISNE,4447.9,30190,4828,729.2,4612,203,0,0,0,0,0,0,5177.1,34802.0,5031.0
2024,61059.0,"Renaissance Power & Gas, Inc.",B,Energy,O,NY,Retail Power Marketer,NYIS,1667.7,10715,2436,1285.2,7606,389,0,0,0,0,0,0,2952.9,18321.0,2825.0
2024,61059.0,"Renaissance Power & Gas, Inc.",B,Energy,O,OH,Retail Power Marketer,PJM,147.3,1373,359,17.7,196,19,0,0,0,0,0,0,165.0,1569.0,378.0
2024,61059.0,"Renaissance Power & Gas, Inc.",B,Energy,O,PA,Retail Power Marketer,PJM,1760.4,21697,5282,49.6,662,121,0,0,0,0,0,0,1810.0,22359.0,5403.0
2024,61083.0,Pico Rivera Innovative Municipal Energy,B,Energy,O,CA,Community Choice Aggregator,CISO,13508,84710,15000,11335,86015,1743,3619,31419,33,,,,28462.0,202144.0,16776.0
2024,61092.0,"Stream Energy Illinois, LLC",B,Energy,O,IL,Retail Power Marketer,PJM,2482,20042,2989,531,4795,163,0,0,0,0,0,0,3013.0,24837.0,3152.0
2024,61131.0,Freepoint Energy Solutions LLC,B,Energy,O,DC,Retail Power Marketer,PJM,0,0,0,13892,124749,103,0,0,0,0,0,0,13892.0,124749.0,103.0
2024,61131.0,Freepoint Energy Solutions LLC,B,Energy,O,DE,Retail Power Marketer,PJM,0,0,0,10164,108268,313,0,0,0,0,0,0,10164.0,108268.0,313.0
2024,61131.0,Freepoint Energy Solutions LLC,B,Energy,O,IL,Retail Power Marketer,PJM,0,0,0,40258,591065,1317,0,0,0,0,0,0,40258.0,591065.0,1317.0
2024,61131.0,Freepoint Energy Solutions LLC,B,Energy,O,MD,Retail Power Marketer,PJM,0,0,0,72613,738582,705,0,0,0,0,0,0,72613.0,738582.0,705.0
2024,61131.0,Freepoint Energy Solutions LLC,B,Energy,O,NJ,Retail Power Marketer,PJM,0,0,0,63895,642866,440,0,0,0,0,0,0,63895.0,642866.0,440.0
2024,61131.0,Freepoint Energy Solutions LLC,B,Energy,O,NY,Retail Power Marketer,NYIS,0,0,0,24018,260361,81,0,0,0,0,0,0,24018.0,260361.0,81.0
2024,61131.0,Freepoint Energy Solutions LLC,B,Energy,O,OH,Retail Power Marketer,PJM,0,0,0,195786,3463543,4607,0,0,0,0,0,0,195786.0,3463543.0,4607.0
2024,61131.0,Freepoint Energy Solutions LLC,B,Energy,O,PA,Retail Power Marketer,PJM,0,0,0,254101,3036421,2745,0,0,0,0,0,0,254101.0,3036421.0,2745.0
2024,61131.0,Freepoint Energy Solutions LLC,D,Bundled,O,TX,Retail Power Marketer,ERCO,0,0,0,188807,1787843,2474,0,0,0,0,0,0,188807.0,1787843.0,2474.0
2024,61200.0,"Summer Energy Northeast, LLC",B,Energy,O,MA,Retail Power Marketer,ISNE,465,893,174,318,583,60,0,0,0,0,0,0,783.0,1476.0,234.0
2024,61200.0,"Summer Energy Northeast, LLC",B,Energy,O,NH,Retail Power Marketer,ISNE,8,16,17,6,17,6,0,0,0,0,0,0,14.0,33.0,23.0
2024,61201.0,"Stream Energy Delaware, LLC",B,Energy,O,DE,Retail Power Marketer,PJM,271,1727,172,27,170,10,0,0,0,0,0,0,298.0,1897.0,182.0
2024,61206.0,Total Gas & Power North America Inc,D,Bundled,O,TX,Retail Power Marketer,ERCO,0,0,0,5943.5,156259,5,45135.5,803035,6,0,0,0,51079.0,959294.0,11.0
2024,61264.0,Heritage Power LLC,D,Bundled,O,TX,Retail Power Marketer,ERCO,6637.6,45874,3235,4181.1,32140,742,0,0,0,0,0,0,10818.7,78014.0,3977.0
2024,61265.0,Pogo Energy LLC,D,Bundled,O,TX,Retail Power Marketer,ERCO,24458.2,144508,11517,0,0,0,0,0,0,0,0,0,24458.2,144508.0,11517.0
2024,61283.0,"Palmco Power DC, LLC",B,Energy,O,DC,Retail Power Marketer,PJM,1018.1,4618,868,319.1,3036,35,0,0,0,0,0,0,1337.2,7654.0,903.0
2024,61349.0,"Palmco Power DE, LLC",B,Energy,O,DE,Retail Power Marketer,PJM,428.4,2272,248,0,0,0,0,0,0,0,0,0,428.4,2272.0,248.0
2024,61353.0,Philadelphia Authority for Industrial Development,A,Bundled,O,PA,Municipal,PJM,,,,11857.8,92551,194,15834.3,103276,8,,,,27692.1,195827.0,202.0
2024,61367.0,South Bay Energy Corp.,B,Energy,O,IL,Retail Power Marketer,PJM,76,592,107,232,1886,78,0,0,0,0,0,0,308.0,2478.0,185.0
2024,61367.0,South Bay Energy Corp.,B,Energy,O,NJ,Retail Power Marketer,PJM,1580,7948,1195,3627,17693,910,393,1836,11,0,0,0,5600.0,27477.0,2116.0
2024,61367.0,South Bay Energy Corp.,B,Energy,O,NY,Retail Power Marketer,NYIS,1428.4,5875,1467,6145.5,27780,964,251.8,1249,27,0,0,0,7825.7,34904.0,2458.0
2024,61367.0,South Bay Energy Corp.,B,Energy,O,OH,Retail Power Marketer,PJM,94,718,95,148,1210,114,0,0,0,0,0,0,242.0,1928.0,209.0
2024,61367.0,South Bay Energy Corp.,B,Energy,O,PA,Retail Power Marketer,PJM,2034,13080,1704,986,6312,489,0,0,0,0,0,0,3020.0,19392.0,2193.0
2024,61431.0,Pioneer Community Energy,B,Energy,O,CA,Community Choice Aggregator,CISO,141794,993284,144723,84394,605984,20290,16810,137775,643,0,0,0,242998.0,1737043.0,165656.0
2024,61432.0,Central Coast Community Energy,B,Energy,O,CA,Community Choice Aggregator,CISO,219250.9,1684832,383835,218621.4,1884745,56989,125433,1123718,7225,0,0,0,563305.3,4693295.0,448049.0
2024,61433.0,San Jacinto Power,B,Energy,O,CA,Community Choice Aggregator,CISO,16164,97293,13558,5881,44351,1507,3523,32140,43,0,0,0,25568.0,173784.0,15108.0
2024,61462.0,Valley Clean Energy Alliance,B,Energy,O,CA,Community Choice Aggregator,CISO,42415.5,272616,54337,39176.2,262265,6034,19332.7,138748,1928,0,0,0,100924.4,673629.0,62299.0
2024,61471.0,Rancho Mirage Energy Authority,B,Energy,O,CA,Community Choice Aggregator,CISO,21525,128434,13079,9258,68775,1971,8602,79094,83,0,0,0,39385.0,276303.0,15133.0
2024,61475.0,Ava Community Energy,B,Energy,O,CA,Community Choice Aggregator,CISO,351874,2405490,581804,393444,2805875,54677,132429,964735,5707,0,0,0,877747.0,6176100.0,642188.0
2024,61479.0,"Stream Ohio Gas & Electric, LLC",B,Energy,O,OH,Retail Power Marketer,PJM,1022.2,8925,848,108.5,1021,60,0,0,0,0,0,0,1130.7,9946.0,908.0
2024,61526.0,Clean Power Alliance of Southern Califor,B,Energy,O,CA,Community Choice Aggregator,CISO,814624.2,5098735,753633,540332.2,3955143,66162,194491.5,1595624,1369,0,0,0,1549447.9,10649502.0,821164.0
2024,61570.0,King City Community Power,B,Energy,O,CA,Community Choice Aggregator,CISO,1644,10095,2838,2858,19394,569,637,4379,37,0,0,0,5139.0,33868.0,3444.0
2024,61823.0,"Greenskies Renewable Energy, LLC",A,Bundled,O,CA,Behind the Meter,CISO,,,,1704.1,17498,4,,,,,,,1704.1,17498.0,4.0
2024,61823.0,"Greenskies Renewable Energy, LLC",A,Bundled,O,CO,Behind the Meter,WACM,,,,70.8,1855,1,,,,,,,70.8,1855.0,1.0
2024,61823.0,"Greenskies Renewable Energy, LLC",A,Bundled,O,CT,Behind the Meter,ISNE,,,,4137,65816,29,,,,,,,4137.0,65816.0,29.0
2024,61823.0,"Greenskies Renewable Energy, LLC",A,Bundled,O,FL,Behind the Meter,GVL,,,,784.3,2340,1,,,,,,,784.3,2340.0,1.0
2024,61823.0,"Greenskies Renewable Energy, LLC",A,Bundled,O,MA,Behind the Meter,ISNE,,,,2253.5,28912,2,,,,,,,2253.5,28912.0,2.0
2024,61823.0,"Greenskies Renewable Energy, LLC",A,Bundled,O,NJ,Behind the Meter,PJM,,,,995.7,35070,22,,,,,,,995.7,35070.0,22.0
2024,61823.0,"Greenskies Renewable Energy, LLC",A,Bundled,O,PA,Behind the Meter,PJM,,,,29.4,423,1,,,,,,,29.4,423.0,1.0
2024,61855.0,"Pulse Power, LLC",D,Bundled,O,TX,Retail Power Marketer,ERCO,220914.2,1499845,101940,17247.1,122235,6024,0,0,0,0,0,0,238161.3,1622080.0,107964.0
2024,61858.0,San Jose Clean Energy,B,Energy,O,CA,Community Choice Aggregator,CISO,241420.3,1594382,326459,268217.1,1807283,27891,45498,326840,51,2016.2,15057,1,557151.6,3743562.0,354402.0
2024,61920.0,"All American Power and Gas, LLC",B,Energy,O,NJ,Retail Power Marketer,PJM,292.6,814,123,2468.5,6659,283,,,,,,,2761.1,7473.0,406.0
2024,61920.0,"All American Power and Gas, LLC",B,Energy,O,NY,Retail Power Marketer,NYIS,774.6,1865,396,7390.2,17456,1052,,,,,,,8164.8,19321.0,1448.0
2024,61920.0,"All American Power and Gas, LLC",B,Energy,O,OH,Retail Power Marketer,PJM,23.1,83,15,2.6,9,1,,,,,,,25.7,92.0,16.0
2024,61920.0,"All American Power and Gas, LLC",B,Energy,O,PA,Retail Power Marketer,PJM,1570.7,5961,837,7998.3,31235,1056,,,,,,,9569.0,37196.0,1893.0
2024,61922.0,"Pure Energy USA, LLC",B,Energy,O,IL,Retail Power Marketer,PJM,1633.9,5993,1138,942.3,3993,278,,,,,,,2576.2,9986.0,1416.0
2024,61922.0,"Pure Energy USA, LLC",B,Energy,O,NJ,Retail Power Marketer,PJM,3260.8,9466,1482,7461.7,22236,786,,,,,,,10722.5,31702.0,2268.0
2024,61922.0,"Pure Energy USA, LLC",B,Energy,O,NY,Retail Power Marketer,NYIS,7185.8,18867,4633,3899.5,12643,224,,,,,,,11085.3,31510.0,4857.0
2024,61922.0,"Pure Energy USA, LLC",B,Energy,O,OH,Retail Power Marketer,PJM,340.2,1221,153,73,261,11,,,,,,,413.2,1482.0,164.0
2024,61922.0,"Pure Energy USA, LLC",B,Energy,O,PA,Retail Power Marketer,PJM,6822.4,21621,3140,8279.6,27811,1405,,,,,,,15102.0,49432.0,4545.0
2024,61972.0,"SunSea Energy, LLC",B,Energy,O,DC,Retail Power Marketer,PJM,1995.5,7632,1512,221.3,825,78,,,,,,,2216.8,8457.0,1590.0
2024,61972.0,"SunSea Energy, LLC",B,Energy,O,NJ,Retail Power Marketer,PJM,2361,8869,1871,37.8,150,25,,,,,,,2398.8,9019.0,1896.0
2024,61972.0,"SunSea Energy, LLC",B,Energy,O,NY,Retail Power Marketer,NYIS,2386.2,8520,1808,0.5,2,1,,,,,,,2386.7,8522.0,1809.0
2024,61972.0,"SunSea Energy, LLC",B,Energy,O,OH,Retail Power Marketer,PJM,1794.5,10600,1641,13,72,11,,,,,,,1807.5,10672.0,1652.0
2024,62094.0,"SFE Energy Illinois, Inc.",B,Energy,O,IL,Retail Power Marketer,MISO,323.9,3170,385,7527.5,73761,1232,,,,,,,7851.4,76931.0,1617.0
2024,62117.0,"SFE Energy Texas, Inc.",D,Bundled,O,TX,Retail Power Marketer,ERCO,,,,4379.5,34725,661,,,,,,,4379.5,34725.0,661.0
2024,62148.0,Powervine Energy,B,Energy,O,MD,Retail Power Marketer,PJM,429.8,3206,577,0,0,0,0,0,0,0,0,0,429.8,3206.0,577.0
2024,62148.0,Powervine Energy,B,Energy,O,OH,Retail Power Marketer,PJM,1164.6,16489,1138,38.4,558,23,0,0,0,0,0,0,1203.0,17047.0,1161.0
2024,62148.0,Powervine Energy,B,Energy,O,PA,Retail Power Marketer,PJM,2331,21532,2225,0,0,0,0,0,0,0,0,0,2331.0,21532.0,2225.0
2024,62154.0,StateWise Energy Maryland LLC,B,Energy,O,MD,Retail Power Marketer,PJM,1962.9,17921,1758,23.7,204,3,,,,,,,1986.6,18125.0,1761.0
2024,62156.0,"Power UP Energy, LLC",B,Energy,O,NJ,Retail Power Marketer,PJM,255.7,713,38,2104.3,5894,404,,,,,,,2360.0,6607.0,442.0
2024,62156.0,"Power UP Energy, LLC",B,Energy,O,NY,Retail Power Marketer,NYIS,14.5,39,8,1057.4,2513,96,,,,,,,1071.9,2552.0,104.0
2024,62156.0,"Power UP Energy, LLC",B,Energy,O,PA,Retail Power Marketer,PJM,17.6,55,10,3009.5,9867,331,,,,,,,3027.1,9922.0,341.0
2024,62790.0,"Summer Energy Midwest, LLC",B,Energy,O,IL,Retail Power Marketer,PJM,0,0,0,9913.2,147768,576,0,0,0,0,0,0,9913.2,147768.0,576.0
2024,62790.0,"Summer Energy Midwest, LLC",B,Energy,O,OH,Retail Power Marketer,PJM,89,971,99,12222.5,180302,1047,0,0,0,0,0,0,12311.5,181273.0,1146.0
2024,62790.0,"Summer Energy Midwest, LLC",B,Energy,O,PA,Retail Power Marketer,PJM,123.7,1309,39,3397.5,40454,335,0,0,0,0,0,0,3521.2,41763.0,374.0
2024,62862.0,Chariot Energy,D,Bundled,O,TX,Retail Power Marketer,ERCO,74506.3,451677,31360,14819.3,87637,1392,0,0,0,0,0,0,89325.6,539314.0,32752.0
2024,62914.0,StateWise Energy Pennsylvania LLC,B,Energy,O,PA,Retail Power Marketer,PJM,793.9,10464,1168,15.8,200,2,,,,,,,809.7,10664.0,1170.0
2024,62952.0,"Southern Federal Power, LLC",D,Bundled,O,TX,Retail Power Marketer,ERCO,26812,338947,19461,0,0,0,0,0,0,0,0,0,26812.0,338947.0,19461.0
2024,62987.0,Octopus Energy LLC,D,Bundled,O,TX,Retail Power Marketer,ERCO,38522,305358,16024,,,,,,,,,,38522.0,305358.0,16024.0
2024,63007.0,First Choice Energy LLC,B,Energy,O,NY,Retail Power Marketer,NYIS,1691.4,9998,186,43.3,379,23,0,0,0,0,0,0,1734.7,10377.0,209.0
2024,63008.0,Agressive Energy LLC,B,Energy,O,IL,Retail Power Marketer,PJM,0,0,0,33232.4,491687,653,0,0,0,0,0,0,33232.4,491687.0,653.0
2024,63008.0,Agressive Energy LLC,B,Energy,O,MD,Retail Power Marketer,PJM,0,0,0,2157.3,24308,39,0,0,0,0,0,0,2157.3,24308.0,39.0
2024,63008.0,Agressive Energy LLC,B,Energy,O,NJ,Retail Power Marketer,PJM,0,0,0,20937.5,178956,656,0,0,0,0,0,0,20937.5,178956.0,656.0
2024,63008.0,Agressive Energy LLC,B,Energy,O,NY,Retail Power Marketer,NYIS,0,0,0,174870.6,1323917,5375,0,0,,0,0,0,174870.6,1323917.0,5375.0
2024,63008.0,Agressive Energy LLC,B,Energy,O,OH,Retail Power Marketer,PJM,0,0,0,2689.8,41788,147,0,0,0,0,0,0,2689.8,41788.0,147.0
2024,63008.0,Agressive Energy LLC,B,Energy,O,PA,Retail Power Marketer,PJM,0,0,0,12600.9,166517,399,0,0,0,0,0,0,12600.9,166517.0,399.0
2024,63122.0,"Approved Energy II, LLC",B,Energy,O,NJ,Retail Power Marketer,PJM,4.2,39,2,44773.5,456363,3168,0,0,0,0,0,0,44777.7,456402.0,3170.0
2024,63122.0,"Approved Energy II, LLC",B,Energy,O,NY,Retail Power Marketer,NYIS,13,78,2,40348,313136,4012,0,0,0,0,0,0,40361.0,313214.0,4014.0
2024,63122.0,"Approved Energy II, LLC",B,Energy,O,OH,Retail Power Marketer,PJM,0,0,0,49.7,788,1,0,0,0,0,0,0,49.7,788.0,1.0
2024,63122.0,"Approved Energy II, LLC",B,Energy,O,PA,Retail Power Marketer,PJM,0,0,0,2626.3,33455,190,0,0,0,0,0,0,2626.3,33455.0,190.0
2024,63168.0,Median Energy Corp.,B,Energy,O,DC,Retail Power Marketer,PJM,563,3420,491,0,0,0,0,0,0,0,0,0,563.0,3420.0,491.0
2024,63168.0,Median Energy Corp.,B,Energy,O,MD,Retail Power Marketer,PJM,1505.8,8474,1276,0,0,0,0,0,0,0,0,0,1505.8,8474.0,1276.0
2024,63168.0,Median Energy Corp.,B,Energy,O,NJ,Retail Power Marketer,PJM,3219.3,15217,2335,0,0,0,0,0,0,0,0,0,3219.3,15217.0,2335.0
2024,63168.0,Median Energy Corp.,B,Energy,O,NY,Retail Power Marketer,NYIS,3526.3,19229,4098,153.8,919,177,0,0,0,0,0,0,3680.1,20148.0,4275.0
2024,63168.0,Median Energy Corp.,B,Energy,O,OH,Retail Power Marketer,PJM,500.8,3933,565,0.1,1,1,0,0,0,0,0,0,500.9,3934.0,566.0
2024,63169.0,Median Energy PA LLC,B,Energy,O,PA,Retail Power Marketer,PJM,1520,8599,1255,37.3,230,30,0,0,0,0,0,0,1557.3,8829.0,1285.0
2024,63232.0,"National Gas & Electric, LLC",B,Energy,O,MA,Retail Power Marketer,ISNE,10778.2,53722,8269,719.1,5017,103,140,1078,1,0,0,0,11637.3,59817.0,8373.0
2024,63232.0,"National Gas & Electric, LLC",B,Energy,O,MD,Retail Power Marketer,PJM,1592.5,12270,1075,36.9,256,14,0,0,0,0,0,0,1629.4,12526.0,1089.0
2024,63232.0,"National Gas & Electric, LLC",B,Energy,O,NJ,Retail Power Marketer,NYIS,1574.3,8472,1278,2,20,1,0,0,0,0,0,0,1576.3,8492.0,1279.0
2024,63232.0,"National Gas & Electric, LLC",B,Energy,O,OH,Retail Power Marketer,PJM,1947,18170,1832,0.1,1,1,0,0,0,0,0,0,1947.1,18171.0,1833.0
2024,63232.0,"National Gas & Electric, LLC",B,Energy,O,PA,Retail Power Marketer,PJM,8994.7,76926,8378,42.6,375,17,0,0,0,0,0,0,9037.3,77301.0,8395.0
2024,63356.0,SmartestEnergy US LLC,B,Energy,O,CT,Retail Power Marketer,ISNE,0,0,0,6987.1,67098,61,0,0,0,0,0,0,6987.1,67098.0,61.0
2024,63356.0,SmartestEnergy US LLC,B,Energy,O,DC,Retail Power Marketer,PJM,0,0,0,4712,38988,44,0,0,0,0,0,0,4712.0,38988.0,44.0
2024,63356.0,SmartestEnergy US LLC,B,Energy,O,DE,Retail Power Marketer,PJM,0,0,0,3373,38937,49,0,0,0,0,0,0,3373.0,38937.0,49.0
2024,63356.0,SmartestEnergy US LLC,B,Energy,O,IL,Retail Power Marketer,PJM,0,0,0,19699,296966,257,0,0,0,0,0,0,19699.0,296966.0,257.0
2024,63356.0,SmartestEnergy US LLC,B,Energy,O,MA,Retail Power Marketer,ISNE,0,0,0,5068,37719,30,0,0,0,0,0,0,5068.0,37719.0,30.0
2024,63356.0,SmartestEnergy US LLC,B,Energy,O,MD,Retail Power Marketer,PJM,0,0,0,18117,177697,180,0,0,0,0,0,0,18117.0,177697.0,180.0
2024,63356.0,SmartestEnergy US LLC,B,Energy,O,NJ,Retail Power Marketer,PJM,0,0,0,38688,325599,242,0,0,0,0,0,0,38688.0,325599.0,242.0
2024,63356.0,SmartestEnergy US LLC,B,Energy,O,NY,Retail Power Marketer,NYIS,0,0,0,102612,904679,1302,0,0,0,0,0,0,102612.0,904679.0,1302.0
2024,63356.0,SmartestEnergy US LLC,B,Energy,O,OH,Retail Power Marketer,PJM,0,0,0,30760,506075,402,0,0,0,0,0,0,30760.0,506075.0,402.0
2024,63356.0,SmartestEnergy US LLC,B,Energy,O,PA,Retail Power Marketer,PJM,0,0,0,129068,1801466,949,0,0,0,0,0,0,129068.0,1801466.0,949.0
2024,63356.0,SmartestEnergy US LLC,B,Energy,O,RI,Retail Power Marketer,ISNE,,,,12,124,3,,,,,,,12.0,124.0,3.0
2024,63364.0,"Mirabito Power & Gas, LLC",B,Energy,O,NY,Retail Power Marketer,NYIS,38.7,534,34,11787.4,165630,1636,2030.6,30724,114,0,0,0,13856.7,196888.0,1784.0
2024,63367.0,Commercial Energy of California,B,Energy,O,CA,Retail Power Marketer,CISO,0,0,0,41760,724909,1046,0,0,0,0,0,0,41760.0,724909.0,1046.0
2024,63422.0,Varsity Energy,D,Bundled,O,TX,Retail Power Marketer,ERCO,12923.5,91958,7180,151.3,1063,34,0,0,0,0,0,0,13074.8,93021.0,7214.0
2024,63546.0,"Provision Power & Gas, LLC",B,Energy,O,OH,Retail Power Marketer,PJM,6435.8,65153,8165,137.4,1332,111,0,0,0,0,0,0,6573.2,66485.0,8276.0
2024,63570.0,"Chief Energy Power, LLC",B,Energy,O,NY,Retail Power Marketer,NYIS,1646,13521,1029,5092,35189,750,0,0,0,0,0,0,6738.0,48710.0,1779.0
2024,63695.0,"RPA Energy, Inc.",B,Energy,O,DC,Retail Power Marketer,PJM,119,466,82,0,0,0,0,0,0,0,0,0,119.0,466.0,82.0
2024,63695.0,"RPA Energy, Inc.",B,Energy,O,DE,Retail Power Marketer,PJM,178.5,842,129,0,0,0,0,0,0,0,0,0,178.5,842.0,129.0
2024,63695.0,"RPA Energy, Inc.",B,Energy,O,IL,Retail Power Marketer,PJM,5226,29551,5099,0,0,0,0,0,0,0,0,0,5226.0,29551.0,5099.0
2024,63695.0,"RPA Energy, Inc.",B,Energy,O,MD,Retail Power Marketer,PJM,894,4703,729,0,0,0,0,0,0,0,0,0,894.0,4703.0,729.0
2024,63695.0,"RPA Energy, Inc.",B,Energy,O,NJ,Retail Power Marketer,PJM,1254.8,4614,976,9.5,68,7,0,0,0,0,0,0,1264.3,4682.0,983.0
2024,63695.0,"RPA Energy, Inc.",B,Energy,O,OH,Retail Power Marketer,PJM,76.9,471,662,0,0,0,0,0,0,0,0,0,76.9,471.0,662.0
2024,63695.0,"RPA Energy, Inc.",B,Energy,O,PA,Retail Power Marketer,PJM,2502.5,10932,1818,4.6,36,2,0,0,0,0,0,0,2507.1,10968.0,1820.0
2024,63725.0,Pomona Choice Energy (PCE),B,Energy,O,CA,Community Choice Aggregator,CISO,34760,213516,36414,24154,177964,5309,1976,16975,42,0,0,0,60890.0,408455.0,41765.0
2024,63870.0,Click Energy LLC,B,Energy,O,PA,Retail Power Marketer,PJM,403.6,2448,249,,,,,,,,,,403.6,2448.0,249.0
2024,64011.0,Rhythm Ops LLC,D,Bundled,O,TX,Retail Power Marketer,ERCO,162524.3,660084,99070,5209.3,32609,1099,0,0,0,0,0,0,167733.6,692693.0,100169.0
2024,64195.0,Desert Community Energy,B,Energy,O,CA,Community Choice Aggregator,CISO,39973.3,207316,28095,25010,144635,3970,3330.4,22969,333,0,0,0,68313.7,374920.0,32398.0
2024,64222.0,"Grid Power Direct, LLC",B,Energy,O,CT,Retail Power Marketer,ISNE,0,0,0,298,2886,10,0,0,0,0,0,0,298.0,2886.0,10.0
2024,64222.0,"Grid Power Direct, LLC",B,Energy,O,DC,Retail Power Marketer,PJM,0,0,0,2314,20930,8,0,0,0,0,0,0,2314.0,20930.0,8.0
2024,64222.0,"Grid Power Direct, LLC",B,Energy,O,IL,Retail Power Marketer,PJM,0,0,0,7013,105141,83,0,0,0,0,0,0,7013.0,105141.0,83.0
2024,64222.0,"Grid Power Direct, LLC",B,Energy,O,MA,Retail Power Marketer,ISNE,0,0,0,2822,18665,7,0,0,0,0,0,0,2822.0,18665.0,7.0
2024,64222.0,"Grid Power Direct, LLC",B,Energy,O,NJ,Retail Power Marketer,NYIS,0,0,0,4897,48728,35,0,0,0,0,0,0,4897.0,48728.0,35.0
2024,64222.0,"Grid Power Direct, LLC",B,Energy,O,NY,Retail Power Marketer,NYIS,0,0,0,9030,75399,76,0,0,0,0,0,0,9030.0,75399.0,76.0
2024,64222.0,"Grid Power Direct, LLC",B,Energy,O,OH,Retail Power Marketer,PJM,0,0,0,3671,57605,38,0,0,0,0,0,0,3671.0,57605.0,38.0
2024,64222.0,"Grid Power Direct, LLC",B,Energy,O,PA,Retail Power Marketer,PJM,0,0,0,2992,39772,16,0,0,0,0,0,0,2992.0,39772.0,16.0
2024,64289.0,San Diego Community Power,B,Energy,O,CA,Community Choice Aggregator,CISO,502883,3219990,852720,643536,4214163,86298,37416,273665,3006,0,0,0,1183835.0,7707818.0,942024.0
2024,64312.0,"JP Energy Resources, LLC",D,Bundled,O,TX,Retail Power Marketer,ERCO,4851.6,42184,4058,906.1,9790,353,0,0,0,0,0,0,5757.7,51974.0,4411.0
2024,64314.0,BP Energy Retail LLC,B,Energy,O,CA,Retail Power Marketer,CISO,0,0,0,95422,635122,31,4695,30631,3,0,0,0,100117.0,665753.0,34.0
2024,64314.0,BP Energy Retail LLC,B,Energy,O,CT,Retail Power Marketer,ISNE,0,0,0,72042,763479,180,19393,214076,27,0,0,0,91435.0,977555.0,207.0
2024,64314.0,BP Energy Retail LLC,B,Energy,O,DC,Retail Power Marketer,PJM,0,0,0,9410,84795,20,195,1835,1,0,0,0,9605.0,86630.0,21.0
2024,64314.0,BP Energy Retail LLC,B,Energy,O,DE,Retail Power Marketer,PJM,0,0,0,309,3157,2,5158,76781,5,0,0,0,5467.0,79938.0,7.0
2024,64314.0,BP Energy Retail LLC,B,Energy,O,IL,Retail Power Marketer,PJM,0,0,0,74782,1631791,75,79760,1933555,27,0,0,0,154542.0,3565346.0,102.0
2024,64314.0,BP Energy Retail LLC,B,Energy,O,MA,Retail Power Marketer,ISNE,0,0,0,220264,2070577,233,51001,479413,66,0,0,0,271265.0,2549990.0,299.0
2024,64314.0,BP Energy Retail LLC,B,Energy,O,MD,Retail Power Marketer,PJM,0,0,0,15135,179649,36,4937,58383,11,0,0,0,20072.0,238032.0,47.0
2024,64314.0,BP Energy Retail LLC,B,Energy,O,ME,Retail Power Marketer,ISNE,0,0,0,16952,186517,48,10675,127794,12,0,0,0,27627.0,314311.0,60.0
2024,64314.0,BP Energy Retail LLC,B,Energy,O,NH,Retail Power Marketer,ISNE,0,0,0,20954,245616,35,10356,123929,15,0,0,0,31310.0,369545.0,50.0
2024,64314.0,BP Energy Retail LLC,B,Energy,O,NJ,Retail Power Marketer,PJM,0,0,0,165673,1670322,188,27865,337435,31,0,0,0,193538.0,2007757.0,219.0
2024,64314.0,BP Energy Retail LLC,B,Energy,O,NY,Retail Power Marketer,NYIS,0,0,0,30753,333757,58,18342,282316,14,0,0,0,49095.0,616073.0,72.0
2024,64314.0,BP Energy Retail LLC,B,Energy,O,OH,Retail Power Marketer,PJM,0,0,0,29611,587401,61,214965,5290718,50,0,0,0,244576.0,5878119.0,111.0
2024,64314.0,BP Energy Retail LLC,B,Energy,O,PA,Retail Power Marketer,PJM,0,0,0,63061,863440,138,91502,1875558,37,0,0,0,154563.0,2738998.0,175.0
2024,64314.0,BP Energy Retail LLC,B,Energy,O,RI,Retail Power Marketer,ISNE,0,0,0,13400,146442,41,2663,29241,9,0,0,0,16063.0,175683.0,50.0
2024,64314.0,BP Energy Retail LLC,B,Energy,O,VA,Retail Power Marketer,PJM,0,0,0,32523,672125,6,22958,366657,4,0,0,0,55481.0,1038782.0,10.0
2024,64314.0,BP Energy Retail LLC,D,Bundled,O,TX,Retail Power Marketer,ERCO,0,0,0,741241,16891941,453,1206903,23432998,200,0,0,0,1948144.0,40324939.0,653.0
2024,64425.0,Clean Energy Alliance,B,Energy,O,CA,Community Choice Aggregator,CISO,126898,725846,181700,150616,1029766,26663,2571,18931,248,0,0,0,280085.0,1774543.0,208611.0
2024,64521.0,Ironhorse Power Services LLC,D,Bundled,O,TX,Retail Power Marketer,ERCO,62141.3,751712,48611,22366.7,304359,5193,0,0,0,0,0,0,84508.0,1056071.0,53804.0
2024,64543.0,StateWise Energy Illinois LLC,B,Energy,O,IL,Retail Power Marketer,MISO,6.2,106,45,,,,,,,,,,6.2,106.0,45.0
2024,64554.0,OhmConnect Texas LLC,D,Bundled,O,TX,Retail Power Marketer,ERCO,23971,172676,15567,,,,,,,,,,23971.0,172676.0,15567.0
2024,64555.0,Santa Barbara Clean Energy,B,Energy,O,CA,Community Choice Aggregator,CISO,22840,129973,32140,25181,168677,6400,3846,29988,42,0,0,0,51867.0,328638.0,38582.0
2024,64601.0,LE Energy,B,Energy,O,OH,Retail Power Marketer,PJM,14467.6,122558,15418,0,0,0,0,0,0,0,0,0,14467.6,122558.0,15418.0
2024,64653.0,Declaration Energy LLC,D,Bundled,O,TX,Retail Power Marketer,ERCO,24911.2,180228,28854,1019.8,6098,1684,,,,,,,25931.0,186326.0,30538.0
2024,64682.0,"Gexa Energy, LP",D,Bundled,O,TX,Retail Power Marketer,ERCO,673339.7,3717575,259811,611223.4,8342871,67920,0,0,0,0,0,0,1284563.1,12060446.0,327731.0
2024,64705.0,"NTHERM, LLC",B,Energy,O,OH,Retail Power Marketer,PJM,3903.3,23853,2625,11435.7,68852,2977,0,0,0,0,0,0,15339.0,92705.0,5602.0
2024,64705.0,"NTHERM, LLC",B,Energy,O,PA,Retail Power Marketer,PJM,12404.5,67742,7379,33231,184113,9929,0,0,0,0,0,0,45635.5,251855.0,17308.0
2024,64727.0,Branch Energy Texas LLC,D,Bundled,O,TX,Retail Power Marketer,ERCO,2690.6,17272,1243,0,0,0,0,0,0,0,0,0,2690.6,17272.0,1243.0
2024,64906.0,Mothership,D,Bundled,O,TX,Retail Power Marketer,ERCO,145123,1029684,54612,120670,2720798,89,0,0,0,0,0,0,265793.0,3750482.0,54701.0
2024,64923.0,Capital Energy PA LLC,D,Bundled,O,TX,Retail Power Marketer,ERCO,5334.5,39155,6214,282.2,2380,77,0,0,0,0,0,0,5616.7,41535.0,6291.0
2024,64928.0,Orange County Power Authority,B,Energy,O,CA,Community Choice Aggregator,CISO,144846,979674,187088,155546,1124554,28803,54351,458698,205,0,0,0,354743.0,2562926.0,216096.0
2024,64929.0,"Good Charlie & Co., LLC",D,Bundled,O,TX,Retail Power Marketer,ERCO,55123.7,412637,23272,,,,,,,,,,55123.7,412637.0,23272.0
2024,64974.0,PBF Power Marketing,B,Energy,O,DE,Retail Power Marketer,PJM,0,0,0,0,0,0,12372.5,475948,1,0,0,0,12372.5,475948.0,1.0
2024,64974.0,PBF Power Marketing,B,Energy,O,NJ,Retail Power Marketer,PJM,0,0,0,0,0,0,542.3,19136,1,0,0,0,542.3,19136.0,1.0
2024,64974.0,PBF Power Marketing,B,Energy,O,OH,Retail Power Marketer,PJM,0,0,0,0,0,0,17641.3,515041,1,0,0,0,17641.3,515041.0,1.0
2024,64977.0,Revolution Energy LLC,D,Bundled,O,TX,Retail Power Marketer,ERCO,7103.6,51618,3960,491,4090,64,0,0,0,0,0,0,7594.6,55708.0,4024.0
2024,65242.0,"Scale Sustainable I, LLC",A,Bundled,O,CA,Behind the Meter,CISO,,,,423,2185,2,,,,,,,423.0,2185.0,2.0
2024,65242.0,"Scale Sustainable I, LLC",A,Bundled,O,CO,Behind the Meter,PSCO,,,,332,3209,4,,,,,,,332.0,3209.0,4.0
2024,65242.0,"Scale Sustainable I, LLC",A,Bundled,O,DE,Behind the Meter,PJM,,,,3.2,31,1,,,,,,,3.2,31.0,1.0
2024,65242.0,"Scale Sustainable I, LLC",A,Bundled,O,NJ,Behind the Meter,PJM,,,,153.6,2092,1,,,,,,,153.6,2092.0,1.0
2024,65242.0,"Scale Sustainable I, LLC",A,Bundled,O,OR,Behind the Meter,PACW,,,,266,670,3,,,,,,,266.0,670.0,3.0
2024,65242.0,"Scale Sustainable I, LLC",A,Bundled,O,PA,Behind the Meter,PJM,,,,4.9,37,1,,,,,,,4.9,37.0,1.0
2024,65259.0,Energy for Palmdale's Independent Choice,B,Energy,O,CA,Community Choice Aggregator,CISO,48705,294561,41057,21537,154046,4345,5227,47662,50,0,0,0,75469.0,496269.0,45452.0
2024,65261.0,Gila River Indian Utility Authority (GRICUA),A,Bundled,O,AZ,Cooperative,WALC,6709,47079,2682,29047,231658,751,0,,,0,,,35756.0,278737.0,3433.0
2024,65262.0,"Archer Energy, LLC",B,Energy,O,OH,Retail Power Marketer,PJM,34321.7,473975,40167,14067.6,202247,6470,0,0,0,0,0,0,48389.3,676222.0,46637.0
2024,65262.0,"Archer Energy, LLC",B,Energy,O,RI,Retail Power Marketer,ISNE,442.6,3257,421,795.5,7284,99,406.8,3849,7,,,,1644.9,14390.0,527.0
2024,65310.0,Energywell LLC,B,Energy,O,CT,Retail Power Marketer,ISNE,29946.2,254845,26417,3841.7,36863,1121,0,0,0,0,0,0,33787.9,291708.0,27538.0
2024,65310.0,Energywell LLC,B,Energy,O,DC,Retail Power Marketer,PJM,330.5,3066,116,40.3,386,13,0,0,0,0,0,0,370.8,3452.0,129.0
2024,65310.0,Energywell LLC,B,Energy,O,DE,Retail Power Marketer,PJM,34.6,310,31,56.9,449,11,0,0,0,0,0,0,91.5,759.0,42.0
2024,65310.0,Energywell LLC,B,Energy,O,IL,Retail Power Marketer,PJM,1548.9,17557,2218,259.3,2844,109,0,0,0,0,0,0,1808.2,20401.0,2327.0
2024,65310.0,Energywell LLC,B,Energy,O,MA,Retail Power Marketer,ISNE,6094.1,40593,5108,2082.8,13469,627,0,0,0,0,0,0,8176.9,54062.0,5735.0
2024,65310.0,Energywell LLC,B,Energy,O,MD,Retail Power Marketer,PJM,1544.7,13876,1276,812,6279,199,0,0,0,0,0,0,2356.7,20155.0,1475.0
2024,65310.0,Energywell LLC,B,Energy,O,ME,Retail Power Marketer,ISNE,3182.9,24466,3553,738.8,5746,233,0,0,0,0,0,0,3921.7,30212.0,3786.0
2024,65310.0,Energywell LLC,B,Energy,O,NH,Retail Power Marketer,ISNE,3220.8,25449,2702,294.7,2437,80,0,0,0,0,0,0,3515.5,27886.0,2782.0
2024,65310.0,Energywell LLC,B,Energy,O,NJ,Retail Power Marketer,PJM,1594.5,15085,1263,292.1,2781,187,0,0,0,0,0,0,1886.6,17866.0,1450.0
2024,65310.0,Energywell LLC,B,Energy,O,NY,Retail Power Marketer,NYIS,1291.3,11331,1109,238.5,2088,104,0,0,0,0,0,0,1529.8,13419.0,1213.0
2024,65310.0,Energywell LLC,B,Energy,O,OH,Retail Power Marketer,PJM,2084.8,25228,2136,277.8,3444,169,0,0,0,0,0,0,2362.6,28672.0,2305.0
2024,65310.0,Energywell LLC,B,Energy,O,PA,Retail Power Marketer,PJM,8619.5,82288,7700,1686.8,14918,644,0,0,0,0,0,0,10306.3,97206.0,8344.0
2024,65310.0,Energywell LLC,B,Energy,O,RI,Retail Power Marketer,ISNE,919.6,6748,719,434.5,4028,40,0,0,0,0,0,0,1354.1,10776.0,759.0
2024,65314.0,"BKV-BPP Retail, LLC",D,Bundled,O,TX,Retail Power Marketer,ERCO,136831.5,959459,52764,1068.8,7424,324,0,0,0,0,0,0,137900.3,966883.0,53088.0
2024,65335.0,Pay Less Energy LLC,B,Energy,O,NJ,Retail Power Marketer,PJM,107.3,461,92,3104.2,14768,297,,,,,,,3211.5,15229.0,389.0
2024,65335.0,Pay Less Energy LLC,B,Energy,O,NY,Retail Power Marketer,NYIS,45.8,199,44,10304,46522,1127,,,,,,,10349.8,46721.0,1171.0
2024,65353.0,Arrow Energy TX LLC,D,Bundled,O,TX,Retail Power Marketer,ERCO,1331,11485,825,0,0,0,0,0,0,0,0,0,1331.0,11485.0,825.0
2024,65413.0,Tesla Energy Ventures,D,Bundled,O,TX,Retail Power Marketer,ERCO,15448.3,116650,6348,10871.6,126820,151,138,1480,4,0,0,0,26457.9,244950.0,6503.0
2024,65439.0,CPV Retail Energy LP,B,Energy,O,DC,Retail Power Marketer,PJM,0,0,0,1805,15800,34,0,0,0,0,0,0,1805.0,15800.0,34.0
2024,65439.0,CPV Retail Energy LP,B,Energy,O,DE,Retail Power Marketer,PJM,0,0,0,1315,18300,32,0,0,0,0,0,0,1315.0,18300.0,32.0
2024,65439.0,CPV Retail Energy LP,B,Energy,O,IL,Retail Power Marketer,PJM,0,0,0,3385,56100,84,0,0,0,0,0,0,3385.0,56100.0,84.0
2024,65439.0,CPV Retail Energy LP,B,Energy,O,MD,Retail Power Marketer,PJM,,,,3755,43875,278,,,,,,,3755.0,43875.0,278.0
2024,65439.0,CPV Retail Energy LP,B,Energy,O,NJ,Retail Power Marketer,PJM,0,0,0,6705,69525,318,0,0,0,0,0,0,6705.0,69525.0,318.0
2024,65439.0,CPV Retail Energy LP,B,Energy,O,OH,Retail Power Marketer,PJM,0,0,0,3930,68200,155,0,0,0,0,0,0,3930.0,68200.0,155.0
2024,65439.0,CPV Retail Energy LP,B,Energy,O,PA,Retail Power Marketer,PJM,0,0,0,14575,208988,562,0,0,0,0,0,0,14575.0,208988.0,562.0
2024,65610.0,Ammper Power LLC,D,Bundled,O,TX,Retail Power Marketer,ERCO,0,0,0,10618,127732,66,0,0,0,0,0,0,10618.0,127732.0,66.0
2024,65613.0,"ABN Energy, LLC",B,Energy,O,NY,Retail Power Marketer,NYIS,1.5,7,1,17546.1,76386,692,,,,,,,17547.6,76393.0,693.0
2024,65649.0,Community Power Coalition of NH,B,Energy,O,NH,Community Choice Aggregator,ISNE,62411,716822,104562,25892.4,292619,21670,165.3,1908,96,0,0,0,88468.7,1011349.0,126328.0
2024,66017.0,"All Choice Energy, LLC",B,Energy,O,NY,Retail Power Marketer,NYIS,0,0,0,6739,43640,833,0,0,0,0,0,0,6739.0,43640.0,833.0
2024,66017.0,"All Choice Energy, LLC",B,Energy,O,PA,Retail Power Marketer,PJM,147.4,1007,124,0,0,0,0,0,0,0,0,0,147.4,1007.0,124.0
2024,66026.0,"Palmetto Solar, LLC",A,Bundled,O,AZ,Behind the Meter,AZPS,1602,18078,147,,,,,,,,,,1602.0,18078.0,147.0
2024,66026.0,"Palmetto Solar, LLC",A,Bundled,O,AZ,Behind the Meter,SRP,476.3,5373,44,,,,,,,,,,476.3,5373.0,44.0
2024,66026.0,"Palmetto Solar, LLC",A,Bundled,O,AZ,Behind the Meter,TEPC,293.3,3309,27,,,,,,,,,,293.3,3309.0,27.0
2024,66026.0,"Palmetto Solar, LLC",A,Bundled,O,AZ,Behind the Meter,WALC,446.1,5036,41,,,,,,,,,,446.1,5036.0,41.0
2024,66026.0,"Palmetto Solar, LLC",A,Bundled,O,CA,Behind the Meter,CISO,1717.2,7088,224,,,,,,,,,,1717.2,7088.0,224.0
2024,66026.0,"Palmetto Solar, LLC",A,Bundled,O,CA,Behind the Meter,LDWP,185.8,767,24,,,,,,,,,,185.8,767.0,24.0
2024,66026.0,"Palmetto Solar, LLC",A,Bundled,O,CO,Behind the Meter,PSCO,53.8,348,9,,,,,,,,,,53.8,348.0,9.0
2024,66026.0,"Palmetto Solar, LLC",A,Bundled,O,CO,Behind the Meter,WACM,285.7,1850,50,,,,,,,,,,285.7,1850.0,50.0
2024,66026.0,"Palmetto Solar, LLC",A,Bundled,O,CT,Behind the Meter,ISNE,228.4,813,46,,,,,,,,,,228.4,813.0,46.0
2024,66026.0,"Palmetto Solar, LLC",A,Bundled,O,FL,Behind the Meter,FPL,340,2635,40,,,,,,,,,,340.0,2635.0,40.0
2024,66026.0,"Palmetto Solar, LLC",A,Bundled,O,FL,Behind the Meter,FPC,311.5,2414,36,,,,,,,,,,311.5,2414.0,36.0
2024,66026.0,"Palmetto Solar, LLC",A,Bundled,O,FL,Behind the Meter,TEC,1346.6,10436,157,,,,,,,,,,1346.6,10436.0,157.0
2024,66026.0,"Palmetto Solar, LLC",A,Bundled,O,FL,Behind the Meter,FMPP,978,7580,114,,,,,,,,,,978.0,7580.0,114.0
2024,66026.0,"Palmetto Solar, LLC",A,Bundled,O,GA,Behind the Meter,SOCO,171.6,1354,32,,,,,,,,,,171.6,1354.0,32.0
2024,66026.0,"Palmetto Solar, LLC",A,Bundled,O,IL,Behind the Meter,PJM,90,300,44,,,,,,,,,,90.0,300.0,44.0
2024,66026.0,"Palmetto Solar, LLC",A,Bundled,O,IL,Behind the Meter,MISO,47.1,157,23,,,,,,,,,,47.1,157.0,23.0
2024,66026.0,"Palmetto Solar, LLC",A,Bundled,O,KS,Behind the Meter,SWPP,36.2,209,7,,,,,,,,,,36.2,209.0,7.0
2024,66026.0,"Palmetto Solar, LLC",A,Bundled,O,MA,Behind the Meter,ISNE,612.4,3020,52,,,,,,,,,,612.4,3020.0,52.0
2024,66026.0,"Palmetto Solar, LLC",A,Bundled,O,MD,Behind the Meter,PJM,50.6,197,5,,,,,,,,,,50.6,197.0,5.0
2024,66026.0,"Palmetto Solar, LLC",A,Bundled,O,ME,Behind the Meter,ISNE,21.2,51,8,,,,,,,,,,21.2,51.0,8.0
2024,66026.0,"Palmetto Solar, LLC",A,Bundled,O,MI,Behind the Meter,MISO,10.3,33,4,,,,,,,,,,10.3,33.0,4.0
2024,66026.0,"Palmetto Solar, LLC",A,Bundled,O,NC,Behind the Meter,CPLE,33.6,215,6,,,,,,,,,,33.6,215.0,6.0
2024,66026.0,"Palmetto Solar, LLC",A,Bundled,O,NC,Behind the Meter,DUK,24,154,4,,,,,,,,,,24.0,154.0,4.0
2024,66026.0,"Palmetto Solar, LLC",A,Bundled,O,NH,Behind the Meter,ISNE,41,146,3,,,,,,,,,,41.0,146.0,3.0
2024,66026.0,"Palmetto Solar, LLC",A,Bundled,O,NJ,Behind the Meter,PJM,29.6,144,8,,,,,,,,,,29.6,144.0,8.0
2024,66026.0,"Palmetto Solar, LLC",A,Bundled,O,NM,Behind the Meter,PNM,126.2,1209,10,,,,,,,,,,126.2,1209.0,10.0
2024,66026.0,"Palmetto Solar, LLC",A,Bundled,O,NV,Behind the Meter,NEVP,0.8,2,1,,,,,,,,,,0.8,2.0,1.0
2024,66026.0,"Palmetto Solar, LLC",A,Bundled,O,NY,Behind the Meter,NYIS,366.2,2199,56,,,,,,,,,,366.2,2199.0,56.0
2024,66026.0,"Palmetto Solar, LLC",A,Bundled,O,OH,Behind the Meter,PJM,112,583,21,,,,,,,,,,112.0,583.0,21.0
2024,66026.0,"Palmetto Solar, LLC",A,Bundled,O,OK,Behind the Meter,SWPP,123.9,1004,18,,,,,,,,,,123.9,1004.0,18.0
2024,66026.0,"Palmetto Solar, LLC",A,Bundled,O,PA,Behind the Meter,PJM,430.9,2730,43,,,,,,,,,,430.9,2730.0,43.0
2024,66026.0,"Palmetto Solar, LLC",A,Bundled,O,RI,Behind the Meter,ISNE,7.9,14,2,,,,,,,,,,7.9,14.0,2.0
2024,66026.0,"Palmetto Solar, LLC",A,Bundled,O,TX,Behind the Meter,ERCO,2129.8,20363,162,,,,,,,,,,2129.8,20363.0,162.0
2024,66036.0,"EverBright, LLC",A,Bundled,O,AR,Behind the Meter,MISO,0.6,3,2,,,,,,,,,,0.6,3.0,2.0
2024,66036.0,"EverBright, LLC",A,Bundled,O,AZ,Behind the Meter,AZPS,1491.6,15149,998,,,,,,,,,,1491.6,15149.0,998.0
2024,66036.0,"EverBright, LLC",A,Bundled,O,CA,Behind the Meter,CISO,19656.4,100101,11488,,,,,,,,,,19656.4,100101.0,11488.0
2024,66036.0,"EverBright, LLC",A,Bundled,O,CO,Behind the Meter,PSCO,194.9,1611,287,,,,,,,,,,194.9,1611.0,287.0
2024,66036.0,"EverBright, LLC",A,Bundled,O,CT,Behind the Meter,ISNE,704.3,3955,489,,,,,,,,,,704.3,3955.0,489.0
2024,66036.0,"EverBright, LLC",A,Bundled,O,IL,Behind the Meter,PJM,3636.2,30153,3246,,,,,,,,,,3636.2,30153.0,3246.0
2024,66036.0,"EverBright, LLC",A,Bundled,O,MA,Behind the Meter,ISNE,2312.2,10964,1401,,,,,,,,,,2312.2,10964.0,1401.0
2024,66036.0,"EverBright, LLC",A,Bundled,O,MD,Behind the Meter,PJM,266.1,2088,350,,,,,,,,,,266.1,2088.0,350.0
2024,66036.0,"EverBright, LLC",A,Bundled,O,ME,Behind the Meter,ISNE,779.7,4132,504,,,,,,,,,,779.7,4132.0,504.0
2024,66036.0,"EverBright, LLC",A,Bundled,O,NH,Behind the Meter,ISNE,153.1,807,100,,,,,,,,,,153.1,807.0,100.0
2024,66036.0,"EverBright, LLC",A,Bundled,O,NJ,Behind the Meter,PJM,137.3,1104,160,,,,,,,,,,137.3,1104.0,160.0
2024,66036.0,"EverBright, LLC",A,Bundled,O,OH,Behind the Meter,PJM,288,1877,267,,,,,,,,,,288.0,1877.0,267.0
2024,66036.0,"EverBright, LLC",A,Bundled,O,RI,Behind the Meter,ISNE,122.7,590,81,,,,,,,,,,122.7,590.0,81.0
2024,66036.0,"EverBright, LLC",A,Bundled,O,TX,Behind the Meter,ERCO,3832.6,27620,2269,,,,,,,,,,3832.6,27620.0,2269.0
2024,66073.0,MPD Electric Cooperative,A,Bundled,O,SC,Cooperative,SC,54936,501964,31874,37587,476280,6715,54669,767621,23,,,,147192.0,1745865.0,38612.0
2024,66082.0,Eastside Power Authority,B,Energy,O,CA,Political Subdivision,CISO,,,,,,,2294.8,37949,4,,,,2294.8,37949.0,4.0
2024,66101.0,FirstEnergy Pennsylvania Electric Co,A,Bundled,O,NY,Investor Owned,PJM,4578.3,30246,3355,2831.8,21020,439,530.1,4022,1,0,0,0,7940.2,55288.0,3795.0
2024,66101.0,FirstEnergy Pennsylvania Electric Co,A,Bundled,O,PA,Investor Owned,PJM,2615650.8,15056029,1464054,444909.3,2932558,170218,63189.2,707946,629,992,10662,1,3124741.3,18707195.0,1634902.0
2024,66101.0,FirstEnergy Pennsylvania Electric Co,C,Delivery,O,NY,Investor Owned,PJM,19.5,310,45,275.7,9013,40,0,0,0,0,0,0,295.2,9323.0,85.0
2024,66101.0,FirstEnergy Pennsylvania Electric Co,C,Delivery,O,PA,Investor Owned,PJM,250282.9,3493217,338558,188484.6,6563200,108948,213686.8,22048432,4157,0,0,0,652454.3,32104849.0,451663.0
2024,66113.0,"EcoPlus Power, LLC",B,Energy,O,IL,Retail Power Marketer,PJM,2068.5,28974,4803,0,0,0,0,0,0,0,0,0,2068.5,28974.0,4803.0
2024,66113.0,"EcoPlus Power, LLC",B,Energy,O,NJ,Retail Power Marketer,PJM,225.4,2618,400,0,0,0,0,0,0,0,0,0,225.4,2618.0,400.0
2024,66113.0,"EcoPlus Power, LLC",B,Energy,O,OH,Retail Power Marketer,PJM,656.6,8003,771,0,0,0,0,0,0,0,0,0,656.6,8003.0,771.0
2024,66113.0,"EcoPlus Power, LLC",B,Energy,O,PA,Retail Power Marketer,PJM,3991.1,44482,4679,0,0,0,0,0,0,0,0,0,3991.1,44482.0,4679.0
2024,66116.0,"Robindale Retail Power Services, LLC",B,Energy,O,PA,Retail Power Marketer,PJM,0,0,0,3125,40047,49,1105,14167,8,0,0,0,4230.0,54214.0,57.0
2024,66118.0,Spartacus Energy Services LLC,B,Energy,O,NJ,Retail Power Marketer,PJM,0.5,3,6,15.9,83,3,0,0,0,0,0,0,16.4,86.0,9.0
2024,66118.0,Spartacus Energy Services LLC,B,Energy,O,PA,Retail Power Marketer,PJM,113,607,192,3331.4,19415,791,0,0,0,0,0,0,3444.4,20022.0,983.0
2024,66164.0,"TerraForm Renewable Energy Services, LLC",D,Bundled,O,TX,Retail Power Marketer,ERCO,0,0,0,56043,939575,1,0,0,0,0,0,0,56043.0,939575.0,1.0
2024,66173.0,Northeastern Power and Gas LLC,B,Energy,O,NY,Retail Power Marketer,NYIS,1403.6,7652,969,10087.1,77618,743,,,,,,,11490.7,85270.0,1712.0
2024,66332.0,"Base Texas REP, LLC",D,Bundled,O,TX,Retail Power Marketer,ERCO,285.2,2456,297,2.3,20,3,,,,,,,287.5,2476.0,300.0
2024,66333.0,"Light Energy, LLC",D,Bundled,O,TX,Retail Power Marketer,ERCO,53.7,223,119,0,0,0,0,0,0,0,0,0,53.7,223.0,119.0
2024,66398.0,Brookfield Renewable Trading and Marketing LP,B,Energy,O,NH,Retail Power Marketer,ISNE,0,0,0,0,0,0,1658,36302,1,0,0,0,1658.0,36302.0,1.0
2024,66398.0,Brookfield Renewable Trading and Marketing LP,B,Energy,O,NY,Retail Power Marketer,NYIS,0,0,0,0,0,0,2749,50062,1,0,0,0,2749.0,50062.0,1.0
2024,66399.0,Brookfield Renewable Energy Marketing US LLC,B,Energy,O,MD,Retail Power Marketer,PJM,0,0,0,709.2,9520,1,0,0,0,0,0,0,709.2,9520.0,1.0
2024,66399.0,Brookfield Renewable Energy Marketing US LLC,B,Energy,O,NV,Retail Power Marketer,NEVP,0,0,0,12159.3,144754,1,0,0,0,0,0,0,12159.3,144754.0,1.0
2024,66399.0,Brookfield Renewable Energy Marketing US LLC,B,Energy,O,NY,Retail Power Marketer,NYIS,0,0,0,24340.1,269093,6,0,0,0,0,0,0,24340.1,269093.0,6.0
2024,66399.0,Brookfield Renewable Energy Marketing US LLC,B,Energy,O,OR,Retail Power Marketer,PGE,0,0,0,0,0,0,3645.5,61239,1,0,0,0,3645.5,61239.0,1.0
2024,66399.0,Brookfield Renewable Energy Marketing US LLC,B,Energy,O,WA,Retail Power Marketer,PSEI,0,0,0,0,0,0,18078.6,338886,1,0,0,0,18078.6,338886.0,1.0
2024,66435.0,"MEMS Industrial Supply, LLC",D,Bundled,O,TX,Retail Power Marketer,ERCO,0,0,0,46564.7,1350240,13,0,0,0,0,0,0,46564.7,1350240.0,13.0
2024,66436.0,Maison Energy LLC,D,Bundled,O,TX,Retail Power Marketer,ERCO,65.9,431,90,3.8,25,7,0,0,0,0,0,0,69.7,456.0,97.0
2024,66582.0,Pumpjack Power LLC,D,Bundled,O,TX,Retail Power Marketer,ERCO,0,0,0,11651.8,249968,75,59400.5,904899,935,0,0,0,71052.3,1154867.0,1010.0
2024,66678.0,Polaris Power Services LLC,B,Energy,O,NJ,Retail Power Marketer,PJM,88.4,886,39,4118.2,38540,148,0,0,0,0,0,0,4206.6,39426.0,187.0
2024,66678.0,Polaris Power Services LLC,B,Energy,O,NY,Retail Power Marketer,NYIS,1542.8,13443,257,8916.6,75369,1039,0,0,0,0,0,0,10459.4,88812.0,1296.0
2024,66678.0,Polaris Power Services LLC,B,Energy,O,PA,Retail Power Marketer,PJM,510.8,6543,496,1719.6,18741,113,0,0,0,0,0,0,2230.4,25284.0,609.0
2024,66851.0,Gridmatic Retail LLC,D,Bundled,O,TX,Retail Power Marketer,ERCO,0,0,0,4247,56824,69,151,1353,4,0,0,0,4398.0,58177.0,73.0
2024,66867.0,David Energy Supply LLC,B,Energy,O,MA,Retail Power Marketer,ISNE,0,0,0,369.3,3060,36,0,0,0,0,0,0,369.3,3060.0,36.0
2024,66867.0,David Energy Supply LLC,B,Energy,O,NJ,Retail Power Marketer,PJM,0,0,0,1288.6,12428,74,0,0,0,0,0,0,1288.6,12428.0,74.0
2024,66867.0,David Energy Supply LLC,B,Energy,O,NY,Retail Power Marketer,NYIS,0,0,0,13118.5,118858,677,0,0,0,0,0,0,13118.5,118858.0,677.0
2024,66867.0,David Energy Supply LLC,D,Bundled,O,TX,Retail Power Marketer,ERCO,1256.9,10770,1267,1683.5,16262,87,,,,,,,2940.4,27032.0,1354.0
2024,67076.0,"FlowX, LLC",D,Bundled,O,TX,Retail Power Marketer,ERCO,,,,4388,149784,2,,,,,,,4388.0,149784.0,2.0
2024,67122.0,Selfserve Energy Corp.,D,Bundled,O,TX,Retail Power Marketer,ERCO,0,0,0,1368.9,44505,1,0,0,0,0,0,0,1368.9,44505.0,1.0
2024,88888.0,Withheld,D,Bundled,O,TX,Retail Power Marketer,ERCO,,,,,,,9260,221996,2,,,,9260.0,221996.0,2.0
2024,88888.0,Withheld,D,Bundled,O,TX,Retail Power Marketer,ERCO,,,,,,,135342,3167844,11,,,,135342.0,3167844.0,11.0
2024,88888.0,Withheld,D,Bundled,O,TX,Retail Power Marketer,ERCO,0,0,0,0,0,0,100686,2385999,14,0,0,0,100686.0,2385999.0,14.0
2024,99999.0,Adjustment 2024,A,Bundled,I,AK,,NA,54870.8,178666,25316,102901.5,341017,10437,28400.3,111920,308,0,0,0,186172.6,631603.0,36061.0
2024,99999.0,Adjustment 2024,A,Bundled,I,AK,,AMPL,118.8,264,39,167.9,407,30,14.3,32,1,0,0,0,301.0,703.0,70.0
2024,99999.0,Adjustment 2024,A,Bundled,I,AL,,SOCO,106478.9,736636,61619,40386.9,311301,8600,33218.4,382274,478,0,0,0,180084.2,1430211.0,70697.0
2024,99999.0,Adjustment 2024,A,Bundled,I,AL,,TVA,0,0,0,1813,16949,1,0,0,0,0,0,0,1813.0,16949.0,1.0
2024,99999.0,Adjustment 2024,A,Bundled,I,AR,,,0,0,0,398,2057,1,0,0,0,0,0,0,398.0,2057.0,1.0
2024,99999.0,Adjustment 2024,A,Bundled,I,AR,,SPA,2632.1,18369,1890,2043.9,15328,367,1202,17420,1,0,0,0,5878.0,51117.0,2258.0
2024,99999.0,Adjustment 2024,A,Bundled,I,AR,,MISO,37287.9,302974,22158,14454.4,154979,2564,18651.9,142518,452,0,0,0,70394.2,600471.0,25174.0
2024,99999.0,Adjustment 2024,A,Bundled,I,AR,,SWPP,2262.4,19868,1601,1641.2,20057,267,922.4,9607,11,0,0,0,4826.0,49532.0,1879.0
2024,99999.0,Adjustment 2024,A,Bundled,I,AZ,,AZPS,7270.7,58707,-69490,17202.5,151892,1410,29670.1,354508,668,0,0,0,54143.3,565107.0,-67412.0
2024,99999.0,Adjustment 2024,A,Bundled,I,AZ,,CISO,0,0,-212,0,0,0,0,0,0,0,0,0,0.0,0.0,-212.0
2024,99999.0,Adjustment 2024,A,Bundled,I,AZ,,PSCO,0,0,-6,0,0,0,0,0,0,0,0,0,0.0,0.0,-6.0
2024,99999.0,Adjustment 2024,A,Bundled,I,AZ,,PNM,388.5,2359,454,60,402,42,324,2542,23,0,0,0,772.5,5303.0,519.0
2024,99999.0,Adjustment 2024,A,Bundled,I,AZ,,SRP,171.1,1111,-8759,51828.6,707784,46,5076.3,61076,340,0,0,0,57076.0,769971.0,-8373.0
2024,99999.0,Adjustment 2024,A,Bundled,I,AZ,,TEPC,0,0,-16701,2894,23657,-412,0,0,0,0,0,0,2894.0,23657.0,-17113.0
2024,99999.0,Adjustment 2024,A,Bundled,I,AZ,,WALC,42485.6,335749,29185,35164.9,285852,6003,17397,222393,1699,0,0,0,95047.5,843994.0,36887.0
2024,99999.0,Adjustment 2024,A,Bundled,I,CA,,CISO,93234.6,408285,-524322,192856.7,1310338,6439,114717,1560345,673,0,0,0,400808.3,3278968.0,-517210.0
2024,99999.0,Adjustment 2024,A,Bundled,I,CA,,IID,0,0,-3672,0,0,-1,426,4943,2,0,0,0,426.0,4943.0,-3671.0
2024,99999.0,Adjustment 2024,A,Bundled,I,CA,,LDWP,0,0,-20153,425,4222,-68,0,0,0,0,0,0,425.0,4222.0,-20221.0
2024,99999.0,Adjustment 2024,A,Bundled,I,CA,,NEVP,21785.1,95038,13090,15819.2,73459,1699,0,0,0,0,0,0,37604.3,168497.0,14789.0
2024,99999.0,Adjustment 2024,A,Bundled,I,CA,,PACW,0,0,-44,0,0,-1,0,0,0,0,0,0,0.0,0.0,-45.0
2024,99999.0,Adjustment 2024,A,Bundled,I,CA,,,0,0,0,98,554,1,0,0,0,0,0,0,98.0,554.0,1.0
2024,99999.0,Adjustment 2024,A,Bundled,I,CA,,,0,0,0,221,7927,1,0,0,0,0,0,0,221.0,7927.0,1.0
2024,99999.0,Adjustment 2024,A,Bundled,I,CA,,,0,0,0,3769,40317,11,0,0,0,0,0,0,3769.0,40317.0,11.0
2024,99999.0,Adjustment 2024,A,Bundled,I,CA,,TIDC,0,0,-719,0,0,-1,0,0,0,0,0,0,0.0,0.0,-720.0
2024,99999.0,Adjustment 2024,A,Bundled,I,CA,,WALC,25812.1,133454,8619,5545.4,29142,1166,244.7,2130,26,0,0,0,31602.2,164726.0,9811.0
2024,99999.0,Adjustment 2024,A,Bundled,I,CA,,BANC,7270.1,72875,-16088,3817.8,37164,1312,718.1,10770,1,0,0,0,11806.0,120809.0,-14775.0
2024,99999.0,Adjustment 2024,A,Bundled,I,CO,,PACE,0,0,-1051,0,0,0,5068.2,41600,1,0,0,0,5068.2,41600.0,-1050.0
2024,99999.0,Adjustment 2024,A,Bundled,I,CO,,PSCO,31994.5,215168,-5087,49587.2,401912,7200,9750.3,104437,286,0,0,0,91332.0,721517.0,2399.0
2024,99999.0,Adjustment 2024,A,Bundled,I,CO,,WACM,58325.9,343492,43222,33151.2,255700,7146,3358.3,17517,168,0,0,0,94835.4,616709.0,50536.0
2024,99999.0,Adjustment 2024,A,Bundled,I,CO,,SWPP,0,0,0,231,3000,1,0,0,0,0,0,0,231.0,3000.0,1.0
2024,99999.0,Adjustment 2024,A,Bundled,I,CT,,ISNE,17505.8,95807,-41027,41506.7,325752,1982,3615.6,22410,48,0,0,0,62628.1,443969.0,-38997.0
2024,99999.0,Adjustment 2024,A,Bundled,I,DC,,PJM,0,0,-622,492,9774,-1,0,0,0,0,0,0,492.0,9774.0,-623.0
2024,99999.0,Adjustment 2024,A,Bundled,I,DE,,PJM,28522.3,168789,13254,14452.8,98945,2402,18293.4,145064,229,0,0,0,61268.5,412798.0,15885.0
2024,99999.0,Adjustment 2024,A,Bundled,I,FL,,FPL,4042.7,32447,-8273,6291.7,49738,896,0,0,0,0,0,0,10334.4,82185.0,-7377.0
2024,99999.0,Adjustment 2024,A,Bundled,I,FL,,FPC,41892.2,342123,14456,40115,398246,5965,5612.1,39979,154,0,0,0,87619.3,780348.0,20575.0
2024,99999.0,Adjustment 2024,A,Bundled,I,FL,,GVL,0,0,-19,0,0,-2,0,0,0,0,0,0,0.0,0.0,-21.0
2024,99999.0,Adjustment 2024,A,Bundled,I,FL,,HST,0,0,-242,0,0,0,0,0,0,0,0,0,0.0,0.0,-242.0
2024,99999.0,Adjustment 2024,A,Bundled,I,FL,,JEA,0,0,-121,0,0,0,0,0,0,0,0,0,0.0,0.0,-121.0
2024,99999.0,Adjustment 2024,A,Bundled,I,FL,,SOCO,1573.9,10412,994,2979.1,19927,58,0,0,0,0,0,0,4553.0,30339.0,1052.0
2024,99999.0,Adjustment 2024,A,Bundled,I,FL,,TEC,0,0,-3651,450,2373,1,0,0,0,0,0,0,450.0,2373.0,-3650.0
2024,99999.0,Adjustment 2024,A,Bundled,I,FL,,SEC,0,0,-1055,0,0,0,0,0,0,0,0,0,0.0,0.0,-1055.0
2024,99999.0,Adjustment 2024,A,Bundled,I,FL,,FMPP,6272.4,51648,3619,7236.6,58473,785,0,0,0,0,0,0,13509.0,110121.0,4404.0
2024,99999.0,Adjustment 2024,A,Bundled,I,GA,,SOCO,238214.8,1716637,137130,134310.7,1184648,17516,79299.3,782598,4093,0,0,0,451824.8,3683883.0,158739.0
2024,99999.0,Adjustment 2024,A,Bundled,I,GA,,SEPA,5482.1,44776,4225,5517.7,48459,674,2675.3,40418,8,0,0,0,13675.1,133653.0,4907.0
2024,99999.0,Adjustment 2024,A,Bundled,I,HI,,NA,0,0,-1140,4053,56337,-18,2436,7143,1,0,0,0,6489.0,63480.0,-1157.0
2024,99999.0,Adjustment 2024,A,Bundled,I,HI,,HECO,0,0,-18799,534,5457,-2360,284,1386,1,0,0,0,818.0,6843.0,-21158.0
2024,99999.0,Adjustment 2024,A,Bundled,I,IA,,AECI,23180.3,138061,12681,6920.2,58139,1733,2038.6,18607,47,0,0,0,32139.1,214807.0,14461.0
2024,99999.0,Adjustment 2024,A,Bundled,I,IA,,MISO,223484,1657590,159287,122756.5,1194399,23756,84731.9,974663,1173,0,0,0,430972.4,3826652.0,184216.0
2024,99999.0,Adjustment 2024,A,Bundled,I,IA,,SWPP,73068.7,667592,33563,31379.5,378809,4421,37542,491907,2628,0,0,0,141990.2,1538308.0,40612.0
2024,99999.0,Adjustment 2024,A,Bundled,I,ID,,BPAT,18994.9,225033,15749,15043.4,223504,2602,6247.8,102873,151,0,0,0,40286.1,551410.0,18502.0
2024,99999.0,Adjustment 2024,A,Bundled,I,ID,,IPCO,1772,22549,618,0,0,0,0,0,0,0,0,0,1772.0,22549.0,618.0
2024,99999.0,Adjustment 2024,A,Bundled,I,ID,,NWMT,21,148,30,0,0,0,0,0,0,0,0,0,21.0,148.0,30.0
2024,99999.0,Adjustment 2024,A,Bundled,I,ID,,PACE,4842,50391,3623,1026.7,10652,551,4411.8,56400,687,0,0,0,10280.5,117443.0,4861.0
2024,99999.0,Adjustment 2024,A,Bundled,I,ID,,AVA,22999.5,188186,14834,4627.7,53290,1338,2550.3,42736,29,0,0,0,30177.5,284212.0,16201.0
2024,99999.0,Adjustment 2024,A,Bundled,I,IL,,PJM,11129.8,78775,-31240,7330.2,76322,749,8226,453147,1,0,0,0,26686.0,608244.0,-30490.0
2024,99999.0,Adjustment 2024,A,Bundled,I,IL,,MISO,287351.1,1739339,153495,104256.6,788026,16517,53856.1,490228,583,0,0,0,445463.8,3017593.0,170595.0
2024,99999.0,Adjustment 2024,A,Bundled,I,IN,,PJM,48287.6,367232,30479,24054.4,203629,3882,19462,192438,248,0,0,0,91804.0,763299.0,34609.0
2024,99999.0,Adjustment 2024,A,Bundled,I,IN,,MISO,231861.2,1566705,127558,84079,648847,16066,109781.4,1050370,1412,0,0,0,425721.6,3265922.0,145036.0
2024,99999.0,Adjustment 2024,A,Bundled,I,KS,,MISO,183,1238,145,0,0,0,0,0,0,0,0,0,183.0,1238.0,145.0
2024,99999.0,Adjustment 2024,A,Bundled,I,KS,,SWPP,311635.1,2019673,201849,187630.8,1513351,41128,63306.2,621600,3801,0,0,0,562572.1,4154624.0,246778.0
2024,99999.0,Adjustment 2024,A,Bundled,I,KY,,LGEE,30753.2,285780,24602,16005.6,154290,5545,23335.2,269133,312,0,0,0,70094.0,709203.0,30459.0
2024,99999.0,Adjustment 2024,A,Bundled,I,KY,,PJM,8220.7,55369,4626,3780.4,24671,874,3126.5,29930,29,0,0,0,15127.6,109970.0,5529.0
2024,99999.0,Adjustment 2024,A,Bundled,I,KY,,TVA,0,0,0,0,0,0,7418,129710,3,0,0,0,7418.0,129710.0,3.0
2024,99999.0,Adjustment 2024,A,Bundled,I,LA,,MISO,59063.2,510084,37455,39919.4,354533,6981,13766.6,148908,213,0,0,0,112749.2,1013525.0,44649.0
2024,99999.0,Adjustment 2024,A,Bundled,I,LA,,SWPP,0,0,-6,0,0,0,0,0,0,0,0,0,0.0,0.0,-6.0
2024,99999.0,Adjustment 2024,A,Bundled,I,MA,,ISNE,185237.8,960409,13197,127858.7,701424,15069,72192.1,427388,1078,0,0,0,385288.6,2089221.0,29344.0
2024,99999.0,Adjustment 2024,A,Bundled,I,MD,,PJM,8171.4,73672,-52142,29866.6,313237,812,4416.8,45812,142,0,0,0,42454.8,432721.0,-51188.0
2024,99999.0,Adjustment 2024,A,Bundled,I,ME,,NA,92,172,134,0,0,-1,0,0,0,0,0,0,92.0,172.0,133.0
2024,99999.0,Adjustment 2024,A,Bundled,I,ME,,NBSO,981.1,8995,1108,1383.7,12413,247,6805.2,114917,19,0,0,0,9170.0,136325.0,1374.0
2024,99999.0,Adjustment 2024,A,Bundled,I,ME,,ISNE,10934.1,73484,7731,7351.3,65350,1422,1535.9,9094,4,0,0,0,19821.3,147928.0,9157.0
2024,99999.0,Adjustment 2024,A,Bundled,I,MI,,PJM,18580.3,121660,17203,17930.6,150161,2982,9317.7,93719,82,0,0,0,45828.6,365540.0,20267.0
2024,99999.0,Adjustment 2024,A,Bundled,I,MI,,MISO,69294.4,461514,63488,59022.4,507146,10187,50832.7,768489,228,0,0,0,179149.5,1737149.0,73903.0
2024,99999.0,Adjustment 2024,A,Bundled,I,MN,,MISO,353057.9,2488482,243873,226455.8,1990416,36988,150357.8,1506860,2087,0,0,0,729871.5,5985758.0,282948.0
2024,99999.0,Adjustment 2024,A,Bundled,I,MN,,SWPP,17593.3,141571,7692,7524.3,73747,813,3617,44630,23,0,0,0,28734.6,259948.0,8528.0
2024,99999.0,Adjustment 2024,A,Bundled,I,MO,,AECI,225828.9,1543933,122153,88705.9,762883,18269,49295.3,509815,2114,0,0,0,363830.1,2816631.0,142536.0
2024,99999.0,Adjustment 2024,A,Bundled,I,MO,,SPA,1537.3,15356,1514,2156.4,21929,413,0,0,0,0,0,0,3693.7,37285.0,1927.0
2024,99999.0,Adjustment 2024,A,Bundled,I,MO,,MISO,25019.9,206548,17762,12227.6,111958,2891,6113.5,64979,116,0,0,0,43361.0,383485.0,20769.0
2024,99999.0,Adjustment 2024,A,Bundled,I,MO,,SWPP,83696.1,690501,60868,53094.7,512154,11166,29994.3,290417,782,0,0,0,166785.1,1493072.0,72816.0
2024,99999.0,Adjustment 2024,A,Bundled,I,MS,,SOCO,2751.5,20279,962,3271,25034,406,58.8,444,4,0,0,0,6081.3,45757.0,1372.0
2024,99999.0,Adjustment 2024,A,Bundled,I,MS,,MISO,54018,404519,35288,31308.2,237114,7060,17158.1,135701,1758,0,0,0,102484.3,777334.0,44106.0
2024,99999.0,Adjustment 2024,A,Bundled,I,MT,,BPAT,11722.6,103050,6802,3658.5,41938,986,603.8,5821,12,0,0,0,15984.9,150809.0,7800.0
2024,99999.0,Adjustment 2024,A,Bundled,I,MT,,NWMT,75116.6,639293,54670,25024.9,253714,6141,25447.5,291203,2637,0,0,0,125589.0,1184210.0,63448.0
2024,99999.0,Adjustment 2024,A,Bundled,I,MT,,WAUW,20930,135832,12765,6147.6,51354,1273,10163.4,84014,1932,0,0,0,37241.0,271200.0,15970.0
2024,99999.0,Adjustment 2024,A,Bundled,I,MT,,WACM,46.4,242,37,376.6,2412,33,1985,16070,1,0,0,0,2408.0,18724.0,71.0
2024,99999.0,Adjustment 2024,A,Bundled,I,MT,,SWPP,7828.8,68901,4166,12715.1,90039,854,2966,17154,1553,0,0,0,23509.9,176094.0,6573.0
2024,99999.0,Adjustment 2024,A,Bundled,I,NC,,CPLE,136234.1,923815,77652,89046.5,784575,12832,11334.8,104622,63,0,0,0,236615.4,1813012.0,90547.0
2024,99999.0,Adjustment 2024,A,Bundled,I,NC,,DUK,62168.9,491688,47235,61991,609840,9371,18976.4,209434,167,0,0,0,143136.3,1310962.0,56773.0
2024,99999.0,Adjustment 2024,A,Bundled,I,NC,,PJM,20524,131767,10626,8428.6,69120,1822,1500.8,17354,2,0,0,0,30453.4,218241.0,12450.0
2024,99999.0,Adjustment 2024,A,Bundled,I,ND,,WACM,301.6,2398,227,151.5,1577,27,0,0,0,0,0,0,453.1,3975.0,254.0
2024,99999.0,Adjustment 2024,A,Bundled,I,ND,,MISO,11666.1,93507,6514,5207.2,85513,1005,2876.1,27011,81,0,0,0,19749.4,206031.0,7600.0
2024,99999.0,Adjustment 2024,A,Bundled,I,ND,,SWPP,26879.6,219400,17005,23596.2,217215,3176,3738.6,30553,287,0,0,0,54214.4,467168.0,20468.0
2024,99999.0,Adjustment 2024,A,Bundled,I,NE,,WACM,42508.5,301347,24224,21498,177286,5999,47789.5,353050,4794,0,0,0,111796.0,831683.0,35017.0
2024,99999.0,Adjustment 2024,A,Bundled,I,NE,,SWPP,179636.2,1542271,123900,118551,1154111,27354,123893.5,1265803,13304,0,0,0,422080.7,3962185.0,164558.0
2024,99999.0,Adjustment 2024,A,Bundled,I,NH,,ISNE,12250.4,79886,5105,8417.2,47171,2430,9507.1,62859,64,0,0,0,30174.7,189916.0,7599.0
2024,99999.0,Adjustment 2024,A,Bundled,I,NJ,,NYIS,0,0,-18,0,0,0,235,4553,1,0,0,0,235.0,4553.0,-17.0
2024,99999.0,Adjustment 2024,A,Bundled,I,NJ,,PJM,62263.9,421421,-51710,65567.4,669053,4986,11975.4,133233,37,0,0,0,139806.7,1223707.0,-46687.0
2024,99999.0,Adjustment 2024,A,Bundled,I,NM,,EPE,0,0,-23,0,0,-3,0,0,0,0,0,0,0.0,0.0,-26.0
2024,99999.0,Adjustment 2024,A,Bundled,I,NM,,PSCO,3392.6,19317,3649,1344.1,9355,569,1286.1,10021,30,0,0,0,6022.8,38693.0,4248.0
2024,99999.0,Adjustment 2024,A,Bundled,I,NM,,PNM,49492.2,305989,39879,45123.1,413573,6907,10828.7,86280,446,0,0,0,105444.0,805842.0,47232.0
2024,99999.0,Adjustment 2024,A,Bundled,I,NM,,WALC,368.5,2615,236,41.8,309,32,175.8,1153,71,0,0,0,586.1,4077.0,339.0
2024,99999.0,Adjustment 2024,A,Bundled,I,NM,,WACM,2463.1,15947,2675,3360.9,24381,512,0,0,0,0,0,0,5824.0,40328.0,3187.0
2024,99999.0,Adjustment 2024,A,Bundled,I,NM,,SWPP,0,0,-12,0,0,0,0,0,0,0,0,0,0.0,0.0,-12.0
2024,99999.0,Adjustment 2024,A,Bundled,I,NV,,BPAT,1248,14818,586,755.6,8843,235,5553.1,92226,558,0,0,0,7556.7,115887.0,1379.0
2024,99999.0,Adjustment 2024,A,Bundled,I,NV,,CISO,1120.2,4793,445,12.7,47,7,13.1,73,2,0,0,0,1146.0,4913.0,454.0
2024,99999.0,Adjustment 2024,A,Bundled,I,NV,,NEVP,9731.9,65586,-37013,11103,86182,1501,5342.8,37583,192,0,0,0,26177.7,189351.0,-35320.0
2024,99999.0,Adjustment 2024,A,Bundled,I,NV,,WALC,244,2079,206,1904.6,15908,73,53.4,405,5,0,0,0,2202.0,18392.0,284.0
2024,99999.0,Adjustment 2024,A,Bundled,I,NY,,NA,2368.7,5983,1838,163.1,591,22,0,0,0,0,0,0,2531.8,6574.0,1860.0
2024,99999.0,Adjustment 2024,A,Bundled,I,NY,,ISNE,0,0,-5636,840,11680,6,0,0,0,0,0,0,840.0,11680.0,-5630.0
2024,99999.0,Adjustment 2024,A,Bundled,I,NY,,NYIS,95646.7,1166282,24217,75407.2,977056,13759,32370.4,597203,1153,0,0,0,203424.3,2740541.0,39129.0
2024,99999.0,Adjustment 2024,A,Bundled,I,NY,,PJM,0,0,-2415,0,0,0,0,0,0,0,0,0,0.0,0.0,-2415.0
2024,99999.0,Adjustment 2024,A,Bundled,I,OH,,PJM,300340,1996594,179369,125851.3,954770,24101,151033,1641695,964,0,0,0,577224.3,4593059.0,204434.0
2024,99999.0,Adjustment 2024,A,Bundled,I,OK,,AECI,2471.6,23057,1915,3222.1,28356,416,0,0,0,0,0,0,5693.7,51413.0,2331.0
2024,99999.0,Adjustment 2024,A,Bundled,I,OK,,SPA,5680.7,40370,3699,4974.4,39927,841,0,0,0,0,0,0,10655.1,80297.0,4540.0
2024,99999.0,Adjustment 2024,A,Bundled,I,OK,,MISO,535.4,5452,498,46.6,526,20,0,0,0,0,0,0,582.0,5978.0,518.0
2024,99999.0,Adjustment 2024,A,Bundled,I,OK,,SWPP,130371.7,1043440,98298,90844.1,860166,17417,35803.4,438508,604,0,0,0,257019.2,2342114.0,116319.0
2024,99999.0,Adjustment 2024,A,Bundled,I,OR,,BPAT,79930.7,636498,48809,29675.8,302805,6302,27741,382196,2706,0,0,0,137347.5,1321499.0,57817.0
2024,99999.0,Adjustment 2024,A,Bundled,I,OR,,PACW,8919.4,80210,10111,6176.9,58691,1418,2455.7,29234,169,0,0,0,17552.0,168135.0,11698.0
2024,99999.0,Adjustment 2024,A,Bundled,I,OR,,PGE,7392.9,76378,3733,5399.2,84157,776,2347.9,33747,13,0,0,0,15140.0,194282.0,4522.0
2024,99999.0,Adjustment 2024,A,Bundled,I,PA,,PJM,143069.4,816508,77309,71374.4,653378,12056,33567.2,270448,776,0,0,0,248011.0,1740334.0,90141.0
2024,99999.0,Adjustment 2024,A,Bundled,I,RI,,ISNE,0,0,-5676,4302,30839,-215,0,0,0,0,0,0,4302.0,30839.0,-5891.0
2024,99999.0,Adjustment 2024,A,Bundled,I,SC,,CPLE,16213.9,103851,10300,10664.9,66021,1371,0,0,0,0,0,0,26878.8,169872.0,11671.0
2024,99999.0,Adjustment 2024,A,Bundled,I,SC,,DUK,73124.9,464979,40212,49191.3,366158,8000,14178.6,112458,41,0,0,0,136494.8,943595.0,48253.0
2024,99999.0,Adjustment 2024,A,Bundled,I,SC,,SCEG,6927.4,39906,-183,4433.1,28045,708,54.8,3436,6,0,0,0,11415.3,71387.0,531.0
2024,99999.0,Adjustment 2024,A,Bundled,I,SC,,SC,39566.2,250958,20807,18909.2,150167,3425,1344.6,11358,6,0,0,0,59820.0,412483.0,24238.0
2024,99999.0,Adjustment 2024,A,Bundled,I,SD,,WACM,28030.1,213102,15270,13302,121237,1846,9839.6,115653,298,0,0,0,51171.7,449992.0,17414.0
2024,99999.0,Adjustment 2024,A,Bundled,I,SD,,MISO,4551,34038,4040,12259.8,111810,1404,784.1,8883,12,0,0,0,17594.9,154731.0,5456.0
2024,99999.0,Adjustment 2024,A,Bundled,I,SD,,SWPP,134494.1,1100435,66398,76386.4,763642,9577,23360.1,278068,1939,0,0,0,234240.6,2142145.0,77914.0
2024,99999.0,Adjustment 2024,A,Bundled,I,TN,,PJM,0,0,0,0,0,-15,3145,45121,1,0,0,0,3145.0,45121.0,-14.0
2024,99999.0,Adjustment 2024,A,Bundled,I,TN,,TVA,0,0,0,0,0,0,76,11709,1,0,0,0,76.0,11709.0,1.0
2024,99999.0,Adjustment 2024,A,Bundled,I,TX,,EPE,0,0,-1218,0,0,-2,0,0,0,0,0,0,0.0,0.0,-1220.0
2024,99999.0,Adjustment 2024,A,Bundled,I,TX,,ERCO,165403.9,1318185,81631,165471.1,2983246,23015,277419.7,8766007,528,0,0,0,608294.7,13067438.0,105174.0
2024,99999.0,Adjustment 2024,A,Bundled,I,TX,,MISO,18895.2,157308,13911,25295.8,248711,4436,21158.7,126578,23,0,0,0,65349.7,532597.0,18370.0
2024,99999.0,Adjustment 2024,A,Bundled,I,TX,,SWPP,17002.8,123796,12770,15425.7,132949,2909,12599.2,121185,4096,0,0,0,45027.7,377930.0,19775.0
2024,99999.0,Adjustment 2024,A,Bundled,I,UT,,BPAT,0,0,-2,0,0,0,0,0,0,0,0,0,0.0,0.0,-2.0
2024,99999.0,Adjustment 2024,A,Bundled,I,UT,,PACE,109450.4,877343,95416,65421,575684,11569,26550.5,300291,321,0,0,0,201421.9,1753318.0,107306.0
2024,99999.0,Adjustment 2024,A,Bundled,I,UT,,WALC,88.6,107,87,218.5,473,8,0,0,0,0,0,0,307.1,580.0,95.0
2024,99999.0,Adjustment 2024,A,Bundled,I,UT,,WACM,1718.3,9487,1904,744.7,7464,265,76.6,592,36,0,0,0,2539.6,17543.0,2205.0
2024,99999.0,Adjustment 2024,A,Bundled,I,VA,,LGEE,0,0,0,340,4925,1,0,0,0,0,0,0,340.0,4925.0,1.0
2024,99999.0,Adjustment 2024,A,Bundled,I,VA,,PJM,127043.1,871390,70076,54151.2,468246,10156,19925.8,179697,65,0,0,0,201120.1,1519333.0,80297.0
2024,99999.0,Adjustment 2024,A,Bundled,I,VT,,ISNE,57181.7,279347,39156,27350.6,155767,6424,15397.2,91103,141,0,0,0,99929.5,526217.0,45721.0
2024,99999.0,Adjustment 2024,A,Bundled,I,WA,,BPAT,80772.7,691271,50106,35249.7,376884,6044,7714.9,83854,148,0,0,0,123737.3,1152009.0,56298.0
2024,99999.0,Adjustment 2024,A,Bundled,I,WA,,PSEI,2932.4,34589,4026,4515.9,55537,715,2442.8,29154,36,0,0,0,9891.1,119280.0,4777.0
2024,99999.0,Adjustment 2024,A,Bundled,I,WA,,TPWR,1404,10314,605,0,0,0,0,0,0,0,0,0,1404.0,10314.0,605.0
2024,99999.0,Adjustment 2024,A,Bundled,I,WA,,AVA,7437.4,75203,7811,5665.1,80438,820,1606.4,23955,10,0,0,0,14708.9,179596.0,8641.0
2024,99999.0,Adjustment 2024,A,Bundled,I,WI,,MISO,259070.2,1639244,170766,84292.2,718040,15797,83223.1,879929,791,0,0,0,426585.5,3237213.0,187354.0
2024,99999.0,Adjustment 2024,A,Bundled,I,WV,,PJM,14633.1,89316,9785,8335.9,64985,1826,18.7,204,114,0,0,0,22987.7,154505.0,11725.0
2024,99999.0,Adjustment 2024,A,Bundled,I,WY,,NWMT,1178.8,8658,739,407.7,3449,120,0,0,0,0,0,0,1586.5,12107.0,859.0
2024,99999.0,Adjustment 2024,A,Bundled,I,WY,,PACE,1199.4,6753,814,394.9,2467,133,588.4,3968,9,0,0,0,2182.7,13188.0,956.0
2024,99999.0,Adjustment 2024,A,Bundled,I,WY,,WAUW,21.8,185,12,11.2,119,2,0,0,0,0,0,0,33.0,304.0,14.0
2024,99999.0,Adjustment 2024,A,Bundled,I,WY,,WACM,48313.4,315247,38329,36128.1,300006,8724,55329,509252,2964,0,0,0,139770.5,1124505.0,50017.0
2024,99999.0,Adjustment 2024,B,Energy,I,CA,,CISO,-71016.2,-453810,237746,-135185.8,-1076114,107644,400592.7,3212719,-5800,-569.3,-5241,-1,193821.3,1677554.0,339589.0
2024,99999.0,Adjustment 2024,B,Energy,I,CT,,ISNE,18746.5,147916,12681,123434.4,1244808,4120,-129329.4,-1304956,865,14084.2,119370,1,26935.8,207138.0,17667.0
2024,99999.0,Adjustment 2024,B,Energy,I,DC,,PJM,37104.6,209769,4296,45567.5,473019,480,-30775.1,-312206,-92,253.6,7035,2,52150.6,377617.0,4686.0
2024,99999.0,Adjustment 2024,B,Energy,I,DE,,PJM,1777.6,13075,-228,15478.6,236352,1666,-18639.9,-286732,-16,0,0,0,-1383.7,-37305.0,1422.0
2024,99999.0,Adjustment 2024,B,Energy,I,IL,,PJM,98439.7,1018608,80795,-615656.7,-10453976,55644,1298361.7,21739498,1055,-1516,-33521,0,779628.7,12270609.0,137494.0
2024,99999.0,Adjustment 2024,B,Energy,I,IL,,MISO,-32662.2,-324533,-110320,-750412.2,-10756646,27249,180428.4,2747690,-404,0,0,0,-602646.0,-8333489.0,-83475.0
2024,99999.0,Adjustment 2024,B,Energy,I,MA,,ISNE,-159027,-1024939,9763,208556.8,1767950,78466,-86093.8,-737312,3042,-8344.3,-105742,-2,-44908.4,-100043.0,91269.0
2024,99999.0,Adjustment 2024,B,Energy,I,MD,,PJM,13749.5,101999,759,232666.1,2924478,11136,-123751.7,-1554157,2337,8966.2,96262,2,131630.1,1568582.0,14234.0
2024,99999.0,Adjustment 2024,B,Energy,I,ME,,NBSO,15.3,193,29,-538.5,-5454,136,429.6,4259,-1,0,0,0,-93.6,-1002.0,164.0
2024,99999.0,Adjustment 2024,B,Energy,I,ME,,ISNE,-1382.3,-8793,-1101,-47037.5,-510573,6455,16328.5,156909,371,0,0,0,-32091.3,-362457.0,5725.0
2024,99999.0,Adjustment 2024,B,Energy,I,MI,,PJM,0,0,0,-3023.8,-41682,-23,2966.6,40944,15,0,0,0,-57.2,-738.0,-8.0
2024,99999.0,Adjustment 2024,B,Energy,I,MI,,MISO,14.3,145,21,-20269.4,-294500,1966,-1059,-25539,-132,0,0,0,-21314.1,-319894.0,1855.0
2024,99999.0,Adjustment 2024,B,Energy,I,MT,,NWMT,0.4,5,2,8889.2,96223,397,158377.5,2556513,31,0,0,0,167267.1,2652741.0,430.0
2024,99999.0,Adjustment 2024,B,Energy,I,NH,,ISNE,410.8,6883,-3151,-63307.6,-667215,3002,64643.7,680477,1250,0,0,0,1746.9,20145.0,1101.0
2024,99999.0,Adjustment 2024,B,Energy,I,NJ,,NYIS,-755,-4046,-807,-1826.8,-17897,106,275.7,2759,3,0,0,0,-2306.1,-19184.0,-698.0
2024,99999.0,Adjustment 2024,B,Energy,I,NJ,,PJM,9966.3,58183,2342,89509.4,971466,28046,-73729.7,-803405,1876,17438.4,197287,4,43184.4,423531.0,32268.0
2024,99999.0,Adjustment 2024,B,Energy,I,NV,,NEVP,0,0,0,-2381.1,-152936,171,92195.8,1485046,4,0,0,0,89814.7,1332110.0,175.0
2024,99999.0,Adjustment 2024,B,Energy,I,NY,,NYIS,1267.3,8199,9218,622650.7,7694499,74996,-623837.1,-7703194,2735,-27545.1,-315649,-1,-27464.1,-316145.0,86948.0
2024,99999.0,Adjustment 2024,B,Energy,I,NY,,PJM,31,310,45,955.5,9013,40,0,0,0,0,0,0,986.5,9323.0,85.0
2024,99999.0,Adjustment 2024,B,Energy,I,OH,,PJM,169113.5,2279910,-21228,-1029889.8,-20418077,111726,1164793.5,23089795,7566,854.6,17168,-1,304871.9,4968796.0,98063.0
2024,99999.0,Adjustment 2024,B,Energy,I,OR,,PACW,0,0,0,-9061.2,-136568,33,26171.5,403362,5,0,0,0,17110.3,266794.0,38.0
2024,99999.0,Adjustment 2024,B,Energy,I,OR,,PGE,0,0,0,-100676.3,-1264923,321,107590,1349986,44,0,0,0,6913.8,85063.0,365.0
2024,99999.0,Adjustment 2024,B,Energy,I,PA,,NYIS,10.7,85,-16,-19.5,-115,103,0,0,0,0,0,0,-8.8,-30.0,87.0
2024,99999.0,Adjustment 2024,B,Energy,I,PA,,PJM,35401.9,298470,4765,-1972761.1,-28185531,62240,2069972.3,29589865,6624,27861.1,335590,3,160474.3,2038394.0,73632.0
2024,99999.0,Adjustment 2024,B,Energy,I,RI,,ISNE,50201.8,279711,4409,49287.3,515683,7706,-40998.6,-425230,357,-307.7,-3079,0,58182.8,367085.0,12472.0
2024,99999.0,Adjustment 2024,B,Energy,I,VA,,PJM,0,0,0,14498.1,251829,-924,10488.9,139953,-43,0,0,0,24987.0,391782.0,-967.0
2024,99999.0,Adjustment 2024,B,Energy,I,WA,,PSEI,0,0,0,17599,277998,101,39472.5,587453,8,0,0,0,57071.5,865451.0,109.0
"To calculate a state or the US total, sum Parts (A,B,C & D) for Revenue, but only Parts (A,B & D) for Sales and Customers.
To avoid double counting of customers, the aggregated customer counts for the states and US do not include the customer count for respondents with ownership code 'Behind the Meter'.
This group consists of Third Party Owners of rooftop solar systems.",,,,,,,,,,,,,,,,,,,,,,,
