data_year,utility_number,utility_name,short_form,state,county
2024,34,City of Abbeville - (SC),Y,SC,Abbeville
2024,55,City of Aberdeen - (MS),,MS,Monroe
2024,59,City of Abbeville - (LA),Y,LA,Vermilion
2024,84,A & N Electric Coop,,MD,Somerset
2024,84,A & N Electric Coop,,VA,Accomack
2024,84,A & N Electric Coop,,VA,Northampton
2024,87,City of Ada - (MN),Y,MN,Norman
2024,97,Adams Electric Coop,Y,IL,Adams
2024,97,Adams Electric Coop,Y,IL,Brown
2024,97,Adams Electric Coop,Y,IL,Hancock
2024,97,Adams Electric Coop,Y,IL,McDonough
2024,97,Adams Electric Coop,Y,IL,Pike
2024,97,Adams Electric Coop,Y,IL,Schuyler
2024,108,Adams-Columbia Electric Coop,,WI,Adams
2024,108,Adams-Columbia Electric Coop,,WI,Columbia
2024,108,Adams-Columbia Electric Coop,,WI,Dane
2024,108,Adams-Columbia Electric Coop,,WI,Dodge
2024,108,Adams-Columbia Electric Coop,,WI,Green Lake
2024,108,Adams-Columbia Electric Coop,,WI,Jefferson
2024,108,Adams-Columbia Electric Coop,,WI,Marquette
2024,108,Adams-Columbia Electric Coop,,WI,Portage
2024,108,Adams-Columbia Electric Coop,,WI,Sauk
2024,108,Adams-Columbia Electric Coop,,WI,Waupaca
2024,108,Adams-Columbia Electric Coop,,WI,Waushara
2024,108,Adams-Columbia Electric Coop,,WI,Wood
2024,118,"Adams Rural Electric Coop, Inc",Y,OH,Adams
2024,118,"Adams Rural Electric Coop, Inc",Y,OH,Brown
2024,118,"Adams Rural Electric Coop, Inc",Y,OH,Highland
2024,118,"Adams Rural Electric Coop, Inc",Y,OH,Pike
2024,118,"Adams Rural Electric Coop, Inc",Y,OH,Scioto
2024,122,Village of Arcade - (NY),Y,NY,Cattaraugus
2024,122,Village of Arcade - (NY),Y,NY,Erie
2024,122,Village of Arcade - (NY),Y,NY,Wyoming
2024,123,City of Adel- (GA),Y,GA,Cook
2024,123,City of Adel- (GA),Y,GA,Tift
2024,149,City of Afton- (IA),Y,IA,Union
2024,150,Adrian Public Utilities Comm,Y,MN,Nobles
2024,155,Agralite Electric Coop,,MN,Big Stone
2024,155,Agralite Electric Coop,,MN,Chippewa
2024,155,Agralite Electric Coop,,MN,Kandiyohi
2024,155,Agralite Electric Coop,,MN,Pope
2024,155,Agralite Electric Coop,,MN,Stevens
2024,155,Agralite Electric Coop,,MN,Swift
2024,157,Town of Advance - (IN),Y,IN,Boone
2024,162,Aiken Electric Coop Inc,,SC,Aiken
2024,162,Aiken Electric Coop Inc,,SC,Barnwell
2024,162,Aiken Electric Coop Inc,,SC,Calhoun
2024,162,Aiken Electric Coop Inc,,SC,Edgefield
2024,162,Aiken Electric Coop Inc,,SC,Greenwood
2024,162,Aiken Electric Coop Inc,,SC,Lexington
2024,162,Aiken Electric Coop Inc,,SC,McCormick
2024,162,Aiken Electric Coop Inc,,SC,Orangeburg
2024,162,Aiken Electric Coop Inc,,SC,Saluda
2024,174,Aitkin Public Utilities Comm,Y,MN,Aitkin
2024,176,Ajo Improvement Co,,AZ,Pima
2024,182,City of Akron - (IA),Y,IA,Plymouth
2024,183,Village of Akron - (NY),Y,NY,Erie
2024,191,Alamo Power District No 3,Y,NV,Lincoln
2024,192,Akiachak Native Community Electric,Y,AK,Bethel
2024,195,Alabama Power Co,,AL,Autauga
2024,195,Alabama Power Co,,AL,Baldwin
2024,195,Alabama Power Co,,AL,Barbour
2024,195,Alabama Power Co,,AL,Bibb
2024,195,Alabama Power Co,,AL,Blount
2024,195,Alabama Power Co,,AL,Bullock
2024,195,Alabama Power Co,,AL,Butler
2024,195,Alabama Power Co,,AL,Calhoun
2024,195,Alabama Power Co,,AL,Chambers
2024,195,Alabama Power Co,,AL,Cherokee
2024,195,Alabama Power Co,,AL,Chilton
2024,195,Alabama Power Co,,AL,Choctaw
2024,195,Alabama Power Co,,AL,Clarke
2024,195,Alabama Power Co,,AL,Clay
2024,195,Alabama Power Co,,AL,Cleburne
2024,195,Alabama Power Co,,AL,Coffee
2024,195,Alabama Power Co,,AL,Conecuh
2024,195,Alabama Power Co,,AL,Coosa
2024,195,Alabama Power Co,,AL,Covington
2024,195,Alabama Power Co,,AL,Crenshaw
2024,195,Alabama Power Co,,AL,Cullman
2024,195,Alabama Power Co,,AL,Dale
2024,195,Alabama Power Co,,AL,Dallas
2024,195,Alabama Power Co,,AL,Elmore
2024,195,Alabama Power Co,,AL,Escambia
2024,195,Alabama Power Co,,AL,Etowah
2024,195,Alabama Power Co,,AL,Fayette
2024,195,Alabama Power Co,,AL,Franklin
2024,195,Alabama Power Co,,AL,Geneva
2024,195,Alabama Power Co,,AL,Greene
2024,195,Alabama Power Co,,AL,Hale
2024,195,Alabama Power Co,,AL,Henry
2024,195,Alabama Power Co,,AL,Houston
2024,195,Alabama Power Co,,AL,Jefferson
2024,195,Alabama Power Co,,AL,Lamar
2024,195,Alabama Power Co,,AL,Lawrence
2024,195,Alabama Power Co,,AL,Lee
2024,195,Alabama Power Co,,AL,Lowndes
2024,195,Alabama Power Co,,AL,Macon
2024,195,Alabama Power Co,,AL,Marengo
2024,195,Alabama Power Co,,AL,Marion
2024,195,Alabama Power Co,,AL,Marshall
2024,195,Alabama Power Co,,AL,Mobile
2024,195,Alabama Power Co,,AL,Monroe
2024,195,Alabama Power Co,,AL,Montgomery
2024,195,Alabama Power Co,,AL,Perry
2024,195,Alabama Power Co,,AL,Pickens
2024,195,Alabama Power Co,,AL,Randolph
2024,195,Alabama Power Co,,AL,Russell
2024,195,Alabama Power Co,,AL,Shelby
2024,195,Alabama Power Co,,AL,St Clair
2024,195,Alabama Power Co,,AL,Sumter
2024,195,Alabama Power Co,,AL,Talladega
2024,195,Alabama Power Co,,AL,Tallapoosa
2024,195,Alabama Power Co,,AL,Tuscaloosa
2024,195,Alabama Power Co,,AL,Walker
2024,195,Alabama Power Co,,AL,Washington
2024,195,Alabama Power Co,,AL,Wilcox
2024,195,Alabama Power Co,,AL,Winston
2024,198,City of Alton,Y,IA,Sioux
2024,201,City of Alachua - (FL),Y,FL,Alachua
2024,202,Town of Black Creek - (NC),Y,NC,Wilson
2024,207,Alameda Municipal Power,,CA,Alameda
2024,213,Alaska Electric Light & Power Co.,,AK,Juneau
2024,219,Alaska Power and Telephone Co,,AK,Haines
2024,219,Alaska Power and Telephone Co,,AK,Prince of Wales Ketchikan
2024,219,Alaska Power and Telephone Co,,AK,Skagway Hoonah Angoon
2024,219,Alaska Power and Telephone Co,,AK,Yukon Koyukuk
2024,221,"Alaska Village Elec Coop, Inc",,AK,Bethel
2024,221,"Alaska Village Elec Coop, Inc",,AK,Dillingham
2024,221,"Alaska Village Elec Coop, Inc",,AK,Kodiak Island
2024,221,"Alaska Village Elec Coop, Inc",,AK,Kusilvak
2024,221,"Alaska Village Elec Coop, Inc",,AK,Nome
2024,221,"Alaska Village Elec Coop, Inc",,AK,Northwest Arctic
2024,221,"Alaska Village Elec Coop, Inc",,AK,Yakutat
2024,221,"Alaska Village Elec Coop, Inc",,AK,Yukon Koyukuk
2024,228,City of Albany - (MO),Y,MO,Gentry
2024,229,City of Albany - (IL),Y,IL,Whiteside
2024,230,Albany Utility Board,,GA,Dougherty
2024,230,Albany Utility Board,,GA,Lee
2024,232,City of Albemarle - (NC),,NC,Stanly
2024,240,Albemarle Electric Member Corp,,NC,Camden
2024,240,Albemarle Electric Member Corp,,NC,Chowan
2024,240,Albemarle Electric Member Corp,,NC,Currituck
2024,240,Albemarle Electric Member Corp,,NC,Pasquotank
2024,240,Albemarle Electric Member Corp,,NC,Perquimans
2024,241,Albertville Municipal Utilities Board,,AL,Marshall
2024,244,City of Albion - (ID),Y,ID,Cassia
2024,261,AGC Division of APGI Inc,,IN,Warrick
2024,266,City of Alpha - (MN),Y,MN,Jackson
2024,276,Alcorn County Elec Power Assn,,MS,Alcorn
2024,282,Village of Arcadia - (OH),Y,OH,Hancock
2024,289,City of Alexander City,Y,AL,Tallapoosa
2024,295,City of Alexandria - (MN),,MN,Douglas
2024,296,"Alfalfa Electric Coop, Inc",,KS,Barber
2024,296,"Alfalfa Electric Coop, Inc",,KS,Harper
2024,296,"Alfalfa Electric Coop, Inc",,OK,Alfalfa
2024,296,"Alfalfa Electric Coop, Inc",,OK,Garfield
2024,296,"Alfalfa Electric Coop, Inc",,OK,Grant
2024,296,"Alfalfa Electric Coop, Inc",,OK,Major
2024,296,"Alfalfa Electric Coop, Inc",,OK,Woods
2024,298,City of Alexandria - (LA),,LA,Rapides
2024,305,Alger-Delta Coop Electric Assn,,MI,Alger
2024,305,Alger-Delta Coop Electric Assn,,MI,Delta
2024,305,Alger-Delta Coop Electric Assn,,MI,Dickinson
2024,305,Alger-Delta Coop Electric Assn,,MI,Marquette
2024,305,Alger-Delta Coop Electric Assn,,MI,Menominee
2024,305,Alger-Delta Coop Electric Assn,,MI,Schoolcraft
2024,307,Algoma Utility Comm,,WI,Kewaunee
2024,308,City of Acworth - (GA),Y,GA,Bartow
2024,308,City of Acworth - (GA),Y,GA,Cobb
2024,309,City of Algona - (IA),Y,IA,Kossuth
2024,329,"Allamakee-Clayton El Coop, Inc",Y,IA,Allamakee
2024,329,"Allamakee-Clayton El Coop, Inc",Y,IA,Bremer
2024,329,"Allamakee-Clayton El Coop, Inc",Y,IA,Chickasaw
2024,329,"Allamakee-Clayton El Coop, Inc",Y,IA,Clayton
2024,329,"Allamakee-Clayton El Coop, Inc",Y,IA,Delaware
2024,329,"Allamakee-Clayton El Coop, Inc",Y,IA,Dubuque
2024,329,"Allamakee-Clayton El Coop, Inc",Y,IA,Fayette
2024,329,"Allamakee-Clayton El Coop, Inc",Y,IA,Winneshiek
2024,366,City of Allendale- (IL),Y,IL,Wabash
2024,367,City of Alliance- (NE),Y,NE,Box Butte
2024,367,City of Alliance- (NE),Y,NE,Morrill
2024,385,City of Alma - (KS),Y,KS,Wabaunsee
2024,392,Alpena Power Co,,MI,Alcona
2024,392,Alpena Power Co,,MI,Alpena
2024,392,Alpena Power Co,,MI,Montmorency
2024,392,Alpena Power Co,,MI,Presque Isle
2024,405,City of Alta - (IA),Y,IA,Buena Vista
2024,406,City of Altamont - (IL),Y,IL,Effingham
2024,407,Altamaha Electric Member Corp,,GA,Emanuel
2024,407,Altamaha Electric Member Corp,,GA,Johnson
2024,407,Altamaha Electric Member Corp,,GA,Laurens
2024,407,Altamaha Electric Member Corp,,GA,Montgomery
2024,407,Altamaha Electric Member Corp,,GA,Tattnall
2024,407,Altamaha Electric Member Corp,,GA,Toombs
2024,407,Altamaha Electric Member Corp,,GA,Treutlen
2024,408,City of Altamont - (KS),Y,KS,Labette
2024,416,City of Altus - (OK),,OK,Jackson
2024,432,City of Alta Vista- (IA),Y,IA,Chickasaw
2024,471,Amana Society Service Co,,IA,Iowa
2024,482,City of Alvarado - (MN),Y,MN,Marshall
2024,554,City of Ames - (IA),,IA,Story
2024,560,City of Amherst- (OH),Y,OH,Lorain
2024,562,Amicalola Electric Member Corp,,GA,Bartow
2024,562,Amicalola Electric Member Corp,,GA,Cherokee
2024,562,Amicalola Electric Member Corp,,GA,Dawson
2024,562,Amicalola Electric Member Corp,,GA,Fannin
2024,562,Amicalola Electric Member Corp,,GA,Forsyth
2024,562,Amicalola Electric Member Corp,,GA,Gilmer
2024,562,Amicalola Electric Member Corp,,GA,Gordon
2024,562,Amicalola Electric Member Corp,,GA,Lumpkin
2024,562,Amicalola Electric Member Corp,,GA,Murray
2024,562,Amicalola Electric Member Corp,,GA,Pickens
2024,571,City of Amory,,MS,Monroe
2024,577,City of Alcoa Utilities,,TN,Blount
2024,588,Anadarko Public Works Authority,Y,OK,Caddo
2024,590,City of Anaheim - (CA),,CA,Orange
2024,604,City of Andalusia,,AL,Covington
2024,636,City of Anderson - (IN),,IN,Madison
2024,661,Village of Andover - (NY),Y,NY,Allegany
2024,669,Village of Angelica - (NY),Y,NY,Allegany
2024,682,City of Anita - (IA),Y,IA,Cass
2024,689,Connexus Energy,,MN,Anoka
2024,689,Connexus Energy,,MN,Chisago
2024,689,Connexus Energy,,MN,Hennepin
2024,689,Connexus Energy,,MN,Isanti
2024,689,Connexus Energy,,MN,Mille Lacs
2024,689,Connexus Energy,,MN,Ramsey
2024,689,Connexus Energy,,MN,Sherburne
2024,689,Connexus Energy,,MN,Washington
2024,690,City of Bardstown - (KY),Y,KY,Nelson
2024,691,City of Anoka,,MN,Anoka
2024,691,City of Anoka,,MN,Hennepin
2024,694,Anza Electric Coop Inc,Y,CA,Riverside
2024,695,City of Ansley - (NE),Y,NE,Custer
2024,700,City of Anthon - (IA),Y,IA,Woodbury
2024,701,City of Anthony - (KS),Y,KS,Harper
2024,719,Town of Apex- (NC),,NC,Wake
2024,723,City of Aplington,Y,IA,Butler
2024,727,Appalachian Electric Coop,,TN,Grainger
2024,727,Appalachian Electric Coop,,TN,Hamblen
2024,727,Appalachian Electric Coop,,TN,Jefferson
2024,727,Appalachian Electric Coop,,TN,Sevier
2024,733,Appalachian Power Co,,VA,Albemarle
2024,733,Appalachian Power Co,,VA,Amherst
2024,733,Appalachian Power Co,,VA,Appomattox
2024,733,Appalachian Power Co,,VA,Bedford
2024,733,Appalachian Power Co,,VA,Bland
2024,733,Appalachian Power Co,,VA,Botetourt
2024,733,Appalachian Power Co,,VA,Buchanan
2024,733,Appalachian Power Co,,VA,Buckingham
2024,733,Appalachian Power Co,,VA,Campbell
2024,733,Appalachian Power Co,,VA,Carroll
2024,733,Appalachian Power Co,,VA,Craig
2024,733,Appalachian Power Co,,VA,Dickenson
2024,733,Appalachian Power Co,,VA,Floyd
2024,733,Appalachian Power Co,,VA,Fluvanna
2024,733,Appalachian Power Co,,VA,Franklin
2024,733,Appalachian Power Co,,VA,Galax City
2024,733,Appalachian Power Co,,VA,Giles
2024,733,Appalachian Power Co,,VA,Grayson
2024,733,Appalachian Power Co,,VA,Henry
2024,733,Appalachian Power Co,,VA,Lynchburg City
2024,733,Appalachian Power Co,,VA,Montgomery
2024,733,Appalachian Power Co,,VA,Nelson
2024,733,Appalachian Power Co,,VA,Patrick
2024,733,Appalachian Power Co,,VA,Pittsylvania
2024,733,Appalachian Power Co,,VA,Pulaski
2024,733,Appalachian Power Co,,VA,Roanoke
2024,733,Appalachian Power Co,,VA,Roanoke City
2024,733,Appalachian Power Co,,VA,Russell
2024,733,Appalachian Power Co,,VA,Scott
2024,733,Appalachian Power Co,,VA,Smyth
2024,733,Appalachian Power Co,,VA,Tazewell
2024,733,Appalachian Power Co,,VA,Washington
2024,733,Appalachian Power Co,,VA,Wise
2024,733,Appalachian Power Co,,VA,Wythe
2024,733,Appalachian Power Co,,WV,Boone
2024,733,Appalachian Power Co,,WV,Cabell
2024,733,Appalachian Power Co,,WV,Clay
2024,733,Appalachian Power Co,,WV,Fayette
2024,733,Appalachian Power Co,,WV,Greenbrier
2024,733,Appalachian Power Co,,WV,Jackson
2024,733,Appalachian Power Co,,WV,Kanawha
2024,733,Appalachian Power Co,,WV,Lincoln
2024,733,Appalachian Power Co,,WV,Logan
2024,733,Appalachian Power Co,,WV,Mason
2024,733,Appalachian Power Co,,WV,McDowell
2024,733,Appalachian Power Co,,WV,Mercer
2024,733,Appalachian Power Co,,WV,Mingo
2024,733,Appalachian Power Co,,WV,Monroe
2024,733,Appalachian Power Co,,WV,Nicholas
2024,733,Appalachian Power Co,,WV,Putnam
2024,733,Appalachian Power Co,,WV,Raleigh
2024,733,Appalachian Power Co,,WV,Roane
2024,733,Appalachian Power Co,,WV,Summers
2024,733,Appalachian Power Co,,WV,Wayne
2024,733,Appalachian Power Co,,WV,Wyoming
2024,750,Arab Electric Coop Inc,,AL,Cullman
2024,750,Arab Electric Coop Inc,,AL,Marshall
2024,752,City of Arapahoe - (NE),Y,NE,Furnas
2024,764,City of Arcadia - (KS),Y,KS,Crawford
2024,765,City of Arcadia - (WI),Y,WI,Trempealeau
2024,768,City of Arcanum - (OH),Y,OH,Darke
2024,789,Town of Argos,Y,IN,Marshall
2024,792,City of Argyle - (WI),Y,WI,Lafayette
2024,803,Arizona Public Service Co,,AZ,Apache
2024,803,Arizona Public Service Co,,AZ,Cochise
2024,803,Arizona Public Service Co,,AZ,Coconino
2024,803,Arizona Public Service Co,,AZ,Gila
2024,803,Arizona Public Service Co,,AZ,Graham
2024,803,Arizona Public Service Co,,AZ,Greenlee
2024,803,Arizona Public Service Co,,AZ,Maricopa
2024,803,Arizona Public Service Co,,AZ,Mohave
2024,803,Arizona Public Service Co,,AZ,Navajo
2024,803,Arizona Public Service Co,,AZ,Pima
2024,803,Arizona Public Service Co,,AZ,Pinal
2024,803,Arizona Public Service Co,,AZ,Santa Cruz
2024,803,Arizona Public Service Co,,AZ,Yavapai
2024,803,Arizona Public Service Co,,AZ,Yuma
2024,814,Entergy Arkansas LLC,,AR,Arkansas
2024,814,Entergy Arkansas LLC,,AR,Ashley
2024,814,Entergy Arkansas LLC,,AR,Baxter
2024,814,Entergy Arkansas LLC,,AR,Boone
2024,814,Entergy Arkansas LLC,,AR,Bradley
2024,814,Entergy Arkansas LLC,,AR,Calhoun
2024,814,Entergy Arkansas LLC,,AR,Carroll
2024,814,Entergy Arkansas LLC,,AR,Chicot
2024,814,Entergy Arkansas LLC,,AR,Clark
2024,814,Entergy Arkansas LLC,,AR,Clay
2024,814,Entergy Arkansas LLC,,AR,Cleburne
2024,814,Entergy Arkansas LLC,,AR,Cleveland
2024,814,Entergy Arkansas LLC,,AR,Columbia
2024,814,Entergy Arkansas LLC,,AR,Conway
2024,814,Entergy Arkansas LLC,,AR,Craighead
2024,814,Entergy Arkansas LLC,,AR,Crittenden
2024,814,Entergy Arkansas LLC,,AR,Cross
2024,814,Entergy Arkansas LLC,,AR,Dallas
2024,814,Entergy Arkansas LLC,,AR,Desha
2024,814,Entergy Arkansas LLC,,AR,Drew
2024,814,Entergy Arkansas LLC,,AR,Faulkner
2024,814,Entergy Arkansas LLC,,AR,Fulton
2024,814,Entergy Arkansas LLC,,AR,Garland
2024,814,Entergy Arkansas LLC,,AR,Grant
2024,814,Entergy Arkansas LLC,,AR,Greene
2024,814,Entergy Arkansas LLC,,AR,Hempstead
2024,814,Entergy Arkansas LLC,,AR,Hot Spring
2024,814,Entergy Arkansas LLC,,AR,Independence
2024,814,Entergy Arkansas LLC,,AR,Izard
2024,814,Entergy Arkansas LLC,,AR,Jackson
2024,814,Entergy Arkansas LLC,,AR,Jefferson
2024,814,Entergy Arkansas LLC,,AR,Johnson
2024,814,Entergy Arkansas LLC,,AR,Lafayette
2024,814,Entergy Arkansas LLC,,AR,Lawrence
2024,814,Entergy Arkansas LLC,,AR,Lee
2024,814,Entergy Arkansas LLC,,AR,Lincoln
2024,814,Entergy Arkansas LLC,,AR,Logan
2024,814,Entergy Arkansas LLC,,AR,Lonoke
2024,814,Entergy Arkansas LLC,,AR,Marion
2024,814,Entergy Arkansas LLC,,AR,Miller
2024,814,Entergy Arkansas LLC,,AR,Mississippi
2024,814,Entergy Arkansas LLC,,AR,Monroe
2024,814,Entergy Arkansas LLC,,AR,Montgomery
2024,814,Entergy Arkansas LLC,,AR,Nevada
2024,814,Entergy Arkansas LLC,,AR,Newton
2024,814,Entergy Arkansas LLC,,AR,Ouachita
2024,814,Entergy Arkansas LLC,,AR,Perry
2024,814,Entergy Arkansas LLC,,AR,Phillips
2024,814,Entergy Arkansas LLC,,AR,Pike
2024,814,Entergy Arkansas LLC,,AR,Poinsett
2024,814,Entergy Arkansas LLC,,AR,Pope
2024,814,Entergy Arkansas LLC,,AR,Prairie
2024,814,Entergy Arkansas LLC,,AR,Pulaski
2024,814,Entergy Arkansas LLC,,AR,Randolph
2024,814,Entergy Arkansas LLC,,AR,Saline
2024,814,Entergy Arkansas LLC,,AR,Scott
2024,814,Entergy Arkansas LLC,,AR,Searcy
2024,814,Entergy Arkansas LLC,,AR,Sharp
2024,814,Entergy Arkansas LLC,,AR,St Francis
2024,814,Entergy Arkansas LLC,,AR,Stone
2024,814,Entergy Arkansas LLC,,AR,Union
2024,814,Entergy Arkansas LLC,,AR,Van Buren
2024,814,Entergy Arkansas LLC,,AR,White
2024,814,Entergy Arkansas LLC,,AR,Woodruff
2024,814,Entergy Arkansas LLC,,AR,Yell
2024,814,Entergy Arkansas LLC,,MO,Dunklin
2024,814,Entergy Arkansas LLC,,MO,New Madrid
2024,814,Entergy Arkansas LLC,,MO,Oregon
2024,814,Entergy Arkansas LLC,,MO,Pemiscot
2024,814,Entergy Arkansas LLC,,MO,Taney
2024,814,Entergy Arkansas LLC,,TN,Tipton
2024,817,Arkansas Valley Elec Coop Corp,,AR,Crawford
2024,817,Arkansas Valley Elec Coop Corp,,AR,Franklin
2024,817,Arkansas Valley Elec Coop Corp,,AR,Johnson
2024,817,Arkansas Valley Elec Coop Corp,,AR,Logan
2024,817,Arkansas Valley Elec Coop Corp,,AR,Madison
2024,817,Arkansas Valley Elec Coop Corp,,AR,Newton
2024,817,Arkansas Valley Elec Coop Corp,,AR,Pope
2024,817,Arkansas Valley Elec Coop Corp,,AR,Scott
2024,817,Arkansas Valley Elec Coop Corp,,AR,Sebastian
2024,817,Arkansas Valley Elec Coop Corp,,AR,Washington
2024,817,Arkansas Valley Elec Coop Corp,,AR,Yell
2024,817,Arkansas Valley Elec Coop Corp,,OK,Adair
2024,817,Arkansas Valley Elec Coop Corp,,OK,Le Flore
2024,817,Arkansas Valley Elec Coop Corp,,OK,Sequoyah
2024,828,City of Arlington - (MN),Y,MN,Sibley
2024,831,City of Arlington - (SD),Y,SD,Brookings
2024,831,City of Arlington - (SD),Y,SD,Kingsbury
2024,832,City of Arma - (KS),Y,KS,Crawford
2024,871,Village of Arnold - (NE),Y,NE,Custer
2024,878,Atmautluak Tribal Utilities,Y,AK,Bethel
2024,887,"Arrowhead Electric Coop, Inc",Y,MN,Cook
2024,887,"Arrowhead Electric Coop, Inc",Y,MN,Lake
2024,902,Town of Ashburnham - (MA),Y,MA,Worcester
2024,906,Town of Ashland,Y,NH,Grafton
2024,907,City of Ashland - (OR),Y,OR,Jackson
2024,911,City of Ashland - (KS),Y,KS,Clark
2024,918,City of Aspen- (CO),Y,CO,Pitkin
2024,925,"Ashley Chicot Elec Coop, Inc",Y,AR,Ashley
2024,925,"Ashley Chicot Elec Coop, Inc",Y,AR,Chicot
2024,925,"Ashley Chicot Elec Coop, Inc",Y,AR,Drew
2024,925,"Ashley Chicot Elec Coop, Inc",Y,LA,Morehouse
2024,942,Atchison-Holt Electric Coop,Y,IA,Fremont
2024,942,Atchison-Holt Electric Coop,Y,IA,Page
2024,942,Atchison-Holt Electric Coop,Y,MO,Atchison
2024,942,Atchison-Holt Electric Coop,Y,MO,Holt
2024,942,Atchison-Holt Electric Coop,Y,MO,Nodaway
2024,944,City of Athens - (AL),,AL,Limestone
2024,947,Athens Utility Board,,TN,McMinn
2024,963,Atlantic City Electric Co,,NJ,Atlantic
2024,963,Atlantic City Electric Co,,NJ,Burlington
2024,963,Atlantic City Electric Co,,NJ,Camden
2024,963,Atlantic City Electric Co,,NJ,Cape May
2024,963,Atlantic City Electric Co,,NJ,Cumberland
2024,963,Atlantic City Electric Co,,NJ,Gloucester
2024,963,Atlantic City Electric Co,,NJ,Ocean
2024,963,Atlantic City Electric Co,,NJ,Salem
2024,965,Atlantic Municipal Utilities,Y,IA,Audubon
2024,965,Atlantic Municipal Utilities,Y,IA,Cass
2024,965,Atlantic Municipal Utilities,Y,IA,Pottawattamie
2024,965,Atlantic Municipal Utilities,Y,IA,Shelby
2024,989,City of Attica - (KS),Y,KS,Harper
2024,993,Auburn Board of Public Works,Y,NE,Johnson
2024,993,Auburn Board of Public Works,Y,NE,Nemaha
2024,993,Auburn Board of Public Works,Y,NE,Richardson
2024,994,City of Auburn - (IN),,IN,DeKalb
2024,995,City of Auburn - (IA),Y,IA,Sac
2024,998,City of Augusta - (KS),Y,KS,Butler
2024,1000,City of Augusta - (AR),Y,AR,Woodruff
2024,1002,City of Aurelia - (IA),Y,IA,Cherokee
2024,1004,City of Aurora - (SD),Y,SD,Brookings
2024,1009,City of Austin - (MN),,MN,Mower
2024,1015,Austin Energy,,TX,Travis
2024,1015,Austin Energy,,TX,Williamson
2024,1024,City of Ava - (MO),Y,MO,Douglas
2024,1024,City of Ava - (MO),Y,MO,Lafayette
2024,1028,Town of Avilla - (IN),Y,IN,Noble
2024,1033,City of Axtell - (KS),Y,KS,Marshall
2024,1036,Town of Ayden - (NC),Y,NC,Pitt
2024,1046,City of Aztec - (NM),Y,NM,San Juan
2024,1050,City of Azusa,,CA,Los Angeles
2024,1062,BARC Electric Coop Inc,Y,VA,Alleghany
2024,1062,BARC Electric Coop Inc,Y,VA,Augusta
2024,1062,BARC Electric Coop Inc,Y,VA,Bath
2024,1062,BARC Electric Coop Inc,Y,VA,Highland
2024,1062,BARC Electric Coop Inc,Y,VA,Rockbridge
2024,1080,City of Badger - (SD),Y,SD,Kingsbury
2024,1101,Bagley Public Utilities Comm,Y,MN,Clearwater
2024,1119,Town of Bainbridge - (IN),Y,IN,Putnam
2024,1148,City of Baldwin City- (KS),Y,KS,Douglas
2024,1149,Baldwin County El Member Corp,,AL,Baldwin
2024,1149,Baldwin County El Member Corp,,AL,Monroe
2024,1167,Baltimore Gas & Electric Co,,MD,Anne Arundel
2024,1167,Baltimore Gas & Electric Co,,MD,Baltimore
2024,1167,Baltimore Gas & Electric Co,,MD,Baltimore City
2024,1167,Baltimore Gas & Electric Co,,MD,Calvert
2024,1167,Baltimore Gas & Electric Co,,MD,Carroll
2024,1167,Baltimore Gas & Electric Co,,MD,Harford
2024,1167,Baltimore Gas & Electric Co,,MD,Howard
2024,1167,Baltimore Gas & Electric Co,,MD,Montgomery
2024,1167,Baltimore Gas & Electric Co,,MD,Prince Georges
2024,1169,Bailey County Elec Coop Assn,,TX,Bailey
2024,1169,Bailey County Elec Coop Assn,,TX,Castro
2024,1169,Bailey County Elec Coop Assn,,TX,Cochran
2024,1169,Bailey County Elec Coop Assn,,TX,Lamb
2024,1169,Bailey County Elec Coop Assn,,TX,Parmer
2024,1170,Bamberg Board of Public Works,Y,SC,Bamberg
2024,1172,Bancroft Municipal Utilities,Y,IA,Kossuth
2024,1175,"Bandera Electric Coop, Inc",,TX,Bandera
2024,1175,"Bandera Electric Coop, Inc",,TX,Bexar
2024,1175,"Bandera Electric Coop, Inc",,TX,Kendall
2024,1175,"Bandera Electric Coop, Inc",,TX,Kerr
2024,1175,"Bandera Electric Coop, Inc",,TX,Medina
2024,1175,"Bandera Electric Coop, Inc",,TX,Real
2024,1175,"Bandera Electric Coop, Inc",,TX,Uvalde
2024,1176,City of Bandon - (OR),Y,OR,Coos
2024,1176,City of Bandon - (OR),Y,OR,Curry
2024,1179,Versant Power,,ME,Aroostook
2024,1179,Versant Power,,ME,Hancock
2024,1179,Versant Power,,ME,Penobscot
2024,1179,Versant Power,,ME,Piscataquis
2024,1179,Versant Power,,ME,Waldo
2024,1179,Versant Power,,ME,Washington
2024,1181,Village of Bangor - (WI),Y,WI,La Crosse
2024,1181,Village of Bangor - (WI),Y,WI,Monroe
2024,1192,City of Banning - (CA),Y,CA,Riverside
2024,1196,Village of Baraga - (MI),,MI,Baraga
2024,1201,Barbourville Utility Comm,Y,KY,Knox
2024,1205,City of Bardwell - (KY),Y,KY,Carlisle
2024,1208,Town of Bargersville - (IN),Y,IN,Johnson
2024,1232,City of Barnesville - (GA),Y,GA,Lamar
2024,1233,City of Barnesville - (MN),Y,MN,Clay
2024,1251,Barron Electric Coop,,WI,Barron
2024,1251,Barron Electric Coop,,WI,Burnett
2024,1251,Barron Electric Coop,,WI,Chippewa
2024,1251,Barron Electric Coop,,WI,Dunn
2024,1251,Barron Electric Coop,,WI,Polk
2024,1251,Barron Electric Coop,,WI,Rusk
2024,1251,Barron Electric Coop,,WI,Sawyer
2024,1251,Barron Electric Coop,,WI,Washburn
2024,1273,"Bartlett Electric Coop, Inc",,TX,Bell
2024,1273,"Bartlett Electric Coop, Inc",,TX,Burleson
2024,1273,"Bartlett Electric Coop, Inc",,TX,Lee
2024,1273,"Bartlett Electric Coop, Inc",,TX,Milam
2024,1273,"Bartlett Electric Coop, Inc",,TX,Williamson
2024,1276,"Barrow Utils & Elec Coop, Inc",Y,AK,North Slope
2024,1278,City of Barron - (WI),Y,WI,Barron
2024,1279,Barry Electric Coop,Y,MO,Barry
2024,1279,Barry Electric Coop,Y,MO,McDonald
2024,1283,Bartholomew County Rural E M C,,IN,Bartholomew
2024,1283,Bartholomew County Rural E M C,,IN,Decatur
2024,1283,Bartholomew County Rural E M C,,IN,Jackson
2024,1283,Bartholomew County Rural E M C,,IN,Jennings
2024,1287,City of Bartlett - (TX),Y,TX,Bell
2024,1287,City of Bartlett - (TX),Y,TX,Williamson
2024,1299,"Barton Village, Inc",Y,VT,Orleans
2024,1300,City of Bartow - (FL),,FL,Polk
2024,1301,"Barton County Elec Coop, Inc",Y,MO,Barton
2024,1301,"Barton County Elec Coop, Inc",Y,MO,Cedar
2024,1301,"Barton County Elec Coop, Inc",Y,MO,Dade
2024,1301,"Barton County Elec Coop, Inc",Y,MO,Jasper
2024,1301,"Barton County Elec Coop, Inc",Y,MO,Vernon
2024,1307,Basin Electric Power Coop,,ND,Mercer
2024,1324,City of Bastrop - (TX),Y,TX,Bastrop
2024,1325,City of Batavia - (IL),,IL,Kane
2024,1326,Village of Bartley - (NE),Y,NE,Red Willow
2024,1343,Bath Electric Gas & Water,Y,NY,Steuben
2024,1346,City of Battle Creek- (NE),Y,NE,Madison
2024,1353,City of Baudette - (MN),Y,MN,Lake of The Woods
2024,1366,City of Bay City - (MI),,MI,Bay
2024,1367,"Bayfield Electric Coop, Inc",Y,MI,Gogebic
2024,1367,"Bayfield Electric Coop, Inc",Y,WI,Ashland
2024,1367,"Bayfield Electric Coop, Inc",Y,WI,Bayfield
2024,1367,"Bayfield Electric Coop, Inc",Y,WI,Douglas
2024,1367,"Bayfield Electric Coop, Inc",Y,WI,Iron
2024,1367,"Bayfield Electric Coop, Inc",Y,WI,Sawyer
2024,1367,"Bayfield Electric Coop, Inc",Y,WI,Vilas
2024,1374,City of Bayard - (NE),Y,NE,Morrill
2024,1386,Village of Beach City - (OH),Y,OH,Stark
2024,1386,Village of Beach City - (OH),Y,OH,Tuscarawas
2024,1387,City of Benham,Y,KY,Harlan
2024,1417,"Beartooth Electric Coop, Inc",Y,MT,Carbon
2024,1417,"Beartooth Electric Coop, Inc",Y,MT,Stillwater
2024,1417,"Beartooth Electric Coop, Inc",Y,MT,Sweet Grass
2024,1417,"Beartooth Electric Coop, Inc",Y,WY,Park
2024,1427,City of Beatrice - (NE),Y,NE,Gage
2024,1434,Beaver City Corporation,Y,UT,Beaver
2024,1435,City of Beaver City - (NE),Y,NE,Furnas
2024,1456,Town of Bedford - (VA),Y,VA,Bedford
2024,1458,"Beauregard Electric Coop, Inc",,LA,Allen
2024,1458,"Beauregard Electric Coop, Inc",,LA,Beauregard
2024,1458,"Beauregard Electric Coop, Inc",,LA,Calcasieu
2024,1458,"Beauregard Electric Coop, Inc",,LA,Evangeline
2024,1458,"Beauregard Electric Coop, Inc",,LA,Jefferson Davis
2024,1458,"Beauregard Electric Coop, Inc",,LA,Rapides
2024,1458,"Beauregard Electric Coop, Inc",,LA,Vernon
2024,1494,Town of Belhaven - (NC),Y,NC,Beaufort
2024,1512,City of Belleville - (KS),Y,KS,Republic
2024,1515,City of Bellevue - (IA),Y,IA,Jackson
2024,1519,City of Bellville - (TX),Y,TX,Austin
2024,1522,Village of Belmont - (WI),Y,WI,Lafayette
2024,1523,Town of Belmont - (MA),Y,MA,Middlesex
2024,1525,City of Beloit - (KS),Y,KS,Mitchell
2024,1529,"Beltrami Electric Coop, Inc",,MN,Beltrami
2024,1529,"Beltrami Electric Coop, Inc",,MN,Cass
2024,1529,"Beltrami Electric Coop, Inc",,MN,Clearwater
2024,1529,"Beltrami Electric Coop, Inc",,MN,Hubbard
2024,1529,"Beltrami Electric Coop, Inc",,MN,Itasca
2024,1529,"Beltrami Electric Coop, Inc",,MN,Koochiching
2024,1554,City of Benkelman - (NE),Y,NE,Dundy
2024,1566,City of Bennettsville - (SC),Y,SC,Marlboro
2024,1571,Town of Benson - (NC),Y,NC,Johnston
2024,1572,Badger Power Marketing Authority,,WI,Shawano
2024,1573,City of Benson - (MN),Y,MN,Swift
2024,1578,Benton County,,TN,Benton
2024,1579,PUD No 1 of Benton County,,WA,Benton
2024,1581,City of Benton - (AR),,AR,Saline
2024,1582,City of Benton - (KY),,KY,Marshall
2024,1585,Village of Benton - (WI),Y,WI,Lafayette
2024,1586,City of Bentonville - (AR),,AR,Benton
2024,1591,"Big Country Electric Coop, Inc",,TX,Borden
2024,1591,"Big Country Electric Coop, Inc",,TX,Fisher
2024,1591,"Big Country Electric Coop, Inc",,TX,Garza
2024,1591,"Big Country Electric Coop, Inc",,TX,Haskell
2024,1591,"Big Country Electric Coop, Inc",,TX,Jones
2024,1591,"Big Country Electric Coop, Inc",,TX,Kent
2024,1591,"Big Country Electric Coop, Inc",,TX,Mitchell
2024,1591,"Big Country Electric Coop, Inc",,TX,Nolan
2024,1591,"Big Country Electric Coop, Inc",,TX,Scurry
2024,1591,"Big Country Electric Coop, Inc",,TX,Shackelford
2024,1591,"Big Country Electric Coop, Inc",,TX,Stonewall
2024,1591,"Big Country Electric Coop, Inc",,TX,Throckmorton
2024,1601,City of Beresford,Y,SD,Lincoln
2024,1601,City of Beresford,Y,SD,Union
2024,1604,Village of Bergen - (NY),Y,NY,Genesee
2024,1613,Berkeley Electric Coop Inc,,SC,Berkeley
2024,1613,Berkeley Electric Coop Inc,,SC,Charleston
2024,1613,Berkeley Electric Coop Inc,,SC,Dorchester
2024,1615,Town of Berlin - (MD),Y,MD,Worcester
2024,1618,Borough of Berlin - (PA),Y,PA,Somerset
2024,1625,Benton Rural Electric Assn,,WA,Benton
2024,1625,Benton Rural Electric Assn,,WA,Lewis
2024,1625,Benton Rural Electric Assn,,WA,Yakima
2024,1640,City of Bessemer Utilities,,AL,Jefferson
2024,1647,City of Bethany - (MO),Y,MO,Harrison
2024,1648,Village of Bethany - (IL),Y,IL,Moultrie
2024,1650,Village of Bethel - (OH),Y,OH,Clermont
2024,1671,Big Flat Electric Coop Inc,Y,MT,Blaine
2024,1671,Big Flat Electric Coop Inc,Y,MT,Phillips
2024,1671,Big Flat Electric Coop Inc,Y,MT,Valley
2024,1675,Big Horn Rural Electric Co,Y,MT,Big Horn
2024,1675,Big Horn Rural Electric Co,Y,MT,Carbon
2024,1675,Big Horn Rural Electric Co,Y,WY,Big Horn
2024,1675,Big Horn Rural Electric Co,Y,WY,Johnson
2024,1675,Big Horn Rural Electric Co,Y,WY,Park
2024,1675,Big Horn Rural Electric Co,Y,WY,Sheridan
2024,1675,Big Horn Rural Electric Co,Y,WY,Washakie
2024,1677,Village of Bloomdale - (OH),Y,OH,Wood
2024,1683,"Big Horn County Elec Coop, Inc",Y,MT,Big Horn
2024,1683,"Big Horn County Elec Coop, Inc",Y,WY,Sheridan
2024,1698,City of Big Stone City - (SD),Y,SD,Grant
2024,1702,City of Biggs - (CA),Y,CA,Butte
2024,1708,Big Sandy Rural Elec Coop Corp,,KY,Breathitt
2024,1708,Big Sandy Rural Elec Coop Corp,,KY,Floyd
2024,1708,Big Sandy Rural Elec Coop Corp,,KY,Johnson
2024,1708,Big Sandy Rural Elec Coop Corp,,KY,Knott
2024,1708,Big Sandy Rural Elec Coop Corp,,KY,Lawrence
2024,1708,Big Sandy Rural Elec Coop Corp,,KY,Magoffin
2024,1708,Big Sandy Rural Elec Coop Corp,,KY,Martin
2024,1708,Big Sandy Rural Elec Coop Corp,,KY,Morgan
2024,1723,"Big Bend Electric Coop, Inc",,WA,Adams
2024,1723,"Big Bend Electric Coop, Inc",,WA,Franklin
2024,1723,"Big Bend Electric Coop, Inc",,WA,Grant
2024,1723,"Big Bend Electric Coop, Inc",,WA,Lincoln
2024,1723,"Big Bend Electric Coop, Inc",,WA,Whitman
2024,1726,City of Blue Mound - (KS),Y,KS,Linn
2024,1736,Blachly-Lane County Coop El Assn,Y,OR,Lane
2024,1738,Bonneville Power Administration,,CA,Siskiyou
2024,1738,Bonneville Power Administration,,ID,Bingham
2024,1738,Bonneville Power Administration,,ID,Bonner
2024,1738,Bonneville Power Administration,,ID,Butte
2024,1738,Bonneville Power Administration,,ID,Clearwater
2024,1738,Bonneville Power Administration,,ID,Custer
2024,1738,Bonneville Power Administration,,ID,Elmore
2024,1738,Bonneville Power Administration,,ID,Fremont
2024,1738,Bonneville Power Administration,,ID,Gem
2024,1738,Bonneville Power Administration,,ID,Jefferson
2024,1738,Bonneville Power Administration,,ID,Kootenai
2024,1738,Bonneville Power Administration,,ID,Latah
2024,1738,Bonneville Power Administration,,ID,Madison
2024,1738,Bonneville Power Administration,,ID,Nez Perce
2024,1738,Bonneville Power Administration,,ID,Power
2024,1738,Bonneville Power Administration,,ID,Shoshone
2024,1738,Bonneville Power Administration,,ID,Teton
2024,1738,Bonneville Power Administration,,MT,Broadwater
2024,1738,Bonneville Power Administration,,MT,Deer Lodge
2024,1738,Bonneville Power Administration,,MT,Granite
2024,1738,Bonneville Power Administration,,MT,Jefferson
2024,1738,Bonneville Power Administration,,MT,Mineral
2024,1738,Bonneville Power Administration,,MT,Missoula
2024,1738,Bonneville Power Administration,,MT,Powell
2024,1738,Bonneville Power Administration,,MT,Silver Bow
2024,1738,Bonneville Power Administration,,OR,Baker
2024,1738,Bonneville Power Administration,,OR,Clackamas
2024,1738,Bonneville Power Administration,,OR,Clatsop
2024,1738,Bonneville Power Administration,,OR,Columbia
2024,1738,Bonneville Power Administration,,OR,Coos
2024,1738,Bonneville Power Administration,,OR,Crook
2024,1738,Bonneville Power Administration,,OR,Curry
2024,1738,Bonneville Power Administration,,OR,Deschutes
2024,1738,Bonneville Power Administration,,OR,Douglas
2024,1738,Bonneville Power Administration,,OR,Gilliam
2024,1738,Bonneville Power Administration,,OR,Hood River
2024,1738,Bonneville Power Administration,,OR,Jefferson
2024,1738,Bonneville Power Administration,,OR,Klamath
2024,1738,Bonneville Power Administration,,OR,Lake
2024,1738,Bonneville Power Administration,,OR,Lane
2024,1738,Bonneville Power Administration,,OR,Lincoln
2024,1738,Bonneville Power Administration,,OR,Linn
2024,1738,Bonneville Power Administration,,OR,Marion
2024,1738,Bonneville Power Administration,,OR,Morrow
2024,1738,Bonneville Power Administration,,OR,Multnomah
2024,1738,Bonneville Power Administration,,OR,Polk
2024,1738,Bonneville Power Administration,,OR,Sherman
2024,1738,Bonneville Power Administration,,OR,Tillamook
2024,1738,Bonneville Power Administration,,OR,Umatilla
2024,1738,Bonneville Power Administration,,OR,Union
2024,1738,Bonneville Power Administration,,OR,Wasco
2024,1738,Bonneville Power Administration,,OR,Washington
2024,1738,Bonneville Power Administration,,OR,Yamhill
2024,1738,Bonneville Power Administration,,WA,Adams
2024,1738,Bonneville Power Administration,,WA,Benton
2024,1738,Bonneville Power Administration,,WA,Chelan
2024,1738,Bonneville Power Administration,,WA,Clallam
2024,1738,Bonneville Power Administration,,WA,Clark
2024,1738,Bonneville Power Administration,,WA,Cowlitz
2024,1738,Bonneville Power Administration,,WA,Douglas
2024,1738,Bonneville Power Administration,,WA,Ferry
2024,1738,Bonneville Power Administration,,WA,Franklin
2024,1738,Bonneville Power Administration,,WA,Grant
2024,1738,Bonneville Power Administration,,WA,Grays Harbor
2024,1738,Bonneville Power Administration,,WA,Jefferson
2024,1738,Bonneville Power Administration,,WA,King
2024,1738,Bonneville Power Administration,,WA,Kitsap
2024,1738,Bonneville Power Administration,,WA,Kittitas
2024,1738,Bonneville Power Administration,,WA,Klickitat
2024,1738,Bonneville Power Administration,,WA,Lewis
2024,1738,Bonneville Power Administration,,WA,Lincoln
2024,1738,Bonneville Power Administration,,WA,Okanogan
2024,1738,Bonneville Power Administration,,WA,Pacific
2024,1738,Bonneville Power Administration,,WA,Pend Oreille
2024,1738,Bonneville Power Administration,,WA,Pierce
2024,1738,Bonneville Power Administration,,WA,Skagit
2024,1738,Bonneville Power Administration,,WA,Snohomish
2024,1738,Bonneville Power Administration,,WA,Spokane
2024,1738,Bonneville Power Administration,,WA,Stevens
2024,1738,Bonneville Power Administration,,WA,Thurston
2024,1738,Bonneville Power Administration,,WA,Walla Walla
2024,1738,Bonneville Power Administration,,WA,Whatcom
2024,1738,Bonneville Power Administration,,WA,Yakima
2024,1747,Birch Creek Village Elec Util - (AK),Y,AK,Valdez Cordova
2024,1753,City of Biwabik - (MN),Y,MN,St Louis
2024,1763,"Black River Electric Coop, Inc - (SC)",,SC,Clarendon
2024,1763,"Black River Electric Coop, Inc - (SC)",,SC,Kershaw
2024,1763,"Black River Electric Coop, Inc - (SC)",,SC,Lee
2024,1763,"Black River Electric Coop, Inc - (SC)",,SC,Sumter
2024,1764,Black Diamond Power Co,,WV,Clay
2024,1764,Black Diamond Power Co,,WV,Kanawha
2024,1764,Black Diamond Power Co,,WV,Raleigh
2024,1764,Black Diamond Power Co,,WV,Wyoming
2024,1765,Village of Black Earth - (WI),Y,WI,Dane
2024,1765,Village of Black Earth - (WI),Y,WI,Iowa
2024,1769,"Black Hills Electric Coop, Inc",,SD,Custer
2024,1769,"Black Hills Electric Coop, Inc",,SD,Fall River
2024,1769,"Black Hills Electric Coop, Inc",,SD,Lawrence
2024,1769,"Black Hills Electric Coop, Inc",,SD,Meade
2024,1769,"Black Hills Electric Coop, Inc",,SD,Oglala Lakota
2024,1769,"Black Hills Electric Coop, Inc",,SD,Pennington
2024,1775,Black River Electric Coop - (MO),,MO,Bollinger
2024,1775,Black River Electric Coop - (MO),,MO,Cape Girardeau
2024,1775,Black River Electric Coop - (MO),,MO,Dent
2024,1775,Black River Electric Coop - (MO),,MO,Iron
2024,1775,Black River Electric Coop - (MO),,MO,Madison
2024,1775,Black River Electric Coop - (MO),,MO,Reynolds
2024,1775,Black River Electric Coop - (MO),,MO,Shannon
2024,1775,Black River Electric Coop - (MO),,MO,Wayne
2024,1776,City of Black River Falls,,WI,Jackson
2024,1779,Town of Basin - (WY),Y,WY,Big Horn
2024,1780,Black Warrior Elec Member Corp,,AL,Choctaw
2024,1780,Black Warrior Elec Member Corp,,AL,Clarke
2024,1780,Black Warrior Elec Member Corp,,AL,Dallas
2024,1780,Black Warrior Elec Member Corp,,AL,Greene
2024,1780,Black Warrior Elec Member Corp,,AL,Hale
2024,1780,Black Warrior Elec Member Corp,,AL,Marengo
2024,1780,Black Warrior Elec Member Corp,,AL,Perry
2024,1780,Black Warrior Elec Member Corp,,AL,Pickens
2024,1780,Black Warrior Elec Member Corp,,AL,Sumter
2024,1780,Black Warrior Elec Member Corp,,AL,Tuscaloosa
2024,1780,Black Warrior Elec Member Corp,,AL,Washington
2024,1780,Black Warrior Elec Member Corp,,AL,Wilcox
2024,1795,Town of Blackstone - (VA),Y,VA,Nottoway
2024,1800,City of Blackwell - (OK),Y,OK,Kay
2024,1818,City of Blaine - (WA),Y,WA,Whatcom
2024,1823,Borough of Blakely - (PA),Y,PA,Lackawanna
2024,1826,City of Blakely - (GA),Y,GA,Early
2024,1832,Village of Blanchester - (OH),Y,OH,Clinton
2024,1839,City of Blanding - (UT),Y,UT,San Juan
2024,1857,Block Island Utility District,,RI,Washington
2024,1866,Bloomer Electric & Water Co,Y,WI,Chippewa
2024,1869,City of Bloomfield - (IA),Y,IA,Davis
2024,1871,City of Blooming Prairie - (MN),Y,MN,Dodge
2024,1871,City of Blooming Prairie - (MN),Y,MN,Steele
2024,1876,City of Blountstown - (FL),Y,FL,Calhoun
2024,1883,Blue Earth Light & Water,Y,MN,Faribault
2024,1884,BENCO Electric Cooperative,,MN,Blue Earth
2024,1884,BENCO Electric Cooperative,,MN,Faribault
2024,1884,BENCO Electric Cooperative,,MN,Le Sueur
2024,1884,BENCO Electric Cooperative,,MN,Nicollet
2024,1884,BENCO Electric Cooperative,,MN,Sibley
2024,1886,Blue Grass Energy Coop Corp,,KY,Anderson
2024,1886,Blue Grass Energy Coop Corp,,KY,Bourbon
2024,1886,Blue Grass Energy Coop Corp,,KY,Bracken
2024,1886,Blue Grass Energy Coop Corp,,KY,Estill
2024,1886,Blue Grass Energy Coop Corp,,KY,Fayette
2024,1886,Blue Grass Energy Coop Corp,,KY,Franklin
2024,1886,Blue Grass Energy Coop Corp,,KY,Garrard
2024,1886,Blue Grass Energy Coop Corp,,KY,Grant
2024,1886,Blue Grass Energy Coop Corp,,KY,Harrison
2024,1886,Blue Grass Energy Coop Corp,,KY,Henry
2024,1886,Blue Grass Energy Coop Corp,,KY,Jackson
2024,1886,Blue Grass Energy Coop Corp,,KY,Jessamine
2024,1886,Blue Grass Energy Coop Corp,,KY,Madison
2024,1886,Blue Grass Energy Coop Corp,,KY,Mercer
2024,1886,Blue Grass Energy Coop Corp,,KY,Nelson
2024,1886,Blue Grass Energy Coop Corp,,KY,Nicholas
2024,1886,Blue Grass Energy Coop Corp,,KY,Pendleton
2024,1886,Blue Grass Energy Coop Corp,,KY,Robertson
2024,1886,Blue Grass Energy Coop Corp,,KY,Scott
2024,1886,Blue Grass Energy Coop Corp,,KY,Shelby
2024,1886,Blue Grass Energy Coop Corp,,KY,Spencer
2024,1886,Blue Grass Energy Coop Corp,,KY,Washington
2024,1886,Blue Grass Energy Coop Corp,,KY,Woodford
2024,1889,Blue Ridge Elec Member Corp - (NC),,NC,Alexander
2024,1889,Blue Ridge Elec Member Corp - (NC),,NC,Alleghany
2024,1889,Blue Ridge Elec Member Corp - (NC),,NC,Ashe
2024,1889,Blue Ridge Elec Member Corp - (NC),,NC,Avery
2024,1889,Blue Ridge Elec Member Corp - (NC),,NC,Caldwell
2024,1889,Blue Ridge Elec Member Corp - (NC),,NC,Watauga
2024,1889,Blue Ridge Elec Member Corp - (NC),,NC,Wilkes
2024,1890,Blue Ridge Electric Coop Inc - (SC),,SC,Anderson
2024,1890,Blue Ridge Electric Coop Inc - (SC),,SC,Greenville
2024,1890,Blue Ridge Electric Coop Inc - (SC),,SC,Oconee
2024,1890,Blue Ridge Electric Coop Inc - (SC),,SC,Pickens
2024,1890,Blue Ridge Electric Coop Inc - (SC),,SC,Spartanburg
2024,1891,Blue Ridge Mountain EMC - (GA),,GA,Fannin
2024,1891,Blue Ridge Mountain EMC - (GA),,GA,Gilmer
2024,1891,Blue Ridge Mountain EMC - (GA),,GA,Towns
2024,1891,Blue Ridge Mountain EMC - (GA),,GA,Union
2024,1891,Blue Ridge Mountain EMC - (GA),,NC,Cherokee
2024,1892,"Bluebonnet Electric Coop, Inc",,TX,Austin
2024,1892,"Bluebonnet Electric Coop, Inc",,TX,Bastrop
2024,1892,"Bluebonnet Electric Coop, Inc",,TX,Burleson
2024,1892,"Bluebonnet Electric Coop, Inc",,TX,Caldwell
2024,1892,"Bluebonnet Electric Coop, Inc",,TX,Colorado
2024,1892,"Bluebonnet Electric Coop, Inc",,TX,Fayette
2024,1892,"Bluebonnet Electric Coop, Inc",,TX,Gonzales
2024,1892,"Bluebonnet Electric Coop, Inc",,TX,Guadalupe
2024,1892,"Bluebonnet Electric Coop, Inc",,TX,Hays
2024,1892,"Bluebonnet Electric Coop, Inc",,TX,Lee
2024,1892,"Bluebonnet Electric Coop, Inc",,TX,Milam
2024,1892,"Bluebonnet Electric Coop, Inc",,TX,Travis
2024,1892,"Bluebonnet Electric Coop, Inc",,TX,Washington
2024,1892,"Bluebonnet Electric Coop, Inc",,TX,Williamson
2024,1896,City of Bluffton - (IN),,IN,Wells
2024,1898,"Bon Homme Yankton El Assn, Inc",Y,SD,Bon Homme
2024,1898,"Bon Homme Yankton El Assn, Inc",Y,SD,Yankton
2024,1913,City of Boerne,Y,TX,Kendall
2024,1936,Bolivar Energy Authority,,TN,Fayette
2024,1936,Bolivar Energy Authority,,TN,Hardeman
2024,1955,City of Bridgeport Utilities - (NE),Y,NE,Morrill
2024,1956,City of Bonners Ferry,Y,ID,Boundary
2024,1968,Boone Valley Electric Coop,Y,IA,Hancock
2024,1968,Boone Valley Electric Coop,Y,IA,Humboldt
2024,1968,Boone Valley Electric Coop,Y,IA,Wright
2024,1970,Village of Boonville - (NY),Y,NY,Lewis
2024,1970,Village of Boonville - (NY),Y,NY,Oneida
2024,1987,Town of Bostic - (NC),Y,NC,Rutherford
2024,1997,City of Boscobel - (WI),,WI,Grant
2024,2001,Boone Electric Coop,,MO,Audrain
2024,2001,Boone Electric Coop,,MO,Boone
2024,2001,Boone Electric Coop,,MO,Callaway
2024,2001,Boone Electric Coop,,MO,Howard
2024,2001,Boone Electric Coop,,MO,Monroe
2024,2001,Boone Electric Coop,,MO,Randolph
2024,2008,City of Boulder City - (NV),,NV,Clark
2024,2010,City of Bountiful,,UT,Davis
2024,2049,"Bowie-Cass Electric Coop, Inc",,TX,Bowie
2024,2049,"Bowie-Cass Electric Coop, Inc",,TX,Cass
2024,2049,"Bowie-Cass Electric Coop, Inc",,TX,Franklin
2024,2049,"Bowie-Cass Electric Coop, Inc",,TX,Morris
2024,2049,"Bowie-Cass Electric Coop, Inc",,TX,Red River
2024,2049,"Bowie-Cass Electric Coop, Inc",,TX,Titus
2024,2050,City of Bowie - (TX),Y,TX,Montague
2024,2054,City of Bowling Green - (OH),,OH,Wood
2024,2056,City of Bowling Green - (KY),,KY,Warren
2024,2064,Town of Boyce,Y,LA,Rapides
2024,2086,Town of Boylston - (MA),Y,MA,Worcester
2024,2089,Bozrah Light & Power Company,,CT,New London
2024,2120,Village of Brainard - (NE),Y,NE,Butler
2024,2128,Village of Bradner - (OH),Y,OH,Wood
2024,2135,City of Brady - (TX),Y,TX,McCulloch
2024,2138,Brainerd Public Utilities,,MN,Crow Wing
2024,2144,Town of Braintree - (MA),,MA,Norfolk
2024,2182,City of Breckenridge- (MN),Y,MN,Wilkin
2024,2183,City of Breda - (IA),Y,IA,Carroll
2024,2188,City of Breese - (IL),Y,IL,Clinton
2024,2192,Bremen Electric Light & Power Co,Y,IN,Marshall
2024,2194,City of Brenham - (TX),,TX,Washington
2024,2205,Village of Brewster - (OH),Y,OH,Stark
2024,2206,City of Brewster - (MN),Y,MN,Nobles
2024,2210,City of Bridgeport - (TX),Y,TX,Wise
2024,2212,"Broad River Electric Coop, Inc",,NC,Cleveland
2024,2212,"Broad River Electric Coop, Inc",,NC,Polk
2024,2212,"Broad River Electric Coop, Inc",,NC,Rutherford
2024,2212,"Broad River Electric Coop, Inc",,SC,Cherokee
2024,2212,"Broad River Electric Coop, Inc",,SC,Newberry
2024,2212,"Broad River Electric Coop, Inc",,SC,Spartanburg
2024,2212,"Broad River Electric Coop, Inc",,SC,Union
2024,2212,"Broad River Electric Coop, Inc",,SC,York
2024,2215,"Bridger Valley Elec Assn, Inc",Y,UT,Daggett
2024,2215,"Bridger Valley Elec Assn, Inc",Y,UT,Summit
2024,2215,"Bridger Valley Elec Assn, Inc",Y,WY,Lincoln
2024,2215,"Bridger Valley Elec Assn, Inc",Y,WY,Sweetwater
2024,2215,"Bridger Valley Elec Assn, Inc",Y,WY,Uinta
2024,2220,Brigham City Corporation,Y,UT,Box Elder
2024,2236,Town of Brinson - (GA),Y,GA,Decatur
2024,2247,City of Bristol - (TN),,TN,Sullivan
2024,2248,Bristol Virginia Utilities,,VA,Bristol City
2024,2248,Bristol Virginia Utilities,,VA,Scott
2024,2248,Bristol Virginia Utilities,,VA,Washington
2024,2268,Town of Braman - (OK),Y,OK,Kay
2024,2270,City of Bronson,Y,KS,Bourbon
2024,2272,Village of Brocton - (NY),Y,NY,Chautauqua
2024,2273,Brodhead Water & Lighting Comm,,WI,Green
2024,2273,Brodhead Water & Lighting Comm,,WI,Rock
2024,2277,City of Broken Bow - (NE),Y,NE,Custer
2024,2285,City of Brookings - (SD),,SD,Brookings
2024,2287,City of Brooklyn - (IA),Y,IA,Poweshiek
2024,2289,Town of Brooklyn,Y,IN,Morgan
2024,2304,Town of Brookston - (IN),Y,IN,White
2024,2316,Brown County Rural Elec Assn,Y,MN,Blue Earth
2024,2316,Brown County Rural Elec Assn,Y,MN,Brown
2024,2316,Brown County Rural Elec Assn,Y,MN,Cottonwood
2024,2316,Brown County Rural Elec Assn,Y,MN,Nicollet
2024,2316,Brown County Rural Elec Assn,Y,MN,Redwood
2024,2316,Brown County Rural Elec Assn,Y,MN,Renville
2024,2316,Brown County Rural Elec Assn,Y,MN,Sibley
2024,2316,Brown County Rural Elec Assn,Y,MN,Watonwan
2024,2354,Brown-Atchison E C A Inc,Y,KS,Atchison
2024,2354,Brown-Atchison E C A Inc,Y,KS,Brown
2024,2354,Brown-Atchison E C A Inc,Y,KS,Doniphan
2024,2354,Brown-Atchison E C A Inc,Y,KS,Jackson
2024,2354,Brown-Atchison E C A Inc,Y,KS,Jefferson
2024,2354,Brown-Atchison E C A Inc,Y,KS,Nemaha
2024,2394,Burke-Divide Electric Coop Inc,,ND,Burke
2024,2394,Burke-Divide Electric Coop Inc,,ND,Divide
2024,2394,Burke-Divide Electric Coop Inc,,ND,Mountrail
2024,2394,Burke-Divide Electric Coop Inc,,ND,Renville
2024,2394,Burke-Divide Electric Coop Inc,,ND,Ward
2024,2394,Burke-Divide Electric Coop Inc,,ND,Williams
2024,2404,City of Brownfield - (TX),Y,TX,Terry
2024,2409,Brownsville Public Utilities Board,,TX,Cameron
2024,2411,City of Brownsville,,TN,Haywood
2024,2412,City of Brownton - (MN),Y,MN,McLeod
2024,2423,City of Brundidge - (AL),Y,AL,Pike
2024,2439,City of Bryan - (OH),Y,OH,Williams
2024,2442,City of Bryan - (TX),,TX,Brazos
2024,2442,City of Bryan - (TX),,TX,Burleson
2024,2442,City of Bryan - (TX),,TX,Robertson
2024,2448,City of Bryant - (SD),Y,SD,Hamlin
2024,2469,Buckeye Water C&D District,Y,AZ,Maricopa
2024,2485,City of Buffalo - (MN),Y,MN,Wright
2024,2487,City of Buford,,GA,Gwinnett
2024,2487,City of Buford,,GA,Hall
2024,2491,City of Buhl - (MN),Y,MN,St Louis
2024,2502,"Buckeye Rural Elec Coop, Inc",,OH,Athens
2024,2502,"Buckeye Rural Elec Coop, Inc",,OH,Gallia
2024,2502,"Buckeye Rural Elec Coop, Inc",,OH,Jackson
2024,2502,"Buckeye Rural Elec Coop, Inc",,OH,Lawrence
2024,2502,"Buckeye Rural Elec Coop, Inc",,OH,Meigs
2024,2502,"Buckeye Rural Elec Coop, Inc",,OH,Pike
2024,2502,"Buckeye Rural Elec Coop, Inc",,OH,Ross
2024,2502,"Buckeye Rural Elec Coop, Inc",,OH,Scioto
2024,2502,"Buckeye Rural Elec Coop, Inc",,OH,Vinton
2024,2507,City of Burbank Water and Power,,CA,Los Angeles
2024,2534,City of Burke - (SD),Y,SD,Gregory
2024,2545,City of Burley - (ID),Y,ID,Cassia
2024,2545,City of Burley - (ID),Y,ID,Minidoka
2024,2547,City of Burlingame - (KS),Y,KS,Osage
2024,2548,City of Burlington Electric - (VT),,VT,Chittenden
2024,2550,City of Burlington - (CO),Y,CO,Kit Carson
2024,2551,City of Burlington - (KS),Y,KS,Coffey
2024,2553,City of Burlington - (OK),Y,OK,Alfalfa
2024,2559,City of Burnet - (TX),Y,TX,Burnet
2024,2599,Burt County Public Power Dist,Y,NE,Burt
2024,2599,Burt County Public Power Dist,Y,NE,Colfax
2024,2599,Burt County Public Power Dist,Y,NE,Cuming
2024,2599,Burt County Public Power Dist,Y,NE,Dodge
2024,2599,Burt County Public Power Dist,Y,NE,Thurston
2024,2599,Burt County Public Power Dist,Y,NE,Washington
2024,2600,City of Burt,Y,IA,Kossuth
2024,2609,City of Burwell - (NE),Y,NE,Garfield
2024,2633,City of Bushnell - (FL),Y,FL,Sumter
2024,2634,City of Bushnell - (IL),Y,IL,McDonough
2024,2641,"Butler Rural El Coop Assn, Inc - (KS)",Y,KS,Butler
2024,2641,"Butler Rural El Coop Assn, Inc - (KS)",Y,KS,Chase
2024,2641,"Butler Rural El Coop Assn, Inc - (KS)",Y,KS,Cowley
2024,2641,"Butler Rural El Coop Assn, Inc - (KS)",Y,KS,Greenwood
2024,2641,"Butler Rural El Coop Assn, Inc - (KS)",Y,KS,Harvey
2024,2641,"Butler Rural El Coop Assn, Inc - (KS)",Y,KS,Marion
2024,2641,"Butler Rural El Coop Assn, Inc - (KS)",Y,KS,Sedgwick
2024,2643,Butler Public Power District - (NE),,NE,Butler
2024,2643,Butler Public Power District - (NE),,NE,Saunders
2024,2647,City of Butler - (MO),Y,MO,Bates
2024,2650,Borough of Butler - (NJ),Y,NJ,Morris
2024,2650,Borough of Butler - (NJ),Y,NJ,Passaic
2024,2651,Butler Rural Electric Coop Inc - (OH),,IN,Franklin
2024,2651,Butler Rural Electric Coop Inc - (OH),,OH,Butler
2024,2651,Butler Rural Electric Coop Inc - (OH),,OH,Hamilton
2024,2651,Butler Rural Electric Coop Inc - (OH),,OH,Montgomery
2024,2651,Butler Rural Electric Coop Inc - (OH),,OH,Preble
2024,2652,Butler County Rural Elec Coop - (IA),,IA,Bremer
2024,2652,Butler County Rural Elec Coop - (IA),,IA,Butler
2024,2652,Butler County Rural Elec Coop - (IA),,IA,Cerro Gordo
2024,2652,Butler County Rural Elec Coop - (IA),,IA,Chickasaw
2024,2652,Butler County Rural Elec Coop - (IA),,IA,Fayette
2024,2652,Butler County Rural Elec Coop - (IA),,IA,Floyd
2024,2652,Butler County Rural Elec Coop - (IA),,IA,Franklin
2024,2655,"Butte Electric Coop, Inc",Y,SD,Butte
2024,2655,"Butte Electric Coop, Inc",Y,SD,Lawrence
2024,2655,"Butte Electric Coop, Inc",Y,SD,Meade
2024,2678,C & L Electric Coop Corp,,AR,Arkansas
2024,2678,C & L Electric Coop Corp,,AR,Bradley
2024,2678,C & L Electric Coop Corp,,AR,Cleveland
2024,2678,C & L Electric Coop Corp,,AR,Dallas
2024,2678,C & L Electric Coop Corp,,AR,Desha
2024,2678,C & L Electric Coop Corp,,AR,Drew
2024,2678,C & L Electric Coop Corp,,AR,Grant
2024,2678,C & L Electric Coop Corp,,AR,Jefferson
2024,2678,C & L Electric Coop Corp,,AR,Lincoln
2024,2726,City of Cabool - (MO),Y,MO,Texas
2024,2759,Village of Cadott - (WI),Y,WI,Chippewa
2024,2773,City of Cairo - (GA),Y,GA,Grady
2024,2774,CMS Electric Coop Inc,,KS,Barber
2024,2774,CMS Electric Coop Inc,,KS,Clark
2024,2774,CMS Electric Coop Inc,,KS,Comanche
2024,2774,CMS Electric Coop Inc,,KS,Ford
2024,2774,CMS Electric Coop Inc,,KS,Gray
2024,2774,CMS Electric Coop Inc,,KS,Haskell
2024,2774,CMS Electric Coop Inc,,KS,Kiowa
2024,2774,CMS Electric Coop Inc,,KS,Meade
2024,2774,CMS Electric Coop Inc,,KS,Seward
2024,2774,CMS Electric Coop Inc,,KS,Stevens
2024,2776,Cairo Public Utility Company,Y,IL,Alexander
2024,2776,Cairo Public Utility Company,Y,IL,Pulaski
2024,2800,City of Caldwell,Y,TX,Burleson
2024,2809,City of Callender - (IA),Y,IA,Webster
2024,2810,City of Caledonia - (MN),Y,MN,Houston
2024,2812,City of Calhoun - (GA),,GA,Gordon
2024,2821,City of Caliente - (NV),Y,NV,Lincoln
2024,2849,Central Electric Power Assn - (MS),,MS,Attala
2024,2849,Central Electric Power Assn - (MS),,MS,Leake
2024,2849,Central Electric Power Assn - (MS),,MS,Newton
2024,2849,Central Electric Power Assn - (MS),,MS,Rankin
2024,2849,Central Electric Power Assn - (MS),,MS,Scott
2024,2849,Central Electric Power Assn - (MS),,MS,Tate
2024,2851,City of California - (MO),Y,MO,Moniteau
2024,2859,Village of Callaway - (NE),Y,NE,Custer
2024,2888,City of Cambridge - (NE),Y,NE,Furnas
2024,2890,City of Camden,Y,SC,Kershaw
2024,2890,City of Camden,Y,SC,Lee
2024,2890,City of Camden,Y,SC,Sumter
2024,2900,City of Cameron,Y,MO,Clinton
2024,2900,City of Cameron,Y,MO,DeKalb
2024,2903,Canoochee Electric Member Corp,,GA,Bryan
2024,2903,Canoochee Electric Member Corp,,GA,Bulloch
2024,2903,Canoochee Electric Member Corp,,GA,Chatham
2024,2903,Canoochee Electric Member Corp,,GA,Emanuel
2024,2903,Canoochee Electric Member Corp,,GA,Evans
2024,2903,Canoochee Electric Member Corp,,GA,Liberty
2024,2903,Canoochee Electric Member Corp,,GA,Long
2024,2903,Canoochee Electric Member Corp,,GA,Tattnall
2024,2903,Canoochee Electric Member Corp,,GA,Toombs
2024,2910,City of Camilla,Y,GA,Mitchell
2024,2911,"Canadian Valley Elec Coop, Inc",,OK,Cleveland
2024,2911,"Canadian Valley Elec Coop, Inc",,OK,Creek
2024,2911,"Canadian Valley Elec Coop, Inc",,OK,Hughes
2024,2911,"Canadian Valley Elec Coop, Inc",,OK,Lincoln
2024,2911,"Canadian Valley Elec Coop, Inc",,OK,McIntosh
2024,2911,"Canadian Valley Elec Coop, Inc",,OK,Okfuskee
2024,2911,"Canadian Valley Elec Coop, Inc",,OK,Oklahoma
2024,2911,"Canadian Valley Elec Coop, Inc",,OK,Okmulgee
2024,2911,"Canadian Valley Elec Coop, Inc",,OK,Pottawatomie
2024,2911,"Canadian Valley Elec Coop, Inc",,OK,Seminole
2024,2931,Village of Campbell - (NE),Y,NE,Franklin
2024,2955,Canby Utility Board,Y,OR,Clackamas
2024,2960,"Caney Fork Electric Coop, Inc",,TN,Cannon
2024,2960,"Caney Fork Electric Coop, Inc",,TN,Coffee
2024,2960,"Caney Fork Electric Coop, Inc",,TN,DeKalb
2024,2960,"Caney Fork Electric Coop, Inc",,TN,Grundy
2024,2960,"Caney Fork Electric Coop, Inc",,TN,Putnam
2024,2960,"Caney Fork Electric Coop, Inc",,TN,Van Buren
2024,2960,"Caney Fork Electric Coop, Inc",,TN,Warren
2024,2960,"Caney Fork Electric Coop, Inc",,TN,White
2024,2961,"Caney Valley El Coop Assn, Inc",Y,KS,Butler
2024,2961,"Caney Valley El Coop Assn, Inc",Y,KS,Chautauqua
2024,2961,"Caney Valley El Coop Assn, Inc",Y,KS,Cowley
2024,2961,"Caney Valley El Coop Assn, Inc",Y,KS,Elk
2024,2961,"Caney Valley El Coop Assn, Inc",Y,KS,Montgomery
2024,2964,Cannelton Utilities,Y,IN,Perry
2024,2974,Canton Municipal Utilities,Y,MS,Madison
2024,2982,Cape Hatteras Elec Member Corp,Y,NC,Dare
2024,2985,"Capital Electric Coop, Inc",,ND,Burleigh
2024,2985,"Capital Electric Coop, Inc",,ND,Emmons
2024,2985,"Capital Electric Coop, Inc",,ND,Kidder
2024,2985,"Capital Electric Coop, Inc",,ND,McLean
2024,2985,"Capital Electric Coop, Inc",,ND,Sheridan
2024,2986,"Cam Wal Electric Coop, Inc",Y,SD,Campbell
2024,2986,"Cam Wal Electric Coop, Inc",Y,SD,Potter
2024,2986,"Cam Wal Electric Coop, Inc",Y,SD,Walworth
2024,2998,"Carbon Power & Light, Inc",Y,WY,Albany
2024,2998,"Carbon Power & Light, Inc",Y,WY,Carbon
2024,3008,Village of Carey - (OH),Y,OH,Wyandot
2024,3029,City of Carlisle- (IA),Y,IA,Warren
2024,3037,City of Carlyle - (IL),Y,IL,Clinton
2024,3040,City of Carmi - (IL),Y,IL,White
2024,3046,Duke Energy Progress - (NC),,NC,Alamance
2024,3046,Duke Energy Progress - (NC),,NC,Anson
2024,3046,Duke Energy Progress - (NC),,NC,Avery
2024,3046,Duke Energy Progress - (NC),,NC,Beaufort
2024,3046,Duke Energy Progress - (NC),,NC,Bladen
2024,3046,Duke Energy Progress - (NC),,NC,Brunswick
2024,3046,Duke Energy Progress - (NC),,NC,Buncombe
2024,3046,Duke Energy Progress - (NC),,NC,Carteret
2024,3046,Duke Energy Progress - (NC),,NC,Caswell
2024,3046,Duke Energy Progress - (NC),,NC,Chatham
2024,3046,Duke Energy Progress - (NC),,NC,Columbus
2024,3046,Duke Energy Progress - (NC),,NC,Craven
2024,3046,Duke Energy Progress - (NC),,NC,Cumberland
2024,3046,Duke Energy Progress - (NC),,NC,Duplin
2024,3046,Duke Energy Progress - (NC),,NC,Durham
2024,3046,Duke Energy Progress - (NC),,NC,Edgecombe
2024,3046,Duke Energy Progress - (NC),,NC,Franklin
2024,3046,Duke Energy Progress - (NC),,NC,Granville
2024,3046,Duke Energy Progress - (NC),,NC,Greene
2024,3046,Duke Energy Progress - (NC),,NC,Guilford
2024,3046,Duke Energy Progress - (NC),,NC,Halifax
2024,3046,Duke Energy Progress - (NC),,NC,Harnett
2024,3046,Duke Energy Progress - (NC),,NC,Haywood
2024,3046,Duke Energy Progress - (NC),,NC,Henderson
2024,3046,Duke Energy Progress - (NC),,NC,Hoke
2024,3046,Duke Energy Progress - (NC),,NC,Jackson
2024,3046,Duke Energy Progress - (NC),,NC,Johnston
2024,3046,Duke Energy Progress - (NC),,NC,Jones
2024,3046,Duke Energy Progress - (NC),,NC,Lee
2024,3046,Duke Energy Progress - (NC),,NC,Lenoir
2024,3046,Duke Energy Progress - (NC),,NC,Madison
2024,3046,Duke Energy Progress - (NC),,NC,McDowell
2024,3046,Duke Energy Progress - (NC),,NC,Mitchell
2024,3046,Duke Energy Progress - (NC),,NC,Montgomery
2024,3046,Duke Energy Progress - (NC),,NC,Moore
2024,3046,Duke Energy Progress - (NC),,NC,Nash
2024,3046,Duke Energy Progress - (NC),,NC,New Hanover
2024,3046,Duke Energy Progress - (NC),,NC,Onslow
2024,3046,Duke Energy Progress - (NC),,NC,Orange
2024,3046,Duke Energy Progress - (NC),,NC,Pamlico
2024,3046,Duke Energy Progress - (NC),,NC,Pender
2024,3046,Duke Energy Progress - (NC),,NC,Person
2024,3046,Duke Energy Progress - (NC),,NC,Pitt
2024,3046,Duke Energy Progress - (NC),,NC,Randolph
2024,3046,Duke Energy Progress - (NC),,NC,Richmond
2024,3046,Duke Energy Progress - (NC),,NC,Robeson
2024,3046,Duke Energy Progress - (NC),,NC,Rutherford
2024,3046,Duke Energy Progress - (NC),,NC,Sampson
2024,3046,Duke Energy Progress - (NC),,NC,Scotland
2024,3046,Duke Energy Progress - (NC),,NC,Stanly
2024,3046,Duke Energy Progress - (NC),,NC,Vance
2024,3046,Duke Energy Progress - (NC),,NC,Wake
2024,3046,Duke Energy Progress - (NC),,NC,Warren
2024,3046,Duke Energy Progress - (NC),,NC,Wayne
2024,3046,Duke Energy Progress - (NC),,NC,Wilson
2024,3046,Duke Energy Progress - (NC),,NC,Yancey
2024,3046,Duke Energy Progress - (NC),,SC,Chesterfield
2024,3046,Duke Energy Progress - (NC),,SC,Clarendon
2024,3046,Duke Energy Progress - (NC),,SC,Darlington
2024,3046,Duke Energy Progress - (NC),,SC,Dillon
2024,3046,Duke Energy Progress - (NC),,SC,Florence
2024,3046,Duke Energy Progress - (NC),,SC,Georgetown
2024,3046,Duke Energy Progress - (NC),,SC,Horry
2024,3046,Duke Energy Progress - (NC),,SC,Kershaw
2024,3046,Duke Energy Progress - (NC),,SC,Lee
2024,3046,Duke Energy Progress - (NC),,SC,Marion
2024,3046,Duke Energy Progress - (NC),,SC,Marlboro
2024,3046,Duke Energy Progress - (NC),,SC,Sumter
2024,3046,Duke Energy Progress - (NC),,SC,Williamsburg
2024,3075,Carroll County - (TN),,TN,Carroll
2024,3075,Carroll County - (TN),,TN,Henderson
2024,3075,Carroll County - (TN),,TN,Weakley
2024,3076,"Carroll Electric Coop, Inc - (OH)",Y,OH,Carroll
2024,3076,"Carroll Electric Coop, Inc - (OH)",Y,OH,Columbiana
2024,3076,"Carroll Electric Coop, Inc - (OH)",Y,OH,Harrison
2024,3076,"Carroll Electric Coop, Inc - (OH)",Y,OH,Jefferson
2024,3076,"Carroll Electric Coop, Inc - (OH)",Y,OH,Stark
2024,3076,"Carroll Electric Coop, Inc - (OH)",Y,OH,Tuscarawas
2024,3081,Carroll Electric Member Corp - (GA),,GA,Carroll
2024,3081,Carroll Electric Member Corp - (GA),,GA,Floyd
2024,3081,Carroll Electric Member Corp - (GA),,GA,Haralson
2024,3081,Carroll Electric Member Corp - (GA),,GA,Heard
2024,3081,Carroll Electric Member Corp - (GA),,GA,Paulding
2024,3081,Carroll Electric Member Corp - (GA),,GA,Polk
2024,3081,Carroll Electric Member Corp - (GA),,GA,Troup
2024,3082,Carrollton Board of Public Wks,Y,MO,Carroll
2024,3093,Carroll Electric Coop Corp - (AR),,AR,Benton
2024,3093,Carroll Electric Coop Corp - (AR),,AR,Boone
2024,3093,Carroll Electric Coop Corp - (AR),,AR,Carroll
2024,3093,Carroll Electric Coop Corp - (AR),,AR,Madison
2024,3093,Carroll Electric Coop Corp - (AR),,AR,Newton
2024,3093,Carroll Electric Coop Corp - (AR),,AR,Pope
2024,3093,Carroll Electric Coop Corp - (AR),,AR,Washington
2024,3093,Carroll Electric Coop Corp - (AR),,MO,Barry
2024,3093,Carroll Electric Coop Corp - (AR),,MO,McDonald
2024,3093,Carroll Electric Coop Corp - (AR),,MO,Stone
2024,3093,Carroll Electric Coop Corp - (AR),,MO,Taney
2024,3107,Carteret-Craven El Member Corp,,NC,Carteret
2024,3107,Carteret-Craven El Member Corp,,NC,Craven
2024,3107,Carteret-Craven El Member Corp,,NC,Jones
2024,3107,Carteret-Craven El Member Corp,,NC,Onslow
2024,3108,City of Cartersville - (GA),,GA,Bartow
2024,3111,Cass Electric Coop,Y,IA,Hamilton
2024,3111,Cass Electric Coop,Y,IA,Wright
2024,3113,City of Carthage - (MO),,MO,Jasper
2024,3136,City of Cascade Locks - (OR),Y,OR,Hood River
2024,3136,City of Cascade Locks - (OR),Y,OR,Multnomah
2024,3137,Cascade Municipal Utilities,Y,IA,Dubuque
2024,3137,Cascade Municipal Utilities,Y,IA,Jones
2024,3138,"Cavalier Rural Elec Coop, Inc",Y,ND,Cavalier
2024,3138,"Cavalier Rural Elec Coop, Inc",Y,ND,Ramsey
2024,3153,City of Casey - (IL),Y,IL,Clark
2024,3156,Village of Cashton - (WI),Y,WI,Monroe
2024,3164,Village of Castile - (NY),Y,NY,Wyoming
2024,3168,City of Castroville - (TX),Y,TX,Medina
2024,3170,Borough of Catawissa,Y,PA,Columbia
2024,3186,City of Cavalier - (ND),Y,ND,Pembina
2024,3191,City of Cawker City - (KS),Y,KS,Mitchell
2024,3203,Cedar Falls Utilities,,IA,Black Hawk
2024,3203,Cedar Falls Utilities,,IA,Butler
2024,3203,Cedar Falls Utilities,,IA,Grundy
2024,3205,Cedar-Knox Public Power Dist,,NE,Cedar
2024,3205,Cedar-Knox Public Power Dist,,NE,Dixon
2024,3205,Cedar-Knox Public Power Dist,,NE,Knox
2024,3205,Cedar-Knox Public Power Dist,,NE,Pierce
2024,3205,Cedar-Knox Public Power Dist,,NE,Wayne
2024,3208,Cedarburg Light & Water Comm,,WI,Ozaukee
2024,3216,City of Celina - (OH),,OH,Auglaize
2024,3216,City of Celina - (OH),,OH,Mercer
2024,3222,Central Alabama Electric Coop,,AL,Autauga
2024,3222,Central Alabama Electric Coop,,AL,Bibb
2024,3222,Central Alabama Electric Coop,,AL,Chilton
2024,3222,Central Alabama Electric Coop,,AL,Coosa
2024,3222,Central Alabama Electric Coop,,AL,Dallas
2024,3222,Central Alabama Electric Coop,,AL,Elmore
2024,3222,Central Alabama Electric Coop,,AL,Lowndes
2024,3222,Central Alabama Electric Coop,,AL,Perry
2024,3222,Central Alabama Electric Coop,,AL,Talladega
2024,3222,Central Alabama Electric Coop,,AL,Tallapoosa
2024,3226,"Central Rural Electric Cooperative, Inc",,OK,Creek
2024,3226,"Central Rural Electric Cooperative, Inc",,OK,Garfield
2024,3226,"Central Rural Electric Cooperative, Inc",,OK,Lincoln
2024,3226,"Central Rural Electric Cooperative, Inc",,OK,Logan
2024,3226,"Central Rural Electric Cooperative, Inc",,OK,Noble
2024,3226,"Central Rural Electric Cooperative, Inc",,OK,Oklahoma
2024,3226,"Central Rural Electric Cooperative, Inc",,OK,Pawnee
2024,3226,"Central Rural Electric Cooperative, Inc",,OK,Payne
2024,3227,City of Center - (CO),Y,CO,Rio Grande
2024,3227,City of Center - (CO),Y,CO,Saguache
2024,3230,Town of Centerville - (IN),Y,IN,Wayne
2024,3235,City of Central City,Y,NE,Merrick
2024,3236,"Central Electric Coop, Inc - (SD)",,SD,Aurora
2024,3236,"Central Electric Coop, Inc - (SD)",,SD,Brule
2024,3236,"Central Electric Coop, Inc - (SD)",,SD,Buffalo
2024,3236,"Central Electric Coop, Inc - (SD)",,SD,Davison
2024,3236,"Central Electric Coop, Inc - (SD)",,SD,Hanson
2024,3236,"Central Electric Coop, Inc - (SD)",,SD,Jerauld
2024,3236,"Central Electric Coop, Inc - (SD)",,SD,Miner
2024,3236,"Central Electric Coop, Inc - (SD)",,SD,Sanborn
2024,3240,Central Electric Coop Inc - (OR),,OR,Crook
2024,3240,Central Electric Coop Inc - (OR),,OR,Deschutes
2024,3240,Central Electric Coop Inc - (OR),,OR,Grant
2024,3240,Central Electric Coop Inc - (OR),,OR,Jefferson
2024,3240,Central Electric Coop Inc - (OR),,OR,Linn
2024,3240,Central Electric Coop Inc - (OR),,OR,Wasco
2024,3245,"Central Florida Elec Coop, Inc",,FL,Alachua
2024,3245,"Central Florida Elec Coop, Inc",,FL,Dixie
2024,3245,"Central Florida Elec Coop, Inc",,FL,Gilchrist
2024,3245,"Central Florida Elec Coop, Inc",,FL,Lafayette
2024,3245,"Central Florida Elec Coop, Inc",,FL,Levy
2024,3245,"Central Florida Elec Coop, Inc",,FL,Marion
2024,3248,Central Georgia El Member Corp,,GA,Bartow
2024,3248,Central Georgia El Member Corp,,GA,Bibb
2024,3248,Central Georgia El Member Corp,,GA,Butts
2024,3248,Central Georgia El Member Corp,,GA,Clayton
2024,3248,Central Georgia El Member Corp,,GA,Fayette
2024,3248,Central Georgia El Member Corp,,GA,Henry
2024,3248,Central Georgia El Member Corp,,GA,Jasper
2024,3248,Central Georgia El Member Corp,,GA,Jones
2024,3248,Central Georgia El Member Corp,,GA,Lamar
2024,3248,Central Georgia El Member Corp,,GA,Monroe
2024,3248,Central Georgia El Member Corp,,GA,Morgan
2024,3248,Central Georgia El Member Corp,,GA,Murray
2024,3248,Central Georgia El Member Corp,,GA,Newton
2024,3248,Central Georgia El Member Corp,,GA,Pike
2024,3248,Central Georgia El Member Corp,,GA,Putnam
2024,3248,Central Georgia El Member Corp,,GA,Spalding
2024,3249,Central Hudson Gas & Elec Corp,,NY,Albany
2024,3249,Central Hudson Gas & Elec Corp,,NY,Columbia
2024,3249,Central Hudson Gas & Elec Corp,,NY,Dutchess
2024,3249,Central Hudson Gas & Elec Corp,,NY,Greene
2024,3249,Central Hudson Gas & Elec Corp,,NY,Orange
2024,3249,Central Hudson Gas & Elec Corp,,NY,Putnam
2024,3249,Central Hudson Gas & Elec Corp,,NY,Ulster
2024,3250,Central Electric Membership Corp. - (NC),,NC,Chatham
2024,3250,Central Electric Membership Corp. - (NC),,NC,Harnett
2024,3250,Central Electric Membership Corp. - (NC),,NC,Lee
2024,3250,Central Electric Membership Corp. - (NC),,NC,Moore
2024,3250,Central Electric Membership Corp. - (NC),,NC,Randolph
2024,3264,Central Lincoln People's Ut Dt,,OR,Coos
2024,3264,Central Lincoln People's Ut Dt,,OR,Douglas
2024,3264,Central Lincoln People's Ut Dt,,OR,Lane
2024,3264,Central Lincoln People's Ut Dt,,OR,Lincoln
2024,3265,Cleco Power LLC,,LA,Acadia
2024,3265,Cleco Power LLC,,LA,Allen
2024,3265,Cleco Power LLC,,LA,Assumption
2024,3265,Cleco Power LLC,,LA,Avoyelles
2024,3265,Cleco Power LLC,,LA,Beauregard
2024,3265,Cleco Power LLC,,LA,Calcasieu
2024,3265,Cleco Power LLC,,LA,Catahoula
2024,3265,Cleco Power LLC,,LA,DeSoto
2024,3265,Cleco Power LLC,,LA,Evangeline
2024,3265,Cleco Power LLC,,LA,Grant
2024,3265,Cleco Power LLC,,LA,Iberia
2024,3265,Cleco Power LLC,,LA,Jefferson Davis
2024,3265,Cleco Power LLC,,LA,La Salle
2024,3265,Cleco Power LLC,,LA,Natchitoches
2024,3265,Cleco Power LLC,,LA,Rapides
2024,3265,Cleco Power LLC,,LA,Red River
2024,3265,Cleco Power LLC,,LA,Sabine
2024,3265,Cleco Power LLC,,LA,St Landry
2024,3265,Cleco Power LLC,,LA,St Martin
2024,3265,Cleco Power LLC,,LA,St Mary
2024,3265,Cleco Power LLC,,LA,St Tammany
2024,3265,Cleco Power LLC,,LA,Vermilion
2024,3265,Cleco Power LLC,,LA,Vernon
2024,3265,Cleco Power LLC,,LA,Washington
2024,3266,Central Maine Power Co,,ME,Androscoggin
2024,3266,Central Maine Power Co,,ME,Cumberland
2024,3266,Central Maine Power Co,,ME,Franklin
2024,3266,Central Maine Power Co,,ME,Hancock
2024,3266,Central Maine Power Co,,ME,Kennebec
2024,3266,Central Maine Power Co,,ME,Knox
2024,3266,Central Maine Power Co,,ME,Lincoln
2024,3266,Central Maine Power Co,,ME,Oxford
2024,3266,Central Maine Power Co,,ME,Penobscot
2024,3266,Central Maine Power Co,,ME,Piscataquis
2024,3266,Central Maine Power Co,,ME,Sagadahoc
2024,3266,Central Maine Power Co,,ME,Somerset
2024,3266,Central Maine Power Co,,ME,Waldo
2024,3266,Central Maine Power Co,,ME,York
2024,3268,Central Missouri Elec Coop Inc,,MO,Benton
2024,3268,Central Missouri Elec Coop Inc,,MO,Pettis
2024,3268,Central Missouri Elec Coop Inc,,MO,Saline
2024,3273,"Central New Mexico El Coop, Inc",,NM,Bernalillo
2024,3273,"Central New Mexico El Coop, Inc",,NM,Chaves
2024,3273,"Central New Mexico El Coop, Inc",,NM,De Baca
2024,3273,"Central New Mexico El Coop, Inc",,NM,Guadalupe
2024,3273,"Central New Mexico El Coop, Inc",,NM,Lincoln
2024,3273,"Central New Mexico El Coop, Inc",,NM,San Miguel
2024,3273,"Central New Mexico El Coop, Inc",,NM,Sandoval
2024,3273,"Central New Mexico El Coop, Inc",,NM,Santa Fe
2024,3273,"Central New Mexico El Coop, Inc",,NM,Socorro
2024,3273,"Central New Mexico El Coop, Inc",,NM,Torrance
2024,3273,"Central New Mexico El Coop, Inc",,NM,Valencia
2024,3278,AEP Texas Central Company,,TX,Aransas
2024,3278,AEP Texas Central Company,,TX,Atascosa
2024,3278,AEP Texas Central Company,,TX,Bee
2024,3278,AEP Texas Central Company,,TX,Brooks
2024,3278,AEP Texas Central Company,,TX,Caldwell
2024,3278,AEP Texas Central Company,,TX,Calhoun
2024,3278,AEP Texas Central Company,,TX,Cameron
2024,3278,AEP Texas Central Company,,TX,Colorado
2024,3278,AEP Texas Central Company,,TX,DeWitt
2024,3278,AEP Texas Central Company,,TX,Dimmit
2024,3278,AEP Texas Central Company,,TX,Duval
2024,3278,AEP Texas Central Company,,TX,Edwards
2024,3278,AEP Texas Central Company,,TX,Frio
2024,3278,AEP Texas Central Company,,TX,Goliad
2024,3278,AEP Texas Central Company,,TX,Gonzales
2024,3278,AEP Texas Central Company,,TX,Guadalupe
2024,3278,AEP Texas Central Company,,TX,Hidalgo
2024,3278,AEP Texas Central Company,,TX,Jackson
2024,3278,AEP Texas Central Company,,TX,Jim Hogg
2024,3278,AEP Texas Central Company,,TX,Jim Wells
2024,3278,AEP Texas Central Company,,TX,Karnes
2024,3278,AEP Texas Central Company,,TX,Kenedy
2024,3278,AEP Texas Central Company,,TX,Kinney
2024,3278,AEP Texas Central Company,,TX,Kleberg
2024,3278,AEP Texas Central Company,,TX,La Salle
2024,3278,AEP Texas Central Company,,TX,Live Oak
2024,3278,AEP Texas Central Company,,TX,Matagorda
2024,3278,AEP Texas Central Company,,TX,Maverick
2024,3278,AEP Texas Central Company,,TX,McMullen
2024,3278,AEP Texas Central Company,,TX,Medina
2024,3278,AEP Texas Central Company,,TX,Nueces
2024,3278,AEP Texas Central Company,,TX,Real
2024,3278,AEP Texas Central Company,,TX,Refugio
2024,3278,AEP Texas Central Company,,TX,San Patricio
2024,3278,AEP Texas Central Company,,TX,Starr
2024,3278,AEP Texas Central Company,,TX,Uvalde
2024,3278,AEP Texas Central Company,,TX,Val Verde
2024,3278,AEP Texas Central Company,,TX,Victoria
2024,3278,AEP Texas Central Company,,TX,Webb
2024,3278,AEP Texas Central Company,,TX,Wharton
2024,3278,AEP Texas Central Company,,TX,Willacy
2024,3278,AEP Texas Central Company,,TX,Wilson
2024,3278,AEP Texas Central Company,,TX,Zapata
2024,3278,AEP Texas Central Company,,TX,Zavala
2024,3282,"Central Texas Elec Coop, Inc",,TX,Blanco
2024,3282,"Central Texas Elec Coop, Inc",,TX,Gillespie
2024,3282,"Central Texas Elec Coop, Inc",,TX,Kendall
2024,3282,"Central Texas Elec Coop, Inc",,TX,Kerr
2024,3282,"Central Texas Elec Coop, Inc",,TX,Kimble
2024,3282,"Central Texas Elec Coop, Inc",,TX,Llano
2024,3282,"Central Texas Elec Coop, Inc",,TX,Mason
2024,3282,"Central Texas Elec Coop, Inc",,TX,McCulloch
2024,3282,"Central Texas Elec Coop, Inc",,TX,Menard
2024,3282,"Central Texas Elec Coop, Inc",,TX,Real
2024,3282,"Central Texas Elec Coop, Inc",,TX,San Saba
2024,3287,"Central Valley Elec Coop, Inc",,NM,Chaves
2024,3287,"Central Valley Elec Coop, Inc",,NM,Eddy
2024,3287,"Central Valley Elec Coop, Inc",,NM,Lea
2024,3287,"Central Valley Elec Coop, Inc",,NM,Otero
2024,3291,Central Virginia Electric Coop,,VA,Albemarle
2024,3291,Central Virginia Electric Coop,,VA,Amherst
2024,3291,Central Virginia Electric Coop,,VA,Appomattox
2024,3291,Central Virginia Electric Coop,,VA,Augusta
2024,3291,Central Virginia Electric Coop,,VA,Buckingham
2024,3291,Central Virginia Electric Coop,,VA,Campbell
2024,3291,Central Virginia Electric Coop,,VA,Cumberland
2024,3291,Central Virginia Electric Coop,,VA,Fluvanna
2024,3291,Central Virginia Electric Coop,,VA,Goochland
2024,3291,Central Virginia Electric Coop,,VA,Greene
2024,3291,Central Virginia Electric Coop,,VA,Louisa
2024,3291,Central Virginia Electric Coop,,VA,Nelson
2024,3291,Central Virginia Electric Coop,,VA,Orange
2024,3291,Central Virginia Electric Coop,,VA,Prince Edward
2024,3293,Central Wisconsin Elec Coop,Y,WI,Marathon
2024,3293,Central Wisconsin Elec Coop,Y,WI,Portage
2024,3293,Central Wisconsin Elec Coop,Y,WI,Shawano
2024,3293,Central Wisconsin Elec Coop,Y,WI,Waupaca
2024,3294,City of Centralia - (KS),Y,KS,Nemaha
2024,3295,City of Centralia - (WA),,WA,Lewis
2024,3296,City of Centralia - (MO),Y,MO,Boone
2024,3314,"Chariton Valley Elec Coop, Inc",Y,IA,Appanoose
2024,3314,"Chariton Valley Elec Coop, Inc",Y,IA,Davis
2024,3314,"Chariton Valley Elec Coop, Inc",Y,IA,Lucas
2024,3314,"Chariton Valley Elec Coop, Inc",Y,IA,Marion
2024,3314,"Chariton Valley Elec Coop, Inc",Y,IA,Monroe
2024,3314,"Chariton Valley Elec Coop, Inc",Y,IA,Wapello
2024,3314,"Chariton Valley Elec Coop, Inc",Y,IA,Wayne
2024,3315,"Charles Mix Electric Assn, Inc",Y,SD,Bon Homme
2024,3315,"Charles Mix Electric Assn, Inc",Y,SD,Brule
2024,3315,"Charles Mix Electric Assn, Inc",Y,SD,Charles Mix
2024,3315,"Charles Mix Electric Assn, Inc",Y,SD,Douglas
2024,3323,Town of Chalmers - (IN),Y,IN,White
2024,3329,Borough of Chambersburg,,PA,Franklin
2024,3355,City of Chanute,,KS,Neosho
2024,3356,City of Ceylon - (MN),Y,MN,Martin
2024,3366,City of Chapman - (KS),Y,KS,Dickinson
2024,3373,City of Chappell - (NE),Y,NE,Deuel
2024,3384,City of Charlevoix - (MI),Y,MI,Charlevoix
2024,3400,City of Chaska - (MN),,MN,Carver
2024,3405,Village of Chatham - (IL),Y,IL,Sangamon
2024,3406,City of Chattahoochee - (FL),Y,FL,Gadsden
2024,3408,City of Chattanooga - (TN),,GA,Catoosa
2024,3408,City of Chattanooga - (TN),,GA,Dade
2024,3408,City of Chattanooga - (TN),,GA,Walker
2024,3408,City of Chattanooga - (TN),,TN,Bledsoe
2024,3408,City of Chattanooga - (TN),,TN,Bradley
2024,3408,City of Chattanooga - (TN),,TN,Hamilton
2024,3408,City of Chattanooga - (TN),,TN,Marion
2024,3408,City of Chattanooga - (TN),,TN,Rhea
2024,3408,City of Chattanooga - (TN),,TN,Sequatchie
2024,3413,PUD No 1 of Chelan County,,WA,Chelan
2024,3413,PUD No 1 of Chelan County,,WA,King
2024,3413,PUD No 1 of Chelan County,,WA,Kittitas
2024,3413,PUD No 1 of Chelan County,,WA,Okanogan
2024,3415,Village of Chelsea - (MI),Y,MI,Washtenaw
2024,3420,City of Cheney - (WA),Y,WA,Spokane
2024,3421,City of Chignik - (AK),Y,AK,Wrangell Petersburg
2024,3422,City of Chefornak,Y,AK,Bethel
2024,3426,Cherokee Electric Coop - (AL),,AL,Calhoun
2024,3426,Cherokee Electric Coop - (AL),,AL,Cherokee
2024,3426,Cherokee Electric Coop - (AL),,AL,DeKalb
2024,3426,Cherokee Electric Coop - (AL),,AL,Etowah
2024,3426,Cherokee Electric Coop - (AL),,AL,Marshall
2024,3435,"Cherry-Todd Electric Coop, Inc",Y,NE,Cherry
2024,3435,"Cherry-Todd Electric Coop, Inc",Y,NE,Keya Paha
2024,3435,"Cherry-Todd Electric Coop, Inc",Y,SD,Mellette
2024,3435,"Cherry-Todd Electric Coop, Inc",Y,SD,Todd
2024,3436,Cherryland Electric Coop Inc,,MI,Benzie
2024,3436,Cherryland Electric Coop Inc,,MI,Grand Traverse
2024,3436,Cherryland Electric Coop Inc,,MI,Kalkaska
2024,3436,Cherryland Electric Coop Inc,,MI,Leelanau
2024,3436,Cherryland Electric Coop Inc,,MI,Manistee
2024,3436,Cherryland Electric Coop Inc,,MI,Wexford
2024,3437,City of Cherryville - (NC),Y,NC,Gaston
2024,3445,Village of Chester - (NE),Y,NE,Thayer
2024,3447,Town of Chester,Y,MA,Berkshire
2024,3447,Town of Chester,Y,MA,Hampden
2024,3454,City of Chetopa - (KS),Y,KS,Labette
2024,3459,City of Chewelah,Y,WA,Stevens
2024,3461,Cheyenne Light Fuel & Power,,WY,Albany
2024,3461,Cheyenne Light Fuel & Power,,WY,Laramie
2024,3465,Chitina Electric Inc,Y,AK,Valdez Cordova
2024,3470,Cherokee County Elec Coop Assn - (TX),,TX,Cherokee
2024,3470,Cherokee County Elec Coop Assn - (TX),,TX,Nacogdoches
2024,3470,Cherokee County Elec Coop Assn - (TX),,TX,Rusk
2024,3470,Cherokee County Elec Coop Assn - (TX),,TX,Smith
2024,3475,City of Chickamauga,,GA,Walker
2024,3477,City of Chicopee - (MA),,MA,Hampden
2024,3478,Cimarron Electric Coop,,OK,Blaine
2024,3478,Cimarron Electric Coop,,OK,Canadian
2024,3478,Cimarron Electric Coop,,OK,Custer
2024,3478,Cimarron Electric Coop,,OK,Dewey
2024,3478,Cimarron Electric Coop,,OK,Garfield
2024,3478,Cimarron Electric Coop,,OK,Kingfisher
2024,3478,Cimarron Electric Coop,,OK,Logan
2024,3478,Cimarron Electric Coop,,OK,Major
2024,3478,Cimarron Electric Coop,,OK,Oklahoma
2024,3486,Chillicothe Municipal Utils,Y,MO,Livingston
2024,3495,Chimney Rock Public Power Dist,Y,NE,Banner
2024,3495,Chimney Rock Public Power Dist,Y,NE,Box Butte
2024,3495,Chimney Rock Public Power Dist,Y,NE,Morrill
2024,3495,Chimney Rock Public Power Dist,Y,NE,Scotts Bluff
2024,3495,Chimney Rock Public Power Dist,Y,NE,Sioux
2024,3498,Chippewa Valley Electric Coop,Y,WI,Barron
2024,3498,Chippewa Valley Electric Coop,Y,WI,Chippewa
2024,3498,Chippewa Valley Electric Coop,Y,WI,Dunn
2024,3498,Chippewa Valley Electric Coop,Y,WI,Rusk
2024,3498,Chippewa Valley Electric Coop,Y,WI,Taylor
2024,3502,"Choctawhatche Elec Coop, Inc",,FL,Holmes
2024,3502,"Choctawhatche Elec Coop, Inc",,FL,Okaloosa
2024,3502,"Choctawhatche Elec Coop, Inc",,FL,Santa Rosa
2024,3502,"Choctawhatche Elec Coop, Inc",,FL,Walton
2024,3503,"Choptank Electric Cooperative, Inc",,MD,Caroline
2024,3503,"Choptank Electric Cooperative, Inc",,MD,Cecil
2024,3503,"Choptank Electric Cooperative, Inc",,MD,Dorchester
2024,3503,"Choptank Electric Cooperative, Inc",,MD,Kent
2024,3503,"Choptank Electric Cooperative, Inc",,MD,Queen Annes
2024,3503,"Choptank Electric Cooperative, Inc",,MD,Somerset
2024,3503,"Choptank Electric Cooperative, Inc",,MD,Talbot
2024,3503,"Choptank Electric Cooperative, Inc",,MD,Wicomico
2024,3503,"Choptank Electric Cooperative, Inc",,MD,Worcester
2024,3522,Chugach Electric Assn Inc,,AK,Anchorage
2024,3522,Chugach Electric Assn Inc,,AK,Kenai Peninsula
2024,3525,Village of Churchville - (NY),Y,NY,Monroe
2024,3527,Choctaw Electric Coop Inc,,OK,Atoka
2024,3527,Choctaw Electric Coop Inc,,OK,Bryan
2024,3527,Choctaw Electric Coop Inc,,OK,Choctaw
2024,3527,Choctaw Electric Coop Inc,,OK,Le Flore
2024,3527,Choctaw Electric Coop Inc,,OK,McCurtain
2024,3527,Choctaw Electric Coop Inc,,OK,Pushmataha
2024,3535,City of Cimarron - (KS),Y,KS,Gray
2024,3542,Duke Energy Ohio Inc,,OH,Adams
2024,3542,Duke Energy Ohio Inc,,OH,Brown
2024,3542,Duke Energy Ohio Inc,,OH,Butler
2024,3542,Duke Energy Ohio Inc,,OH,Clark
2024,3542,Duke Energy Ohio Inc,,OH,Clermont
2024,3542,Duke Energy Ohio Inc,,OH,Clinton
2024,3542,Duke Energy Ohio Inc,,OH,Coshocton
2024,3542,Duke Energy Ohio Inc,,OH,Delaware
2024,3542,Duke Energy Ohio Inc,,OH,Fairfield
2024,3542,Duke Energy Ohio Inc,,OH,Franklin
2024,3542,Duke Energy Ohio Inc,,OH,Greene
2024,3542,Duke Energy Ohio Inc,,OH,Hamilton
2024,3542,Duke Energy Ohio Inc,,OH,Highland
2024,3542,Duke Energy Ohio Inc,,OH,Licking
2024,3542,Duke Energy Ohio Inc,,OH,Madison
2024,3542,Duke Energy Ohio Inc,,OH,Montgomery
2024,3542,Duke Energy Ohio Inc,,OH,Muskingum
2024,3542,Duke Energy Ohio Inc,,OH,Pickaway
2024,3542,Duke Energy Ohio Inc,,OH,Pike
2024,3542,Duke Energy Ohio Inc,,OH,Preble
2024,3542,Duke Energy Ohio Inc,,OH,Ross
2024,3542,Duke Energy Ohio Inc,,OH,Scioto
2024,3542,Duke Energy Ohio Inc,,OH,Warren
2024,3597,Citizens Electric Co - (PA),,PA,Northumberland
2024,3597,Citizens Electric Co - (PA),,PA,Union
2024,3600,Citizens Electric Corporation - (MO),,MO,Bollinger
2024,3600,Citizens Electric Corporation - (MO),,MO,Cape Girardeau
2024,3600,Citizens Electric Corporation - (MO),,MO,Jefferson
2024,3600,Citizens Electric Corporation - (MO),,MO,Perry
2024,3600,Citizens Electric Corporation - (MO),,MO,St Francois
2024,3600,Citizens Electric Corporation - (MO),,MO,Ste Genevieve
2024,3633,City of McLaughlin - (SD),Y,SD,Corson
2024,3634,City of Nixa - (MO),Y,MO,Christian
2024,3641,"Claiborne Electric Coop, Inc",,LA,Bienville
2024,3641,"Claiborne Electric Coop, Inc",,LA,Claiborne
2024,3641,"Claiborne Electric Coop, Inc",,LA,Lincoln
2024,3641,"Claiborne Electric Coop, Inc",,LA,Ouachita
2024,3641,"Claiborne Electric Coop, Inc",,LA,Union
2024,3641,"Claiborne Electric Coop, Inc",,LA,Webster
2024,3644,PUD No 1 of Clallam County,,WA,Clallam
2024,3644,PUD No 1 of Clallam County,,WA,Jefferson
2024,3647,City of Claremore,,OK,Rogers
2024,3660,PUD No 1 of Clark County - (WA),,WA,Clark
2024,3687,Clark Energy Coop Inc - (KY),,KY,Bath
2024,3687,Clark Energy Coop Inc - (KY),,KY,Bourbon
2024,3687,Clark Energy Coop Inc - (KY),,KY,Clark
2024,3687,Clark Energy Coop Inc - (KY),,KY,Estill
2024,3687,Clark Energy Coop Inc - (KY),,KY,Fayette
2024,3687,Clark Energy Coop Inc - (KY),,KY,Madison
2024,3687,Clark Energy Coop Inc - (KY),,KY,Menifee
2024,3687,Clark Energy Coop Inc - (KY),,KY,Montgomery
2024,3687,Clark Energy Coop Inc - (KY),,KY,Morgan
2024,3687,Clark Energy Coop Inc - (KY),,KY,Powell
2024,3687,Clark Energy Coop Inc - (KY),,KY,Rowan
2024,3701,Clark Electric Coop - (WI),Y,WI,Chippewa
2024,3701,Clark Electric Coop - (WI),Y,WI,Clark
2024,3701,Clark Electric Coop - (WI),Y,WI,Jackson
2024,3701,Clark Electric Coop - (WI),Y,WI,Marathon
2024,3701,Clark Electric Coop - (WI),Y,WI,Taylor
2024,3701,Clark Electric Coop - (WI),Y,WI,Wood
2024,3702,Clarksdale Public Utilities,Y,MS,Coahoma
2024,3704,City of Clarksville - (TN),,TN,Montgomery
2024,3705,Clarksville Connected Utilities,,AR,Johnson
2024,3710,City of Clay Center - (KS),Y,KS,Clay
2024,3712,Clay County Electric Coop Corp - (AR),,AR,Clay
2024,3712,Clay County Electric Coop Corp - (AR),,AR,Greene
2024,3712,Clay County Electric Coop Corp - (AR),,AR,Randolph
2024,3712,Clay County Electric Coop Corp - (AR),,AR,Sharp
2024,3712,Clay County Electric Coop Corp - (AR),,MO,Butler
2024,3712,Clay County Electric Coop Corp - (AR),,MO,Oregon
2024,3712,Clay County Electric Coop Corp - (AR),,MO,Ripley
2024,3716,Clay-Union Electric Corp,Y,SD,Clay
2024,3716,Clay-Union Electric Corp,Y,SD,Lincoln
2024,3716,Clay-Union Electric Corp,Y,SD,Turner
2024,3716,Clay-Union Electric Corp,Y,SD,Union
2024,3716,Clay-Union Electric Corp,Y,SD,Yankton
2024,3722,Clarke Electric Coop Inc - (IA),Y,IA,Clarke
2024,3722,Clarke Electric Coop Inc - (IA),Y,IA,Decatur
2024,3722,Clarke Electric Coop Inc - (IA),Y,IA,Lucas
2024,3722,Clarke Electric Coop Inc - (IA),Y,IA,Madison
2024,3722,Clarke Electric Coop Inc - (IA),Y,IA,Ringgold
2024,3722,Clarke Electric Coop Inc - (IA),Y,IA,Union
2024,3722,Clarke Electric Coop Inc - (IA),Y,IA,Warren
2024,3722,Clarke Electric Coop Inc - (IA),Y,IA,Wayne
2024,3726,Clay Electric Coop Inc - (IL),Y,IL,Clay
2024,3726,Clay Electric Coop Inc - (IL),Y,IL,Effingham
2024,3726,Clay Electric Coop Inc - (IL),Y,IL,Fayette
2024,3726,Clay Electric Coop Inc - (IL),Y,IL,Jasper
2024,3726,Clay Electric Coop Inc - (IL),Y,IL,Marion
2024,3726,Clay Electric Coop Inc - (IL),Y,IL,Richland
2024,3726,Clay Electric Coop Inc - (IL),Y,IL,Wayne
2024,3731,Town of Clayton - (NC),Y,NC,Johnston
2024,3732,Town of Clayton - (DE),Y,DE,Kent
2024,3735,City of Colman - (SD),Y,SD,Moody
2024,3739,Clearwater Power Company,Y,ID,Benewah
2024,3739,Clearwater Power Company,Y,ID,Clearwater
2024,3739,Clearwater Power Company,Y,ID,Idaho
2024,3739,Clearwater Power Company,Y,ID,Latah
2024,3739,Clearwater Power Company,Y,ID,Lewis
2024,3739,Clearwater Power Company,Y,ID,Nez Perce
2024,3739,Clearwater Power Company,Y,ID,Shoshone
2024,3739,Clearwater Power Company,Y,OR,Wallowa
2024,3739,Clearwater Power Company,Y,WA,Asotin
2024,3739,Clearwater Power Company,Y,WA,Garfield
2024,3739,Clearwater Power Company,Y,WA,Whitman
2024,3755,Cleveland Electric Illum Co,,OH,Ashtabula
2024,3755,Cleveland Electric Illum Co,,OH,Cuyahoga
2024,3755,Cleveland Electric Illum Co,,OH,Geauga
2024,3755,Cleveland Electric Illum Co,,OH,Lake
2024,3755,Cleveland Electric Illum Co,,OH,Lorain
2024,3755,Cleveland Electric Illum Co,,OH,Medina
2024,3755,Cleveland Electric Illum Co,,OH,Portage
2024,3755,Cleveland Electric Illum Co,,OH,Summit
2024,3755,Cleveland Electric Illum Co,,OH,Trumbull
2024,3757,"Clay Electric Cooperative, Inc - (FL)",,FL,Alachua
2024,3757,"Clay Electric Cooperative, Inc - (FL)",,FL,Baker
2024,3757,"Clay Electric Cooperative, Inc - (FL)",,FL,Bradford
2024,3757,"Clay Electric Cooperative, Inc - (FL)",,FL,Clay
2024,3757,"Clay Electric Cooperative, Inc - (FL)",,FL,Columbia
2024,3757,"Clay Electric Cooperative, Inc - (FL)",,FL,Duval
2024,3757,"Clay Electric Cooperative, Inc - (FL)",,FL,Flagler
2024,3757,"Clay Electric Cooperative, Inc - (FL)",,FL,Gilchrist
2024,3757,"Clay Electric Cooperative, Inc - (FL)",,FL,Lake
2024,3757,"Clay Electric Cooperative, Inc - (FL)",,FL,Levy
2024,3757,"Clay Electric Cooperative, Inc - (FL)",,FL,Marion
2024,3757,"Clay Electric Cooperative, Inc - (FL)",,FL,Putnam
2024,3757,"Clay Electric Cooperative, Inc - (FL)",,FL,Suwannee
2024,3757,"Clay Electric Cooperative, Inc - (FL)",,FL,Union
2024,3757,"Clay Electric Cooperative, Inc - (FL)",,FL,Volusia
2024,3758,City of Cleveland - (TN),,TN,Bradley
2024,3762,City of Cleveland - (OH),,OH,Cuyahoga
2024,3764,Clearwater-Polk Elec Coop Inc,Y,MN,Beltrami
2024,3764,Clearwater-Polk Elec Coop Inc,Y,MN,Clearwater
2024,3764,Clearwater-Polk Elec Coop Inc,Y,MN,Hubbard
2024,3764,Clearwater-Polk Elec Coop Inc,Y,MN,Mahnomen
2024,3764,Clearwater-Polk Elec Coop Inc,Y,MN,Polk
2024,3764,Clearwater-Polk Elec Coop Inc,Y,MN,Red Lake
2024,3774,City of Clewiston,Y,FL,Hendry
2024,3804,Clinton Combined Utility Sys,Y,SC,Laurens
2024,3806,"Clinton County Elec Coop, Inc",Y,IL,Clinton
2024,3806,"Clinton County Elec Coop, Inc",Y,IL,Fayette
2024,3806,"Clinton County Elec Coop, Inc",Y,IL,Madison
2024,3806,"Clinton County Elec Coop, Inc",Y,IL,Marion
2024,3806,"Clinton County Elec Coop, Inc",Y,IL,St Clair
2024,3806,"Clinton County Elec Coop, Inc",Y,IL,Washington
2024,3812,City of Clinton - (TN),,TN,Anderson
2024,3812,City of Clinton - (TN),,TN,Campbell
2024,3812,City of Clinton - (TN),,TN,Knox
2024,3812,City of Clinton - (TN),,TN,Morgan
2024,3812,City of Clinton - (TN),,TN,Roane
2024,3812,City of Clinton - (TN),,TN,Union
2024,3813,Village of Clinton - (MI),Y,MI,Lenawee
2024,3813,Village of Clinton - (MI),Y,MI,Washtenaw
2024,3814,City of Clintonville - (WI),Y,WI,Waupaca
2024,3815,Town of Coatesville - (IN),Y,IN,Hendricks
2024,3824,Clyde Light & Power,,OH,Sandusky
2024,3828,Cloverland Electric Co-op,,MI,Chippewa
2024,3828,Cloverland Electric Co-op,,MI,Delta
2024,3828,Cloverland Electric Co-op,,MI,Luce
2024,3828,Cloverland Electric Co-op,,MI,Mackinac
2024,3828,Cloverland Electric Co-op,,MI,Schoolcraft
2024,3839,Coahoma Electric Power Assn,Y,MS,Bolivar
2024,3839,Coahoma Electric Power Assn,Y,MS,Coahoma
2024,3839,Coahoma Electric Power Assn,Y,MS,DeSoto
2024,3839,Coahoma Electric Power Assn,Y,MS,Quitman
2024,3839,Coahoma Electric Power Assn,Y,MS,Sunflower
2024,3839,Coahoma Electric Power Assn,Y,MS,Tallahatchie
2024,3839,Coahoma Electric Power Assn,Y,MS,Tunica
2024,3841,Coast Electric Power Assn - (MS),,MS,Hancock
2024,3841,Coast Electric Power Assn - (MS),,MS,Harrison
2024,3841,Coast Electric Power Assn - (MS),,MS,Pearl River
2024,3843,Coastal Electric Member Corp - (GA),,GA,Bryan
2024,3843,Coastal Electric Member Corp - (GA),,GA,Liberty
2024,3843,Coastal Electric Member Corp - (GA),,GA,Long
2024,3843,Coastal Electric Member Corp - (GA),,GA,McIntosh
2024,3844,"Coastal Electric Coop, Inc - (SC)",Y,SC,Bamberg
2024,3844,"Coastal Electric Coop, Inc - (SC)",Y,SC,Colleton
2024,3844,"Coastal Electric Coop, Inc - (SC)",Y,SC,Dorchester
2024,3850,"Codington-Clark Elec Coop, Inc",Y,SD,Beadle
2024,3850,"Codington-Clark Elec Coop, Inc",Y,SD,Clark
2024,3850,"Codington-Clark Elec Coop, Inc",Y,SD,Codington
2024,3850,"Codington-Clark Elec Coop, Inc",Y,SD,Day
2024,3850,"Codington-Clark Elec Coop, Inc",Y,SD,Deuel
2024,3850,"Codington-Clark Elec Coop, Inc",Y,SD,Grant
2024,3850,"Codington-Clark Elec Coop, Inc",Y,SD,Hamlin
2024,3850,"Codington-Clark Elec Coop, Inc",Y,SD,Kingsbury
2024,3850,"Codington-Clark Elec Coop, Inc",Y,SD,Roberts
2024,3850,"Codington-Clark Elec Coop, Inc",Y,SD,Spink
2024,3855,Columbia Power System - (TN),,TN,Maury
2024,3855,Columbia Power System - (TN),,TN,Williamson
2024,3881,City of Cody,Y,WY,Park
2024,3892,City of Coffeyville - (KS),,KS,Labette
2024,3892,City of Coffeyville - (KS),,KS,Montgomery
2024,3900,City of Coggon - (IA),Y,IA,Linn
2024,3913,City of Colby - (KS),Y,KS,Thomas
2024,3915,Coldwater Board of Public Util,,MI,Branch
2024,3916,Cobb Electric Membership Corp,,GA,Bartow
2024,3916,Cobb Electric Membership Corp,,GA,Cherokee
2024,3916,Cobb Electric Membership Corp,,GA,Cobb
2024,3916,Cobb Electric Membership Corp,,GA,Fulton
2024,3916,Cobb Electric Membership Corp,,GA,Paulding
2024,3923,City of Coleman - (TX),Y,TX,Coleman
2024,3931,Coles-Moultrie Electric Coop,,IL,Clark
2024,3931,Coles-Moultrie Electric Coop,,IL,Coles
2024,3931,Coles-Moultrie Electric Coop,,IL,Cumberland
2024,3931,Coles-Moultrie Electric Coop,,IL,Douglas
2024,3931,Coles-Moultrie Electric Coop,,IL,Edgar
2024,3931,Coles-Moultrie Electric Coop,,IL,Moultrie
2024,3931,Coles-Moultrie Electric Coop,,IL,Piatt
2024,3931,Coles-Moultrie Electric Coop,,IL,Shelby
2024,3938,"Coleman County Elec Coop, Inc",Y,TX,Brown
2024,3938,"Coleman County Elec Coop, Inc",Y,TX,Callahan
2024,3938,"Coleman County Elec Coop, Inc",Y,TX,Coke
2024,3938,"Coleman County Elec Coop, Inc",Y,TX,Coleman
2024,3938,"Coleman County Elec Coop, Inc",Y,TX,Concho
2024,3938,"Coleman County Elec Coop, Inc",Y,TX,Runnels
2024,3938,"Coleman County Elec Coop, Inc",Y,TX,Taylor
2024,3938,"Coleman County Elec Coop, Inc",Y,TX,Tom Green
2024,3939,City of College Park - (GA),,GA,Clayton
2024,3939,City of College Park - (GA),,GA,Fulton
2024,3939,City of College Park - (GA),,GA,Henry
2024,3940,City of College Station - (TX),,TX,Brazos
2024,3957,City of Collins - (MS),Y,MS,Covington
2024,3986,City of Collinsville - (OK),Y,OK,Tulsa
2024,3989,City of Colorado Springs - (CO),,CO,El Paso
2024,3989,City of Colorado Springs - (CO),,CO,Teller
2024,3990,Colorado River Indian Irr Proj,Y,AZ,La Paz
2024,3990,Colorado River Indian Irr Proj,Y,CA,San Bernardino
2024,4003,City of Colton - (CA),,CA,San Bernardino
2024,4005,"Columbia Basin Elec Cooperative, Inc",Y,OR,Gilliam
2024,4005,"Columbia Basin Elec Cooperative, Inc",Y,OR,Morrow
2024,4005,"Columbia Basin Elec Cooperative, Inc",Y,OR,Sherman
2024,4005,"Columbia Basin Elec Cooperative, Inc",Y,OR,Umatilla
2024,4005,"Columbia Basin Elec Cooperative, Inc",Y,OR,Wheeler
2024,4007,City of Columbia City - (IN),Y,IN,Noble
2024,4007,City of Columbia City - (IN),Y,IN,Whitley
2024,4008,Columbia Power Coop Assn Inc - (OR),Y,OR,Grant
2024,4008,Columbia Power Coop Assn Inc - (OR),Y,OR,Umatilla
2024,4008,Columbia Power Coop Assn Inc - (OR),Y,OR,Wheeler
2024,4040,Calhoun County Elec Coop Assn,Y,IA,Calhoun
2024,4040,Calhoun County Elec Coop Assn,Y,IA,Greene
2024,4040,Calhoun County Elec Coop Assn,Y,IA,Pocahontas
2024,4040,Calhoun County Elec Coop Assn,Y,IA,Sac
2024,4040,Calhoun County Elec Coop Assn,Y,IA,Webster
2024,4041,"Columbia Rural Elec Assn, Inc",,OR,Umatilla
2024,4041,"Columbia Rural Elec Assn, Inc",,WA,Columbia
2024,4041,"Columbia Rural Elec Assn, Inc",,WA,Walla Walla
2024,4045,City of Columbia - (MO),,MO,Boone
2024,4061,City of Columbiana - (OH),Y,OH,Columbiana
2024,4061,City of Columbiana - (OH),Y,OH,Mahoning
2024,4063,Co-Mo Electric Coop Inc,,MO,Benton
2024,4063,Co-Mo Electric Coop Inc,,MO,Camden
2024,4063,Co-Mo Electric Coop Inc,,MO,Cole
2024,4063,Co-Mo Electric Coop Inc,,MO,Cooper
2024,4063,Co-Mo Electric Coop Inc,,MO,Miller
2024,4063,Co-Mo Electric Coop Inc,,MO,Moniteau
2024,4063,Co-Mo Electric Coop Inc,,MO,Morgan
2024,4063,Co-Mo Electric Coop Inc,,MO,Pettis
2024,4063,Co-Mo Electric Coop Inc,,MO,Saline
2024,4065,City of Columbus - (OH),,OH,Franklin
2024,4068,City of Columbus - (MS),,MS,Lowndes
2024,4071,"Columbus Electric Coop, Inc",Y,AZ,Cochise
2024,4071,"Columbus Electric Coop, Inc",Y,NM,Dona Ana
2024,4071,"Columbus Electric Coop, Inc",Y,NM,Grant
2024,4071,"Columbus Electric Coop, Inc",Y,NM,Hidalgo
2024,4071,"Columbus Electric Coop, Inc",Y,NM,Luna
2024,4073,City of Columbus - (WI),,WI,Columbia
2024,4073,City of Columbus - (WI),,WI,Dodge
2024,4078,City of Comanche - (OK),Y,OK,Stephens
2024,4091,City of Commerce - (GA),Y,GA,Jackson
2024,4110,Commonwealth Edison Co,,IL,Boone
2024,4110,Commonwealth Edison Co,,IL,Bureau
2024,4110,Commonwealth Edison Co,,IL,Carroll
2024,4110,Commonwealth Edison Co,,IL,Cook
2024,4110,Commonwealth Edison Co,,IL,DeKalb
2024,4110,Commonwealth Edison Co,,IL,DuPage
2024,4110,Commonwealth Edison Co,,IL,Ford
2024,4110,Commonwealth Edison Co,,IL,Grundy
2024,4110,Commonwealth Edison Co,,IL,Jo Daviess
2024,4110,Commonwealth Edison Co,,IL,Kane
2024,4110,Commonwealth Edison Co,,IL,Kankakee
2024,4110,Commonwealth Edison Co,,IL,Kendall
2024,4110,Commonwealth Edison Co,,IL,LaSalle
2024,4110,Commonwealth Edison Co,,IL,Lake
2024,4110,Commonwealth Edison Co,,IL,Lee
2024,4110,Commonwealth Edison Co,,IL,Livingston
2024,4110,Commonwealth Edison Co,,IL,Marshall
2024,4110,Commonwealth Edison Co,,IL,McHenry
2024,4110,Commonwealth Edison Co,,IL,Ogle
2024,4110,Commonwealth Edison Co,,IL,Stephenson
2024,4110,Commonwealth Edison Co,,IL,Whiteside
2024,4110,Commonwealth Edison Co,,IL,Will
2024,4110,Commonwealth Edison Co,,IL,Winnebago
2024,4110,Commonwealth Edison Co,,IL,Woodford
2024,4117,Community Electric Coop,Y,VA,Isle of Wight
2024,4117,Community Electric Coop,Y,VA,Southampton
2024,4117,Community Electric Coop,Y,VA,Suffolk City
2024,4117,Community Electric Coop,Y,VA,Surry
2024,4117,Community Electric Coop,Y,VA,Sussex
2024,4146,Concho Valley Elec Coop Inc,,TX,Coke
2024,4146,Concho Valley Elec Coop Inc,,TX,Concho
2024,4146,Concho Valley Elec Coop Inc,,TX,Glasscock
2024,4146,Concho Valley Elec Coop Inc,,TX,Irion
2024,4146,Concho Valley Elec Coop Inc,,TX,Mitchell
2024,4146,Concho Valley Elec Coop Inc,,TX,Nolan
2024,4146,Concho Valley Elec Coop Inc,,TX,Reagan
2024,4146,Concho Valley Elec Coop Inc,,TX,Runnels
2024,4146,Concho Valley Elec Coop Inc,,TX,Sterling
2024,4146,Concho Valley Elec Coop Inc,,TX,Tom Green
2024,4147,Town of Concord - (MA),Y,MA,Middlesex
2024,4150,City of Concord - (NC),,NC,Cabarrus
2024,4153,"Concordia Electric Coop, Inc",,LA,Caldwell
2024,4153,"Concordia Electric Coop, Inc",,LA,Catahoula
2024,4153,"Concordia Electric Coop, Inc",,LA,Concordia
2024,4153,"Concordia Electric Coop, Inc",,LA,Franklin
2024,4153,"Concordia Electric Coop, Inc",,LA,Grant
2024,4153,"Concordia Electric Coop, Inc",,LA,La Salle
2024,4153,"Concordia Electric Coop, Inc",,LA,Rapides
2024,4153,"Concordia Electric Coop, Inc",,LA,Tensas
2024,4160,Callaway Electric Cooperative,,MO,Audrain
2024,4160,Callaway Electric Cooperative,,MO,Boone
2024,4160,Callaway Electric Cooperative,,MO,Callaway
2024,4160,Callaway Electric Cooperative,,MO,Montgomery
2024,4160,Callaway Electric Cooperative,,MO,Warren
2024,4176,Connecticut Light & Power Co,,CT,Fairfield
2024,4176,Connecticut Light & Power Co,,CT,Hartford
2024,4176,Connecticut Light & Power Co,,CT,Litchfield
2024,4176,Connecticut Light & Power Co,,CT,Middlesex
2024,4176,Connecticut Light & Power Co,,CT,New Haven
2024,4176,Connecticut Light & Power Co,,CT,New London
2024,4176,Connecticut Light & Power Co,,CT,Tolland
2024,4176,Connecticut Light & Power Co,,CT,Windham
2024,4226,Consolidated Edison Co-NY Inc,,NY,Bronx
2024,4226,Consolidated Edison Co-NY Inc,,NY,Kings
2024,4226,Consolidated Edison Co-NY Inc,,NY,New York
2024,4226,Consolidated Edison Co-NY Inc,,NY,Queens
2024,4226,Consolidated Edison Co-NY Inc,,NY,Richmond
2024,4226,Consolidated Edison Co-NY Inc,,NY,Westchester
2024,4237,Consolidated Electric Coop,,MO,Audrain
2024,4237,Consolidated Electric Coop,,MO,Boone
2024,4237,Consolidated Electric Coop,,MO,Callaway
2024,4237,Consolidated Electric Coop,,MO,Lincoln
2024,4237,Consolidated Electric Coop,,MO,Monroe
2024,4237,Consolidated Electric Coop,,MO,Montgomery
2024,4237,Consolidated Electric Coop,,MO,Pike
2024,4237,Consolidated Electric Coop,,MO,Ralls
2024,4247,Consolidated Water Power Co,,WI,Portage
2024,4247,Consolidated Water Power Co,,WI,Wood
2024,4254,Consumers Energy Co - (MI),,MI,Alcona
2024,4254,Consumers Energy Co - (MI),,MI,Allegan
2024,4254,Consumers Energy Co - (MI),,MI,Antrim
2024,4254,Consumers Energy Co - (MI),,MI,Arenac
2024,4254,Consumers Energy Co - (MI),,MI,Barry
2024,4254,Consumers Energy Co - (MI),,MI,Bay
2024,4254,Consumers Energy Co - (MI),,MI,Benzie
2024,4254,Consumers Energy Co - (MI),,MI,Branch
2024,4254,Consumers Energy Co - (MI),,MI,Calhoun
2024,4254,Consumers Energy Co - (MI),,MI,Charlevoix
2024,4254,Consumers Energy Co - (MI),,MI,Cheboygan
2024,4254,Consumers Energy Co - (MI),,MI,Clare
2024,4254,Consumers Energy Co - (MI),,MI,Clinton
2024,4254,Consumers Energy Co - (MI),,MI,Crawford
2024,4254,Consumers Energy Co - (MI),,MI,Eaton
2024,4254,Consumers Energy Co - (MI),,MI,Emmet
2024,4254,Consumers Energy Co - (MI),,MI,Genesee
2024,4254,Consumers Energy Co - (MI),,MI,Gladwin
2024,4254,Consumers Energy Co - (MI),,MI,Grand Traverse
2024,4254,Consumers Energy Co - (MI),,MI,Gratiot
2024,4254,Consumers Energy Co - (MI),,MI,Hillsdale
2024,4254,Consumers Energy Co - (MI),,MI,Ingham
2024,4254,Consumers Energy Co - (MI),,MI,Ionia
2024,4254,Consumers Energy Co - (MI),,MI,Iosco
2024,4254,Consumers Energy Co - (MI),,MI,Isabella
2024,4254,Consumers Energy Co - (MI),,MI,Jackson
2024,4254,Consumers Energy Co - (MI),,MI,Kalamazoo
2024,4254,Consumers Energy Co - (MI),,MI,Kalkaska
2024,4254,Consumers Energy Co - (MI),,MI,Kent
2024,4254,Consumers Energy Co - (MI),,MI,Lake
2024,4254,Consumers Energy Co - (MI),,MI,Lapeer
2024,4254,Consumers Energy Co - (MI),,MI,Leelanau
2024,4254,Consumers Energy Co - (MI),,MI,Lenawee
2024,4254,Consumers Energy Co - (MI),,MI,Livingston
2024,4254,Consumers Energy Co - (MI),,MI,Manistee
2024,4254,Consumers Energy Co - (MI),,MI,Mason
2024,4254,Consumers Energy Co - (MI),,MI,Mecosta
2024,4254,Consumers Energy Co - (MI),,MI,Midland
2024,4254,Consumers Energy Co - (MI),,MI,Missaukee
2024,4254,Consumers Energy Co - (MI),,MI,Monroe
2024,4254,Consumers Energy Co - (MI),,MI,Montcalm
2024,4254,Consumers Energy Co - (MI),,MI,Montmorency
2024,4254,Consumers Energy Co - (MI),,MI,Muskegon
2024,4254,Consumers Energy Co - (MI),,MI,Newaygo
2024,4254,Consumers Energy Co - (MI),,MI,Oakland
2024,4254,Consumers Energy Co - (MI),,MI,Oceana
2024,4254,Consumers Energy Co - (MI),,MI,Ogemaw
2024,4254,Consumers Energy Co - (MI),,MI,Osceola
2024,4254,Consumers Energy Co - (MI),,MI,Oscoda
2024,4254,Consumers Energy Co - (MI),,MI,Otsego
2024,4254,Consumers Energy Co - (MI),,MI,Ottawa
2024,4254,Consumers Energy Co - (MI),,MI,Presque Isle
2024,4254,Consumers Energy Co - (MI),,MI,Roscommon
2024,4254,Consumers Energy Co - (MI),,MI,Saginaw
2024,4254,Consumers Energy Co - (MI),,MI,Shiawassee
2024,4254,Consumers Energy Co - (MI),,MI,St Joseph
2024,4254,Consumers Energy Co - (MI),,MI,Tuscola
2024,4254,Consumers Energy Co - (MI),,MI,Van Buren
2024,4254,Consumers Energy Co - (MI),,MI,Washtenaw
2024,4254,Consumers Energy Co - (MI),,MI,Wexford
2024,4262,Cooke County Elec Coop Assn,,TX,Cooke
2024,4262,Cooke County Elec Coop Assn,,TX,Denton
2024,4262,Cooke County Elec Coop Assn,,TX,Grayson
2024,4262,Cooke County Elec Coop Assn,,TX,Montague
2024,4262,Cooke County Elec Coop Assn,,TX,Wise
2024,4265,Continental Divide El Coop Inc,,NM,Bernalillo
2024,4265,Continental Divide El Coop Inc,,NM,Cibola
2024,4265,Continental Divide El Coop Inc,,NM,McKinley
2024,4265,Continental Divide El Coop Inc,,NM,Sandoval
2024,4265,Continental Divide El Coop Inc,,NM,Valencia
2024,4280,Conway Corporation,,AR,Faulkner
2024,4294,City of Cookeville - (TN),,TN,Putnam
2024,4295,Comanche County Elec Coop Assn,,TX,Brown
2024,4295,Comanche County Elec Coop Assn,,TX,Callahan
2024,4295,Comanche County Elec Coop Assn,,TX,Comanche
2024,4295,Comanche County Elec Coop Assn,,TX,Eastland
2024,4295,Comanche County Elec Coop Assn,,TX,Mills
2024,4295,Comanche County Elec Coop Assn,,TX,Shackelford
2024,4295,Comanche County Elec Coop Assn,,TX,Stephens
2024,4296,"Cookson Hills Elec Coop, Inc",,OK,Adair
2024,4296,"Cookson Hills Elec Coop, Inc",,OK,Cherokee
2024,4296,"Cookson Hills Elec Coop, Inc",,OK,Haskell
2024,4296,"Cookson Hills Elec Coop, Inc",,OK,Latimer
2024,4296,"Cookson Hills Elec Coop, Inc",,OK,Le Flore
2024,4296,"Cookson Hills Elec Coop, Inc",,OK,Muskogee
2024,4296,"Cookson Hills Elec Coop, Inc",,OK,Pittsburg
2024,4296,"Cookson Hills Elec Coop, Inc",,OK,Sequoyah
2024,4304,City of Corwith - (IA),Y,IA,Hancock
2024,4305,City of Coon Rapids,Y,IA,Carroll
2024,4305,City of Coon Rapids,Y,IA,Guthrie
2024,4317,"Coos-Curry Electric Coop, Inc",,OR,Coos
2024,4317,"Coos-Curry Electric Coop, Inc",,OR,Curry
2024,4317,"Coos-Curry Electric Coop, Inc",,OR,Douglas
2024,4319,Copan Public Works Authority,Y,OK,Washington
2024,4327,Coosa Valley Electric Coop Inc,,AL,Calhoun
2024,4327,Coosa Valley Electric Coop Inc,,AL,Clay
2024,4327,Coosa Valley Electric Coop Inc,,AL,Etowah
2024,4327,Coosa Valley Electric Coop Inc,,AL,Shelby
2024,4327,Coosa Valley Electric Coop Inc,,AL,St Clair
2024,4327,Coosa Valley Electric Coop Inc,,AL,Talladega
2024,4329,"Copper Valley Elec Assn, Inc",Y,AK,Valdez Cordova
2024,4341,Corbin City Utilities Comm,Y,KY,Knox
2024,4341,Corbin City Utilities Comm,Y,KY,Whitley
2024,4344,City of New Cordell - (OK),Y,OK,Washita
2024,4346,Cooperative L&P Assn Lake County,Y,MN,Lake
2024,4346,Cooperative L&P Assn Lake County,Y,MN,St Louis
2024,4356,Colorado River Comm of Nevada,,NV,Clark
2024,4362,Corn Belt Energy Corporation,,IL,Bureau
2024,4362,Corn Belt Energy Corporation,,IL,Champaign
2024,4362,Corn Belt Energy Corporation,,IL,DeWitt
2024,4362,Corn Belt Energy Corporation,,IL,Ford
2024,4362,Corn Belt Energy Corporation,,IL,Henry
2024,4362,Corn Belt Energy Corporation,,IL,Kendall
2024,4362,Corn Belt Energy Corporation,,IL,Knox
2024,4362,Corn Belt Energy Corporation,,IL,LaSalle
2024,4362,Corn Belt Energy Corporation,,IL,Livingston
2024,4362,Corn Belt Energy Corporation,,IL,Logan
2024,4362,Corn Belt Energy Corporation,,IL,Macon
2024,4362,Corn Belt Energy Corporation,,IL,Marshall
2024,4362,Corn Belt Energy Corporation,,IL,McLean
2024,4362,Corn Belt Energy Corporation,,IL,Piatt
2024,4362,Corn Belt Energy Corporation,,IL,Putnam
2024,4362,Corn Belt Energy Corporation,,IL,Stark
2024,4362,Corn Belt Energy Corporation,,IL,Tazewell
2024,4362,Corn Belt Energy Corporation,,IL,Woodford
2024,4365,Town of Cornelius - (NC),Y,NC,Mecklenburg
2024,4369,City of Cornell,Y,WI,Chippewa
2024,4373,Cornhusker Public Power Dist,,NE,Boone
2024,4373,Cornhusker Public Power Dist,,NE,Colfax
2024,4373,Cornhusker Public Power Dist,,NE,Greeley
2024,4373,Cornhusker Public Power Dist,,NE,Nance
2024,4373,Cornhusker Public Power Dist,,NE,Platte
2024,4373,Cornhusker Public Power Dist,,NE,Wheeler
2024,4375,City of Corning - (IA),Y,IA,Adams
2024,4390,City of Corona - (CA),,CA,Riverside
2024,4401,"Cotton Electric Coop, Inc",,OK,Caddo
2024,4401,"Cotton Electric Coop, Inc",,OK,Carter
2024,4401,"Cotton Electric Coop, Inc",,OK,Comanche
2024,4401,"Cotton Electric Coop, Inc",,OK,Cotton
2024,4401,"Cotton Electric Coop, Inc",,OK,Grady
2024,4401,"Cotton Electric Coop, Inc",,OK,Jefferson
2024,4401,"Cotton Electric Coop, Inc",,OK,Stephens
2024,4401,"Cotton Electric Coop, Inc",,OK,Tillman
2024,4414,City of Coulee Dam - (WA),Y,WA,Douglas
2024,4414,City of Coulee Dam - (WA),Y,WA,Grant
2024,4414,City of Coulee Dam - (WA),Y,WA,Okanogan
2024,4429,City of Covington - (IN),Y,IN,Fountain
2024,4430,"Covington Electric Coop, Inc",,AL,Coffee
2024,4430,"Covington Electric Coop, Inc",,AL,Covington
2024,4430,"Covington Electric Coop, Inc",,AL,Crenshaw
2024,4430,"Covington Electric Coop, Inc",,AL,Dale
2024,4430,"Covington Electric Coop, Inc",,AL,Escambia
2024,4430,"Covington Electric Coop, Inc",,AL,Geneva
2024,4432,Coweta-Fayette El Member Corp,,GA,Clayton
2024,4432,Coweta-Fayette El Member Corp,,GA,Coweta
2024,4432,Coweta-Fayette El Member Corp,,GA,Fayette
2024,4432,Coweta-Fayette El Member Corp,,GA,Fulton
2024,4432,Coweta-Fayette El Member Corp,,GA,Heard
2024,4432,Coweta-Fayette El Member Corp,,GA,Meriwether
2024,4432,Coweta-Fayette El Member Corp,,GA,Spalding
2024,4432,Coweta-Fayette El Member Corp,,GA,Troup
2024,4433,City of Covington - (GA),,GA,Newton
2024,4433,City of Covington - (GA),,GA,Walton
2024,4437,City of Covington - (TN),,TN,Tipton
2024,4442,PUD No 1 of Cowlitz County,,WA,Cowlitz
2024,4459,Cozad Board of Public Works,Y,NE,Dawson
2024,4471,Craig-Botetourt Electric Coop,Y,VA,Alleghany
2024,4471,Craig-Botetourt Electric Coop,Y,VA,Botetourt
2024,4471,Craig-Botetourt Electric Coop,Y,VA,Craig
2024,4471,Craig-Botetourt Electric Coop,Y,VA,Giles
2024,4471,Craig-Botetourt Electric Coop,Y,VA,Montgomery
2024,4471,Craig-Botetourt Electric Coop,Y,VA,Roanoke
2024,4471,Craig-Botetourt Electric Coop,Y,WV,Monroe
2024,4483,City of Crane - (MO),Y,MO,Stone
2024,4486,Town of Crane - (IN),Y,IN,Martin
2024,4508,"Crawfordsville Elec, Lgt & Pwr",,IN,Montgomery
2024,4509,Craighead Electric Coop Corp,,AR,Craighead
2024,4509,Craighead Electric Coop Corp,,AR,Crittenden
2024,4509,Craighead Electric Coop Corp,,AR,Greene
2024,4509,Craighead Electric Coop Corp,,AR,Independence
2024,4509,Craighead Electric Coop Corp,,AR,Lawrence
2024,4509,Craighead Electric Coop Corp,,AR,Poinsett
2024,4509,Craighead Electric Coop Corp,,AR,Randolph
2024,4509,Craighead Electric Coop Corp,,AR,Sharp
2024,4524,"Crawford Electric Coop, Inc",,MO,Crawford
2024,4524,"Crawford Electric Coop, Inc",,MO,Dent
2024,4524,"Crawford Electric Coop, Inc",,MO,Franklin
2024,4524,"Crawford Electric Coop, Inc",,MO,Gasconade
2024,4524,"Crawford Electric Coop, Inc",,MO,Jefferson
2024,4524,"Crawford Electric Coop, Inc",,MO,Phelps
2024,4524,"Crawford Electric Coop, Inc",,MO,Washington
2024,4527,City of Crete,Y,NE,Saline
2024,4538,Crisp County Power Comm,,GA,Crisp
2024,4538,Crisp County Power Comm,,GA,Dooly
2024,4538,Crisp County Power Comm,,GA,Turner
2024,4538,Crisp County Power Comm,,GA,Wilcox
2024,4538,Crisp County Power Comm,,GA,Worth
2024,4562,City of Croswell - (MI),Y,MI,Sanilac
2024,4577,Crow Wing Cooperative Power & Light Comp,,MN,Cass
2024,4577,Crow Wing Cooperative Power & Light Comp,,MN,Crow Wing
2024,4577,Crow Wing Cooperative Power & Light Comp,,MN,Morrison
2024,4577,Crow Wing Cooperative Power & Light Comp,,MN,Todd
2024,4604,City of Crystal Falls,,MI,Iron
2024,4607,City of Cuba City,,WI,Grant
2024,4607,City of Cuba City,,WI,Lafayette
2024,4608,City of Cuba - (MO),Y,MO,Crawford
2024,4610,City of Cuero - (TX),Y,TX,DeWitt
2024,4617,Cullman Power Board,,AL,Cullman
2024,4618,"Cullman Electric Coop, Inc",,AL,Cullman
2024,4618,"Cullman Electric Coop, Inc",,AL,Lawrence
2024,4618,"Cullman Electric Coop, Inc",,AL,Morgan
2024,4618,"Cullman Electric Coop, Inc",,AL,Winston
2024,4619,Town of Culpeper- (VA),Y,VA,Culpeper
2024,4622,"Cumberland Valley Electric, Inc.",,KY,Bell
2024,4622,"Cumberland Valley Electric, Inc.",,KY,Clay
2024,4622,"Cumberland Valley Electric, Inc.",,KY,Harlan
2024,4622,"Cumberland Valley Electric, Inc.",,KY,Knox
2024,4622,"Cumberland Valley Electric, Inc.",,KY,Laurel
2024,4622,"Cumberland Valley Electric, Inc.",,KY,Leslie
2024,4622,"Cumberland Valley Electric, Inc.",,KY,Letcher
2024,4622,"Cumberland Valley Electric, Inc.",,KY,McCreary
2024,4622,"Cumberland Valley Electric, Inc.",,KY,Whitley
2024,4622,"Cumberland Valley Electric, Inc.",,TN,Campbell
2024,4622,"Cumberland Valley Electric, Inc.",,TN,Claiborne
2024,4624,Cumberland Elec Member Corp,,TN,Cheatham
2024,4624,Cumberland Elec Member Corp,,TN,Dickson
2024,4624,Cumberland Elec Member Corp,,TN,Montgomery
2024,4624,Cumberland Elec Member Corp,,TN,Robertson
2024,4624,Cumberland Elec Member Corp,,TN,Stewart
2024,4624,Cumberland Elec Member Corp,,TN,Sumner
2024,4627,City of Cumberland - (WI),Y,WI,Barron
2024,4632,Cuming County Public Pwr Dist,Y,NE,Burt
2024,4632,Cuming County Public Pwr Dist,Y,NE,Colfax
2024,4632,Cuming County Public Pwr Dist,Y,NE,Cuming
2024,4632,Cuming County Public Pwr Dist,Y,NE,Dodge
2024,4632,Cuming County Public Pwr Dist,Y,NE,Stanton
2024,4632,Cuming County Public Pwr Dist,Y,NE,Thurston
2024,4632,Cuming County Public Pwr Dist,Y,NE,Wayne
2024,4661,City of Curtis - (NE),Y,NE,Frontier
2024,4667,City of Cushing - (OK),Y,OK,Payne
2024,4671,Custer Public Power District,,NE,Blaine
2024,4671,Custer Public Power District,,NE,Brown
2024,4671,Custer Public Power District,,NE,Buffalo
2024,4671,Custer Public Power District,,NE,Cherry
2024,4671,Custer Public Power District,,NE,Custer
2024,4671,Custer Public Power District,,NE,Dawson
2024,4671,Custer Public Power District,,NE,Garfield
2024,4671,Custer Public Power District,,NE,Grant
2024,4671,Custer Public Power District,,NE,Hooker
2024,4671,Custer Public Power District,,NE,Lincoln
2024,4671,Custer Public Power District,,NE,Logan
2024,4671,Custer Public Power District,,NE,Loup
2024,4671,Custer Public Power District,,NE,McPherson
2024,4671,Custer Public Power District,,NE,Sherman
2024,4671,Custer Public Power District,,NE,Thomas
2024,4671,Custer Public Power District,,NE,Valley
2024,4675,Cuivre River Electric Coop Inc,,MO,Lincoln
2024,4675,Cuivre River Electric Coop Inc,,MO,Montgomery
2024,4675,Cuivre River Electric Coop Inc,,MO,Pike
2024,4675,Cuivre River Electric Coop Inc,,MO,St Charles
2024,4675,Cuivre River Electric Coop Inc,,MO,Warren
2024,4683,City of Cuyahoga Falls - (OH),,OH,Summit
2024,4685,Village of Cygnet - (OH),Y,OH,Wood
2024,4704,"DS&O Electric Cooperative, Inc.",Y,KS,Cloud
2024,4704,"DS&O Electric Cooperative, Inc.",Y,KS,Dickinson
2024,4704,"DS&O Electric Cooperative, Inc.",Y,KS,Ellsworth
2024,4704,"DS&O Electric Cooperative, Inc.",Y,KS,Geary
2024,4704,"DS&O Electric Cooperative, Inc.",Y,KS,Marion
2024,4704,"DS&O Electric Cooperative, Inc.",Y,KS,McPherson
2024,4704,"DS&O Electric Cooperative, Inc.",Y,KS,Morris
2024,4704,"DS&O Electric Cooperative, Inc.",Y,KS,Ottawa
2024,4704,"DS&O Electric Cooperative, Inc.",Y,KS,Rice
2024,4704,"DS&O Electric Cooperative, Inc.",Y,KS,Saline
2024,4715,Dahlberg Light & Power Co,,WI,Bayfield
2024,4715,Dahlberg Light & Power Co,,WI,Douglas
2024,4715,Dahlberg Light & Power Co,,WI,Washburn
2024,4717,Dakota Valley Elec Coop Inc,,ND,Dickey
2024,4717,Dakota Valley Elec Coop Inc,,ND,LaMoure
2024,4717,Dakota Valley Elec Coop Inc,,ND,Logan
2024,4717,Dakota Valley Elec Coop Inc,,ND,McIntosh
2024,4717,Dakota Valley Elec Coop Inc,,ND,Ransom
2024,4717,Dakota Valley Elec Coop Inc,,ND,Richland
2024,4717,Dakota Valley Elec Coop Inc,,ND,Sargent
2024,4717,Dakota Valley Elec Coop Inc,,ND,Stutsman
2024,4720,Dakota Energy Coop Inc,,SD,Beadle
2024,4720,Dakota Energy Coop Inc,,SD,Buffalo
2024,4720,Dakota Energy Coop Inc,,SD,Faulk
2024,4720,Dakota Energy Coop Inc,,SD,Hand
2024,4720,Dakota Energy Coop Inc,,SD,Hyde
2024,4720,Dakota Energy Coop Inc,,SD,Jerauld
2024,4720,Dakota Energy Coop Inc,,SD,Kingsbury
2024,4720,Dakota Energy Coop Inc,,SD,Miner
2024,4720,Dakota Energy Coop Inc,,SD,Sanborn
2024,4720,Dakota Energy Coop Inc,,SD,Spink
2024,4720,Dakota Energy Coop Inc,,SD,Sully
2024,4725,City of Custar,Y,OH,Wood
2024,4739,Town of Dallas - (NC),Y,NC,Gaston
2024,4743,"Consumers Power, Inc",,OR,Benton
2024,4743,"Consumers Power, Inc",,OR,Lane
2024,4743,"Consumers Power, Inc",,OR,Lincoln
2024,4743,"Consumers Power, Inc",,OR,Linn
2024,4743,"Consumers Power, Inc",,OR,Marion
2024,4743,"Consumers Power, Inc",,OR,Polk
2024,4744,Dalton Utilities,,GA,Whitfield
2024,4791,City of Danville - (IA),Y,IA,Des Moines
2024,4791,City of Danville - (IA),Y,IA,Henry
2024,4792,Village of Daggett - (MI),Y,MI,Menominee
2024,4794,City of Danville - (VA),,VA,Danville City
2024,4794,City of Danville - (VA),,VA,Halifax
2024,4794,City of Danville - (VA),,VA,Henry
2024,4794,City of Danville - (VA),,VA,Patrick
2024,4794,City of Danville - (VA),,VA,Pittsylvania
2024,4796,"Darke Rural Electric Coop, Inc",Y,OH,Darke
2024,4796,"Darke Rural Electric Coop, Inc",Y,OH,Mercer
2024,4796,"Darke Rural Electric Coop, Inc",Y,OH,Preble
2024,4799,Darlington Light & Power Co,Y,IN,Montgomery
2024,4836,City of David City,Y,NE,Butler
2024,4848,Daviess Martin County R E M C,,IN,Daviess
2024,4848,Daviess Martin County R E M C,,IN,Greene
2024,4848,Daviess Martin County R E M C,,IN,Lawrence
2024,4848,Daviess Martin County R E M C,,IN,Martin
2024,4911,Dawson Power District,,NE,Buffalo
2024,4911,Dawson Power District,,NE,Custer
2024,4911,Dawson Power District,,NE,Dawson
2024,4911,Dawson Power District,,NE,Frontier
2024,4911,Dawson Power District,,NE,Gosper
2024,4911,Dawson Power District,,NE,Lincoln
2024,4911,Dawson Power District,,NE,Sherman
2024,4914,Village of Davenport - (NE),Y,NE,Thayer
2024,4919,City of Dayton - (IA),Y,IA,Webster
2024,4920,City of Dayton - (TN),,TN,Bledsoe
2024,4920,City of Dayton - (TN),,TN,Rhea
2024,4922,Dayton Power & Light Co,,OH,Auglaize
2024,4922,Dayton Power & Light Co,,OH,Brown
2024,4922,Dayton Power & Light Co,,OH,Butler
2024,4922,Dayton Power & Light Co,,OH,Champaign
2024,4922,Dayton Power & Light Co,,OH,Clark
2024,4922,Dayton Power & Light Co,,OH,Clinton
2024,4922,Dayton Power & Light Co,,OH,Darke
2024,4922,Dayton Power & Light Co,,OH,Delaware
2024,4922,Dayton Power & Light Co,,OH,Fayette
2024,4922,Dayton Power & Light Co,,OH,Greene
2024,4922,Dayton Power & Light Co,,OH,Hardin
2024,4922,Dayton Power & Light Co,,OH,Highland
2024,4922,Dayton Power & Light Co,,OH,Logan
2024,4922,Dayton Power & Light Co,,OH,Madison
2024,4922,Dayton Power & Light Co,,OH,Mercer
2024,4922,Dayton Power & Light Co,,OH,Miami
2024,4922,Dayton Power & Light Co,,OH,Montgomery
2024,4922,Dayton Power & Light Co,,OH,Pickaway
2024,4922,Dayton Power & Light Co,,OH,Preble
2024,4922,Dayton Power & Light Co,,OH,Ross
2024,4922,Dayton Power & Light Co,,OH,Shelby
2024,4922,Dayton Power & Light Co,,OH,Union
2024,4922,Dayton Power & Light Co,,OH,Van Wert
2024,4922,Dayton Power & Light Co,,OH,Warren
2024,4939,"Deaf Smith Electric Coop, Inc",,TX,Castro
2024,4939,"Deaf Smith Electric Coop, Inc",,TX,Deaf Smith
2024,4939,"Deaf Smith Electric Coop, Inc",,TX,Oldham
2024,4939,"Deaf Smith Electric Coop, Inc",,TX,Parmer
2024,4958,Decatur Utilities,,AL,Morgan
2024,4959,Aniak Light & Power Co Inc,Y,AK,Bethel
2024,4960,Decatur County Rural E M C,,IN,Bartholomew
2024,4960,Decatur County Rural E M C,,IN,Decatur
2024,4960,Decatur County Rural E M C,,IN,Franklin
2024,4960,Decatur County Rural E M C,,IN,Jennings
2024,4960,Decatur County Rural E M C,,IN,Ripley
2024,4960,Decatur County Rural E M C,,IN,Rush
2024,4961,Village of Decatur - (NE),Y,NE,Burt
2024,4975,Deep East Texas Elec Coop Inc,,TX,Jasper
2024,4975,Deep East Texas Elec Coop Inc,,TX,Nacogdoches
2024,4975,Deep East Texas Elec Coop Inc,,TX,Newton
2024,4975,Deep East Texas Elec Coop Inc,,TX,Panola
2024,4975,Deep East Texas Elec Coop Inc,,TX,Rusk
2024,4975,Deep East Texas Elec Coop Inc,,TX,Sabine
2024,4975,Deep East Texas Elec Coop Inc,,TX,San Augustine
2024,4975,Deep East Texas Elec Coop Inc,,TX,Shelby
2024,4981,City of Deaver - (WY),Y,WY,Big Horn
2024,5015,Delano Municipal Utilities,Y,MN,Wright
2024,5021,Delaware County Elec Coop Inc,Y,NY,Chenango
2024,5021,Delaware County Elec Coop Inc,Y,NY,Delaware
2024,5021,Delaware County Elec Coop Inc,Y,NY,Otsego
2024,5021,Delaware County Elec Coop Inc,Y,NY,Schoharie
2024,5027,Delmarva Power,,DE,Kent
2024,5027,Delmarva Power,,DE,New Castle
2024,5027,Delmarva Power,,DE,Sussex
2024,5027,Delmarva Power,,MD,Caroline
2024,5027,Delmarva Power,,MD,Cecil
2024,5027,Delmarva Power,,MD,Dorchester
2024,5027,Delmarva Power,,MD,Harford
2024,5027,Delmarva Power,,MD,Kent
2024,5027,Delmarva Power,,MD,Queen Annes
2024,5027,Delmarva Power,,MD,Somerset
2024,5027,Delmarva Power,,MD,Talbot
2024,5027,Delmarva Power,,MD,Wicomico
2024,5027,Delmarva Power,,MD,Worcester
2024,5036,City of Delta - (CO),Y,CO,Delta
2024,5056,City of Denison - (IA),Y,IA,Crawford
2024,5063,City of Denton - (TX),,TX,Denton
2024,5070,Delaware Electric Cooperative,,DE,Kent
2024,5070,Delaware Electric Cooperative,,DE,Sussex
2024,5071,Town of Dunreith - (IN),Y,IN,Henry
2024,5076,City of Denver - (IA),Y,IA,Bremer
2024,5078,"Denton County Elec Coop, Inc",,TX,Collin
2024,5078,"Denton County Elec Coop, Inc",,TX,Cooke
2024,5078,"Denton County Elec Coop, Inc",,TX,Denton
2024,5078,"Denton County Elec Coop, Inc",,TX,Grayson
2024,5078,"Denton County Elec Coop, Inc",,TX,Tarrant
2024,5078,"Denton County Elec Coop, Inc",,TX,Wise
2024,5086,Delta Montrose Electric Assn,,CO,Delta
2024,5086,Delta Montrose Electric Assn,,CO,Gunnison
2024,5086,Delta Montrose Electric Assn,,CO,Montrose
2024,5086,Delta Montrose Electric Assn,,CO,Ouray
2024,5096,Village of Deshler - (OH),Y,OH,Henry
2024,5096,Village of Deshler - (OH),Y,OH,Wood
2024,5097,City of Deshler - (NE),Y,NE,Thayer
2024,5109,DTE Electric Company,,MI,Bay
2024,5109,DTE Electric Company,,MI,Branch
2024,5109,DTE Electric Company,,MI,Delta
2024,5109,DTE Electric Company,,MI,Genesee
2024,5109,DTE Electric Company,,MI,Gratiot
2024,5109,DTE Electric Company,,MI,Huron
2024,5109,DTE Electric Company,,MI,Ingham
2024,5109,DTE Electric Company,,MI,Isabella
2024,5109,DTE Electric Company,,MI,Lapeer
2024,5109,DTE Electric Company,,MI,Lenawee
2024,5109,DTE Electric Company,,MI,Livingston
2024,5109,DTE Electric Company,,MI,Macomb
2024,5109,DTE Electric Company,,MI,Midland
2024,5109,DTE Electric Company,,MI,Monroe
2024,5109,DTE Electric Company,,MI,Montcalm
2024,5109,DTE Electric Company,,MI,Oakland
2024,5109,DTE Electric Company,,MI,Saginaw
2024,5109,DTE Electric Company,,MI,Sanilac
2024,5109,DTE Electric Company,,MI,Shiawassee
2024,5109,DTE Electric Company,,MI,St Clair
2024,5109,DTE Electric Company,,MI,Tuscola
2024,5109,DTE Electric Company,,MI,Washtenaw
2024,5109,DTE Electric Company,,MI,Wayne
2024,5111,City of Detroit Lakes - (MN),Y,MN,Becker
2024,5148,City of Dickson,,TN,Cheatham
2024,5148,City of Dickson,,TN,Dickson
2024,5148,City of Dickson,,TN,Hickman
2024,5148,City of Dickson,,TN,Houston
2024,5148,City of Dickson,,TN,Montgomery
2024,5154,City of Dighton - (KS),Y,KS,Lane
2024,5155,City of Dike,Y,IA,Grundy
2024,5175,Dixie Electric Power Assn - (MS),,MS,Clarke
2024,5175,Dixie Electric Power Assn - (MS),,MS,Covington
2024,5175,Dixie Electric Power Assn - (MS),,MS,Forrest
2024,5175,Dixie Electric Power Assn - (MS),,MS,Jasper
2024,5175,Dixie Electric Power Assn - (MS),,MS,Jones
2024,5175,Dixie Electric Power Assn - (MS),,MS,Perry
2024,5175,Dixie Electric Power Assn - (MS),,MS,Wayne
2024,5202,Dixie Electric Membership Corp - (LA),,LA,Ascension
2024,5202,Dixie Electric Membership Corp - (LA),,LA,East Baton Rouge
2024,5202,Dixie Electric Membership Corp - (LA),,LA,East Feliciana
2024,5202,Dixie Electric Membership Corp - (LA),,LA,Livingston
2024,5202,Dixie Electric Membership Corp - (LA),,LA,St  Helena
2024,5202,Dixie Electric Membership Corp - (LA),,LA,Tangipahoa
2024,5202,Dixie Electric Membership Corp - (LA),,LA,West Feliciana
2024,5204,Dixie Electric Coop - (AL),,AL,Barbour
2024,5204,Dixie Electric Coop - (AL),,AL,Bullock
2024,5204,Dixie Electric Coop - (AL),,AL,Lee
2024,5204,Dixie Electric Coop - (AL),,AL,Lowndes
2024,5204,Dixie Electric Coop - (AL),,AL,Macon
2024,5204,Dixie Electric Coop - (AL),,AL,Montgomery
2024,5204,Dixie Electric Coop - (AL),,AL,Pike
2024,5204,Dixie Electric Coop - (AL),,AL,Tallapoosa
2024,5236,City of Doerun - (GA),Y,GA,Colquitt
2024,5309,City of Dothan - (AL),,AL,Dale
2024,5309,City of Dothan - (AL),,AL,Houston
2024,5325,City of Douglas,,GA,Coffee
2024,5326,PUD No 1 of Douglas County,,WA,Douglas
2024,5327,Douglas Electric Coop - (OR),Y,OR,Coos
2024,5327,Douglas Electric Coop - (OR),Y,OR,Douglas
2024,5327,Douglas Electric Coop - (OR),Y,OR,Lane
2024,5328,"Douglas Electric Coop, Inc",Y,SD,Aurora
2024,5328,"Douglas Electric Coop, Inc",Y,SD,Charles Mix
2024,5328,"Douglas Electric Coop, Inc",Y,SD,Davison
2024,5328,"Douglas Electric Coop, Inc",Y,SD,Douglas
2024,5328,"Douglas Electric Coop, Inc",Y,SD,Hutchinson
2024,5334,"Doniphan Elec Coop Assn, Inc",Y,KS,Atchison
2024,5334,"Doniphan Elec Coop Assn, Inc",Y,KS,Brown
2024,5334,"Doniphan Elec Coop Assn, Inc",Y,KS,Doniphan
2024,5335,City of Dover - (DE),,DE,Kent
2024,5336,City of Dover - (OH),,OH,Tuscarawas
2024,5343,City of Dowagiac,Y,MI,Cass
2024,5350,Village of Dorchester - (NE),Y,NE,Saline
2024,5354,City of Drain - (OR),Y,OR,Douglas
2024,5372,Town of Drexel - (NC),Y,NC,Burke
2024,5392,Dublin Municipal Electric Util,Y,IN,Wayne
2024,5394,Dubois Rural Electric Coop Inc,,IN,Crawford
2024,5394,Dubois Rural Electric Coop Inc,,IN,Dubois
2024,5394,Dubois Rural Electric Coop Inc,,IN,Martin
2024,5394,Dubois Rural Electric Coop Inc,,IN,Orange
2024,5394,Dubois Rural Electric Coop Inc,,IN,Perry
2024,5394,Dubois Rural Electric Coop Inc,,IN,Pike
2024,5399,Duck River Elec Member Corp,,TN,Bedford
2024,5399,Duck River Elec Member Corp,,TN,Coffee
2024,5399,Duck River Elec Member Corp,,TN,Franklin
2024,5399,Duck River Elec Member Corp,,TN,Giles
2024,5399,Duck River Elec Member Corp,,TN,Grundy
2024,5399,Duck River Elec Member Corp,,TN,Lawrence
2024,5399,Duck River Elec Member Corp,,TN,Lewis
2024,5399,Duck River Elec Member Corp,,TN,Lincoln
2024,5399,Duck River Elec Member Corp,,TN,Marion
2024,5399,Duck River Elec Member Corp,,TN,Marshall
2024,5399,Duck River Elec Member Corp,,TN,Maury
2024,5399,Duck River Elec Member Corp,,TN,Moore
2024,5399,Duck River Elec Member Corp,,TN,Rutherford
2024,5399,Duck River Elec Member Corp,,TN,Williamson
2024,5402,City of Due West - (SC),Y,SC,Abbeville
2024,5416,"Duke Energy Carolinas, LLC",,NC,Alamance
2024,5416,"Duke Energy Carolinas, LLC",,NC,Alexander
2024,5416,"Duke Energy Carolinas, LLC",,NC,Anson
2024,5416,"Duke Energy Carolinas, LLC",,NC,Buncombe
2024,5416,"Duke Energy Carolinas, LLC",,NC,Burke
2024,5416,"Duke Energy Carolinas, LLC",,NC,Cabarrus
2024,5416,"Duke Energy Carolinas, LLC",,NC,Caldwell
2024,5416,"Duke Energy Carolinas, LLC",,NC,Caswell
2024,5416,"Duke Energy Carolinas, LLC",,NC,Catawba
2024,5416,"Duke Energy Carolinas, LLC",,NC,Chatham
2024,5416,"Duke Energy Carolinas, LLC",,NC,Cherokee
2024,5416,"Duke Energy Carolinas, LLC",,NC,Clay
2024,5416,"Duke Energy Carolinas, LLC",,NC,Cleveland
2024,5416,"Duke Energy Carolinas, LLC",,NC,Davidson
2024,5416,"Duke Energy Carolinas, LLC",,NC,Davie
2024,5416,"Duke Energy Carolinas, LLC",,NC,Durham
2024,5416,"Duke Energy Carolinas, LLC",,NC,Forsyth
2024,5416,"Duke Energy Carolinas, LLC",,NC,Gaston
2024,5416,"Duke Energy Carolinas, LLC",,NC,Graham
2024,5416,"Duke Energy Carolinas, LLC",,NC,Granville
2024,5416,"Duke Energy Carolinas, LLC",,NC,Guilford
2024,5416,"Duke Energy Carolinas, LLC",,NC,Henderson
2024,5416,"Duke Energy Carolinas, LLC",,NC,Iredell
2024,5416,"Duke Energy Carolinas, LLC",,NC,Jackson
2024,5416,"Duke Energy Carolinas, LLC",,NC,Lincoln
2024,5416,"Duke Energy Carolinas, LLC",,NC,Macon
2024,5416,"Duke Energy Carolinas, LLC",,NC,McDowell
2024,5416,"Duke Energy Carolinas, LLC",,NC,Mecklenburg
2024,5416,"Duke Energy Carolinas, LLC",,NC,Orange
2024,5416,"Duke Energy Carolinas, LLC",,NC,Person
2024,5416,"Duke Energy Carolinas, LLC",,NC,Polk
2024,5416,"Duke Energy Carolinas, LLC",,NC,Randolph
2024,5416,"Duke Energy Carolinas, LLC",,NC,Rockingham
2024,5416,"Duke Energy Carolinas, LLC",,NC,Rowan
2024,5416,"Duke Energy Carolinas, LLC",,NC,Rutherford
2024,5416,"Duke Energy Carolinas, LLC",,NC,Stanly
2024,5416,"Duke Energy Carolinas, LLC",,NC,Stokes
2024,5416,"Duke Energy Carolinas, LLC",,NC,Surry
2024,5416,"Duke Energy Carolinas, LLC",,NC,Swain
2024,5416,"Duke Energy Carolinas, LLC",,NC,Transylvania
2024,5416,"Duke Energy Carolinas, LLC",,NC,Union
2024,5416,"Duke Energy Carolinas, LLC",,NC,Wake
2024,5416,"Duke Energy Carolinas, LLC",,NC,Wilkes
2024,5416,"Duke Energy Carolinas, LLC",,NC,Yadkin
2024,5416,"Duke Energy Carolinas, LLC",,SC,Abbeville
2024,5416,"Duke Energy Carolinas, LLC",,SC,Anderson
2024,5416,"Duke Energy Carolinas, LLC",,SC,Cherokee
2024,5416,"Duke Energy Carolinas, LLC",,SC,Chester
2024,5416,"Duke Energy Carolinas, LLC",,SC,Edgefield
2024,5416,"Duke Energy Carolinas, LLC",,SC,Fairfield
2024,5416,"Duke Energy Carolinas, LLC",,SC,Greenville
2024,5416,"Duke Energy Carolinas, LLC",,SC,Greenwood
2024,5416,"Duke Energy Carolinas, LLC",,SC,Kershaw
2024,5416,"Duke Energy Carolinas, LLC",,SC,Lancaster
2024,5416,"Duke Energy Carolinas, LLC",,SC,Laurens
2024,5416,"Duke Energy Carolinas, LLC",,SC,McCormick
2024,5416,"Duke Energy Carolinas, LLC",,SC,Newberry
2024,5416,"Duke Energy Carolinas, LLC",,SC,Oconee
2024,5416,"Duke Energy Carolinas, LLC",,SC,Pickens
2024,5416,"Duke Energy Carolinas, LLC",,SC,Saluda
2024,5416,"Duke Energy Carolinas, LLC",,SC,Spartanburg
2024,5416,"Duke Energy Carolinas, LLC",,SC,Union
2024,5416,"Duke Energy Carolinas, LLC",,SC,York
2024,5417,Dunn County Electric Coop,,WI,Barron
2024,5417,Dunn County Electric Coop,,WI,Chippewa
2024,5417,Dunn County Electric Coop,,WI,Dunn
2024,5417,Dunn County Electric Coop,,WI,Pepin
2024,5417,Dunn County Electric Coop,,WI,Pierce
2024,5417,Dunn County Electric Coop,,WI,St Croix
2024,5429,City of Duncan - (OK),Y,OK,Stephens
2024,5438,"Duncan Valley Elec Coop, Inc",Y,AZ,Graham
2024,5438,"Duncan Valley Elec Coop, Inc",Y,AZ,Greenlee
2024,5438,"Duncan Valley Elec Coop, Inc",Y,NM,Grant
2024,5438,"Duncan Valley Elec Coop, Inc",Y,NM,Hidalgo
2024,5442,Borough of Duncannon - (PA),Y,PA,Perry
2024,5479,City of Durant - (MS),Y,MS,Holmes
2024,5480,Town of Danvers,,MA,Essex
2024,5487,Duquesne Light Co,,PA,Allegheny
2024,5487,Duquesne Light Co,,PA,Beaver
2024,5487,Duquesne Light Co,,PA,Westmoreland
2024,5509,City of Dyersburg,,TN,Dyer
2024,5518,City of Dysart - (IA),Y,IA,Tama
2024,5529,City of Durant - (IA),Y,IA,Cedar
2024,5529,City of Durant - (IA),Y,IA,Muscatine
2024,5529,City of Durant - (IA),Y,IA,Scott
2024,5531,Enerstar Power Corp,Y,IL,Clark
2024,5531,Enerstar Power Corp,Y,IL,Coles
2024,5531,Enerstar Power Corp,Y,IL,Douglas
2024,5531,Enerstar Power Corp,Y,IL,Edgar
2024,5531,Enerstar Power Corp,Y,IL,Vermilion
2024,5535,Egyptian Electric Coop Assn,,IL,Franklin
2024,5535,Egyptian Electric Coop Assn,,IL,Jackson
2024,5535,Egyptian Electric Coop Assn,,IL,Johnson
2024,5535,Egyptian Electric Coop Assn,,IL,Monroe
2024,5535,Egyptian Electric Coop Assn,,IL,Perry
2024,5535,Egyptian Electric Coop Assn,,IL,Randolph
2024,5535,Egyptian Electric Coop Assn,,IL,St Clair
2024,5535,Egyptian Electric Coop Assn,,IL,Union
2024,5535,Egyptian Electric Coop Assn,,IL,Washington
2024,5535,Egyptian Electric Coop Assn,,IL,Williamson
2024,5551,City of Eagle River - (WI),,WI,Vilas
2024,5563,City of Earlville - (IA),Y,IA,Delaware
2024,5574,East Central Energy,,MN,Aitkin
2024,5574,East Central Energy,,MN,Benton
2024,5574,East Central Energy,,MN,Chisago
2024,5574,East Central Energy,,MN,Isanti
2024,5574,East Central Energy,,MN,Kanabec
2024,5574,East Central Energy,,MN,Mille Lacs
2024,5574,East Central Energy,,MN,Morrison
2024,5574,East Central Energy,,MN,Pine
2024,5574,East Central Energy,,MN,Sherburne
2024,5574,East Central Energy,,MN,Washington
2024,5574,East Central Energy,,WI,Burnett
2024,5574,East Central Energy,,WI,Douglas
2024,5574,East Central Energy,,WI,Washburn
2024,5575,City of East Grand Forks - (MN),Y,MN,Polk
2024,5578,East Mississippi Elec Pwr Assn,,MS,Attala
2024,5578,East Mississippi Elec Pwr Assn,,MS,Clarke
2024,5578,East Mississippi Elec Pwr Assn,,MS,Jasper
2024,5578,East Mississippi Elec Pwr Assn,,MS,Kemper
2024,5578,East Mississippi Elec Pwr Assn,,MS,Lauderdale
2024,5578,East Mississippi Elec Pwr Assn,,MS,Neshoba
2024,5578,East Mississippi Elec Pwr Assn,,MS,Newton
2024,5578,East Mississippi Elec Pwr Assn,,MS,Noxubee
2024,5578,East Mississippi Elec Pwr Assn,,MS,Wayne
2024,5578,East Mississippi Elec Pwr Assn,,MS,Winston
2024,5582,City of East Point - (GA),,GA,Fulton
2024,5583,City of Easton - (MO),Y,MO,Buchanan
2024,5584,East End Mutual Elec Co Ltd,Y,ID,Cassia
2024,5584,East End Mutual Elec Co Ltd,Y,ID,Minidoka
2024,5585,Eastern Illinois Elec Coop,,IL,Champaign
2024,5585,Eastern Illinois Elec Coop,,IL,Douglas
2024,5585,Eastern Illinois Elec Coop,,IL,Edgar
2024,5585,Eastern Illinois Elec Coop,,IL,Ford
2024,5585,Eastern Illinois Elec Coop,,IL,Iroquois
2024,5585,Eastern Illinois Elec Coop,,IL,Livingston
2024,5585,Eastern Illinois Elec Coop,,IL,McLean
2024,5585,Eastern Illinois Elec Coop,,IL,Moultrie
2024,5585,Eastern Illinois Elec Coop,,IL,Piatt
2024,5585,Eastern Illinois Elec Coop,,IL,Vermilion
2024,5586,Borough of East Conemaugh,Y,PA,Cambria
2024,5588,East-Central Iowa Rural Elec Coop,,IA,Benton
2024,5588,East-Central Iowa Rural Elec Coop,,IA,Black Hawk
2024,5588,East-Central Iowa Rural Elec Coop,,IA,Bremer
2024,5588,East-Central Iowa Rural Elec Coop,,IA,Buchanan
2024,5588,East-Central Iowa Rural Elec Coop,,IA,Clayton
2024,5588,East-Central Iowa Rural Elec Coop,,IA,Delaware
2024,5588,East-Central Iowa Rural Elec Coop,,IA,Fayette
2024,5588,East-Central Iowa Rural Elec Coop,,IA,Iowa
2024,5588,East-Central Iowa Rural Elec Coop,,IA,Johnson
2024,5588,East-Central Iowa Rural Elec Coop,,IA,Linn
2024,5588,East-Central Iowa Rural Elec Coop,,IA,Tama
2024,5598,East Central Oklahoma Elec Coop Inc,,OK,Creek
2024,5598,East Central Oklahoma Elec Coop Inc,,OK,Lincoln
2024,5598,East Central Oklahoma Elec Coop Inc,,OK,McIntosh
2024,5598,East Central Oklahoma Elec Coop Inc,,OK,Muskogee
2024,5598,East Central Oklahoma Elec Coop Inc,,OK,Okfuskee
2024,5598,East Central Oklahoma Elec Coop Inc,,OK,Okmulgee
2024,5598,East Central Oklahoma Elec Coop Inc,,OK,Seminole
2024,5598,East Central Oklahoma Elec Coop Inc,,OK,Tulsa
2024,5598,East Central Oklahoma Elec Coop Inc,,OK,Wagoner
2024,5605,Eastern Iowa Light & Power Coop,,IA,Cedar
2024,5605,Eastern Iowa Light & Power Coop,,IA,Clinton
2024,5605,Eastern Iowa Light & Power Coop,,IA,Des Moines
2024,5605,Eastern Iowa Light & Power Coop,,IA,Henry
2024,5605,Eastern Iowa Light & Power Coop,,IA,Jackson
2024,5605,Eastern Iowa Light & Power Coop,,IA,Johnson
2024,5605,Eastern Iowa Light & Power Coop,,IA,Jones
2024,5605,Eastern Iowa Light & Power Coop,,IA,Linn
2024,5605,Eastern Iowa Light & Power Coop,,IA,Louisa
2024,5605,Eastern Iowa Light & Power Coop,,IA,Muscatine
2024,5605,Eastern Iowa Light & Power Coop,,IA,Scott
2024,5605,Eastern Iowa Light & Power Coop,,IA,Washington
2024,5609,Eastern Maine Electric Coop,,ME,Aroostook
2024,5609,Eastern Maine Electric Coop,,ME,Penobscot
2024,5609,Eastern Maine Electric Coop,,ME,Washington
2024,5625,Easton Utilities Comm,,MD,Talbot
2024,5630,City of Eaton Rapids - (MI),Y,MI,Eaton
2024,5631,Town of Eatonville - (WA),Y,WA,Pierce
2024,5632,Eau Claire Electric Coop,Y,WI,Buffalo
2024,5632,Eau Claire Electric Coop,Y,WI,Chippewa
2024,5632,Eau Claire Electric Coop,Y,WI,Clark
2024,5632,Eau Claire Electric Coop,Y,WI,Dunn
2024,5632,Eau Claire Electric Coop,Y,WI,Eau Claire
2024,5632,Eau Claire Electric Coop,Y,WI,Jackson
2024,5632,Eau Claire Electric Coop,Y,WI,Pepin
2024,5632,Eau Claire Electric Coop,Y,WI,Trempealeau
2024,5644,"Edisto Electric Coop, Inc",,SC,Allendale
2024,5644,"Edisto Electric Coop, Inc",,SC,Bamberg
2024,5644,"Edisto Electric Coop, Inc",,SC,Barnwell
2024,5644,"Edisto Electric Coop, Inc",,SC,Berkeley
2024,5644,"Edisto Electric Coop, Inc",,SC,Colleton
2024,5644,"Edisto Electric Coop, Inc",,SC,Dorchester
2024,5644,"Edisto Electric Coop, Inc",,SC,Hampton
2024,5644,"Edisto Electric Coop, Inc",,SC,Orangeburg
2024,5653,Village of Edgerton - (OH),Y,OH,Williams
2024,5655,Edinburgh Municipal Utilities,Y,IN,Bartholomew
2024,5655,Edinburgh Municipal Utilities,Y,IN,Johnson
2024,5655,Edinburgh Municipal Utilities,Y,IN,Shelby
2024,5656,Edgecombe-Martin County E M C,,NC,Beaufort
2024,5656,Edgecombe-Martin County E M C,,NC,Bertie
2024,5656,Edgecombe-Martin County E M C,,NC,Edgecombe
2024,5656,Edgecombe-Martin County E M C,,NC,Halifax
2024,5656,Edgecombe-Martin County E M C,,NC,Martin
2024,5656,Edgecombe-Martin County E M C,,NC,Nash
2024,5656,Edgecombe-Martin County E M C,,NC,Pitt
2024,5656,Edgecombe-Martin County E M C,,NC,Wilson
2024,5661,City of Edmond - (OK),,OK,Oklahoma
2024,5686,City of El Dorado Springs - (MO),Y,MO,Cedar
2024,5692,City of Eitzen - (MN),Y,MN,Houston
2024,5701,El Paso Electric Co,,NM,Dona Ana
2024,5701,El Paso Electric Co,,NM,Luna
2024,5701,El Paso Electric Co,,NM,Otero
2024,5701,El Paso Electric Co,,NM,Sierra
2024,5701,El Paso Electric Co,,TX,Culberson
2024,5701,El Paso Electric Co,,TX,El Paso
2024,5701,El Paso Electric Co,,TX,Hudspeth
2024,5721,City of Elfin Cove - (AK),Y,AK,Not Applicable
2024,5721,City of Elfin Cove - (AK),Y,AK,Skagway Hoonah Angoon
2024,5728,City of Elba - (AL),Y,AL,Coffee
2024,5729,Electrical Dist No8 Maricopa,,AZ,Maricopa
2024,5730,City of Elberton,Y,GA,Elbert
2024,5732,City of Elbow Lake - (MN),Y,MN,Grant
2024,5741,City of Eldorado - (OK),Y,OK,Jackson
2024,5742,Eldridge City Utilities,Y,IA,Scott
2024,5744,City of Electra - (TX),Y,TX,Wichita
2024,5752,Village of Eldorado - (OH),Y,OH,Preble
2024,5760,City of Elizabeth City - (NC),,NC,Pasquotank
2024,5762,Village of Elk Creek - (NE),Y,NE,Johnson
2024,5763,City of Elizabethton - (TN),,TN,Carter
2024,5763,City of Elizabethton - (TN),,TN,Sullivan
2024,5763,City of Elizabethton - (TN),,TN,Unicoi
2024,5763,City of Elizabethton - (TN),,TN,Washington
2024,5771,City of Elk Point,Y,SD,Union
2024,5773,City of Elk River,,MN,Hennepin
2024,5773,City of Elk River,,MN,Sherburne
2024,5773,City of Elk River,,MN,Wright
2024,5777,City of Elkhorn - (WI),Y,WI,Walworth
2024,5780,Elkhorn Rural Public Pwr Dist,,NE,Antelope
2024,5780,Elkhorn Rural Public Pwr Dist,,NE,Boone
2024,5780,Elkhorn Rural Public Pwr Dist,,NE,Holt
2024,5780,Elkhorn Rural Public Pwr Dist,,NE,Madison
2024,5780,Elkhorn Rural Public Pwr Dist,,NE,Pierce
2024,5780,Elkhorn Rural Public Pwr Dist,,NE,Platte
2024,5780,Elkhorn Rural Public Pwr Dist,,NE,Stanton
2024,5780,Elkhorn Rural Public Pwr Dist,,NE,Wheeler
2024,5794,Town of Elkton,Y,VA,Rockingham
2024,5795,City of Elsmore - (KS),Y,KS,Allen
2024,5796,City of Ellaville,Y,GA,Schley
2024,5802,City of Ellinwood - (KS),Y,KS,Barton
2024,5827,City of Ellsworth - (IA),Y,IA,Hamilton
2024,5828,Borough of Ellwood City - (PA),Y,PA,Beaver
2024,5828,Borough of Ellwood City - (PA),Y,PA,Lawrence
2024,5832,Elmhurst Mutual Power & Light Co,,WA,Pierce
2024,5833,Village of Elmore - (OH),Y,OH,Ottawa
2024,5834,City of Elroy - (WI),Y,WI,Juneau
2024,5839,City of Elwood - (KS),Y,KS,Doniphan
2024,5841,City of Ely - (MN),Y,MN,St Louis
2024,5850,City of Emerson - (NE),Y,NE,Dakota
2024,5850,City of Emerson - (NE),Y,NE,Dixon
2024,5850,City of Emerson - (NE),Y,NE,Thurston
2024,5860,Empire District Electric Co,,AR,Benton
2024,5860,Empire District Electric Co,,KS,Cherokee
2024,5860,Empire District Electric Co,,KS,Labette
2024,5860,Empire District Electric Co,,MO,Barry
2024,5860,Empire District Electric Co,,MO,Barton
2024,5860,Empire District Electric Co,,MO,Cedar
2024,5860,Empire District Electric Co,,MO,Christian
2024,5860,Empire District Electric Co,,MO,Dade
2024,5860,Empire District Electric Co,,MO,Dallas
2024,5860,Empire District Electric Co,,MO,Greene
2024,5860,Empire District Electric Co,,MO,Hickory
2024,5860,Empire District Electric Co,,MO,Jasper
2024,5860,Empire District Electric Co,,MO,Lawrence
2024,5860,Empire District Electric Co,,MO,McDonald
2024,5860,Empire District Electric Co,,MO,Newton
2024,5860,Empire District Electric Co,,MO,Polk
2024,5860,Empire District Electric Co,,MO,St Clair
2024,5860,Empire District Electric Co,,MO,Stone
2024,5860,Empire District Electric Co,,MO,Taney
2024,5860,Empire District Electric Co,,MO,Webster
2024,5860,Empire District Electric Co,,OK,Craig
2024,5860,Empire District Electric Co,,OK,Delaware
2024,5860,Empire District Electric Co,,OK,Ottawa
2024,5862,"Empire Electric Assn, Inc",,CO,Dolores
2024,5862,"Empire Electric Assn, Inc",,CO,Montezuma
2024,5862,"Empire Electric Assn, Inc",,CO,San Miguel
2024,5862,"Empire Electric Assn, Inc",,UT,San Juan
2024,5875,Village of Endicott - (NY),Y,NY,Broome
2024,5896,Town of Enfield - (NC),Y,NC,Halifax
2024,5905,Excelsior Electric Member Corp,,GA,Bryan
2024,5905,Excelsior Electric Member Corp,,GA,Bulloch
2024,5905,Excelsior Electric Member Corp,,GA,Candler
2024,5905,Excelsior Electric Member Corp,,GA,Effingham
2024,5905,Excelsior Electric Member Corp,,GA,Emanuel
2024,5905,Excelsior Electric Member Corp,,GA,Evans
2024,5905,Excelsior Electric Member Corp,,GA,Jenkins
2024,5905,Excelsior Electric Member Corp,,GA,Tattnall
2024,5915,Village of Enosburg Falls - (VT),Y,VT,Franklin
2024,5919,City of Enterprise - (KS),Y,KS,Dickinson
2024,5927,Village of Endicott - (NE),Y,NE,Jefferson
2024,5928,Town of Etna Green,Y,IN,Kosciusko
2024,5929,"Fairfield Electric Coop, Inc",,SC,Chester
2024,5929,"Fairfield Electric Coop, Inc",,SC,Fairfield
2024,5929,"Fairfield Electric Coop, Inc",,SC,Kershaw
2024,5929,"Fairfield Electric Coop, Inc",,SC,Richland
2024,5929,"Fairfield Electric Coop, Inc",,SC,York
2024,5930,Village of Fairport - (NY),,NY,Monroe
2024,5932,City of Ephraim - (UT),Y,UT,Sanpete
2024,5935,Borough of Ephrata - (PA),Y,PA,Lancaster
2024,5945,City of Erath - (LA),Y,LA,Vermilion
2024,5957,City of Erie - (KS),Y,KS,Neosho
2024,5961,Town of Erwin - (TN),,TN,Carter
2024,5961,Town of Erwin - (TN),,TN,Unicoi
2024,5961,Town of Erwin - (TN),,TN,Washington
2024,5964,"Escambia River Elec Coop, Inc",,FL,Escambia
2024,5964,"Escambia River Elec Coop, Inc",,FL,Santa Rosa
2024,5969,City of Escondido - (CA),,CA,San Diego
2024,5995,City of Estelline - (SD),Y,SD,Hamlin
2024,5997,Town of Estes Park,Y,CO,Boulder
2024,5997,Town of Estes Park,Y,CO,Larimer
2024,5998,City of Estherville - (IA),Y,IA,Emmet
2024,6008,City of Etowah,,TN,McMinn
2024,6019,City of Eudora - (KS),Y,KS,Douglas
2024,6022,City of Eugene - (OR),,OR,Lane
2024,6043,City of Evansville,,WI,Green
2024,6043,City of Evansville,,WI,Rock
2024,6052,City of Evergreen - (AL),Y,AL,Conecuh
2024,6112,"Farmers Electric Coop, Inc - (IA)",Y,IA,Adair
2024,6112,"Farmers Electric Coop, Inc - (IA)",Y,IA,Audubon
2024,6112,"Farmers Electric Coop, Inc - (IA)",Y,IA,Cass
2024,6112,"Farmers Electric Coop, Inc - (IA)",Y,IA,Guthrie
2024,6112,"Farmers Electric Coop, Inc - (IA)",Y,IA,Madison
2024,6112,"Farmers Electric Coop, Inc - (IA)",Y,IA,Union
2024,6127,City of Fairbank - (IA),Y,IA,Buchanan
2024,6127,City of Fairbank - (IA),Y,IA,Fayette
2024,6130,City of Fairburn - (GA),Y,GA,Fulton
2024,6132,City of Fairbury,Y,NE,Gage
2024,6132,City of Fairbury,Y,NE,Jefferson
2024,6132,City of Fairbury,Y,NE,Thayer
2024,6136,Village of Fairmont - (NE),Y,NE,Fillmore
2024,6138,City of Fairfax - (MN),Y,MN,Renville
2024,6141,City of Fairfield- (IL),Y,IL,Wayne
2024,6145,City of Fairhope - (AL),Y,AL,Baldwin
2024,6149,City of Ellensburg - (WA),,WA,Kittitas
2024,6151,Fairmont Public Utilities Comm,Y,MN,Martin
2024,6152,City of Fairview - (OK),Y,OK,Major
2024,6154,Fairview City Corporation,Y,UT,Sanpete
2024,6155,"Farmers Electric Company, Ltd - (ID)",Y,ID,Minidoka
2024,6157,City of Faith - (SD),Y,SD,Meade
2024,6168,Farmers Electric Coop - (IA),Y,IA,Iowa
2024,6168,Farmers Electric Coop - (IA),Y,IA,Johnson
2024,6168,Farmers Electric Coop - (IA),Y,IA,Washington
2024,6169,Fall River Rural Elec Coop Inc,,ID,Clark
2024,6169,Fall River Rural Elec Coop Inc,,ID,Fremont
2024,6169,Fall River Rural Elec Coop Inc,,ID,Jefferson
2024,6169,Fall River Rural Elec Coop Inc,,ID,Madison
2024,6169,Fall River Rural Elec Coop Inc,,ID,Teton
2024,6169,Fall River Rural Elec Coop Inc,,MT,Gallatin
2024,6169,Fall River Rural Elec Coop Inc,,WY,Teton
2024,6172,City of Fallon - (NV),Y,NV,Churchill
2024,6173,Fannin County Electric Coop,,TX,Collin
2024,6173,Fannin County Electric Coop,,TX,Fannin
2024,6173,Fannin County Electric Coop,,TX,Grayson
2024,6173,Fannin County Electric Coop,,TX,Hunt
2024,6173,Fannin County Electric Coop,,TX,Lamar
2024,6175,City of Falls City - (NE),Y,NE,Richardson
2024,6178,City of Falmouth - (KY),Y,KY,Pendleton
2024,6181,"Farmers Electric Coop, Inc - (MO)",,MO,Caldwell
2024,6181,"Farmers Electric Coop, Inc - (MO)",,MO,Carroll
2024,6181,"Farmers Electric Coop, Inc - (MO)",,MO,Chariton
2024,6181,"Farmers Electric Coop, Inc - (MO)",,MO,Clinton
2024,6181,"Farmers Electric Coop, Inc - (MO)",,MO,Daviess
2024,6181,"Farmers Electric Coop, Inc - (MO)",,MO,DeKalb
2024,6181,"Farmers Electric Coop, Inc - (MO)",,MO,Harrison
2024,6181,"Farmers Electric Coop, Inc - (MO)",,MO,Linn
2024,6181,"Farmers Electric Coop, Inc - (MO)",,MO,Livingston
2024,6181,"Farmers Electric Coop, Inc - (MO)",,MO,Ray
2024,6182,"Farmers Electric Coop, Inc - (TX)",,TX,Collin
2024,6182,"Farmers Electric Coop, Inc - (TX)",,TX,Dallas
2024,6182,"Farmers Electric Coop, Inc - (TX)",,TX,Delta
2024,6182,"Farmers Electric Coop, Inc - (TX)",,TX,Fannin
2024,6182,"Farmers Electric Coop, Inc - (TX)",,TX,Franklin
2024,6182,"Farmers Electric Coop, Inc - (TX)",,TX,Hopkins
2024,6182,"Farmers Electric Coop, Inc - (TX)",,TX,Hunt
2024,6182,"Farmers Electric Coop, Inc - (TX)",,TX,Kaufman
2024,6182,"Farmers Electric Coop, Inc - (TX)",,TX,Rains
2024,6182,"Farmers Electric Coop, Inc - (TX)",,TX,Rockwall
2024,6182,"Farmers Electric Coop, Inc - (TX)",,TX,Van Zandt
2024,6182,"Farmers Electric Coop, Inc - (TX)",,TX,Wood
2024,6183,"Fayette Electric Coop, Inc",,TX,Austin
2024,6183,"Fayette Electric Coop, Inc",,TX,Bastrop
2024,6183,"Fayette Electric Coop, Inc",,TX,Colorado
2024,6183,"Fayette Electric Coop, Inc",,TX,Fayette
2024,6183,"Fayette Electric Coop, Inc",,TX,Gonzales
2024,6183,"Fayette Electric Coop, Inc",,TX,Lavaca
2024,6183,"Fayette Electric Coop, Inc",,TX,Lee
2024,6183,"Fayette Electric Coop, Inc",,TX,Washington
2024,6192,City of Farmer City - (IL),Y,IL,DeWitt
2024,6194,Farmers Rural Electric Coop Corp - (KY),,KY,Adair
2024,6194,Farmers Rural Electric Coop Corp - (KY),,KY,Barren
2024,6194,Farmers Rural Electric Coop Corp - (KY),,KY,Edmonson
2024,6194,Farmers Rural Electric Coop Corp - (KY),,KY,Grayson
2024,6194,Farmers Rural Electric Coop Corp - (KY),,KY,Green
2024,6194,Farmers Rural Electric Coop Corp - (KY),,KY,Hardin
2024,6194,Farmers Rural Electric Coop Corp - (KY),,KY,Hart
2024,6194,Farmers Rural Electric Coop Corp - (KY),,KY,Larue
2024,6194,Farmers Rural Electric Coop Corp - (KY),,KY,Metcalfe
2024,6194,Farmers Rural Electric Coop Corp - (KY),,KY,Monroe
2024,6194,Farmers Rural Electric Coop Corp - (KY),,KY,Warren
2024,6198,"Farmers Electric Coop, Inc - (NM)",,NM,Curry
2024,6198,"Farmers Electric Coop, Inc - (NM)",,NM,De Baca
2024,6198,"Farmers Electric Coop, Inc - (NM)",,NM,Guadalupe
2024,6198,"Farmers Electric Coop, Inc - (NM)",,NM,Harding
2024,6198,"Farmers Electric Coop, Inc - (NM)",,NM,Quay
2024,6198,"Farmers Electric Coop, Inc - (NM)",,NM,Roosevelt
2024,6198,"Farmers Electric Coop, Inc - (NM)",,NM,San Miguel
2024,6198,"Farmers Electric Coop, Inc - (NM)",,TX,Deaf Smith
2024,6198,"Farmers Electric Coop, Inc - (NM)",,TX,Oldham
2024,6198,"Farmers Electric Coop, Inc - (NM)",,TX,Parmer
2024,6203,City of Farmersville - (TX),Y,TX,Collin
2024,6204,City of Farmington - (NM),,NM,Rio Arriba
2024,6204,City of Farmington - (NM),,NM,San Juan
2024,6205,City of Farmington - (MO),,MO,St Francois
2024,6206,Farmers Electric Coop Corp - (AR),Y,AR,Independence
2024,6206,Farmers Electric Coop Corp - (AR),Y,AR,Jackson
2024,6206,Farmers Electric Coop Corp - (AR),Y,AR,Poinsett
2024,6206,Farmers Electric Coop Corp - (AR),Y,AR,White
2024,6206,Farmers Electric Coop Corp - (AR),Y,AR,Woodruff
2024,6207,Farmington River Power Company,,CT,Hartford
2024,6209,Town of Farmville - (NC),Y,NC,Pitt
2024,6210,City of Farnhamville - (IA),Y,IA,Calhoun
2024,6231,City of Fayette - (MO),Y,MO,Howard
2024,6234,City of Fayetteville,,TN,Franklin
2024,6234,City of Fayetteville,,TN,Giles
2024,6234,City of Fayetteville,,TN,Lincoln
2024,6234,City of Fayetteville,,TN,Marshall
2024,6235,Fayetteville Public Works Commission,,NC,Cumberland
2024,6258,Federated Rural Electric Assn,,IA,Dickinson
2024,6258,Federated Rural Electric Assn,,IA,Emmet
2024,6258,Federated Rural Electric Assn,,IA,Kossuth
2024,6258,Federated Rural Electric Assn,,IA,Osceola
2024,6258,Federated Rural Electric Assn,,MN,Cottonwood
2024,6258,Federated Rural Electric Assn,,MN,Faribault
2024,6258,Federated Rural Electric Assn,,MN,Jackson
2024,6258,Federated Rural Electric Assn,,MN,Martin
2024,6258,Federated Rural Electric Assn,,MN,Murray
2024,6258,Federated Rural Electric Assn,,MN,Nobles
2024,6258,Federated Rural Electric Assn,,MN,Watonwan
2024,6272,"FEM Electric Assn, Inc",Y,SD,Edmunds
2024,6272,"FEM Electric Assn, Inc",Y,SD,Faulk
2024,6272,"FEM Electric Assn, Inc",Y,SD,McPherson
2024,6274,City of Fennimore - (WI),Y,WI,Grant
2024,6276,Town of Ferdinand - (IN),Y,IN,Dubois
2024,6297,PUD No 1 of Ferry County,Y,WA,Ferry
2024,6297,PUD No 1 of Ferry County,Y,WA,Okanogan
2024,6316,Fillmore City Corporation,Y,UT,Millard
2024,6335,"Firelands Electric Coop, Inc",Y,OH,Ashland
2024,6335,"Firelands Electric Coop, Inc",Y,OH,Huron
2024,6335,"Firelands Electric Coop, Inc",Y,OH,Lorain
2024,6335,"Firelands Electric Coop, Inc",Y,OH,Richland
2024,6335,"Firelands Electric Coop, Inc",Y,OH,Seneca
2024,6342,First Electric Coop Corp,,AR,Arkansas
2024,6342,First Electric Coop Corp,,AR,Cleburne
2024,6342,First Electric Coop Corp,,AR,Conway
2024,6342,First Electric Coop Corp,,AR,Faulkner
2024,6342,First Electric Coop Corp,,AR,Garland
2024,6342,First Electric Coop Corp,,AR,Grant
2024,6342,First Electric Coop Corp,,AR,Independence
2024,6342,First Electric Coop Corp,,AR,Jefferson
2024,6342,First Electric Coop Corp,,AR,Lonoke
2024,6342,First Electric Coop Corp,,AR,Monroe
2024,6342,First Electric Coop Corp,,AR,Perry
2024,6342,First Electric Coop Corp,,AR,Prairie
2024,6342,First Electric Coop Corp,,AR,Pulaski
2024,6342,First Electric Coop Corp,,AR,Saline
2024,6342,First Electric Coop Corp,,AR,Stone
2024,6342,First Electric Coop Corp,,AR,White
2024,6342,First Electric Coop Corp,,AR,Yell
2024,6369,Fishers Island Utility Co Inc,,NY,Suffolk
2024,6374,Fitchburg Gas & Elec Light Co,,MA,Middlesex
2024,6374,Fitchburg Gas & Elec Light Co,,MA,Worcester
2024,6380,Fitzgerald Wtr Lgt & Bond Comm,Y,GA,Ben Hill
2024,6390,City of Flandreau,Y,SD,Moody
2024,6395,Flathead Electric Coop Inc,,MT,Carbon
2024,6395,Flathead Electric Coop Inc,,MT,Flathead
2024,6395,Flathead Electric Coop Inc,,MT,Lake
2024,6395,Flathead Electric Coop Inc,,MT,Lincoln
2024,6395,Flathead Electric Coop Inc,,MT,Park
2024,6395,Flathead Electric Coop Inc,,MT,Sanders
2024,6396,City of Flatonia - (TX),Y,TX,Fayette
2024,6396,City of Flatonia - (TX),Y,TX,Gonzales
2024,6411,Flint Electric Membership Corp,,GA,Bibb
2024,6411,Flint Electric Membership Corp,,GA,Chattahoochee
2024,6411,Flint Electric Membership Corp,,GA,Crawford
2024,6411,Flint Electric Membership Corp,,GA,Dooly
2024,6411,Flint Electric Membership Corp,,GA,Harris
2024,6411,Flint Electric Membership Corp,,GA,Houston
2024,6411,Flint Electric Membership Corp,,GA,Macon
2024,6411,Flint Electric Membership Corp,,GA,Marion
2024,6411,Flint Electric Membership Corp,,GA,Monroe
2024,6411,Flint Electric Membership Corp,,GA,Muscogee
2024,6411,Flint Electric Membership Corp,,GA,Peach
2024,6411,Flint Electric Membership Corp,,GA,Schley
2024,6411,Flint Electric Membership Corp,,GA,Sumter
2024,6411,Flint Electric Membership Corp,,GA,Talbot
2024,6411,Flint Electric Membership Corp,,GA,Taylor
2024,6411,Flint Electric Membership Corp,,GA,Twiggs
2024,6411,Flint Electric Membership Corp,,GA,Upson
2024,6417,City of Flora - (IL),Y,IL,Clay
2024,6418,Town of Fleming - (CO),Y,CO,Logan
2024,6422,City of Florence - (AL),,AL,Lauderdale
2024,6424,Florence Utility Comm,,WI,Florence
2024,6425,Flora Utilities,Y,IN,Carroll
2024,6427,City of Floresville,,TX,Karnes
2024,6427,City of Floresville,,TX,Wilson
2024,6431,"Flint Hills Rural E C A, Inc",Y,KS,Chase
2024,6431,"Flint Hills Rural E C A, Inc",Y,KS,Dickinson
2024,6431,"Flint Hills Rural E C A, Inc",Y,KS,Geary
2024,6431,"Flint Hills Rural E C A, Inc",Y,KS,Harvey
2024,6431,"Flint Hills Rural E C A, Inc",Y,KS,Lyon
2024,6431,"Flint Hills Rural E C A, Inc",Y,KS,Marion
2024,6431,"Flint Hills Rural E C A, Inc",Y,KS,McPherson
2024,6431,"Flint Hills Rural E C A, Inc",Y,KS,Morris
2024,6431,"Flint Hills Rural E C A, Inc",Y,KS,Riley
2024,6431,"Flint Hills Rural E C A, Inc",Y,KS,Wabaunsee
2024,6442,Fleming-Mason Energy Coop Inc,,KY,Bath
2024,6442,Fleming-Mason Energy Coop Inc,,KY,Bracken
2024,6442,Fleming-Mason Energy Coop Inc,,KY,Fleming
2024,6442,Fleming-Mason Energy Coop Inc,,KY,Lewis
2024,6442,Fleming-Mason Energy Coop Inc,,KY,Mason
2024,6442,Fleming-Mason Energy Coop Inc,,KY,Nicholas
2024,6442,Fleming-Mason Energy Coop Inc,,KY,Robertson
2024,6442,Fleming-Mason Energy Coop Inc,,KY,Rowan
2024,6443,"Florida Keys El Coop Assn, Inc",,FL,Monroe
2024,6452,Florida Power & Light Co,,FL,Alachua
2024,6452,Florida Power & Light Co,,FL,Baker
2024,6452,Florida Power & Light Co,,FL,Bay
2024,6452,Florida Power & Light Co,,FL,Bradford
2024,6452,Florida Power & Light Co,,FL,Brevard
2024,6452,Florida Power & Light Co,,FL,Broward
2024,6452,Florida Power & Light Co,,FL,Charlotte
2024,6452,Florida Power & Light Co,,FL,Clay
2024,6452,Florida Power & Light Co,,FL,Collier
2024,6452,Florida Power & Light Co,,FL,Columbia
2024,6452,Florida Power & Light Co,,FL,DeSoto
2024,6452,Florida Power & Light Co,,FL,Duval
2024,6452,Florida Power & Light Co,,FL,Escambia
2024,6452,Florida Power & Light Co,,FL,Flagler
2024,6452,Florida Power & Light Co,,FL,Glades
2024,6452,Florida Power & Light Co,,FL,Hardee
2024,6452,Florida Power & Light Co,,FL,Hendry
2024,6452,Florida Power & Light Co,,FL,Highlands
2024,6452,Florida Power & Light Co,,FL,Holmes
2024,6452,Florida Power & Light Co,,FL,Indian River
2024,6452,Florida Power & Light Co,,FL,Jackson
2024,6452,Florida Power & Light Co,,FL,Lee
2024,6452,Florida Power & Light Co,,FL,Manatee
2024,6452,Florida Power & Light Co,,FL,Martin
2024,6452,Florida Power & Light Co,,FL,Miami Dade
2024,6452,Florida Power & Light Co,,FL,Monroe
2024,6452,Florida Power & Light Co,,FL,Nassau
2024,6452,Florida Power & Light Co,,FL,Okaloosa
2024,6452,Florida Power & Light Co,,FL,Okeechobee
2024,6452,Florida Power & Light Co,,FL,Orange
2024,6452,Florida Power & Light Co,,FL,Osceola
2024,6452,Florida Power & Light Co,,FL,Palm Beach
2024,6452,Florida Power & Light Co,,FL,Putnam
2024,6452,Florida Power & Light Co,,FL,Santa Rosa
2024,6452,Florida Power & Light Co,,FL,Sarasota
2024,6452,Florida Power & Light Co,,FL,Seminole
2024,6452,Florida Power & Light Co,,FL,St Johns
2024,6452,Florida Power & Light Co,,FL,St Lucie
2024,6452,Florida Power & Light Co,,FL,Suwannee
2024,6452,Florida Power & Light Co,,FL,Union
2024,6452,Florida Power & Light Co,,FL,Volusia
2024,6452,Florida Power & Light Co,,FL,Walton
2024,6452,Florida Power & Light Co,,FL,Washington
2024,6455,"Duke Energy Florida, LLC",,FL,Alachua
2024,6455,"Duke Energy Florida, LLC",,FL,Bay
2024,6455,"Duke Energy Florida, LLC",,FL,Brevard
2024,6455,"Duke Energy Florida, LLC",,FL,Citrus
2024,6455,"Duke Energy Florida, LLC",,FL,Columbia
2024,6455,"Duke Energy Florida, LLC",,FL,Dixie
2024,6455,"Duke Energy Florida, LLC",,FL,Flagler
2024,6455,"Duke Energy Florida, LLC",,FL,Franklin
2024,6455,"Duke Energy Florida, LLC",,FL,Gilchrist
2024,6455,"Duke Energy Florida, LLC",,FL,Gulf
2024,6455,"Duke Energy Florida, LLC",,FL,Hamilton
2024,6455,"Duke Energy Florida, LLC",,FL,Hernando
2024,6455,"Duke Energy Florida, LLC",,FL,Highlands
2024,6455,"Duke Energy Florida, LLC",,FL,Hillsborough
2024,6455,"Duke Energy Florida, LLC",,FL,Jefferson
2024,6455,"Duke Energy Florida, LLC",,FL,Lafayette
2024,6455,"Duke Energy Florida, LLC",,FL,Lake
2024,6455,"Duke Energy Florida, LLC",,FL,Leon
2024,6455,"Duke Energy Florida, LLC",,FL,Levy
2024,6455,"Duke Energy Florida, LLC",,FL,Madison
2024,6455,"Duke Energy Florida, LLC",,FL,Marion
2024,6455,"Duke Energy Florida, LLC",,FL,Orange
2024,6455,"Duke Energy Florida, LLC",,FL,Osceola
2024,6455,"Duke Energy Florida, LLC",,FL,Pasco
2024,6455,"Duke Energy Florida, LLC",,FL,Pinellas
2024,6455,"Duke Energy Florida, LLC",,FL,Polk
2024,6455,"Duke Energy Florida, LLC",,FL,Seminole
2024,6455,"Duke Energy Florida, LLC",,FL,Sumter
2024,6455,"Duke Energy Florida, LLC",,FL,Suwannee
2024,6455,"Duke Energy Florida, LLC",,FL,Taylor
2024,6455,"Duke Energy Florida, LLC",,FL,Volusia
2024,6455,"Duke Energy Florida, LLC",,FL,Wakulla
2024,6457,Florida Public Utilities Co,,FL,Calhoun
2024,6457,Florida Public Utilities Co,,FL,Jackson
2024,6457,Florida Public Utilities Co,,FL,Liberty
2024,6457,Florida Public Utilities Co,,FL,Nassau
2024,6472,City of Floydada - (TX),Y,TX,Floyd
2024,6491,Foley Board of Utilities,,AL,Baldwin
2024,6496,City of Fonda - (IA),Y,IA,Pocahontas
2024,6501,City of Fontanelle - (IA),Y,IA,Adair
2024,6509,Town of Fort Laramie- (WY),Y,WY,Goshen
2024,6579,City of Forest City- (IA),Y,IA,Hancock
2024,6579,City of Forest City- (IA),Y,IA,Winnebago
2024,6580,Town of Forest City,Y,NC,Rutherford
2024,6582,City of Forest Grove,,OR,Washington
2024,6598,City of Forsyth - (GA),Y,GA,Monroe
2024,6604,City of Fort Collins - (CO),,CO,Larimer
2024,6608,Fort Loudoun Electric Coop,,TN,Blount
2024,6608,Fort Loudoun Electric Coop,,TN,Loudon
2024,6608,Fort Loudoun Electric Coop,,TN,Monroe
2024,6609,City of Fort Meade - (FL),Y,FL,Polk
2024,6610,City of Fort Morgan,,CO,Morgan
2024,6611,Fort Belknap Electric Coop Inc,Y,TX,Archer
2024,6611,Fort Belknap Electric Coop Inc,Y,TX,Jack
2024,6611,Fort Belknap Electric Coop Inc,Y,TX,Palo Pinto
2024,6611,Fort Belknap Electric Coop Inc,Y,TX,Shackelford
2024,6611,Fort Belknap Electric Coop Inc,Y,TX,Stephens
2024,6611,Fort Belknap Electric Coop Inc,Y,TX,Throckmorton
2024,6611,Fort Belknap Electric Coop Inc,Y,TX,Young
2024,6612,Fort Payne Improvement Authority,,AL,DeKalb
2024,6613,Town of Fountain - (NC),Y,NC,Pitt
2024,6615,City of Fort Pierre - (SD),Y,SD,Stanley
2024,6616,Fort Pierce Utilities Authority,,FL,St Lucie
2024,6617,Fort Valley Utility Comm,Y,GA,Crawford
2024,6617,Fort Valley Utility Comm,Y,GA,Peach
2024,6618,Town of Fort Supply - (OK),Y,OK,Woodward
2024,6627,City of Fosston - (MN),Y,MN,Polk
2024,6638,City of Fountain,,CO,El Paso
2024,6640,Four County Elec Member Corp,,NC,Bladen
2024,6640,Four County Elec Member Corp,,NC,Columbus
2024,6640,Four County Elec Member Corp,,NC,Duplin
2024,6640,Four County Elec Member Corp,,NC,Onslow
2024,6640,Four County Elec Member Corp,,NC,Pender
2024,6640,Four County Elec Member Corp,,NC,Sampson
2024,6641,4-County Electric Power Assn,,MS,Choctaw
2024,6641,4-County Electric Power Assn,,MS,Clay
2024,6641,4-County Electric Power Assn,,MS,Lowndes
2024,6641,4-County Electric Power Assn,,MS,Monroe
2024,6641,4-County Electric Power Assn,,MS,Noxubee
2024,6641,4-County Electric Power Assn,,MS,Oktibbeha
2024,6641,4-County Electric Power Assn,,MS,Webster
2024,6707,City of Frankfort - (IN),,IN,Boone
2024,6707,City of Frankfort - (IN),,IN,Clinton
2024,6707,City of Frankfort - (IN),,IN,Hamilton
2024,6707,City of Frankfort - (IN),,IN,Tipton
2024,6708,City of Frankfort - (KY),,KY,Franklin
2024,6708,City of Frankfort - (KY),,KY,Shelby
2024,6708,City of Frankfort - (KY),,KY,Woodford
2024,6709,Easley Combined Utility System,,SC,Pickens
2024,6710,Town of Edenton - (NC),Y,NC,Chowan
2024,6711,Village of Frankfort - (NY),Y,NY,Herkimer
2024,6715,City of Franklin - (VA),Y,VA,Franklin City
2024,6715,City of Franklin - (VA),Y,VA,Isle of Wight
2024,6715,City of Franklin - (VA),Y,VA,Southampton
2024,6715,City of Franklin - (VA),Y,VA,Suffolk City
2024,6716,PUD No 1 of Franklin County,,WA,Franklin
2024,6717,Franklin Electric Coop - (AL),,AL,Colbert
2024,6717,Franklin Electric Coop - (AL),,AL,Franklin
2024,6718,City of Franklin - (KY),,KY,Simpson
2024,6722,Franklin Rural Electric Coop - (IA),Y,IA,Butler
2024,6722,Franklin Rural Electric Coop - (IA),Y,IA,Cerro Gordo
2024,6722,Franklin Rural Electric Coop - (IA),Y,IA,Floyd
2024,6722,Franklin Rural Electric Coop - (IA),Y,IA,Franklin
2024,6722,Franklin Rural Electric Coop - (IA),Y,IA,Hardin
2024,6722,Franklin Rural Electric Coop - (IA),Y,IA,Wright
2024,6723,City of Franklin - (NE),Y,NE,Franklin
2024,6735,Town of Frankton - (IN),Y,IN,Madison
2024,6750,City of Frederick - (OK),Y,OK,Tillman
2024,6753,City of Fredonia - (AZ),Y,AZ,Coconino
2024,6758,City of Fredericksburg - (TX),Y,TX,Gillespie
2024,6759,City of Fredericksburg - (IA),Y,IA,Chickasaw
2024,6761,City of Fredericktown - (MO),Y,MO,Madison
2024,6762,City of Fredonia - (KS),Y,KS,Wilson
2024,6764,Village of Freeburg - (IL),Y,IL,St Clair
2024,6775,Village of Freeport - (NY),,NY,Nassau
2024,6779,City of Fremont - (NE),,NE,Dodge
2024,6780,Town of Fremont - (NC),Y,NC,Wayne
2024,6782,Freeborn Mower Electric Cooperative,,IA,Worth
2024,6782,Freeborn Mower Electric Cooperative,,MN,Dodge
2024,6782,Freeborn Mower Electric Cooperative,,MN,Faribault
2024,6782,Freeborn Mower Electric Cooperative,,MN,Fillmore
2024,6782,Freeborn Mower Electric Cooperative,,MN,Freeborn
2024,6782,Freeborn Mower Electric Cooperative,,MN,Mower
2024,6782,Freeborn Mower Electric Cooperative,,MN,Olmsted
2024,6782,Freeborn Mower Electric Cooperative,,MN,Steele
2024,6784,French Broad Elec Member Corp,,NC,Buncombe
2024,6784,French Broad Elec Member Corp,,NC,Madison
2024,6784,French Broad Elec Member Corp,,NC,McDowell
2024,6784,French Broad Elec Member Corp,,NC,Mitchell
2024,6784,French Broad Elec Member Corp,,NC,Yancey
2024,6784,French Broad Elec Member Corp,,TN,Cocke
2024,6784,French Broad Elec Member Corp,,TN,Unicoi
2024,6803,Town of Front Royal,Y,VA,Warren
2024,6804,Frontier Power Company,Y,OH,Coshocton
2024,6804,Frontier Power Company,Y,OH,Guernsey
2024,6804,Frontier Power Company,Y,OH,Holmes
2024,6804,Frontier Power Company,Y,OH,Knox
2024,6804,Frontier Power Company,Y,OH,Licking
2024,6804,Frontier Power Company,Y,OH,Muskingum
2024,6804,Frontier Power Company,Y,OH,Tuscarawas
2024,6839,City of Fulton - (MO),Y,MO,Callaway
2024,6840,City of Fulton - (KY),,KY,Fulton
2024,6848,Fulton County Rural E M C,Y,IN,Cass
2024,6848,Fulton County Rural E M C,Y,IN,Fulton
2024,6848,Fulton County Rural E M C,Y,IN,Kosciusko
2024,6848,Fulton County Rural E M C,Y,IN,Marshall
2024,6848,Fulton County Rural E M C,Y,IN,Miami
2024,6848,Fulton County Rural E M C,Y,IN,Pulaski
2024,6848,Fulton County Rural E M C,Y,IN,Starke
2024,6866,"G & K, Inc",Y,AK,Fairbanks North Star
2024,6894,City of Gaffney - (SC),,SC,Cherokee
2024,6907,City of Greendale,Y,IN,Dearborn
2024,6909,Gainesville Regional Utilities,,FL,Alachua
2024,6914,City of Galion,Y,OH,Crawford
2024,6914,City of Galion,Y,OH,Morrow
2024,6914,City of Galion,Y,OH,Richland
2024,6915,Galena Electric Utility,Y,AK,Yukon Koyukuk
2024,6923,City of Gallatin - (TN),,TN,Sumner
2024,6924,City of Gallatin - (MO),Y,MO,Daviess
2024,6930,City of Gallup - (NM),Y,NM,McKinley
2024,6931,City of Galva - (KS),Y,KS,McPherson
2024,6941,City of Garden City,,KS,Finney
2024,6949,City of Gardner - (KS),Y,KS,Johnson
2024,6950,Garland Light & Power Company,Y,WY,Big Horn
2024,6950,Garland Light & Power Company,Y,WY,Park
2024,6957,"Garkane Energy Coop, Inc",,AZ,Coconino
2024,6957,"Garkane Energy Coop, Inc",,AZ,Mohave
2024,6957,"Garkane Energy Coop, Inc",,UT,Garfield
2024,6957,"Garkane Energy Coop, Inc",,UT,Iron
2024,6957,"Garkane Energy Coop, Inc",,UT,Kane
2024,6957,"Garkane Energy Coop, Inc",,UT,Piute
2024,6957,"Garkane Energy Coop, Inc",,UT,Sevier
2024,6957,"Garkane Energy Coop, Inc",,UT,Washington
2024,6957,"Garkane Energy Coop, Inc",,UT,Wayne
2024,6958,City of Garland - (TX),,TX,Dallas
2024,6965,City of Garnett - (KS),Y,KS,Anderson
2024,6970,City of Garrett,Y,IN,DeKalb
2024,6993,City of Gas City - (IN),Y,IN,Grant
2024,7024,Gascosage Electric Coop,,MO,Camden
2024,7024,Gascosage Electric Coop,,MO,Maries
2024,7024,Gascosage Electric Coop,,MO,Miller
2024,7024,Gascosage Electric Coop,,MO,Phelps
2024,7024,Gascosage Electric Coop,,MO,Pulaski
2024,7027,City of Gastonia - (NC),,NC,Gaston
2024,7048,City of Geary - (OK),Y,OK,Blaine
2024,7084,City of Declo - (ID),Y,ID,Cassia
2024,7090,GreyStone Power Corporation,,GA,Bartow
2024,7090,GreyStone Power Corporation,,GA,Carroll
2024,7090,GreyStone Power Corporation,,GA,Cobb
2024,7090,GreyStone Power Corporation,,GA,Coweta
2024,7090,GreyStone Power Corporation,,GA,Douglas
2024,7090,GreyStone Power Corporation,,GA,Fayette
2024,7090,GreyStone Power Corporation,,GA,Fulton
2024,7090,GreyStone Power Corporation,,GA,Paulding
2024,7095,City of Geneseo - (IL),Y,IL,Henry
2024,7096,City of Geneva- (IL),,IL,Kane
2024,7100,Village of Genoa - (OH),Y,OH,Ottawa
2024,7128,City of Georgetown - (SC),Y,SC,Georgetown
2024,7129,City of Georgetown - (TX),,TX,Williamson
2024,7130,Town of Georgetown - (MA),Y,MA,Essex
2024,7131,Village of Georgetown - (OH),Y,OH,Brown
2024,7140,Georgia Power Co,,GA,Appling
2024,7140,Georgia Power Co,,GA,Atkinson
2024,7140,Georgia Power Co,,GA,Bacon
2024,7140,Georgia Power Co,,GA,Baker
2024,7140,Georgia Power Co,,GA,Baldwin
2024,7140,Georgia Power Co,,GA,Banks
2024,7140,Georgia Power Co,,GA,Barrow
2024,7140,Georgia Power Co,,GA,Bartow
2024,7140,Georgia Power Co,,GA,Ben Hill
2024,7140,Georgia Power Co,,GA,Berrien
2024,7140,Georgia Power Co,,GA,Bibb
2024,7140,Georgia Power Co,,GA,Bleckley
2024,7140,Georgia Power Co,,GA,Brantley
2024,7140,Georgia Power Co,,GA,Brooks
2024,7140,Georgia Power Co,,GA,Bryan
2024,7140,Georgia Power Co,,GA,Bulloch
2024,7140,Georgia Power Co,,GA,Burke
2024,7140,Georgia Power Co,,GA,Butts
2024,7140,Georgia Power Co,,GA,Calhoun
2024,7140,Georgia Power Co,,GA,Camden
2024,7140,Georgia Power Co,,GA,Candler
2024,7140,Georgia Power Co,,GA,Carroll
2024,7140,Georgia Power Co,,GA,Catoosa
2024,7140,Georgia Power Co,,GA,Charlton
2024,7140,Georgia Power Co,,GA,Chattahoochee
2024,7140,Georgia Power Co,,GA,Chattooga
2024,7140,Georgia Power Co,,GA,Cherokee
2024,7140,Georgia Power Co,,GA,Clarke
2024,7140,Georgia Power Co,,GA,Clay
2024,7140,Georgia Power Co,,GA,Clayton
2024,7140,Georgia Power Co,,GA,Clinch
2024,7140,Georgia Power Co,,GA,Cobb
2024,7140,Georgia Power Co,,GA,Coffee
2024,7140,Georgia Power Co,,GA,Colquitt
2024,7140,Georgia Power Co,,GA,Columbia
2024,7140,Georgia Power Co,,GA,Cook
2024,7140,Georgia Power Co,,GA,Coweta
2024,7140,Georgia Power Co,,GA,Crawford
2024,7140,Georgia Power Co,,GA,Crisp
2024,7140,Georgia Power Co,,GA,Dade
2024,7140,Georgia Power Co,,GA,Dawson
2024,7140,Georgia Power Co,,GA,DeKalb
2024,7140,Georgia Power Co,,GA,Decatur
2024,7140,Georgia Power Co,,GA,Dodge
2024,7140,Georgia Power Co,,GA,Dooly
2024,7140,Georgia Power Co,,GA,Dougherty
2024,7140,Georgia Power Co,,GA,Douglas
2024,7140,Georgia Power Co,,GA,Early
2024,7140,Georgia Power Co,,GA,Echols
2024,7140,Georgia Power Co,,GA,Effingham
2024,7140,Georgia Power Co,,GA,Elbert
2024,7140,Georgia Power Co,,GA,Emanuel
2024,7140,Georgia Power Co,,GA,Evans
2024,7140,Georgia Power Co,,GA,Fayette
2024,7140,Georgia Power Co,,GA,Floyd
2024,7140,Georgia Power Co,,GA,Forsyth
2024,7140,Georgia Power Co,,GA,Franklin
2024,7140,Georgia Power Co,,GA,Fulton
2024,7140,Georgia Power Co,,GA,Gilmer
2024,7140,Georgia Power Co,,GA,Glascock
2024,7140,Georgia Power Co,,GA,Glynn
2024,7140,Georgia Power Co,,GA,Gordon
2024,7140,Georgia Power Co,,GA,Grady
2024,7140,Georgia Power Co,,GA,Greene
2024,7140,Georgia Power Co,,GA,Gwinnett
2024,7140,Georgia Power Co,,GA,Habersham
2024,7140,Georgia Power Co,,GA,Hall
2024,7140,Georgia Power Co,,GA,Hancock
2024,7140,Georgia Power Co,,GA,Haralson
2024,7140,Georgia Power Co,,GA,Harris
2024,7140,Georgia Power Co,,GA,Hart
2024,7140,Georgia Power Co,,GA,Heard
2024,7140,Georgia Power Co,,GA,Henry
2024,7140,Georgia Power Co,,GA,Houston
2024,7140,Georgia Power Co,,GA,Irwin
2024,7140,Georgia Power Co,,GA,Jackson
2024,7140,Georgia Power Co,,GA,Jasper
2024,7140,Georgia Power Co,,GA,Jeff Davis
2024,7140,Georgia Power Co,,GA,Jefferson
2024,7140,Georgia Power Co,,GA,Jenkins
2024,7140,Georgia Power Co,,GA,Johnson
2024,7140,Georgia Power Co,,GA,Jones
2024,7140,Georgia Power Co,,GA,Lamar
2024,7140,Georgia Power Co,,GA,Lanier
2024,7140,Georgia Power Co,,GA,Laurens
2024,7140,Georgia Power Co,,GA,Lee
2024,7140,Georgia Power Co,,GA,Liberty
2024,7140,Georgia Power Co,,GA,Lincoln
2024,7140,Georgia Power Co,,GA,Long
2024,7140,Georgia Power Co,,GA,Lowndes
2024,7140,Georgia Power Co,,GA,Lumpkin
2024,7140,Georgia Power Co,,GA,Macon
2024,7140,Georgia Power Co,,GA,Madison
2024,7140,Georgia Power Co,,GA,Marion
2024,7140,Georgia Power Co,,GA,McDuffie
2024,7140,Georgia Power Co,,GA,McIntosh
2024,7140,Georgia Power Co,,GA,Meriwether
2024,7140,Georgia Power Co,,GA,Miller
2024,7140,Georgia Power Co,,GA,Mitchell
2024,7140,Georgia Power Co,,GA,Monroe
2024,7140,Georgia Power Co,,GA,Montgomery
2024,7140,Georgia Power Co,,GA,Morgan
2024,7140,Georgia Power Co,,GA,Murray
2024,7140,Georgia Power Co,,GA,Muscogee
2024,7140,Georgia Power Co,,GA,Newton
2024,7140,Georgia Power Co,,GA,Oconee
2024,7140,Georgia Power Co,,GA,Oglethorpe
2024,7140,Georgia Power Co,,GA,Paulding
2024,7140,Georgia Power Co,,GA,Peach
2024,7140,Georgia Power Co,,GA,Pickens
2024,7140,Georgia Power Co,,GA,Pierce
2024,7140,Georgia Power Co,,GA,Pike
2024,7140,Georgia Power Co,,GA,Polk
2024,7140,Georgia Power Co,,GA,Pulaski
2024,7140,Georgia Power Co,,GA,Putnam
2024,7140,Georgia Power Co,,GA,Quitman
2024,7140,Georgia Power Co,,GA,Rabun
2024,7140,Georgia Power Co,,GA,Randolph
2024,7140,Georgia Power Co,,GA,Richmond
2024,7140,Georgia Power Co,,GA,Rockdale
2024,7140,Georgia Power Co,,GA,Schley
2024,7140,Georgia Power Co,,GA,Screven
2024,7140,Georgia Power Co,,GA,Seminole
2024,7140,Georgia Power Co,,GA,Spalding
2024,7140,Georgia Power Co,,GA,Stephens
2024,7140,Georgia Power Co,,GA,Stewart
2024,7140,Georgia Power Co,,GA,Sumter
2024,7140,Georgia Power Co,,GA,Talbot
2024,7140,Georgia Power Co,,GA,Taliaferro
2024,7140,Georgia Power Co,,GA,Tattnall
2024,7140,Georgia Power Co,,GA,Taylor
2024,7140,Georgia Power Co,,GA,Telfair
2024,7140,Georgia Power Co,,GA,Terrell
2024,7140,Georgia Power Co,,GA,Thomas
2024,7140,Georgia Power Co,,GA,Tift
2024,7140,Georgia Power Co,,GA,Toombs
2024,7140,Georgia Power Co,,GA,Treutlen
2024,7140,Georgia Power Co,,GA,Troup
2024,7140,Georgia Power Co,,GA,Turner
2024,7140,Georgia Power Co,,GA,Twiggs
2024,7140,Georgia Power Co,,GA,Upson
2024,7140,Georgia Power Co,,GA,Walker
2024,7140,Georgia Power Co,,GA,Walton
2024,7140,Georgia Power Co,,GA,Ware
2024,7140,Georgia Power Co,,GA,Warren
2024,7140,Georgia Power Co,,GA,Washington
2024,7140,Georgia Power Co,,GA,Wayne
2024,7140,Georgia Power Co,,GA,Webster
2024,7140,Georgia Power Co,,GA,Wheeler
2024,7140,Georgia Power Co,,GA,White
2024,7140,Georgia Power Co,,GA,Whitfield
2024,7140,Georgia Power Co,,GA,Wilcox
2024,7140,Georgia Power Co,,GA,Wilkes
2024,7140,Georgia Power Co,,GA,Wilkinson
2024,7140,Georgia Power Co,,GA,Worth
2024,7149,City of Gering - (NE),Y,NE,Scotts Bluff
2024,7174,Gibson Electric Members Corp,,KY,Carlisle
2024,7174,Gibson Electric Members Corp,,KY,Fulton
2024,7174,Gibson Electric Members Corp,,KY,Graves
2024,7174,Gibson Electric Members Corp,,KY,Hickman
2024,7174,Gibson Electric Members Corp,,TN,Crockett
2024,7174,Gibson Electric Members Corp,,TN,Dyer
2024,7174,Gibson Electric Members Corp,,TN,Gibson
2024,7174,Gibson Electric Members Corp,,TN,Haywood
2024,7174,Gibson Electric Members Corp,,TN,Lake
2024,7174,Gibson Electric Members Corp,,TN,Lauderdale
2024,7174,Gibson Electric Members Corp,,TN,Madison
2024,7174,Gibson Electric Members Corp,,TN,Obion
2024,7174,Gibson Electric Members Corp,,TN,Weakley
2024,7184,City of Giddings - (TX),Y,TX,Lee
2024,7194,City of Gilbert,Y,MN,St Louis
2024,7200,City of Gilman City - (MO),Y,MO,Harrison
2024,7222,City of Gillette - (WY),,WY,Campbell
2024,7222,City of Gillette - (WY),,WY,Crook
2024,7249,City of Giltner - (NE),Y,NE,Hamilton
2024,7256,Borough of Girard - (PA),Y,PA,Erie
2024,7257,City of Girard - (KS),Y,KS,Crawford
2024,7262,"Glacier Electric Coop, Inc",Y,MT,Flathead
2024,7262,"Glacier Electric Coop, Inc",Y,MT,Glacier
2024,7262,"Glacier Electric Coop, Inc",Y,MT,Pondera
2024,7262,"Glacier Electric Coop, Inc",Y,MT,Toole
2024,7264,"Glades Electric Coop, Inc",,FL,Glades
2024,7264,"Glades Electric Coop, Inc",,FL,Hendry
2024,7264,"Glades Electric Coop, Inc",,FL,Highlands
2024,7264,"Glades Electric Coop, Inc",,FL,Okeechobee
2024,7265,City of Gladstone,,MI,Delta
2024,7269,City of Glasco - (KS),Y,KS,Cloud
2024,7270,City of Glasgow - (KY),,KY,Barren
2024,7287,City of Glen Elder - (KS),Y,KS,Mitchell
2024,7292,Glencoe Light & Power Comm,,MN,McLeod
2024,7294,City of Glendale - (CA),,CA,Los Angeles
2024,7295,City of Glidden - (IA),Y,IA,Carroll
2024,7300,City of Glenwood Springs - (CO),Y,CO,Garfield
2024,7303,Raccoon Valley Electric Cooperative,Y,IA,Audubon
2024,7303,Raccoon Valley Electric Cooperative,Y,IA,Buena Vista
2024,7303,Raccoon Valley Electric Cooperative,Y,IA,Calhoun
2024,7303,Raccoon Valley Electric Cooperative,Y,IA,Carroll
2024,7303,Raccoon Valley Electric Cooperative,Y,IA,Crawford
2024,7303,Raccoon Valley Electric Cooperative,Y,IA,Greene
2024,7303,Raccoon Valley Electric Cooperative,Y,IA,Guthrie
2024,7303,Raccoon Valley Electric Cooperative,Y,IA,Ida
2024,7303,Raccoon Valley Electric Cooperative,Y,IA,Sac
2024,7311,Village of Glouster - (OH),Y,OH,Athens
2024,7318,"Goldenwest Electric Coop, Inc",Y,MT,Dawson
2024,7318,"Goldenwest Electric Coop, Inc",Y,MT,Fallon
2024,7318,"Goldenwest Electric Coop, Inc",Y,MT,Wibaux
2024,7318,"Goldenwest Electric Coop, Inc",Y,ND,Billings
2024,7318,"Goldenwest Electric Coop, Inc",Y,ND,Golden Valley
2024,7318,"Goldenwest Electric Coop, Inc",Y,ND,Slope
2024,7353,Golden Valley Elec Assn Inc,,AK,Denali
2024,7353,Golden Valley Elec Assn Inc,,AK,Fairbanks North Star
2024,7353,Golden Valley Elec Assn Inc,,AK,Southeast Fairbanks
2024,7353,Golden Valley Elec Assn Inc,,AK,Yukon Koyukuk
2024,7359,Borough of Goldsboro - (PA),Y,PA,York
2024,7368,City of Goldthwaite - (TX),Y,TX,Mills
2024,7370,City of Gonzales - (TX),Y,TX,Gonzales
2024,7374,City of Goodland - (KS),Y,KS,Sherman
2024,7411,City of Gothenburg - (NE),Y,NE,Dawson
2024,7419,City of Goldsmith - (TX),Y,TX,Ector
2024,7424,Gowrie Municipal Utilities,Y,IA,Webster
2024,7441,Goltry Public Works Authority,Y,OK,Alfalfa
2024,7442,Grafton Electric - (IA),Y,IA,Worth
2024,7443,City of Graettinger - (IA),Y,IA,Palo Alto
2024,7444,City of Grafton - (ND),Y,ND,Walsh
2024,7445,Village of Grafton - (OH),Y,OH,Lorain
2024,7450,Grady Electric Membership Corp,,GA,Brooks
2024,7450,Grady Electric Membership Corp,,GA,Colquitt
2024,7450,Grady Electric Membership Corp,,GA,Decatur
2024,7450,Grady Electric Membership Corp,,GA,Grady
2024,7450,Grady Electric Membership Corp,,GA,Mitchell
2024,7450,Grady Electric Membership Corp,,GA,Thomas
2024,7456,Graham County Electric Coop Inc,Y,AZ,Graham
2024,7460,Goodhue County Coop Elec Assn,Y,MN,Dakota
2024,7460,Goodhue County Coop Elec Assn,Y,MN,Dodge
2024,7460,Goodhue County Coop Elec Assn,Y,MN,Goodhue
2024,7460,Goodhue County Coop Elec Assn,Y,MN,Olmsted
2024,7460,Goodhue County Coop Elec Assn,Y,MN,Rice
2024,7460,Goodhue County Coop Elec Assn,Y,MN,Wabasha
2024,7478,Town of Granada - (CO),Y,CO,Prowers
2024,7480,City of Granbury - (TX),Y,TX,Hood
2024,7483,City of Grand Haven - (MI),,MI,Ottawa
2024,7484,"Grand Electric Coop, Inc",Y,MT,Carter
2024,7484,"Grand Electric Coop, Inc",Y,SD,Butte
2024,7484,"Grand Electric Coop, Inc",Y,SD,Corson
2024,7484,"Grand Electric Coop, Inc",Y,SD,Harding
2024,7484,"Grand Electric Coop, Inc",Y,SD,Meade
2024,7484,"Grand Electric Coop, Inc",Y,SD,Perkins
2024,7484,"Grand Electric Coop, Inc",Y,SD,Ziebach
2024,7485,City of Grant - (NE),Y,NE,Perkins
2024,7486,City of Grand Junction - (IA),Y,IA,Greene
2024,7487,City of Grand Marais - (MN),Y,MN,Cook
2024,7489,Grand Rapids Public Util Comm,Y,MN,Itasca
2024,7490,Grand River Dam Authority,,OK,Mayes
2024,7494,City of Granite Falls - (MN),Y,MN,Chippewa
2024,7494,City of Granite Falls - (MN),Y,MN,Yellow Medicine
2024,7496,Town of Granite Falls - (NC),Y,NC,Caldwell
2024,7501,City of Granite - (OK),Y,OK,Greer
2024,7515,City of Grantville - (GA),Y,GA,Coweta
2024,7515,City of Grantville - (GA),Y,GA,Meriwether
2024,7548,PUD No 1 of Grays Harbor County,,WA,Grays Harbor
2024,7548,PUD No 1 of Grays Harbor County,,WA,Jefferson
2024,7548,PUD No 1 of Grays Harbor County,,WA,Lewis
2024,7548,PUD No 1 of Grays Harbor County,,WA,Pacific
2024,7548,PUD No 1 of Grays Harbor County,,WA,Thurston
2024,7558,Grayson Rural Electric Coop Corp,,KY,Carter
2024,7558,Grayson Rural Electric Coop Corp,,KY,Elliott
2024,7558,Grayson Rural Electric Coop Corp,,KY,Greenup
2024,7558,Grayson Rural Electric Coop Corp,,KY,Lawrence
2024,7558,Grayson Rural Electric Coop Corp,,KY,Lewis
2024,7558,Grayson Rural Electric Coop Corp,,KY,Rowan
2024,7559,"Grayson-Collin Elec Coop, Inc",,TX,Collin
2024,7559,"Grayson-Collin Elec Coop, Inc",,TX,Cooke
2024,7559,"Grayson-Collin Elec Coop, Inc",,TX,Fannin
2024,7559,"Grayson-Collin Elec Coop, Inc",,TX,Grayson
2024,7561,"Greenbelt Electric Coop, Inc",,TX,Armstrong
2024,7561,"Greenbelt Electric Coop, Inc",,TX,Childress
2024,7561,"Greenbelt Electric Coop, Inc",,TX,Collingsworth
2024,7561,"Greenbelt Electric Coop, Inc",,TX,Donley
2024,7561,"Greenbelt Electric Coop, Inc",,TX,Gray
2024,7561,"Greenbelt Electric Coop, Inc",,TX,Hemphill
2024,7561,"Greenbelt Electric Coop, Inc",,TX,Randall
2024,7561,"Greenbelt Electric Coop, Inc",,TX,Roberts
2024,7561,"Greenbelt Electric Coop, Inc",,TX,Wheeler
2024,7563,Grand Valley Power,,CO,Delta
2024,7563,Grand Valley Power,,CO,Garfield
2024,7563,Grand Valley Power,,CO,Mesa
2024,7593,City of Green Cove Springs,Y,FL,Clay
2024,7600,Village of Green Island - (NY),Y,NY,Albany
2024,7601,Green Mountain Power Corp,,VT,Addison
2024,7601,Green Mountain Power Corp,,VT,Bennington
2024,7601,Green Mountain Power Corp,,VT,Caledonia
2024,7601,Green Mountain Power Corp,,VT,Chittenden
2024,7601,Green Mountain Power Corp,,VT,Essex
2024,7601,Green Mountain Power Corp,,VT,Franklin
2024,7601,Green Mountain Power Corp,,VT,Lamoille
2024,7601,Green Mountain Power Corp,,VT,Orange
2024,7601,Green Mountain Power Corp,,VT,Orleans
2024,7601,Green Mountain Power Corp,,VT,Rutland
2024,7601,Green Mountain Power Corp,,VT,Washington
2024,7601,Green Mountain Power Corp,,VT,Windham
2024,7601,Green Mountain Power Corp,,VT,Windsor
2024,7624,Village of Greene - (NY),Y,NY,Chenango
2024,7625,City of Greeneville - (TN),,TN,Greene
2024,7626,City of Greenfield - (IA),Y,IA,Adair
2024,7627,City of Greenfield - (IN),,IN,Hancock
2024,7630,Village of Greenport - (NY),Y,NY,Suffolk
2024,7631,City of Greensburg - (KS),Y,KS,Kiowa
2024,7633,Village of Greenup - (IL),Y,IL,Cumberland
2024,7634,City of Greenville - (TX),,TX,Hunt
2024,7639,Greenville Utilities Comm,,NC,Pitt
2024,7643,Village of Greenwich - (OH),Y,OH,Huron
2024,7646,Greenwood CPW,,SC,Greenwood
2024,7650,Village of Greenwood - (NE),Y,NE,Cass
2024,7651,Greenwood Utilities Comm,,MS,Carroll
2024,7651,Greenwood Utilities Comm,,MS,Leflore
2024,7654,Greer Commission of Public Wks,,SC,Greenville
2024,7654,Greer Commission of Public Wks,,SC,Spartanburg
2024,7665,Village of Gresham - (WI),Y,WI,Shawano
2024,7677,City of Gridley - (CA),Y,CA,Butte
2024,7679,City of Griffin - (GA),,GA,Lamar
2024,7679,City of Griffin - (GA),,GA,Pike
2024,7679,City of Griffin - (GA),,GA,Spalding
2024,7712,City of Groton - (SD),Y,SD,Brown
2024,7713,Village of Groton - (NY),Y,NY,Tompkins
2024,7715,Town of Groton - (MA),Y,MA,Middlesex
2024,7716,Groton Dept of Utilities - (CT),,CT,New London
2024,7719,Borough of Grove City - (PA),Y,PA,Mercer
2024,7720,"Grundy Electric Coop, Inc",Y,IA,Decatur
2024,7720,"Grundy Electric Coop, Inc",Y,IA,Ringgold
2024,7720,"Grundy Electric Coop, Inc",Y,IA,Wayne
2024,7720,"Grundy Electric Coop, Inc",Y,MO,Daviess
2024,7720,"Grundy Electric Coop, Inc",Y,MO,Gentry
2024,7720,"Grundy Electric Coop, Inc",Y,MO,Grundy
2024,7720,"Grundy Electric Coop, Inc",Y,MO,Harrison
2024,7720,"Grundy Electric Coop, Inc",Y,MO,Linn
2024,7720,"Grundy Electric Coop, Inc",Y,MO,Livingston
2024,7720,"Grundy Electric Coop, Inc",Y,MO,Mercer
2024,7720,"Grundy Electric Coop, Inc",Y,MO,Putnam
2024,7720,"Grundy Electric Coop, Inc",Y,MO,Sullivan
2024,7723,Town of Groveland - (MA),Y,MA,Essex
2024,7732,City of Grove City,Y,MN,Meeker
2024,7743,Grundy Center Mun Light & Power,Y,IA,Grundy
2024,7750,Guthrie County Rural E C A,Y,IA,Adair
2024,7750,Guthrie County Rural E C A,Y,IA,Audubon
2024,7750,Guthrie County Rural E C A,Y,IA,Cass
2024,7750,Guthrie County Rural E C A,Y,IA,Dallas
2024,7750,Guthrie County Rural E C A,Y,IA,Greene
2024,7750,Guthrie County Rural E C A,Y,IA,Guthrie
2024,7752,Guadalupe Valley Elec Coop Inc,,TX,Bexar
2024,7752,Guadalupe Valley Elec Coop Inc,,TX,Caldwell
2024,7752,Guadalupe Valley Elec Coop Inc,,TX,Comal
2024,7752,Guadalupe Valley Elec Coop Inc,,TX,DeWitt
2024,7752,Guadalupe Valley Elec Coop Inc,,TX,Fayette
2024,7752,Guadalupe Valley Elec Coop Inc,,TX,Goliad
2024,7752,Guadalupe Valley Elec Coop Inc,,TX,Gonzales
2024,7752,Guadalupe Valley Elec Coop Inc,,TX,Guadalupe
2024,7752,Guadalupe Valley Elec Coop Inc,,TX,Jackson
2024,7752,Guadalupe Valley Elec Coop Inc,,TX,Karnes
2024,7752,Guadalupe Valley Elec Coop Inc,,TX,Lavaca
2024,7752,Guadalupe Valley Elec Coop Inc,,TX,Victoria
2024,7752,Guadalupe Valley Elec Coop Inc,,TX,Wilson
2024,7759,Town of Guernsey - (WY),Y,WY,Platte
2024,7760,Town of Gueydan,Y,LA,Vermilion
2024,7785,"Gulf Coast Electric Coop, Inc",,FL,Bay
2024,7785,"Gulf Coast Electric Coop, Inc",,FL,Calhoun
2024,7785,"Gulf Coast Electric Coop, Inc",,FL,Gulf
2024,7785,"Gulf Coast Electric Coop, Inc",,FL,Jackson
2024,7785,"Gulf Coast Electric Coop, Inc",,FL,Walton
2024,7785,"Gulf Coast Electric Coop, Inc",,FL,Washington
2024,7787,Gunnison County Elec Assn.,Y,CO,Gunnison
2024,7787,Gunnison County Elec Assn.,Y,CO,Hinsdale
2024,7787,Gunnison County Elec Assn.,Y,CO,Saguache
2024,7826,City of Gunnison - (CO),Y,CO,Gunnison
2024,7827,Guntersville Electric Board,,AL,Marshall
2024,7833,Gwitchyaa Zhee Utility Co,Y,AK,Yukon Koyukuk
2024,7837,City of Guttenberg,Y,IA,Clayton
2024,7864,Grundy County Rural Elec Coop,Y,IA,Black Hawk
2024,7864,Grundy County Rural Elec Coop,Y,IA,Butler
2024,7864,Grundy County Rural Elec Coop,Y,IA,Grundy
2024,7864,Grundy County Rural Elec Coop,Y,IA,Hardin
2024,7864,Grundy County Rural Elec Coop,Y,IA,Marshall
2024,7864,Grundy County Rural Elec Coop,Y,IA,Tama
2024,7870,H-D Electric Coop Inc,Y,MN,Lac Qui Parle
2024,7870,H-D Electric Coop Inc,Y,MN,Yellow Medicine
2024,7870,H-D Electric Coop Inc,Y,SD,Brookings
2024,7870,H-D Electric Coop Inc,Y,SD,Clark
2024,7870,H-D Electric Coop Inc,Y,SD,Codington
2024,7870,H-D Electric Coop Inc,Y,SD,Deuel
2024,7870,H-D Electric Coop Inc,Y,SD,Grant
2024,7870,H-D Electric Coop Inc,Y,SD,Hamlin
2024,7887,Habersham Electric Membership Corp,,GA,Habersham
2024,7887,Habersham Electric Membership Corp,,GA,Hall
2024,7887,Habersham Electric Membership Corp,,GA,Lumpkin
2024,7887,Habersham Electric Membership Corp,,GA,Rabun
2024,7887,Habersham Electric Membership Corp,,GA,Stephens
2024,7887,Habersham Electric Membership Corp,,GA,White
2024,7891,Guernsey-Muskingum El Coop Inc,,OH,Coshocton
2024,7891,Guernsey-Muskingum El Coop Inc,,OH,Guernsey
2024,7891,Guernsey-Muskingum El Coop Inc,,OH,Harrison
2024,7891,Guernsey-Muskingum El Coop Inc,,OH,Licking
2024,7891,Guernsey-Muskingum El Coop Inc,,OH,Morgan
2024,7891,Guernsey-Muskingum El Coop Inc,,OH,Muskingum
2024,7891,Guernsey-Muskingum El Coop Inc,,OH,Noble
2024,7891,Guernsey-Muskingum El Coop Inc,,OH,Perry
2024,7891,Guernsey-Muskingum El Coop Inc,,OH,Tuscarawas
2024,7907,City of Hagerstown - (IN),Y,IN,Wayne
2024,7908,Hagerstown Light Department,,MD,Washington
2024,7958,City of Hallettsville - (TX),Y,TX,Lavaca
2024,7969,City of Halstad - (MN),Y,MN,Norman
2024,7973,Village of Hamersville - (OH),Y,OH,Brown
2024,7977,City of Hamilton - (OH),,OH,Butler
2024,7978,Halifax Electric Member Corp,Y,NC,Halifax
2024,7978,Halifax Electric Member Corp,Y,NC,Martin
2024,7978,Halifax Electric Member Corp,Y,NC,Nash
2024,7978,Halifax Electric Member Corp,Y,NC,Warren
2024,7979,Hamilton County Elec Coop Assn,,TX,Comanche
2024,7979,Hamilton County Elec Coop Assn,,TX,Coryell
2024,7979,Hamilton County Elec Coop Assn,,TX,Hamilton
2024,7979,Hamilton County Elec Coop Assn,,TX,Lampasas
2024,7979,Hamilton County Elec Coop Assn,,TX,Llano
2024,7979,Hamilton County Elec Coop Assn,,TX,Mills
2024,7979,Hamilton County Elec Coop Assn,,TX,San Saba
2024,7995,Village of Hamilton - (NY),Y,NY,Madison
2024,7996,Town of Hamilton - (NC),Y,NC,Martin
2024,8000,NineStar Connect,,IN,Hamilton
2024,8000,NineStar Connect,,IN,Hancock
2024,8000,NineStar Connect,,IN,Madison
2024,8000,NineStar Connect,,IN,Rush
2024,8022,City of Hampton - (GA),Y,GA,Henry
2024,8034,Hancock-Wood Electric Coop Inc,,OH,Allen
2024,8034,Hancock-Wood Electric Coop Inc,,OH,Erie
2024,8034,Hancock-Wood Electric Coop Inc,,OH,Hancock
2024,8034,Hancock-Wood Electric Coop Inc,,OH,Hardin
2024,8034,Hancock-Wood Electric Coop Inc,,OH,Henry
2024,8034,Hancock-Wood Electric Coop Inc,,OH,Ottawa
2024,8034,Hancock-Wood Electric Coop Inc,,OH,Putnam
2024,8034,Hancock-Wood Electric Coop Inc,,OH,Sandusky
2024,8034,Hancock-Wood Electric Coop Inc,,OH,Seneca
2024,8034,Hancock-Wood Electric Coop Inc,,OH,Wood
2024,8034,Hancock-Wood Electric Coop Inc,,OH,Wyandot
2024,8055,City of Hannibal - (MO),,MO,Marion
2024,8055,City of Hannibal - (MO),,MO,Ralls
2024,8063,Village of Hampton - (NE),Y,NE,Hamilton
2024,8083,City of Harbor Springs - (MI),Y,MI,Emmet
2024,8104,Town of Hardwick,Y,VT,Caledonia
2024,8104,Town of Hardwick,Y,VT,Lamoille
2024,8104,Town of Hardwick,Y,VT,Orleans
2024,8104,Town of Hardwick,Y,VT,Washington
2024,8122,Harlan Municipal Utilities - (IA),Y,IA,Shelby
2024,8131,City of Harmony - (MN),Y,MN,Fillmore
2024,8139,Harquahala Valley Pwr District,Y,AZ,Maricopa
2024,8147,City of Harriman - (TN),,TN,Morgan
2024,8147,City of Harriman - (TN),,TN,Roane
2024,8179,Harrison County Rural E M C,,IN,Clark
2024,8179,Harrison County Rural E M C,,IN,Crawford
2024,8179,Harrison County Rural E M C,,IN,Floyd
2024,8179,Harrison County Rural E M C,,IN,Harrison
2024,8179,Harrison County Rural E M C,,IN,Washington
2024,8183,Harmon Electric Assn Inc,Y,OK,Beckham
2024,8183,Harmon Electric Assn Inc,Y,OK,Greer
2024,8183,Harmon Electric Assn Inc,Y,OK,Harmon
2024,8183,Harmon Electric Assn Inc,Y,OK,Jackson
2024,8183,Harmon Electric Assn Inc,Y,OK,Kiowa
2024,8183,Harmon Electric Assn Inc,Y,TX,Childress
2024,8183,Harmon Electric Assn Inc,Y,TX,Hardeman
2024,8192,"Harrison Rural Elec Assn, Inc",Y,WV,Barbour
2024,8192,"Harrison Rural Elec Assn, Inc",Y,WV,Doddridge
2024,8192,"Harrison Rural Elec Assn, Inc",Y,WV,Harrison
2024,8192,"Harrison Rural Elec Assn, Inc",Y,WV,Lewis
2024,8192,"Harrison Rural Elec Assn, Inc",Y,WV,Marion
2024,8192,"Harrison Rural Elec Assn, Inc",Y,WV,Taylor
2024,8192,"Harrison Rural Elec Assn, Inc",Y,WV,Upshur
2024,8198,City of Harrisonburg - (VA),,VA,Rockingham
2024,8199,City of Harrisonville - (MO),Y,MO,Cass
2024,8205,City of Hart Hydro - (MI),Y,MI,Oceana
2024,8209,City of Hartford - (AL),Y,AL,Geneva
2024,8210,Hart Electric Member Corp,,GA,Banks
2024,8210,Hart Electric Member Corp,,GA,Elbert
2024,8210,Hart Electric Member Corp,,GA,Franklin
2024,8210,Hart Electric Member Corp,,GA,Hart
2024,8210,Hart Electric Member Corp,,GA,Madison
2024,8210,Hart Electric Member Corp,,GA,Stephens
2024,8212,Hartford Electric,,WI,Dodge
2024,8212,Hartford Electric,,WI,Washington
2024,8214,City of Hartley - (IA),Y,IA,O'Brien
2024,8226,City of Hartselle,,AL,Morgan
2024,8240,Village of Haskins - (OH),Y,OH,Wood
2024,8245,City of Hastings - (NE),,NE,Adams
2024,8245,City of Hastings - (NE),,NE,Clay
2024,8254,Borough of Hatfield- (PA),Y,PA,Montgomery
2024,8276,Havana Power & Light Company,Y,FL,Gadsden
2024,8279,City of Haven - (KS),Y,KS,Reno
2024,8283,Harrison County Rrl Elec Coop,Y,IA,Crawford
2024,8283,Harrison County Rrl Elec Coop,Y,IA,Harrison
2024,8283,Harrison County Rrl Elec Coop,Y,IA,Monona
2024,8283,Harrison County Rrl Elec Coop,Y,IA,Pottawattamie
2024,8283,Harrison County Rrl Elec Coop,Y,IA,Shelby
2024,8287,Hawaii Electric Light Co Inc,,HI,Hawaii
2024,8288,City of Hawarden - (IA),Y,IA,Sioux
2024,8307,Hawley Public Utilities Comm,Y,MN,Clay
2024,8311,Town of Haxtun - (CO),Y,CO,Phillips
2024,8319,Heartland Power Coop,,IA,Cerro Gordo
2024,8319,Heartland Power Coop,,IA,Chickasaw
2024,8319,Heartland Power Coop,,IA,Floyd
2024,8319,Heartland Power Coop,,IA,Hancock
2024,8319,Heartland Power Coop,,IA,Howard
2024,8319,Heartland Power Coop,,IA,Kossuth
2024,8319,Heartland Power Coop,,IA,Mitchell
2024,8319,Heartland Power Coop,,IA,Winnebago
2024,8319,Heartland Power Coop,,IA,Worth
2024,8319,Heartland Power Coop,,MN,Faribault
2024,8319,Heartland Power Coop,,MN,Freeborn
2024,8319,Heartland Power Coop,,MN,Mower
2024,8333,Haywood Electric Member Corp,,GA,Rabun
2024,8333,Haywood Electric Member Corp,,NC,Buncombe
2024,8333,Haywood Electric Member Corp,,NC,Haywood
2024,8333,Haywood Electric Member Corp,,NC,Jackson
2024,8333,Haywood Electric Member Corp,,NC,Macon
2024,8333,Haywood Electric Member Corp,,NC,Madison
2024,8333,Haywood Electric Member Corp,,NC,Transylvania
2024,8333,Haywood Electric Member Corp,,SC,Oconee
2024,8336,Village of Hazel Green - (WI),Y,WI,Grant
2024,8336,Village of Hazel Green - (WI),Y,WI,Lafayette
2024,8348,City of Healdsburg - (CA),Y,CA,Sonoma
2024,8359,City of Hearne - (TX),Y,TX,Robertson
2024,8366,Heber Light & Power Company,Y,UT,Wasatch
2024,8379,City of Hecla,Y,SD,Brown
2024,8428,City of Helper - (UT),Y,UT,Carbon
2024,8430,Village of Hemingford - (NE),Y,NE,Box Butte
2024,8432,City of Hemphill - (TX),Y,TX,Sabine
2024,8435,City of Hempstead - (TX),Y,TX,Waller
2024,8447,Hendricks County Rural E M C,,IN,Hendricks
2024,8447,Hendricks County Rural E M C,,IN,Montgomery
2024,8447,Hendricks County Rural E M C,,IN,Morgan
2024,8447,Hendricks County Rural E M C,,IN,Putnam
2024,8449,Henderson City Utility Comm,,KY,Henderson
2024,8459,City of Henning - (MN),Y,MN,Otter Tail
2024,8466,Henry County Rural E M C,Y,IN,Delaware
2024,8466,Henry County Rural E M C,Y,IN,Fayette
2024,8466,Henry County Rural E M C,Y,IN,Hancock
2024,8466,Henry County Rural E M C,Y,IN,Henry
2024,8466,Henry County Rural E M C,Y,IN,Madison
2024,8466,Henry County Rural E M C,Y,IN,Randolph
2024,8466,Henry County Rural E M C,Y,IN,Rush
2024,8466,Henry County Rural E M C,Y,IN,Wayne
2024,8490,City of Herington - (KS),Y,KS,Dickinson
2024,8490,City of Herington - (KS),Y,KS,Morris
2024,8493,City of Hermann,Y,MO,Gasconade
2024,8497,City of Herndon,Y,KS,Rawlins
2024,8515,City of Hermiston,Y,OR,Umatilla
2024,8517,City of Hertford - (NC),Y,NC,Perquimans
2024,8532,City of Heyburn - (ID),Y,ID,Minidoka
2024,8543,Hibbing Public Utilities Comm,Y,MN,St Louis
2024,8548,City of Hickman,,KY,Fulton
2024,8566,High Plains Power Inc,,WY,Big Horn
2024,8566,High Plains Power Inc,,WY,Carbon
2024,8566,High Plains Power Inc,,WY,Fremont
2024,8566,High Plains Power Inc,,WY,Hot Springs
2024,8566,High Plains Power Inc,,WY,Johnson
2024,8566,High Plains Power Inc,,WY,Natrona
2024,8566,High Plains Power Inc,,WY,Park
2024,8566,High Plains Power Inc,,WY,Teton
2024,8566,High Plains Power Inc,,WY,Washakie
2024,8567,City of Higginsville - (MO),Y,MO,Lafayette
2024,8570,Highline Electric Assn,,CO,Logan
2024,8570,Highline Electric Assn,,CO,Morgan
2024,8570,Highline Electric Assn,,CO,Phillips
2024,8570,Highline Electric Assn,,CO,Sedgwick
2024,8570,Highline Electric Assn,,CO,Washington
2024,8570,Highline Electric Assn,,CO,Weld
2024,8570,Highline Electric Assn,,CO,Yuma
2024,8570,Highline Electric Assn,,NE,Chase
2024,8570,Highline Electric Assn,,NE,Deuel
2024,8570,Highline Electric Assn,,NE,Dundy
2024,8570,Highline Electric Assn,,NE,Perkins
2024,8571,Town of High Point,,NC,Davidson
2024,8571,Town of High Point,,NC,Forsyth
2024,8571,Town of High Point,,NC,Guilford
2024,8571,Town of High Point,,NC,Randolph
2024,8573,City of Highland,Y,IL,Bond
2024,8573,City of Highland,Y,IL,Clinton
2024,8573,City of Highland,Y,IL,Madison
2024,8573,City of Highland,Y,IL,St Clair
2024,8574,"Jackson Electric Coop, Inc - (WI)",Y,WI,Clark
2024,8574,"Jackson Electric Coop, Inc - (WI)",Y,WI,Eau Claire
2024,8574,"Jackson Electric Coop, Inc - (WI)",Y,WI,Jackson
2024,8574,"Jackson Electric Coop, Inc - (WI)",Y,WI,La Crosse
2024,8574,"Jackson Electric Coop, Inc - (WI)",Y,WI,Monroe
2024,8574,"Jackson Electric Coop, Inc - (WI)",Y,WI,Trempealeau
2024,8579,City of Highlands - (NC),Y,NC,Jackson
2024,8579,City of Highlands - (NC),Y,NC,Macon
2024,8599,City of Hill City,Y,KS,Graham
2024,8610,City of Hinton,Y,IA,Plymouth
2024,8620,"HILCO Electric Cooperative, Inc.",,TX,Dallas
2024,8620,"HILCO Electric Cooperative, Inc.",,TX,Ellis
2024,8620,"HILCO Electric Cooperative, Inc.",,TX,Hill
2024,8620,"HILCO Electric Cooperative, Inc.",,TX,Johnson
2024,8620,"HILCO Electric Cooperative, Inc.",,TX,McLennan
2024,8628,City of Hillsboro - (ND),Y,ND,Traill
2024,8629,City of Hillsboro - (KS),Y,KS,Marion
2024,8631,Hillsdale Board of Public Wks,Y,MI,Hillsdale
2024,8632,"Hill County Electric Coop, Inc",Y,MT,Blaine
2024,8632,"Hill County Electric Coop, Inc",Y,MT,Chouteau
2024,8632,"Hill County Electric Coop, Inc",Y,MT,Fergus
2024,8632,"Hill County Electric Coop, Inc",Y,MT,Hill
2024,8632,"Hill County Electric Coop, Inc",Y,MT,Liberty
2024,8677,Town of Hobgood,Y,NC,Halifax
2024,8698,City of Hogansville - (GA),Y,GA,Troup
2024,8699,Inland Power & Light Company,,ID,Benewah
2024,8699,Inland Power & Light Company,,ID,Bonner
2024,8699,Inland Power & Light Company,,ID,Kootenai
2024,8699,Inland Power & Light Company,,WA,Adams
2024,8699,Inland Power & Light Company,,WA,Asotin
2024,8699,Inland Power & Light Company,,WA,Columbia
2024,8699,Inland Power & Light Company,,WA,Franklin
2024,8699,Inland Power & Light Company,,WA,Garfield
2024,8699,Inland Power & Light Company,,WA,Lincoln
2024,8699,Inland Power & Light Company,,WA,Spokane
2024,8699,Inland Power & Light Company,,WA,Stevens
2024,8699,Inland Power & Light Company,,WA,Walla Walla
2024,8699,Inland Power & Light Company,,WA,Whitman
2024,8700,Hohokam Irr & Drain Dist,Y,AZ,Pinal
2024,8703,City of Hoisington - (KS),Y,KS,Barton
2024,8714,Town of Holden - (UT),Y,UT,Millard
2024,8715,Town of Holden - (MA),Y,MA,Worcester
2024,8717,City of Holdrege,Y,NE,Phelps
2024,8723,City of Holland,,MI,Allegan
2024,8723,City of Holland,,MI,Ottawa
2024,8733,Village of Holley - (NY),Y,NY,Orleans
2024,8748,City of Holly Springs,,MS,Benton
2024,8748,City of Holly Springs,,MS,Marshall
2024,8751,Town of Holly - (CO),Y,CO,Prowers
2024,8761,Holmes-Wayne Electric Coop Inc,,OH,Ashland
2024,8761,Holmes-Wayne Electric Coop Inc,,OH,Coshocton
2024,8761,Holmes-Wayne Electric Coop Inc,,OH,Holmes
2024,8761,Holmes-Wayne Electric Coop Inc,,OH,Knox
2024,8761,Holmes-Wayne Electric Coop Inc,,OH,Stark
2024,8761,Holmes-Wayne Electric Coop Inc,,OH,Tuscarawas
2024,8761,Holmes-Wayne Electric Coop Inc,,OH,Wayne
2024,8764,"Holston Electric Coop, Inc",,TN,Hamblen
2024,8764,"Holston Electric Coop, Inc",,TN,Hawkins
2024,8770,City of Holton - (KS),Y,KS,Jackson
2024,8773,"Holy Cross Electric Assn, Inc",,CO,Eagle
2024,8773,"Holy Cross Electric Assn, Inc",,CO,Garfield
2024,8773,"Holy Cross Electric Assn, Inc",,CO,Gunnison
2024,8773,"Holy Cross Electric Assn, Inc",,CO,Mesa
2024,8773,"Holy Cross Electric Assn, Inc",,CO,Pitkin
2024,8774,City of Holyoke - (MA),,MA,Hampden
2024,8777,City of Holyoke - (CO),Y,CO,Phillips
2024,8780,"Fox Islands Electric Coop, Inc",Y,ME,Knox
2024,8781,City of Holyrood - (KS),Y,KS,Ellsworth
2024,8786,Horry Electric Coop Inc,,SC,Horry
2024,8795,City of Homestead - (FL),,FL,Miami Dade
2024,8796,City of Hingham - (MA),Y,MA,Plymouth
2024,8797,Hull Municipal Light Plant,Y,MA,Plymouth
2024,8799,City of Hominy - (OK),Y,OK,Osage
2024,8801,City of Hondo - (TX),Y,TX,Medina
2024,8824,M J M Electric Cooperative Inc,Y,IL,Bond
2024,8824,M J M Electric Cooperative Inc,Y,IL,Fayette
2024,8824,M J M Electric Cooperative Inc,Y,IL,Greene
2024,8824,M J M Electric Cooperative Inc,Y,IL,Jersey
2024,8824,M J M Electric Cooperative Inc,Y,IL,Macoupin
2024,8824,M J M Electric Cooperative Inc,Y,IL,Madison
2024,8824,M J M Electric Cooperative Inc,Y,IL,Montgomery
2024,8825,Town of Hookerton - (NC),Y,NC,Greene
2024,8826,Hooversville Boro Elec Lgt Co,Y,PA,Somerset
2024,8830,Hood River Electric Coop,Y,OR,Hood River
2024,8840,City of Hope - (AR),,AR,Hempstead
2024,8846,City of Hopkinsville,,KY,Christian
2024,8847,City of Hopkinton - (IA),Y,IA,Delaware
2024,8871,City of Horton - (KS),Y,KS,Atchison
2024,8871,City of Horton - (KS),Y,KS,Brown
2024,8883,Houlton Water Company,,ME,Aroostook
2024,8884,Terrebonne Parish Consol Gov't,,LA,Terrebonne
2024,8896,City of Houston - (MO),Y,MO,Texas
2024,8898,Houston County Elec Coop Inc,,TX,Anderson
2024,8898,Houston County Elec Coop Inc,,TX,Angelina
2024,8898,Houston County Elec Coop Inc,,TX,Cherokee
2024,8898,Houston County Elec Coop Inc,,TX,Freestone
2024,8898,Houston County Elec Coop Inc,,TX,Houston
2024,8898,Houston County Elec Coop Inc,,TX,Leon
2024,8898,Houston County Elec Coop Inc,,TX,Madison
2024,8898,Houston County Elec Coop Inc,,TX,Trinity
2024,8898,Houston County Elec Coop Inc,,TX,Walker
2024,8901,CenterPoint Energy,,TX,Austin
2024,8901,CenterPoint Energy,,TX,Brazoria
2024,8901,CenterPoint Energy,,TX,Chambers
2024,8901,CenterPoint Energy,,TX,Colorado
2024,8901,CenterPoint Energy,,TX,Fort Bend
2024,8901,CenterPoint Energy,,TX,Galveston
2024,8901,CenterPoint Energy,,TX,Harris
2024,8901,CenterPoint Energy,,TX,Liberty
2024,8901,CenterPoint Energy,,TX,Matagorda
2024,8901,CenterPoint Energy,,TX,Montgomery
2024,8901,CenterPoint Energy,,TX,Waller
2024,8901,CenterPoint Energy,,TX,Wharton
2024,8911,Howard Electric Coop,Y,MO,Boone
2024,8911,Howard Electric Coop,Y,MO,Chariton
2024,8911,Howard Electric Coop,Y,MO,Howard
2024,8911,Howard Electric Coop,Y,MO,Randolph
2024,8919,City of Howard - (SD),Y,SD,Miner
2024,8924,Howard Greeley Rural P P D,Y,NE,Greeley
2024,8924,Howard Greeley Rural P P D,Y,NE,Howard
2024,8934,"Howell-Oregon Elec Coop, Inc",,MO,Douglas
2024,8934,"Howell-Oregon Elec Coop, Inc",,MO,Howell
2024,8934,"Howell-Oregon Elec Coop, Inc",,MO,Oregon
2024,8934,"Howell-Oregon Elec Coop, Inc",,MO,Ozark
2024,8934,"Howell-Oregon Elec Coop, Inc",,MO,Shannon
2024,8934,"Howell-Oregon Elec Coop, Inc",,MO,Taney
2024,8934,"Howell-Oregon Elec Coop, Inc",,MO,Texas
2024,8949,City of Hubbard,Y,OH,Trumbull
2024,8972,City of Hudson - (OH),Y,OH,Summit
2024,8973,Town of Hudson - (MA),,MA,Middlesex
2024,9000,Hughes Power & Light Co,Y,AK,Yukon Koyukuk
2024,9011,City of Hugoton - (KS),Y,KS,Stevens
2024,9022,City of Hubbell- (NE),Y,NE,Thayer
2024,9023,City of Humboldt,,TN,Gibson
2024,9025,City of Hunnewell - (MO),Y,MO,Shelby
2024,9067,City of Hope - (ND),Y,ND,Steele
2024,9087,Town of Huntersville - (NC),,NC,Mecklenburg
2024,9088,City of Huntingburg - (IN),Y,IN,Dubois
2024,9094,City of Huntsville - (AL),,AL,Madison
2024,9096,City of Lafayette - (LA),,LA,Lafayette
2024,9124,Hustisford Utilities,,WI,Dodge
2024,9128,Hurricane City Power,Y,UT,Washington
2024,9130,Hutchinson Utilities Comm,,MN,McLeod
2024,9144,Village of Hyde Park - (VT),Y,VT,Lamoille
2024,9163,Hyrum City Corporation,Y,UT,Cache
2024,9186,"Idaho County L&P Coop Assn, Inc",Y,ID,Idaho
2024,9186,"Idaho County L&P Coop Assn, Inc",Y,ID,Lewis
2024,9187,City of Idaho Falls - (ID),,ID,Bonneville
2024,9188,"I-N-N Electric Coop, Inc",Y,AK,Lake and Peninsula
2024,9191,Idaho Power Co,,ID,Ada
2024,9191,Idaho Power Co,,ID,Adams
2024,9191,Idaho Power Co,,ID,Bannock
2024,9191,Idaho Power Co,,ID,Bingham
2024,9191,Idaho Power Co,,ID,Blaine
2024,9191,Idaho Power Co,,ID,Boise
2024,9191,Idaho Power Co,,ID,Camas
2024,9191,Idaho Power Co,,ID,Canyon
2024,9191,Idaho Power Co,,ID,Cassia
2024,9191,Idaho Power Co,,ID,Elmore
2024,9191,Idaho Power Co,,ID,Gem
2024,9191,Idaho Power Co,,ID,Gooding
2024,9191,Idaho Power Co,,ID,Idaho
2024,9191,Idaho Power Co,,ID,Jerome
2024,9191,Idaho Power Co,,ID,Lemhi
2024,9191,Idaho Power Co,,ID,Lincoln
2024,9191,Idaho Power Co,,ID,Minidoka
2024,9191,Idaho Power Co,,ID,Oneida
2024,9191,Idaho Power Co,,ID,Owyhee
2024,9191,Idaho Power Co,,ID,Payette
2024,9191,Idaho Power Co,,ID,Power
2024,9191,Idaho Power Co,,ID,Twin Falls
2024,9191,Idaho Power Co,,ID,Valley
2024,9191,Idaho Power Co,,ID,Washington
2024,9191,Idaho Power Co,,OR,Baker
2024,9191,Idaho Power Co,,OR,Grant
2024,9191,Idaho Power Co,,OR,Harney
2024,9191,Idaho Power Co,,OR,Malheur
2024,9191,Idaho Power Co,,OR,Wallowa
2024,9192,Igiugig Electric Company,Y,AK,Lake and Peninsula
2024,9200,Village of Ilion - (NY),Y,NY,Herkimer
2024,9209,Illinois Rural Electric Coop,Y,IL,Adams
2024,9209,Illinois Rural Electric Coop,Y,IL,Brown
2024,9209,Illinois Rural Electric Coop,Y,IL,Calhoun
2024,9209,Illinois Rural Electric Coop,Y,IL,Cass
2024,9209,Illinois Rural Electric Coop,Y,IL,Greene
2024,9209,Illinois Rural Electric Coop,Y,IL,Jersey
2024,9209,Illinois Rural Electric Coop,Y,IL,Macoupin
2024,9209,Illinois Rural Electric Coop,Y,IL,Morgan
2024,9209,Illinois Rural Electric Coop,Y,IL,Pike
2024,9209,Illinois Rural Electric Coop,Y,IL,Scott
2024,9216,Imperial Irrigation District,,CA,Imperial
2024,9216,Imperial Irrigation District,,CA,Riverside
2024,9216,Imperial Irrigation District,,CA,San Diego
2024,9217,City of Imperial,Y,NE,Chase
2024,9230,City of Independence - (IA),,IA,Buchanan
2024,9231,City of Independence - (MO),,MO,Jackson
2024,9246,"Indian Electric Coop, Inc",,OK,Creek
2024,9246,"Indian Electric Coop, Inc",,OK,Kay
2024,9246,"Indian Electric Coop, Inc",,OK,Noble
2024,9246,"Indian Electric Coop, Inc",,OK,Osage
2024,9246,"Indian Electric Coop, Inc",,OK,Pawnee
2024,9246,"Indian Electric Coop, Inc",,OK,Payne
2024,9246,"Indian Electric Coop, Inc",,OK,Tulsa
2024,9273,AES Indiana,,IN,Bartholomew
2024,9273,AES Indiana,,IN,Boone
2024,9273,AES Indiana,,IN,Daviess
2024,9273,AES Indiana,,IN,Gibson
2024,9273,AES Indiana,,IN,Greene
2024,9273,AES Indiana,,IN,Hamilton
2024,9273,AES Indiana,,IN,Hancock
2024,9273,AES Indiana,,IN,Hendricks
2024,9273,AES Indiana,,IN,Johnson
2024,9273,AES Indiana,,IN,Knox
2024,9273,AES Indiana,,IN,Madison
2024,9273,AES Indiana,,IN,Marion
2024,9273,AES Indiana,,IN,Monroe
2024,9273,AES Indiana,,IN,Morgan
2024,9273,AES Indiana,,IN,Owen
2024,9273,AES Indiana,,IN,Pike
2024,9273,AES Indiana,,IN,Putnam
2024,9273,AES Indiana,,IN,Shelby
2024,9273,AES Indiana,,IN,Sullivan
2024,9273,AES Indiana,,IN,Switzerland
2024,9274,City of Indianola - (NE),Y,NE,Red Willow
2024,9275,Indianola Municipal Utilities,Y,IA,Warren
2024,9292,Inter County Energy Coop Corp - (KY),,KY,Boyle
2024,9292,Inter County Energy Coop Corp - (KY),,KY,Casey
2024,9292,Inter County Energy Coop Corp - (KY),,KY,Garrard
2024,9292,Inter County Energy Coop Corp - (KY),,KY,Larue
2024,9292,Inter County Energy Coop Corp - (KY),,KY,Lincoln
2024,9292,Inter County Energy Coop Corp - (KY),,KY,Madison
2024,9292,Inter County Energy Coop Corp - (KY),,KY,Marion
2024,9292,Inter County Energy Coop Corp - (KY),,KY,Mercer
2024,9292,Inter County Energy Coop Corp - (KY),,KY,Nelson
2024,9292,Inter County Energy Coop Corp - (KY),,KY,Rockcastle
2024,9292,Inter County Energy Coop Corp - (KY),,KY,Taylor
2024,9292,Inter County Energy Coop Corp - (KY),,KY,Washington
2024,9324,Indiana Michigan Power Co,,IN,Adams
2024,9324,Indiana Michigan Power Co,,IN,Allen
2024,9324,Indiana Michigan Power Co,,IN,Blackford
2024,9324,Indiana Michigan Power Co,,IN,DeKalb
2024,9324,Indiana Michigan Power Co,,IN,Delaware
2024,9324,Indiana Michigan Power Co,,IN,Elkhart
2024,9324,Indiana Michigan Power Co,,IN,Grant
2024,9324,Indiana Michigan Power Co,,IN,Hamilton
2024,9324,Indiana Michigan Power Co,,IN,Henry
2024,9324,Indiana Michigan Power Co,,IN,Howard
2024,9324,Indiana Michigan Power Co,,IN,Huntington
2024,9324,Indiana Michigan Power Co,,IN,Jay
2024,9324,Indiana Michigan Power Co,,IN,LaPorte
2024,9324,Indiana Michigan Power Co,,IN,Lagrange
2024,9324,Indiana Michigan Power Co,,IN,Madison
2024,9324,Indiana Michigan Power Co,,IN,Marshall
2024,9324,Indiana Michigan Power Co,,IN,Miami
2024,9324,Indiana Michigan Power Co,,IN,Noble
2024,9324,Indiana Michigan Power Co,,IN,Randolph
2024,9324,Indiana Michigan Power Co,,IN,St Joseph
2024,9324,Indiana Michigan Power Co,,IN,Steuben
2024,9324,Indiana Michigan Power Co,,IN,Tipton
2024,9324,Indiana Michigan Power Co,,IN,Wabash
2024,9324,Indiana Michigan Power Co,,IN,Wells
2024,9324,Indiana Michigan Power Co,,IN,Whitley
2024,9324,Indiana Michigan Power Co,,MI,Allegan
2024,9324,Indiana Michigan Power Co,,MI,Berrien
2024,9324,Indiana Michigan Power Co,,MI,Cass
2024,9324,Indiana Michigan Power Co,,MI,Kalamazoo
2024,9324,Indiana Michigan Power Co,,MI,St Joseph
2024,9324,Indiana Michigan Power Co,,MI,Van Buren
2024,9331,Intercounty Electric Coop Assn - (MO),,MO,Crawford
2024,9331,Intercounty Electric Coop Assn - (MO),,MO,Dent
2024,9331,Intercounty Electric Coop Assn - (MO),,MO,Gasconade
2024,9331,Intercounty Electric Coop Assn - (MO),,MO,Maries
2024,9331,Intercounty Electric Coop Assn - (MO),,MO,Phelps
2024,9331,Intercounty Electric Coop Assn - (MO),,MO,Pulaski
2024,9331,Intercounty Electric Coop Assn - (MO),,MO,Shannon
2024,9331,Intercounty Electric Coop Assn - (MO),,MO,Texas
2024,9331,Intercounty Electric Coop Assn - (MO),,MO,Wright
2024,9336,CORE Electric Cooperative,,CO,Adams
2024,9336,CORE Electric Cooperative,,CO,Arapahoe
2024,9336,CORE Electric Cooperative,,CO,Chaffee
2024,9336,CORE Electric Cooperative,,CO,Clear Creek
2024,9336,CORE Electric Cooperative,,CO,Douglas
2024,9336,CORE Electric Cooperative,,CO,El Paso
2024,9336,CORE Electric Cooperative,,CO,Elbert
2024,9336,CORE Electric Cooperative,,CO,Fremont
2024,9336,CORE Electric Cooperative,,CO,Jefferson
2024,9336,CORE Electric Cooperative,,CO,Park
2024,9336,CORE Electric Cooperative,,CO,Teller
2024,9416,Ipnatchiaq Electric Company,Y,AK,Northwest Arctic
2024,9417,Interstate Power and Light Co,,IA,Adair
2024,9417,Interstate Power and Light Co,,IA,Adams
2024,9417,Interstate Power and Light Co,,IA,Allamakee
2024,9417,Interstate Power and Light Co,,IA,Appanoose
2024,9417,Interstate Power and Light Co,,IA,Benton
2024,9417,Interstate Power and Light Co,,IA,Black Hawk
2024,9417,Interstate Power and Light Co,,IA,Boone
2024,9417,Interstate Power and Light Co,,IA,Bremer
2024,9417,Interstate Power and Light Co,,IA,Buchanan
2024,9417,Interstate Power and Light Co,,IA,Buena Vista
2024,9417,Interstate Power and Light Co,,IA,Butler
2024,9417,Interstate Power and Light Co,,IA,Carroll
2024,9417,Interstate Power and Light Co,,IA,Cass
2024,9417,Interstate Power and Light Co,,IA,Cedar
2024,9417,Interstate Power and Light Co,,IA,Cerro Gordo
2024,9417,Interstate Power and Light Co,,IA,Cherokee
2024,9417,Interstate Power and Light Co,,IA,Chickasaw
2024,9417,Interstate Power and Light Co,,IA,Clarke
2024,9417,Interstate Power and Light Co,,IA,Clay
2024,9417,Interstate Power and Light Co,,IA,Clayton
2024,9417,Interstate Power and Light Co,,IA,Clinton
2024,9417,Interstate Power and Light Co,,IA,Dallas
2024,9417,Interstate Power and Light Co,,IA,Davis
2024,9417,Interstate Power and Light Co,,IA,Decatur
2024,9417,Interstate Power and Light Co,,IA,Delaware
2024,9417,Interstate Power and Light Co,,IA,Des Moines
2024,9417,Interstate Power and Light Co,,IA,Dickinson
2024,9417,Interstate Power and Light Co,,IA,Dubuque
2024,9417,Interstate Power and Light Co,,IA,Emmet
2024,9417,Interstate Power and Light Co,,IA,Fayette
2024,9417,Interstate Power and Light Co,,IA,Floyd
2024,9417,Interstate Power and Light Co,,IA,Franklin
2024,9417,Interstate Power and Light Co,,IA,Greene
2024,9417,Interstate Power and Light Co,,IA,Grundy
2024,9417,Interstate Power and Light Co,,IA,Guthrie
2024,9417,Interstate Power and Light Co,,IA,Hamilton
2024,9417,Interstate Power and Light Co,,IA,Hancock
2024,9417,Interstate Power and Light Co,,IA,Hardin
2024,9417,Interstate Power and Light Co,,IA,Henry
2024,9417,Interstate Power and Light Co,,IA,Howard
2024,9417,Interstate Power and Light Co,,IA,Iowa
2024,9417,Interstate Power and Light Co,,IA,Jackson
2024,9417,Interstate Power and Light Co,,IA,Jasper
2024,9417,Interstate Power and Light Co,,IA,Jefferson
2024,9417,Interstate Power and Light Co,,IA,Johnson
2024,9417,Interstate Power and Light Co,,IA,Jones
2024,9417,Interstate Power and Light Co,,IA,Keokuk
2024,9417,Interstate Power and Light Co,,IA,Kossuth
2024,9417,Interstate Power and Light Co,,IA,Lee
2024,9417,Interstate Power and Light Co,,IA,Linn
2024,9417,Interstate Power and Light Co,,IA,Louisa
2024,9417,Interstate Power and Light Co,,IA,Lucas
2024,9417,Interstate Power and Light Co,,IA,Lyon
2024,9417,Interstate Power and Light Co,,IA,Madison
2024,9417,Interstate Power and Light Co,,IA,Mahaska
2024,9417,Interstate Power and Light Co,,IA,Marion
2024,9417,Interstate Power and Light Co,,IA,Marshall
2024,9417,Interstate Power and Light Co,,IA,Mitchell
2024,9417,Interstate Power and Light Co,,IA,Monroe
2024,9417,Interstate Power and Light Co,,IA,Montgomery
2024,9417,Interstate Power and Light Co,,IA,Muscatine
2024,9417,Interstate Power and Light Co,,IA,O'Brien
2024,9417,Interstate Power and Light Co,,IA,Osceola
2024,9417,Interstate Power and Light Co,,IA,Palo Alto
2024,9417,Interstate Power and Light Co,,IA,Pocahontas
2024,9417,Interstate Power and Light Co,,IA,Polk
2024,9417,Interstate Power and Light Co,,IA,Poweshiek
2024,9417,Interstate Power and Light Co,,IA,Ringgold
2024,9417,Interstate Power and Light Co,,IA,Scott
2024,9417,Interstate Power and Light Co,,IA,Sioux
2024,9417,Interstate Power and Light Co,,IA,Story
2024,9417,Interstate Power and Light Co,,IA,Tama
2024,9417,Interstate Power and Light Co,,IA,Taylor
2024,9417,Interstate Power and Light Co,,IA,Union
2024,9417,Interstate Power and Light Co,,IA,Van Buren
2024,9417,Interstate Power and Light Co,,IA,Wapello
2024,9417,Interstate Power and Light Co,,IA,Warren
2024,9417,Interstate Power and Light Co,,IA,Washington
2024,9417,Interstate Power and Light Co,,IA,Wayne
2024,9417,Interstate Power and Light Co,,IA,Webster
2024,9417,Interstate Power and Light Co,,IA,Winnebago
2024,9417,Interstate Power and Light Co,,IA,Winneshiek
2024,9417,Interstate Power and Light Co,,IA,Worth
2024,9417,Interstate Power and Light Co,,IA,Wright
2024,9418,City of Iola - (KS),Y,KS,Allen
2024,9422,J-A-C Electric Coop Inc,Y,TX,Archer
2024,9422,J-A-C Electric Coop Inc,Y,TX,Clay
2024,9422,J-A-C Electric Coop Inc,Y,TX,Jack
2024,9422,J-A-C Electric Coop Inc,Y,TX,Montague
2024,9425,Iowa Lakes Electric Coop,,IA,Buena Vista
2024,9425,Iowa Lakes Electric Coop,,IA,Cherokee
2024,9425,Iowa Lakes Electric Coop,,IA,Clay
2024,9425,Iowa Lakes Electric Coop,,IA,Dickinson
2024,9425,Iowa Lakes Electric Coop,,IA,Emmet
2024,9425,Iowa Lakes Electric Coop,,IA,Ida
2024,9425,Iowa Lakes Electric Coop,,IA,Kossuth
2024,9425,Iowa Lakes Electric Coop,,IA,O'Brien
2024,9425,Iowa Lakes Electric Coop,,IA,Osceola
2024,9425,Iowa Lakes Electric Coop,,IA,Palo Alto
2024,9425,Iowa Lakes Electric Coop,,IA,Plymouth
2024,9425,Iowa Lakes Electric Coop,,IA,Pocahontas
2024,9425,Iowa Lakes Electric Coop,,IA,Sac
2024,9431,Irwin Electric Membership Corp,Y,GA,Ben Hill
2024,9431,Irwin Electric Membership Corp,Y,GA,Berrien
2024,9431,Irwin Electric Membership Corp,Y,GA,Coffee
2024,9431,Irwin Electric Membership Corp,Y,GA,Irwin
2024,9431,Irwin Electric Membership Corp,Y,GA,Tift
2024,9431,Irwin Electric Membership Corp,Y,GA,Turner
2024,9431,Irwin Electric Membership Corp,Y,GA,Wilcox
2024,9431,Irwin Electric Membership Corp,Y,GA,Worth
2024,9442,Town of Ipswich - (MA),Y,MA,Essex
2024,9463,City of Isabel - (KS),Y,KS,Barber
2024,9472,City of Itta Bena - (MS),Y,MS,Leflore
2024,9475,Itasca-Mantrap Co-op Electrical Assn,,MN,Becker
2024,9475,Itasca-Mantrap Co-op Electrical Assn,,MN,Cass
2024,9475,Itasca-Mantrap Co-op Electrical Assn,,MN,Clearwater
2024,9475,Itasca-Mantrap Co-op Electrical Assn,,MN,Hubbard
2024,9475,Itasca-Mantrap Co-op Electrical Assn,,MN,Wadena
2024,9541,City of Iuka - (KS),Y,KS,Pratt
2024,9572,Village of Jackson Center - (OH),Y,OH,Shelby
2024,9573,City of Jackson - (GA),Y,GA,Butts
2024,9575,Jackson Energy Coop Corp - (KY),,KY,Breathitt
2024,9575,Jackson Energy Coop Corp - (KY),,KY,Clay
2024,9575,Jackson Energy Coop Corp - (KY),,KY,Estill
2024,9575,Jackson Energy Coop Corp - (KY),,KY,Garrard
2024,9575,Jackson Energy Coop Corp - (KY),,KY,Jackson
2024,9575,Jackson Energy Coop Corp - (KY),,KY,Laurel
2024,9575,Jackson Energy Coop Corp - (KY),,KY,Lee
2024,9575,Jackson Energy Coop Corp - (KY),,KY,Leslie
2024,9575,Jackson Energy Coop Corp - (KY),,KY,Lincoln
2024,9575,Jackson Energy Coop Corp - (KY),,KY,Madison
2024,9575,Jackson Energy Coop Corp - (KY),,KY,Owsley
2024,9575,Jackson Energy Coop Corp - (KY),,KY,Powell
2024,9575,Jackson Energy Coop Corp - (KY),,KY,Pulaski
2024,9575,Jackson Energy Coop Corp - (KY),,KY,Rockcastle
2024,9575,Jackson Energy Coop Corp - (KY),,KY,Wolfe
2024,9576,Jackson County Rural E M C - (IN),,IN,Bartholomew
2024,9576,Jackson County Rural E M C - (IN),,IN,Brown
2024,9576,Jackson County Rural E M C - (IN),,IN,Clark
2024,9576,Jackson County Rural E M C - (IN),,IN,Jackson
2024,9576,Jackson County Rural E M C - (IN),,IN,Jefferson
2024,9576,Jackson County Rural E M C - (IN),,IN,Jennings
2024,9576,Jackson County Rural E M C - (IN),,IN,Lawrence
2024,9576,Jackson County Rural E M C - (IN),,IN,Monroe
2024,9576,Jackson County Rural E M C - (IN),,IN,Scott
2024,9576,Jackson County Rural E M C - (IN),,IN,Washington
2024,9590,"Jackson Electric Coop, Inc - (TX)",,TX,Brazoria
2024,9590,"Jackson Electric Coop, Inc - (TX)",,TX,Calhoun
2024,9590,"Jackson Electric Coop, Inc - (TX)",,TX,Jackson
2024,9590,"Jackson Electric Coop, Inc - (TX)",,TX,Lavaca
2024,9590,"Jackson Electric Coop, Inc - (TX)",,TX,Matagorda
2024,9590,"Jackson Electric Coop, Inc - (TX)",,TX,Wharton
2024,9598,City of Jackson - (OH),Y,OH,Jackson
2024,9599,City of Jackson - (MN),Y,MN,Jackson
2024,9601,Jackson Electric Member Corp - (GA),,GA,Banks
2024,9601,Jackson Electric Member Corp - (GA),,GA,Barrow
2024,9601,Jackson Electric Member Corp - (GA),,GA,Clarke
2024,9601,Jackson Electric Member Corp - (GA),,GA,Franklin
2024,9601,Jackson Electric Member Corp - (GA),,GA,Gwinnett
2024,9601,Jackson Electric Member Corp - (GA),,GA,Hall
2024,9601,Jackson Electric Member Corp - (GA),,GA,Jackson
2024,9601,Jackson Electric Member Corp - (GA),,GA,Lumpkin
2024,9601,Jackson Electric Member Corp - (GA),,GA,Madison
2024,9601,Jackson Electric Member Corp - (GA),,GA,Oconee
2024,9601,Jackson Electric Member Corp - (GA),,GA,Oglethorpe
2024,9601,Jackson Electric Member Corp - (GA),,GA,White
2024,9603,City of Jackson - (MO),Y,MO,Cape Girardeau
2024,9605,Jackson Purchase Energy Corporation,,KY,Ballard
2024,9605,Jackson Purchase Energy Corporation,,KY,Carlisle
2024,9605,Jackson Purchase Energy Corporation,,KY,Graves
2024,9605,Jackson Purchase Energy Corporation,,KY,Livingston
2024,9605,Jackson Purchase Energy Corporation,,KY,Marshall
2024,9605,Jackson Purchase Energy Corporation,,KY,McCracken
2024,9610,Village of Jacksonville - (VT),Y,VT,Windham
2024,9612,City of Jackson - (TN),,TN,Madison
2024,9613,City of Lebanon - (IN),,IN,Boone
2024,9616,Beaches Energy Services,,FL,Duval
2024,9616,Beaches Energy Services,,FL,St Johns
2024,9617,JEA,,FL,Clay
2024,9617,JEA,,FL,Duval
2024,9617,JEA,,FL,Nassau
2024,9617,JEA,,FL,St Johns
2024,9645,Jamestown Board of Public Util,,NY,Chautauqua
2024,9646,Town of Jamestown - (IN),Y,IN,Boone
2024,9646,Town of Jamestown - (IN),Y,IN,Hendricks
2024,9650,City of Janesville - (MN),Y,MN,Waseca
2024,9664,City of Jasper - (TX),Y,TX,Jasper
2024,9665,Jasper County Rural E M C,,IN,Jasper
2024,9665,Jasper County Rural E M C,,IN,Newton
2024,9665,Jasper County Rural E M C,,IN,Porter
2024,9665,Jasper County Rural E M C,,IN,Pulaski
2024,9665,Jasper County Rural E M C,,IN,Starke
2024,9665,Jasper County Rural E M C,,IN,White
2024,9666,Jay County Rural E M C,Y,IN,Adams
2024,9666,Jay County Rural E M C,Y,IN,Blackford
2024,9666,Jay County Rural E M C,Y,IN,Delaware
2024,9666,Jay County Rural E M C,Y,IN,Jay
2024,9666,Jay County Rural E M C,Y,IN,Randolph
2024,9666,Jay County Rural E M C,Y,IN,Wells
2024,9667,City of Jasper - (IN),,IN,Dubois
2024,9668,"Jasper-Newton Elec Coop, Inc",,TX,Angelina
2024,9668,"Jasper-Newton Elec Coop, Inc",,TX,Jasper
2024,9668,"Jasper-Newton Elec Coop, Inc",,TX,Newton
2024,9668,"Jasper-Newton Elec Coop, Inc",,TX,Orange
2024,9668,"Jasper-Newton Elec Coop, Inc",,TX,Sabine
2024,9682,"Jefferson Davis Elec Coop, Inc",,LA,Allen
2024,9682,"Jefferson Davis Elec Coop, Inc",,LA,Calcasieu
2024,9682,"Jefferson Davis Elec Coop, Inc",,LA,Cameron
2024,9682,"Jefferson Davis Elec Coop, Inc",,LA,Jefferson Davis
2024,9682,"Jefferson Davis Elec Coop, Inc",,LA,Vermilion
2024,9689,Jefferson Electric Member Corp,,GA,Burke
2024,9689,Jefferson Electric Member Corp,,GA,Columbia
2024,9689,Jefferson Electric Member Corp,,GA,Emanuel
2024,9689,Jefferson Electric Member Corp,,GA,Glascock
2024,9689,Jefferson Electric Member Corp,,GA,Jefferson
2024,9689,Jefferson Electric Member Corp,,GA,Jenkins
2024,9689,Jefferson Electric Member Corp,,GA,Johnson
2024,9689,Jefferson Electric Member Corp,,GA,McDuffie
2024,9689,Jefferson Electric Member Corp,,GA,Richmond
2024,9689,Jefferson Electric Member Corp,,GA,Warren
2024,9689,Jefferson Electric Member Corp,,GA,Washington
2024,9690,Jefferson Utilities,,WI,Jefferson
2024,9697,City of Jellico,,KY,Whitley
2024,9697,City of Jellico,,TN,Campbell
2024,9699,"Jemez Mountains Elec Coop, Inc",,NM,McKinley
2024,9699,"Jemez Mountains Elec Coop, Inc",,NM,Rio Arriba
2024,9699,"Jemez Mountains Elec Coop, Inc",,NM,San Juan
2024,9699,"Jemez Mountains Elec Coop, Inc",,NM,Sandoval
2024,9699,"Jemez Mountains Elec Coop, Inc",,NM,Santa Fe
2024,9726,Jersey Central Power & Lt Co,,NJ,Burlington
2024,9726,Jersey Central Power & Lt Co,,NJ,Essex
2024,9726,Jersey Central Power & Lt Co,,NJ,Hunterdon
2024,9726,Jersey Central Power & Lt Co,,NJ,Mercer
2024,9726,Jersey Central Power & Lt Co,,NJ,Middlesex
2024,9726,Jersey Central Power & Lt Co,,NJ,Monmouth
2024,9726,Jersey Central Power & Lt Co,,NJ,Morris
2024,9726,Jersey Central Power & Lt Co,,NJ,Ocean
2024,9726,Jersey Central Power & Lt Co,,NJ,Passaic
2024,9726,Jersey Central Power & Lt Co,,NJ,Somerset
2024,9726,Jersey Central Power & Lt Co,,NJ,Sussex
2024,9726,Jersey Central Power & Lt Co,,NJ,Union
2024,9726,Jersey Central Power & Lt Co,,NJ,Warren
2024,9732,City of Jetmore,Y,KS,Hodgeman
2024,9734,City of Jewett City - (CT),Y,CT,New London
2024,9739,Joe Wheeler Elec Member Corp,,AL,Lawrence
2024,9739,Joe Wheeler Elec Member Corp,,AL,Morgan
2024,9750,"Jo-Carroll Energy, Inc",,IL,Carroll
2024,9750,"Jo-Carroll Energy, Inc",,IL,Henry
2024,9750,"Jo-Carroll Energy, Inc",,IL,Jo Daviess
2024,9750,"Jo-Carroll Energy, Inc",,IL,Whiteside
2024,9776,City of Johnson - (KS),Y,KS,Stanton
2024,9777,Johnson City - (TN),,TN,Carter
2024,9777,Johnson City - (TN),,TN,Greene
2024,9777,Johnson City - (TN),,TN,Sullivan
2024,9777,Johnson City - (TN),,TN,Washington
2024,9778,Johnson County Rural E M C,,IN,Brown
2024,9778,Johnson County Rural E M C,,IN,Johnson
2024,9778,Johnson County Rural E M C,,IN,Morgan
2024,9778,Johnson County Rural E M C,,IN,Shelby
2024,9806,Village of Johnson - (VT),Y,VT,Lamoille
2024,9832,Kuiggluum Kallugvia,Y,AK,Bethel
2024,9837,Jones-Onslow Elec Member Corp,,NC,Craven
2024,9837,Jones-Onslow Elec Member Corp,,NC,Duplin
2024,9837,Jones-Onslow Elec Member Corp,,NC,Jones
2024,9837,Jones-Onslow Elec Member Corp,,NC,Lenoir
2024,9837,Jones-Onslow Elec Member Corp,,NC,Onslow
2024,9837,Jones-Onslow Elec Member Corp,,NC,Pender
2024,9879,City Water and Light Plant,,AR,Craighead
2024,9880,City of Jonesville - (LA),Y,LA,Catahoula
2024,9897,City of King Cove,Y,AK,Aleutians East
2024,9922,Jump River Electric Coop Inc,Y,WI,Barron
2024,9922,Jump River Electric Coop Inc,Y,WI,Chippewa
2024,9922,Jump River Electric Coop Inc,Y,WI,Price
2024,9922,Jump River Electric Coop Inc,Y,WI,Rusk
2024,9922,Jump River Electric Coop Inc,Y,WI,Sawyer
2024,9922,Jump River Electric Coop Inc,Y,WI,Taylor
2024,9928,City of Julesburg - (CO),Y,CO,Sedgwick
2024,9936,Juneau Utility Comm,,WI,Dodge
2024,9964,Kenergy Corp,,KY,Breckinridge
2024,9964,Kenergy Corp,,KY,Caldwell
2024,9964,Kenergy Corp,,KY,Crittenden
2024,9964,Kenergy Corp,,KY,Daviess
2024,9964,Kenergy Corp,,KY,Hancock
2024,9964,Kenergy Corp,,KY,Henderson
2024,9964,Kenergy Corp,,KY,Hopkins
2024,9964,Kenergy Corp,,KY,Livingston
2024,9964,Kenergy Corp,,KY,Lyon
2024,9964,Kenergy Corp,,KY,McLean
2024,9964,Kenergy Corp,,KY,Muhlenberg
2024,9964,Kenergy Corp,,KY,Ohio
2024,9964,Kenergy Corp,,KY,Union
2024,9964,Kenergy Corp,,KY,Webster
2024,9973,City of Kahoka,Y,MO,Clark
2024,9991,Kandiyohi Power Coop,Y,MN,Chippewa
2024,9991,Kandiyohi Power Coop,Y,MN,Kandiyohi
2024,9991,Kandiyohi Power Coop,Y,MN,Stearns
2024,9991,Kandiyohi Power Coop,Y,MN,Swift
2024,9995,Kanosh Town Corporation,Y,UT,Millard
2024,9996,City of Kansas City - (KS),,KS,Wyandotte
2024,9999,Kankakee Valley Rural E M C,,IN,LaPorte
2024,9999,Kankakee Valley Rural E M C,,IN,Lake
2024,9999,Kankakee Valley Rural E M C,,IN,Marshall
2024,9999,Kankakee Valley Rural E M C,,IN,Porter
2024,9999,Kankakee Valley Rural E M C,,IN,Pulaski
2024,9999,Kankakee Valley Rural E M C,,IN,St Joseph
2024,9999,Kankakee Valley Rural E M C,,IN,Starke
2024,10000,Evergy Metro,,KS,Anderson
2024,10000,Evergy Metro,,KS,Bourbon
2024,10000,Evergy Metro,,KS,Coffey
2024,10000,Evergy Metro,,KS,Douglas
2024,10000,Evergy Metro,,KS,Franklin
2024,10000,Evergy Metro,,KS,Johnson
2024,10000,Evergy Metro,,KS,Leavenworth
2024,10000,Evergy Metro,,KS,Linn
2024,10000,Evergy Metro,,KS,Miami
2024,10000,Evergy Metro,,KS,Osage
2024,10000,Evergy Metro,,KS,Wyandotte
2024,10000,Evergy Metro,,MO,Bates
2024,10000,Evergy Metro,,MO,Carroll
2024,10000,Evergy Metro,,MO,Cass
2024,10000,Evergy Metro,,MO,Chariton
2024,10000,Evergy Metro,,MO,Clay
2024,10000,Evergy Metro,,MO,Howard
2024,10000,Evergy Metro,,MO,Jackson
2024,10000,Evergy Metro,,MO,Johnson
2024,10000,Evergy Metro,,MO,Lafayette
2024,10000,Evergy Metro,,MO,Livingston
2024,10000,Evergy Metro,,MO,Pettis
2024,10000,Evergy Metro,,MO,Platte
2024,10000,Evergy Metro,,MO,Randolph
2024,10000,Evergy Metro,,MO,Saline
2024,10005,"Evergy Kansas South, Inc",,KS,Allen
2024,10005,"Evergy Kansas South, Inc",,KS,Anderson
2024,10005,"Evergy Kansas South, Inc",,KS,Bourbon
2024,10005,"Evergy Kansas South, Inc",,KS,Butler
2024,10005,"Evergy Kansas South, Inc",,KS,Chautauqua
2024,10005,"Evergy Kansas South, Inc",,KS,Cherokee
2024,10005,"Evergy Kansas South, Inc",,KS,Coffey
2024,10005,"Evergy Kansas South, Inc",,KS,Cowley
2024,10005,"Evergy Kansas South, Inc",,KS,Crawford
2024,10005,"Evergy Kansas South, Inc",,KS,Elk
2024,10005,"Evergy Kansas South, Inc",,KS,Greenwood
2024,10005,"Evergy Kansas South, Inc",,KS,Harvey
2024,10005,"Evergy Kansas South, Inc",,KS,Kingman
2024,10005,"Evergy Kansas South, Inc",,KS,Labette
2024,10005,"Evergy Kansas South, Inc",,KS,Linn
2024,10005,"Evergy Kansas South, Inc",,KS,Marion
2024,10005,"Evergy Kansas South, Inc",,KS,McPherson
2024,10005,"Evergy Kansas South, Inc",,KS,Montgomery
2024,10005,"Evergy Kansas South, Inc",,KS,Neosho
2024,10005,"Evergy Kansas South, Inc",,KS,Reno
2024,10005,"Evergy Kansas South, Inc",,KS,Sedgwick
2024,10005,"Evergy Kansas South, Inc",,KS,Sumner
2024,10005,"Evergy Kansas South, Inc",,KS,Wilson
2024,10005,"Evergy Kansas South, Inc",,KS,Woodson
2024,10009,Karnes Electric Coop Inc,,TX,Atascosa
2024,10009,Karnes Electric Coop Inc,,TX,Bee
2024,10009,Karnes Electric Coop Inc,,TX,Bexar
2024,10009,Karnes Electric Coop Inc,,TX,DeWitt
2024,10009,Karnes Electric Coop Inc,,TX,Frio
2024,10009,Karnes Electric Coop Inc,,TX,Goliad
2024,10009,Karnes Electric Coop Inc,,TX,Karnes
2024,10009,Karnes Electric Coop Inc,,TX,La Salle
2024,10009,Karnes Electric Coop Inc,,TX,Live Oak
2024,10009,Karnes Electric Coop Inc,,TX,McMullen
2024,10009,Karnes Electric Coop Inc,,TX,Medina
2024,10009,Karnes Electric Coop Inc,,TX,Wilson
2024,10012,Kay Electric Coop,,OK,Garfield
2024,10012,Kay Electric Coop,,OK,Grant
2024,10012,Kay Electric Coop,,OK,Kay
2024,10012,Kay Electric Coop,,OK,Noble
2024,10012,Kay Electric Coop,,OK,Osage
2024,10019,FreeState Electric Coop,,KS,Atchison
2024,10019,FreeState Electric Coop,,KS,Douglas
2024,10019,FreeState Electric Coop,,KS,Jackson
2024,10019,FreeState Electric Coop,,KS,Jefferson
2024,10019,FreeState Electric Coop,,KS,Leavenworth
2024,10019,FreeState Electric Coop,,KS,Osage
2024,10019,FreeState Electric Coop,,KS,Pottawatomie
2024,10019,FreeState Electric Coop,,KS,Shawnee
2024,10019,FreeState Electric Coop,,KS,Wabaunsee
2024,10025,City of Kaplan - (LA),Y,LA,Vermilion
2024,10037,City of Kasota - (MN),Y,MN,Le Sueur
2024,10040,City of Kasson,Y,MN,Dodge
2024,10056,City of Kaukauna,,WI,Outagamie
2024,10057,City of Lamar - (MO),Y,MO,Barton
2024,10063,Kaysville City Corporation,Y,UT,Davis
2024,10065,KBR Rural Public Power District,Y,NE,Brown
2024,10065,KBR Rural Public Power District,Y,NE,Cherry
2024,10065,KBR Rural Public Power District,Y,NE,Holt
2024,10065,KBR Rural Public Power District,Y,NE,Keya Paha
2024,10065,KBR Rural Public Power District,Y,NE,Loup
2024,10065,KBR Rural Public Power District,Y,NE,Rock
2024,10066,K C Electric Association,,CO,Cheyenne
2024,10066,K C Electric Association,,CO,Kiowa
2024,10066,K C Electric Association,,CO,Kit Carson
2024,10066,K C Electric Association,,CO,Lincoln
2024,10071,Kauai Island Utility Cooperative,,HI,Kauai
2024,10089,Keewatin Public Utilities,Y,MN,Itasca
2024,10144,Kennebunk Light & Power Dist,Y,ME,York
2024,10152,City of Kennett - (MO),Y,MO,Dunklin
2024,10153,KEM Electric Coop Inc,Y,ND,Burleigh
2024,10153,KEM Electric Coop Inc,Y,ND,Emmons
2024,10153,KEM Electric Coop Inc,Y,ND,Kidder
2024,10153,KEM Electric Coop Inc,Y,ND,Logan
2024,10153,KEM Electric Coop Inc,Y,ND,McIntosh
2024,10170,"Kiamichi Electric Coop, Inc",,OK,Atoka
2024,10170,"Kiamichi Electric Coop, Inc",,OK,Latimer
2024,10170,"Kiamichi Electric Coop, Inc",,OK,Le Flore
2024,10170,"Kiamichi Electric Coop, Inc",,OK,Pittsburg
2024,10170,"Kiamichi Electric Coop, Inc",,OK,Pushmataha
2024,10171,Kentucky Utilities Co,,KY,Adair
2024,10171,Kentucky Utilities Co,,KY,Anderson
2024,10171,Kentucky Utilities Co,,KY,Ballard
2024,10171,Kentucky Utilities Co,,KY,Barren
2024,10171,Kentucky Utilities Co,,KY,Bath
2024,10171,Kentucky Utilities Co,,KY,Bell
2024,10171,Kentucky Utilities Co,,KY,Bourbon
2024,10171,Kentucky Utilities Co,,KY,Boyle
2024,10171,Kentucky Utilities Co,,KY,Bracken
2024,10171,Kentucky Utilities Co,,KY,Bullitt
2024,10171,Kentucky Utilities Co,,KY,Caldwell
2024,10171,Kentucky Utilities Co,,KY,Campbell
2024,10171,Kentucky Utilities Co,,KY,Carlisle
2024,10171,Kentucky Utilities Co,,KY,Carroll
2024,10171,Kentucky Utilities Co,,KY,Casey
2024,10171,Kentucky Utilities Co,,KY,Christian
2024,10171,Kentucky Utilities Co,,KY,Clark
2024,10171,Kentucky Utilities Co,,KY,Clay
2024,10171,Kentucky Utilities Co,,KY,Crittenden
2024,10171,Kentucky Utilities Co,,KY,Daviess
2024,10171,Kentucky Utilities Co,,KY,Edmonson
2024,10171,Kentucky Utilities Co,,KY,Estill
2024,10171,Kentucky Utilities Co,,KY,Fayette
2024,10171,Kentucky Utilities Co,,KY,Fleming
2024,10171,Kentucky Utilities Co,,KY,Franklin
2024,10171,Kentucky Utilities Co,,KY,Fulton
2024,10171,Kentucky Utilities Co,,KY,Gallatin
2024,10171,Kentucky Utilities Co,,KY,Garrard
2024,10171,Kentucky Utilities Co,,KY,Grant
2024,10171,Kentucky Utilities Co,,KY,Grayson
2024,10171,Kentucky Utilities Co,,KY,Green
2024,10171,Kentucky Utilities Co,,KY,Hardin
2024,10171,Kentucky Utilities Co,,KY,Harlan
2024,10171,Kentucky Utilities Co,,KY,Harrison
2024,10171,Kentucky Utilities Co,,KY,Hart
2024,10171,Kentucky Utilities Co,,KY,Henderson
2024,10171,Kentucky Utilities Co,,KY,Henry
2024,10171,Kentucky Utilities Co,,KY,Hickman
2024,10171,Kentucky Utilities Co,,KY,Hopkins
2024,10171,Kentucky Utilities Co,,KY,Jessamine
2024,10171,Kentucky Utilities Co,,KY,Knox
2024,10171,Kentucky Utilities Co,,KY,Larue
2024,10171,Kentucky Utilities Co,,KY,Laurel
2024,10171,Kentucky Utilities Co,,KY,Lee
2024,10171,Kentucky Utilities Co,,KY,Lincoln
2024,10171,Kentucky Utilities Co,,KY,Livingston
2024,10171,Kentucky Utilities Co,,KY,Lyon
2024,10171,Kentucky Utilities Co,,KY,Madison
2024,10171,Kentucky Utilities Co,,KY,Marion
2024,10171,Kentucky Utilities Co,,KY,Mason
2024,10171,Kentucky Utilities Co,,KY,McCracken
2024,10171,Kentucky Utilities Co,,KY,McCreary
2024,10171,Kentucky Utilities Co,,KY,McLean
2024,10171,Kentucky Utilities Co,,KY,Mercer
2024,10171,Kentucky Utilities Co,,KY,Montgomery
2024,10171,Kentucky Utilities Co,,KY,Muhlenberg
2024,10171,Kentucky Utilities Co,,KY,Nelson
2024,10171,Kentucky Utilities Co,,KY,Nicholas
2024,10171,Kentucky Utilities Co,,KY,Ohio
2024,10171,Kentucky Utilities Co,,KY,Oldham
2024,10171,Kentucky Utilities Co,,KY,Owen
2024,10171,Kentucky Utilities Co,,KY,Pendleton
2024,10171,Kentucky Utilities Co,,KY,Pulaski
2024,10171,Kentucky Utilities Co,,KY,Robertson
2024,10171,Kentucky Utilities Co,,KY,Rockcastle
2024,10171,Kentucky Utilities Co,,KY,Rowan
2024,10171,Kentucky Utilities Co,,KY,Russell
2024,10171,Kentucky Utilities Co,,KY,Scott
2024,10171,Kentucky Utilities Co,,KY,Shelby
2024,10171,Kentucky Utilities Co,,KY,Spencer
2024,10171,Kentucky Utilities Co,,KY,Taylor
2024,10171,Kentucky Utilities Co,,KY,Trimble
2024,10171,Kentucky Utilities Co,,KY,Union
2024,10171,Kentucky Utilities Co,,KY,Washington
2024,10171,Kentucky Utilities Co,,KY,Webster
2024,10171,Kentucky Utilities Co,,KY,Whitley
2024,10171,Kentucky Utilities Co,,KY,Woodford
2024,10171,Kentucky Utilities Co,,VA,Dickenson
2024,10171,Kentucky Utilities Co,,VA,Lee
2024,10171,Kentucky Utilities Co,,VA,Norton City
2024,10171,Kentucky Utilities Co,,VA,Russell
2024,10171,Kentucky Utilities Co,,VA,Scott
2024,10171,Kentucky Utilities Co,,VA,Wise
2024,10172,City of Marathon - (IA),Y,IA,Buena Vista
2024,10179,Kenyon Municipal Utilities,Y,MN,Goodhue
2024,10181,Keosauqua Municipal Light & Pwr,Y,IA,Van Buren
2024,10210,Ketchikan Public Utilities,,AK,Ketchikan Gateway
2024,10226,"Utility Board of the City of Key West, F",,FL,Monroe
2024,10229,City of Hickman - (NE),Y,NE,Lancaster
2024,10243,City of Kiel - (WI),Y,WI,Manitowoc
2024,10260,City of Kimball - (NE),Y,NE,Kimball
2024,10265,City of Kimballton - (IA),Y,IA,Audubon
2024,10320,City of Kingfisher - (OK),Y,OK,Kingfisher
2024,10321,City of Kingman - (KS),Y,KS,Kingman
2024,10324,City of Kings Mountain - (NC),Y,NC,Cleveland
2024,10324,City of Kings Mountain - (NC),Y,NC,Gaston
2024,10325,Kings River Conservation Dist,,CA,Fresno
2024,10326,PUD No 1 of Kittitas County,Y,WA,Kittitas
2024,10329,"Kingsbury Electric Coop, Inc",Y,SD,Beadle
2024,10329,"Kingsbury Electric Coop, Inc",Y,SD,Brookings
2024,10329,"Kingsbury Electric Coop, Inc",Y,SD,Clark
2024,10329,"Kingsbury Electric Coop, Inc",Y,SD,Hamlin
2024,10329,"Kingsbury Electric Coop, Inc",Y,SD,Kingsbury
2024,10330,Town of Kingsford Heights,Y,IN,LaPorte
2024,10331,Kingsport Power Co,,TN,Hawkins
2024,10331,Kingsport Power Co,,TN,Sullivan
2024,10331,Kingsport Power Co,,TN,Washington
2024,10345,City of Kinston - (NC),,NC,Lenoir
2024,10351,City of Kiowa - (KS),Y,KS,Barber
2024,10359,Kirbyville Light & Power Co,Y,TX,Jasper
2024,10370,City of Kirkwood - (MO),,MO,St Louis City
2024,10376,Kissimmee Utility Authority,,FL,Osceola
2024,10378,"Kit Carson Electric Coop, Inc",,NM,Colfax
2024,10378,"Kit Carson Electric Coop, Inc",,NM,Rio Arriba
2024,10378,"Kit Carson Electric Coop, Inc",,NM,Taos
2024,10393,PUD No 1 of Klickitat County,,WA,Benton
2024,10393,PUD No 1 of Klickitat County,,WA,Klickitat
2024,10393,PUD No 1 of Klickitat County,,WA,Skamania
2024,10393,PUD No 1 of Klickitat County,,WA,Yakima
2024,10407,Town of Knightstown - (IN),Y,IN,Henry
2024,10407,Town of Knightstown - (IN),Y,IN,Rush
2024,10421,Knoxville Utilities Board,,TN,Anderson
2024,10421,Knoxville Utilities Board,,TN,Blount
2024,10421,Knoxville Utilities Board,,TN,Grainger
2024,10421,Knoxville Utilities Board,,TN,Jefferson
2024,10421,Knoxville Utilities Board,,TN,Knox
2024,10421,Knoxville Utilities Board,,TN,Sevier
2024,10421,Knoxville Utilities Board,,TN,Union
2024,10433,Kodiak Electric Assn Inc,,AK,Kodiak Island
2024,10447,City of Kosciusko - (MS),Y,MS,Attala
2024,10448,Kosciusko County Rural E M C,,IN,Fulton
2024,10448,Kosciusko County Rural E M C,,IN,Kosciusko
2024,10448,Kosciusko County Rural E M C,,IN,Wabash
2024,10448,Kosciusko County Rural E M C,,IN,Whitley
2024,10451,Kotzebue Electric Assn Inc,,AK,Northwest Arctic
2024,10454,Kootenai Electric Cooperative,,ID,Benewah
2024,10454,Kootenai Electric Cooperative,,ID,Bonner
2024,10454,Kootenai Electric Cooperative,,ID,Kootenai
2024,10454,Kootenai Electric Cooperative,,WA,Spokane
2024,10455,Kokhanok Village Council,Y,AK,Lake and Peninsula
2024,10491,Kwig Power Company,Y,AK,Bethel
2024,10494,Borough of Kutztown - (PA),Y,PA,Berks
2024,10508,Village of L'Anse - (MI),,MI,Baraga
2024,10525,La Farge Municipal Electric Co,Y,WI,Vernon
2024,10532,City of La Grange - (TX),Y,TX,Fayette
2024,10533,City of La Harpe - (KS),Y,KS,Allen
2024,10536,City of La Junta - (CO),Y,CO,Otero
2024,10538,City of La Plata - (MO),Y,MO,Macon
2024,10539,"La Plata Electric Assn, Inc",,CO,Archuleta
2024,10539,"La Plata Electric Assn, Inc",,CO,Hinsdale
2024,10539,"La Plata Electric Assn, Inc",,CO,La Plata
2024,10539,"La Plata Electric Assn, Inc",,CO,Mineral
2024,10539,"La Plata Electric Assn, Inc",,CO,San Juan
2024,10542,La Porte City Utilities,Y,IA,Black Hawk
2024,10550,McCook Public Power District,Y,NE,Frontier
2024,10550,McCook Public Power District,Y,NE,Gosper
2024,10550,McCook Public Power District,Y,NE,Hayes
2024,10550,McCook Public Power District,Y,NE,Hitchcock
2024,10550,McCook Public Power District,Y,NE,Lincoln
2024,10550,McCook Public Power District,Y,NE,Red Willow
2024,10558,"LaCreek Electric Assn, Inc",Y,NE,Cherry
2024,10558,"LaCreek Electric Assn, Inc",Y,SD,Bennett
2024,10558,"LaCreek Electric Assn, Inc",Y,SD,Jackson
2024,10558,"LaCreek Electric Assn, Inc",Y,SD,Mellette
2024,10558,"LaCreek Electric Assn, Inc",Y,SD,Oglala Lakota
2024,10558,"LaCreek Electric Assn, Inc",Y,SD,Todd
2024,10559,City of La Crosse - (KS),Y,KS,Rush
2024,10562,Lagrange County Rural E M C,Y,IN,Elkhart
2024,10562,Lagrange County Rural E M C,Y,IN,Lagrange
2024,10562,Lagrange County Rural E M C,Y,IN,Noble
2024,10562,Lagrange County Rural E M C,Y,IN,Steuben
2024,10568,Town of Ladoga - (IN),Y,IN,Montgomery
2024,10570,City of Lafayette - (AL),Y,AL,Chambers
2024,10571,City of LaFayette - (GA),Y,GA,Walker
2024,10573,Village of Hildreth - (NE),Y,NE,Franklin
2024,10579,City of LaFollette,,TN,Campbell
2024,10579,City of LaFollette,,TN,Claiborne
2024,10579,City of LaFollette,,TN,Union
2024,10585,City of La Grange - (GA),,GA,Troup
2024,10586,Town of La Grange - (NC),Y,NC,Lenoir
2024,10595,City of Lake City - (MN),Y,MN,Goodhue
2024,10595,City of Lake City - (MN),Y,MN,Wabasha
2024,10596,City of Lake Crystal - (MN),,MN,Blue Earth
2024,10599,"Lake Region Electric Coop, Inc - (OK)",,OK,Adair
2024,10599,"Lake Region Electric Coop, Inc - (OK)",,OK,Cherokee
2024,10599,"Lake Region Electric Coop, Inc - (OK)",,OK,Delaware
2024,10599,"Lake Region Electric Coop, Inc - (OK)",,OK,Mayes
2024,10599,"Lake Region Electric Coop, Inc - (OK)",,OK,Muskogee
2024,10599,"Lake Region Electric Coop, Inc - (OK)",,OK,Rogers
2024,10599,"Lake Region Electric Coop, Inc - (OK)",,OK,Wagoner
2024,10603,"Laclede Electric Coop, Inc",,MO,Camden
2024,10603,"Laclede Electric Coop, Inc",,MO,Dallas
2024,10603,"Laclede Electric Coop, Inc",,MO,Laclede
2024,10603,"Laclede Electric Coop, Inc",,MO,Pulaski
2024,10603,"Laclede Electric Coop, Inc",,MO,Webster
2024,10603,"Laclede Electric Coop, Inc",,MO,Wright
2024,10605,Lake Mills Light & Water,,WI,Jefferson
2024,10606,City of Lake Mills,Y,IA,Winnebago
2024,10608,City of Lake Park - (IA),Y,IA,Dickinson
2024,10609,City of Lake Park - (MN),Y,MN,Becker
2024,10610,"Lake Placid Village, Inc - (NY)",Y,NY,Essex
2024,10616,Village of Lakeview - (OH),Y,OH,Logan
2024,10617,City of Lake View - (IA),Y,IA,Sac
2024,10618,Lake Region Electric Cooperative - (MN),,MN,Becker
2024,10618,Lake Region Electric Cooperative - (MN),,MN,Clay
2024,10618,Lake Region Electric Cooperative - (MN),,MN,Douglas
2024,10618,Lake Region Electric Cooperative - (MN),,MN,Grant
2024,10618,Lake Region Electric Cooperative - (MN),,MN,Otter Tail
2024,10618,Lake Region Electric Cooperative - (MN),,MN,Todd
2024,10618,Lake Region Electric Cooperative - (MN),,MN,Wadena
2024,10618,Lake Region Electric Cooperative - (MN),,MN,Wilkin
2024,10620,City of Lake Worth Beach - (FL),,FL,Palm Beach
2024,10622,City of Lakefield - (MN),Y,MN,Jackson
2024,10623,City of Lakeland - (FL),,FL,Polk
2024,10624,Southern Rivers Energy,,GA,Bibb
2024,10624,Southern Rivers Energy,,GA,Coweta
2024,10624,Southern Rivers Energy,,GA,Crawford
2024,10624,Southern Rivers Energy,,GA,Lamar
2024,10624,Southern Rivers Energy,,GA,Meriwether
2024,10624,Southern Rivers Energy,,GA,Monroe
2024,10624,Southern Rivers Energy,,GA,Pike
2024,10624,Southern Rivers Energy,,GA,Spalding
2024,10624,Southern Rivers Energy,,GA,Upson
2024,10625,"Lamb County Electric Coop, Inc",,TX,Bailey
2024,10625,"Lamb County Electric Coop, Inc",,TX,Castro
2024,10625,"Lamb County Electric Coop, Inc",,TX,Cochran
2024,10625,"Lamb County Electric Coop, Inc",,TX,Hale
2024,10625,"Lamb County Electric Coop, Inc",,TX,Hockley
2024,10625,"Lamb County Electric Coop, Inc",,TX,Lamb
2024,10627,Lakeview Light & Power,,WA,Pierce
2024,10628,City of Lakin - (KS),Y,KS,Kearny
2024,10629,City of Lakota - (ND),Y,ND,Nelson
2024,10632,"Lake Region Electric Assn, Inc - (SD)",Y,SD,Brown
2024,10632,"Lake Region Electric Assn, Inc - (SD)",Y,SD,Day
2024,10632,"Lake Region Electric Assn, Inc - (SD)",Y,SD,Marshall
2024,10632,"Lake Region Electric Assn, Inc - (SD)",Y,SD,Roberts
2024,10632,"Lake Region Electric Assn, Inc - (SD)",Y,SD,Spink
2024,10633,City of Lamar - (CO),Y,CO,Bent
2024,10633,City of Lamar - (CO),Y,CO,Prowers
2024,10649,Lamar County Elec Coop Assn,,TX,Delta
2024,10649,Lamar County Elec Coop Assn,,TX,Fannin
2024,10649,Lamar County Elec Coop Assn,,TX,Lamar
2024,10649,Lamar County Elec Coop Assn,,TX,Red River
2024,10650,City of Lamoni - (IA),Y,IA,Decatur
2024,10656,City of Lampasas - (TX),Y,TX,Lampasas
2024,10668,Licking Rural Electric Inc,,OH,Ashland
2024,10668,Licking Rural Electric Inc,,OH,Coshocton
2024,10668,Licking Rural Electric Inc,,OH,Delaware
2024,10668,Licking Rural Electric Inc,,OH,Franklin
2024,10668,Licking Rural Electric Inc,,OH,Knox
2024,10668,Licking Rural Electric Inc,,OH,Licking
2024,10668,Licking Rural Electric Inc,,OH,Muskingum
2024,10668,Licking Rural Electric Inc,,OH,Perry
2024,10668,Licking Rural Electric Inc,,OH,Richland
2024,10669,Town of Landis - (NC),Y,NC,Rowan
2024,10681,Lane Electric Coop Inc,,OR,Lane
2024,10685,Lanesboro Public Utility Comm,Y,MN,Fillmore
2024,10687,City of Lanett - (AL),Y,AL,Chambers
2024,10697,Lake Country Power,,MN,Aitkin
2024,10697,Lake Country Power,,MN,Carlton
2024,10697,Lake Country Power,,MN,Cass
2024,10697,Lake Country Power,,MN,Itasca
2024,10697,Lake Country Power,,MN,Koochiching
2024,10697,Lake Country Power,,MN,Lake
2024,10697,Lake Country Power,,MN,Pine
2024,10697,Lake Country Power,,MN,St Louis
2024,10702,Borough of Lansdale,Y,PA,Montgomery
2024,10704,City of Lansing - (MI),,MI,Clinton
2024,10704,City of Lansing - (MI),,MI,Eaton
2024,10704,City of Lansing - (MI),,MI,Ingham
2024,10706,City of Larchwood - (IA),Y,IA,Lyon
2024,10713,City of Larned - (KS),Y,KS,Pawnee
2024,10716,City of Larsen Bay - (AK),Y,AK,Kodiak Island
2024,10724,Lassen Municipal Utility District,Y,CA,Lassen
2024,10728,"Lane-Scott Electric Coop, Inc",Y,KS,Finney
2024,10728,"Lane-Scott Electric Coop, Inc",Y,KS,Gove
2024,10728,"Lane-Scott Electric Coop, Inc",Y,KS,Hodgeman
2024,10728,"Lane-Scott Electric Coop, Inc",Y,KS,Lane
2024,10728,"Lane-Scott Electric Coop, Inc",Y,KS,Logan
2024,10728,"Lane-Scott Electric Coop, Inc",Y,KS,Ness
2024,10728,"Lane-Scott Electric Coop, Inc",Y,KS,Rush
2024,10728,"Lane-Scott Electric Coop, Inc",Y,KS,Scott
2024,10730,City of Las Animas - (CO),Y,CO,Bent
2024,10760,City of Laurel - (NE),Y,NE,Cedar
2024,10767,City of Linneus - (MO),Y,MO,Linn
2024,10768,"Laurens Electric Coop, Inc",,SC,Abbeville
2024,10768,"Laurens Electric Coop, Inc",,SC,Anderson
2024,10768,"Laurens Electric Coop, Inc",,SC,Greenville
2024,10768,"Laurens Electric Coop, Inc",,SC,Laurens
2024,10768,"Laurens Electric Coop, Inc",,SC,Newberry
2024,10768,"Laurens Electric Coop, Inc",,SC,Spartanburg
2024,10768,"Laurens Electric Coop, Inc",,SC,Union
2024,10769,City of Laurens - (IA),Y,IA,Pocahontas
2024,10770,City of Laurinburg - (NC),Y,NC,Scotland
2024,10776,Borough of Lavallette - (NJ),Y,NJ,Ocean
2024,10777,Town of Laverne - (OK),Y,OK,Harper
2024,10784,City of Lawler - (IA),Y,IA,Chickasaw
2024,10798,Lawrenceburg Municipal Utils,Y,IN,Dearborn
2024,10799,City of Lawrenceburg,,TN,Lawrence
2024,10800,City of Lawrenceville - (GA),,GA,Gwinnett
2024,10814,City of Le Sueur - (MN),Y,MN,Le Sueur
2024,10814,City of Le Sueur - (MN),Y,MN,Sibley
2024,10817,"Lea County Electric Coop, Inc - (NM)",,NM,Chaves
2024,10817,"Lea County Electric Coop, Inc - (NM)",,NM,Eddy
2024,10817,"Lea County Electric Coop, Inc - (NM)",,NM,Lea
2024,10817,"Lea County Electric Coop, Inc - (NM)",,TX,Cochran
2024,10817,"Lea County Electric Coop, Inc - (NM)",,TX,Gaines
2024,10817,"Lea County Electric Coop, Inc - (NM)",,TX,Yoakum
2024,10830,City of Lebanon - (OH),,OH,Warren
2024,10832,City of Lebanon - (MO),,MO,Laclede
2024,10857,"Lee County Electric Coop, Inc - (FL)",,FL,Broward
2024,10857,"Lee County Electric Coop, Inc - (FL)",,FL,Charlotte
2024,10857,"Lee County Electric Coop, Inc - (FL)",,FL,Collier
2024,10857,"Lee County Electric Coop, Inc - (FL)",,FL,Hendry
2024,10857,"Lee County Electric Coop, Inc - (FL)",,FL,Lee
2024,10857,"Lee County Electric Coop, Inc - (FL)",,FL,Monroe
2024,10868,City of Leesburg - (FL),,FL,Lake
2024,10868,City of Leesburg - (FL),,FL,Sumter
2024,10879,Lehi City Corporation,,UT,Utah
2024,10881,City of Lehigh - (IA),Y,IA,Webster
2024,10882,Borough of Lehighton - (PA),Y,PA,Carbon
2024,10892,City of Leland - (MS),Y,MS,Washington
2024,10906,City of Lenoir - (TN),,TN,Knox
2024,10906,City of Lenoir - (TN),,TN,Loudon
2024,10906,City of Lenoir - (TN),,TN,Roane
2024,10908,City of Lenox - (IA),Y,IA,Taylor
2024,10935,City of Lewes - (DE),Y,DE,Sussex
2024,10944,PUD No 1 of Lewis County,,WA,Cowlitz
2024,10944,PUD No 1 of Lewis County,,WA,Grays Harbor
2024,10944,PUD No 1 of Lewis County,,WA,Lewis
2024,10944,PUD No 1 of Lewis County,,WA,Pacific
2024,10944,PUD No 1 of Lewis County,,WA,Pierce
2024,10944,PUD No 1 of Lewis County,,WA,Thurston
2024,10959,Borough of Lewisberry - (PA),Y,PA,York
2024,10960,City of Lewisburg - (TN),,TN,Marshall
2024,10961,City of Lewisville - (IN),Y,IN,Henry
2024,10962,Lewis County Rural E C A,Y,MO,Adair
2024,10962,Lewis County Rural E C A,Y,MO,Clark
2024,10962,Lewis County Rural E C A,Y,MO,Knox
2024,10962,Lewis County Rural E C A,Y,MO,Lewis
2024,10962,Lewis County Rural E C A,Y,MO,Marion
2024,10962,Lewis County Rural E C A,Y,MO,Scotland
2024,10962,Lewis County Rural E C A,Y,MO,Shelby
2024,10966,City of Lexington - (NC),,NC,Davidson
2024,10967,City of Lexington - (NE),,NE,Dawson
2024,10968,City of Lexington - (TN),,TN,Carroll
2024,10968,City of Lexington - (TN),,TN,Decatur
2024,10968,City of Lexington - (TN),,TN,Hardin
2024,10968,City of Lexington - (TN),,TN,Henderson
2024,10969,City of Lexington - (TX),Y,TX,Lee
2024,10970,City of Lexington - (OK),Y,OK,Cleveland
2024,10977,City of Liberal - (MO),Y,MO,Barton
2024,10978,Levan Town Corporation - (UT),Y,UT,Juab
2024,10982,City of Liberty - (TX),Y,TX,Liberty
2024,11011,Licking Valley Rural E C C,,KY,Breathitt
2024,11011,Licking Valley Rural E C C,,KY,Elliott
2024,11011,Licking Valley Rural E C C,,KY,Lee
2024,11011,Licking Valley Rural E C C,,KY,Magoffin
2024,11011,Licking Valley Rural E C C,,KY,Menifee
2024,11011,Licking Valley Rural E C C,,KY,Morgan
2024,11011,Licking Valley Rural E C C,,KY,Wolfe
2024,11014,"Lighthouse Electric Coop, Inc",,TX,Briscoe
2024,11014,"Lighthouse Electric Coop, Inc",,TX,Childress
2024,11014,"Lighthouse Electric Coop, Inc",,TX,Collingsworth
2024,11014,"Lighthouse Electric Coop, Inc",,TX,Cottle
2024,11014,"Lighthouse Electric Coop, Inc",,TX,Crosby
2024,11014,"Lighthouse Electric Coop, Inc",,TX,Dickens
2024,11014,"Lighthouse Electric Coop, Inc",,TX,Donley
2024,11014,"Lighthouse Electric Coop, Inc",,TX,Floyd
2024,11014,"Lighthouse Electric Coop, Inc",,TX,Hale
2024,11014,"Lighthouse Electric Coop, Inc",,TX,Hall
2024,11014,"Lighthouse Electric Coop, Inc",,TX,Motley
2024,11014,"Lighthouse Electric Coop, Inc",,TX,Swisher
2024,11017,City of Lincoln Center - (KS),Y,KS,Lincoln
2024,11018,Lincoln Electric System,,NE,Lancaster
2024,11019,Little River Electric Coop Inc,Y,SC,Abbeville
2024,11019,Little River Electric Coop Inc,Y,SC,Anderson
2024,11019,Little River Electric Coop Inc,Y,SC,Greenwood
2024,11019,Little River Electric Coop Inc,Y,SC,McCormick
2024,11021,Lincoln County Power Dist No 1,Y,NV,Lincoln
2024,11022,"Lincoln Electric Coop, Inc",Y,MT,Flathead
2024,11022,"Lincoln Electric Coop, Inc",Y,MT,Lincoln
2024,11035,City of Lincolnton - (NC),Y,NC,Lincoln
2024,11040,City of Lindsborg - (KS),Y,KS,McPherson
2024,11053,Linn County REC,,IA,Benton
2024,11053,Linn County REC,,IA,Cedar
2024,11053,Linn County REC,,IA,Iowa
2024,11053,Linn County REC,,IA,Johnson
2024,11053,Linn County REC,,IA,Jones
2024,11053,Linn County REC,,IA,Linn
2024,11055,City of Linton - (IN),Y,IN,Greene
2024,11058,City of Lindsay - (OK),Y,OK,Garvin
2024,11064,Litchfield Public Utilities,Y,MN,Meeker
2024,11083,Village of Little Valley - (NY),Y,NY,Cattaraugus
2024,11085,Town of Littleton - (MA),,MA,Middlesex
2024,11093,City of Livermore- (IA),Y,IA,Humboldt
2024,11097,City of Livingston - (TX),Y,TX,Polk
2024,11099,Town of Lingle - (WY),Y,WY,Goshen
2024,11103,City of Llano - (TX),Y,TX,Llano
2024,11118,Lockhart Power Co,,SC,Cherokee
2024,11118,Lockhart Power Co,,SC,Chester
2024,11118,Lockhart Power Co,,SC,Spartanburg
2024,11118,Lockhart Power Co,,SC,Union
2024,11118,Lockhart Power Co,,SC,York
2024,11119,City of Lockhart - (TX),Y,TX,Caldwell
2024,11121,Lockwood Water & Light Company,Y,MO,Dade
2024,11122,City of Lodgepole - (NE),Y,NE,Cheyenne
2024,11124,City of Lodi - (CA),,CA,San Joaquin
2024,11125,City of Lodi - (WI),,WI,Columbia
2024,11126,Village of Lodi - (OH),Y,OH,Medina
2024,11135,City of Logan - (UT),,UT,Cache
2024,11141,City of Long Grove - (IA),Y,IA,Scott
2024,11142,City of Logansport - (IN),,IN,Cass
2024,11148,City of Lompoc - (CA),Y,CA,Santa Barbara
2024,11171,Long Island Power Authority,,NY,Nassau
2024,11171,Long Island Power Authority,,NY,Queens
2024,11171,Long Island Power Authority,,NY,Suffolk
2024,11187,City of Longmont,,CO,Boulder
2024,11187,City of Longmont,,CO,Weld
2024,11196,Town of Littleton - (NH),Y,NH,Grafton
2024,11200,"Lorain-Medina R E C, Inc",,OH,Ashland
2024,11200,"Lorain-Medina R E C, Inc",,OH,Erie
2024,11200,"Lorain-Medina R E C, Inc",,OH,Huron
2024,11200,"Lorain-Medina R E C, Inc",,OH,Lorain
2024,11200,"Lorain-Medina R E C, Inc",,OH,Medina
2024,11200,"Lorain-Medina R E C, Inc",,OH,Wayne
2024,11203,Logan County Coop Power & Light,Y,OH,Hardin
2024,11203,Logan County Coop Power & Light,Y,OH,Logan
2024,11203,Logan County Coop Power & Light,Y,OH,Shelby
2024,11204,Los Alamos County,,NM,Los Alamos
2024,11205,Town of Lucama - (NC),Y,NC,Wilson
2024,11206,City of Mulberry - (KS),Y,KS,Crawford
2024,11207,City of Muscotah,Y,KS,Atchison
2024,11208,Los Angeles Department of Water & Power,,CA,Inyo
2024,11208,Los Angeles Department of Water & Power,,CA,Los Angeles
2024,11211,Lost River Electric Coop Inc,Y,ID,Blaine
2024,11211,Lost River Electric Coop Inc,Y,ID,Butte
2024,11211,Lost River Electric Coop Inc,Y,ID,Custer
2024,11222,Loudon Utilities Board,,TN,Loudon
2024,11228,Town of Louisburg - (NC),Y,NC,Franklin
2024,11241,Entergy Louisiana LLC,,LA,Acadia
2024,11241,Entergy Louisiana LLC,,LA,Allen
2024,11241,Entergy Louisiana LLC,,LA,Ascension
2024,11241,Entergy Louisiana LLC,,LA,Assumption
2024,11241,Entergy Louisiana LLC,,LA,Avoyelles
2024,11241,Entergy Louisiana LLC,,LA,Beauregard
2024,11241,Entergy Louisiana LLC,,LA,Bienville
2024,11241,Entergy Louisiana LLC,,LA,Bossier
2024,11241,Entergy Louisiana LLC,,LA,Calcasieu
2024,11241,Entergy Louisiana LLC,,LA,Caldwell
2024,11241,Entergy Louisiana LLC,,LA,Cameron
2024,11241,Entergy Louisiana LLC,,LA,Catahoula
2024,11241,Entergy Louisiana LLC,,LA,Claiborne
2024,11241,Entergy Louisiana LLC,,LA,Concordia
2024,11241,Entergy Louisiana LLC,,LA,East Baton Rouge
2024,11241,Entergy Louisiana LLC,,LA,East Carroll
2024,11241,Entergy Louisiana LLC,,LA,East Feliciana
2024,11241,Entergy Louisiana LLC,,LA,Franklin
2024,11241,Entergy Louisiana LLC,,LA,Grant
2024,11241,Entergy Louisiana LLC,,LA,Iberia
2024,11241,Entergy Louisiana LLC,,LA,Iberville
2024,11241,Entergy Louisiana LLC,,LA,Jackson
2024,11241,Entergy Louisiana LLC,,LA,Jefferson
2024,11241,Entergy Louisiana LLC,,LA,Jefferson Davis
2024,11241,Entergy Louisiana LLC,,LA,La Salle
2024,11241,Entergy Louisiana LLC,,LA,Lafayette
2024,11241,Entergy Louisiana LLC,,LA,Lafourche
2024,11241,Entergy Louisiana LLC,,LA,Lincoln
2024,11241,Entergy Louisiana LLC,,LA,Livingston
2024,11241,Entergy Louisiana LLC,,LA,Madison
2024,11241,Entergy Louisiana LLC,,LA,Morehouse
2024,11241,Entergy Louisiana LLC,,LA,Natchitoches
2024,11241,Entergy Louisiana LLC,,LA,Orleans
2024,11241,Entergy Louisiana LLC,,LA,Ouachita
2024,11241,Entergy Louisiana LLC,,LA,Plaquemines
2024,11241,Entergy Louisiana LLC,,LA,Pointe Coupee
2024,11241,Entergy Louisiana LLC,,LA,Rapides
2024,11241,Entergy Louisiana LLC,,LA,Red River
2024,11241,Entergy Louisiana LLC,,LA,Richland
2024,11241,Entergy Louisiana LLC,,LA,Sabine
2024,11241,Entergy Louisiana LLC,,LA,St  Helena
2024,11241,Entergy Louisiana LLC,,LA,St Bernard
2024,11241,Entergy Louisiana LLC,,LA,St Charles
2024,11241,Entergy Louisiana LLC,,LA,St James
2024,11241,Entergy Louisiana LLC,,LA,St John The Baptist
2024,11241,Entergy Louisiana LLC,,LA,St Landry
2024,11241,Entergy Louisiana LLC,,LA,St Martin
2024,11241,Entergy Louisiana LLC,,LA,St Tammany
2024,11241,Entergy Louisiana LLC,,LA,Tangipahoa
2024,11241,Entergy Louisiana LLC,,LA,Tensas
2024,11241,Entergy Louisiana LLC,,LA,Terrebonne
2024,11241,Entergy Louisiana LLC,,LA,Union
2024,11241,Entergy Louisiana LLC,,LA,Vermilion
2024,11241,Entergy Louisiana LLC,,LA,Vernon
2024,11241,Entergy Louisiana LLC,,LA,Washington
2024,11241,Entergy Louisiana LLC,,LA,Webster
2024,11241,Entergy Louisiana LLC,,LA,West Baton Rouge
2024,11241,Entergy Louisiana LLC,,LA,West Carroll
2024,11241,Entergy Louisiana LLC,,LA,West Feliciana
2024,11241,Entergy Louisiana LLC,,LA,Winn
2024,11247,Louisville Electric System,,MS,Winston
2024,11249,Louisville Gas & Electric Co,,KY,Bullitt
2024,11249,Louisville Gas & Electric Co,,KY,Hardin
2024,11249,Louisville Gas & Electric Co,,KY,Henry
2024,11249,Louisville Gas & Electric Co,,KY,Jefferson
2024,11249,Louisville Gas & Electric Co,,KY,Meade
2024,11249,Louisville Gas & Electric Co,,KY,Oldham
2024,11249,Louisville Gas & Electric Co,,KY,Shelby
2024,11249,Louisville Gas & Electric Co,,KY,Spencer
2024,11249,Louisville Gas & Electric Co,,KY,Trimble
2024,11250,Loup Valleys Rural P P D,Y,NE,Custer
2024,11250,Loup Valleys Rural P P D,Y,NE,Garfield
2024,11250,Loup Valleys Rural P P D,Y,NE,Greeley
2024,11250,Loup Valleys Rural P P D,Y,NE,Loup
2024,11250,Loup Valleys Rural P P D,Y,NE,Sherman
2024,11250,Loup Valleys Rural P P D,Y,NE,Valley
2024,11250,Loup Valleys Rural P P D,Y,NE,Wheeler
2024,11251,Loup River Public Power Dist,,NE,Boone
2024,11251,Loup River Public Power Dist,,NE,Colfax
2024,11251,Loup River Public Power Dist,,NE,Madison
2024,11251,Loup River Public Power Dist,,NE,Nance
2024,11251,Loup River Public Power Dist,,NE,Platte
2024,11256,City of Loveland - (CO),,CO,Larimer
2024,11268,City of Lowell - (MI),Y,MI,Kent
2024,11272,"Lower Yellowstone R E A, Inc",,MT,Dawson
2024,11272,"Lower Yellowstone R E A, Inc",,MT,Richland
2024,11272,"Lower Yellowstone R E A, Inc",,MT,Roosevelt
2024,11272,"Lower Yellowstone R E A, Inc",,ND,McKenzie
2024,11272,"Lower Yellowstone R E A, Inc",,ND,Williams
2024,11273,Lower Valley Energy Inc,,ID,Bonneville
2024,11273,Lower Valley Energy Inc,,ID,Caribou
2024,11273,Lower Valley Energy Inc,,WY,Lincoln
2024,11273,Lower Valley Energy Inc,,WY,Sublette
2024,11273,Lower Valley Energy Inc,,WY,Teton
2024,11291,Lumbee River Elec Member Corp,,NC,Cumberland
2024,11291,Lumbee River Elec Member Corp,,NC,Hoke
2024,11291,Lumbee River Elec Member Corp,,NC,Moore
2024,11291,Lumbee River Elec Member Corp,,NC,Robeson
2024,11291,Lumbee River Elec Member Corp,,NC,Scotland
2024,11292,City of Lubbock - (TX),,TX,Lubbock
2024,11296,Village of Lucas - (OH),Y,OH,Richland
2024,11298,Lyon Rural Electric Coop,Y,IA,Lyon
2024,11298,Lyon Rural Electric Coop,Y,IA,Osceola
2024,11298,Lyon Rural Electric Coop,Y,IA,Sioux
2024,11299,City of Lucas- (KS),Y,KS,Russell
2024,11305,Village of Ludlow - (VT),Y,VT,Windsor
2024,11306,City of Luray - (KS),Y,KS,Russell
2024,11316,City of Luling - (TX),Y,TX,Caldwell
2024,11318,City of Lumberton - (NC),,NC,Robeson
2024,11330,Town of Lusk - (WY),Y,WY,Niobrara
2024,11332,City of Luverne - (MN),Y,MN,Rock
2024,11333,City of Luverne - (AL),Y,AL,Crenshaw
2024,11345,"Lyon Electric Cooperative, Inc.",Y,MN,Lincoln
2024,11345,"Lyon Electric Cooperative, Inc.",Y,MN,Lyon
2024,11345,"Lyon Electric Cooperative, Inc.",Y,MN,Murray
2024,11345,"Lyon Electric Cooperative, Inc.",Y,MN,Pipestone
2024,11345,"Lyon Electric Cooperative, Inc.",Y,MN,Yellow Medicine
2024,11346,Village of Lyman - (NE),Y,NE,Scotts Bluff
2024,11355,"Lynches River Elec Coop, Inc",,SC,Chesterfield
2024,11355,"Lynches River Elec Coop, Inc",,SC,Kershaw
2024,11355,"Lynches River Elec Coop, Inc",,SC,Lancaster
2024,11359,The Town of Lyndon Electric Department,Y,VT,Caledonia
2024,11359,The Town of Lyndon Electric Department,Y,VT,Essex
2024,11359,The Town of Lyndon Electric Department,Y,VT,Orleans
2024,11360,Town of MacClesfield - (NC),Y,NC,Edgecombe
2024,11364,"Lyntegar Electric Coop, Inc",,TX,Andrews
2024,11364,"Lyntegar Electric Coop, Inc",,TX,Borden
2024,11364,"Lyntegar Electric Coop, Inc",,TX,Dawson
2024,11364,"Lyntegar Electric Coop, Inc",,TX,Gaines
2024,11364,"Lyntegar Electric Coop, Inc",,TX,Garza
2024,11364,"Lyntegar Electric Coop, Inc",,TX,Hockley
2024,11364,"Lyntegar Electric Coop, Inc",,TX,Howard
2024,11364,"Lyntegar Electric Coop, Inc",,TX,Lubbock
2024,11364,"Lyntegar Electric Coop, Inc",,TX,Lynn
2024,11364,"Lyntegar Electric Coop, Inc",,TX,Martin
2024,11364,"Lyntegar Electric Coop, Inc",,TX,Terry
2024,11364,"Lyntegar Electric Coop, Inc",,TX,Yoakum
2024,11372,City of Lyons - (NE),Y,NE,Burt
2024,11376,Town of Lyons - (CO),Y,CO,Boulder
2024,11424,City of Mabel - (MN),Y,MN,Fillmore
2024,11458,City of Macon - (MS),,MS,Noxubee
2024,11460,City of Macon - (MO),Y,MO,Macon
2024,11463,Macon Electric Coop,,MO,Adair
2024,11463,Macon Electric Coop,,MO,Chariton
2024,11463,Macon Electric Coop,,MO,Knox
2024,11463,Macon Electric Coop,,MO,Linn
2024,11463,Macon Electric Coop,,MO,Macon
2024,11463,Macon Electric Coop,,MO,Monroe
2024,11463,Macon Electric Coop,,MO,Randolph
2024,11463,Macon Electric Coop,,MO,Shelby
2024,11463,Macon Electric Coop,,MO,Sullivan
2024,11470,City of Maddock - (ND),Y,ND,Benson
2024,11475,City of Madison - (SD),,SD,Lake
2024,11476,Borough of Madison - (NJ),Y,NJ,Morris
2024,11477,Town of Madison - (ME),,ME,Somerset
2024,11479,Madison Gas & Electric Co,,WI,Dane
2024,11481,City of Madison - (NE),Y,NE,Madison
2024,11482,City of Madison - (MN),Y,MN,Lac Qui Parle
2024,11488,Madisonville Municipal Utils,,KY,Hopkins
2024,11501,Magic Valley Electric Coop Inc,,TX,Brooks
2024,11501,Magic Valley Electric Coop Inc,,TX,Cameron
2024,11501,Magic Valley Electric Coop Inc,,TX,Hidalgo
2024,11501,Magic Valley Electric Coop Inc,,TX,Kenedy
2024,11501,Magic Valley Electric Coop Inc,,TX,Starr
2024,11501,Magic Valley Electric Coop Inc,,TX,Willacy
2024,11515,Town of Maiden - (NC),Y,NC,Catawba
2024,11519,Magnolia Electric Power Assn,,MS,Amite
2024,11519,Magnolia Electric Power Assn,,MS,Franklin
2024,11519,Magnolia Electric Power Assn,,MS,Lawrence
2024,11519,Magnolia Electric Power Assn,,MS,Lincoln
2024,11519,Magnolia Electric Power Assn,,MS,Pike
2024,11519,Magnolia Electric Power Assn,,MS,Walthall
2024,11540,City of Malden - (MO),Y,MO,Dunklin
2024,11541,City of Manitou - (OK),Y,OK,Tillman
2024,11560,City of Manassas - (VA),,VA,Manassas City
2024,11566,City of Mangum - (OK),Y,OK,Greer
2024,11568,Town of Manilla - (IA),Y,IA,Crawford
2024,11571,Manitowoc Public Utilities,,WI,Manitowoc
2024,11572,City of Mankato - (KS),Y,KS,Jewell
2024,11578,Town of Mannford - (OK),Y,OK,Creek
2024,11581,City of Manning,Y,IA,Carroll
2024,11585,City of Mansfield - (MO),Y,MO,Wright
2024,11586,Town of Mansfield - (MA),,MA,Bristol
2024,11587,City of Mansfield - (GA),Y,GA,Newton
2024,11588,City of Manti - (UT),Y,UT,Sanpete
2024,11589,"Harney Electric Coop, Inc",Y,NV,Humboldt
2024,11589,"Harney Electric Coop, Inc",Y,OR,Crook
2024,11589,"Harney Electric Coop, Inc",Y,OR,Deschutes
2024,11589,"Harney Electric Coop, Inc",Y,OR,Harney
2024,11589,"Harney Electric Coop, Inc",Y,OR,Lake
2024,11589,"Harney Electric Coop, Inc",Y,OR,Malheur
2024,11609,City of Mapleton- (IA),Y,IA,Monona
2024,11611,City of Maquoketa - (IA),,IA,Clinton
2024,11611,City of Maquoketa - (IA),,IA,Jackson
2024,11618,Village of Marathon - (NY),Y,NY,Broome
2024,11618,Village of Marathon - (NY),Y,NY,Cortland
2024,11624,Town of Marblehead - (MA),Y,MA,Essex
2024,11626,City of Marceline - (MO),Y,MO,Linn
2024,11643,Marias River Electric Coop Inc,Y,MT,Liberty
2024,11643,Marias River Electric Coop Inc,Y,MT,Pondera
2024,11643,Marias River Electric Coop Inc,Y,MT,Toole
2024,11646,City of Marietta - (GA),,GA,Cobb
2024,11658,City of Marion - (KS),Y,KS,Marion
2024,11691,City of Marlow - (OK),Y,OK,Grady
2024,11691,City of Marlow - (OK),Y,OK,Stephens
2024,11701,City of Marquette - (MI),,MI,Marquette
2024,11713,City of Marshall - (MI),Y,MI,Calhoun
2024,11714,Marshall-De Kalb Electric Coop,,AL,DeKalb
2024,11714,Marshall-De Kalb Electric Coop,,AL,Etowah
2024,11714,Marshall-De Kalb Electric Coop,,AL,Marshall
2024,11731,City of Marshall - (MN),,MN,Lyon
2024,11732,City of Marshall - (MO),Y,MO,Saline
2024,11736,City of Marshall - (IL),Y,IL,Clark
2024,11739,Village of Marshallville - (OH),Y,OH,Wayne
2024,11740,City of Marshfield - (WI),,WI,Clark
2024,11740,City of Marshfield - (WI),,WI,Marathon
2024,11740,City of Marshfield - (WI),,WI,Wood
2024,11767,Marshall County Rural E M C,Y,IN,Elkhart
2024,11767,Marshall County Rural E M C,Y,IN,Fulton
2024,11767,Marshall County Rural E M C,Y,IN,Kosciusko
2024,11767,Marshall County Rural E M C,Y,IN,Marshall
2024,11767,Marshall County Rural E M C,Y,IN,St Joseph
2024,11767,Marshall County Rural E M C,Y,IN,Starke
2024,11770,City of Martinsville - (VA),Y,VA,Henry
2024,11770,City of Martinsville - (VA),Y,VA,Martinsville City
2024,11788,Consumers Energy Coop - (IA),,IA,Jasper
2024,11788,Consumers Energy Coop - (IA),,IA,Marshall
2024,11788,Consumers Energy Coop - (IA),,IA,Polk
2024,11788,Consumers Energy Coop - (IA),,IA,Story
2024,11788,Consumers Energy Coop - (IA),,IA,Tama
2024,11789,Maryville Utilities,,TN,Blount
2024,11790,City of Mascoutah - (IL),Y,IL,St Clair
2024,11793,City of Mason - (TX),Y,TX,Mason
2024,11804,Massachusetts Electric Co,,MA,Barnstable
2024,11804,Massachusetts Electric Co,,MA,Berkshire
2024,11804,Massachusetts Electric Co,,MA,Bristol
2024,11804,Massachusetts Electric Co,,MA,Essex
2024,11804,Massachusetts Electric Co,,MA,Franklin
2024,11804,Massachusetts Electric Co,,MA,Hampden
2024,11804,Massachusetts Electric Co,,MA,Hampshire
2024,11804,Massachusetts Electric Co,,MA,Middlesex
2024,11804,Massachusetts Electric Co,,MA,Norfolk
2024,11804,Massachusetts Electric Co,,MA,Plymouth
2024,11804,Massachusetts Electric Co,,MA,Suffolk
2024,11804,Massachusetts Electric Co,,MA,Worcester
2024,11811,Town of Massena - (NY),,NY,St Lawrence
2024,11824,Matanuska Electric Assn Inc,,AK,Anchorage
2024,11824,Matanuska Electric Assn Inc,,AK,Matanuska Susitna
2024,11843,Maui Electric Co Ltd,,HI,Kalawao
2024,11843,Maui Electric Co Ltd,,HI,Maui
2024,11844,Matinicus Plantation Elec Co,Y,ME,Knox
2024,11871,City of Mayfield Plant Board,,KY,Graves
2024,11892,Village of Mayville - (NY),Y,NY,Chautauqua
2024,11895,Village of Mazomanie - (WI),Y,WI,Dane
2024,11910,McLeod Cooperative Power Assn,Y,MN,Carver
2024,11910,McLeod Cooperative Power Assn,Y,MN,Kandiyohi
2024,11910,McLeod Cooperative Power Assn,Y,MN,McLeod
2024,11910,McLeod Cooperative Power Assn,Y,MN,Meeker
2024,11910,McLeod Cooperative Power Assn,Y,MN,Renville
2024,11910,McLeod Cooperative Power Assn,Y,MN,Sibley
2024,11910,McLeod Cooperative Power Assn,Y,MN,Wright
2024,11965,City of McCleary - (WA),Y,WA,Grays Harbor
2024,11989,McCone Electric Coop Inc,Y,MT,Custer
2024,11989,McCone Electric Coop Inc,Y,MT,Dawson
2024,11989,McCone Electric Coop Inc,Y,MT,Garfield
2024,11989,McCone Electric Coop Inc,Y,MT,McCone
2024,11989,McCone Electric Coop Inc,Y,MT,Petroleum
2024,11989,McCone Electric Coop Inc,Y,MT,Prairie
2024,11989,McCone Electric Coop Inc,Y,MT,Richland
2024,11989,McCone Electric Coop Inc,Y,MT,Roosevelt
2024,11989,McCone Electric Coop Inc,Y,MT,Rosebud
2024,12006,Town of McCormick - (SC),Y,SC,McCormick
2024,12070,McDonough Power Coop,Y,IL,Fulton
2024,12070,McDonough Power Coop,Y,IL,Hancock
2024,12070,McDonough Power Coop,Y,IL,Henderson
2024,12070,McDonough Power Coop,Y,IL,Knox
2024,12070,McDonough Power Coop,Y,IL,McDonough
2024,12070,McDonough Power Coop,Y,IL,Schuyler
2024,12070,McDonough Power Coop,Y,IL,Warren
2024,12087,McKenzie Electric Coop Inc,,MT,Richland
2024,12087,McKenzie Electric Coop Inc,,MT,Wibaux
2024,12087,McKenzie Electric Coop Inc,,ND,Billings
2024,12087,McKenzie Electric Coop Inc,,ND,Dunn
2024,12087,McKenzie Electric Coop Inc,,ND,Golden Valley
2024,12087,McKenzie Electric Coop Inc,,ND,McKenzie
2024,12087,McKenzie Electric Coop Inc,,ND,Mercer
2024,12090,"McLean Electric Coop, Inc",,ND,McHenry
2024,12090,"McLean Electric Coop, Inc",,ND,McLean
2024,12090,"McLean Electric Coop, Inc",,ND,Mountrail
2024,12090,"McLean Electric Coop, Inc",,ND,Sheridan
2024,12090,"McLean Electric Coop, Inc",,ND,Ward
2024,12114,City of McGregor- (IA),Y,IA,Clayton
2024,12119,McGrath Light & Power Co,Y,AK,Yukon Koyukuk
2024,12167,City of McLeansboro - (IL),Y,IL,Hamilton
2024,12186,McMinnville Electric System,,TN,Warren
2024,12187,City of McMinnville - (OR),,OR,Yamhill
2024,12191,McMullen Valley Water C&D Dist,Y,AZ,La Paz
2024,12199,Montana-Dakota Utilities Co,,MT,Custer
2024,12199,Montana-Dakota Utilities Co,,MT,Daniels
2024,12199,Montana-Dakota Utilities Co,,MT,Dawson
2024,12199,Montana-Dakota Utilities Co,,MT,Fallon
2024,12199,Montana-Dakota Utilities Co,,MT,McCone
2024,12199,Montana-Dakota Utilities Co,,MT,Prairie
2024,12199,Montana-Dakota Utilities Co,,MT,Richland
2024,12199,Montana-Dakota Utilities Co,,MT,Roosevelt
2024,12199,Montana-Dakota Utilities Co,,MT,Rosebud
2024,12199,Montana-Dakota Utilities Co,,MT,Sheridan
2024,12199,Montana-Dakota Utilities Co,,MT,Wibaux
2024,12199,Montana-Dakota Utilities Co,,ND,Adams
2024,12199,Montana-Dakota Utilities Co,,ND,Billings
2024,12199,Montana-Dakota Utilities Co,,ND,Bottineau
2024,12199,Montana-Dakota Utilities Co,,ND,Bowman
2024,12199,Montana-Dakota Utilities Co,,ND,Burke
2024,12199,Montana-Dakota Utilities Co,,ND,Burleigh
2024,12199,Montana-Dakota Utilities Co,,ND,Dickey
2024,12199,Montana-Dakota Utilities Co,,ND,Divide
2024,12199,Montana-Dakota Utilities Co,,ND,Dunn
2024,12199,Montana-Dakota Utilities Co,,ND,Emmons
2024,12199,Montana-Dakota Utilities Co,,ND,Golden Valley
2024,12199,Montana-Dakota Utilities Co,,ND,Grant
2024,12199,Montana-Dakota Utilities Co,,ND,Hettinger
2024,12199,Montana-Dakota Utilities Co,,ND,Kidder
2024,12199,Montana-Dakota Utilities Co,,ND,LaMoure
2024,12199,Montana-Dakota Utilities Co,,ND,Logan
2024,12199,Montana-Dakota Utilities Co,,ND,McIntosh
2024,12199,Montana-Dakota Utilities Co,,ND,McKenzie
2024,12199,Montana-Dakota Utilities Co,,ND,Mercer
2024,12199,Montana-Dakota Utilities Co,,ND,Morton
2024,12199,Montana-Dakota Utilities Co,,ND,Mountrail
2024,12199,Montana-Dakota Utilities Co,,ND,Oliver
2024,12199,Montana-Dakota Utilities Co,,ND,Renville
2024,12199,Montana-Dakota Utilities Co,,ND,Richland
2024,12199,Montana-Dakota Utilities Co,,ND,Sioux
2024,12199,Montana-Dakota Utilities Co,,ND,Slope
2024,12199,Montana-Dakota Utilities Co,,ND,Stark
2024,12199,Montana-Dakota Utilities Co,,ND,Ward
2024,12199,Montana-Dakota Utilities Co,,ND,Williams
2024,12199,Montana-Dakota Utilities Co,,SD,Brown
2024,12199,Montana-Dakota Utilities Co,,SD,Campbell
2024,12199,Montana-Dakota Utilities Co,,SD,Corson
2024,12199,Montana-Dakota Utilities Co,,SD,Day
2024,12199,Montana-Dakota Utilities Co,,SD,Edmunds
2024,12199,Montana-Dakota Utilities Co,,SD,Faulk
2024,12199,Montana-Dakota Utilities Co,,SD,Grant
2024,12199,Montana-Dakota Utilities Co,,SD,Harding
2024,12199,Montana-Dakota Utilities Co,,SD,McPherson
2024,12199,Montana-Dakota Utilities Co,,SD,Perkins
2024,12199,Montana-Dakota Utilities Co,,SD,Potter
2024,12199,Montana-Dakota Utilities Co,,SD,Roberts
2024,12199,Montana-Dakota Utilities Co,,SD,Walworth
2024,12199,Montana-Dakota Utilities Co,,WY,Johnson
2024,12199,Montana-Dakota Utilities Co,,WY,Sheridan
2024,12208,City of McPherson - (KS),,KS,McPherson
2024,12227,Meeker Coop Light & Power Assn,,MN,Kandiyohi
2024,12227,Meeker Coop Light & Power Assn,,MN,McLeod
2024,12227,Meeker Coop Light & Power Assn,,MN,Meeker
2024,12227,Meeker Coop Light & Power Assn,,MN,Renville
2024,12227,Meeker Coop Light & Power Assn,,MN,Stearns
2024,12227,Meeker Coop Light & Power Assn,,MN,Wright
2024,12242,City of Meade - (KS),Y,KS,Meade
2024,12243,Meade County Rural E C C,,KY,Breckinridge
2024,12243,Meade County Rural E C C,,KY,Grayson
2024,12243,Meade County Rural E C C,,KY,Hancock
2024,12243,Meade County Rural E C C,,KY,Hardin
2024,12243,Meade County Rural E C C,,KY,Meade
2024,12243,Meade County Rural E C C,,KY,Ohio
2024,12260,Mecklenburg Electric Cooperative,,NC,Granville
2024,12260,Mecklenburg Electric Cooperative,,NC,Northampton
2024,12260,Mecklenburg Electric Cooperative,,NC,Person
2024,12260,Mecklenburg Electric Cooperative,,NC,Vance
2024,12260,Mecklenburg Electric Cooperative,,NC,Warren
2024,12260,Mecklenburg Electric Cooperative,,VA,Brunswick
2024,12260,Mecklenburg Electric Cooperative,,VA,Charlotte
2024,12260,Mecklenburg Electric Cooperative,,VA,Greensville
2024,12260,Mecklenburg Electric Cooperative,,VA,Halifax
2024,12260,Mecklenburg Electric Cooperative,,VA,Lunenburg
2024,12260,Mecklenburg Electric Cooperative,,VA,Mecklenburg
2024,12260,Mecklenburg Electric Cooperative,,VA,Pittsylvania
2024,12260,Mecklenburg Electric Cooperative,,VA,Southampton
2024,12260,Mecklenburg Electric Cooperative,,VA,Sussex
2024,12265,City of Medford - (WI),Y,WI,Taylor
2024,12268,"Medina Electric Coop, Inc",,TX,Atascosa
2024,12268,"Medina Electric Coop, Inc",,TX,Brooks
2024,12268,"Medina Electric Coop, Inc",,TX,Dimmit
2024,12268,"Medina Electric Coop, Inc",,TX,Duval
2024,12268,"Medina Electric Coop, Inc",,TX,Edwards
2024,12268,"Medina Electric Coop, Inc",,TX,Frio
2024,12268,"Medina Electric Coop, Inc",,TX,Jim Hogg
2024,12268,"Medina Electric Coop, Inc",,TX,Kinney
2024,12268,"Medina Electric Coop, Inc",,TX,La Salle
2024,12268,"Medina Electric Coop, Inc",,TX,McMullen
2024,12268,"Medina Electric Coop, Inc",,TX,Medina
2024,12268,"Medina Electric Coop, Inc",,TX,Real
2024,12268,"Medina Electric Coop, Inc",,TX,Starr
2024,12268,"Medina Electric Coop, Inc",,TX,Uvalde
2024,12268,"Medina Electric Coop, Inc",,TX,Webb
2024,12268,"Medina Electric Coop, Inc",,TX,Zapata
2024,12268,"Medina Electric Coop, Inc",,TX,Zavala
2024,12286,Melrose Public Utilities,Y,MN,Stearns
2024,12289,Meadow Town Corporation,Y,UT,Millard
2024,12292,City of Meadville - (MO),Y,MO,Linn
2024,12293,City of Memphis - (TN),,TN,Shelby
2024,12294,City of Memphis - (MO),Y,MO,Scotland
2024,12296,Town of Merrimac - (MA),Y,MA,Essex
2024,12298,City of Menasha - (WI),,WI,Calumet
2024,12298,City of Menasha - (WI),,WI,Winnebago
2024,12301,Nodak Electric Coop Inc,,ND,Barnes
2024,12301,Nodak Electric Coop Inc,,ND,Benson
2024,12301,Nodak Electric Coop Inc,,ND,Cass
2024,12301,Nodak Electric Coop Inc,,ND,Cavalier
2024,12301,Nodak Electric Coop Inc,,ND,Eddy
2024,12301,Nodak Electric Coop Inc,,ND,Grand Forks
2024,12301,Nodak Electric Coop Inc,,ND,Griggs
2024,12301,Nodak Electric Coop Inc,,ND,Nelson
2024,12301,Nodak Electric Coop Inc,,ND,Pembina
2024,12301,Nodak Electric Coop Inc,,ND,Ramsey
2024,12301,Nodak Electric Coop Inc,,ND,Steele
2024,12301,Nodak Electric Coop Inc,,ND,Traill
2024,12301,Nodak Electric Coop Inc,,ND,Walsh
2024,12302,City of Mendon - (OH),Y,OH,Mercer
2024,12312,Merced Irrigation District,,CA,Merced
2024,12330,Meriwether Lewis Electric Coop,,TN,Hickman
2024,12330,Meriwether Lewis Electric Coop,,TN,Houston
2024,12330,Meriwether Lewis Electric Coop,,TN,Humphreys
2024,12330,Meriwether Lewis Electric Coop,,TN,Lewis
2024,12330,Meriwether Lewis Electric Coop,,TN,Perry
2024,12336,Village of Merrillan - (WI),Y,WI,Jackson
2024,12341,MidAmerican Energy Co,,IA,Adair
2024,12341,MidAmerican Energy Co,,IA,Adams
2024,12341,MidAmerican Energy Co,,IA,Audubon
2024,12341,MidAmerican Energy Co,,IA,Black Hawk
2024,12341,MidAmerican Energy Co,,IA,Bremer
2024,12341,MidAmerican Energy Co,,IA,Buchanan
2024,12341,MidAmerican Energy Co,,IA,Buena Vista
2024,12341,MidAmerican Energy Co,,IA,Butler
2024,12341,MidAmerican Energy Co,,IA,Calhoun
2024,12341,MidAmerican Energy Co,,IA,Carroll
2024,12341,MidAmerican Energy Co,,IA,Cass
2024,12341,MidAmerican Energy Co,,IA,Cerro Gordo
2024,12341,MidAmerican Energy Co,,IA,Cherokee
2024,12341,MidAmerican Energy Co,,IA,Chickasaw
2024,12341,MidAmerican Energy Co,,IA,Clinton
2024,12341,MidAmerican Energy Co,,IA,Crawford
2024,12341,MidAmerican Energy Co,,IA,Dallas
2024,12341,MidAmerican Energy Co,,IA,Floyd
2024,12341,MidAmerican Energy Co,,IA,Franklin
2024,12341,MidAmerican Energy Co,,IA,Fremont
2024,12341,MidAmerican Energy Co,,IA,Hamilton
2024,12341,MidAmerican Energy Co,,IA,Hardin
2024,12341,MidAmerican Energy Co,,IA,Harrison
2024,12341,MidAmerican Energy Co,,IA,Humboldt
2024,12341,MidAmerican Energy Co,,IA,Ida
2024,12341,MidAmerican Energy Co,,IA,Jasper
2024,12341,MidAmerican Energy Co,,IA,Johnson
2024,12341,MidAmerican Energy Co,,IA,Kossuth
2024,12341,MidAmerican Energy Co,,IA,Lyon
2024,12341,MidAmerican Energy Co,,IA,Madison
2024,12341,MidAmerican Energy Co,,IA,Mahaska
2024,12341,MidAmerican Energy Co,,IA,Marion
2024,12341,MidAmerican Energy Co,,IA,Mills
2024,12341,MidAmerican Energy Co,,IA,Monona
2024,12341,MidAmerican Energy Co,,IA,Monroe
2024,12341,MidAmerican Energy Co,,IA,Montgomery
2024,12341,MidAmerican Energy Co,,IA,Muscatine
2024,12341,MidAmerican Energy Co,,IA,O'Brien
2024,12341,MidAmerican Energy Co,,IA,Page
2024,12341,MidAmerican Energy Co,,IA,Palo Alto
2024,12341,MidAmerican Energy Co,,IA,Plymouth
2024,12341,MidAmerican Energy Co,,IA,Pocahontas
2024,12341,MidAmerican Energy Co,,IA,Polk
2024,12341,MidAmerican Energy Co,,IA,Pottawattamie
2024,12341,MidAmerican Energy Co,,IA,Poweshiek
2024,12341,MidAmerican Energy Co,,IA,Sac
2024,12341,MidAmerican Energy Co,,IA,Scott
2024,12341,MidAmerican Energy Co,,IA,Shelby
2024,12341,MidAmerican Energy Co,,IA,Sioux
2024,12341,MidAmerican Energy Co,,IA,Taylor
2024,12341,MidAmerican Energy Co,,IA,Warren
2024,12341,MidAmerican Energy Co,,IA,Washington
2024,12341,MidAmerican Energy Co,,IA,Webster
2024,12341,MidAmerican Energy Co,,IA,Woodbury
2024,12341,MidAmerican Energy Co,,IA,Wright
2024,12341,MidAmerican Energy Co,,IL,Henry
2024,12341,MidAmerican Energy Co,,IL,Mercer
2024,12341,MidAmerican Energy Co,,IL,Rock Island
2024,12341,MidAmerican Energy Co,,SD,Lincoln
2024,12341,MidAmerican Energy Co,,SD,Union
2024,12351,City of Mesa - (AZ),,AZ,Maricopa
2024,12377,Midwest Energy Cooperative - (MI),,IN,Elkhart
2024,12377,Midwest Energy Cooperative - (MI),,IN,Lagrange
2024,12377,Midwest Energy Cooperative - (MI),,IN,St Joseph
2024,12377,Midwest Energy Cooperative - (MI),,MI,Berrien
2024,12377,Midwest Energy Cooperative - (MI),,MI,Cass
2024,12377,Midwest Energy Cooperative - (MI),,MI,Kalamazoo
2024,12377,Midwest Energy Cooperative - (MI),,MI,Lenawee
2024,12377,Midwest Energy Cooperative - (MI),,MI,Monroe
2024,12377,Midwest Energy Cooperative - (MI),,MI,St Joseph
2024,12377,Midwest Energy Cooperative - (MI),,MI,Van Buren
2024,12377,Midwest Energy Cooperative - (MI),,OH,Fulton
2024,12377,Midwest Energy Cooperative - (MI),,OH,Williams
2024,12385,Metlakatla Power & Light,Y,AK,Prince of Wales Ketchikan
2024,12388,City of Metropolis - (IL),Y,IL,Massac
2024,12395,Menard Electric Coop,,IL,Cass
2024,12395,Menard Electric Coop,,IL,Logan
2024,12395,Menard Electric Coop,,IL,Macon
2024,12395,Menard Electric Coop,,IL,Mason
2024,12395,Menard Electric Coop,,IL,Menard
2024,12395,Menard Electric Coop,,IL,Morgan
2024,12395,Menard Electric Coop,,IL,Sangamon
2024,12395,Menard Electric Coop,,IL,Tazewell
2024,12406,Miami-Cass County Rural E M C,Y,IN,Cass
2024,12406,Miami-Cass County Rural E M C,Y,IN,Miami
2024,12406,Miami-Cass County Rural E M C,Y,IN,Wabash
2024,12408,Miami Special Utility Authority,Y,OK,Ottawa
2024,12439,"Midstate Electric Coop, Inc",,OR,Deschutes
2024,12439,"Midstate Electric Coop, Inc",,OR,Klamath
2024,12439,"Midstate Electric Coop, Inc",,OR,Lake
2024,12439,"Midstate Electric Coop, Inc",,OR,Lane
2024,12450,Midland Power Coop,,IA,Boone
2024,12450,Midland Power Coop,,IA,Calhoun
2024,12450,Midland Power Coop,,IA,Dallas
2024,12450,Midland Power Coop,,IA,Franklin
2024,12450,Midland Power Coop,,IA,Greene
2024,12450,Midland Power Coop,,IA,Grundy
2024,12450,Midland Power Coop,,IA,Guthrie
2024,12450,Midland Power Coop,,IA,Hamilton
2024,12450,Midland Power Coop,,IA,Hardin
2024,12450,Midland Power Coop,,IA,Humboldt
2024,12450,Midland Power Coop,,IA,Kossuth
2024,12450,Midland Power Coop,,IA,Marshall
2024,12450,Midland Power Coop,,IA,Pocahontas
2024,12450,Midland Power Coop,,IA,Polk
2024,12450,Midland Power Coop,,IA,Story
2024,12450,Midland Power Coop,,IA,Webster
2024,12450,Midland Power Coop,,IA,Wright
2024,12452,Mid-South Electric Coop Assn,,TX,Brazos
2024,12452,Mid-South Electric Coop Assn,,TX,Grimes
2024,12452,Mid-South Electric Coop Assn,,TX,Madison
2024,12452,Mid-South Electric Coop Assn,,TX,Montgomery
2024,12452,Mid-South Electric Coop Assn,,TX,Walker
2024,12452,Mid-South Electric Coop Assn,,TX,Waller
2024,12462,Mid-Carolina Electric Coop Inc,,SC,Aiken
2024,12462,Mid-Carolina Electric Coop Inc,,SC,Lexington
2024,12462,Mid-Carolina Electric Coop Inc,,SC,Newberry
2024,12462,Mid-Carolina Electric Coop Inc,,SC,Richland
2024,12462,Mid-Carolina Electric Coop Inc,,SC,Saluda
2024,12463,"Mid-Yellowstone Elec Coop, Inc",Y,MT,Big Horn
2024,12463,"Mid-Yellowstone Elec Coop, Inc",Y,MT,Custer
2024,12463,"Mid-Yellowstone Elec Coop, Inc",Y,MT,Rosebud
2024,12463,"Mid-Yellowstone Elec Coop, Inc",Y,MT,Treasure
2024,12463,"Mid-Yellowstone Elec Coop, Inc",Y,MT,Yellowstone
2024,12470,Middle Tennessee E M C,,TN,Cannon
2024,12470,Middle Tennessee E M C,,TN,DeKalb
2024,12470,Middle Tennessee E M C,,TN,Maury
2024,12470,Middle Tennessee E M C,,TN,Rutherford
2024,12470,Middle Tennessee E M C,,TN,Smith
2024,12470,Middle Tennessee E M C,,TN,Trousdale
2024,12470,Middle Tennessee E M C,,TN,Williamson
2024,12470,Middle Tennessee E M C,,TN,Wilson
2024,12472,Middle Georgia El Member Corp,Y,GA,Ben Hill
2024,12472,Middle Georgia El Member Corp,Y,GA,Dooly
2024,12472,Middle Georgia El Member Corp,Y,GA,Houston
2024,12472,Middle Georgia El Member Corp,Y,GA,Macon
2024,12472,Middle Georgia El Member Corp,Y,GA,Pulaski
2024,12472,Middle Georgia El Member Corp,Y,GA,Turner
2024,12472,Middle Georgia El Member Corp,Y,GA,Wilcox
2024,12473,Town of Middleborough - (MA),,MA,Plymouth
2024,12474,Borough of Middletown - (PA),Y,PA,Dauphin
2024,12476,Town of Middletown - (IN),Y,IN,Henry
2024,12477,Town of Middleton - (MA),Y,MA,Essex
2024,12478,Town of Middletown - (DE),,DE,New Castle
2024,12485,Middle Kuskokwim Elec Coop Inc,Y,AK,Bethel
2024,12515,"Midwest Electric, Inc - (OH)",,OH,Allen
2024,12515,"Midwest Electric, Inc - (OH)",,OH,Auglaize
2024,12515,"Midwest Electric, Inc - (OH)",,OH,Darke
2024,12515,"Midwest Electric, Inc - (OH)",,OH,Mercer
2024,12515,"Midwest Electric, Inc - (OH)",,OH,Putnam
2024,12515,"Midwest Electric, Inc - (OH)",,OH,Shelby
2024,12515,"Midwest Electric, Inc - (OH)",,OH,Van Wert
2024,12523,Borough of Mifflinburg - (PA),Y,PA,Union
2024,12524,Midwest Energy Inc - (KS),,KS,Barton
2024,12524,Midwest Energy Inc - (KS),,KS,Cheyenne
2024,12524,Midwest Energy Inc - (KS),,KS,Decatur
2024,12524,Midwest Energy Inc - (KS),,KS,Edwards
2024,12524,Midwest Energy Inc - (KS),,KS,Ellis
2024,12524,Midwest Energy Inc - (KS),,KS,Ellsworth
2024,12524,Midwest Energy Inc - (KS),,KS,Gove
2024,12524,Midwest Energy Inc - (KS),,KS,Graham
2024,12524,Midwest Energy Inc - (KS),,KS,Greeley
2024,12524,Midwest Energy Inc - (KS),,KS,Hodgeman
2024,12524,Midwest Energy Inc - (KS),,KS,Lane
2024,12524,Midwest Energy Inc - (KS),,KS,Lincoln
2024,12524,Midwest Energy Inc - (KS),,KS,Logan
2024,12524,Midwest Energy Inc - (KS),,KS,McPherson
2024,12524,Midwest Energy Inc - (KS),,KS,Ness
2024,12524,Midwest Energy Inc - (KS),,KS,Norton
2024,12524,Midwest Energy Inc - (KS),,KS,Osborne
2024,12524,Midwest Energy Inc - (KS),,KS,Pawnee
2024,12524,Midwest Energy Inc - (KS),,KS,Phillips
2024,12524,Midwest Energy Inc - (KS),,KS,Pratt
2024,12524,Midwest Energy Inc - (KS),,KS,Rawlins
2024,12524,Midwest Energy Inc - (KS),,KS,Reno
2024,12524,Midwest Energy Inc - (KS),,KS,Rice
2024,12524,Midwest Energy Inc - (KS),,KS,Rooks
2024,12524,Midwest Energy Inc - (KS),,KS,Rush
2024,12524,Midwest Energy Inc - (KS),,KS,Russell
2024,12524,Midwest Energy Inc - (KS),,KS,Saline
2024,12524,Midwest Energy Inc - (KS),,KS,Scott
2024,12524,Midwest Energy Inc - (KS),,KS,Sheridan
2024,12524,Midwest Energy Inc - (KS),,KS,Sherman
2024,12524,Midwest Energy Inc - (KS),,KS,Stafford
2024,12524,Midwest Energy Inc - (KS),,KS,Thomas
2024,12524,Midwest Energy Inc - (KS),,KS,Trego
2024,12524,Midwest Energy Inc - (KS),,KS,Wallace
2024,12531,City of Milan - (MO),Y,MO,Sullivan
2024,12532,City of Milan - (TN),,TN,Carroll
2024,12532,City of Milan - (TN),,TN,Gibson
2024,12532,City of Milan - (TN),,TN,Madison
2024,12533,Village of Milan - (OH),Y,OH,Erie
2024,12533,Village of Milan - (OH),Y,OH,Huron
2024,12539,Midwest Electric Member Corp - (NE),,NE,Chase
2024,12539,Midwest Electric Member Corp - (NE),,NE,Hayes
2024,12539,Midwest Electric Member Corp - (NE),,NE,Keith
2024,12539,Midwest Electric Member Corp - (NE),,NE,Lincoln
2024,12539,Midwest Electric Member Corp - (NE),,NE,Perkins
2024,12540,City of Milford - (DE),,DE,Kent
2024,12540,City of Milford - (DE),,DE,Sussex
2024,12541,City of Milford - (IA),Y,IA,Dickinson
2024,12546,Mille Lacs Energy Cooperative,,MN,Aitkin
2024,12546,Mille Lacs Energy Cooperative,,MN,Crow Wing
2024,12546,Mille Lacs Energy Cooperative,,MN,Mille Lacs
2024,12580,City of Miller - (SD),Y,SD,Hand
2024,12608,Borough of Milltown - (NJ),Y,NJ,Middlesex
2024,12609,City of Minidoka - (ID),Y,ID,Minidoka
2024,12615,City of Milton-Freewater- (OR),Y,OR,Umatilla
2024,12616,City of Milton - (WA),Y,WA,King
2024,12616,City of Milton - (WA),Y,WA,Pierce
2024,12625,City of Minden - (LA),Y,LA,Webster
2024,12626,City of Minden - (NE),Y,NE,Kearney
2024,12627,City of Mindenmines - (MO),Y,MO,Barton
2024,12642,Maquoketa Valley Rrl Elec Coop,,IA,Buchanan
2024,12642,Maquoketa Valley Rrl Elec Coop,,IA,Cedar
2024,12642,Maquoketa Valley Rrl Elec Coop,,IA,Clayton
2024,12642,Maquoketa Valley Rrl Elec Coop,,IA,Clinton
2024,12642,Maquoketa Valley Rrl Elec Coop,,IA,Delaware
2024,12642,Maquoketa Valley Rrl Elec Coop,,IA,Dubuque
2024,12642,Maquoketa Valley Rrl Elec Coop,,IA,Jackson
2024,12642,Maquoketa Valley Rrl Elec Coop,,IA,Jones
2024,12642,Maquoketa Valley Rrl Elec Coop,,IA,Linn
2024,12647,"ALLETE, Inc.",,MN,Aitkin
2024,12647,"ALLETE, Inc.",,MN,Benton
2024,12647,"ALLETE, Inc.",,MN,Carlton
2024,12647,"ALLETE, Inc.",,MN,Cass
2024,12647,"ALLETE, Inc.",,MN,Cook
2024,12647,"ALLETE, Inc.",,MN,Crow Wing
2024,12647,"ALLETE, Inc.",,MN,Hubbard
2024,12647,"ALLETE, Inc.",,MN,Itasca
2024,12647,"ALLETE, Inc.",,MN,Koochiching
2024,12647,"ALLETE, Inc.",,MN,Lake
2024,12647,"ALLETE, Inc.",,MN,Morrison
2024,12647,"ALLETE, Inc.",,MN,Otter Tail
2024,12647,"ALLETE, Inc.",,MN,Pine
2024,12647,"ALLETE, Inc.",,MN,St Louis
2024,12647,"ALLETE, Inc.",,MN,Stearns
2024,12647,"ALLETE, Inc.",,MN,Todd
2024,12647,"ALLETE, Inc.",,MN,Wadena
2024,12651,Minnesota Valley Electric Coop,,MN,Blue Earth
2024,12651,Minnesota Valley Electric Coop,,MN,Carver
2024,12651,Minnesota Valley Electric Coop,,MN,Dakota
2024,12651,Minnesota Valley Electric Coop,,MN,Hennepin
2024,12651,Minnesota Valley Electric Coop,,MN,Le Sueur
2024,12651,Minnesota Valley Electric Coop,,MN,Rice
2024,12651,Minnesota Valley Electric Coop,,MN,Scott
2024,12651,Minnesota Valley Electric Coop,,MN,Sibley
2024,12651,Minnesota Valley Electric Coop,,MN,Waseca
2024,12660,Village of Minster - (OH),Y,OH,Auglaize
2024,12660,Village of Minster - (OH),Y,OH,Shelby
2024,12674,City of Mishawaka,,IN,St Joseph
2024,12681,Mississippi County Electric Co,,AR,Mississippi
2024,12685,Entergy Mississippi LLC,,MS,Adams
2024,12685,Entergy Mississippi LLC,,MS,Amite
2024,12685,Entergy Mississippi LLC,,MS,Attala
2024,12685,Entergy Mississippi LLC,,MS,Bolivar
2024,12685,Entergy Mississippi LLC,,MS,Calhoun
2024,12685,Entergy Mississippi LLC,,MS,Carroll
2024,12685,Entergy Mississippi LLC,,MS,Choctaw
2024,12685,Entergy Mississippi LLC,,MS,Claiborne
2024,12685,Entergy Mississippi LLC,,MS,Clay
2024,12685,Entergy Mississippi LLC,,MS,Coahoma
2024,12685,Entergy Mississippi LLC,,MS,Copiah
2024,12685,Entergy Mississippi LLC,,MS,Covington
2024,12685,Entergy Mississippi LLC,,MS,DeSoto
2024,12685,Entergy Mississippi LLC,,MS,Franklin
2024,12685,Entergy Mississippi LLC,,MS,Grenada
2024,12685,Entergy Mississippi LLC,,MS,Hinds
2024,12685,Entergy Mississippi LLC,,MS,Holmes
2024,12685,Entergy Mississippi LLC,,MS,Humphreys
2024,12685,Entergy Mississippi LLC,,MS,Issaquena
2024,12685,Entergy Mississippi LLC,,MS,Jefferson
2024,12685,Entergy Mississippi LLC,,MS,Jefferson Davis
2024,12685,Entergy Mississippi LLC,,MS,Lawrence
2024,12685,Entergy Mississippi LLC,,MS,Leake
2024,12685,Entergy Mississippi LLC,,MS,Leflore
2024,12685,Entergy Mississippi LLC,,MS,Lincoln
2024,12685,Entergy Mississippi LLC,,MS,Madison
2024,12685,Entergy Mississippi LLC,,MS,Montgomery
2024,12685,Entergy Mississippi LLC,,MS,Panola
2024,12685,Entergy Mississippi LLC,,MS,Pike
2024,12685,Entergy Mississippi LLC,,MS,Quitman
2024,12685,Entergy Mississippi LLC,,MS,Rankin
2024,12685,Entergy Mississippi LLC,,MS,Scott
2024,12685,Entergy Mississippi LLC,,MS,Sharkey
2024,12685,Entergy Mississippi LLC,,MS,Simpson
2024,12685,Entergy Mississippi LLC,,MS,Smith
2024,12685,Entergy Mississippi LLC,,MS,Sunflower
2024,12685,Entergy Mississippi LLC,,MS,Tallahatchie
2024,12685,Entergy Mississippi LLC,,MS,Tate
2024,12685,Entergy Mississippi LLC,,MS,Tunica
2024,12685,Entergy Mississippi LLC,,MS,Walthall
2024,12685,Entergy Mississippi LLC,,MS,Warren
2024,12685,Entergy Mississippi LLC,,MS,Washington
2024,12685,Entergy Mississippi LLC,,MS,Webster
2024,12685,Entergy Mississippi LLC,,MS,Wilkinson
2024,12685,Entergy Mississippi LLC,,MS,Yalobusha
2024,12685,Entergy Mississippi LLC,,MS,Yazoo
2024,12686,Mississippi Power Co,,MS,Clarke
2024,12686,Mississippi Power Co,,MS,Covington
2024,12686,Mississippi Power Co,,MS,Forrest
2024,12686,Mississippi Power Co,,MS,George
2024,12686,Mississippi Power Co,,MS,Greene
2024,12686,Mississippi Power Co,,MS,Hancock
2024,12686,Mississippi Power Co,,MS,Harrison
2024,12686,Mississippi Power Co,,MS,Jackson
2024,12686,Mississippi Power Co,,MS,Jasper
2024,12686,Mississippi Power Co,,MS,Jefferson Davis
2024,12686,Mississippi Power Co,,MS,Jones
2024,12686,Mississippi Power Co,,MS,Lamar
2024,12686,Mississippi Power Co,,MS,Lauderdale
2024,12686,Mississippi Power Co,,MS,Leake
2024,12686,Mississippi Power Co,,MS,Marion
2024,12686,Mississippi Power Co,,MS,Neshoba
2024,12686,Mississippi Power Co,,MS,Newton
2024,12686,Mississippi Power Co,,MS,Pearl River
2024,12686,Mississippi Power Co,,MS,Perry
2024,12686,Mississippi Power Co,,MS,Scott
2024,12686,Mississippi Power Co,,MS,Smith
2024,12686,Mississippi Power Co,,MS,Stone
2024,12686,Mississippi Power Co,,MS,Wayne
2024,12692,"Missoula Electric Coop, Inc",,ID,Idaho
2024,12692,"Missoula Electric Coop, Inc",,MT,Granite
2024,12692,"Missoula Electric Coop, Inc",,MT,Lake
2024,12692,"Missoula Electric Coop, Inc",,MT,Mineral
2024,12692,"Missoula Electric Coop, Inc",,MT,Missoula
2024,12692,"Missoula Electric Coop, Inc",,MT,Powell
2024,12692,"Missoula Electric Coop, Inc",,MT,Ravalli
2024,12698,Evergy Missouri West,,MO,Andrew
2024,12698,Evergy Missouri West,,MO,Atchison
2024,12698,Evergy Missouri West,,MO,Barton
2024,12698,Evergy Missouri West,,MO,Bates
2024,12698,Evergy Missouri West,,MO,Benton
2024,12698,Evergy Missouri West,,MO,Buchanan
2024,12698,Evergy Missouri West,,MO,Carroll
2024,12698,Evergy Missouri West,,MO,Cass
2024,12698,Evergy Missouri West,,MO,Cedar
2024,12698,Evergy Missouri West,,MO,Clay
2024,12698,Evergy Missouri West,,MO,Clinton
2024,12698,Evergy Missouri West,,MO,Dade
2024,12698,Evergy Missouri West,,MO,Daviess
2024,12698,Evergy Missouri West,,MO,DeKalb
2024,12698,Evergy Missouri West,,MO,Gentry
2024,12698,Evergy Missouri West,,MO,Grundy
2024,12698,Evergy Missouri West,,MO,Harrison
2024,12698,Evergy Missouri West,,MO,Henry
2024,12698,Evergy Missouri West,,MO,Holt
2024,12698,Evergy Missouri West,,MO,Jackson
2024,12698,Evergy Missouri West,,MO,Johnson
2024,12698,Evergy Missouri West,,MO,Lafayette
2024,12698,Evergy Missouri West,,MO,Livingston
2024,12698,Evergy Missouri West,,MO,Mercer
2024,12698,Evergy Missouri West,,MO,Nodaway
2024,12698,Evergy Missouri West,,MO,Pettis
2024,12698,Evergy Missouri West,,MO,Platte
2024,12698,Evergy Missouri West,,MO,Ray
2024,12698,Evergy Missouri West,,MO,St Clair
2024,12698,Evergy Missouri West,,MO,Vernon
2024,12698,Evergy Missouri West,,MO,Worth
2024,12700,Missouri Rural Electric Coop,,MO,Marion
2024,12700,Missouri Rural Electric Coop,,MO,Monroe
2024,12700,Missouri Rural Electric Coop,,MO,Shelby
2024,12706,Mitchell Electric Member Corp,,GA,Baker
2024,12706,Mitchell Electric Member Corp,,GA,Calhoun
2024,12706,Mitchell Electric Member Corp,,GA,Colquitt
2024,12706,Mitchell Electric Member Corp,,GA,Decatur
2024,12706,Mitchell Electric Member Corp,,GA,Dougherty
2024,12706,Mitchell Electric Member Corp,,GA,Early
2024,12706,Mitchell Electric Member Corp,,GA,Grady
2024,12706,Mitchell Electric Member Corp,,GA,Lee
2024,12706,Mitchell Electric Member Corp,,GA,Miller
2024,12706,Mitchell Electric Member Corp,,GA,Mitchell
2024,12706,Mitchell Electric Member Corp,,GA,Thomas
2024,12706,Mitchell Electric Member Corp,,GA,Tift
2024,12706,Mitchell Electric Member Corp,,GA,Turner
2024,12706,Mitchell Electric Member Corp,,GA,Worth
2024,12717,City of Mitchell - (NE),Y,NE,Scotts Bluff
2024,12744,Modern Electric Water Company,,WA,Spokane
2024,12745,Modesto Irrigation District,,CA,San Joaquin
2024,12745,Modesto Irrigation District,,CA,Stanislaus
2024,12759,Mohawk Municipal Comm,Y,NY,Herkimer
2024,12782,City of Monett - (MO),,MO,Barry
2024,12782,City of Monett - (MO),,MO,Lawrence
2024,12789,City of Monmouth - (OR),Y,OR,Polk
2024,12796,Monongahela Power Co,,WV,Barbour
2024,12796,Monongahela Power Co,,WV,Braxton
2024,12796,Monongahela Power Co,,WV,Brooke
2024,12796,Monongahela Power Co,,WV,Calhoun
2024,12796,Monongahela Power Co,,WV,Clay
2024,12796,Monongahela Power Co,,WV,Doddridge
2024,12796,Monongahela Power Co,,WV,Gilmer
2024,12796,Monongahela Power Co,,WV,Grant
2024,12796,Monongahela Power Co,,WV,Greenbrier
2024,12796,Monongahela Power Co,,WV,Hancock
2024,12796,Monongahela Power Co,,WV,Harrison
2024,12796,Monongahela Power Co,,WV,Jackson
2024,12796,Monongahela Power Co,,WV,Lewis
2024,12796,Monongahela Power Co,,WV,Marion
2024,12796,Monongahela Power Co,,WV,Mineral
2024,12796,Monongahela Power Co,,WV,Monongalia
2024,12796,Monongahela Power Co,,WV,Monroe
2024,12796,Monongahela Power Co,,WV,Nicholas
2024,12796,Monongahela Power Co,,WV,Pendleton
2024,12796,Monongahela Power Co,,WV,Pleasants
2024,12796,Monongahela Power Co,,WV,Pocahontas
2024,12796,Monongahela Power Co,,WV,Preston
2024,12796,Monongahela Power Co,,WV,Randolph
2024,12796,Monongahela Power Co,,WV,Ritchie
2024,12796,Monongahela Power Co,,WV,Roane
2024,12796,Monongahela Power Co,,WV,Summers
2024,12796,Monongahela Power Co,,WV,Taylor
2024,12796,Monongahela Power Co,,WV,Tucker
2024,12796,Monongahela Power Co,,WV,Tyler
2024,12796,Monongahela Power Co,,WV,Upshur
2024,12796,Monongahela Power Co,,WV,Webster
2024,12796,Monongahela Power Co,,WV,Wetzel
2024,12796,Monongahela Power Co,,WV,Wirt
2024,12796,Monongahela Power Co,,WV,Wood
2024,12797,City of Monroe - (UT),Y,UT,Sevier
2024,12800,City of Monroe - (GA),Y,GA,Walton
2024,12801,City of Monroe - (NC),,NC,Union
2024,12802,City of Monroe City - (MO),Y,MO,Marion
2024,12802,City of Monroe City - (MO),Y,MO,Monroe
2024,12802,City of Monroe City - (MO),Y,MO,Ralls
2024,12803,"Monroe County Elec Coop, Inc",Y,IL,Monroe
2024,12803,"Monroe County Elec Coop, Inc",Y,IL,Randolph
2024,12803,"Monroe County Elec Coop, Inc",Y,IL,St Clair
2024,12811,Village of Monroeville - (OH),Y,OH,Huron
2024,12817,Mont Alto Borough,Y,PA,Franklin
2024,12825,NorthWestern Energy LLC - (MT),,MT,Beaverhead
2024,12825,NorthWestern Energy LLC - (MT),,MT,Big Horn
2024,12825,NorthWestern Energy LLC - (MT),,MT,Blaine
2024,12825,NorthWestern Energy LLC - (MT),,MT,Broadwater
2024,12825,NorthWestern Energy LLC - (MT),,MT,Carbon
2024,12825,NorthWestern Energy LLC - (MT),,MT,Cascade
2024,12825,NorthWestern Energy LLC - (MT),,MT,Chouteau
2024,12825,NorthWestern Energy LLC - (MT),,MT,Deer Lodge
2024,12825,NorthWestern Energy LLC - (MT),,MT,Fergus
2024,12825,NorthWestern Energy LLC - (MT),,MT,Gallatin
2024,12825,NorthWestern Energy LLC - (MT),,MT,Golden Valley
2024,12825,NorthWestern Energy LLC - (MT),,MT,Granite
2024,12825,NorthWestern Energy LLC - (MT),,MT,Hill
2024,12825,NorthWestern Energy LLC - (MT),,MT,Jefferson
2024,12825,NorthWestern Energy LLC - (MT),,MT,Judith Basin
2024,12825,NorthWestern Energy LLC - (MT),,MT,Lewis and Clark
2024,12825,NorthWestern Energy LLC - (MT),,MT,Liberty
2024,12825,NorthWestern Energy LLC - (MT),,MT,Madison
2024,12825,NorthWestern Energy LLC - (MT),,MT,Meagher
2024,12825,NorthWestern Energy LLC - (MT),,MT,Mineral
2024,12825,NorthWestern Energy LLC - (MT),,MT,Missoula
2024,12825,NorthWestern Energy LLC - (MT),,MT,Musselshell
2024,12825,NorthWestern Energy LLC - (MT),,MT,Park
2024,12825,NorthWestern Energy LLC - (MT),,MT,Phillips
2024,12825,NorthWestern Energy LLC - (MT),,MT,Pondera
2024,12825,NorthWestern Energy LLC - (MT),,MT,Powell
2024,12825,NorthWestern Energy LLC - (MT),,MT,Ravalli
2024,12825,NorthWestern Energy LLC - (MT),,MT,Rosebud
2024,12825,NorthWestern Energy LLC - (MT),,MT,Sanders
2024,12825,NorthWestern Energy LLC - (MT),,MT,Silver Bow
2024,12825,NorthWestern Energy LLC - (MT),,MT,Stillwater
2024,12825,NorthWestern Energy LLC - (MT),,MT,Sweet Grass
2024,12825,NorthWestern Energy LLC - (MT),,MT,Teton
2024,12825,NorthWestern Energy LLC - (MT),,MT,Valley
2024,12825,NorthWestern Energy LLC - (MT),,MT,Wheatland
2024,12825,NorthWestern Energy LLC - (MT),,MT,Yellowstone
2024,12825,NorthWestern Energy LLC - (MT),,WY,Park
2024,12825,NorthWestern Energy LLC - (MT),,WY,Teton
2024,12838,City of Montezuma - (KS),Y,KS,Gray
2024,12839,City of Montezuma - (IA),Y,IA,Poweshiek
2024,12840,Town of Montezuma - (IN),Y,IN,Parke
2024,12851,City of Monticello - (GA),Y,GA,Jasper
2024,12860,Morgan County Rural Elec Assn,,CO,Adams
2024,12860,Morgan County Rural Elec Assn,,CO,Arapahoe
2024,12860,Morgan County Rural Elec Assn,,CO,Logan
2024,12860,Morgan County Rural Elec Assn,,CO,Morgan
2024,12860,Morgan County Rural Elec Assn,,CO,Washington
2024,12860,Morgan County Rural Elec Assn,,CO,Weld
2024,12861,Village of Montpelier - (OH),Y,OH,Williams
2024,12866,Moon Lake Electric Assn Inc,,CO,Garfield
2024,12866,Moon Lake Electric Assn Inc,,CO,Moffat
2024,12866,Moon Lake Electric Assn Inc,,CO,Rio Blanco
2024,12866,Moon Lake Electric Assn Inc,,UT,Daggett
2024,12866,Moon Lake Electric Assn Inc,,UT,Duchesne
2024,12866,Moon Lake Electric Assn Inc,,UT,Uintah
2024,12866,Moon Lake Electric Assn Inc,,UT,Wasatch
2024,12876,City of Moore Haven - (FL),Y,FL,Glades
2024,12892,City of Mooreland - (OK),Y,OK,Woodward
2024,12894,City of Moorhead - (MN),,MN,Clay
2024,12896,City of Morrill - (KS),Y,KS,Brown
2024,12897,Moose Lake Water & Light Comm,Y,MN,Carlton
2024,12899,Mor-Gran-Sou Electric Coop Inc,Y,ND,Grant
2024,12899,Mor-Gran-Sou Electric Coop Inc,Y,ND,Hettinger
2024,12899,Mor-Gran-Sou Electric Coop Inc,Y,ND,Mercer
2024,12899,Mor-Gran-Sou Electric Coop Inc,Y,ND,Morton
2024,12899,Mor-Gran-Sou Electric Coop Inc,Y,ND,Oliver
2024,12899,Mor-Gran-Sou Electric Coop Inc,Y,ND,Sioux
2024,12900,City of Mora - (MN),Y,MN,Kanabec
2024,12901,Mora-San Miguel Elec Coop,Y,NM,Guadalupe
2024,12901,Mora-San Miguel Elec Coop,Y,NM,Mora
2024,12901,Mora-San Miguel Elec Coop,Y,NM,San Miguel
2024,12901,Mora-San Miguel Elec Coop,Y,NM,Santa Fe
2024,12909,City of Moran - (KS),Y,KS,Allen
2024,12915,Moreau-Grand Electric Coop Inc,Y,SD,Corson
2024,12915,Moreau-Grand Electric Coop Inc,Y,SD,Dewey
2024,12915,Moreau-Grand Electric Coop Inc,Y,SD,Ziebach
2024,12919,Morenci Water and Electric,,AZ,Greenlee
2024,12927,Morgan City - (LA),Y,LA,St Mary
2024,12928,Morgan City - (UT),Y,UT,Morgan
2024,12929,South Central Indiana REMC,,IN,Brown
2024,12929,South Central Indiana REMC,,IN,Clay
2024,12929,South Central Indiana REMC,,IN,Johnson
2024,12929,South Central Indiana REMC,,IN,Monroe
2024,12929,South Central Indiana REMC,,IN,Morgan
2024,12929,South Central Indiana REMC,,IN,Owen
2024,12929,South Central Indiana REMC,,IN,Putnam
2024,12944,City of Morganton - (NC),,NC,Burke
2024,12952,Village of Morrill - (NE),Y,NE,Scotts Bluff
2024,12952,Village of Morrill - (NE),Y,NE,Sioux
2024,12988,City of Morristown - (TN),,TN,Hamblen
2024,12989,Village of Morrisville - (VT),Y,VT,Lamoille
2024,12990,Consolidated Cooperative,,OH,Delaware
2024,12990,Consolidated Cooperative,,OH,Franklin
2024,12990,Consolidated Cooperative,,OH,Knox
2024,12990,Consolidated Cooperative,,OH,Licking
2024,12990,Consolidated Cooperative,,OH,Marion
2024,12990,Consolidated Cooperative,,OH,Morrow
2024,12990,Consolidated Cooperative,,OH,Richland
2024,12990,Consolidated Cooperative,,OH,Union
2024,13025,City of Moulton - (TX),Y,TX,Lavaca
2024,13026,City of Moultrie - (GA),Y,GA,Colquitt
2024,13027,"Mountain Electric Coop, Inc",,NC,Avery
2024,13027,"Mountain Electric Coop, Inc",,NC,Burke
2024,13027,"Mountain Electric Coop, Inc",,NC,Watauga
2024,13027,"Mountain Electric Coop, Inc",,TN,Carter
2024,13027,"Mountain Electric Coop, Inc",,TN,Johnson
2024,13027,"Mountain Electric Coop, Inc",,TN,Unicoi
2024,13029,City of Moundridge - (KS),Y,KS,McPherson
2024,13032,Mt Carmel Public Utility Co,,IL,Wabash
2024,13033,City of Mount Dora - (FL),Y,FL,Lake
2024,13035,City of Mount Hope - (KS),Y,KS,Sedgwick
2024,13036,Village of Mt. Horeb - (WI),,WI,Dane
2024,13037,City of Mt Pleasant - (UT),Y,UT,Sanpete
2024,13038,City of Mt Pleasant - (IA),Y,IA,Henry
2024,13039,City of Mt Pleasant - (TN),,TN,Lawrence
2024,13039,City of Mt Pleasant - (TN),,TN,Maury
2024,13040,City of Mount Vernon - (MO),Y,MO,Lawrence
2024,13044,City of Mountain Iron - (MN),Y,MN,St Louis
2024,13048,City of Mountain Lake - (MN),Y,MN,Cottonwood
2024,13050,"Mountain Parks Electric, Inc",,CO,Grand
2024,13050,"Mountain Parks Electric, Inc",,CO,Jackson
2024,13050,"Mountain Parks Electric, Inc",,CO,Larimer
2024,13050,"Mountain Parks Electric, Inc",,CO,Routt
2024,13050,"Mountain Parks Electric, Inc",,CO,Summit
2024,13057,City of Mountain View - (MO),Y,MO,Howell
2024,13058,"Mountain View Elec Assn, Inc",,CO,Arapahoe
2024,13058,"Mountain View Elec Assn, Inc",,CO,Crowley
2024,13058,"Mountain View Elec Assn, Inc",,CO,Douglas
2024,13058,"Mountain View Elec Assn, Inc",,CO,El Paso
2024,13058,"Mountain View Elec Assn, Inc",,CO,Elbert
2024,13058,"Mountain View Elec Assn, Inc",,CO,Lincoln
2024,13058,"Mountain View Elec Assn, Inc",,CO,Pueblo
2024,13058,"Mountain View Elec Assn, Inc",,CO,Washington
2024,13073,"Mt Wheeler Power, Inc",,NV,Elko
2024,13073,"Mt Wheeler Power, Inc",,NV,Eureka
2024,13073,"Mt Wheeler Power, Inc",,NV,Nye
2024,13073,"Mt Wheeler Power, Inc",,NV,White Pine
2024,13073,"Mt Wheeler Power, Inc",,UT,Juab
2024,13073,"Mt Wheeler Power, Inc",,UT,Millard
2024,13073,"Mt Wheeler Power, Inc",,UT,Tooele
2024,13090,Village of Mullen - (NE),Y,NE,Hooker
2024,13095,City of Mulvane - (KS),Y,KS,Sedgwick
2024,13095,City of Mulvane - (KS),Y,KS,Sumner
2024,13137,City of Murray - (UT),,UT,Salt Lake
2024,13138,City of Murray - (KY),,KY,Calloway
2024,13143,Board of Water Electric & Communications,,IA,Muscatine
2024,13144,City of Muscle Shoals,,AL,Colbert
2024,13145,Village of Muscoda - (WI),,WI,Grant
2024,13145,Village of Muscoda - (WI),,WI,Iowa
2024,13145,Village of Muscoda - (WI),,WI,Richland
2024,13149,City of Needles - (CA),Y,CA,San Bernardino
2024,13196,Northern Plains Electric Coop,,ND,Barnes
2024,13196,Northern Plains Electric Coop,,ND,Benson
2024,13196,Northern Plains Electric Coop,,ND,Eddy
2024,13196,Northern Plains Electric Coop,,ND,Foster
2024,13196,Northern Plains Electric Coop,,ND,Griggs
2024,13196,Northern Plains Electric Coop,,ND,Kidder
2024,13196,Northern Plains Electric Coop,,ND,Pierce
2024,13196,Northern Plains Electric Coop,,ND,Ramsey
2024,13196,Northern Plains Electric Coop,,ND,Rolette
2024,13196,Northern Plains Electric Coop,,ND,Stutsman
2024,13196,Northern Plains Electric Coop,,ND,Towner
2024,13196,Northern Plains Electric Coop,,ND,Wells
2024,13201,"Naknek Electric Assn, Inc",Y,AK,Bristol Bay
2024,13205,"New Enterprise R E C, Inc",Y,PA,Bedford
2024,13205,"New Enterprise R E C, Inc",Y,PA,Fulton
2024,13205,"New Enterprise R E C, Inc",Y,PA,Huntingdon
2024,13206,Nantucket Electric Co,,MA,Nantucket
2024,13208,City of Naperville - (IL),,IL,DuPage
2024,13208,City of Naperville - (IL),,IL,Will
2024,13209,City of Napoleon - (OH),Y,OH,Fulton
2024,13209,City of Napoleon - (OH),Y,OH,Henry
2024,13211,Napakiak Ircinraq Power Co,Y,AK,Bethel
2024,13214,The Narragansett Electric Co,,RI,Bristol
2024,13214,The Narragansett Electric Co,,RI,Kent
2024,13214,The Narragansett Electric Co,,RI,Newport
2024,13214,The Narragansett Electric Co,,RI,Providence
2024,13214,The Narragansett Electric Co,,RI,Washington
2024,13216,Nashville Electric Service,,TN,Cheatham
2024,13216,Nashville Electric Service,,TN,Davidson
2024,13216,Nashville Electric Service,,TN,Robertson
2024,13216,Nashville Electric Service,,TN,Rutherford
2024,13216,Nashville Electric Service,,TN,Sumner
2024,13216,Nashville Electric Service,,TN,Williamson
2024,13216,Nashville Electric Service,,TN,Wilson
2024,13219,City of Nashwauk - (MN),Y,MN,Itasca
2024,13227,Natchez Trace Elec Power Assn,,MS,Calhoun
2024,13227,Natchez Trace Elec Power Assn,,MS,Chickasaw
2024,13227,Natchez Trace Elec Power Assn,,MS,Webster
2024,13228,City of Natchitoches,,LA,Natchitoches
2024,13233,City of Neligh - (NE),Y,NE,Antelope
2024,13286,New Hampton Village Precinct,Y,NH,Belknap
2024,13292,Norris Electric Coop,,IL,Clark
2024,13292,Norris Electric Coop,,IL,Clay
2024,13292,Norris Electric Coop,,IL,Crawford
2024,13292,Norris Electric Coop,,IL,Cumberland
2024,13292,Norris Electric Coop,,IL,Effingham
2024,13292,Norris Electric Coop,,IL,Jasper
2024,13292,Norris Electric Coop,,IL,Lawrence
2024,13292,Norris Electric Coop,,IL,Richland
2024,13292,Norris Electric Coop,,IL,Shelby
2024,13292,Norris Electric Coop,,IL,Wabash
2024,13314,Navajo Tribal Utility Authority,,AZ,Apache
2024,13314,Navajo Tribal Utility Authority,,AZ,Coconino
2024,13314,Navajo Tribal Utility Authority,,AZ,Navajo
2024,13314,Navajo Tribal Utility Authority,,NM,McKinley
2024,13314,Navajo Tribal Utility Authority,,NM,San Juan
2024,13314,Navajo Tribal Utility Authority,,UT,San Juan
2024,13318,"Navopache Electric Coop, Inc",,AZ,Apache
2024,13318,"Navopache Electric Coop, Inc",,AZ,Gila
2024,13318,"Navopache Electric Coop, Inc",,AZ,Greenlee
2024,13318,"Navopache Electric Coop, Inc",,AZ,Navajo
2024,13318,"Navopache Electric Coop, Inc",,NM,Catron
2024,13332,"Navarro County Elec Coop, Inc",,TX,Ellis
2024,13332,"Navarro County Elec Coop, Inc",,TX,Freestone
2024,13332,"Navarro County Elec Coop, Inc",,TX,Hill
2024,13332,"Navarro County Elec Coop, Inc",,TX,Limestone
2024,13332,"Navarro County Elec Coop, Inc",,TX,Navarro
2024,13334,City of Nebraska City,Y,NE,Lancaster
2024,13334,City of Nebraska City,Y,NE,Nemaha
2024,13334,City of Nebraska City,Y,NE,Otoe
2024,13337,Nebraska Public Power District,,NE,Antelope
2024,13337,Nebraska Public Power District,,NE,Box Butte
2024,13337,Nebraska Public Power District,,NE,Boyd
2024,13337,Nebraska Public Power District,,NE,Brown
2024,13337,Nebraska Public Power District,,NE,Buffalo
2024,13337,Nebraska Public Power District,,NE,Burt
2024,13337,Nebraska Public Power District,,NE,Cass
2024,13337,Nebraska Public Power District,,NE,Cedar
2024,13337,Nebraska Public Power District,,NE,Cherry
2024,13337,Nebraska Public Power District,,NE,Dakota
2024,13337,Nebraska Public Power District,,NE,Dawes
2024,13337,Nebraska Public Power District,,NE,Deuel
2024,13337,Nebraska Public Power District,,NE,Fillmore
2024,13337,Nebraska Public Power District,,NE,Gage
2024,13337,Nebraska Public Power District,,NE,Garden
2024,13337,Nebraska Public Power District,,NE,Hall
2024,13337,Nebraska Public Power District,,NE,Hamilton
2024,13337,Nebraska Public Power District,,NE,Holt
2024,13337,Nebraska Public Power District,,NE,Howard
2024,13337,Nebraska Public Power District,,NE,Johnson
2024,13337,Nebraska Public Power District,,NE,Keith
2024,13337,Nebraska Public Power District,,NE,Knox
2024,13337,Nebraska Public Power District,,NE,Lancaster
2024,13337,Nebraska Public Power District,,NE,Lincoln
2024,13337,Nebraska Public Power District,,NE,Madison
2024,13337,Nebraska Public Power District,,NE,Morrill
2024,13337,Nebraska Public Power District,,NE,Nemaha
2024,13337,Nebraska Public Power District,,NE,Otoe
2024,13337,Nebraska Public Power District,,NE,Pawnee
2024,13337,Nebraska Public Power District,,NE,Perkins
2024,13337,Nebraska Public Power District,,NE,Pierce
2024,13337,Nebraska Public Power District,,NE,Red Willow
2024,13337,Nebraska Public Power District,,NE,Richardson
2024,13337,Nebraska Public Power District,,NE,Rock
2024,13337,Nebraska Public Power District,,NE,Scotts Bluff
2024,13337,Nebraska Public Power District,,NE,Seward
2024,13337,Nebraska Public Power District,,NE,Sheridan
2024,13337,Nebraska Public Power District,,NE,Sherman
2024,13337,Nebraska Public Power District,,NE,Sioux
2024,13337,Nebraska Public Power District,,NE,Thurston
2024,13337,Nebraska Public Power District,,NE,York
2024,13337,Nebraska Public Power District,,SD,Oglala Lakota
2024,13352,City of Negaunee,,MI,Marquette
2024,13375,City of Nelson - (NE),Y,NE,Nuckolls
2024,13380,City of Neodesha - (KS),Y,KS,Wilson
2024,13382,City of Neola - (IA),Y,IA,Pottawattamie
2024,13386,"Nemaha-Marshall E C A, Inc",Y,KS,Jackson
2024,13386,"Nemaha-Marshall E C A, Inc",Y,KS,Marshall
2024,13386,"Nemaha-Marshall E C A, Inc",Y,KS,Nemaha
2024,13386,"Nemaha-Marshall E C A, Inc",Y,KS,Pottawatomie
2024,13386,"Nemaha-Marshall E C A, Inc",Y,KS,Washington
2024,13387,"Nespelem Valley Elec Coop, Inc",Y,WA,Douglas
2024,13387,"Nespelem Valley Elec Coop, Inc",Y,WA,Ferry
2024,13387,"Nespelem Valley Elec Coop, Inc",Y,WA,Okanogan
2024,13388,Nephi City Corporation,Y,UT,Juab
2024,13407,Nevada Power Co,,NV,Clark
2024,13407,Nevada Power Co,,NV,Nye
2024,13412,City of New Albany - (MS),,MS,Benton
2024,13412,City of New Albany - (MS),,MS,Marshall
2024,13412,City of New Albany - (MS),,MS,Tippah
2024,13412,City of New Albany - (MS),,MS,Union
2024,13416,City of New Bern - (NC),,NC,Craven
2024,13416,City of New Bern - (NC),,NC,Jones
2024,13418,City of New Braunfels - (TX),,TX,Comal
2024,13418,City of New Braunfels - (TX),,TX,Guadalupe
2024,13420,Village of New Bremen - (OH),Y,OH,Auglaize
2024,13423,Town of New Carlisle- (IN),Y,IN,St Joseph
2024,13424,New Castle Municipal Serv Comm,Y,DE,New Castle
2024,13437,City of Newbern,,TN,Dyer
2024,13438,Village of New Glarus - (WI),,WI,Green
2024,13441,New Hampshire Elec Coop Inc,,NH,Belknap
2024,13441,New Hampshire Elec Coop Inc,,NH,Carroll
2024,13441,New Hampshire Elec Coop Inc,,NH,Cheshire
2024,13441,New Hampshire Elec Coop Inc,,NH,Coos
2024,13441,New Hampshire Elec Coop Inc,,NH,Grafton
2024,13441,New Hampshire Elec Coop Inc,,NH,Merrimack
2024,13441,New Hampshire Elec Coop Inc,,NH,Rockingham
2024,13441,New Hampshire Elec Coop Inc,,NH,Strafford
2024,13441,New Hampshire Elec Coop Inc,,NH,Sullivan
2024,13444,City of New Hampton - (IA),Y,IA,Chickasaw
2024,13448,City of New Holstein - (WI),,WI,Calumet
2024,13464,Village of New Knoxville - (OH),Y,OH,Auglaize
2024,13465,City of Nielsville - (MN),Y,MN,Polk
2024,13466,City of New Lisbon,Y,WI,Juneau
2024,13467,New London Electric&Water Util,,WI,Outagamie
2024,13467,New London Electric&Water Util,,WI,Waupaca
2024,13468,New London Municipal Utilities,Y,IA,Des Moines
2024,13468,New London Municipal Utilities,Y,IA,Henry
2024,13470,City of New Madrid - (MO),Y,MO,New Madrid
2024,13471,City of New Martinsville - (WV),Y,WV,Wetzel
2024,13477,Nelson Lagoon Elec Coop Inc,Y,AK,Aleutians East
2024,13478,"Entergy New Orleans, LLC",,LA,Orleans
2024,13478,"Entergy New Orleans, LLC",,LA,St Bernard
2024,13480,New Prague Utilities Comm,Y,MN,Le Sueur
2024,13480,New Prague Utilities Comm,Y,MN,Scott
2024,13481,City of New Richmond,,WI,St Croix
2024,13482,New River Light & Power Co,,NC,Watauga
2024,13483,City of New Roads - (LA),Y,LA,Pointe Coupee
2024,13485,New Smyrna Beach City of,,FL,Volusia
2024,13488,New Ulm Public Utilities Comm,Y,MN,Brown
2024,13489,Borough of New Wilmington - (PA),Y,PA,Lawrence
2024,13495,City of Newfolden - (MN),Y,MN,Marshall
2024,13511,New York State Elec & Gas Corp,,NY,Allegany
2024,13511,New York State Elec & Gas Corp,,NY,Broome
2024,13511,New York State Elec & Gas Corp,,NY,Cattaraugus
2024,13511,New York State Elec & Gas Corp,,NY,Cayuga
2024,13511,New York State Elec & Gas Corp,,NY,Chautauqua
2024,13511,New York State Elec & Gas Corp,,NY,Chemung
2024,13511,New York State Elec & Gas Corp,,NY,Chenango
2024,13511,New York State Elec & Gas Corp,,NY,Clinton
2024,13511,New York State Elec & Gas Corp,,NY,Columbia
2024,13511,New York State Elec & Gas Corp,,NY,Cortland
2024,13511,New York State Elec & Gas Corp,,NY,Delaware
2024,13511,New York State Elec & Gas Corp,,NY,Dutchess
2024,13511,New York State Elec & Gas Corp,,NY,Erie
2024,13511,New York State Elec & Gas Corp,,NY,Essex
2024,13511,New York State Elec & Gas Corp,,NY,Franklin
2024,13511,New York State Elec & Gas Corp,,NY,Greene
2024,13511,New York State Elec & Gas Corp,,NY,Hamilton
2024,13511,New York State Elec & Gas Corp,,NY,Herkimer
2024,13511,New York State Elec & Gas Corp,,NY,Lewis
2024,13511,New York State Elec & Gas Corp,,NY,Livingston
2024,13511,New York State Elec & Gas Corp,,NY,Madison
2024,13511,New York State Elec & Gas Corp,,NY,Niagara
2024,13511,New York State Elec & Gas Corp,,NY,Oneida
2024,13511,New York State Elec & Gas Corp,,NY,Onondaga
2024,13511,New York State Elec & Gas Corp,,NY,Ontario
2024,13511,New York State Elec & Gas Corp,,NY,Orange
2024,13511,New York State Elec & Gas Corp,,NY,Orleans
2024,13511,New York State Elec & Gas Corp,,NY,Otsego
2024,13511,New York State Elec & Gas Corp,,NY,Putnam
2024,13511,New York State Elec & Gas Corp,,NY,Rensselaer
2024,13511,New York State Elec & Gas Corp,,NY,Saratoga
2024,13511,New York State Elec & Gas Corp,,NY,Schoharie
2024,13511,New York State Elec & Gas Corp,,NY,Schuyler
2024,13511,New York State Elec & Gas Corp,,NY,Seneca
2024,13511,New York State Elec & Gas Corp,,NY,Steuben
2024,13511,New York State Elec & Gas Corp,,NY,Sullivan
2024,13511,New York State Elec & Gas Corp,,NY,Tioga
2024,13511,New York State Elec & Gas Corp,,NY,Tompkins
2024,13511,New York State Elec & Gas Corp,,NY,Ulster
2024,13511,New York State Elec & Gas Corp,,NY,Washington
2024,13511,New York State Elec & Gas Corp,,NY,Wayne
2024,13511,New York State Elec & Gas Corp,,NY,Westchester
2024,13511,New York State Elec & Gas Corp,,NY,Wyoming
2024,13511,New York State Elec & Gas Corp,,NY,Yates
2024,13519,City of Newark - (DE),,DE,New Castle
2024,13520,"New-Mac Electric Coop, Inc",,MO,Barry
2024,13520,"New-Mac Electric Coop, Inc",,MO,Jasper
2024,13520,"New-Mac Electric Coop, Inc",,MO,Lawrence
2024,13520,"New-Mac Electric Coop, Inc",,MO,McDonald
2024,13520,"New-Mac Electric Coop, Inc",,MO,Newton
2024,13521,City of Newberry - (FL),Y,FL,Alachua
2024,13523,City of Newberry - (SC),Y,SC,Newberry
2024,13524,"Newberry Electric Coop, Inc",,SC,Fairfield
2024,13524,"Newberry Electric Coop, Inc",,SC,Laurens
2024,13524,"Newberry Electric Coop, Inc",,SC,Lexington
2024,13524,"Newberry Electric Coop, Inc",,SC,Newberry
2024,13525,Newberry Water & Light Board,Y,MI,Luce
2024,13527,City of Newburg - (MO),Y,MO,Phelps
2024,13530,City of Newkirk - (OK),Y,OK,Kay
2024,13547,"Newnan Wtr, Sewer & Light Comm",,GA,Coweta
2024,13550,City of Newport - (TN),,TN,Cocke
2024,13550,City of Newport - (TN),,TN,Jefferson
2024,13550,City of Newport - (TN),,TN,Sevier
2024,13560,City of Newton - (IL),Y,IL,Jasper
2024,13561,City of Newton - (NC),Y,NC,Catawba
2024,13563,City of Newton Falls - (OH),Y,OH,Trumbull
2024,13566,Newton County Rural E M C,Y,IN,Benton
2024,13566,Newton County Rural E M C,Y,IN,Jasper
2024,13566,Newton County Rural E M C,Y,IN,Newton
2024,13570,Ninnescah Rural E C A Inc,Y,KS,Barber
2024,13570,Ninnescah Rural E C A Inc,Y,KS,Comanche
2024,13570,Ninnescah Rural E C A Inc,Y,KS,Edwards
2024,13570,Ninnescah Rural E C A Inc,Y,KS,Harper
2024,13570,Ninnescah Rural E C A Inc,Y,KS,Kingman
2024,13570,Ninnescah Rural E C A Inc,Y,KS,Kiowa
2024,13570,Ninnescah Rural E C A Inc,Y,KS,Pawnee
2024,13570,Ninnescah Rural E C A Inc,Y,KS,Pratt
2024,13570,Ninnescah Rural E C A Inc,Y,KS,Reno
2024,13570,Ninnescah Rural E C A Inc,Y,KS,Stafford
2024,13573,Niagara Mohawk Power Corp.,,NY,Albany
2024,13573,Niagara Mohawk Power Corp.,,NY,Allegany
2024,13573,Niagara Mohawk Power Corp.,,NY,Cattaraugus
2024,13573,Niagara Mohawk Power Corp.,,NY,Cayuga
2024,13573,Niagara Mohawk Power Corp.,,NY,Chautauqua
2024,13573,Niagara Mohawk Power Corp.,,NY,Chenango
2024,13573,Niagara Mohawk Power Corp.,,NY,Clinton
2024,13573,Niagara Mohawk Power Corp.,,NY,Columbia
2024,13573,Niagara Mohawk Power Corp.,,NY,Cortland
2024,13573,Niagara Mohawk Power Corp.,,NY,Erie
2024,13573,Niagara Mohawk Power Corp.,,NY,Essex
2024,13573,Niagara Mohawk Power Corp.,,NY,Franklin
2024,13573,Niagara Mohawk Power Corp.,,NY,Fulton
2024,13573,Niagara Mohawk Power Corp.,,NY,Genesee
2024,13573,Niagara Mohawk Power Corp.,,NY,Hamilton
2024,13573,Niagara Mohawk Power Corp.,,NY,Herkimer
2024,13573,Niagara Mohawk Power Corp.,,NY,Jefferson
2024,13573,Niagara Mohawk Power Corp.,,NY,Lewis
2024,13573,Niagara Mohawk Power Corp.,,NY,Livingston
2024,13573,Niagara Mohawk Power Corp.,,NY,Madison
2024,13573,Niagara Mohawk Power Corp.,,NY,Monroe
2024,13573,Niagara Mohawk Power Corp.,,NY,Montgomery
2024,13573,Niagara Mohawk Power Corp.,,NY,Niagara
2024,13573,Niagara Mohawk Power Corp.,,NY,Oneida
2024,13573,Niagara Mohawk Power Corp.,,NY,Onondaga
2024,13573,Niagara Mohawk Power Corp.,,NY,Ontario
2024,13573,Niagara Mohawk Power Corp.,,NY,Orleans
2024,13573,Niagara Mohawk Power Corp.,,NY,Oswego
2024,13573,Niagara Mohawk Power Corp.,,NY,Otsego
2024,13573,Niagara Mohawk Power Corp.,,NY,Rensselaer
2024,13573,Niagara Mohawk Power Corp.,,NY,Saratoga
2024,13573,Niagara Mohawk Power Corp.,,NY,Schenectady
2024,13573,Niagara Mohawk Power Corp.,,NY,Schoharie
2024,13573,Niagara Mohawk Power Corp.,,NY,St Lawrence
2024,13573,Niagara Mohawk Power Corp.,,NY,Warren
2024,13573,Niagara Mohawk Power Corp.,,NY,Washington
2024,13573,Niagara Mohawk Power Corp.,,NY,Wyoming
2024,13577,City of Nicholasville - (KY),Y,KY,Jessamine
2024,13602,City of Niles - (OH),,OH,Trumbull
2024,13603,City of Newton - (TX),Y,TX,Newton
2024,13604,City of Niles - (MI),Y,MI,Berrien
2024,13610,Niobrara Valley El Member Corp,Y,NE,Boyd
2024,13610,Niobrara Valley El Member Corp,Y,NE,Garfield
2024,13610,Niobrara Valley El Member Corp,Y,NE,Holt
2024,13610,Niobrara Valley El Member Corp,Y,NE,Knox
2024,13610,Niobrara Valley El Member Corp,Y,NE,Wheeler
2024,13640,Northern Virginia Elec Coop,,VA,Clarke
2024,13640,Northern Virginia Elec Coop,,VA,Fairfax
2024,13640,Northern Virginia Elec Coop,,VA,Fauquier
2024,13640,Northern Virginia Elec Coop,,VA,Loudoun
2024,13640,Northern Virginia Elec Coop,,VA,Manassas Park City
2024,13640,Northern Virginia Elec Coop,,VA,Prince William
2024,13640,Northern Virginia Elec Coop,,VA,Stafford
2024,13642,Nome Joint Utility Systems,Y,AK,Nome
2024,13646,City of Norcross- (GA),Y,GA,DeKalb
2024,13646,City of Norcross- (GA),Y,GA,Forsyth
2024,13646,City of Norcross- (GA),Y,GA,Gwinnett
2024,13647,Noble County R E M C,,IN,Allen
2024,13647,Noble County R E M C,,IN,DeKalb
2024,13647,Noble County R E M C,,IN,Elkhart
2024,13647,Noble County R E M C,,IN,Kosciusko
2024,13647,Noble County R E M C,,IN,Lagrange
2024,13647,Noble County R E M C,,IN,Noble
2024,13647,Noble County R E M C,,IN,Steuben
2024,13647,Noble County R E M C,,IN,Whitley
2024,13651,Nolin Rural Electric Coop Corp,,KY,Breckinridge
2024,13651,Nolin Rural Electric Coop Corp,,KY,Bullitt
2024,13651,Nolin Rural Electric Coop Corp,,KY,Grayson
2024,13651,Nolin Rural Electric Coop Corp,,KY,Green
2024,13651,Nolin Rural Electric Coop Corp,,KY,Hardin
2024,13651,Nolin Rural Electric Coop Corp,,KY,Hart
2024,13651,Nolin Rural Electric Coop Corp,,KY,Larue
2024,13651,Nolin Rural Electric Coop Corp,,KY,Meade
2024,13651,Nolin Rural Electric Coop Corp,,KY,Taylor
2024,13664,Norris Public Power District,,NE,Gage
2024,13664,Norris Public Power District,,NE,Jefferson
2024,13664,Norris Public Power District,,NE,Lancaster
2024,13664,Norris Public Power District,,NE,Saline
2024,13664,Norris Public Power District,,NE,Seward
2024,13664,Norris Public Power District,,NE,Thayer
2024,13669,North Alabama Electric Coop,,AL,Jackson
2024,13669,North Alabama Electric Coop,,AL,Marshall
2024,13675,Nishnabotna Valley R E C,Y,IA,Audubon
2024,13675,Nishnabotna Valley R E C,Y,IA,Cass
2024,13675,Nishnabotna Valley R E C,Y,IA,Crawford
2024,13675,Nishnabotna Valley R E C,Y,IA,Harrison
2024,13675,Nishnabotna Valley R E C,Y,IA,Pottawattamie
2024,13675,Nishnabotna Valley R E C,Y,IA,Shelby
2024,13676,"North Arkansas Elec Coop, Inc",,AR,Baxter
2024,13676,"North Arkansas Elec Coop, Inc",,AR,Fulton
2024,13676,"North Arkansas Elec Coop, Inc",,AR,Izard
2024,13676,"North Arkansas Elec Coop, Inc",,AR,Lawrence
2024,13676,"North Arkansas Elec Coop, Inc",,AR,Marion
2024,13676,"North Arkansas Elec Coop, Inc",,AR,Sharp
2024,13676,"North Arkansas Elec Coop, Inc",,AR,Stone
2024,13679,Town of North Attleborough - (MA),,MA,Bristol
2024,13684,Nobles Cooperative Electric,Y,IA,Lyon
2024,13684,Nobles Cooperative Electric,Y,IA,Osceola
2024,13684,Nobles Cooperative Electric,Y,MN,Cottonwood
2024,13684,Nobles Cooperative Electric,Y,MN,Jackson
2024,13684,Nobles Cooperative Electric,Y,MN,Lincoln
2024,13684,Nobles Cooperative Electric,Y,MN,Lyon
2024,13684,Nobles Cooperative Electric,Y,MN,Murray
2024,13684,Nobles Cooperative Electric,Y,MN,Nobles
2024,13684,Nobles Cooperative Electric,Y,MN,Pipestone
2024,13684,Nobles Cooperative Electric,Y,MN,Redwood
2024,13684,Nobles Cooperative Electric,Y,MN,Rock
2024,13685,"Niobrara Electric Assn, Inc",Y,NE,Dawes
2024,13685,"Niobrara Electric Assn, Inc",Y,NE,Sioux
2024,13685,"Niobrara Electric Assn, Inc",Y,SD,Fall River
2024,13685,"Niobrara Electric Assn, Inc",Y,WY,Converse
2024,13685,"Niobrara Electric Assn, Inc",Y,WY,Goshen
2024,13685,"Niobrara Electric Assn, Inc",Y,WY,Niobrara
2024,13685,"Niobrara Electric Assn, Inc",Y,WY,Platte
2024,13685,"Niobrara Electric Assn, Inc",Y,WY,Weston
2024,13687,North Carolina Eastern M P A,,NC,Wake
2024,13690,North Central MO Elec Coop Inc,Y,MO,Linn
2024,13690,North Central MO Elec Coop Inc,Y,MO,Putnam
2024,13690,North Central MO Elec Coop Inc,Y,MO,Sullivan
2024,13693,"North Central Elec Coop, Inc - (OH)",,OH,Crawford
2024,13693,"North Central Elec Coop, Inc - (OH)",,OH,Hancock
2024,13693,"North Central Elec Coop, Inc - (OH)",,OH,Huron
2024,13693,"North Central Elec Coop, Inc - (OH)",,OH,Richland
2024,13693,"North Central Elec Coop, Inc - (OH)",,OH,Sandusky
2024,13693,"North Central Elec Coop, Inc - (OH)",,OH,Seneca
2024,13693,"North Central Elec Coop, Inc - (OH)",,OH,Wood
2024,13693,"North Central Elec Coop, Inc - (OH)",,OH,Wyandot
2024,13694,"North Central Elec Coop, Inc - (ND)",,ND,Bottineau
2024,13694,"North Central Elec Coop, Inc - (ND)",,ND,McHenry
2024,13694,"North Central Elec Coop, Inc - (ND)",,ND,Pierce
2024,13694,"North Central Elec Coop, Inc - (ND)",,ND,Renville
2024,13694,"North Central Elec Coop, Inc - (ND)",,ND,Rolette
2024,13697,North Central Power Co Inc,,WI,Ashland
2024,13697,North Central Power Co Inc,,WI,Barron
2024,13697,North Central Power Co Inc,,WI,Rusk
2024,13697,North Central Power Co Inc,,WI,Sawyer
2024,13697,North Central Power Co Inc,,WI,Washburn
2024,13698,North Central Public Pwr Dist,Y,NE,Antelope
2024,13698,North Central Public Pwr Dist,Y,NE,Holt
2024,13698,North Central Public Pwr Dist,Y,NE,Knox
2024,13698,North Central Public Pwr Dist,Y,NE,Pierce
2024,13700,North Itasca Electric Coop Inc,Y,MN,Beltrami
2024,13700,North Itasca Electric Coop Inc,Y,MN,Itasca
2024,13700,North Itasca Electric Coop Inc,Y,MN,Koochiching
2024,13704,"North Western Elec Coop, Inc",Y,OH,Defiance
2024,13704,"North Western Elec Coop, Inc",Y,OH,Henry
2024,13704,"North Western Elec Coop, Inc",Y,OH,Paulding
2024,13704,"North Western Elec Coop, Inc",Y,OH,Williams
2024,13716,North Georgia Elec Member Corp,,GA,Catoosa
2024,13716,North Georgia Elec Member Corp,,GA,Chattooga
2024,13716,North Georgia Elec Member Corp,,GA,Floyd
2024,13716,North Georgia Elec Member Corp,,GA,Gordon
2024,13716,North Georgia Elec Member Corp,,GA,Murray
2024,13716,North Georgia Elec Member Corp,,GA,Walker
2024,13716,North Georgia Elec Member Corp,,GA,Whitfield
2024,13718,City of North Little Rock - (AR),,AR,Pulaski
2024,13725,City of North Platte,,NE,Lincoln
2024,13726,North Shore Towers Apts Inc,Y,NY,Queens
2024,13730,City of North St Paul - (MN),Y,MN,Ramsey
2024,13730,City of North St Paul - (MN),Y,MN,Washington
2024,13731,"North Star Electric Coop, Inc",Y,MN,Koochiching
2024,13731,"North Star Electric Coop, Inc",Y,MN,Lake of The Woods
2024,13731,"North Star Electric Coop, Inc",Y,MN,Roseau
2024,13731,"North Star Electric Coop, Inc",Y,MN,St Louis
2024,13734,Northeast Oklahoma Electric Co,,OK,Adair
2024,13734,Northeast Oklahoma Electric Co,,OK,Cherokee
2024,13734,Northeast Oklahoma Electric Co,,OK,Craig
2024,13734,Northeast Oklahoma Electric Co,,OK,Delaware
2024,13734,Northeast Oklahoma Electric Co,,OK,Mayes
2024,13734,Northeast Oklahoma Electric Co,,OK,Nowata
2024,13734,Northeast Oklahoma Electric Co,,OK,Ottawa
2024,13734,Northeast Oklahoma Electric Co,,OK,Rogers
2024,13735,Northcentral Mississippi E P A,,MS,DeSoto
2024,13735,Northcentral Mississippi E P A,,MS,Marshall
2024,13739,Northeast Power,,NE,Dakota
2024,13739,Northeast Power,,NE,Dixon
2024,13739,Northeast Power,,NE,Pierce
2024,13739,Northeast Power,,NE,Stanton
2024,13739,Northeast Power,,NE,Thurston
2024,13739,Northeast Power,,NE,Wayne
2024,13749,"NorVal Electric Cooperative, Inc",Y,MT,Daniels
2024,13749,"NorVal Electric Cooperative, Inc",Y,MT,McCone
2024,13749,"NorVal Electric Cooperative, Inc",Y,MT,Phillips
2024,13749,"NorVal Electric Cooperative, Inc",Y,MT,Roosevelt
2024,13749,"NorVal Electric Cooperative, Inc",Y,MT,Valley
2024,13750,"Northern Electric Coop, Inc",,ND,Dickey
2024,13750,"Northern Electric Coop, Inc",,ND,Sargent
2024,13750,"Northern Electric Coop, Inc",,SD,Beadle
2024,13750,"Northern Electric Coop, Inc",,SD,Brown
2024,13750,"Northern Electric Coop, Inc",,SD,Clark
2024,13750,"Northern Electric Coop, Inc",,SD,Day
2024,13750,"Northern Electric Coop, Inc",,SD,Edmunds
2024,13750,"Northern Electric Coop, Inc",,SD,Faulk
2024,13750,"Northern Electric Coop, Inc",,SD,Hand
2024,13750,"Northern Electric Coop, Inc",,SD,Marshall
2024,13750,"Northern Electric Coop, Inc",,SD,McPherson
2024,13750,"Northern Electric Coop, Inc",,SD,Spink
2024,13756,Northern Indiana Pub Serv Co,,IN,Benton
2024,13756,Northern Indiana Pub Serv Co,,IN,Carroll
2024,13756,Northern Indiana Pub Serv Co,,IN,DeKalb
2024,13756,Northern Indiana Pub Serv Co,,IN,Elkhart
2024,13756,Northern Indiana Pub Serv Co,,IN,Fulton
2024,13756,Northern Indiana Pub Serv Co,,IN,Jasper
2024,13756,Northern Indiana Pub Serv Co,,IN,Kosciusko
2024,13756,Northern Indiana Pub Serv Co,,IN,LaPorte
2024,13756,Northern Indiana Pub Serv Co,,IN,Lagrange
2024,13756,Northern Indiana Pub Serv Co,,IN,Lake
2024,13756,Northern Indiana Pub Serv Co,,IN,Marshall
2024,13756,Northern Indiana Pub Serv Co,,IN,Newton
2024,13756,Northern Indiana Pub Serv Co,,IN,Noble
2024,13756,Northern Indiana Pub Serv Co,,IN,Porter
2024,13756,Northern Indiana Pub Serv Co,,IN,Pulaski
2024,13756,Northern Indiana Pub Serv Co,,IN,St Joseph
2024,13756,Northern Indiana Pub Serv Co,,IN,Starke
2024,13756,Northern Indiana Pub Serv Co,,IN,Steuben
2024,13756,Northern Indiana Pub Serv Co,,IN,Warren
2024,13756,Northern Indiana Pub Serv Co,,IN,White
2024,13757,North Plains Electric Coop Inc,,TX,Hansford
2024,13757,North Plains Electric Coop Inc,,TX,Hemphill
2024,13757,North Plains Electric Coop Inc,,TX,Hutchinson
2024,13757,North Plains Electric Coop Inc,,TX,Lipscomb
2024,13757,North Plains Electric Coop Inc,,TX,Ochiltree
2024,13757,North Plains Electric Coop Inc,,TX,Roberts
2024,13757,North Plains Electric Coop Inc,,TX,Wheeler
2024,13758,"Northern Lights, Inc",,ID,Bonner
2024,13758,"Northern Lights, Inc",,ID,Boundary
2024,13758,"Northern Lights, Inc",,ID,Kootenai
2024,13758,"Northern Lights, Inc",,MT,Lincoln
2024,13758,"Northern Lights, Inc",,MT,Sanders
2024,13758,"Northern Lights, Inc",,WA,Pend Oreille
2024,13762,"Northern Neck Elec Coop, Inc",,VA,King George
2024,13762,"Northern Neck Elec Coop, Inc",,VA,Lancaster
2024,13762,"Northern Neck Elec Coop, Inc",,VA,Northumberland
2024,13762,"Northern Neck Elec Coop, Inc",,VA,Richmond
2024,13762,"Northern Neck Elec Coop, Inc",,VA,Stafford
2024,13762,"Northern Neck Elec Coop, Inc",,VA,Westmoreland
2024,13777,Northern Rio Arriba E Coop Inc,Y,NM,Rio Arriba
2024,13780,Northern States Power Co,,MI,Gogebic
2024,13780,Northern States Power Co,,MI,Ontonagon
2024,13780,Northern States Power Co,,WI,Ashland
2024,13780,Northern States Power Co,,WI,Barron
2024,13780,Northern States Power Co,,WI,Bayfield
2024,13780,Northern States Power Co,,WI,Buffalo
2024,13780,Northern States Power Co,,WI,Chippewa
2024,13780,Northern States Power Co,,WI,Clark
2024,13780,Northern States Power Co,,WI,Crawford
2024,13780,Northern States Power Co,,WI,Dunn
2024,13780,Northern States Power Co,,WI,Eau Claire
2024,13780,Northern States Power Co,,WI,Iron
2024,13780,Northern States Power Co,,WI,Jackson
2024,13780,Northern States Power Co,,WI,La Crosse
2024,13780,Northern States Power Co,,WI,Lincoln
2024,13780,Northern States Power Co,,WI,Marathon
2024,13780,Northern States Power Co,,WI,Monroe
2024,13780,Northern States Power Co,,WI,Oneida
2024,13780,Northern States Power Co,,WI,Pepin
2024,13780,Northern States Power Co,,WI,Pierce
2024,13780,Northern States Power Co,,WI,Polk
2024,13780,Northern States Power Co,,WI,Price
2024,13780,Northern States Power Co,,WI,Rusk
2024,13780,Northern States Power Co,,WI,Sawyer
2024,13780,Northern States Power Co,,WI,St Croix
2024,13780,Northern States Power Co,,WI,Taylor
2024,13780,Northern States Power Co,,WI,Trempealeau
2024,13780,Northern States Power Co,,WI,Vernon
2024,13780,Northern States Power Co,,WI,Vilas
2024,13780,Northern States Power Co,,WI,Washburn
2024,13781,Northern States Power Co - Minnesota,,MN,Anoka
2024,13781,Northern States Power Co - Minnesota,,MN,Benton
2024,13781,Northern States Power Co - Minnesota,,MN,Blue Earth
2024,13781,Northern States Power Co - Minnesota,,MN,Brown
2024,13781,Northern States Power Co - Minnesota,,MN,Carver
2024,13781,Northern States Power Co - Minnesota,,MN,Chippewa
2024,13781,Northern States Power Co - Minnesota,,MN,Chisago
2024,13781,Northern States Power Co - Minnesota,,MN,Clay
2024,13781,Northern States Power Co - Minnesota,,MN,Dakota
2024,13781,Northern States Power Co - Minnesota,,MN,Dodge
2024,13781,Northern States Power Co - Minnesota,,MN,Douglas
2024,13781,Northern States Power Co - Minnesota,,MN,Faribault
2024,13781,Northern States Power Co - Minnesota,,MN,Freeborn
2024,13781,Northern States Power Co - Minnesota,,MN,Goodhue
2024,13781,Northern States Power Co - Minnesota,,MN,Hennepin
2024,13781,Northern States Power Co - Minnesota,,MN,Houston
2024,13781,Northern States Power Co - Minnesota,,MN,Kandiyohi
2024,13781,Northern States Power Co - Minnesota,,MN,Lac Qui Parle
2024,13781,Northern States Power Co - Minnesota,,MN,Le Sueur
2024,13781,Northern States Power Co - Minnesota,,MN,Lincoln
2024,13781,Northern States Power Co - Minnesota,,MN,Lyon
2024,13781,Northern States Power Co - Minnesota,,MN,McLeod
2024,13781,Northern States Power Co - Minnesota,,MN,Meeker
2024,13781,Northern States Power Co - Minnesota,,MN,Mower
2024,13781,Northern States Power Co - Minnesota,,MN,Murray
2024,13781,Northern States Power Co - Minnesota,,MN,Nicollet
2024,13781,Northern States Power Co - Minnesota,,MN,Nobles
2024,13781,Northern States Power Co - Minnesota,,MN,Norman
2024,13781,Northern States Power Co - Minnesota,,MN,Olmsted
2024,13781,Northern States Power Co - Minnesota,,MN,Pine
2024,13781,Northern States Power Co - Minnesota,,MN,Pipestone
2024,13781,Northern States Power Co - Minnesota,,MN,Polk
2024,13781,Northern States Power Co - Minnesota,,MN,Pope
2024,13781,Northern States Power Co - Minnesota,,MN,Ramsey
2024,13781,Northern States Power Co - Minnesota,,MN,Redwood
2024,13781,Northern States Power Co - Minnesota,,MN,Renville
2024,13781,Northern States Power Co - Minnesota,,MN,Rice
2024,13781,Northern States Power Co - Minnesota,,MN,Rock
2024,13781,Northern States Power Co - Minnesota,,MN,Scott
2024,13781,Northern States Power Co - Minnesota,,MN,Sherburne
2024,13781,Northern States Power Co - Minnesota,,MN,Sibley
2024,13781,Northern States Power Co - Minnesota,,MN,Stearns
2024,13781,Northern States Power Co - Minnesota,,MN,Steele
2024,13781,Northern States Power Co - Minnesota,,MN,Todd
2024,13781,Northern States Power Co - Minnesota,,MN,Wabasha
2024,13781,Northern States Power Co - Minnesota,,MN,Waseca
2024,13781,Northern States Power Co - Minnesota,,MN,Washington
2024,13781,Northern States Power Co - Minnesota,,MN,Watonwan
2024,13781,Northern States Power Co - Minnesota,,MN,Wilkin
2024,13781,Northern States Power Co - Minnesota,,MN,Winona
2024,13781,Northern States Power Co - Minnesota,,MN,Wright
2024,13781,Northern States Power Co - Minnesota,,MN,Yellow Medicine
2024,13781,Northern States Power Co - Minnesota,,ND,Cass
2024,13781,Northern States Power Co - Minnesota,,ND,Grand Forks
2024,13781,Northern States Power Co - Minnesota,,ND,McHenry
2024,13781,Northern States Power Co - Minnesota,,ND,Traill
2024,13781,Northern States Power Co - Minnesota,,ND,Ward
2024,13781,Northern States Power Co - Minnesota,,SD,Hanson
2024,13781,Northern States Power Co - Minnesota,,SD,Hutchinson
2024,13781,Northern States Power Co - Minnesota,,SD,Lake
2024,13781,Northern States Power Co - Minnesota,,SD,Lincoln
2024,13781,Northern States Power Co - Minnesota,,SD,McCook
2024,13781,Northern States Power Co - Minnesota,,SD,Miner
2024,13781,Northern States Power Co - Minnesota,,SD,Minnehaha
2024,13781,Northern States Power Co - Minnesota,,SD,Moody
2024,13781,Northern States Power Co - Minnesota,,SD,Sanborn
2024,13781,Northern States Power Co - Minnesota,,SD,Turner
2024,13782,City of New Ross - (IN),Y,IN,Montgomery
2024,13783,Northeast Louisiana Power Coop Inc.,,LA,East Carroll
2024,13783,Northeast Louisiana Power Coop Inc.,,LA,Franklin
2024,13783,Northeast Louisiana Power Coop Inc.,,LA,Madison
2024,13783,Northeast Louisiana Power Coop Inc.,,LA,Morehouse
2024,13783,Northeast Louisiana Power Coop Inc.,,LA,Richland
2024,13783,Northeast Louisiana Power Coop Inc.,,LA,Tensas
2024,13783,Northeast Louisiana Power Coop Inc.,,LA,West Carroll
2024,13788,Northern Wasco County PUD,,OR,Wasco
2024,13789,Village of Northfield - (VT),Y,VT,Washington
2024,13799,Prairie Land Electric Coop Inc,,KS,Cheyenne
2024,13799,Prairie Land Electric Coop Inc,,KS,Clay
2024,13799,Prairie Land Electric Coop Inc,,KS,Cloud
2024,13799,Prairie Land Electric Coop Inc,,KS,Decatur
2024,13799,Prairie Land Electric Coop Inc,,KS,Graham
2024,13799,Prairie Land Electric Coop Inc,,KS,Jewell
2024,13799,Prairie Land Electric Coop Inc,,KS,Mitchell
2024,13799,Prairie Land Electric Coop Inc,,KS,Norton
2024,13799,Prairie Land Electric Coop Inc,,KS,Osborne
2024,13799,Prairie Land Electric Coop Inc,,KS,Phillips
2024,13799,Prairie Land Electric Coop Inc,,KS,Rawlins
2024,13799,Prairie Land Electric Coop Inc,,KS,Republic
2024,13799,Prairie Land Electric Coop Inc,,KS,Rooks
2024,13799,Prairie Land Electric Coop Inc,,KS,Sheridan
2024,13799,Prairie Land Electric Coop Inc,,KS,Sherman
2024,13799,Prairie Land Electric Coop Inc,,KS,Smith
2024,13799,Prairie Land Electric Coop Inc,,KS,Thomas
2024,13799,Prairie Land Electric Coop Inc,,KS,Washington
2024,13805,Northwest Rural Pub Pwr Dist,Y,NE,Box Butte
2024,13805,Northwest Rural Pub Pwr Dist,Y,NE,Cherry
2024,13805,Northwest Rural Pub Pwr Dist,Y,NE,Dawes
2024,13805,Northwest Rural Pub Pwr Dist,Y,NE,Sheridan
2024,13805,Northwest Rural Pub Pwr Dist,Y,NE,Sioux
2024,13807,Northwestern Electric Coop Inc - (OK),,OK,Beaver
2024,13807,Northwestern Electric Coop Inc - (OK),,OK,Dewey
2024,13807,Northwestern Electric Coop Inc - (OK),,OK,Ellis
2024,13807,Northwestern Electric Coop Inc - (OK),,OK,Harper
2024,13807,Northwestern Electric Coop Inc - (OK),,OK,Major
2024,13807,Northwestern Electric Coop Inc - (OK),,OK,Woods
2024,13807,Northwestern Electric Coop Inc - (OK),,OK,Woodward
2024,13809,NorthWestern Energy - (SD),,SD,Aurora
2024,13809,NorthWestern Energy - (SD),,SD,Beadle
2024,13809,NorthWestern Energy - (SD),,SD,Bon Homme
2024,13809,NorthWestern Energy - (SD),,SD,Brown
2024,13809,NorthWestern Energy - (SD),,SD,Brule
2024,13809,NorthWestern Energy - (SD),,SD,Charles Mix
2024,13809,NorthWestern Energy - (SD),,SD,Clark
2024,13809,NorthWestern Energy - (SD),,SD,Codington
2024,13809,NorthWestern Energy - (SD),,SD,Davison
2024,13809,NorthWestern Energy - (SD),,SD,Day
2024,13809,NorthWestern Energy - (SD),,SD,Deuel
2024,13809,NorthWestern Energy - (SD),,SD,Douglas
2024,13809,NorthWestern Energy - (SD),,SD,Edmunds
2024,13809,NorthWestern Energy - (SD),,SD,Faulk
2024,13809,NorthWestern Energy - (SD),,SD,Hamlin
2024,13809,NorthWestern Energy - (SD),,SD,Hand
2024,13809,NorthWestern Energy - (SD),,SD,Hanson
2024,13809,NorthWestern Energy - (SD),,SD,Hughes
2024,13809,NorthWestern Energy - (SD),,SD,Hutchinson
2024,13809,NorthWestern Energy - (SD),,SD,Hyde
2024,13809,NorthWestern Energy - (SD),,SD,Jerauld
2024,13809,NorthWestern Energy - (SD),,SD,Kingsbury
2024,13809,NorthWestern Energy - (SD),,SD,Marshall
2024,13809,NorthWestern Energy - (SD),,SD,Sanborn
2024,13809,NorthWestern Energy - (SD),,SD,Spink
2024,13809,NorthWestern Energy - (SD),,SD,Turner
2024,13809,NorthWestern Energy - (SD),,SD,Yankton
2024,13815,Northwestern Wisconsin Elec Co,,MN,Pine
2024,13815,Northwestern Wisconsin Elec Co,,WI,Burnett
2024,13815,Northwestern Wisconsin Elec Co,,WI,Polk
2024,13816,City of Northwood - (ND),Y,ND,Grand Forks
2024,13819,City of Norton,Y,KS,Norton
2024,13825,Norwalk Third Taxing District,Y,CT,Fairfield
2024,13826,City of Norway,,MI,Dickinson
2024,13830,Nueces Electric Cooperative,,TX,Brooks
2024,13830,Nueces Electric Cooperative,,TX,Duval
2024,13830,Nueces Electric Cooperative,,TX,Jim Wells
2024,13830,Nueces Electric Cooperative,,TX,Kenedy
2024,13830,Nueces Electric Cooperative,,TX,Kleberg
2024,13830,Nueces Electric Cooperative,,TX,Live Oak
2024,13830,Nueces Electric Cooperative,,TX,McMullen
2024,13830,Nueces Electric Cooperative,,TX,Nueces
2024,13831,City of Norwich - (CT),,CT,New London
2024,13838,"Northfork Electric Coop, Inc",Y,OK,Beckham
2024,13838,"Northfork Electric Coop, Inc",Y,OK,Custer
2024,13838,"Northfork Electric Coop, Inc",Y,OK,Dewey
2024,13838,"Northfork Electric Coop, Inc",Y,OK,Greer
2024,13838,"Northfork Electric Coop, Inc",Y,OK,Harmon
2024,13838,"Northfork Electric Coop, Inc",Y,OK,Roger Mills
2024,13838,"Northfork Electric Coop, Inc",Y,OK,Washita
2024,13839,City of Norwood - (MA),,MA,Norfolk
2024,13853,Oahe Electric Coop Inc,Y,SD,Hughes
2024,13853,Oahe Electric Coop Inc,Y,SD,Sully
2024,13870,"Nushagak Electric Coop, Inc",Y,AK,Dillingham
2024,13931,Town of Oak City - (NC),Y,NC,Martin
2024,13932,Village of Oak Harbor - (OH),Y,OH,Ottawa
2024,13933,City of Oak Ridge,,TN,Anderson
2024,13934,Ocmulgee Electric Member Corp,Y,GA,Bleckley
2024,13934,Ocmulgee Electric Member Corp,Y,GA,Dodge
2024,13934,Ocmulgee Electric Member Corp,Y,GA,Laurens
2024,13934,Ocmulgee Electric Member Corp,Y,GA,Pulaski
2024,13934,Ocmulgee Electric Member Corp,Y,GA,Telfair
2024,13936,Oakdale Electric Coop,,WI,Jackson
2024,13936,Oakdale Electric Coop,,WI,Juneau
2024,13936,Oakdale Electric Coop,,WI,Monroe
2024,13936,Oakdale Electric Coop,,WI,Sauk
2024,13936,Oakdale Electric Coop,,WI,Wood
2024,13948,City of Oberlin - (KS),Y,KS,Decatur
2024,13949,City of Oberlin - (OH),Y,OH,Lorain
2024,13950,Village of Obetz - (OH),Y,OH,Franklin
2024,13955,City of Ocala,,FL,Marion
2024,13961,Ocotillo Water Conserv. Dist.,Y,AZ,Maricopa
2024,13962,Oconee Electric Member Corp,,GA,Baldwin
2024,13962,Oconee Electric Member Corp,,GA,Bibb
2024,13962,Oconee Electric Member Corp,,GA,Bleckley
2024,13962,Oconee Electric Member Corp,,GA,Dodge
2024,13962,Oconee Electric Member Corp,,GA,Laurens
2024,13962,Oconee Electric Member Corp,,GA,Twiggs
2024,13962,Oconee Electric Member Corp,,GA,Wilkinson
2024,13963,Oconomowoc Utilities,,WI,Waukesha
2024,13964,Oconto Electric Cooperative,Y,WI,Marinette
2024,13964,Oconto Electric Cooperative,Y,WI,Menominee
2024,13964,Oconto Electric Cooperative,Y,WI,Oconto
2024,13964,Oconto Electric Cooperative,Y,WI,Shawano
2024,13965,Oconto Falls Water & Light Comm,,WI,Oconto
2024,13966,City of Olustee,Y,OK,Jackson
2024,13971,City of Odessa - (MO),Y,MO,Lafayette
2024,13990,City of Ogden - (IA),Y,IA,Boone
2024,13993,City of Oglesby - (IL),Y,IL,LaSalle
2024,13997,Village of Ohio City - (OH),Y,OH,Van Wert
2024,13998,Ohio Edison Co,,OH,Ashland
2024,13998,Ohio Edison Co,,OH,Ashtabula
2024,13998,Ohio Edison Co,,OH,Carroll
2024,13998,Ohio Edison Co,,OH,Champaign
2024,13998,Ohio Edison Co,,OH,Clark
2024,13998,Ohio Edison Co,,OH,Columbiana
2024,13998,Ohio Edison Co,,OH,Crawford
2024,13998,Ohio Edison Co,,OH,Cuyahoga
2024,13998,Ohio Edison Co,,OH,Delaware
2024,13998,Ohio Edison Co,,OH,Erie
2024,13998,Ohio Edison Co,,OH,Fayette
2024,13998,Ohio Edison Co,,OH,Franklin
2024,13998,Ohio Edison Co,,OH,Geauga
2024,13998,Ohio Edison Co,,OH,Greene
2024,13998,Ohio Edison Co,,OH,Holmes
2024,13998,Ohio Edison Co,,OH,Huron
2024,13998,Ohio Edison Co,,OH,Knox
2024,13998,Ohio Edison Co,,OH,Lorain
2024,13998,Ohio Edison Co,,OH,Madison
2024,13998,Ohio Edison Co,,OH,Mahoning
2024,13998,Ohio Edison Co,,OH,Marion
2024,13998,Ohio Edison Co,,OH,Medina
2024,13998,Ohio Edison Co,,OH,Miami
2024,13998,Ohio Edison Co,,OH,Morrow
2024,13998,Ohio Edison Co,,OH,Ottawa
2024,13998,Ohio Edison Co,,OH,Portage
2024,13998,Ohio Edison Co,,OH,Richland
2024,13998,Ohio Edison Co,,OH,Sandusky
2024,13998,Ohio Edison Co,,OH,Seneca
2024,13998,Ohio Edison Co,,OH,Stark
2024,13998,Ohio Edison Co,,OH,Summit
2024,13998,Ohio Edison Co,,OH,Trumbull
2024,13998,Ohio Edison Co,,OH,Tuscarawas
2024,13998,Ohio Edison Co,,OH,Union
2024,13998,Ohio Edison Co,,OH,Wayne
2024,13998,Ohio Edison Co,,OH,Wyandot
2024,14006,Ohio Power Co,,OH,Adams
2024,14006,Ohio Power Co,,OH,Allen
2024,14006,Ohio Power Co,,OH,Ashland
2024,14006,Ohio Power Co,,OH,Athens
2024,14006,Ohio Power Co,,OH,Auglaize
2024,14006,Ohio Power Co,,OH,Belmont
2024,14006,Ohio Power Co,,OH,Carroll
2024,14006,Ohio Power Co,,OH,Columbiana
2024,14006,Ohio Power Co,,OH,Coshocton
2024,14006,Ohio Power Co,,OH,Crawford
2024,14006,Ohio Power Co,,OH,Darke
2024,14006,Ohio Power Co,,OH,Defiance
2024,14006,Ohio Power Co,,OH,Delaware
2024,14006,Ohio Power Co,,OH,Fairfield
2024,14006,Ohio Power Co,,OH,Franklin
2024,14006,Ohio Power Co,,OH,Gallia
2024,14006,Ohio Power Co,,OH,Guernsey
2024,14006,Ohio Power Co,,OH,Hancock
2024,14006,Ohio Power Co,,OH,Hardin
2024,14006,Ohio Power Co,,OH,Harrison
2024,14006,Ohio Power Co,,OH,Henry
2024,14006,Ohio Power Co,,OH,Hocking
2024,14006,Ohio Power Co,,OH,Holmes
2024,14006,Ohio Power Co,,OH,Huron
2024,14006,Ohio Power Co,,OH,Jackson
2024,14006,Ohio Power Co,,OH,Jefferson
2024,14006,Ohio Power Co,,OH,Knox
2024,14006,Ohio Power Co,,OH,Lawrence
2024,14006,Ohio Power Co,,OH,Licking
2024,14006,Ohio Power Co,,OH,Logan
2024,14006,Ohio Power Co,,OH,Marion
2024,14006,Ohio Power Co,,OH,Meigs
2024,14006,Ohio Power Co,,OH,Monroe
2024,14006,Ohio Power Co,,OH,Morgan
2024,14006,Ohio Power Co,,OH,Morrow
2024,14006,Ohio Power Co,,OH,Muskingum
2024,14006,Ohio Power Co,,OH,Noble
2024,14006,Ohio Power Co,,OH,Paulding
2024,14006,Ohio Power Co,,OH,Perry
2024,14006,Ohio Power Co,,OH,Pike
2024,14006,Ohio Power Co,,OH,Putnam
2024,14006,Ohio Power Co,,OH,Richland
2024,14006,Ohio Power Co,,OH,Sandusky
2024,14006,Ohio Power Co,,OH,Scioto
2024,14006,Ohio Power Co,,OH,Seneca
2024,14006,Ohio Power Co,,OH,Stark
2024,14006,Ohio Power Co,,OH,Summit
2024,14006,Ohio Power Co,,OH,Tuscarawas
2024,14006,Ohio Power Co,,OH,Union
2024,14006,Ohio Power Co,,OH,Van Wert
2024,14006,Ohio Power Co,,OH,Washington
2024,14006,Ohio Power Co,,OH,Wayne
2024,14006,Ohio Power Co,,OH,Wood
2024,14006,Ohio Power Co,,OH,Wyandot
2024,14012,"Ohop Mutual Light Company, Inc",Y,WA,Pierce
2024,14015,Ohio Valley Electric Corp,,OH,Pike
2024,14022,Town of Oak City - (UT),Y,UT,Millard
2024,14054,Town of Oak Creek - (CO),Y,CO,Routt
2024,14055,PUD No 1 of Okanogan County,,WA,Okanogan
2024,14057,Okeene Public Works Authority,Y,OK,Blaine
2024,14062,Oklahoma Electric Coop Inc,,OK,Caddo
2024,14062,Oklahoma Electric Coop Inc,,OK,Canadian
2024,14062,Oklahoma Electric Coop Inc,,OK,Cleveland
2024,14062,Oklahoma Electric Coop Inc,,OK,Grady
2024,14062,Oklahoma Electric Coop Inc,,OK,McClain
2024,14062,Oklahoma Electric Coop Inc,,OK,Oklahoma
2024,14062,Oklahoma Electric Coop Inc,,OK,Pottawatomie
2024,14063,Oklahoma Gas & Electric Co,,AR,Crawford
2024,14063,Oklahoma Gas & Electric Co,,AR,Franklin
2024,14063,Oklahoma Gas & Electric Co,,AR,Johnson
2024,14063,Oklahoma Gas & Electric Co,,AR,Logan
2024,14063,Oklahoma Gas & Electric Co,,AR,Scott
2024,14063,Oklahoma Gas & Electric Co,,AR,Sebastian
2024,14063,Oklahoma Gas & Electric Co,,AR,Washington
2024,14063,Oklahoma Gas & Electric Co,,OK,Adair
2024,14063,Oklahoma Gas & Electric Co,,OK,Alfalfa
2024,14063,Oklahoma Gas & Electric Co,,OK,Atoka
2024,14063,Oklahoma Gas & Electric Co,,OK,Beaver
2024,14063,Oklahoma Gas & Electric Co,,OK,Beckham
2024,14063,Oklahoma Gas & Electric Co,,OK,Blaine
2024,14063,Oklahoma Gas & Electric Co,,OK,Bryan
2024,14063,Oklahoma Gas & Electric Co,,OK,Caddo
2024,14063,Oklahoma Gas & Electric Co,,OK,Canadian
2024,14063,Oklahoma Gas & Electric Co,,OK,Carter
2024,14063,Oklahoma Gas & Electric Co,,OK,Cherokee
2024,14063,Oklahoma Gas & Electric Co,,OK,Choctaw
2024,14063,Oklahoma Gas & Electric Co,,OK,Cleveland
2024,14063,Oklahoma Gas & Electric Co,,OK,Coal
2024,14063,Oklahoma Gas & Electric Co,,OK,Creek
2024,14063,Oklahoma Gas & Electric Co,,OK,Custer
2024,14063,Oklahoma Gas & Electric Co,,OK,Dewey
2024,14063,Oklahoma Gas & Electric Co,,OK,Ellis
2024,14063,Oklahoma Gas & Electric Co,,OK,Garfield
2024,14063,Oklahoma Gas & Electric Co,,OK,Garvin
2024,14063,Oklahoma Gas & Electric Co,,OK,Grady
2024,14063,Oklahoma Gas & Electric Co,,OK,Grant
2024,14063,Oklahoma Gas & Electric Co,,OK,Harper
2024,14063,Oklahoma Gas & Electric Co,,OK,Haskell
2024,14063,Oklahoma Gas & Electric Co,,OK,Hughes
2024,14063,Oklahoma Gas & Electric Co,,OK,Jefferson
2024,14063,Oklahoma Gas & Electric Co,,OK,Johnston
2024,14063,Oklahoma Gas & Electric Co,,OK,Kay
2024,14063,Oklahoma Gas & Electric Co,,OK,Kingfisher
2024,14063,Oklahoma Gas & Electric Co,,OK,Le Flore
2024,14063,Oklahoma Gas & Electric Co,,OK,Lincoln
2024,14063,Oklahoma Gas & Electric Co,,OK,Logan
2024,14063,Oklahoma Gas & Electric Co,,OK,Love
2024,14063,Oklahoma Gas & Electric Co,,OK,Major
2024,14063,Oklahoma Gas & Electric Co,,OK,Marshall
2024,14063,Oklahoma Gas & Electric Co,,OK,McClain
2024,14063,Oklahoma Gas & Electric Co,,OK,McIntosh
2024,14063,Oklahoma Gas & Electric Co,,OK,Murray
2024,14063,Oklahoma Gas & Electric Co,,OK,Muskogee
2024,14063,Oklahoma Gas & Electric Co,,OK,Noble
2024,14063,Oklahoma Gas & Electric Co,,OK,Okfuskee
2024,14063,Oklahoma Gas & Electric Co,,OK,Oklahoma
2024,14063,Oklahoma Gas & Electric Co,,OK,Okmulgee
2024,14063,Oklahoma Gas & Electric Co,,OK,Osage
2024,14063,Oklahoma Gas & Electric Co,,OK,Pawnee
2024,14063,Oklahoma Gas & Electric Co,,OK,Payne
2024,14063,Oklahoma Gas & Electric Co,,OK,Pittsburg
2024,14063,Oklahoma Gas & Electric Co,,OK,Pontotoc
2024,14063,Oklahoma Gas & Electric Co,,OK,Pottawatomie
2024,14063,Oklahoma Gas & Electric Co,,OK,Roger Mills
2024,14063,Oklahoma Gas & Electric Co,,OK,Seminole
2024,14063,Oklahoma Gas & Electric Co,,OK,Sequoyah
2024,14063,Oklahoma Gas & Electric Co,,OK,Stephens
2024,14063,Oklahoma Gas & Electric Co,,OK,Tulsa
2024,14063,Oklahoma Gas & Electric Co,,OK,Wagoner
2024,14063,Oklahoma Gas & Electric Co,,OK,Washita
2024,14063,Oklahoma Gas & Electric Co,,OK,Woods
2024,14063,Oklahoma Gas & Electric Co,,OK,Woodward
2024,14074,"Okanogan County Elec Coop, Inc",Y,WA,Okanogan
2024,14078,City of Okolona,,MS,Chickasaw
2024,14103,City of Olive Hill - (KY),Y,KY,Carter
2024,14107,City of Olivia - (MN),Y,MN,Renville
2024,14109,"Oregon Trail El Cons Coop, Inc",,OR,Baker
2024,14109,"Oregon Trail El Cons Coop, Inc",,OR,Grant
2024,14109,"Oregon Trail El Cons Coop, Inc",,OR,Harney
2024,14109,"Oregon Trail El Cons Coop, Inc",,OR,Union
2024,14124,Borough of Olyphant - (PA),Y,PA,Lackawanna
2024,14125,"Oneida-Madison Elec Coop, Inc",Y,NY,Madison
2024,14125,"Oneida-Madison Elec Coop, Inc",Y,NY,Oneida
2024,14127,Omaha Public Power District,,IA,Pottawattamie
2024,14127,Omaha Public Power District,,NE,Burt
2024,14127,Omaha Public Power District,,NE,Cass
2024,14127,Omaha Public Power District,,NE,Colfax
2024,14127,Omaha Public Power District,,NE,Dodge
2024,14127,Omaha Public Power District,,NE,Douglas
2024,14127,Omaha Public Power District,,NE,Johnson
2024,14127,Omaha Public Power District,,NE,Lancaster
2024,14127,Omaha Public Power District,,NE,Nemaha
2024,14127,Omaha Public Power District,,NE,Otoe
2024,14127,Omaha Public Power District,,NE,Pawnee
2024,14127,Omaha Public Power District,,NE,Richardson
2024,14127,Omaha Public Power District,,NE,Sarpy
2024,14127,Omaha Public Power District,,NE,Saunders
2024,14127,Omaha Public Power District,,NE,Washington
2024,14132,City of Onawa - (IA),Y,IA,Monona
2024,14138,City of Onida - (SD),Y,SD,Sully
2024,14146,City of Opelika - (AL),,AL,Lee
2024,14151,City of Opp - (AL),Y,AL,Covington
2024,14154,Orange & Rockland Utils Inc,,NY,Orange
2024,14154,Orange & Rockland Utils Inc,,NY,Rockland
2024,14154,Orange & Rockland Utils Inc,,NY,Sullivan
2024,14156,Ontonagon County R E A,Y,MI,Baraga
2024,14156,Ontonagon County R E A,Y,MI,Gogebic
2024,14156,Ontonagon County R E A,Y,MI,Houghton
2024,14156,Ontonagon County R E A,Y,MI,Keweenaw
2024,14156,Ontonagon County R E A,Y,MI,Ontonagon
2024,14159,City of Orange City - (IA),Y,IA,Sioux
2024,14160,Orange County Rural E M C,Y,IN,Crawford
2024,14160,Orange County Rural E M C,Y,IN,Lawrence
2024,14160,Orange County Rural E M C,Y,IN,Martin
2024,14160,Orange County Rural E M C,Y,IN,Orange
2024,14160,Orange County Rural E M C,Y,IN,Washington
2024,14164,City of Orangeburg - (SC),,SC,Orangeburg
2024,14166,City of Orient - (IA),Y,IA,Adair
2024,14170,Orcas Power & Light Coop,,WA,San Juan
2024,14172,City of Ord - (NE),Y,NE,Valley
2024,14175,"Tri-County Electric Coop, Inc (SC)",,SC,Calhoun
2024,14175,"Tri-County Electric Coop, Inc (SC)",,SC,Kershaw
2024,14175,"Tri-County Electric Coop, Inc (SC)",,SC,Lexington
2024,14175,"Tri-County Electric Coop, Inc (SC)",,SC,Orangeburg
2024,14175,"Tri-County Electric Coop, Inc (SC)",,SC,Richland
2024,14175,"Tri-County Electric Coop, Inc (SC)",,SC,Sumter
2024,14176,City of Orlando - (OK),Y,OK,Logan
2024,14178,"P K M Electric Coop, Inc",Y,MN,Kittson
2024,14178,"P K M Electric Coop, Inc",Y,MN,Marshall
2024,14178,"P K M Electric Coop, Inc",Y,MN,Polk
2024,14192,Osage Valley Elec Coop Assn,,MO,Bates
2024,14192,Osage Valley Elec Coop Assn,,MO,Benton
2024,14192,Osage Valley Elec Coop Assn,,MO,Cass
2024,14192,Osage Valley Elec Coop Assn,,MO,Henry
2024,14192,Osage Valley Elec Coop Assn,,MO,Johnson
2024,14192,Osage Valley Elec Coop Assn,,MO,St Clair
2024,14192,Osage Valley Elec Coop Assn,,MO,Vernon
2024,14194,City of Orrville - (OH),,OH,Stark
2024,14194,City of Orrville - (OH),,OH,Wayne
2024,14196,City of Ortonville - (MN),Y,MN,Big Stone
2024,14198,Price Municipal Corporation,Y,UT,Carbon
2024,14199,City of Osage City - (KS),Y,KS,Osage
2024,14201,City of Osage - (IA),Y,IA,Mitchell
2024,14202,"Osceola Electric Coop, Inc",Y,IA,Dickinson
2024,14202,"Osceola Electric Coop, Inc",Y,IA,Lyon
2024,14202,"Osceola Electric Coop, Inc",Y,IA,O'Brien
2024,14202,"Osceola Electric Coop, Inc",Y,IA,Osceola
2024,14203,City of Osawatomie - (KS),Y,KS,Miami
2024,14214,City of Osborne - (KS),Y,KS,Osborne
2024,14216,City of Osceola - (AR),Y,AR,Mississippi
2024,14224,Otero County Electric Coop Inc,,NM,Chaves
2024,14224,Otero County Electric Coop Inc,,NM,Lincoln
2024,14224,Otero County Electric Coop Inc,,NM,Otero
2024,14224,Otero County Electric Coop Inc,,NM,Socorro
2024,14229,City of Ottawa - (KS),Y,KS,Franklin
2024,14232,Otter Tail Power Co,,MN,Becker
2024,14232,Otter Tail Power Co,,MN,Beltrami
2024,14232,Otter Tail Power Co,,MN,Big Stone
2024,14232,Otter Tail Power Co,,MN,Cass
2024,14232,Otter Tail Power Co,,MN,Chippewa
2024,14232,Otter Tail Power Co,,MN,Clay
2024,14232,Otter Tail Power Co,,MN,Clearwater
2024,14232,Otter Tail Power Co,,MN,Douglas
2024,14232,Otter Tail Power Co,,MN,Grant
2024,14232,Otter Tail Power Co,,MN,Kandiyohi
2024,14232,Otter Tail Power Co,,MN,Kittson
2024,14232,Otter Tail Power Co,,MN,Lac Qui Parle
2024,14232,Otter Tail Power Co,,MN,Lincoln
2024,14232,Otter Tail Power Co,,MN,Lyon
2024,14232,Otter Tail Power Co,,MN,Mahnomen
2024,14232,Otter Tail Power Co,,MN,Marshall
2024,14232,Otter Tail Power Co,,MN,Norman
2024,14232,Otter Tail Power Co,,MN,Otter Tail
2024,14232,Otter Tail Power Co,,MN,Pennington
2024,14232,Otter Tail Power Co,,MN,Polk
2024,14232,Otter Tail Power Co,,MN,Pope
2024,14232,Otter Tail Power Co,,MN,Red Lake
2024,14232,Otter Tail Power Co,,MN,Redwood
2024,14232,Otter Tail Power Co,,MN,Roseau
2024,14232,Otter Tail Power Co,,MN,Stevens
2024,14232,Otter Tail Power Co,,MN,Swift
2024,14232,Otter Tail Power Co,,MN,Todd
2024,14232,Otter Tail Power Co,,MN,Traverse
2024,14232,Otter Tail Power Co,,MN,Wilkin
2024,14232,Otter Tail Power Co,,MN,Yellow Medicine
2024,14232,Otter Tail Power Co,,ND,Barnes
2024,14232,Otter Tail Power Co,,ND,Benson
2024,14232,Otter Tail Power Co,,ND,Bottineau
2024,14232,Otter Tail Power Co,,ND,Burleigh
2024,14232,Otter Tail Power Co,,ND,Cass
2024,14232,Otter Tail Power Co,,ND,Cavalier
2024,14232,Otter Tail Power Co,,ND,Dickey
2024,14232,Otter Tail Power Co,,ND,Eddy
2024,14232,Otter Tail Power Co,,ND,Foster
2024,14232,Otter Tail Power Co,,ND,Grand Forks
2024,14232,Otter Tail Power Co,,ND,Griggs
2024,14232,Otter Tail Power Co,,ND,Kidder
2024,14232,Otter Tail Power Co,,ND,LaMoure
2024,14232,Otter Tail Power Co,,ND,Logan
2024,14232,Otter Tail Power Co,,ND,McHenry
2024,14232,Otter Tail Power Co,,ND,McLean
2024,14232,Otter Tail Power Co,,ND,Mountrail
2024,14232,Otter Tail Power Co,,ND,Nelson
2024,14232,Otter Tail Power Co,,ND,Pembina
2024,14232,Otter Tail Power Co,,ND,Pierce
2024,14232,Otter Tail Power Co,,ND,Ramsey
2024,14232,Otter Tail Power Co,,ND,Ransom
2024,14232,Otter Tail Power Co,,ND,Renville
2024,14232,Otter Tail Power Co,,ND,Richland
2024,14232,Otter Tail Power Co,,ND,Rolette
2024,14232,Otter Tail Power Co,,ND,Sargent
2024,14232,Otter Tail Power Co,,ND,Sheridan
2024,14232,Otter Tail Power Co,,ND,Steele
2024,14232,Otter Tail Power Co,,ND,Stutsman
2024,14232,Otter Tail Power Co,,ND,Towner
2024,14232,Otter Tail Power Co,,ND,Traill
2024,14232,Otter Tail Power Co,,ND,Walsh
2024,14232,Otter Tail Power Co,,ND,Ward
2024,14232,Otter Tail Power Co,,ND,Wells
2024,14232,Otter Tail Power Co,,SD,Brookings
2024,14232,Otter Tail Power Co,,SD,Codington
2024,14232,Otter Tail Power Co,,SD,Day
2024,14232,Otter Tail Power Co,,SD,Deuel
2024,14232,Otter Tail Power Co,,SD,Grant
2024,14232,Otter Tail Power Co,,SD,Hamlin
2024,14232,Otter Tail Power Co,,SD,Kingsbury
2024,14232,Otter Tail Power Co,,SD,Lake
2024,14232,Otter Tail Power Co,,SD,Marshall
2024,14232,Otter Tail Power Co,,SD,Moody
2024,14232,Otter Tail Power Co,,SD,Roberts
2024,14234,City of Ouzinkie - (AK),Y,AK,Kodiak Island
2024,14238,Ouachita Electric Coop Corp,,AR,Bradley
2024,14238,Ouachita Electric Coop Corp,,AR,Calhoun
2024,14238,Ouachita Electric Coop Corp,,AR,Dallas
2024,14238,Ouachita Electric Coop Corp,,AR,Nevada
2024,14238,Ouachita Electric Coop Corp,,AR,Ouachita
2024,14245,Overton Power District No 5,,NV,Clark
2024,14246,City of Owatonna - (MN),,MN,Steele
2024,14251,Owen Electric Coop Inc,,KY,Boone
2024,14251,Owen Electric Coop Inc,,KY,Campbell
2024,14251,Owen Electric Coop Inc,,KY,Carroll
2024,14251,Owen Electric Coop Inc,,KY,Gallatin
2024,14251,Owen Electric Coop Inc,,KY,Grant
2024,14251,Owen Electric Coop Inc,,KY,Kenton
2024,14251,Owen Electric Coop Inc,,KY,Owen
2024,14251,Owen Electric Coop Inc,,KY,Pendleton
2024,14251,Owen Electric Coop Inc,,KY,Scott
2024,14261,Village of Orleans - (VT),Y,VT,Orleans
2024,14267,"Otsego Electric Coop, Inc",Y,NY,Chenango
2024,14267,"Otsego Electric Coop, Inc",Y,NY,Herkimer
2024,14267,"Otsego Electric Coop, Inc",Y,NY,Madison
2024,14267,"Otsego Electric Coop, Inc",Y,NY,Otsego
2024,14268,City of Owensboro - (KY),,IN,Spencer
2024,14268,City of Owensboro - (KY),,KY,Daviess
2024,14275,City of Oxford - (MS),,MS,Lafayette
2024,14276,City of Oxford - (KS),Y,KS,Sumner
2024,14277,Village of Oxford - (NE),Y,NE,Furnas
2024,14277,Village of Oxford - (NE),Y,NE,Harlan
2024,14285,Ozark Border Electric Coop,,MO,Bollinger
2024,14285,Ozark Border Electric Coop,,MO,Butler
2024,14285,Ozark Border Electric Coop,,MO,Carter
2024,14285,Ozark Border Electric Coop,,MO,Dunklin
2024,14285,Ozark Border Electric Coop,,MO,New Madrid
2024,14285,Ozark Border Electric Coop,,MO,Oregon
2024,14285,Ozark Border Electric Coop,,MO,Reynolds
2024,14285,Ozark Border Electric Coop,,MO,Ripley
2024,14285,Ozark Border Electric Coop,,MO,Shannon
2024,14285,Ozark Border Electric Coop,,MO,Stoddard
2024,14285,Ozark Border Electric Coop,,MO,Wayne
2024,14288,Ozark Electric Coop Inc - (MO),,MO,Barry
2024,14288,Ozark Electric Coop Inc - (MO),,MO,Christian
2024,14288,Ozark Electric Coop Inc - (MO),,MO,Dade
2024,14288,Ozark Electric Coop Inc - (MO),,MO,Greene
2024,14288,Ozark Electric Coop Inc - (MO),,MO,Jasper
2024,14288,Ozark Electric Coop Inc - (MO),,MO,Lawrence
2024,14288,Ozark Electric Coop Inc - (MO),,MO,Newton
2024,14288,Ozark Electric Coop Inc - (MO),,MO,Polk
2024,14288,Ozark Electric Coop Inc - (MO),,MO,Stone
2024,14289,Ozarks Electric Coop Corp - (AR),,AR,Benton
2024,14289,Ozarks Electric Coop Corp - (AR),,AR,Crawford
2024,14289,Ozarks Electric Coop Corp - (AR),,AR,Franklin
2024,14289,Ozarks Electric Coop Corp - (AR),,AR,Madison
2024,14289,Ozarks Electric Coop Corp - (AR),,AR,Washington
2024,14289,Ozarks Electric Coop Corp - (AR),,OK,Adair
2024,14289,Ozarks Electric Coop Corp - (AR),,OK,Cherokee
2024,14289,Ozarks Electric Coop Corp - (AR),,OK,Delaware
2024,14289,Ozarks Electric Coop Corp - (AR),,OK,Sequoyah
2024,14324,PUD No 2 of Pacific County,,WA,Grays Harbor
2024,14324,PUD No 2 of Pacific County,,WA,Pacific
2024,14324,PUD No 2 of Pacific County,,WA,Wahkiakum
2024,14328,Pacific Gas & Electric Co.,,CA,Alameda
2024,14328,Pacific Gas & Electric Co.,,CA,Alpine
2024,14328,Pacific Gas & Electric Co.,,CA,Amador
2024,14328,Pacific Gas & Electric Co.,,CA,Butte
2024,14328,Pacific Gas & Electric Co.,,CA,Calaveras
2024,14328,Pacific Gas & Electric Co.,,CA,Colusa
2024,14328,Pacific Gas & Electric Co.,,CA,Contra Costa
2024,14328,Pacific Gas & Electric Co.,,CA,El Dorado
2024,14328,Pacific Gas & Electric Co.,,CA,Fresno
2024,14328,Pacific Gas & Electric Co.,,CA,Glenn
2024,14328,Pacific Gas & Electric Co.,,CA,Humboldt
2024,14328,Pacific Gas & Electric Co.,,CA,Kern
2024,14328,Pacific Gas & Electric Co.,,CA,Kings
2024,14328,Pacific Gas & Electric Co.,,CA,Lake
2024,14328,Pacific Gas & Electric Co.,,CA,Lassen
2024,14328,Pacific Gas & Electric Co.,,CA,Madera
2024,14328,Pacific Gas & Electric Co.,,CA,Marin
2024,14328,Pacific Gas & Electric Co.,,CA,Mariposa
2024,14328,Pacific Gas & Electric Co.,,CA,Mendocino
2024,14328,Pacific Gas & Electric Co.,,CA,Merced
2024,14328,Pacific Gas & Electric Co.,,CA,Modoc
2024,14328,Pacific Gas & Electric Co.,,CA,Monterey
2024,14328,Pacific Gas & Electric Co.,,CA,Napa
2024,14328,Pacific Gas & Electric Co.,,CA,Nevada
2024,14328,Pacific Gas & Electric Co.,,CA,Placer
2024,14328,Pacific Gas & Electric Co.,,CA,Plumas
2024,14328,Pacific Gas & Electric Co.,,CA,Sacramento
2024,14328,Pacific Gas & Electric Co.,,CA,San Benito
2024,14328,Pacific Gas & Electric Co.,,CA,San Bernardino
2024,14328,Pacific Gas & Electric Co.,,CA,San Diego
2024,14328,Pacific Gas & Electric Co.,,CA,San Francisco
2024,14328,Pacific Gas & Electric Co.,,CA,San Joaquin
2024,14328,Pacific Gas & Electric Co.,,CA,San Luis Obispo
2024,14328,Pacific Gas & Electric Co.,,CA,San Mateo
2024,14328,Pacific Gas & Electric Co.,,CA,Santa Barbara
2024,14328,Pacific Gas & Electric Co.,,CA,Santa Clara
2024,14328,Pacific Gas & Electric Co.,,CA,Santa Cruz
2024,14328,Pacific Gas & Electric Co.,,CA,Shasta
2024,14328,Pacific Gas & Electric Co.,,CA,Sierra
2024,14328,Pacific Gas & Electric Co.,,CA,Siskiyou
2024,14328,Pacific Gas & Electric Co.,,CA,Solano
2024,14328,Pacific Gas & Electric Co.,,CA,Sonoma
2024,14328,Pacific Gas & Electric Co.,,CA,Stanislaus
2024,14328,Pacific Gas & Electric Co.,,CA,Sutter
2024,14328,Pacific Gas & Electric Co.,,CA,Tehama
2024,14328,Pacific Gas & Electric Co.,,CA,Trinity
2024,14328,Pacific Gas & Electric Co.,,CA,Tulare
2024,14328,Pacific Gas & Electric Co.,,CA,Tuolumne
2024,14328,Pacific Gas & Electric Co.,,CA,Yolo
2024,14328,Pacific Gas & Electric Co.,,CA,Yuba
2024,14354,PacifiCorp,,CA,Del Norte
2024,14354,PacifiCorp,,CA,Modoc
2024,14354,PacifiCorp,,CA,Shasta
2024,14354,PacifiCorp,,CA,Siskiyou
2024,14354,PacifiCorp,,ID,Bannock
2024,14354,PacifiCorp,,ID,Bear Lake
2024,14354,PacifiCorp,,ID,Bingham
2024,14354,PacifiCorp,,ID,Bonneville
2024,14354,PacifiCorp,,ID,Butte
2024,14354,PacifiCorp,,ID,Caribou
2024,14354,PacifiCorp,,ID,Clark
2024,14354,PacifiCorp,,ID,Franklin
2024,14354,PacifiCorp,,ID,Fremont
2024,14354,PacifiCorp,,ID,Jefferson
2024,14354,PacifiCorp,,ID,Madison
2024,14354,PacifiCorp,,ID,Oneida
2024,14354,PacifiCorp,,ID,Power
2024,14354,PacifiCorp,,ID,Teton
2024,14354,PacifiCorp,,OR,Benton
2024,14354,PacifiCorp,,OR,Clatsop
2024,14354,PacifiCorp,,OR,Coos
2024,14354,PacifiCorp,,OR,Crook
2024,14354,PacifiCorp,,OR,Deschutes
2024,14354,PacifiCorp,,OR,Douglas
2024,14354,PacifiCorp,,OR,Gilliam
2024,14354,PacifiCorp,,OR,Hood River
2024,14354,PacifiCorp,,OR,Jackson
2024,14354,PacifiCorp,,OR,Jefferson
2024,14354,PacifiCorp,,OR,Josephine
2024,14354,PacifiCorp,,OR,Klamath
2024,14354,PacifiCorp,,OR,Lake
2024,14354,PacifiCorp,,OR,Lane
2024,14354,PacifiCorp,,OR,Lincoln
2024,14354,PacifiCorp,,OR,Linn
2024,14354,PacifiCorp,,OR,Marion
2024,14354,PacifiCorp,,OR,Morrow
2024,14354,PacifiCorp,,OR,Multnomah
2024,14354,PacifiCorp,,OR,Polk
2024,14354,PacifiCorp,,OR,Sherman
2024,14354,PacifiCorp,,OR,Tillamook
2024,14354,PacifiCorp,,OR,Umatilla
2024,14354,PacifiCorp,,OR,Wallowa
2024,14354,PacifiCorp,,OR,Wasco
2024,14354,PacifiCorp,,UT,Beaver
2024,14354,PacifiCorp,,UT,Box Elder
2024,14354,PacifiCorp,,UT,Cache
2024,14354,PacifiCorp,,UT,Carbon
2024,14354,PacifiCorp,,UT,Davis
2024,14354,PacifiCorp,,UT,Duchesne
2024,14354,PacifiCorp,,UT,Emery
2024,14354,PacifiCorp,,UT,Garfield
2024,14354,PacifiCorp,,UT,Grand
2024,14354,PacifiCorp,,UT,Iron
2024,14354,PacifiCorp,,UT,Juab
2024,14354,PacifiCorp,,UT,Millard
2024,14354,PacifiCorp,,UT,Morgan
2024,14354,PacifiCorp,,UT,Piute
2024,14354,PacifiCorp,,UT,Rich
2024,14354,PacifiCorp,,UT,Salt Lake
2024,14354,PacifiCorp,,UT,San Juan
2024,14354,PacifiCorp,,UT,Sanpete
2024,14354,PacifiCorp,,UT,Sevier
2024,14354,PacifiCorp,,UT,Summit
2024,14354,PacifiCorp,,UT,Tooele
2024,14354,PacifiCorp,,UT,Uintah
2024,14354,PacifiCorp,,UT,Utah
2024,14354,PacifiCorp,,UT,Wasatch
2024,14354,PacifiCorp,,UT,Washington
2024,14354,PacifiCorp,,UT,Weber
2024,14354,PacifiCorp,,WA,Benton
2024,14354,PacifiCorp,,WA,Columbia
2024,14354,PacifiCorp,,WA,Cowlitz
2024,14354,PacifiCorp,,WA,Garfield
2024,14354,PacifiCorp,,WA,Walla Walla
2024,14354,PacifiCorp,,WA,Yakima
2024,14354,PacifiCorp,,WY,Albany
2024,14354,PacifiCorp,,WY,Big Horn
2024,14354,PacifiCorp,,WY,Carbon
2024,14354,PacifiCorp,,WY,Converse
2024,14354,PacifiCorp,,WY,Fremont
2024,14354,PacifiCorp,,WY,Hot Springs
2024,14354,PacifiCorp,,WY,Johnson
2024,14354,PacifiCorp,,WY,Lincoln
2024,14354,PacifiCorp,,WY,Natrona
2024,14354,PacifiCorp,,WY,Park
2024,14354,PacifiCorp,,WY,Platte
2024,14354,PacifiCorp,,WY,Sublette
2024,14354,PacifiCorp,,WY,Sweetwater
2024,14354,PacifiCorp,,WY,Uinta
2024,14354,PacifiCorp,,WY,Washakie
2024,14371,City of Paducah - (KY),,KY,McCracken
2024,14373,Page Utility Enterprises,Y,AZ,Coconino
2024,14381,City of Painesville,,OH,Lake
2024,14396,City of Palmetto - (GA),Y,GA,Coweta
2024,14396,City of Palmetto - (GA),Y,GA,Fulton
2024,14398,Palmetto Electric Coop Inc,,SC,Allendale
2024,14398,Palmetto Electric Coop Inc,,SC,Beaufort
2024,14398,Palmetto Electric Coop Inc,,SC,Hampton
2024,14398,Palmetto Electric Coop Inc,,SC,Jasper
2024,14400,City of Palmyra - (MO),Y,MO,Marion
2024,14401,City of Palo Alto - (CA),,CA,Santa Clara
2024,14424,"Panola-Harrison Elec Coop, Inc",,LA,Caddo
2024,14424,"Panola-Harrison Elec Coop, Inc",,LA,DeSoto
2024,14424,"Panola-Harrison Elec Coop, Inc",,TX,Harrison
2024,14424,"Panola-Harrison Elec Coop, Inc",,TX,Panola
2024,14426,Panhandle Rural El Member Assn,Y,NE,Arthur
2024,14426,Panhandle Rural El Member Assn,Y,NE,Box Butte
2024,14426,Panhandle Rural El Member Assn,Y,NE,Cherry
2024,14426,Panhandle Rural El Member Assn,Y,NE,Garden
2024,14426,Panhandle Rural El Member Assn,Y,NE,Grant
2024,14426,Panhandle Rural El Member Assn,Y,NE,Hooker
2024,14426,Panhandle Rural El Member Assn,Y,NE,McPherson
2024,14426,Panhandle Rural El Member Assn,Y,NE,Morrill
2024,14426,Panhandle Rural El Member Assn,Y,NE,Sheridan
2024,14426,Panhandle Rural El Member Assn,Y,NE,Sioux
2024,14433,City of Panora - (IA),Y,IA,Guthrie
2024,14435,Town of Paoli - (IN),Y,IN,Orange
2024,14443,Town of Paragonah - (UT),Y,UT,Iron
2024,14446,Paragould Municipal Utilities,,AR,Greene
2024,14451,Village of Pardeeville - (WI),Y,WI,Columbia
2024,14455,City of Paris - (TN),,TN,Henry
2024,14456,City of Paris - (MO),Y,MO,Monroe
2024,14459,City of Paris - (KY),Y,KY,Bourbon
2024,14460,City of Paris - (AR),Y,AR,Logan
2024,14468,People's Cooperative Services,,MN,Dodge
2024,14468,People's Cooperative Services,,MN,Fillmore
2024,14468,People's Cooperative Services,,MN,Mower
2024,14468,People's Cooperative Services,,MN,Olmsted
2024,14468,People's Cooperative Services,,MN,Wabasha
2024,14468,People's Cooperative Services,,MN,Winona
2024,14471,Parke County Rural E M C,Y,IN,Clay
2024,14471,Parke County Rural E M C,Y,IN,Fountain
2024,14471,Parke County Rural E M C,Y,IN,Montgomery
2024,14471,Parke County Rural E M C,Y,IN,Parke
2024,14471,Parke County Rural E M C,Y,IN,Putnam
2024,14471,Parke County Rural E M C,Y,IN,Vigo
2024,14472,Borough of Park Ridge - (NJ),Y,NJ,Bergen
2024,14473,City of Paton - (IA),Y,IA,Greene
2024,14474,City of Park River - (ND),Y,ND,Walsh
2024,14489,City of Parker - (SD),Y,SD,Turner
2024,14500,Park Electric Coop Inc,Y,MT,Gallatin
2024,14500,Park Electric Coop Inc,Y,MT,Meagher
2024,14500,Park Electric Coop Inc,Y,MT,Park
2024,14500,Park Electric Coop Inc,Y,MT,Sweet Grass
2024,14505,Parkland Light & Water Company,Y,WA,Pierce
2024,14512,Parowan City Corporation,Y,UT,Iron
2024,14534,City of Pasadena - (CA),,CA,Los Angeles
2024,14537,Pascoag Utility District,,RI,Providence
2024,14543,Tohono O'Odham Utility Authority,Y,AZ,Maricopa
2024,14543,Tohono O'Odham Utility Authority,Y,AZ,Pima
2024,14543,Tohono O'Odham Utility Authority,Y,AZ,Pinal
2024,14563,Pearl River Valley El Pwr Assn,,MS,Covington
2024,14563,Pearl River Valley El Pwr Assn,,MS,Forrest
2024,14563,Pearl River Valley El Pwr Assn,,MS,George
2024,14563,Pearl River Valley El Pwr Assn,,MS,Jackson
2024,14563,Pearl River Valley El Pwr Assn,,MS,Jefferson Davis
2024,14563,Pearl River Valley El Pwr Assn,,MS,Lamar
2024,14563,Pearl River Valley El Pwr Assn,,MS,Lawrence
2024,14563,Pearl River Valley El Pwr Assn,,MS,Marion
2024,14563,Pearl River Valley El Pwr Assn,,MS,Pearl River
2024,14563,Pearl River Valley El Pwr Assn,,MS,Perry
2024,14563,Pearl River Valley El Pwr Assn,,MS,Stone
2024,14563,Pearl River Valley El Pwr Assn,,MS,Walthall
2024,14577,City of Paullina - (IA),Y,IA,O'Brien
2024,14581,Village of Paw Paw - (MI),Y,MI,Van Buren
2024,14582,City of Pawhuska - (OK),Y,OK,Osage
2024,14583,City of Pawnee - (OK),Y,OK,Pawnee
2024,14585,Town of Paxton - (MA),Y,MA,Worcester
2024,14599,"Paulding-Putman Elec Coop, Inc",,IN,Adams
2024,14599,"Paulding-Putman Elec Coop, Inc",,IN,Allen
2024,14599,"Paulding-Putman Elec Coop, Inc",,OH,Allen
2024,14599,"Paulding-Putman Elec Coop, Inc",,OH,Defiance
2024,14599,"Paulding-Putman Elec Coop, Inc",,OH,Paulding
2024,14599,"Paulding-Putman Elec Coop, Inc",,OH,Putnam
2024,14599,"Paulding-Putman Elec Coop, Inc",,OH,Van Wert
2024,14600,Payson City Corporation,Y,UT,Utah
2024,14602,Pea River Electric Coop,,AL,Barbour
2024,14602,Pea River Electric Coop,,AL,Coffee
2024,14602,Pea River Electric Coop,,AL,Dale
2024,14602,Pea River Electric Coop,,AL,Henry
2024,14605,City of Peabody - (MA),,MA,Essex
2024,14606,"Peace River Electric Coop, Inc",,FL,Brevard
2024,14606,"Peace River Electric Coop, Inc",,FL,DeSoto
2024,14606,"Peace River Electric Coop, Inc",,FL,Hardee
2024,14606,"Peace River Electric Coop, Inc",,FL,Highlands
2024,14606,"Peace River Electric Coop, Inc",,FL,Hillsborough
2024,14606,"Peace River Electric Coop, Inc",,FL,Indian River
2024,14606,"Peace River Electric Coop, Inc",,FL,Manatee
2024,14606,"Peace River Electric Coop, Inc",,FL,Osceola
2024,14606,"Peace River Electric Coop, Inc",,FL,Polk
2024,14606,"Peace River Electric Coop, Inc",,FL,Sarasota
2024,14610,Orlando Utilities Comm,,FL,Orange
2024,14610,Orlando Utilities Comm,,FL,Osceola
2024,14624,PUD No 2 of Grant County,,WA,Adams
2024,14624,PUD No 2 of Grant County,,WA,Douglas
2024,14624,PUD No 2 of Grant County,,WA,Grant
2024,14624,PUD No 2 of Grant County,,WA,Kittitas
2024,14624,PUD No 2 of Grant County,,WA,Lincoln
2024,14626,"Pedernales Electric Coop, Inc",,TX,Bell
2024,14626,"Pedernales Electric Coop, Inc",,TX,Bexar
2024,14626,"Pedernales Electric Coop, Inc",,TX,Blanco
2024,14626,"Pedernales Electric Coop, Inc",,TX,Burnet
2024,14626,"Pedernales Electric Coop, Inc",,TX,Caldwell
2024,14626,"Pedernales Electric Coop, Inc",,TX,Comal
2024,14626,"Pedernales Electric Coop, Inc",,TX,Edwards
2024,14626,"Pedernales Electric Coop, Inc",,TX,Gillespie
2024,14626,"Pedernales Electric Coop, Inc",,TX,Guadalupe
2024,14626,"Pedernales Electric Coop, Inc",,TX,Hays
2024,14626,"Pedernales Electric Coop, Inc",,TX,Kendall
2024,14626,"Pedernales Electric Coop, Inc",,TX,Kerr
2024,14626,"Pedernales Electric Coop, Inc",,TX,Kimble
2024,14626,"Pedernales Electric Coop, Inc",,TX,Kinney
2024,14626,"Pedernales Electric Coop, Inc",,TX,Lampasas
2024,14626,"Pedernales Electric Coop, Inc",,TX,Llano
2024,14626,"Pedernales Electric Coop, Inc",,TX,Mason
2024,14626,"Pedernales Electric Coop, Inc",,TX,Menard
2024,14626,"Pedernales Electric Coop, Inc",,TX,Real
2024,14626,"Pedernales Electric Coop, Inc",,TX,San Saba
2024,14626,"Pedernales Electric Coop, Inc",,TX,Schleicher
2024,14626,"Pedernales Electric Coop, Inc",,TX,Sutton
2024,14626,"Pedernales Electric Coop, Inc",,TX,Travis
2024,14626,"Pedernales Electric Coop, Inc",,TX,Williamson
2024,14633,Pedro Bay Village Council - (AK),Y,AK,Lake and Peninsula
2024,14645,City of Pella - (IA),Y,IA,Mahaska
2024,14645,City of Pella - (IA),Y,IA,Marion
2024,14648,Borough of Pemberton - (NJ),Y,NJ,Burlington
2024,14649,Planters Electric Member Corp,,GA,Bulloch
2024,14649,Planters Electric Member Corp,,GA,Burke
2024,14649,Planters Electric Member Corp,,GA,Effingham
2024,14649,Planters Electric Member Corp,,GA,Emanuel
2024,14649,Planters Electric Member Corp,,GA,Jenkins
2024,14649,Planters Electric Member Corp,,GA,Richmond
2024,14649,Planters Electric Member Corp,,GA,Screven
2024,14650,Village of Pemberville - (OH),Y,OH,Wood
2024,14653,PUD No 1 of Pend Oreille County,,WA,Pend Oreille
2024,14656,City of Pender - (NE),Y,NE,Thurston
2024,14659,Town of Pendleton - (IN),Y,IN,Madison
2024,14668,Peninsula Light Company,,WA,Kitsap
2024,14668,Peninsula Light Company,,WA,Pierce
2024,14700,Village of Penn Yan - (NY),Y,NY,Yates
2024,14712,Pemiscot-Dunklin Elec Coop Inc,Y,MO,Dunklin
2024,14712,Pemiscot-Dunklin Elec Coop Inc,Y,MO,New Madrid
2024,14712,Pemiscot-Dunklin Elec Coop Inc,Y,MO,Pemiscot
2024,14715,PPL Electric Utilities Corp,,PA,Berks
2024,14715,PPL Electric Utilities Corp,,PA,Bradford
2024,14715,PPL Electric Utilities Corp,,PA,Bucks
2024,14715,PPL Electric Utilities Corp,,PA,Carbon
2024,14715,PPL Electric Utilities Corp,,PA,Centre
2024,14715,PPL Electric Utilities Corp,,PA,Chester
2024,14715,PPL Electric Utilities Corp,,PA,Clinton
2024,14715,PPL Electric Utilities Corp,,PA,Columbia
2024,14715,PPL Electric Utilities Corp,,PA,Cumberland
2024,14715,PPL Electric Utilities Corp,,PA,Dauphin
2024,14715,PPL Electric Utilities Corp,,PA,Juniata
2024,14715,PPL Electric Utilities Corp,,PA,Lackawanna
2024,14715,PPL Electric Utilities Corp,,PA,Lancaster
2024,14715,PPL Electric Utilities Corp,,PA,Lebanon
2024,14715,PPL Electric Utilities Corp,,PA,Lehigh
2024,14715,PPL Electric Utilities Corp,,PA,Luzerne
2024,14715,PPL Electric Utilities Corp,,PA,Lycoming
2024,14715,PPL Electric Utilities Corp,,PA,Mifflin
2024,14715,PPL Electric Utilities Corp,,PA,Monroe
2024,14715,PPL Electric Utilities Corp,,PA,Montgomery
2024,14715,PPL Electric Utilities Corp,,PA,Montour
2024,14715,PPL Electric Utilities Corp,,PA,Northampton
2024,14715,PPL Electric Utilities Corp,,PA,Northumberland
2024,14715,PPL Electric Utilities Corp,,PA,Perry
2024,14715,PPL Electric Utilities Corp,,PA,Pike
2024,14715,PPL Electric Utilities Corp,,PA,Schuylkill
2024,14715,PPL Electric Utilities Corp,,PA,Snyder
2024,14715,PPL Electric Utilities Corp,,PA,Sullivan
2024,14715,PPL Electric Utilities Corp,,PA,Susquehanna
2024,14715,PPL Electric Utilities Corp,,PA,Union
2024,14715,PPL Electric Utilities Corp,,PA,Wayne
2024,14715,PPL Electric Utilities Corp,,PA,Wyoming
2024,14715,PPL Electric Utilities Corp,,PA,York
2024,14717,Pee Dee Electric Member Corp,,NC,Anson
2024,14717,Pee Dee Electric Member Corp,,NC,Montgomery
2024,14717,Pee Dee Electric Member Corp,,NC,Moore
2024,14717,Pee Dee Electric Member Corp,,NC,Richmond
2024,14717,Pee Dee Electric Member Corp,,NC,Scotland
2024,14717,Pee Dee Electric Member Corp,,NC,Stanly
2024,14717,Pee Dee Electric Member Corp,,NC,Union
2024,14724,Pennyrile Rural Electric Coop,,KY,Butler
2024,14724,Pennyrile Rural Electric Coop,,KY,Christian
2024,14724,Pennyrile Rural Electric Coop,,KY,Grant
2024,14724,Pennyrile Rural Electric Coop,,KY,Livingston
2024,14724,Pennyrile Rural Electric Coop,,KY,Logan
2024,14724,Pennyrile Rural Electric Coop,,KY,Muhlenberg
2024,14724,Pennyrile Rural Electric Coop,,KY,Todd
2024,14724,Pennyrile Rural Electric Coop,,KY,Trigg
2024,14771,PUD No 1 of Asotin County,Y,WA,Asotin
2024,14775,People's Electric Cooperative,,OK,Atoka
2024,14775,People's Electric Cooperative,,OK,Carter
2024,14775,People's Electric Cooperative,,OK,Coal
2024,14775,People's Electric Cooperative,,OK,Garvin
2024,14775,People's Electric Cooperative,,OK,Hughes
2024,14775,People's Electric Cooperative,,OK,Johnston
2024,14775,People's Electric Cooperative,,OK,McClain
2024,14775,People's Electric Cooperative,,OK,Murray
2024,14775,People's Electric Cooperative,,OK,Pittsburg
2024,14775,People's Electric Cooperative,,OK,Pontotoc
2024,14775,People's Electric Cooperative,,OK,Seminole
2024,14792,Borough of Perkasie - (PA),Y,PA,Bucks
2024,14806,City of Perry - (MO),Y,MO,Ralls
2024,14829,City of Perry - (OK),Y,OK,Noble
2024,14832,Native Village of Perryville - (AK),Y,AK,Lake and Peninsula
2024,14839,City of Peru - (IN),,IN,Cass
2024,14839,City of Peru - (IN),,IN,Miami
2024,14840,City of Peru - (IL),,IL,LaSalle
2024,14841,City of Peterson - (MN),Y,MN,Fillmore
2024,14856,Petersburg Borough - (AK),Y,AK,Wrangell Petersburg
2024,14857,Pitt & Greene Elec Member Corp,Y,NC,Edgecombe
2024,14857,Pitt & Greene Elec Member Corp,Y,NC,Greene
2024,14857,Pitt & Greene Elec Member Corp,Y,NC,Lenoir
2024,14857,Pitt & Greene Elec Member Corp,Y,NC,Pitt
2024,14857,Pitt & Greene Elec Member Corp,Y,NC,Wayne
2024,14857,Pitt & Greene Elec Member Corp,Y,NC,Wilson
2024,14864,Petit Jean Electric Coop Corp,,AR,Cleburne
2024,14864,Petit Jean Electric Coop Corp,,AR,Conway
2024,14864,Petit Jean Electric Coop Corp,,AR,Faulkner
2024,14864,Petit Jean Electric Coop Corp,,AR,Marion
2024,14864,Petit Jean Electric Coop Corp,,AR,Newton
2024,14864,Petit Jean Electric Coop Corp,,AR,Pope
2024,14864,Petit Jean Electric Coop Corp,,AR,Searcy
2024,14864,Petit Jean Electric Coop Corp,,AR,Stone
2024,14864,Petit Jean Electric Coop Corp,,AR,Van Buren
2024,14867,City of Petoskey - (MI),Y,MI,Emmet
2024,14940,PECO Energy Co,,PA,Bucks
2024,14940,PECO Energy Co,,PA,Chester
2024,14940,PECO Energy Co,,PA,Delaware
2024,14940,PECO Energy Co,,PA,Montgomery
2024,14940,PECO Energy Co,,PA,Philadelphia
2024,14940,PECO Energy Co,,PA,York
2024,14945,Village of Philadelphia - (NY),Y,NY,Jefferson
2024,14947,City of Philadelphia - (MS),,MS,Neshoba
2024,14954,Philippi Municipal Electric,Y,WV,Barbour
2024,15016,Pickwick Electric Coop,,TN,Chester
2024,15016,Pickwick Electric Coop,,TN,Hardeman
2024,15016,Pickwick Electric Coop,,TN,Hardin
2024,15016,Pickwick Electric Coop,,TN,McNairy
2024,15022,City of Piedmont - (AL),Y,AL,Calhoun
2024,15023,Piedmont Electric Member Corp,,NC,Alamance
2024,15023,Piedmont Electric Member Corp,,NC,Caswell
2024,15023,Piedmont Electric Member Corp,,NC,Chatham
2024,15023,Piedmont Electric Member Corp,,NC,Durham
2024,15023,Piedmont Electric Member Corp,,NC,Granville
2024,15023,Piedmont Electric Member Corp,,NC,Orange
2024,15023,Piedmont Electric Member Corp,,NC,Person
2024,15034,Pierce-Pepin Coop Services,Y,WI,Buffalo
2024,15034,Pierce-Pepin Coop Services,Y,WI,Pepin
2024,15034,Pierce-Pepin Coop Services,Y,WI,Pierce
2024,15034,Pierce-Pepin Coop Services,Y,WI,St Croix
2024,15039,City of Pierce - (NE),Y,NE,Pierce
2024,15040,City of Pierre - (SD),,SD,Hughes
2024,15041,City of Pierz - (MN),Y,MN,Morrison
2024,15043,City of Piggott - (AR),Y,AR,Clay
2024,15045,Pike County Light & Power Co,,PA,Pike
2024,15046,Town of Pikeville - (NC),Y,NC,Wayne
2024,15048,Electrical Dist No2 Pinal County,,AZ,Pinal
2024,15049,Electrical Dist No4 Pinal County,Y,AZ,Pinal
2024,15051,City of Pine Bluffs - (WY),Y,WY,Laramie
2024,15054,"Pioneer Rural Elec Coop, Inc - (OH)",,OH,Auglaize
2024,15054,"Pioneer Rural Elec Coop, Inc - (OH)",,OH,Champaign
2024,15054,"Pioneer Rural Elec Coop, Inc - (OH)",,OH,Clark
2024,15054,"Pioneer Rural Elec Coop, Inc - (OH)",,OH,Darke
2024,15054,"Pioneer Rural Elec Coop, Inc - (OH)",,OH,Logan
2024,15054,"Pioneer Rural Elec Coop, Inc - (OH)",,OH,Madison
2024,15054,"Pioneer Rural Elec Coop, Inc - (OH)",,OH,Mercer
2024,15054,"Pioneer Rural Elec Coop, Inc - (OH)",,OH,Miami
2024,15054,"Pioneer Rural Elec Coop, Inc - (OH)",,OH,Montgomery
2024,15054,"Pioneer Rural Elec Coop, Inc - (OH)",,OH,Shelby
2024,15054,"Pioneer Rural Elec Coop, Inc - (OH)",,OH,Union
2024,15058,Town of Pinetops - (NC),Y,NC,Edgecombe
2024,15062,Town of Pineville - (NC),Y,NC,Mecklenburg
2024,15072,Village of Pioneer - (OH),Y,OH,Williams
2024,15073,"Pioneer Electric Coop, Inc - (KS)",,KS,Finney
2024,15073,"Pioneer Electric Coop, Inc - (KS)",,KS,Grant
2024,15073,"Pioneer Electric Coop, Inc - (KS)",,KS,Gray
2024,15073,"Pioneer Electric Coop, Inc - (KS)",,KS,Hamilton
2024,15073,"Pioneer Electric Coop, Inc - (KS)",,KS,Haskell
2024,15073,"Pioneer Electric Coop, Inc - (KS)",,KS,Kearny
2024,15073,"Pioneer Electric Coop, Inc - (KS)",,KS,Morton
2024,15073,"Pioneer Electric Coop, Inc - (KS)",,KS,Seward
2024,15073,"Pioneer Electric Coop, Inc - (KS)",,KS,Stanton
2024,15073,"Pioneer Electric Coop, Inc - (KS)",,KS,Stevens
2024,15086,Pioneer Power and Light Co,,WI,Adams
2024,15086,Pioneer Power and Light Co,,WI,Marquette
2024,15086,Pioneer Power and Light Co,,WI,Waushara
2024,15095,City of Piqua - (OH),,OH,Miami
2024,15104,Borough of Pitcairn - (PA),Y,PA,Allegheny
2024,15116,Town of Pittsboro - (IN),Y,IN,Hendricks
2024,15134,City of Plankinton - (SD),Y,SD,Aurora
2024,15137,City of Plaquemine - (LA),Y,LA,Iberville
2024,15138,"Platte-Clay Electric Coop, Inc",,MO,Buchanan
2024,15138,"Platte-Clay Electric Coop, Inc",,MO,Caldwell
2024,15138,"Platte-Clay Electric Coop, Inc",,MO,Clay
2024,15138,"Platte-Clay Electric Coop, Inc",,MO,Clinton
2024,15138,"Platte-Clay Electric Coop, Inc",,MO,DeKalb
2024,15138,"Platte-Clay Electric Coop, Inc",,MO,Platte
2024,15138,"Platte-Clay Electric Coop, Inc",,MO,Ray
2024,15141,Plateau Electric Cooperative,,TN,Morgan
2024,15141,Plateau Electric Cooperative,,TN,Scott
2024,15145,City of Plattsburgh - (NY),,NY,Clinton
2024,15159,City of Plymouth - (WI),,WI,Fond Du Lac
2024,15159,City of Plymouth - (WI),,WI,Sheboygan
2024,15175,Pointe Coupee Elec Member Corp,,LA,Iberville
2024,15175,Pointe Coupee Elec Member Corp,,LA,Pointe Coupee
2024,15175,Pointe Coupee Elec Member Corp,,LA,West Baton Rouge
2024,15180,City of Pocahontas - (IA),Y,IA,Pocahontas
2024,15188,Polk County Rural Pub Pwr Dist,Y,NE,Butler
2024,15188,Polk County Rural Pub Pwr Dist,Y,NE,Hamilton
2024,15188,Polk County Rural Pub Pwr Dist,Y,NE,Merrick
2024,15188,Polk County Rural Pub Pwr Dist,Y,NE,Nance
2024,15188,Polk County Rural Pub Pwr Dist,Y,NE,Polk
2024,15188,Polk County Rural Pub Pwr Dist,Y,NE,York
2024,15201,City of Pomona - (KS),Y,KS,Franklin
2024,15202,City of Ponca City - (OK),,OK,Kay
2024,15202,City of Ponca City - (OK),,OK,Osage
2024,15203,Village of Plymouth - (OH),Y,OH,Richland
2024,15211,Pontotoc Electric Power Assn,,MS,Calhoun
2024,15211,Pontotoc Electric Power Assn,,MS,Pontotoc
2024,15229,City of Poplar Bluff - (MO),,MO,Butler
2024,15231,City of Port Angeles - (WA),,WA,Clallam
2024,15246,City of Portland - (MI),Y,MI,Ionia
2024,15248,Portland General Electric Co,,OR,Clackamas
2024,15248,Portland General Electric Co,,OR,Columbia
2024,15248,Portland General Electric Co,,OR,Marion
2024,15248,Portland General Electric Co,,OR,Multnomah
2024,15248,Portland General Electric Co,,OR,Polk
2024,15248,Portland General Electric Co,,OR,Washington
2024,15248,Portland General Electric Co,,OR,Yamhill
2024,15257,"Poudre Valley REA, Inc",,CO,Boulder
2024,15257,"Poudre Valley REA, Inc",,CO,Larimer
2024,15257,"Poudre Valley REA, Inc",,CO,Weld
2024,15263,The Potomac Edison Company,,MD,Allegany
2024,15263,The Potomac Edison Company,,MD,Carroll
2024,15263,The Potomac Edison Company,,MD,Frederick
2024,15263,The Potomac Edison Company,,MD,Garrett
2024,15263,The Potomac Edison Company,,MD,Howard
2024,15263,The Potomac Edison Company,,MD,Montgomery
2024,15263,The Potomac Edison Company,,MD,Washington
2024,15263,The Potomac Edison Company,,WV,Berkeley
2024,15263,The Potomac Edison Company,,WV,Grant
2024,15263,The Potomac Edison Company,,WV,Hampshire
2024,15263,The Potomac Edison Company,,WV,Hardy
2024,15263,The Potomac Edison Company,,WV,Jefferson
2024,15263,The Potomac Edison Company,,WV,Mineral
2024,15263,The Potomac Edison Company,,WV,Morgan
2024,15263,The Potomac Edison Company,,WV,Pendleton
2024,15270,Potomac Electric Power Co,,DC,District of Columbia
2024,15270,Potomac Electric Power Co,,MD,Montgomery
2024,15270,Potomac Electric Power Co,,MD,Prince Georges
2024,15291,Prairie Energy Coop,,IA,Cerro Gordo
2024,15291,Prairie Energy Coop,,IA,Franklin
2024,15291,Prairie Energy Coop,,IA,Hamilton
2024,15291,Prairie Energy Coop,,IA,Hancock
2024,15291,Prairie Energy Coop,,IA,Hardin
2024,15291,Prairie Energy Coop,,IA,Humboldt
2024,15291,Prairie Energy Coop,,IA,Kossuth
2024,15291,Prairie Energy Coop,,IA,Webster
2024,15291,Prairie Energy Coop,,IA,Winnebago
2024,15291,Prairie Energy Coop,,IA,Worth
2024,15291,Prairie Energy Coop,,IA,Wright
2024,15293,Powell Valley Electric Coop,,TN,Claiborne
2024,15293,Powell Valley Electric Coop,,TN,Grainger
2024,15293,Powell Valley Electric Coop,,TN,Hancock
2024,15293,Powell Valley Electric Coop,,TN,Hawkins
2024,15293,Powell Valley Electric Coop,,TN,Union
2024,15293,Powell Valley Electric Coop,,VA,Lee
2024,15293,Powell Valley Electric Coop,,VA,Scott
2024,15293,Powell Valley Electric Coop,,VA,Wise
2024,15294,City of Powell - (WY),Y,WY,Park
2024,15297,City of Plummer - (ID),Y,ID,Benewah
2024,15308,Plumas-Sierra Rural Elec Coop,Y,CA,Lassen
2024,15308,Plumas-Sierra Rural Elec Coop,Y,CA,Plumas
2024,15308,Plumas-Sierra Rural Elec Coop,Y,CA,Sierra
2024,15308,Plumas-Sierra Rural Elec Coop,Y,NV,Washoe
2024,15311,Prague Public Works Authority,Y,OK,Lincoln
2024,15312,Village of Prairie Du Sac - (WI),,WI,Sauk
2024,15321,City of Pratt- (KS),Y,KS,Pratt
2024,15327,PUD No 1 of Wahkiakum County,Y,WA,Wahkiakum
2024,15334,Prentiss County Elec Pwr Assn,,MS,Lee
2024,15334,Prentiss County Elec Pwr Assn,,MS,Prentiss
2024,15336,City of Prescott - (KS),Y,KS,Linn
2024,15337,City of Prescott - (AR),Y,AR,Nevada
2024,15340,Presque Isle Elec & Gas Coop,,MI,Alcona
2024,15340,Presque Isle Elec & Gas Coop,,MI,Alpena
2024,15340,Presque Isle Elec & Gas Coop,,MI,Cheboygan
2024,15340,Presque Isle Elec & Gas Coop,,MI,Emmet
2024,15340,Presque Isle Elec & Gas Coop,,MI,Mackinac
2024,15340,Presque Isle Elec & Gas Coop,,MI,Montmorency
2024,15340,Presque Isle Elec & Gas Coop,,MI,Oscoda
2024,15340,Presque Isle Elec & Gas Coop,,MI,Otsego
2024,15340,Presque Isle Elec & Gas Coop,,MI,Presque Isle
2024,15344,Polk-Burnett Electric Coop,,WI,Barron
2024,15344,Polk-Burnett Electric Coop,,WI,Burnett
2024,15344,Polk-Burnett Electric Coop,,WI,Dunn
2024,15344,Polk-Burnett Electric Coop,,WI,Polk
2024,15344,Polk-Burnett Electric Coop,,WI,St Croix
2024,15344,Polk-Burnett Electric Coop,,WI,Washburn
2024,15346,Village of Polk - (NE),Y,NE,Polk
2024,15348,Preston Public Utilities Comm,Y,MN,Fillmore
2024,15349,City of Preston,,IA,Jackson
2024,15352,Village of Prague - (NE),Y,NE,Saunders
2024,15356,Price Electric Coop Inc,Y,WI,Ashland
2024,15356,Price Electric Coop Inc,Y,WI,Iron
2024,15356,Price Electric Coop Inc,Y,WI,Lincoln
2024,15356,Price Electric Coop Inc,Y,WI,Oneida
2024,15356,Price Electric Coop Inc,Y,WI,Price
2024,15356,Price Electric Coop Inc,Y,WI,Rusk
2024,15356,Price Electric Coop Inc,Y,WI,Sawyer
2024,15356,Price Electric Coop Inc,Y,WI,Taylor
2024,15356,Price Electric Coop Inc,Y,WI,Vilas
2024,15371,Town of Princeton - (MA),Y,MA,Worcester
2024,15377,City of Primghar - (IA),Y,IA,O'Brien
2024,15385,City of Princeton - (WI),Y,WI,Green Lake
2024,15386,City of Princeton - (KY),Y,KY,Caldwell
2024,15387,Princeton Public Utils Comm,Y,MN,Mille Lacs
2024,15387,Princeton Public Utils Comm,Y,MN,Sherburne
2024,15388,City of Princeton - (IL),Y,IL,Bureau
2024,15410,Prince George Electric Coop,,VA,Dinwiddie
2024,15410,Prince George Electric Coop,,VA,Isle of Wight
2024,15410,Prince George Electric Coop,,VA,Prince George
2024,15410,Prince George Electric Coop,,VA,Southampton
2024,15410,Prince George Electric Coop,,VA,Surry
2024,15410,Prince George Electric Coop,,VA,Sussex
2024,15419,PUD No 3 of Mason County,,WA,Grays Harbor
2024,15419,PUD No 3 of Mason County,,WA,Kitsap
2024,15419,PUD No 3 of Mason County,,WA,Mason
2024,15419,PUD No 3 of Mason County,,WA,Pierce
2024,15432,Prospect Corporation,Y,OH,Delaware
2024,15432,Prospect Corporation,Y,OH,Marion
2024,15433,Town of Prosperity - (SC),Y,SC,Newberry
2024,15443,City of Providence - (KY),Y,KY,Webster
2024,15444,Provo City Corp,,UT,Utah
2024,15460,Proctor Public Utilities Comm,Y,MN,St Louis
2024,15462,City of Pryor - (OK),Y,OK,Mayes
2024,15466,Public Service Co of Colorado,,CO,Adams
2024,15466,Public Service Co of Colorado,,CO,Alamosa
2024,15466,Public Service Co of Colorado,,CO,Arapahoe
2024,15466,Public Service Co of Colorado,,CO,Archuleta
2024,15466,Public Service Co of Colorado,,CO,Baca
2024,15466,Public Service Co of Colorado,,CO,Bent
2024,15466,Public Service Co of Colorado,,CO,Boulder
2024,15466,Public Service Co of Colorado,,CO,Chaffee
2024,15466,Public Service Co of Colorado,,CO,Clear Creek
2024,15466,Public Service Co of Colorado,,CO,Conejos
2024,15466,Public Service Co of Colorado,,CO,Costilla
2024,15466,Public Service Co of Colorado,,CO,Crowley
2024,15466,Public Service Co of Colorado,,CO,Custer
2024,15466,Public Service Co of Colorado,,CO,Delta
2024,15466,Public Service Co of Colorado,,CO,Denver
2024,15466,Public Service Co of Colorado,,CO,Dolores
2024,15466,Public Service Co of Colorado,,CO,Douglas
2024,15466,Public Service Co of Colorado,,CO,Eagle
2024,15466,Public Service Co of Colorado,,CO,El Paso
2024,15466,Public Service Co of Colorado,,CO,Elbert
2024,15466,Public Service Co of Colorado,,CO,Fremont
2024,15466,Public Service Co of Colorado,,CO,Garfield
2024,15466,Public Service Co of Colorado,,CO,Gilpin
2024,15466,Public Service Co of Colorado,,CO,Grand
2024,15466,Public Service Co of Colorado,,CO,Gunnison
2024,15466,Public Service Co of Colorado,,CO,Hinsdale
2024,15466,Public Service Co of Colorado,,CO,Huerfano
2024,15466,Public Service Co of Colorado,,CO,Jefferson
2024,15466,Public Service Co of Colorado,,CO,Kiowa
2024,15466,Public Service Co of Colorado,,CO,La Plata
2024,15466,Public Service Co of Colorado,,CO,Lake
2024,15466,Public Service Co of Colorado,,CO,Larimer
2024,15466,Public Service Co of Colorado,,CO,Las Animas
2024,15466,Public Service Co of Colorado,,CO,Logan
2024,15466,Public Service Co of Colorado,,CO,Mesa
2024,15466,Public Service Co of Colorado,,CO,Mineral
2024,15466,Public Service Co of Colorado,,CO,Moffat
2024,15466,Public Service Co of Colorado,,CO,Montezuma
2024,15466,Public Service Co of Colorado,,CO,Montrose
2024,15466,Public Service Co of Colorado,,CO,Morgan
2024,15466,Public Service Co of Colorado,,CO,Otero
2024,15466,Public Service Co of Colorado,,CO,Ouray
2024,15466,Public Service Co of Colorado,,CO,Park
2024,15466,Public Service Co of Colorado,,CO,Pitkin
2024,15466,Public Service Co of Colorado,,CO,Prowers
2024,15466,Public Service Co of Colorado,,CO,Pueblo
2024,15466,Public Service Co of Colorado,,CO,Rio Blanco
2024,15466,Public Service Co of Colorado,,CO,Rio Grande
2024,15466,Public Service Co of Colorado,,CO,Routt
2024,15466,Public Service Co of Colorado,,CO,Saguache
2024,15466,Public Service Co of Colorado,,CO,San Miguel
2024,15466,Public Service Co of Colorado,,CO,Summit
2024,15466,Public Service Co of Colorado,,CO,Teller
2024,15466,Public Service Co of Colorado,,CO,Washington
2024,15466,Public Service Co of Colorado,,CO,Weld
2024,15466,Public Service Co of Colorado,,CO,Yuma
2024,15470,"Duke Energy Indiana, LLC",,IN,Bartholomew
2024,15470,"Duke Energy Indiana, LLC",,IN,Benton
2024,15470,"Duke Energy Indiana, LLC",,IN,Boone
2024,15470,"Duke Energy Indiana, LLC",,IN,Brown
2024,15470,"Duke Energy Indiana, LLC",,IN,Carroll
2024,15470,"Duke Energy Indiana, LLC",,IN,Cass
2024,15470,"Duke Energy Indiana, LLC",,IN,Clark
2024,15470,"Duke Energy Indiana, LLC",,IN,Clay
2024,15470,"Duke Energy Indiana, LLC",,IN,Clinton
2024,15470,"Duke Energy Indiana, LLC",,IN,Crawford
2024,15470,"Duke Energy Indiana, LLC",,IN,Daviess
2024,15470,"Duke Energy Indiana, LLC",,IN,Dearborn
2024,15470,"Duke Energy Indiana, LLC",,IN,Decatur
2024,15470,"Duke Energy Indiana, LLC",,IN,Delaware
2024,15470,"Duke Energy Indiana, LLC",,IN,Dubois
2024,15470,"Duke Energy Indiana, LLC",,IN,Fayette
2024,15470,"Duke Energy Indiana, LLC",,IN,Floyd
2024,15470,"Duke Energy Indiana, LLC",,IN,Fountain
2024,15470,"Duke Energy Indiana, LLC",,IN,Franklin
2024,15470,"Duke Energy Indiana, LLC",,IN,Fulton
2024,15470,"Duke Energy Indiana, LLC",,IN,Gibson
2024,15470,"Duke Energy Indiana, LLC",,IN,Grant
2024,15470,"Duke Energy Indiana, LLC",,IN,Greene
2024,15470,"Duke Energy Indiana, LLC",,IN,Hamilton
2024,15470,"Duke Energy Indiana, LLC",,IN,Hancock
2024,15470,"Duke Energy Indiana, LLC",,IN,Harrison
2024,15470,"Duke Energy Indiana, LLC",,IN,Hendricks
2024,15470,"Duke Energy Indiana, LLC",,IN,Henry
2024,15470,"Duke Energy Indiana, LLC",,IN,Howard
2024,15470,"Duke Energy Indiana, LLC",,IN,Huntington
2024,15470,"Duke Energy Indiana, LLC",,IN,Jackson
2024,15470,"Duke Energy Indiana, LLC",,IN,Jefferson
2024,15470,"Duke Energy Indiana, LLC",,IN,Jennings
2024,15470,"Duke Energy Indiana, LLC",,IN,Johnson
2024,15470,"Duke Energy Indiana, LLC",,IN,Knox
2024,15470,"Duke Energy Indiana, LLC",,IN,Kosciusko
2024,15470,"Duke Energy Indiana, LLC",,IN,Lawrence
2024,15470,"Duke Energy Indiana, LLC",,IN,Madison
2024,15470,"Duke Energy Indiana, LLC",,IN,Marion
2024,15470,"Duke Energy Indiana, LLC",,IN,Martin
2024,15470,"Duke Energy Indiana, LLC",,IN,Miami
2024,15470,"Duke Energy Indiana, LLC",,IN,Monroe
2024,15470,"Duke Energy Indiana, LLC",,IN,Montgomery
2024,15470,"Duke Energy Indiana, LLC",,IN,Morgan
2024,15470,"Duke Energy Indiana, LLC",,IN,Ohio
2024,15470,"Duke Energy Indiana, LLC",,IN,Orange
2024,15470,"Duke Energy Indiana, LLC",,IN,Owen
2024,15470,"Duke Energy Indiana, LLC",,IN,Parke
2024,15470,"Duke Energy Indiana, LLC",,IN,Pike
2024,15470,"Duke Energy Indiana, LLC",,IN,Posey
2024,15470,"Duke Energy Indiana, LLC",,IN,Putnam
2024,15470,"Duke Energy Indiana, LLC",,IN,Randolph
2024,15470,"Duke Energy Indiana, LLC",,IN,Ripley
2024,15470,"Duke Energy Indiana, LLC",,IN,Rush
2024,15470,"Duke Energy Indiana, LLC",,IN,Scott
2024,15470,"Duke Energy Indiana, LLC",,IN,Shelby
2024,15470,"Duke Energy Indiana, LLC",,IN,Sullivan
2024,15470,"Duke Energy Indiana, LLC",,IN,Switzerland
2024,15470,"Duke Energy Indiana, LLC",,IN,Tippecanoe
2024,15470,"Duke Energy Indiana, LLC",,IN,Tipton
2024,15470,"Duke Energy Indiana, LLC",,IN,Union
2024,15470,"Duke Energy Indiana, LLC",,IN,Vermillion
2024,15470,"Duke Energy Indiana, LLC",,IN,Vigo
2024,15470,"Duke Energy Indiana, LLC",,IN,Wabash
2024,15470,"Duke Energy Indiana, LLC",,IN,Warren
2024,15470,"Duke Energy Indiana, LLC",,IN,Warrick
2024,15470,"Duke Energy Indiana, LLC",,IN,Washington
2024,15470,"Duke Energy Indiana, LLC",,IN,Wayne
2024,15470,"Duke Energy Indiana, LLC",,IN,Wells
2024,15470,"Duke Energy Indiana, LLC",,IN,White
2024,15470,"Duke Energy Indiana, LLC",,IN,Whitley
2024,15472,Public Service Co of NH,,NH,Belknap
2024,15472,Public Service Co of NH,,NH,Carroll
2024,15472,Public Service Co of NH,,NH,Cheshire
2024,15472,Public Service Co of NH,,NH,Coos
2024,15472,Public Service Co of NH,,NH,Grafton
2024,15472,Public Service Co of NH,,NH,Hillsborough
2024,15472,Public Service Co of NH,,NH,Merrimack
2024,15472,Public Service Co of NH,,NH,Rockingham
2024,15472,Public Service Co of NH,,NH,Strafford
2024,15472,Public Service Co of NH,,NH,Sullivan
2024,15473,Public Service Co of NM,,NM,Bernalillo
2024,15473,Public Service Co of NM,,NM,Catron
2024,15473,Public Service Co of NM,,NM,Cibola
2024,15473,Public Service Co of NM,,NM,Curry
2024,15473,Public Service Co of NM,,NM,Dona Ana
2024,15473,Public Service Co of NM,,NM,Grant
2024,15473,Public Service Co of NM,,NM,Hidalgo
2024,15473,Public Service Co of NM,,NM,Lincoln
2024,15473,Public Service Co of NM,,NM,Luna
2024,15473,Public Service Co of NM,,NM,McKinley
2024,15473,Public Service Co of NM,,NM,Otero
2024,15473,Public Service Co of NM,,NM,San Juan
2024,15473,Public Service Co of NM,,NM,San Miguel
2024,15473,Public Service Co of NM,,NM,Sandoval
2024,15473,Public Service Co of NM,,NM,Santa Fe
2024,15473,Public Service Co of NM,,NM,Socorro
2024,15473,Public Service Co of NM,,NM,Torrance
2024,15473,Public Service Co of NM,,NM,Union
2024,15473,Public Service Co of NM,,NM,Valencia
2024,15474,Public Service Co of Oklahoma,,OK,Atoka
2024,15474,Public Service Co of Oklahoma,,OK,Beckham
2024,15474,Public Service Co of Oklahoma,,OK,Blaine
2024,15474,Public Service Co of Oklahoma,,OK,Caddo
2024,15474,Public Service Co of Oklahoma,,OK,Cherokee
2024,15474,Public Service Co of Oklahoma,,OK,Choctaw
2024,15474,Public Service Co of Oklahoma,,OK,Coal
2024,15474,Public Service Co of Oklahoma,,OK,Comanche
2024,15474,Public Service Co of Oklahoma,,OK,Cotton
2024,15474,Public Service Co of Oklahoma,,OK,Craig
2024,15474,Public Service Co of Oklahoma,,OK,Creek
2024,15474,Public Service Co of Oklahoma,,OK,Custer
2024,15474,Public Service Co of Oklahoma,,OK,Delaware
2024,15474,Public Service Co of Oklahoma,,OK,Dewey
2024,15474,Public Service Co of Oklahoma,,OK,Grady
2024,15474,Public Service Co of Oklahoma,,OK,Greer
2024,15474,Public Service Co of Oklahoma,,OK,Harmon
2024,15474,Public Service Co of Oklahoma,,OK,Haskell
2024,15474,Public Service Co of Oklahoma,,OK,Hughes
2024,15474,Public Service Co of Oklahoma,,OK,Jackson
2024,15474,Public Service Co of Oklahoma,,OK,Jefferson
2024,15474,Public Service Co of Oklahoma,,OK,Johnston
2024,15474,Public Service Co of Oklahoma,,OK,Kay
2024,15474,Public Service Co of Oklahoma,,OK,Kiowa
2024,15474,Public Service Co of Oklahoma,,OK,Latimer
2024,15474,Public Service Co of Oklahoma,,OK,Le Flore
2024,15474,Public Service Co of Oklahoma,,OK,Mayes
2024,15474,Public Service Co of Oklahoma,,OK,McClain
2024,15474,Public Service Co of Oklahoma,,OK,McCurtain
2024,15474,Public Service Co of Oklahoma,,OK,McIntosh
2024,15474,Public Service Co of Oklahoma,,OK,Nowata
2024,15474,Public Service Co of Oklahoma,,OK,Okfuskee
2024,15474,Public Service Co of Oklahoma,,OK,Okmulgee
2024,15474,Public Service Co of Oklahoma,,OK,Osage
2024,15474,Public Service Co of Oklahoma,,OK,Ottawa
2024,15474,Public Service Co of Oklahoma,,OK,Pittsburg
2024,15474,Public Service Co of Oklahoma,,OK,Pontotoc
2024,15474,Public Service Co of Oklahoma,,OK,Pushmataha
2024,15474,Public Service Co of Oklahoma,,OK,Roger Mills
2024,15474,Public Service Co of Oklahoma,,OK,Rogers
2024,15474,Public Service Co of Oklahoma,,OK,Stephens
2024,15474,Public Service Co of Oklahoma,,OK,Tillman
2024,15474,Public Service Co of Oklahoma,,OK,Tulsa
2024,15474,Public Service Co of Oklahoma,,OK,Wagoner
2024,15474,Public Service Co of Oklahoma,,OK,Washington
2024,15474,Public Service Co of Oklahoma,,OK,Washita
2024,15477,Public Service Elec & Gas Co,,NJ,Bergen
2024,15477,Public Service Elec & Gas Co,,NJ,Burlington
2024,15477,Public Service Elec & Gas Co,,NJ,Camden
2024,15477,Public Service Elec & Gas Co,,NJ,Essex
2024,15477,Public Service Elec & Gas Co,,NJ,Gloucester
2024,15477,Public Service Elec & Gas Co,,NJ,Hudson
2024,15477,Public Service Elec & Gas Co,,NJ,Mercer
2024,15477,Public Service Elec & Gas Co,,NJ,Middlesex
2024,15477,Public Service Elec & Gas Co,,NJ,Monmouth
2024,15477,Public Service Elec & Gas Co,,NJ,Morris
2024,15477,Public Service Elec & Gas Co,,NJ,Passaic
2024,15477,Public Service Elec & Gas Co,,NJ,Salem
2024,15477,Public Service Elec & Gas Co,,NJ,Somerset
2024,15477,Public Service Elec & Gas Co,,NJ,Union
2024,15500,Puget Sound Energy Inc,,WA,Island
2024,15500,Puget Sound Energy Inc,,WA,King
2024,15500,Puget Sound Energy Inc,,WA,Kitsap
2024,15500,Puget Sound Energy Inc,,WA,Kittitas
2024,15500,Puget Sound Energy Inc,,WA,Pierce
2024,15500,Puget Sound Energy Inc,,WA,Skagit
2024,15500,Puget Sound Energy Inc,,WA,Thurston
2024,15500,Puget Sound Energy Inc,,WA,Whatcom
2024,15507,City of Pulaski - (TN),,TN,Giles
2024,15507,City of Pulaski - (TN),,TN,Lincoln
2024,15515,City of Purcell - (OK),Y,OK,McClain
2024,15541,Borough of Quakertown - (PA),Y,PA,Bucks
2024,15566,City of Quincy - (FL),Y,FL,Gadsden
2024,15573,City of Quitman,Y,GA,Brooks
2024,15619,City of Radford - (VA),Y,VA,Montgomery
2024,15619,City of Radford - (VA),Y,VA,Pulaski
2024,15619,City of Radford - (VA),Y,VA,Radford City
2024,15665,City of Randall - (MN),Y,MN,Morrison
2024,15671,Randolph Electric Member Corp,,NC,Alamance
2024,15671,Randolph Electric Member Corp,,NC,Chatham
2024,15671,Randolph Electric Member Corp,,NC,Montgomery
2024,15671,Randolph Electric Member Corp,,NC,Moore
2024,15671,Randolph Electric Member Corp,,NC,Randolph
2024,15672,Ralls County Electric Coop,Y,MO,Audrain
2024,15672,Ralls County Electric Coop,Y,MO,Marion
2024,15672,Ralls County Electric Coop,Y,MO,Monroe
2024,15672,Ralls County Electric Coop,Y,MO,Pike
2024,15672,Ralls County Electric Coop,Y,MO,Ralls
2024,15674,City of Randolph - (NE),Y,NE,Cedar
2024,15674,City of Randolph - (NE),Y,NE,Pierce
2024,15686,Village of Rantoul - (IL),Y,IL,Champaign
2024,15698,Raton Public Service Company,Y,NM,Colfax
2024,15700,Rayle Electric Membership Corp,,GA,Clarke
2024,15700,Rayle Electric Membership Corp,,GA,Greene
2024,15700,Rayle Electric Membership Corp,,GA,Hancock
2024,15700,Rayle Electric Membership Corp,,GA,Lincoln
2024,15700,Rayle Electric Membership Corp,,GA,Madison
2024,15700,Rayle Electric Membership Corp,,GA,Morgan
2024,15700,Rayle Electric Membership Corp,,GA,Oconee
2024,15700,Rayle Electric Membership Corp,,GA,Oglethorpe
2024,15700,Rayle Electric Membership Corp,,GA,Taliaferro
2024,15700,Rayle Electric Membership Corp,,GA,Wilkes
2024,15728,City of Rayne - (LA),Y,LA,Acadia
2024,15746,Red River Valley Rrl Elec Assn,,OK,Carter
2024,15746,Red River Valley Rrl Elec Assn,,OK,Jefferson
2024,15746,Red River Valley Rrl Elec Assn,,OK,Johnston
2024,15746,Red River Valley Rrl Elec Assn,,OK,Love
2024,15746,Red River Valley Rrl Elec Assn,,OK,Marshall
2024,15748,Town of Reading - (MA),,MA,Middlesex
2024,15750,Redwood Electric Coop,Y,MN,Brown
2024,15750,Redwood Electric Coop,Y,MN,Cottonwood
2024,15750,Redwood Electric Coop,Y,MN,Lyon
2024,15750,Redwood Electric Coop,Y,MN,Murray
2024,15750,Redwood Electric Coop,Y,MN,Redwood
2024,15751,City of Readlyn - (IA),Y,IA,Bremer
2024,15772,City of Red Bud - (IL),Y,IL,Randolph
2024,15773,City of Red Cloud - (NE),Y,NE,Webster
2024,15776,Central Florida Tourism Oversight District,,FL,Orange
2024,15776,Central Florida Tourism Oversight District,,FL,Osceola
2024,15778,Town of Red Springs - (NC),Y,NC,Robeson
2024,15783,City of Redding - (CA),,CA,Shasta
2024,15793,Redwood Falls Public Util Comm,Y,MN,Redwood
2024,15804,Reedsburg Utility Comm,,WI,Sauk
2024,15811,"Rich Mountain Elec Coop, Inc",Y,AR,Howard
2024,15811,"Rich Mountain Elec Coop, Inc",Y,AR,Montgomery
2024,15811,"Rich Mountain Elec Coop, Inc",Y,AR,Polk
2024,15811,"Rich Mountain Elec Coop, Inc",Y,AR,Sevier
2024,15811,"Rich Mountain Elec Coop, Inc",Y,OK,Le Flore
2024,15811,"Rich Mountain Elec Coop, Inc",Y,OK,McCurtain
2024,15845,Renville-Sibley Coop Pwr Assn,Y,MN,Chippewa
2024,15845,Renville-Sibley Coop Pwr Assn,Y,MN,Kandiyohi
2024,15845,Renville-Sibley Coop Pwr Assn,Y,MN,Nicollet
2024,15845,Renville-Sibley Coop Pwr Assn,Y,MN,Redwood
2024,15845,Renville-Sibley Coop Pwr Assn,Y,MN,Renville
2024,15845,Renville-Sibley Coop Pwr Assn,Y,MN,Sibley
2024,15846,City of Remsen - (IA),Y,IA,Plymouth
2024,15860,City of Rensselaer - (IN),Y,IN,Jasper
2024,15862,City of Renwick - (IA),Y,IA,Humboldt
2024,15865,Village of Republic - (OH),Y,OH,Seneca
2024,15923,City of Pond Creek - (OK),Y,OK,Grant
2024,15938,Rice Lake Utilities,Y,WI,Barron
2024,15978,City of Richland Center - (WI),,WI,Richland
2024,15979,City of Richland - (WA),,WA,Benton
2024,15981,City of Richland - (MO),Y,MO,Camden
2024,15981,City of Richland - (MO),Y,MO,Laclede
2024,15981,City of Richland - (MO),Y,MO,Pulaski
2024,15982,Town of Richlands - (VA),Y,VA,Tazewell
2024,15983,Richland Electric Coop,Y,WI,Crawford
2024,15983,Richland Electric Coop,Y,WI,Richland
2024,15983,Richland Electric Coop,Y,WI,Sauk
2024,15983,Richland Electric Coop,Y,WI,Vernon
2024,15989,City of Richmond - (IN),,IN,Wayne
2024,15991,Village of Richmondville - (NY),Y,NY,Schoharie
2024,16022,Village of Reynolds - (NE),Y,NE,Jefferson
2024,16057,"Rio Grande Electric Coop, Inc",,NM,Eddy
2024,16057,"Rio Grande Electric Coop, Inc",,NM,Otero
2024,16057,"Rio Grande Electric Coop, Inc",,TX,Brewster
2024,16057,"Rio Grande Electric Coop, Inc",,TX,Crockett
2024,16057,"Rio Grande Electric Coop, Inc",,TX,Culberson
2024,16057,"Rio Grande Electric Coop, Inc",,TX,Dimmit
2024,16057,"Rio Grande Electric Coop, Inc",,TX,Edwards
2024,16057,"Rio Grande Electric Coop, Inc",,TX,El Paso
2024,16057,"Rio Grande Electric Coop, Inc",,TX,Hudspeth
2024,16057,"Rio Grande Electric Coop, Inc",,TX,Jeff Davis
2024,16057,"Rio Grande Electric Coop, Inc",,TX,Kinney
2024,16057,"Rio Grande Electric Coop, Inc",,TX,Maverick
2024,16057,"Rio Grande Electric Coop, Inc",,TX,Pecos
2024,16057,"Rio Grande Electric Coop, Inc",,TX,Presidio
2024,16057,"Rio Grande Electric Coop, Inc",,TX,Reeves
2024,16057,"Rio Grande Electric Coop, Inc",,TX,Terrell
2024,16057,"Rio Grande Electric Coop, Inc",,TX,Uvalde
2024,16057,"Rio Grande Electric Coop, Inc",,TX,Val Verde
2024,16057,"Rio Grande Electric Coop, Inc",,TX,Webb
2024,16057,"Rio Grande Electric Coop, Inc",,TX,Zavala
2024,16060,Riverland Energy Cooperative,,WI,Buffalo
2024,16060,Riverland Energy Cooperative,,WI,Eau Claire
2024,16060,Riverland Energy Cooperative,,WI,Jackson
2024,16060,Riverland Energy Cooperative,,WI,La Crosse
2024,16060,Riverland Energy Cooperative,,WI,Pepin
2024,16060,Riverland Energy Cooperative,,WI,Trempealeau
2024,16062,Village of Ripley - (OH),Y,OH,Brown
2024,16063,"Rita Blanca Electric Coop, Inc",,TX,Dallam
2024,16063,"Rita Blanca Electric Coop, Inc",,TX,Hansford
2024,16063,"Rita Blanca Electric Coop, Inc",,TX,Hartley
2024,16063,"Rita Blanca Electric Coop, Inc",,TX,Hutchinson
2024,16063,"Rita Blanca Electric Coop, Inc",,TX,Moore
2024,16063,"Rita Blanca Electric Coop, Inc",,TX,Oldham
2024,16063,"Rita Blanca Electric Coop, Inc",,TX,Potter
2024,16063,"Rita Blanca Electric Coop, Inc",,TX,Sherman
2024,16068,City of Rising Sun - (IN),Y,IN,Dearborn
2024,16068,City of Rising Sun - (IN),Y,IN,Ohio
2024,16082,City of River Falls,,WI,Pierce
2024,16082,City of River Falls,,WI,St Croix
2024,16088,City of Riverside - (CA),,CA,Riverside
2024,16092,Village of Riverton - (IL),Y,IL,Sangamon
2024,16101,Roanoke Electric Member Corp,,NC,Bertie
2024,16101,Roanoke Electric Member Corp,,NC,Chowan
2024,16101,Roanoke Electric Member Corp,,NC,Gates
2024,16101,Roanoke Electric Member Corp,,NC,Halifax
2024,16101,Roanoke Electric Member Corp,,NC,Hertford
2024,16101,Roanoke Electric Member Corp,,NC,Northampton
2024,16101,Roanoke Electric Member Corp,,NC,Perquimans
2024,16105,City of Riverdale - (ND),Y,ND,McLean
2024,16113,City of Robersonville - (NC),Y,NC,Martin
2024,16135,City of Robinson - (KS),Y,KS,Brown
2024,16140,City of Robertsdale,Y,AL,Baldwin
2024,16146,"Navasota Valley Elec Coop, Inc",,TX,Brazos
2024,16146,"Navasota Valley Elec Coop, Inc",,TX,Falls
2024,16146,"Navasota Valley Elec Coop, Inc",,TX,Freestone
2024,16146,"Navasota Valley Elec Coop, Inc",,TX,Hill
2024,16146,"Navasota Valley Elec Coop, Inc",,TX,Leon
2024,16146,"Navasota Valley Elec Coop, Inc",,TX,Limestone
2024,16146,"Navasota Valley Elec Coop, Inc",,TX,Madison
2024,16146,"Navasota Valley Elec Coop, Inc",,TX,McLennan
2024,16146,"Navasota Valley Elec Coop, Inc",,TX,Robertson
2024,16164,Roosevelt Public Power Dist,Y,NE,Banner
2024,16164,Roosevelt Public Power Dist,Y,NE,Scotts Bluff
2024,16164,Roosevelt Public Power Dist,Y,NE,Sioux
2024,16175,City of Robstown - (TX),Y,TX,Nueces
2024,16179,Rochelle Municipal Utilities,,IL,Lee
2024,16179,Rochelle Municipal Utilities,,IL,Ogle
2024,16181,Rochester Public Utilities,,MN,Olmsted
2024,16183,Rochester Gas & Electric Corp,,NY,Allegany
2024,16183,Rochester Gas & Electric Corp,,NY,Genesee
2024,16183,Rochester Gas & Electric Corp,,NY,Livingston
2024,16183,Rochester Gas & Electric Corp,,NY,Monroe
2024,16183,Rochester Gas & Electric Corp,,NY,Ontario
2024,16183,Rochester Gas & Electric Corp,,NY,Wayne
2024,16183,Rochester Gas & Electric Corp,,NY,Wyoming
2024,16195,City of Rock Hill - (SC),,SC,York
2024,16196,Rock Energy Cooperative,,IL,Boone
2024,16196,Rock Energy Cooperative,,IL,McHenry
2024,16196,Rock Energy Cooperative,,IL,Stephenson
2024,16196,Rock Energy Cooperative,,IL,Winnebago
2024,16196,Rock Energy Cooperative,,WI,Dane
2024,16196,Rock Energy Cooperative,,WI,Green
2024,16196,Rock Energy Cooperative,,WI,Rock
2024,16196,Rock Energy Cooperative,,WI,Walworth
2024,16198,City of Rock Falls - (IL),Y,IL,Whiteside
2024,16206,Rock Rapids Municipal Utility,Y,IA,Lyon
2024,16211,City of Rockford- (IA),Y,IA,Floyd
2024,16213,Rockland Electric Co,,NJ,Bergen
2024,16213,Rockland Electric Co,,NJ,Passaic
2024,16213,Rockland Electric Co,,NJ,Sussex
2024,16217,Village of Rockville Centre - (NY),Y,NY,Nassau
2024,16219,Town of Rockville - (IN),Y,IN,Parke
2024,16223,City of Rockwood - (TN),,TN,Roane
2024,16226,City of Rocky Mount - (NC),,NC,Edgecombe
2024,16226,City of Rocky Mount - (NC),,NC,Nash
2024,16259,City of Rolla - (MO),,MO,Phelps
2024,16267,Rolling Hills Electric Coop,Y,KS,Barton
2024,16267,Rolling Hills Electric Coop,Y,KS,Clay
2024,16267,Rolling Hills Electric Coop,Y,KS,Cloud
2024,16267,Rolling Hills Electric Coop,Y,KS,Ellsworth
2024,16267,Rolling Hills Electric Coop,Y,KS,Jewell
2024,16267,Rolling Hills Electric Coop,Y,KS,Lincoln
2024,16267,Rolling Hills Electric Coop,Y,KS,Mitchell
2024,16267,Rolling Hills Electric Coop,Y,KS,Osborne
2024,16267,Rolling Hills Electric Coop,Y,KS,Ottawa
2024,16267,Rolling Hills Electric Coop,Y,KS,Phillips
2024,16267,Rolling Hills Electric Coop,Y,KS,Republic
2024,16267,Rolling Hills Electric Coop,Y,KS,Rooks
2024,16267,Rolling Hills Electric Coop,Y,KS,Russell
2024,16267,Rolling Hills Electric Coop,Y,KS,Saline
2024,16267,Rolling Hills Electric Coop,Y,KS,Smith
2024,16267,Rolling Hills Electric Coop,Y,KS,Washington
2024,16269,City of Roodhouse - (IL),Y,IL,Greene
2024,16284,"Roseau Electric Coop, Inc",Y,MN,Beltrami
2024,16284,"Roseau Electric Coop, Inc",Y,MN,Lake of The Woods
2024,16284,"Roseau Electric Coop, Inc",Y,MN,Marshall
2024,16284,"Roseau Electric Coop, Inc",Y,MN,Roseau
2024,16285,City of Roseau - (MN),Y,MN,Roseau
2024,16286,Rosebud Electric Coop Inc,,SD,Gregory
2024,16286,Rosebud Electric Coop Inc,,SD,Lyman
2024,16286,Rosebud Electric Coop Inc,,SD,Mellette
2024,16286,Rosebud Electric Coop Inc,,SD,Tripp
2024,16295,City of Roseville - (CA),,CA,Placer
2024,16325,Village of Rouses Point - (NY),Y,NY,Clinton
2024,16368,Runestone Electric Assn,,MN,Douglas
2024,16368,Runestone Electric Assn,,MN,Grant
2024,16368,Runestone Electric Assn,,MN,Otter Tail
2024,16368,Runestone Electric Assn,,MN,Pope
2024,16368,Runestone Electric Assn,,MN,Stearns
2024,16368,Runestone Electric Assn,,MN,Stevens
2024,16368,Runestone Electric Assn,,MN,Todd
2024,16375,Borough of Royalton - (PA),Y,PA,Dauphin
2024,16377,Town of Rowley - (MA),Y,MA,Essex
2024,16382,"Rural Electric Coop, Inc - (OK)",,OK,Carter
2024,16382,"Rural Electric Coop, Inc - (OK)",,OK,Comanche
2024,16382,"Rural Electric Coop, Inc - (OK)",,OK,Garvin
2024,16382,"Rural Electric Coop, Inc - (OK)",,OK,Grady
2024,16382,"Rural Electric Coop, Inc - (OK)",,OK,McClain
2024,16382,"Rural Electric Coop, Inc - (OK)",,OK,Stephens
2024,16416,City of Rupert - (ID),Y,ID,Minidoka
2024,16420,Rural Electric Conven Coop - (IL),Y,IL,Christian
2024,16420,Rural Electric Conven Coop - (IL),Y,IL,Macoupin
2024,16420,Rural Electric Conven Coop - (IL),Y,IL,Montgomery
2024,16420,Rural Electric Conven Coop - (IL),Y,IL,Morgan
2024,16420,Rural Electric Conven Coop - (IL),Y,IL,Sangamon
2024,16427,City of Rushford - (MN),Y,MN,Fillmore
2024,16438,City of Russell - (MA),Y,MA,Hampden
2024,16440,City of Russell - (KS),Y,KS,Russell
2024,16451,City of Rushmore - (MN),Y,MN,Nobles
2024,16458,City of Russellville - (AL),,AL,Franklin
2024,16459,City of Russellville - (KY),,KY,Logan
2024,16461,"Rusk County Electric Coop, Inc",,TX,Gregg
2024,16461,"Rusk County Electric Coop, Inc",,TX,Nacogdoches
2024,16461,"Rusk County Electric Coop, Inc",,TX,Panola
2024,16461,"Rusk County Electric Coop, Inc",,TX,Rusk
2024,16461,"Rusk County Electric Coop, Inc",,TX,Shelby
2024,16462,Town of Ruston - (WA),Y,WA,Pierce
2024,16463,City of Ruston - (LA),,LA,Lincoln
2024,16487,Town of Ryan - (OK),Y,OK,Jefferson
2024,16496,Rutherford Elec Member Corp,,NC,Burke
2024,16496,Rutherford Elec Member Corp,,NC,Caldwell
2024,16496,Rutherford Elec Member Corp,,NC,Catawba
2024,16496,Rutherford Elec Member Corp,,NC,Cleveland
2024,16496,Rutherford Elec Member Corp,,NC,Gaston
2024,16496,Rutherford Elec Member Corp,,NC,Lincoln
2024,16496,Rutherford Elec Member Corp,,NC,McDowell
2024,16496,Rutherford Elec Member Corp,,NC,Mitchell
2024,16496,Rutherford Elec Member Corp,,NC,Polk
2024,16496,Rutherford Elec Member Corp,,NC,Rutherford
2024,16511,Sac-Osage Electric Coop Inc,Y,MO,Barton
2024,16511,Sac-Osage Electric Coop Inc,Y,MO,Benton
2024,16511,Sac-Osage Electric Coop Inc,Y,MO,Cedar
2024,16511,Sac-Osage Electric Coop Inc,Y,MO,Dade
2024,16511,Sac-Osage Electric Coop Inc,Y,MO,Henry
2024,16511,Sac-Osage Electric Coop Inc,Y,MO,Hickory
2024,16511,Sac-Osage Electric Coop Inc,Y,MO,Polk
2024,16511,Sac-Osage Electric Coop Inc,Y,MO,St Clair
2024,16511,Sac-Osage Electric Coop Inc,Y,MO,Vernon
2024,16518,City of Sabetha - (KS),Y,KS,Brown
2024,16518,City of Sabetha - (KS),Y,KS,Nemaha
2024,16528,City of Sabula - (IA),Y,IA,Jackson
2024,16534,Sacramento Municipal Util Dist,,CA,Placer
2024,16534,Sacramento Municipal Util Dist,,CA,Sacramento
2024,16538,City of Safford - (AZ),Y,AZ,Graham
2024,16549,City of Salamanca - (NY),Y,NY,Cattaraugus
2024,16555,Salem Electric - (OR),,OR,Marion
2024,16555,Salem Electric - (OR),,OR,Polk
2024,16557,Salem City Corporation - (UT),Y,UT,Utah
2024,16558,City of Salem - (VA),,VA,Roanoke
2024,16558,City of Salem - (VA),,VA,Salem City
2024,16559,City of Salem - (MO),Y,MO,Dent
2024,16560,City of Salisbury - (MO),Y,MO,Chariton
2024,16561,City of Sallisaw - (OK),Y,OK,Sequoyah
2024,16565,Salmon River Electric Coop Inc,,ID,Blaine
2024,16565,Salmon River Electric Coop Inc,,ID,Custer
2024,16565,Salmon River Electric Coop Inc,,ID,Lemhi
2024,16572,Salt River Project,,AZ,Gila
2024,16572,Salt River Project,,AZ,Maricopa
2024,16572,Salt River Project,,AZ,Pinal
2024,16587,Salt River Electric Coop Corp,,KY,Anderson
2024,16587,Salt River Electric Coop Corp,,KY,Bullitt
2024,16587,Salt River Electric Coop Corp,,KY,Jefferson
2024,16587,Salt River Electric Coop Corp,,KY,Larue
2024,16587,Salt River Electric Coop Corp,,KY,Marion
2024,16587,Salt River Electric Coop Corp,,KY,Mercer
2024,16587,Salt River Electric Coop Corp,,KY,Nelson
2024,16587,Salt River Electric Coop Corp,,KY,Shelby
2024,16587,Salt River Electric Coop Corp,,KY,Spencer
2024,16587,Salt River Electric Coop Corp,,KY,Washington
2024,16603,"San Luis Valley R E C, Inc",,CO,Alamosa
2024,16603,"San Luis Valley R E C, Inc",,CO,Conejos
2024,16603,"San Luis Valley R E C, Inc",,CO,Costilla
2024,16603,"San Luis Valley R E C, Inc",,CO,Hinsdale
2024,16603,"San Luis Valley R E C, Inc",,CO,Mineral
2024,16603,"San Luis Valley R E C, Inc",,CO,Rio Grande
2024,16603,"San Luis Valley R E C, Inc",,CO,Saguache
2024,16604,City of San Antonio - (TX),,TX,Atascosa
2024,16604,City of San Antonio - (TX),,TX,Bandera
2024,16604,City of San Antonio - (TX),,TX,Bexar
2024,16604,City of San Antonio - (TX),,TX,Comal
2024,16604,City of San Antonio - (TX),,TX,Guadalupe
2024,16604,City of San Antonio - (TX),,TX,Kendall
2024,16604,City of San Antonio - (TX),,TX,Medina
2024,16604,City of San Antonio - (TX),,TX,Wilson
2024,16605,City of San Augustine - (TX),Y,TX,San Augustine
2024,16606,"Santee Electric Coop, Inc",,SC,Clarendon
2024,16606,"Santee Electric Coop, Inc",,SC,Florence
2024,16606,"Santee Electric Coop, Inc",,SC,Georgetown
2024,16606,"Santee Electric Coop, Inc",,SC,Williamsburg
2024,16609,San Diego Gas & Electric Co,,CA,Orange
2024,16609,San Diego Gas & Electric Co,,CA,San Diego
2024,16610,City of Scribner - (NE),Y,NE,Dodge
2024,16611,Access Energy Coop,,IA,Davis
2024,16611,Access Energy Coop,,IA,Des Moines
2024,16611,Access Energy Coop,,IA,Henry
2024,16611,Access Energy Coop,,IA,Jefferson
2024,16611,Access Energy Coop,,IA,Keokuk
2024,16611,Access Energy Coop,,IA,Lee
2024,16611,Access Energy Coop,,IA,Louisa
2024,16611,Access Energy Coop,,IA,Van Buren
2024,16611,Access Energy Coop,,IA,Wapello
2024,16611,Access Energy Coop,,IA,Washington
2024,16612,City & County of San Francisco,,CA,San Francisco
2024,16612,City & County of San Francisco,,CA,San Mateo
2024,16613,Sam Houston Electric Coop Inc,,TX,Angelina
2024,16613,Sam Houston Electric Coop Inc,,TX,Hardin
2024,16613,Sam Houston Electric Coop Inc,,TX,Jasper
2024,16613,Sam Houston Electric Coop Inc,,TX,Liberty
2024,16613,Sam Houston Electric Coop Inc,,TX,Montgomery
2024,16613,Sam Houston Electric Coop Inc,,TX,Polk
2024,16613,Sam Houston Electric Coop Inc,,TX,San Jacinto
2024,16613,Sam Houston Electric Coop Inc,,TX,Trinity
2024,16613,Sam Houston Electric Coop Inc,,TX,Tyler
2024,16613,Sam Houston Electric Coop Inc,,TX,Walker
2024,16616,"San Isabel Electric Assn, Inc",,CO,Costilla
2024,16616,"San Isabel Electric Assn, Inc",,CO,Custer
2024,16616,"San Isabel Electric Assn, Inc",,CO,Fremont
2024,16616,"San Isabel Electric Assn, Inc",,CO,Huerfano
2024,16616,"San Isabel Electric Assn, Inc",,CO,Las Animas
2024,16616,"San Isabel Electric Assn, Inc",,CO,Otero
2024,16616,"San Isabel Electric Assn, Inc",,CO,Pueblo
2024,16622,"San Miguel Power Assn, Inc",,CO,Dolores
2024,16622,"San Miguel Power Assn, Inc",,CO,Mesa
2024,16622,"San Miguel Power Assn, Inc",,CO,Montrose
2024,16622,"San Miguel Power Assn, Inc",,CO,Ouray
2024,16622,"San Miguel Power Assn, Inc",,CO,San Juan
2024,16622,"San Miguel Power Assn, Inc",,CO,San Miguel
2024,16627,San Patricio Electric Coop Inc,,TX,Aransas
2024,16627,San Patricio Electric Coop Inc,,TX,Bee
2024,16627,San Patricio Electric Coop Inc,,TX,Goliad
2024,16627,San Patricio Electric Coop Inc,,TX,Jim Wells
2024,16627,San Patricio Electric Coop Inc,,TX,Live Oak
2024,16627,San Patricio Electric Coop Inc,,TX,McMullen
2024,16627,San Patricio Electric Coop Inc,,TX,Nueces
2024,16627,San Patricio Electric Coop Inc,,TX,Refugio
2024,16627,San Patricio Electric Coop Inc,,TX,San Patricio
2024,16628,City of Sanborn - (IA),Y,IA,O'Brien
2024,16629,Sand Mountain Electric Coop,,AL,DeKalb
2024,16629,Sand Mountain Electric Coop,,AL,Jackson
2024,16629,Sand Mountain Electric Coop,,AL,Marshall
2024,16637,City of Sandersville - (GA),,GA,Washington
2024,16638,"San Bernard Electric Coop, Inc",,TX,Austin
2024,16638,"San Bernard Electric Coop, Inc",,TX,Colorado
2024,16638,"San Bernard Electric Coop, Inc",,TX,Fayette
2024,16638,"San Bernard Electric Coop, Inc",,TX,Grimes
2024,16638,"San Bernard Electric Coop, Inc",,TX,Harris
2024,16638,"San Bernard Electric Coop, Inc",,TX,Lavaca
2024,16638,"San Bernard Electric Coop, Inc",,TX,Montgomery
2024,16638,"San Bernard Electric Coop, Inc",,TX,Waller
2024,16647,City of Sanger - (TX),Y,TX,Denton
2024,16648,City of Santa Clara - (UT),Y,UT,Washington
2024,16649,Sangre De Cristo Elec Assn Inc,Y,CO,Chaffee
2024,16649,Sangre De Cristo Elec Assn Inc,Y,CO,Custer
2024,16649,Sangre De Cristo Elec Assn Inc,Y,CO,Fremont
2024,16649,Sangre De Cristo Elec Assn Inc,Y,CO,Lake
2024,16649,Sangre De Cristo Elec Assn Inc,Y,CO,Saguache
2024,16655,City of Santa Clara - (CA),,CA,Santa Clara
2024,16667,City of Sargent - (NE),Y,NE,Custer
2024,16674,Satilla Rural Elec Member Corporation,,GA,Appling
2024,16674,Satilla Rural Elec Member Corporation,,GA,Atkinson
2024,16674,Satilla Rural Elec Member Corporation,,GA,Bacon
2024,16674,Satilla Rural Elec Member Corporation,,GA,Ben Hill
2024,16674,Satilla Rural Elec Member Corporation,,GA,Brantley
2024,16674,Satilla Rural Elec Member Corporation,,GA,Coffee
2024,16674,Satilla Rural Elec Member Corporation,,GA,Irwin
2024,16674,Satilla Rural Elec Member Corporation,,GA,Jeff Davis
2024,16674,Satilla Rural Elec Member Corporation,,GA,Pierce
2024,16674,Satilla Rural Elec Member Corporation,,GA,Tattnall
2024,16674,Satilla Rural Elec Member Corporation,,GA,Ware
2024,16674,Satilla Rural Elec Member Corporation,,GA,Wayne
2024,16679,City of Sauk Centre - (MN),Y,MN,Stearns
2024,16680,Village of Sauk City - (WI),Y,WI,Sauk
2024,16740,Scenic Rivers Energy Coop,,IL,Jo Daviess
2024,16740,Scenic Rivers Energy Coop,,IL,Stephenson
2024,16740,Scenic Rivers Energy Coop,,WI,Crawford
2024,16740,Scenic Rivers Energy Coop,,WI,Grant
2024,16740,Scenic Rivers Energy Coop,,WI,Green
2024,16740,Scenic Rivers Energy Coop,,WI,Iowa
2024,16740,Scenic Rivers Energy Coop,,WI,Lafayette
2024,16740,Scenic Rivers Energy Coop,,WI,Richland
2024,16740,Scenic Rivers Energy Coop,,WI,Vernon
2024,16751,Three Rivers Electric Coop,,MO,Cole
2024,16751,Three Rivers Electric Coop,,MO,Franklin
2024,16751,Three Rivers Electric Coop,,MO,Gasconade
2024,16751,Three Rivers Electric Coop,,MO,Maries
2024,16751,Three Rivers Electric Coop,,MO,Miller
2024,16751,Three Rivers Electric Coop,,MO,Moniteau
2024,16751,Three Rivers Electric Coop,,MO,Osage
2024,16759,"Sheridan Electric Coop, Inc",Y,MT,Daniels
2024,16759,"Sheridan Electric Coop, Inc",Y,MT,Roosevelt
2024,16759,"Sheridan Electric Coop, Inc",Y,MT,Sheridan
2024,16759,"Sheridan Electric Coop, Inc",Y,ND,Divide
2024,16759,"Sheridan Electric Coop, Inc",Y,ND,Williams
2024,16765,City of Schulenburg - (TX),Y,TX,Fayette
2024,16765,City of Schulenburg - (TX),Y,TX,Lavaca
2024,16778,City of Schuyler - (NE),Y,NE,Colfax
2024,16780,Borough of Schuylkill Haven - (PA),Y,PA,Schuylkill
2024,16788,Town of Scotland Neck - (NC),Y,NC,Halifax
2024,16805,SEMO Electric Cooperative,,MO,Bollinger
2024,16805,SEMO Electric Cooperative,,MO,Cape Girardeau
2024,16805,SEMO Electric Cooperative,,MO,Mississippi
2024,16805,SEMO Electric Cooperative,,MO,New Madrid
2024,16805,SEMO Electric Cooperative,,MO,Scott
2024,16805,SEMO Electric Cooperative,,MO,Stoddard
2024,16829,City of Scottsboro - (AL),,AL,Jackson
2024,16830,City of Scottsburg - (IN),Y,IN,Scott
2024,16834,City of Scranton - (KS),Y,KS,Osage
2024,16845,Village of Shickley - (NE),Y,NE,Fillmore
2024,16851,SE-MA-NO Electric Coop,Y,MO,Douglas
2024,16851,SE-MA-NO Electric Coop,Y,MO,Texas
2024,16851,SE-MA-NO Electric Coop,Y,MO,Webster
2024,16851,SE-MA-NO Electric Coop,Y,MO,Wright
2024,16852,City of Seaford- (DE),Y,DE,Sussex
2024,16853,Borough of St Clair - (PA),Y,PA,Schuylkill
2024,16854,"Heartland Rural Elec Coop, Inc",Y,KS,Allen
2024,16854,"Heartland Rural Elec Coop, Inc",Y,KS,Anderson
2024,16854,"Heartland Rural Elec Coop, Inc",Y,KS,Bourbon
2024,16854,"Heartland Rural Elec Coop, Inc",Y,KS,Cherokee
2024,16854,"Heartland Rural Elec Coop, Inc",Y,KS,Coffey
2024,16854,"Heartland Rural Elec Coop, Inc",Y,KS,Crawford
2024,16854,"Heartland Rural Elec Coop, Inc",Y,KS,Labette
2024,16854,"Heartland Rural Elec Coop, Inc",Y,KS,Linn
2024,16854,"Heartland Rural Elec Coop, Inc",Y,KS,Miami
2024,16854,"Heartland Rural Elec Coop, Inc",Y,KS,Neosho
2024,16854,"Heartland Rural Elec Coop, Inc",Y,KS,Wilson
2024,16854,"Heartland Rural Elec Coop, Inc",Y,KS,Woodson
2024,16864,Seaside Heights Municipal Utility,Y,NJ,Ocean
2024,16865,Sawnee Electric Membership Corporation,,GA,Cherokee
2024,16865,Sawnee Electric Membership Corporation,,GA,Dawson
2024,16865,Sawnee Electric Membership Corporation,,GA,Forsyth
2024,16865,Sawnee Electric Membership Corporation,,GA,Fulton
2024,16865,Sawnee Electric Membership Corporation,,GA,Gwinnett
2024,16865,Sawnee Electric Membership Corporation,,GA,Hall
2024,16865,Sawnee Electric Membership Corporation,,GA,Lumpkin
2024,16868,City of Seattle - (WA),,WA,King
2024,16873,Village of Sebewaing - (MI),Y,MI,Huron
2024,16876,City of Savonburg - (KS),Y,KS,Allen
2024,16900,City of Seguin - (TX),,TX,Guadalupe
2024,16914,Town of Selma - (NC),Y,NC,Johnston
2024,16920,Sedgwick County El Coop Assn Inc,Y,KS,Harvey
2024,16920,Sedgwick County El Coop Assn Inc,Y,KS,Kingman
2024,16920,Sedgwick County El Coop Assn Inc,Y,KS,Reno
2024,16920,Sedgwick County El Coop Assn Inc,Y,KS,Sedgwick
2024,16920,Sedgwick County El Coop Assn Inc,Y,KS,Sumner
2024,16921,City of Seneca - (SC),Y,SC,Oconee
2024,16922,City of Seneca - (KS),Y,KS,Nemaha
2024,16930,Sequachee Valley Electric Coop,,TN,Bledsoe
2024,16930,Sequachee Valley Electric Coop,,TN,Coffee
2024,16930,Sequachee Valley Electric Coop,,TN,Grundy
2024,16930,Sequachee Valley Electric Coop,,TN,Hamilton
2024,16930,Sequachee Valley Electric Coop,,TN,Marion
2024,16930,Sequachee Valley Electric Coop,,TN,Rhea
2024,16930,Sequachee Valley Electric Coop,,TN,Sequatchie
2024,16930,Sequachee Valley Electric Coop,,TN,Van Buren
2024,16932,City of Sergeant Bluff - (IA),Y,IA,Woodbury
2024,16949,Sevier County Electric System,,TN,Blount
2024,16949,Sevier County Electric System,,TN,Sevier
2024,16951,Seville Board of Public Affairs,Y,OH,Medina
2024,16953,City of Seward - (NE),Y,NE,Seward
2024,16955,City of Seward - (AK),Y,AK,Kenai Peninsula
2024,16959,City of Seymour - (MO),Y,MO,Webster
2024,16961,City of Seymour - (TX),Y,TX,Baylor
2024,16971,Shakopee Public Utilities Comm,,MN,Scott
2024,16988,City of Sharon Springs - (KS),Y,KS,Wallace
2024,16992,City of Stanton - (IA),Y,IA,Montgomery
2024,17004,Town of Sharpsburg - (NC),Y,NC,Edgecombe
2024,17004,Town of Sharpsburg - (NC),Y,NC,Nash
2024,17004,Town of Sharpsburg - (NC),Y,NC,Wilson
2024,17011,Shawano Municipal Utilities,,WI,Shawano
2024,17028,City of Sheboygan Falls - (WI),Y,WI,Sheboygan
2024,17033,Sheffield Utilities,,AL,Colbert
2024,17035,City of Shelbina - (MO),Y,MO,Shelby
2024,17037,City of Shelby - (NC),Y,NC,Cleveland
2024,17038,RushShelby Energy,,IN,Bartholomew
2024,17038,RushShelby Energy,,IN,Decatur
2024,17038,RushShelby Energy,,IN,Fayette
2024,17038,RushShelby Energy,,IN,Franklin
2024,17038,RushShelby Energy,,IN,Hancock
2024,17038,RushShelby Energy,,IN,Henry
2024,17038,RushShelby Energy,,IN,Johnson
2024,17038,RushShelby Energy,,IN,Rush
2024,17038,RushShelby Energy,,IN,Shelby
2024,17040,"Shelby Electric Coop, Inc - (IL)",,IL,Christian
2024,17040,"Shelby Electric Coop, Inc - (IL)",,IL,Cumberland
2024,17040,"Shelby Electric Coop, Inc - (IL)",,IL,Effingham
2024,17040,"Shelby Electric Coop, Inc - (IL)",,IL,Fayette
2024,17040,"Shelby Electric Coop, Inc - (IL)",,IL,Macon
2024,17040,"Shelby Electric Coop, Inc - (IL)",,IL,Montgomery
2024,17040,"Shelby Electric Coop, Inc - (IL)",,IL,Moultrie
2024,17040,"Shelby Electric Coop, Inc - (IL)",,IL,Sangamon
2024,17040,"Shelby Electric Coop, Inc - (IL)",,IL,Shelby
2024,17043,City of Shelby - (OH),Y,OH,Richland
2024,17044,"Shelby Energy Coop, Inc - (KY)",,KY,Anderson
2024,17044,"Shelby Energy Coop, Inc - (KY)",,KY,Carroll
2024,17044,"Shelby Energy Coop, Inc - (KY)",,KY,Franklin
2024,17044,"Shelby Energy Coop, Inc - (KY)",,KY,Henry
2024,17044,"Shelby Energy Coop, Inc - (KY)",,KY,Jefferson
2024,17044,"Shelby Energy Coop, Inc - (KY)",,KY,Oldham
2024,17044,"Shelby Energy Coop, Inc - (KY)",,KY,Owen
2024,17044,"Shelby Energy Coop, Inc - (KY)",,KY,Shelby
2024,17044,"Shelby Energy Coop, Inc - (KY)",,KY,Spencer
2024,17044,"Shelby Energy Coop, Inc - (KY)",,KY,Trimble
2024,17045,City of Sharon- (ND),Y,ND,Steele
2024,17046,City of Shelby - (IA),Y,IA,Pottawattamie
2024,17046,City of Shelby - (IA),Y,IA,Shelby
2024,17047,City of Shelbyville - (TN),,TN,Bedford
2024,17066,Shenandoah Valley Elec Coop,,VA,Augusta
2024,17066,Shenandoah Valley Elec Coop,,VA,Clarke
2024,17066,Shenandoah Valley Elec Coop,,VA,Frederick
2024,17066,Shenandoah Valley Elec Coop,,VA,Greene
2024,17066,Shenandoah Valley Elec Coop,,VA,Highland
2024,17066,Shenandoah Valley Elec Coop,,VA,Nelson
2024,17066,Shenandoah Valley Elec Coop,,VA,Page
2024,17066,Shenandoah Valley Elec Coop,,VA,Rockbridge
2024,17066,Shenandoah Valley Elec Coop,,VA,Rockingham
2024,17066,Shenandoah Valley Elec Coop,,VA,Shenandoah
2024,17066,Shenandoah Valley Elec Coop,,VA,Warren
2024,17066,Shenandoah Valley Elec Coop,,VA,Winchester City
2024,17074,City of Shelly - (MN),Y,MN,Norman
2024,17079,Village of Sherburne - (NY),Y,NY,Chenango
2024,17085,City of Sherrill - (NY),Y,NY,Madison
2024,17085,City of Sherrill - (NY),Y,NY,Oneida
2024,17098,Village of Shiloh - (OH),Y,OH,Richland
2024,17101,City of Shiner - (TX),Y,TX,Lavaca
2024,17127,Town of Shrewsbury - (MA),,MA,Worcester
2024,17130,City of Shullsburg - (WI),Y,WI,Lafayette
2024,17141,City of Sibley - (IA),Y,IA,Osceola
2024,17149,City of Sidney - (NE),Y,NE,Cheyenne
2024,17166,Sierra Pacific Power Co,,NV,Carson City
2024,17166,Sierra Pacific Power Co,,NV,Churchill
2024,17166,Sierra Pacific Power Co,,NV,Douglas
2024,17166,Sierra Pacific Power Co,,NV,Elko
2024,17166,Sierra Pacific Power Co,,NV,Esmeralda
2024,17166,Sierra Pacific Power Co,,NV,Eureka
2024,17166,Sierra Pacific Power Co,,NV,Humboldt
2024,17166,Sierra Pacific Power Co,,NV,Lander
2024,17166,Sierra Pacific Power Co,,NV,Lyon
2024,17166,Sierra Pacific Power Co,,NV,Mineral
2024,17166,Sierra Pacific Power Co,,NV,Nye
2024,17166,Sierra Pacific Power Co,,NV,Pershing
2024,17166,Sierra Pacific Power Co,,NV,Storey
2024,17166,Sierra Pacific Power Co,,NV,Washoe
2024,17177,City of Sikeston - (MO),,MO,New Madrid
2024,17177,City of Sikeston - (MO),,MO,Scott
2024,17184,City of Siloam Springs - (AR),,AR,Benton
2024,17186,Village of Silver Springs - (NY),Y,NY,Wyoming
2024,17252,Singing River Elec Cooperative,,AL,Mobile
2024,17252,Singing River Elec Cooperative,,AL,Washington
2024,17252,Singing River Elec Cooperative,,MS,George
2024,17252,Singing River Elec Cooperative,,MS,Greene
2024,17252,Singing River Elec Cooperative,,MS,Harrison
2024,17252,Singing River Elec Cooperative,,MS,Jackson
2024,17252,Singing River Elec Cooperative,,MS,Perry
2024,17252,Singing River Elec Cooperative,,MS,Stone
2024,17252,Singing River Elec Cooperative,,MS,Wayne
2024,17260,North West Rural Electric Coop,,IA,Cherokee
2024,17260,North West Rural Electric Coop,,IA,Clay
2024,17260,North West Rural Electric Coop,,IA,Crawford
2024,17260,North West Rural Electric Coop,,IA,Ida
2024,17260,North West Rural Electric Coop,,IA,Lyon
2024,17260,North West Rural Electric Coop,,IA,O'Brien
2024,17260,North West Rural Electric Coop,,IA,Osceola
2024,17260,North West Rural Electric Coop,,IA,Plymouth
2024,17260,North West Rural Electric Coop,,IA,Sac
2024,17260,North West Rural Electric Coop,,IA,Sioux
2024,17260,North West Rural Electric Coop,,IA,Woodbury
2024,17261,Slope Electric Coop Inc,,ND,Adams
2024,17261,Slope Electric Coop Inc,,ND,Bowman
2024,17261,Slope Electric Coop Inc,,ND,Hettinger
2024,17261,Slope Electric Coop Inc,,ND,Slope
2024,17264,City of Sioux Center,Y,IA,Sioux
2024,17265,City of Sioux Falls - (SD),Y,SD,Minnehaha
2024,17267,Sioux Valley SW Elec Coop,,MN,Lincoln
2024,17267,Sioux Valley SW Elec Coop,,MN,Murray
2024,17267,Sioux Valley SW Elec Coop,,MN,Nobles
2024,17267,Sioux Valley SW Elec Coop,,MN,Pipestone
2024,17267,Sioux Valley SW Elec Coop,,MN,Rock
2024,17267,Sioux Valley SW Elec Coop,,SD,Brookings
2024,17267,Sioux Valley SW Elec Coop,,SD,Deuel
2024,17267,Sioux Valley SW Elec Coop,,SD,Hamlin
2024,17267,Sioux Valley SW Elec Coop,,SD,Kingsbury
2024,17267,Sioux Valley SW Elec Coop,,SD,Lake
2024,17267,Sioux Valley SW Elec Coop,,SD,McCook
2024,17267,Sioux Valley SW Elec Coop,,SD,Miner
2024,17267,Sioux Valley SW Elec Coop,,SD,Minnehaha
2024,17267,Sioux Valley SW Elec Coop,,SD,Moody
2024,17267,Sioux Valley SW Elec Coop,,SD,Turner
2024,17271,City & Borough of Sitka - (AK),Y,AK,Sitka
2024,17279,PUD No 1 of Skamania Co,Y,WA,Skamania
2024,17280,Village of Skaneateles - (NY),Y,NY,Onondaga
2024,17286,City of Skiatook - (OK),Y,OK,Osage
2024,17286,City of Skiatook - (OK),Y,OK,Tulsa
2024,17290,Slash Pine Elec Member Corp,Y,GA,Berrien
2024,17290,Slash Pine Elec Member Corp,Y,GA,Charlton
2024,17290,Slash Pine Elec Member Corp,Y,GA,Clinch
2024,17290,Slash Pine Elec Member Corp,Y,GA,Echols
2024,17290,Slash Pine Elec Member Corp,Y,GA,Lanier
2024,17290,Slash Pine Elec Member Corp,Y,GA,Lowndes
2024,17290,Slash Pine Elec Member Corp,Y,GA,Ware
2024,17312,City of Slater - (MO),Y,MO,Saline
2024,17320,Sleepy Eye Public Utility Comm,Y,MN,Brown
2024,17324,Slinger Utilities,,WI,Washington
2024,17337,Borough of Smethport - (PA),Y,PA,McKean
2024,17451,Town of Smithfield - (NC),Y,NC,Johnston
2024,17452,City of Smithville - (TN),,TN,DeKalb
2024,17453,City of Smithville - (TX),Y,TX,Bastrop
2024,17457,Town of Smyrna - (DE),Y,DE,Kent
2024,17457,Town of Smyrna - (DE),Y,DE,New Castle
2024,17470,PUD No 1 of Snohomish County,,WA,Island
2024,17470,PUD No 1 of Snohomish County,,WA,Snohomish
2024,17492,"Socorro Electric Coop, Inc",Y,NM,Catron
2024,17492,"Socorro Electric Coop, Inc",Y,NM,Cibola
2024,17492,"Socorro Electric Coop, Inc",Y,NM,Lincoln
2024,17492,"Socorro Electric Coop, Inc",Y,NM,Sierra
2024,17492,"Socorro Electric Coop, Inc",Y,NM,Socorro
2024,17492,"Socorro Electric Coop, Inc",Y,NM,Torrance
2024,17492,"Socorro Electric Coop, Inc",Y,NM,Valencia
2024,17493,City of Soda Springs - (ID),Y,ID,Caribou
2024,17497,City of Snyder - (NE),Y,NE,Dodge
2024,17512,Village of Solvay - (NY),,NY,Onondaga
2024,17534,"South Alabama Elec Coop, Inc",,AL,Bullock
2024,17534,"South Alabama Elec Coop, Inc",,AL,Butler
2024,17534,"South Alabama Elec Coop, Inc",,AL,Coffee
2024,17534,"South Alabama Elec Coop, Inc",,AL,Crenshaw
2024,17534,"South Alabama Elec Coop, Inc",,AL,Dale
2024,17534,"South Alabama Elec Coop, Inc",,AL,Lowndes
2024,17534,"South Alabama Elec Coop, Inc",,AL,Montgomery
2024,17534,"South Alabama Elec Coop, Inc",,AL,Pike
2024,17539,"Dominion Energy South Carolina, Inc",,SC,Aiken
2024,17539,"Dominion Energy South Carolina, Inc",,SC,Beaufort
2024,17539,"Dominion Energy South Carolina, Inc",,SC,Berkeley
2024,17539,"Dominion Energy South Carolina, Inc",,SC,Calhoun
2024,17539,"Dominion Energy South Carolina, Inc",,SC,Charleston
2024,17539,"Dominion Energy South Carolina, Inc",,SC,Colleton
2024,17539,"Dominion Energy South Carolina, Inc",,SC,Dorchester
2024,17539,"Dominion Energy South Carolina, Inc",,SC,Fairfield
2024,17539,"Dominion Energy South Carolina, Inc",,SC,Jasper
2024,17539,"Dominion Energy South Carolina, Inc",,SC,Lexington
2024,17539,"Dominion Energy South Carolina, Inc",,SC,Richland
2024,17540,"South Central Ark El Coop, Inc",,AR,Clark
2024,17540,"South Central Ark El Coop, Inc",,AR,Dallas
2024,17540,"South Central Ark El Coop, Inc",,AR,Hempstead
2024,17540,"South Central Ark El Coop, Inc",,AR,Hot Spring
2024,17540,"South Central Ark El Coop, Inc",,AR,Howard
2024,17540,"South Central Ark El Coop, Inc",,AR,Montgomery
2024,17540,"South Central Ark El Coop, Inc",,AR,Nevada
2024,17540,"South Central Ark El Coop, Inc",,AR,Pike
2024,17543,South Carolina Public Service Authority,,SC,Berkeley
2024,17543,South Carolina Public Service Authority,,SC,Georgetown
2024,17543,South Carolina Public Service Authority,,SC,Horry
2024,17548,South Central Public Pwr Dist,,NE,Adams
2024,17548,South Central Public Pwr Dist,,NE,Clay
2024,17548,South Central Public Pwr Dist,,NE,Fillmore
2024,17548,South Central Public Pwr Dist,,NE,Hamilton
2024,17548,South Central Public Pwr Dist,,NE,Nuckolls
2024,17548,South Central Public Pwr Dist,,NE,Thayer
2024,17548,South Central Public Pwr Dist,,NE,Webster
2024,17550,South Central Electric Assn,,MN,Blue Earth
2024,17550,South Central Electric Assn,,MN,Brown
2024,17550,South Central Electric Assn,,MN,Cottonwood
2024,17550,South Central Electric Assn,,MN,Jackson
2024,17550,South Central Electric Assn,,MN,Martin
2024,17550,South Central Electric Assn,,MN,Murray
2024,17550,South Central Electric Assn,,MN,Redwood
2024,17550,South Central Electric Assn,,MN,Watonwan
2024,17553,Town of South Coffeyville - (OK),Y,OK,Nowata
2024,17560,Town of South Hadley - (MA),Y,MA,Hampshire
2024,17561,South Plains Electric Coop Inc,,TX,Childress
2024,17561,South Plains Electric Coop Inc,,TX,Cottle
2024,17561,South Plains Electric Coop Inc,,TX,Crosby
2024,17561,South Plains Electric Coop Inc,,TX,Dickens
2024,17561,South Plains Electric Coop Inc,,TX,Floyd
2024,17561,South Plains Electric Coop Inc,,TX,Foard
2024,17561,South Plains Electric Coop Inc,,TX,Garza
2024,17561,South Plains Electric Coop Inc,,TX,Hale
2024,17561,South Plains Electric Coop Inc,,TX,Hall
2024,17561,South Plains Electric Coop Inc,,TX,Hardeman
2024,17561,South Plains Electric Coop Inc,,TX,Hockley
2024,17561,South Plains Electric Coop Inc,,TX,Kent
2024,17561,South Plains Electric Coop Inc,,TX,King
2024,17561,South Plains Electric Coop Inc,,TX,Lamb
2024,17561,South Plains Electric Coop Inc,,TX,Lubbock
2024,17561,South Plains Electric Coop Inc,,TX,Lynn
2024,17561,South Plains Electric Coop Inc,,TX,Motley
2024,17561,South Plains Electric Coop Inc,,TX,Stonewall
2024,17562,City of South Haven - (MI),Y,MI,Allegan
2024,17562,City of South Haven - (MI),Y,MI,Van Buren
2024,17564,South Kentucky Rural E C C,,KY,Adair
2024,17564,South Kentucky Rural E C C,,KY,Casey
2024,17564,South Kentucky Rural E C C,,KY,Clinton
2024,17564,South Kentucky Rural E C C,,KY,Cumberland
2024,17564,South Kentucky Rural E C C,,KY,Laurel
2024,17564,South Kentucky Rural E C C,,KY,Lincoln
2024,17564,South Kentucky Rural E C C,,KY,McCreary
2024,17564,South Kentucky Rural E C C,,KY,Pulaski
2024,17564,South Kentucky Rural E C C,,KY,Rockcastle
2024,17564,South Kentucky Rural E C C,,KY,Russell
2024,17564,South Kentucky Rural E C C,,KY,Wayne
2024,17564,South Kentucky Rural E C C,,TN,Pickett
2024,17564,South Kentucky Rural E C C,,TN,Scott
2024,17565,South Louisiana Elec Coop Assn,,LA,Assumption
2024,17565,South Louisiana Elec Coop Assn,,LA,Lafourche
2024,17565,South Louisiana Elec Coop Assn,,LA,St Martin
2024,17565,South Louisiana Elec Coop Assn,,LA,St Mary
2024,17565,South Louisiana Elec Coop Assn,,LA,Terrebonne
2024,17569,City of South Norwalk - (CT),Y,CT,Fairfield
2024,17571,Borough of South River - (NJ),Y,NJ,Middlesex
2024,17572,South River Elec Member Corp,,NC,Bladen
2024,17572,South River Elec Member Corp,,NC,Cumberland
2024,17572,South River Elec Member Corp,,NC,Harnett
2024,17572,South River Elec Member Corp,,NC,Johnston
2024,17572,South River Elec Member Corp,,NC,Sampson
2024,17576,"South Side Electric, Inc",Y,ID,Cassia
2024,17577,City of South Sioux City,,NE,Dakota
2024,17585,"Southeastern IL Elec Coop, Inc",,IL,Franklin
2024,17585,"Southeastern IL Elec Coop, Inc",,IL,Gallatin
2024,17585,"Southeastern IL Elec Coop, Inc",,IL,Hamilton
2024,17585,"Southeastern IL Elec Coop, Inc",,IL,Hardin
2024,17585,"Southeastern IL Elec Coop, Inc",,IL,Johnson
2024,17585,"Southeastern IL Elec Coop, Inc",,IL,Massac
2024,17585,"Southeastern IL Elec Coop, Inc",,IL,Pope
2024,17585,"Southeastern IL Elec Coop, Inc",,IL,Saline
2024,17585,"Southeastern IL Elec Coop, Inc",,IL,White
2024,17585,"Southeastern IL Elec Coop, Inc",,IL,Williamson
2024,17588,South Vienna Corporation,Y,OH,Clark
2024,17589,Town of South Whitley - (IN),Y,IN,Whitley
2024,17592,Southeast Colorado Power Assn,,CO,Baca
2024,17592,Southeast Colorado Power Assn,,CO,Bent
2024,17592,Southeast Colorado Power Assn,,CO,Cheyenne
2024,17592,Southeast Colorado Power Assn,,CO,Crowley
2024,17592,Southeast Colorado Power Assn,,CO,El Paso
2024,17592,Southeast Colorado Power Assn,,CO,Kiowa
2024,17592,Southeast Colorado Power Assn,,CO,Las Animas
2024,17592,Southeast Colorado Power Assn,,CO,Lincoln
2024,17592,Southeast Colorado Power Assn,,CO,Otero
2024,17592,Southeast Colorado Power Assn,,CO,Prowers
2024,17592,Southeast Colorado Power Assn,,CO,Pueblo
2024,17593,"Southeast Electric Coop, Inc",Y,MT,Carter
2024,17593,"Southeast Electric Coop, Inc",Y,MT,Custer
2024,17593,"Southeast Electric Coop, Inc",Y,MT,Fallon
2024,17593,"Southeast Electric Coop, Inc",Y,MT,Powder River
2024,17593,"Southeast Electric Coop, Inc",Y,SD,Harding
2024,17593,"Southeast Electric Coop, Inc",Y,WY,Crook
2024,17599,Southeastern Indiana R E M C,,IN,Dearborn
2024,17599,Southeastern Indiana R E M C,,IN,Franklin
2024,17599,Southeastern Indiana R E M C,,IN,Jefferson
2024,17599,Southeastern Indiana R E M C,,IN,Jennings
2024,17599,Southeastern Indiana R E M C,,IN,Ohio
2024,17599,Southeastern Indiana R E M C,,IN,Ripley
2024,17599,Southeastern Indiana R E M C,,IN,Switzerland
2024,17603,Southeastern Electric Coop Inc - (OK),,OK,Atoka
2024,17603,Southeastern Electric Coop Inc - (OK),,OK,Bryan
2024,17603,Southeastern Electric Coop Inc - (OK),,OK,Choctaw
2024,17603,Southeastern Electric Coop Inc - (OK),,OK,Coal
2024,17603,Southeastern Electric Coop Inc - (OK),,OK,Johnston
2024,17609,Southern California Edison Co,,AZ,La Paz
2024,17609,Southern California Edison Co,,CA,Fresno
2024,17609,Southern California Edison Co,,CA,Imperial
2024,17609,Southern California Edison Co,,CA,Inyo
2024,17609,Southern California Edison Co,,CA,Kern
2024,17609,Southern California Edison Co,,CA,Kings
2024,17609,Southern California Edison Co,,CA,Los Angeles
2024,17609,Southern California Edison Co,,CA,Madera
2024,17609,Southern California Edison Co,,CA,Mono
2024,17609,Southern California Edison Co,,CA,Orange
2024,17609,Southern California Edison Co,,CA,Riverside
2024,17609,Southern California Edison Co,,CA,San Bernardino
2024,17609,Southern California Edison Co,,CA,San Diego
2024,17609,Southern California Edison Co,,CA,Santa Barbara
2024,17609,Southern California Edison Co,,CA,Tulare
2024,17609,Southern California Edison Co,,CA,Tuolumne
2024,17609,Southern California Edison Co,,CA,Ventura
2024,17609,Southern California Edison Co,,NV,Clark
2024,17612,Bear Valley Electric Service,,CA,San Bernardino
2024,17631,Southern Illinois Elec Coop,Y,IL,Alexander
2024,17631,Southern Illinois Elec Coop,Y,IL,Jackson
2024,17631,Southern Illinois Elec Coop,Y,IL,Johnson
2024,17631,Southern Illinois Elec Coop,Y,IL,Massac
2024,17631,Southern Illinois Elec Coop,Y,IL,Pope
2024,17631,Southern Illinois Elec Coop,Y,IL,Pulaski
2024,17631,Southern Illinois Elec Coop,Y,IL,Union
2024,17631,Southern Illinois Elec Coop,Y,IL,Williamson
2024,17633,Southern Indiana Gas & Elec Co,,IN,Dubois
2024,17633,Southern Indiana Gas & Elec Co,,IN,Gibson
2024,17633,Southern Indiana Gas & Elec Co,,IN,Pike
2024,17633,Southern Indiana Gas & Elec Co,,IN,Posey
2024,17633,Southern Indiana Gas & Elec Co,,IN,Spencer
2024,17633,Southern Indiana Gas & Elec Co,,IN,Vanderburgh
2024,17633,Southern Indiana Gas & Elec Co,,IN,Warrick
2024,17637,Southern Maryland Elec Coop Inc,,MD,Calvert
2024,17637,Southern Maryland Elec Coop Inc,,MD,Charles
2024,17637,Southern Maryland Elec Coop Inc,,MD,Prince Georges
2024,17637,Southern Maryland Elec Coop Inc,,MD,St Marys
2024,17642,Southern Public Power District,,KS,Smith
2024,17642,Southern Public Power District,,NE,Adams
2024,17642,Southern Public Power District,,NE,Buffalo
2024,17642,Southern Public Power District,,NE,Clay
2024,17642,Southern Public Power District,,NE,Dawson
2024,17642,Southern Public Power District,,NE,Franklin
2024,17642,Southern Public Power District,,NE,Gosper
2024,17642,Southern Public Power District,,NE,Hall
2024,17642,Southern Public Power District,,NE,Hamilton
2024,17642,Southern Public Power District,,NE,Harlan
2024,17642,Southern Public Power District,,NE,Howard
2024,17642,Southern Public Power District,,NE,Kearney
2024,17642,Southern Public Power District,,NE,Merrick
2024,17642,Southern Public Power District,,NE,Nance
2024,17642,Southern Public Power District,,NE,Phelps
2024,17642,Southern Public Power District,,NE,Webster
2024,17642,Southern Public Power District,,NE,York
2024,17643,"Southern Iowa Elec Coop, Inc",Y,IA,Appanoose
2024,17643,"Southern Iowa Elec Coop, Inc",Y,IA,Davis
2024,17643,"Southern Iowa Elec Coop, Inc",Y,IA,Van Buren
2024,17643,"Southern Iowa Elec Coop, Inc",Y,IA,Wapello
2024,17646,"Southern Pine Elec Coop, Inc",,AL,Baldwin
2024,17646,"Southern Pine Elec Coop, Inc",,AL,Conecuh
2024,17646,"Southern Pine Elec Coop, Inc",,AL,Covington
2024,17646,"Southern Pine Elec Coop, Inc",,AL,Escambia
2024,17646,"Southern Pine Elec Coop, Inc",,AL,Monroe
2024,17647,Southern Pine Electric Cooperative,,MS,Copiah
2024,17647,Southern Pine Electric Cooperative,,MS,Covington
2024,17647,Southern Pine Electric Cooperative,,MS,Forrest
2024,17647,Southern Pine Electric Cooperative,,MS,Jasper
2024,17647,Southern Pine Electric Cooperative,,MS,Jefferson Davis
2024,17647,Southern Pine Electric Cooperative,,MS,Lawrence
2024,17647,Southern Pine Electric Cooperative,,MS,Newton
2024,17647,Southern Pine Electric Cooperative,,MS,Rankin
2024,17647,Southern Pine Electric Cooperative,,MS,Scott
2024,17647,Southern Pine Electric Cooperative,,MS,Simpson
2024,17647,Southern Pine Electric Cooperative,,MS,Smith
2024,17668,City of Southport - (NC),Y,NC,Brunswick
2024,17671,Southwest Arkansas E C C,,AR,Columbia
2024,17671,Southwest Arkansas E C C,,AR,Hempstead
2024,17671,Southwest Arkansas E C C,,AR,Howard
2024,17671,Southwest Arkansas E C C,,AR,Lafayette
2024,17671,Southwest Arkansas E C C,,AR,Little River
2024,17671,Southwest Arkansas E C C,,AR,Miller
2024,17671,Southwest Arkansas E C C,,AR,Polk
2024,17671,Southwest Arkansas E C C,,AR,Sevier
2024,17671,Southwest Arkansas E C C,,OK,McCurtain
2024,17671,Southwest Arkansas E C C,,TX,Bowie
2024,17671,Southwest Arkansas E C C,,TX,Cass
2024,17681,Southwest Rural Elec Assn Inc,Y,OK,Greer
2024,17681,Southwest Rural Elec Assn Inc,Y,OK,Jackson
2024,17681,Southwest Rural Elec Assn Inc,Y,OK,Kiowa
2024,17681,Southwest Rural Elec Assn Inc,Y,OK,Tillman
2024,17681,Southwest Rural Elec Assn Inc,Y,TX,Archer
2024,17681,Southwest Rural Elec Assn Inc,Y,TX,Baylor
2024,17681,Southwest Rural Elec Assn Inc,Y,TX,Foard
2024,17681,Southwest Rural Elec Assn Inc,Y,TX,Hardeman
2024,17681,Southwest Rural Elec Assn Inc,Y,TX,Wichita
2024,17681,Southwest Rural Elec Assn Inc,Y,TX,Wilbarger
2024,17683,Southwest Mississippi E P A,,MS,Adams
2024,17683,Southwest Mississippi E P A,,MS,Amite
2024,17683,Southwest Mississippi E P A,,MS,Claiborne
2024,17683,Southwest Mississippi E P A,,MS,Copiah
2024,17683,Southwest Mississippi E P A,,MS,Franklin
2024,17683,Southwest Mississippi E P A,,MS,Hinds
2024,17683,Southwest Mississippi E P A,,MS,Jefferson
2024,17683,Southwest Mississippi E P A,,MS,Lincoln
2024,17683,Southwest Mississippi E P A,,MS,Wilkinson
2024,17684,Southwest Louisiana E M C,,LA,Acadia
2024,17684,Southwest Louisiana E M C,,LA,Avoyelles
2024,17684,Southwest Louisiana E M C,,LA,Cameron
2024,17684,Southwest Louisiana E M C,,LA,Evangeline
2024,17684,Southwest Louisiana E M C,,LA,Iberia
2024,17684,Southwest Louisiana E M C,,LA,Lafayette
2024,17684,Southwest Louisiana E M C,,LA,St Landry
2024,17684,Southwest Louisiana E M C,,LA,St Martin
2024,17684,Southwest Louisiana E M C,,LA,Vermilion
2024,17692,Southwest Public Power Dist,,NE,Chase
2024,17692,Southwest Public Power Dist,,NE,Dundy
2024,17692,Southwest Public Power Dist,,NE,Frontier
2024,17692,Southwest Public Power Dist,,NE,Hayes
2024,17692,Southwest Public Power Dist,,NE,Hitchcock
2024,17692,Southwest Public Power Dist,,NE,Red Willow
2024,17693,"Southwest Texas Elec Coop, Inc",,TX,Concho
2024,17693,"Southwest Texas Elec Coop, Inc",,TX,Crockett
2024,17693,"Southwest Texas Elec Coop, Inc",,TX,Edwards
2024,17693,"Southwest Texas Elec Coop, Inc",,TX,Irion
2024,17693,"Southwest Texas Elec Coop, Inc",,TX,Menard
2024,17693,"Southwest Texas Elec Coop, Inc",,TX,Pecos
2024,17693,"Southwest Texas Elec Coop, Inc",,TX,Reagan
2024,17693,"Southwest Texas Elec Coop, Inc",,TX,Schleicher
2024,17693,"Southwest Texas Elec Coop, Inc",,TX,Sutton
2024,17693,"Southwest Texas Elec Coop, Inc",,TX,Tom Green
2024,17693,"Southwest Texas Elec Coop, Inc",,TX,Upton
2024,17693,"Southwest Texas Elec Coop, Inc",,TX,Val Verde
2024,17694,Southwest Tennessee E M C,,TN,Chester
2024,17694,Southwest Tennessee E M C,,TN,Crockett
2024,17694,Southwest Tennessee E M C,,TN,Fayette
2024,17694,Southwest Tennessee E M C,,TN,Hardeman
2024,17694,Southwest Tennessee E M C,,TN,Haywood
2024,17694,Southwest Tennessee E M C,,TN,Henderson
2024,17694,Southwest Tennessee E M C,,TN,Lauderdale
2024,17694,Southwest Tennessee E M C,,TN,Madison
2024,17694,Southwest Tennessee E M C,,TN,Tipton
2024,17697,Southwestern Electric Coop Inc - (IL),,IL,Bond
2024,17697,Southwestern Electric Coop Inc - (IL),,IL,Clay
2024,17697,Southwestern Electric Coop Inc - (IL),,IL,Clinton
2024,17697,Southwestern Electric Coop Inc - (IL),,IL,Effingham
2024,17697,Southwestern Electric Coop Inc - (IL),,IL,Fayette
2024,17697,Southwestern Electric Coop Inc - (IL),,IL,Macoupin
2024,17697,Southwestern Electric Coop Inc - (IL),,IL,Madison
2024,17697,Southwestern Electric Coop Inc - (IL),,IL,Marion
2024,17697,Southwestern Electric Coop Inc - (IL),,IL,Montgomery
2024,17697,Southwestern Electric Coop Inc - (IL),,IL,Shelby
2024,17697,Southwestern Electric Coop Inc - (IL),,IL,St Clair
2024,17698,Southwestern Electric Power Co,,AR,Benton
2024,17698,Southwestern Electric Power Co,,AR,Carroll
2024,17698,Southwestern Electric Power Co,,AR,Hempstead
2024,17698,Southwestern Electric Power Co,,AR,Howard
2024,17698,Southwestern Electric Power Co,,AR,Lafayette
2024,17698,Southwestern Electric Power Co,,AR,Little River
2024,17698,Southwestern Electric Power Co,,AR,Logan
2024,17698,Southwestern Electric Power Co,,AR,Miller
2024,17698,Southwestern Electric Power Co,,AR,Pike
2024,17698,Southwestern Electric Power Co,,AR,Polk
2024,17698,Southwestern Electric Power Co,,AR,Scott
2024,17698,Southwestern Electric Power Co,,AR,Sebastian
2024,17698,Southwestern Electric Power Co,,AR,Sevier
2024,17698,Southwestern Electric Power Co,,AR,Washington
2024,17698,Southwestern Electric Power Co,,LA,Bienville
2024,17698,Southwestern Electric Power Co,,LA,Bossier
2024,17698,Southwestern Electric Power Co,,LA,Caddo
2024,17698,Southwestern Electric Power Co,,LA,DeSoto
2024,17698,Southwestern Electric Power Co,,LA,Grant
2024,17698,Southwestern Electric Power Co,,LA,Natchitoches
2024,17698,Southwestern Electric Power Co,,LA,Red River
2024,17698,Southwestern Electric Power Co,,LA,Sabine
2024,17698,Southwestern Electric Power Co,,LA,Vernon
2024,17698,Southwestern Electric Power Co,,LA,Webster
2024,17698,Southwestern Electric Power Co,,LA,Winn
2024,17698,Southwestern Electric Power Co,,TX,Bowie
2024,17698,Southwestern Electric Power Co,,TX,Camp
2024,17698,Southwestern Electric Power Co,,TX,Cass
2024,17698,Southwestern Electric Power Co,,TX,Childress
2024,17698,Southwestern Electric Power Co,,TX,Collingsworth
2024,17698,Southwestern Electric Power Co,,TX,Donley
2024,17698,Southwestern Electric Power Co,,TX,Franklin
2024,17698,Southwestern Electric Power Co,,TX,Gray
2024,17698,Southwestern Electric Power Co,,TX,Gregg
2024,17698,Southwestern Electric Power Co,,TX,Hall
2024,17698,Southwestern Electric Power Co,,TX,Harrison
2024,17698,Southwestern Electric Power Co,,TX,Hopkins
2024,17698,Southwestern Electric Power Co,,TX,Marion
2024,17698,Southwestern Electric Power Co,,TX,Morris
2024,17698,Southwestern Electric Power Co,,TX,Panola
2024,17698,Southwestern Electric Power Co,,TX,Rains
2024,17698,Southwestern Electric Power Co,,TX,Red River
2024,17698,Southwestern Electric Power Co,,TX,Rusk
2024,17698,Southwestern Electric Power Co,,TX,Shelby
2024,17698,Southwestern Electric Power Co,,TX,Smith
2024,17698,Southwestern Electric Power Co,,TX,Titus
2024,17698,Southwestern Electric Power Co,,TX,Upshur
2024,17698,Southwestern Electric Power Co,,TX,Van Zandt
2024,17698,Southwestern Electric Power Co,,TX,Wheeler
2024,17698,Southwestern Electric Power Co,,TX,Wood
2024,17715,Southwestern Electric Coop Inc - (NM),,CO,Las Animas
2024,17715,Southwestern Electric Coop Inc - (NM),,NM,Colfax
2024,17715,Southwestern Electric Coop Inc - (NM),,NM,Harding
2024,17715,Southwestern Electric Coop Inc - (NM),,NM,Quay
2024,17715,Southwestern Electric Coop Inc - (NM),,NM,Union
2024,17715,Southwestern Electric Coop Inc - (NM),,OK,Cimarron
2024,17715,Southwestern Electric Coop Inc - (NM),,TX,Dallam
2024,17715,Southwestern Electric Coop Inc - (NM),,TX,Hartley
2024,17718,Southwestern Public Service Co,,NM,Chaves
2024,17718,Southwestern Public Service Co,,NM,Curry
2024,17718,Southwestern Public Service Co,,NM,Eddy
2024,17718,Southwestern Public Service Co,,NM,Lea
2024,17718,Southwestern Public Service Co,,NM,Quay
2024,17718,Southwestern Public Service Co,,NM,Roosevelt
2024,17718,Southwestern Public Service Co,,TX,Andrews
2024,17718,Southwestern Public Service Co,,TX,Armstrong
2024,17718,Southwestern Public Service Co,,TX,Bailey
2024,17718,Southwestern Public Service Co,,TX,Borden
2024,17718,Southwestern Public Service Co,,TX,Briscoe
2024,17718,Southwestern Public Service Co,,TX,Carson
2024,17718,Southwestern Public Service Co,,TX,Castro
2024,17718,Southwestern Public Service Co,,TX,Cochran
2024,17718,Southwestern Public Service Co,,TX,Cottle
2024,17718,Southwestern Public Service Co,,TX,Crosby
2024,17718,Southwestern Public Service Co,,TX,Dallam
2024,17718,Southwestern Public Service Co,,TX,Dawson
2024,17718,Southwestern Public Service Co,,TX,Deaf Smith
2024,17718,Southwestern Public Service Co,,TX,Donley
2024,17718,Southwestern Public Service Co,,TX,Ector
2024,17718,Southwestern Public Service Co,,TX,Floyd
2024,17718,Southwestern Public Service Co,,TX,Foard
2024,17718,Southwestern Public Service Co,,TX,Gaines
2024,17718,Southwestern Public Service Co,,TX,Garza
2024,17718,Southwestern Public Service Co,,TX,Gray
2024,17718,Southwestern Public Service Co,,TX,Hale
2024,17718,Southwestern Public Service Co,,TX,Hansford
2024,17718,Southwestern Public Service Co,,TX,Hartley
2024,17718,Southwestern Public Service Co,,TX,Hemphill
2024,17718,Southwestern Public Service Co,,TX,Hockley
2024,17718,Southwestern Public Service Co,,TX,Hutchinson
2024,17718,Southwestern Public Service Co,,TX,Lamb
2024,17718,Southwestern Public Service Co,,TX,Lipscomb
2024,17718,Southwestern Public Service Co,,TX,Lubbock
2024,17718,Southwestern Public Service Co,,TX,Lynn
2024,17718,Southwestern Public Service Co,,TX,Midland
2024,17718,Southwestern Public Service Co,,TX,Moore
2024,17718,Southwestern Public Service Co,,TX,Motley
2024,17718,Southwestern Public Service Co,,TX,Ochiltree
2024,17718,Southwestern Public Service Co,,TX,Oldham
2024,17718,Southwestern Public Service Co,,TX,Parmer
2024,17718,Southwestern Public Service Co,,TX,Potter
2024,17718,Southwestern Public Service Co,,TX,Randall
2024,17718,Southwestern Public Service Co,,TX,Roberts
2024,17718,Southwestern Public Service Co,,TX,Sherman
2024,17718,Southwestern Public Service Co,,TX,Swisher
2024,17718,Southwestern Public Service Co,,TX,Terry
2024,17718,Southwestern Public Service Co,,TX,Wheeler
2024,17718,Southwestern Public Service Co,,TX,Wilbarger
2024,17718,Southwestern Public Service Co,,TX,Yoakum
2024,17727,Village of Spalding - (NE),Y,NE,Greeley
2024,17732,Spanish Fork City Corporation,,UT,Utah
2024,17740,City of Sparta,,TN,White
2024,17754,City of Summerfield - (KS),Y,KS,Marshall
2024,17783,City of Spencer - (IA),Y,IA,Clay
2024,17787,City of Spencer - (NE),Y,NE,Boyd
2024,17789,Village of Spencerport - (NY),Y,NY,Monroe
2024,17790,Town of Spiceland - (IN),Y,IN,Henry
2024,17802,Town of Spiro - (OK),Y,OK,Le Flore
2024,17811,City of Spooner - (WI),Y,WI,Washburn
2024,17823,City of Spring Grove,Y,MN,Houston
2024,17824,Spring Valley Pub Utils Comm,Y,MN,Fillmore
2024,17826,"Springer Electric Coop, Inc",,NM,Colfax
2024,17826,"Springer Electric Coop, Inc",,NM,Harding
2024,17826,"Springer Electric Coop, Inc",,NM,Mora
2024,17826,"Springer Electric Coop, Inc",,NM,San Miguel
2024,17826,"Springer Electric Coop, Inc",,NM,Union
2024,17827,Town of Springer - (NM),Y,NM,Colfax
2024,17828,City of Springfield - (IL),,IL,Sangamon
2024,17829,City of Springfield - (TN),,TN,Robertson
2024,17832,Snapping Shoals El Member Corp,,GA,Butts
2024,17832,Snapping Shoals El Member Corp,,GA,DeKalb
2024,17832,Snapping Shoals El Member Corp,,GA,Henry
2024,17832,Snapping Shoals El Member Corp,,GA,Jasper
2024,17832,Snapping Shoals El Member Corp,,GA,Morgan
2024,17832,Snapping Shoals El Member Corp,,GA,Newton
2024,17832,Snapping Shoals El Member Corp,,GA,Rockdale
2024,17832,Snapping Shoals El Member Corp,,GA,Walton
2024,17833,City Utilities of Springfield - (MO),,MO,Greene
2024,17834,City of Springfield - (CO),Y,CO,Baca
2024,17836,Springfield Public Utils Comm - (MN),Y,MN,Brown
2024,17838,"Spoon River Electric Coop, Inc",Y,IL,Fulton
2024,17838,"Spoon River Electric Coop, Inc",Y,IL,Knox
2024,17838,"Spoon River Electric Coop, Inc",Y,IL,McDonough
2024,17838,"Spoon River Electric Coop, Inc",Y,IL,Peoria
2024,17838,"Spoon River Electric Coop, Inc",Y,IL,Schuyler
2024,17839,City of Springfield - (OR),,OR,Lane
2024,17844,Spring City Corporation,Y,UT,Sanpete
2024,17845,City of Springville - (UT),,UT,Utah
2024,17846,Village of Springville - (NY),Y,NY,Erie
2024,17860,City of St Charles - (IL),,IL,DuPage
2024,17860,City of St Charles - (IL),,IL,Kane
2024,17862,City of St Charles - (MN),Y,MN,Winona
2024,17865,City of St Clairsville - (OH),Y,OH,Belmont
2024,17868,St Croix Electric Coop,Y,WI,Dunn
2024,17868,St Croix Electric Coop,Y,WI,Pierce
2024,17868,St Croix Electric Coop,Y,WI,Polk
2024,17868,St Croix Electric Coop,Y,WI,St Croix
2024,17872,City of St Francis - (KS),Y,KS,Cheyenne
2024,17874,City of St George,,UT,Washington
2024,17876,City of St James - (MN),Y,MN,Watonwan
2024,17877,City of St James - (MO),Y,MO,Phelps
2024,17879,City of St. John - (KS),Y,KS,Stafford
2024,17886,City of St Louis - (MI),Y,MI,Gratiot
2024,17889,City of St Martinville - (LA),Y,LA,St Martin
2024,17891,City of St Marys - (OH),Y,OH,Auglaize
2024,17894,City of St Marys - (KS),Y,KS,Pottawatomie
2024,17896,City of Shasta Lake - (CA),,CA,Shasta
2024,17898,City of Saint Paul - (AK),Y,AK,Aleutians West
2024,17899,City of St Paul - (NE),Y,NE,Howard
2024,17900,City of Saint Peter,Y,MN,Le Sueur
2024,17900,City of Saint Peter,Y,MN,Nicollet
2024,17918,City of St Robert - (MO),Y,MO,Pulaski
2024,17924,City of Stafford - (KS),Y,KS,Stafford
2024,17946,City of Stanberry - (MO),Y,MO,Gentry
2024,17979,Stanton County Public Pwr Dist,Y,NE,Colfax
2024,17979,Stanton County Public Pwr Dist,Y,NE,Cuming
2024,17979,Stanton County Public Pwr Dist,Y,NE,Madison
2024,17979,Stanton County Public Pwr Dist,Y,NE,Stanton
2024,17979,Stanton County Public Pwr Dist,Y,NE,Wayne
2024,17981,Town of Stantonsburg - (NC),Y,NC,Greene
2024,17981,Town of Stantonsburg - (NC),Y,NC,Wayne
2024,17981,Town of Stantonsburg - (NC),Y,NC,Wilson
2024,17983,City of Staples- (MN),Y,MN,Todd
2024,18004,City of Starke - (FL),Y,FL,Bradford
2024,18006,City of Starkville,,MS,Oktibbeha
2024,18014,City of State Center - (IA),Y,IA,Marshall
2024,18014,City of State Center - (IA),Y,IA,Story
2024,18019,Stearns Cooperative Elec Assn,,MN,Douglas
2024,18019,Stearns Cooperative Elec Assn,,MN,Kandiyohi
2024,18019,Stearns Cooperative Elec Assn,,MN,Morrison
2024,18019,Stearns Cooperative Elec Assn,,MN,Pope
2024,18019,Stearns Cooperative Elec Assn,,MN,Stearns
2024,18019,Stearns Cooperative Elec Assn,,MN,Todd
2024,18022,City of Statesville - (NC),,NC,Iredell
2024,18045,City of Steelville,Y,MO,Crawford
2024,18047,Steele-Waseca Cooperative Electric,,MN,Blue Earth
2024,18047,Steele-Waseca Cooperative Electric,,MN,Dodge
2024,18047,Steele-Waseca Cooperative Electric,,MN,Faribault
2024,18047,Steele-Waseca Cooperative Electric,,MN,Freeborn
2024,18047,Steele-Waseca Cooperative Electric,,MN,Goodhue
2024,18047,Steele-Waseca Cooperative Electric,,MN,Le Sueur
2024,18047,Steele-Waseca Cooperative Electric,,MN,Rice
2024,18047,Steele-Waseca Cooperative Electric,,MN,Steele
2024,18047,Steele-Waseca Cooperative Electric,,MN,Waseca
2024,18051,Town of Steilacoom,Y,WA,Pierce
2024,18063,City of Stephen - (MN),Y,MN,Marshall
2024,18074,City of Stephenson - (MI),Y,MI,Menominee
2024,18085,South Central Power Company,,OH,Adams
2024,18085,South Central Power Company,,OH,Belmont
2024,18085,South Central Power Company,,OH,Brown
2024,18085,South Central Power Company,,OH,Carroll
2024,18085,South Central Power Company,,OH,Clermont
2024,18085,South Central Power Company,,OH,Clinton
2024,18085,South Central Power Company,,OH,Fairfield
2024,18085,South Central Power Company,,OH,Fayette
2024,18085,South Central Power Company,,OH,Franklin
2024,18085,South Central Power Company,,OH,Harrison
2024,18085,South Central Power Company,,OH,Highland
2024,18085,South Central Power Company,,OH,Hocking
2024,18085,South Central Power Company,,OH,Jefferson
2024,18085,South Central Power Company,,OH,Licking
2024,18085,South Central Power Company,,OH,Madison
2024,18085,South Central Power Company,,OH,Monroe
2024,18085,South Central Power Company,,OH,Muskingum
2024,18085,South Central Power Company,,OH,Noble
2024,18085,South Central Power Company,,OH,Perry
2024,18085,South Central Power Company,,OH,Pickaway
2024,18085,South Central Power Company,,OH,Pike
2024,18085,South Central Power Company,,OH,Ross
2024,18085,South Central Power Company,,OH,Scioto
2024,18085,South Central Power Company,,OH,Vinton
2024,18086,City of Sterling - (KS),Y,KS,Reno
2024,18086,City of Sterling - (KS),Y,KS,Rice
2024,18087,Town of Sterling - (MA),Y,MA,Worcester
2024,18100,Steuben County Rural E M C,Y,IN,DeKalb
2024,18100,Steuben County Rural E M C,Y,IN,Lagrange
2024,18100,Steuben County Rural E M C,Y,IN,Steuben
2024,18102,"Steuben Rural Elec Coop, Inc",Y,NY,Cattaraugus
2024,18102,"Steuben Rural Elec Coop, Inc",Y,NY,Chautauqua
2024,18102,"Steuben Rural Elec Coop, Inc",Y,NY,Schuyler
2024,18102,"Steuben Rural Elec Coop, Inc",Y,NY,Steuben
2024,18125,Stillwater Utilities Authority,,OK,Payne
2024,18126,City of Stilwell - (OK),Y,OK,Adair
2024,18129,City of Stratton - (NE),Y,NE,Hitchcock
2024,18137,City of Stockton - (KS),Y,KS,Rooks
2024,18177,City of Story City - (IA),Y,IA,Boone
2024,18177,City of Story City - (IA),Y,IA,Hamilton
2024,18177,City of Story City - (IA),Y,IA,Story
2024,18181,City of Stoughton - (WI),,WI,Dane
2024,18181,City of Stoughton - (WI),,WI,Rock
2024,18199,"Swisher Electric Coop, Inc",Y,TX,Armstrong
2024,18199,"Swisher Electric Coop, Inc",Y,TX,Briscoe
2024,18199,"Swisher Electric Coop, Inc",Y,TX,Castro
2024,18199,"Swisher Electric Coop, Inc",Y,TX,Hale
2024,18199,"Swisher Electric Coop, Inc",Y,TX,Randall
2024,18199,"Swisher Electric Coop, Inc",Y,TX,Swisher
2024,18200,Village of Stratford - (WI),Y,WI,Marathon
2024,18201,City of Stratford - (IA),Y,IA,Hamilton
2024,18201,City of Stratford - (IA),Y,IA,Webster
2024,18203,Tallapoosa River Elec Coop Inc,,AL,Barbour
2024,18203,Tallapoosa River Elec Coop Inc,,AL,Chambers
2024,18203,Tallapoosa River Elec Coop Inc,,AL,Clay
2024,18203,Tallapoosa River Elec Coop Inc,,AL,Cleburne
2024,18203,Tallapoosa River Elec Coop Inc,,AL,Lee
2024,18203,Tallapoosa River Elec Coop Inc,,AL,Randolph
2024,18203,Tallapoosa River Elec Coop Inc,,AL,Russell
2024,18203,Tallapoosa River Elec Coop Inc,,AL,Tallapoosa
2024,18204,City of Strawberry Point,Y,IA,Clayton
2024,18206,Strawberry Electric Serv Dist,,UT,Utah
2024,18217,City of Stromsburg - (NE),Y,NE,Polk
2024,18224,City of Stroud - (OK),Y,OK,Lincoln
2024,18230,City of Stuart - (NE),Y,NE,Holt
2024,18231,City of Stuart - (IA),Y,IA,Adair
2024,18231,City of Stuart - (IA),Y,IA,Guthrie
2024,18249,City of Sturgeon Bay - (WI),,WI,Door
2024,18250,Town of Straughn - (IN),Y,IN,Henry
2024,18252,City of Sturgis - (MI),,MI,St Joseph
2024,18260,Surprise Valley Electrification,,CA,Lassen
2024,18260,Surprise Valley Electrification,,CA,Modoc
2024,18260,Surprise Valley Electrification,,NV,Washoe
2024,18260,Surprise Valley Electrification,,OR,Lake
2024,18273,City of Sullivan - (MO),Y,MO,Crawford
2024,18273,City of Sullivan - (MO),Y,MO,Franklin
2024,18277,City of Sullivan - (IL),Y,IL,Moultrie
2024,18280,Sulphur Springs Valley E C Inc,,AZ,Cochise
2024,18280,Sulphur Springs Valley E C Inc,,AZ,Graham
2024,18280,Sulphur Springs Valley E C Inc,,AZ,Pima
2024,18280,Sulphur Springs Valley E C Inc,,AZ,Santa Cruz
2024,18282,City of Sumas - (WA),Y,WA,Whatcom
2024,18284,Borough of Summerhill - (PA),Y,PA,Cambria
2024,18301,City of Sumner - (IA),Y,IA,Bremer
2024,18304,"Sumter Electric Coop, Inc",,FL,Citrus
2024,18304,"Sumter Electric Coop, Inc",,FL,Hernando
2024,18304,"Sumter Electric Coop, Inc",,FL,Lake
2024,18304,"Sumter Electric Coop, Inc",,FL,Levy
2024,18304,"Sumter Electric Coop, Inc",,FL,Marion
2024,18304,"Sumter Electric Coop, Inc",,FL,Pasco
2024,18304,"Sumter Electric Coop, Inc",,FL,Sumter
2024,18305,Sumter Electric Member Corp,,GA,Chattahoochee
2024,18305,Sumter Electric Member Corp,,GA,Dougherty
2024,18305,Sumter Electric Member Corp,,GA,Lee
2024,18305,Sumter Electric Member Corp,,GA,Marion
2024,18305,Sumter Electric Member Corp,,GA,Quitman
2024,18305,Sumter Electric Member Corp,,GA,Randolph
2024,18305,Sumter Electric Member Corp,,GA,Schley
2024,18305,Sumter Electric Member Corp,,GA,Stewart
2024,18305,Sumter Electric Member Corp,,GA,Sumter
2024,18305,Sumter Electric Member Corp,,GA,Terrell
2024,18305,Sumter Electric Member Corp,,GA,Webster
2024,18312,Sun Prairie Utilities,,WI,Dane
2024,18316,"Sumner-Cowley Elec Coop, Inc",Y,KS,Butler
2024,18316,"Sumner-Cowley Elec Coop, Inc",Y,KS,Cowley
2024,18316,"Sumner-Cowley Elec Coop, Inc",Y,KS,Harper
2024,18316,"Sumner-Cowley Elec Coop, Inc",Y,KS,Kingman
2024,18316,"Sumner-Cowley Elec Coop, Inc",Y,KS,Sedgwick
2024,18316,"Sumner-Cowley Elec Coop, Inc",Y,KS,Sumner
2024,18330,City of Superior - (NE),Y,NE,Nuckolls
2024,18336,Superior Water and Light Co,,WI,Douglas
2024,18339,Surry-Yadkin Elec Member Corp,,NC,Forsyth
2024,18339,Surry-Yadkin Elec Member Corp,,NC,Stokes
2024,18339,Surry-Yadkin Elec Member Corp,,NC,Surry
2024,18339,Surry-Yadkin Elec Member Corp,,NC,Wilkes
2024,18339,Surry-Yadkin Elec Member Corp,,NC,Yadkin
2024,18354,City of Sutton - (NE),Y,NE,Clay
2024,18360,Suwannee Valley Elec Coop Inc,,FL,Columbia
2024,18360,Suwannee Valley Elec Coop Inc,,FL,Hamilton
2024,18360,Suwannee Valley Elec Coop Inc,,FL,Lafayette
2024,18360,Suwannee Valley Elec Coop Inc,,FL,Suwannee
2024,18371,Village of Swanton - (VT),Y,VT,Franklin
2024,18383,Taylor Electric Coop - (WI),Y,WI,Clark
2024,18383,Taylor Electric Coop - (WI),Y,WI,Lincoln
2024,18383,Taylor Electric Coop - (WI),Y,WI,Marathon
2024,18383,Taylor Electric Coop - (WI),Y,WI,Taylor
2024,18384,City of Sweetwater,,TN,Monroe
2024,18393,Village of Sycamore - (OH),Y,OH,Wyandot
2024,18395,Sylacauga Utilities Board,Y,AL,Talladega
2024,18397,City of Sylvania - (GA),,GA,Richmond
2024,18397,City of Sylvania - (GA),,GA,Screven
2024,18401,"Sun River Electric Coop, Inc",Y,MT,Cascade
2024,18401,"Sun River Electric Coop, Inc",Y,MT,Chouteau
2024,18401,"Sun River Electric Coop, Inc",Y,MT,Judith Basin
2024,18401,"Sun River Electric Coop, Inc",Y,MT,Lewis and Clark
2024,18401,"Sun River Electric Coop, Inc",Y,MT,Liberty
2024,18401,"Sun River Electric Coop, Inc",Y,MT,Pondera
2024,18401,"Sun River Electric Coop, Inc",Y,MT,Teton
2024,18401,"Sun River Electric Coop, Inc",Y,MT,Toole
2024,18403,City of Sylvester - (GA),Y,GA,Worth
2024,18408,City of Syracuse - (NE),Y,NE,Otoe
2024,18428,Village of Talmage - (NE),Y,NE,Otoe
2024,18429,City of Tacoma - (WA),,WA,King
2024,18429,City of Tacoma - (WA),,WA,Lewis
2024,18429,City of Tacoma - (WA),,WA,Mason
2024,18429,City of Tacoma - (WA),,WA,Pierce
2024,18433,Tahlequah Public Works Authority,Y,OK,Cherokee
2024,18445,City of Tallahassee - (FL),,FL,Leon
2024,18446,T I P Rural Electric Coop,Y,IA,Benton
2024,18446,T I P Rural Electric Coop,Y,IA,Iowa
2024,18446,T I P Rural Electric Coop,Y,IA,Jefferson
2024,18446,T I P Rural Electric Coop,Y,IA,Johnson
2024,18446,T I P Rural Electric Coop,Y,IA,Keokuk
2024,18446,T I P Rural Electric Coop,Y,IA,Mahaska
2024,18446,T I P Rural Electric Coop,Y,IA,Poweshiek
2024,18446,T I P Rural Electric Coop,Y,IA,Tama
2024,18446,T I P Rural Electric Coop,Y,IA,Wapello
2024,18446,T I P Rural Electric Coop,Y,IA,Washington
2024,18447,Tallahatchie Valley E P A,,MS,Lafayette
2024,18447,Tallahatchie Valley E P A,,MS,Panola
2024,18447,Tallahatchie Valley E P A,,MS,Tallahatchie
2024,18447,Tallahatchie Valley E P A,,MS,Tate
2024,18447,Tallahatchie Valley E P A,,MS,Yalobusha
2024,18448,Tanner Electric Coop,Y,WA,King
2024,18448,Tanner Electric Coop,Y,WA,Pierce
2024,18448,Tanner Electric Coop,Y,WA,Thurston
2024,18449,"Talquin Electric Coop, Inc",,FL,Gadsden
2024,18449,"Talquin Electric Coop, Inc",,FL,Leon
2024,18449,"Talquin Electric Coop, Inc",,FL,Liberty
2024,18449,"Talquin Electric Coop, Inc",,FL,Wakulla
2024,18454,Tampa Electric Co,,FL,Hillsborough
2024,18454,Tampa Electric Co,,FL,Pasco
2024,18454,Tampa Electric Co,,FL,Pinellas
2024,18454,Tampa Electric Co,,FL,Polk
2024,18456,Borough of Tarentum - (PA),Y,PA,Allegheny
2024,18466,Town of Tarboro - (NC),,NC,Edgecombe
2024,18472,City of Tarrant,,AL,Jefferson
2024,18474,Tanana Power Co Inc,Y,AK,Yukon Koyukuk
2024,18480,Tatitlek Electric Utility,Y,AK,Valdez Cordova
2024,18488,City of Taunton,,MA,Bristol
2024,18498,Taylor County Rural E C C,,KY,Adair
2024,18498,Taylor County Rural E C C,,KY,Casey
2024,18498,Taylor County Rural E C C,,KY,Cumberland
2024,18498,Taylor County Rural E C C,,KY,Green
2024,18498,Taylor County Rural E C C,,KY,Hart
2024,18498,Taylor County Rural E C C,,KY,Marion
2024,18498,Taylor County Rural E C C,,KY,Metcalfe
2024,18498,Taylor County Rural E C C,,KY,Russell
2024,18498,Taylor County Rural E C C,,KY,Taylor
2024,18499,Three Notch Elec Member Corp,,GA,Baker
2024,18499,Three Notch Elec Member Corp,,GA,Clay
2024,18499,Three Notch Elec Member Corp,,GA,Decatur
2024,18499,Three Notch Elec Member Corp,,GA,Early
2024,18499,Three Notch Elec Member Corp,,GA,Miller
2024,18499,Three Notch Elec Member Corp,,GA,Seminole
2024,18524,Tecumseh Utility Authority,Y,OK,Pottawatomie
2024,18525,City of Tecumseh,Y,NE,Johnson
2024,18538,City of Tell City - (IN),Y,IN,Perry
2024,18541,City of Tenakee Springs - (AK),Y,AK,Skagway Hoonah Angoon
2024,18546,Town of Templeton - (MA),Y,MA,Worcester
2024,18642,Tennessee Valley Authority,,GA,Walker
2024,18642,Tennessee Valley Authority,,KY,Marshall
2024,18642,Tennessee Valley Authority,,NC,Graham
2024,18643,Tennessee Valley Electric Coop,,TN,Hardin
2024,18643,Tennessee Valley Electric Coop,,TN,Wayne
2024,18805,Town of Thatcher- (AZ),Y,AZ,Graham
2024,18806,City of Thayer - (MO),Y,MO,Oregon
2024,18813,Village of Theresa - (NY),Y,NY,Jefferson
2024,18820,City of Thief River Falls,Y,MN,Pennington
2024,18847,City of Thomaston - (GA),Y,GA,Upson
2024,18848,City of Thomasville - (GA),,GA,Grady
2024,18848,City of Thomasville - (GA),,GA,Thomas
2024,18887,City of Thorntown - (IN),Y,IN,Boone
2024,18895,Thumb Electric Coop of Mich,Y,MI,Huron
2024,18895,Thumb Electric Coop of Mich,Y,MI,Sanilac
2024,18895,Thumb Electric Coop of Mich,Y,MI,Tuscola
2024,18901,Thurmont Municipal Light Co,Y,MD,Frederick
2024,18917,Tillamook Peoples Utility Dist,,OR,Clatsop
2024,18917,Tillamook Peoples Utility Dist,,OR,Tillamook
2024,18917,Tillamook Peoples Utility Dist,,OR,Yamhill
2024,18933,City of Timpson - (TX),Y,TX,Shelby
2024,18940,Tipmont Rural Elec Member Corp,,IN,Benton
2024,18940,Tipmont Rural Elec Member Corp,,IN,Boone
2024,18940,Tipmont Rural Elec Member Corp,,IN,Carroll
2024,18940,Tipmont Rural Elec Member Corp,,IN,Clinton
2024,18940,Tipmont Rural Elec Member Corp,,IN,Fountain
2024,18940,Tipmont Rural Elec Member Corp,,IN,Montgomery
2024,18940,Tipmont Rural Elec Member Corp,,IN,Tippecanoe
2024,18940,Tipmont Rural Elec Member Corp,,IN,White
2024,18941,City of Tipp City - (OH),Y,OH,Miami
2024,18942,Tipton Municipal Electric Util,Y,IN,Tipton
2024,18943,Tippah Electric Power Assn,,MS,Tippah
2024,18944,Village of Tontogany - (OH),Y,OH,Wood
2024,18945,City of Toronto - (KS),Y,KS,Woodson
2024,18947,City of Tipton - (IA),Y,IA,Cedar
2024,18951,Tishomingo County E P A,,MS,Prentiss
2024,18951,Tishomingo County E P A,,MS,Tishomingo
2024,18954,City of Trenton - (NE),Y,NE,Hitchcock
2024,18955,"Tri-County Electric Coop, Inc (IL)",,IL,Clay
2024,18955,"Tri-County Electric Coop, Inc (IL)",,IL,Clinton
2024,18955,"Tri-County Electric Coop, Inc (IL)",,IL,Franklin
2024,18955,"Tri-County Electric Coop, Inc (IL)",,IL,Hamilton
2024,18955,"Tri-County Electric Coop, Inc (IL)",,IL,Jefferson
2024,18955,"Tri-County Electric Coop, Inc (IL)",,IL,Marion
2024,18955,"Tri-County Electric Coop, Inc (IL)",,IL,Perry
2024,18955,"Tri-County Electric Coop, Inc (IL)",,IL,St Clair
2024,18955,"Tri-County Electric Coop, Inc (IL)",,IL,Washington
2024,18955,"Tri-County Electric Coop, Inc (IL)",,IL,Wayne
2024,18956,Tri-County Elec Member Corp (GA),,GA,Baldwin
2024,18956,Tri-County Elec Member Corp (GA),,GA,Bibb
2024,18956,Tri-County Elec Member Corp (GA),,GA,Jasper
2024,18956,Tri-County Elec Member Corp (GA),,GA,Jones
2024,18956,Tri-County Elec Member Corp (GA),,GA,Morgan
2024,18956,Tri-County Elec Member Corp (GA),,GA,Putnam
2024,18956,Tri-County Elec Member Corp (GA),,GA,Twiggs
2024,18956,Tri-County Elec Member Corp (GA),,GA,Wilkinson
2024,18957,Tri-County Elec Member Corp (NC),,NC,Duplin
2024,18957,Tri-County Elec Member Corp (NC),,NC,Johnston
2024,18957,Tri-County Elec Member Corp (NC),,NC,Jones
2024,18957,Tri-County Elec Member Corp (NC),,NC,Lenoir
2024,18957,Tri-County Elec Member Corp (NC),,NC,Sampson
2024,18957,Tri-County Elec Member Corp (NC),,NC,Wayne
2024,18957,Tri-County Elec Member Corp (NC),,NC,Wilson
2024,18959,City of Troy - (KS),Y,KS,Doniphan
2024,18961,Twin County Electric Pwr Assn,Y,MS,Humphreys
2024,18961,Twin County Electric Pwr Assn,Y,MS,Issaquena
2024,18961,Twin County Electric Pwr Assn,Y,MS,Leflore
2024,18961,Twin County Electric Pwr Assn,Y,MS,Sharkey
2024,18961,Twin County Electric Pwr Assn,Y,MS,Sunflower
2024,18961,Twin County Electric Pwr Assn,Y,MS,Warren
2024,18961,Twin County Electric Pwr Assn,Y,MS,Washington
2024,18962,Twin Valley Electric Coop Inc,Y,KS,Cherokee
2024,18962,Twin Valley Electric Coop Inc,Y,KS,Labette
2024,18962,Twin Valley Electric Coop Inc,Y,KS,Montgomery
2024,18962,Twin Valley Electric Coop Inc,Y,KS,Neosho
2024,18963,"Inside Passage Elec Coop, Inc",Y,AK,Haines
2024,18963,"Inside Passage Elec Coop, Inc",Y,AK,Skagway Hoonah Angoon
2024,18963,"Inside Passage Elec Coop, Inc",Y,AK,Wrangell Petersburg
2024,18976,Trinity Valley Elec Coop Inc,,TX,Anderson
2024,18976,Trinity Valley Elec Coop Inc,,TX,Dallas
2024,18976,Trinity Valley Elec Coop Inc,,TX,Henderson
2024,18976,Trinity Valley Elec Coop Inc,,TX,Hunt
2024,18976,Trinity Valley Elec Coop Inc,,TX,Kaufman
2024,18976,Trinity Valley Elec Coop Inc,,TX,Van Zandt
2024,18997,The Toledo Edison Co,,OH,Defiance
2024,18997,The Toledo Edison Co,,OH,Fulton
2024,18997,The Toledo Edison Co,,OH,Henry
2024,18997,The Toledo Edison Co,,OH,Lucas
2024,18997,The Toledo Edison Co,,OH,Ottawa
2024,18997,The Toledo Edison Co,,OH,Putnam
2024,18997,The Toledo Edison Co,,OH,Sandusky
2024,18997,The Toledo Edison Co,,OH,Seneca
2024,18997,The Toledo Edison Co,,OH,Williams
2024,18997,The Toledo Edison Co,,OH,Wood
2024,19007,Tombigbee Electric Power Assn,,MS,Itawamba
2024,19007,Tombigbee Electric Power Assn,,MS,Lee
2024,19007,Tombigbee Electric Power Assn,,MS,Pontotoc
2024,19007,Tombigbee Electric Power Assn,,MS,Prentiss
2024,19022,Tongue River Electric Coop Inc,Y,MT,Big Horn
2024,19022,Tongue River Electric Coop Inc,Y,MT,Carter
2024,19022,Tongue River Electric Coop Inc,Y,MT,Custer
2024,19022,Tongue River Electric Coop Inc,Y,MT,Dawson
2024,19022,Tongue River Electric Coop Inc,Y,MT,Fallon
2024,19022,Tongue River Electric Coop Inc,Y,MT,Powder River
2024,19022,Tongue River Electric Coop Inc,Y,MT,Prairie
2024,19022,Tongue River Electric Coop Inc,Y,MT,Rosebud
2024,19025,City of Tonkawa - (OK),Y,OK,Kay
2024,19027,"Tombigbee Electric Coop, Inc",Y,AL,Fayette
2024,19027,"Tombigbee Electric Coop, Inc",Y,AL,Lamar
2024,19027,"Tombigbee Electric Coop, Inc",Y,AL,Marion
2024,19032,City of Torrington - (WY),Y,WY,Goshen
2024,19060,"Traverse Electric Coop, Inc",Y,MN,Big Stone
2024,19060,"Traverse Electric Coop, Inc",Y,MN,Grant
2024,19060,"Traverse Electric Coop, Inc",Y,MN,Stevens
2024,19060,"Traverse Electric Coop, Inc",Y,MN,Traverse
2024,19060,"Traverse Electric Coop, Inc",Y,MN,Wilkin
2024,19060,"Traverse Electric Coop, Inc",Y,ND,Richland
2024,19060,"Traverse Electric Coop, Inc",Y,SD,Marshall
2024,19060,"Traverse Electric Coop, Inc",Y,SD,Roberts
2024,19062,City of Traer - (IA),Y,IA,Benton
2024,19062,City of Traer - (IA),Y,IA,Tama
2024,19108,Tideland Electric Member Corp,,NC,Beaufort
2024,19108,Tideland Electric Member Corp,,NC,Craven
2024,19108,Tideland Electric Member Corp,,NC,Dare
2024,19108,Tideland Electric Member Corp,,NC,Hyde
2024,19108,Tideland Electric Member Corp,,NC,Pamlico
2024,19108,Tideland Electric Member Corp,,NC,Washington
2024,19114,Village of Trempealeau - (WI),Y,WI,Trempealeau
2024,19125,City of Traverse City - (MI),,MI,Grand Traverse
2024,19125,City of Traverse City - (MI),,MI,Leelanau
2024,19131,Trinity Public Utilities Dist,Y,CA,Trinity
2024,19149,City of Trenton - (TN),,TN,Gibson
2024,19150,Trenton Municipal Utilities - (MO),Y,MO,Grundy
2024,19154,Tri-State Electric Member Corp,,GA,Fannin
2024,19154,Tri-State Electric Member Corp,,NC,Cherokee
2024,19154,Tri-State Electric Member Corp,,TN,Polk
2024,19156,Powder River Energy Corp,,MT,Big Horn
2024,19156,Powder River Energy Corp,,MT,Powder River
2024,19156,Powder River Energy Corp,,WY,Campbell
2024,19156,Powder River Energy Corp,,WY,Crook
2024,19156,Powder River Energy Corp,,WY,Johnson
2024,19156,Powder River Energy Corp,,WY,Sheridan
2024,19156,Powder River Energy Corp,,WY,Weston
2024,19157,MiEnergy Cooperative,,IA,Allamakee
2024,19157,MiEnergy Cooperative,,IA,Chickasaw
2024,19157,MiEnergy Cooperative,,IA,Fayette
2024,19157,MiEnergy Cooperative,,IA,Howard
2024,19157,MiEnergy Cooperative,,IA,Mitchell
2024,19157,MiEnergy Cooperative,,IA,Winneshiek
2024,19157,MiEnergy Cooperative,,MN,Fillmore
2024,19157,MiEnergy Cooperative,,MN,Houston
2024,19157,MiEnergy Cooperative,,MN,Mower
2024,19157,MiEnergy Cooperative,,MN,Olmsted
2024,19157,MiEnergy Cooperative,,MN,Winona
2024,19158,Tri-County Electric Coop Assn (MO),Y,MO,Adair
2024,19158,Tri-County Electric Coop Assn (MO),Y,MO,Clark
2024,19158,Tri-County Electric Coop Assn (MO),Y,MO,Knox
2024,19158,Tri-County Electric Coop Assn (MO),Y,MO,Macon
2024,19158,Tri-County Electric Coop Assn (MO),Y,MO,Putnam
2024,19158,Tri-County Electric Coop Assn (MO),Y,MO,Schuyler
2024,19158,Tri-County Electric Coop Assn (MO),Y,MO,Scotland
2024,19158,Tri-County Electric Coop Assn (MO),Y,MO,Sullivan
2024,19159,"Tri-County Electric Coop, Inc (TX)",,TX,Archer
2024,19159,"Tri-County Electric Coop, Inc (TX)",,TX,Baylor
2024,19159,"Tri-County Electric Coop, Inc (TX)",,TX,Denton
2024,19159,"Tri-County Electric Coop, Inc (TX)",,TX,Foard
2024,19159,"Tri-County Electric Coop, Inc (TX)",,TX,Haskell
2024,19159,"Tri-County Electric Coop, Inc (TX)",,TX,Hood
2024,19159,"Tri-County Electric Coop, Inc (TX)",,TX,Jack
2024,19159,"Tri-County Electric Coop, Inc (TX)",,TX,King
2024,19159,"Tri-County Electric Coop, Inc (TX)",,TX,Knox
2024,19159,"Tri-County Electric Coop, Inc (TX)",,TX,Palo Pinto
2024,19159,"Tri-County Electric Coop, Inc (TX)",,TX,Parker
2024,19159,"Tri-County Electric Coop, Inc (TX)",,TX,Stonewall
2024,19159,"Tri-County Electric Coop, Inc (TX)",,TX,Tarrant
2024,19159,"Tri-County Electric Coop, Inc (TX)",,TX,Throckmorton
2024,19159,"Tri-County Electric Coop, Inc (TX)",,TX,Wilbarger
2024,19159,"Tri-County Electric Coop, Inc (TX)",,TX,Wise
2024,19160,"Tri-County Electric Coop, Inc (OK)",,CO,Baca
2024,19160,"Tri-County Electric Coop, Inc (OK)",,KS,Morton
2024,19160,"Tri-County Electric Coop, Inc (OK)",,KS,Seward
2024,19160,"Tri-County Electric Coop, Inc (OK)",,NM,Union
2024,19160,"Tri-County Electric Coop, Inc (OK)",,OK,Beaver
2024,19160,"Tri-County Electric Coop, Inc (OK)",,OK,Cimarron
2024,19160,"Tri-County Electric Coop, Inc (OK)",,OK,Texas
2024,19160,"Tri-County Electric Coop, Inc (OK)",,TX,Dallam
2024,19160,"Tri-County Electric Coop, Inc (OK)",,TX,Hansford
2024,19160,"Tri-County Electric Coop, Inc (OK)",,TX,Sherman
2024,19161,"Tri-County Electric Coop, Inc (FL)",,FL,Dixie
2024,19161,"Tri-County Electric Coop, Inc (FL)",,FL,Jefferson
2024,19161,"Tri-County Electric Coop, Inc (FL)",,FL,Madison
2024,19161,"Tri-County Electric Coop, Inc (FL)",,FL,Taylor
2024,19162,Tri-County Elec Member Corp (TN),,KY,Adair
2024,19162,Tri-County Elec Member Corp (TN),,KY,Allen
2024,19162,Tri-County Elec Member Corp (TN),,KY,Barren
2024,19162,Tri-County Elec Member Corp (TN),,KY,Clinton
2024,19162,Tri-County Elec Member Corp (TN),,KY,Cumberland
2024,19162,Tri-County Elec Member Corp (TN),,KY,Harlan
2024,19162,Tri-County Elec Member Corp (TN),,KY,Hopkins
2024,19162,Tri-County Elec Member Corp (TN),,KY,Metcalfe
2024,19162,Tri-County Elec Member Corp (TN),,KY,Monroe
2024,19162,Tri-County Elec Member Corp (TN),,TN,Clay
2024,19162,Tri-County Elec Member Corp (TN),,TN,Jackson
2024,19162,Tri-County Elec Member Corp (TN),,TN,Macon
2024,19162,Tri-County Elec Member Corp (TN),,TN,Overton
2024,19162,Tri-County Elec Member Corp (TN),,TN,Smith
2024,19162,Tri-County Elec Member Corp (TN),,TN,Sumner
2024,19162,Tri-County Elec Member Corp (TN),,TN,Trousdale
2024,19174,Tuolumne County Pub Power Agny,Y,CA,Tuolumne
2024,19176,"Tricounty Rural Elec Coop, Inc - (OH)",Y,OH,Fulton
2024,19176,"Tricounty Rural Elec Coop, Inc - (OH)",Y,OH,Henry
2024,19176,"Tricounty Rural Elec Coop, Inc - (OH)",Y,OH,Lucas
2024,19176,"Tricounty Rural Elec Coop, Inc - (OH)",Y,OH,Putnam
2024,19176,"Tricounty Rural Elec Coop, Inc - (OH)",Y,OH,Wood
2024,19189,Trico Electric Cooperative Inc,,AZ,Pima
2024,19189,Trico Electric Cooperative Inc,,AZ,Pinal
2024,19189,Trico Electric Cooperative Inc,,AZ,Santa Cruz
2024,19204,City of Trinidad - (CO),Y,CO,Las Animas
2024,19219,Diverse Power Incorporated,,AL,Chambers
2024,19219,Diverse Power Incorporated,,GA,Calhoun
2024,19219,Diverse Power Incorporated,,GA,Clay
2024,19219,Diverse Power Incorporated,,GA,Coweta
2024,19219,Diverse Power Incorporated,,GA,Dougherty
2024,19219,Diverse Power Incorporated,,GA,Early
2024,19219,Diverse Power Incorporated,,GA,Harris
2024,19219,Diverse Power Incorporated,,GA,Heard
2024,19219,Diverse Power Incorporated,,GA,Meriwether
2024,19219,Diverse Power Incorporated,,GA,Muscogee
2024,19219,Diverse Power Incorporated,,GA,Quitman
2024,19219,Diverse Power Incorporated,,GA,Randolph
2024,19219,Diverse Power Incorporated,,GA,Stewart
2024,19219,Diverse Power Incorporated,,GA,Terrell
2024,19219,Diverse Power Incorporated,,GA,Troup
2024,19225,City of Troy - (AL),,AL,Pike
2024,19227,City of Troy - (IN),Y,IN,Perry
2024,19227,City of Troy - (IN),Y,IN,Spencer
2024,19229,Truckee Donner P U D,Y,CA,Nevada
2024,19229,Truckee Donner P U D,Y,CA,Placer
2024,19236,City of Troy - (MT),Y,MT,Lincoln
2024,19237,Truman Public Utilities Comm,Y,MN,Martin
2024,19246,City of Truth or Consequences - (NM),Y,NM,Sierra
2024,19264,City of Tulia,Y,TX,Swisher
2024,19266,Tullahoma Board-Public Utils,,TN,Coffee
2024,19266,Tullahoma Board-Public Utils,,TN,Franklin
2024,19266,Tullahoma Board-Public Utils,,TN,Moore
2024,19267,Tuntutuliak Comm Services Assn,Y,AK,Bethel
2024,19273,City of Tupelo - (MS),,MS,Lee
2024,19274,Village of Tupper Lake - (NY),Y,NY,Franklin
2024,19277,TDX North Slope Generating Co,,AK,North Slope
2024,19281,Turlock Irrigation District,,CA,Merced
2024,19281,Turlock Irrigation District,,CA,Stanislaus
2024,19281,Turlock Irrigation District,,CA,Tuolumne
2024,19293,Southeastern Electric Coop Inc - (SD),,SD,Bon Homme
2024,19293,Southeastern Electric Coop Inc - (SD),,SD,Clay
2024,19293,Southeastern Electric Coop Inc - (SD),,SD,Douglas
2024,19293,Southeastern Electric Coop Inc - (SD),,SD,Hanson
2024,19293,Southeastern Electric Coop Inc - (SD),,SD,Hutchinson
2024,19293,Southeastern Electric Coop Inc - (SD),,SD,Lake
2024,19293,Southeastern Electric Coop Inc - (SD),,SD,Lincoln
2024,19293,Southeastern Electric Coop Inc - (SD),,SD,McCook
2024,19293,Southeastern Electric Coop Inc - (SD),,SD,Miner
2024,19293,Southeastern Electric Coop Inc - (SD),,SD,Minnehaha
2024,19293,Southeastern Electric Coop Inc - (SD),,SD,Turner
2024,19293,Southeastern Electric Coop Inc - (SD),,SD,Union
2024,19293,Southeastern Electric Coop Inc - (SD),,SD,Yankton
2024,19307,City of Tuscumbia,,AL,Colbert
2024,19308,City of Tuskegee,Y,AL,Macon
2024,19321,City of Two Harbors- (MN),Y,MN,Lake
2024,19324,Two Rivers Water & Light,,WI,Manitowoc
2024,19325,Umatilla Electric Coop Assn,,OR,Morrow
2024,19325,Umatilla Electric Coop Assn,,OR,Umatilla
2024,19325,Umatilla Electric Coop Assn,,OR,Union
2024,19332,City of Tyler - (MN),Y,MN,Lincoln
2024,19333,City of Tyndall - (SD),Y,SD,Bon Homme
2024,19344,City of Udall - (KS),Y,KS,Cowley
2024,19390,"UGI Utilities, Inc",,PA,Luzerne
2024,19390,"UGI Utilities, Inc",,PA,Wyoming
2024,19396,Tri-County Electric Coop (MI),,MI,Barry
2024,19396,Tri-County Electric Coop (MI),,MI,Clare
2024,19396,Tri-County Electric Coop (MI),,MI,Clinton
2024,19396,Tri-County Electric Coop (MI),,MI,Eaton
2024,19396,Tri-County Electric Coop (MI),,MI,Gratiot
2024,19396,Tri-County Electric Coop (MI),,MI,Ingham
2024,19396,Tri-County Electric Coop (MI),,MI,Ionia
2024,19396,Tri-County Electric Coop (MI),,MI,Isabella
2024,19396,Tri-County Electric Coop (MI),,MI,Jackson
2024,19396,Tri-County Electric Coop (MI),,MI,Mecosta
2024,19396,Tri-County Electric Coop (MI),,MI,Montcalm
2024,19396,Tri-County Electric Coop (MI),,MI,Osceola
2024,19396,Tri-County Electric Coop (MI),,MI,Saginaw
2024,19397,City of Ukiah - (CA),Y,CA,Mendocino
2024,19430,City of Union City,,TN,Obion
2024,19431,City of Union - (SC),Y,SC,Union
2024,19432,Village of Union City - (MI),Y,MI,Branch
2024,19435,Union Electric Membership Corp - (NC),,NC,Cabarrus
2024,19435,Union Electric Membership Corp - (NC),,NC,Mecklenburg
2024,19435,Union Electric Membership Corp - (NC),,NC,Rowan
2024,19435,Union Electric Membership Corp - (NC),,NC,Stanly
2024,19435,Union Electric Membership Corp - (NC),,NC,Union
2024,19436,Union Electric Co - (MO),,MO,Adair
2024,19436,Union Electric Co - (MO),,MO,Audrain
2024,19436,Union Electric Co - (MO),,MO,Bollinger
2024,19436,Union Electric Co - (MO),,MO,Boone
2024,19436,Union Electric Co - (MO),,MO,Butler
2024,19436,Union Electric Co - (MO),,MO,Caldwell
2024,19436,Union Electric Co - (MO),,MO,Callaway
2024,19436,Union Electric Co - (MO),,MO,Camden
2024,19436,Union Electric Co - (MO),,MO,Cape Girardeau
2024,19436,Union Electric Co - (MO),,MO,Chariton
2024,19436,Union Electric Co - (MO),,MO,Clark
2024,19436,Union Electric Co - (MO),,MO,Clay
2024,19436,Union Electric Co - (MO),,MO,Clinton
2024,19436,Union Electric Co - (MO),,MO,Cole
2024,19436,Union Electric Co - (MO),,MO,Cooper
2024,19436,Union Electric Co - (MO),,MO,Crawford
2024,19436,Union Electric Co - (MO),,MO,Daviess
2024,19436,Union Electric Co - (MO),,MO,DeKalb
2024,19436,Union Electric Co - (MO),,MO,Dunklin
2024,19436,Union Electric Co - (MO),,MO,Franklin
2024,19436,Union Electric Co - (MO),,MO,Gasconade
2024,19436,Union Electric Co - (MO),,MO,Gentry
2024,19436,Union Electric Co - (MO),,MO,Howard
2024,19436,Union Electric Co - (MO),,MO,Iron
2024,19436,Union Electric Co - (MO),,MO,Jefferson
2024,19436,Union Electric Co - (MO),,MO,Knox
2024,19436,Union Electric Co - (MO),,MO,Lewis
2024,19436,Union Electric Co - (MO),,MO,Lincoln
2024,19436,Union Electric Co - (MO),,MO,Linn
2024,19436,Union Electric Co - (MO),,MO,Livingston
2024,19436,Union Electric Co - (MO),,MO,Macon
2024,19436,Union Electric Co - (MO),,MO,Madison
2024,19436,Union Electric Co - (MO),,MO,Maries
2024,19436,Union Electric Co - (MO),,MO,Marion
2024,19436,Union Electric Co - (MO),,MO,Miller
2024,19436,Union Electric Co - (MO),,MO,Mississippi
2024,19436,Union Electric Co - (MO),,MO,Moniteau
2024,19436,Union Electric Co - (MO),,MO,Monroe
2024,19436,Union Electric Co - (MO),,MO,Montgomery
2024,19436,Union Electric Co - (MO),,MO,Morgan
2024,19436,Union Electric Co - (MO),,MO,New Madrid
2024,19436,Union Electric Co - (MO),,MO,Osage
2024,19436,Union Electric Co - (MO),,MO,Pemiscot
2024,19436,Union Electric Co - (MO),,MO,Perry
2024,19436,Union Electric Co - (MO),,MO,Pettis
2024,19436,Union Electric Co - (MO),,MO,Phelps
2024,19436,Union Electric Co - (MO),,MO,Pike
2024,19436,Union Electric Co - (MO),,MO,Pulaski
2024,19436,Union Electric Co - (MO),,MO,Ralls
2024,19436,Union Electric Co - (MO),,MO,Randolph
2024,19436,Union Electric Co - (MO),,MO,Ray
2024,19436,Union Electric Co - (MO),,MO,Reynolds
2024,19436,Union Electric Co - (MO),,MO,Saline
2024,19436,Union Electric Co - (MO),,MO,Schuyler
2024,19436,Union Electric Co - (MO),,MO,Scotland
2024,19436,Union Electric Co - (MO),,MO,Scott
2024,19436,Union Electric Co - (MO),,MO,St Charles
2024,19436,Union Electric Co - (MO),,MO,St Francois
2024,19436,Union Electric Co - (MO),,MO,St Louis
2024,19436,Union Electric Co - (MO),,MO,St Louis City
2024,19436,Union Electric Co - (MO),,MO,Ste Genevieve
2024,19436,Union Electric Co - (MO),,MO,Stoddard
2024,19436,Union Electric Co - (MO),,MO,Sullivan
2024,19436,Union Electric Co - (MO),,MO,Warren
2024,19436,Union Electric Co - (MO),,MO,Washington
2024,19437,Western Iowa Power Coop,Y,IA,Audubon
2024,19437,Western Iowa Power Coop,Y,IA,Carroll
2024,19437,Western Iowa Power Coop,Y,IA,Crawford
2024,19437,Western Iowa Power Coop,Y,IA,Harrison
2024,19437,Western Iowa Power Coop,Y,IA,Ida
2024,19437,Western Iowa Power Coop,Y,IA,Monona
2024,19437,Western Iowa Power Coop,Y,IA,Sac
2024,19437,Western Iowa Power Coop,Y,IA,Shelby
2024,19437,Western Iowa Power Coop,Y,IA,Woodbury
2024,19445,"Southern Indiana R E C, Inc",,IN,Dubois
2024,19445,"Southern Indiana R E C, Inc",,IN,Perry
2024,19445,"Southern Indiana R E C, Inc",,IN,Spencer
2024,19445,"Southern Indiana R E C, Inc",,IN,Warrick
2024,19446,Duke Energy Kentucky,,KY,Boone
2024,19446,Duke Energy Kentucky,,KY,Campbell
2024,19446,Duke Energy Kentucky,,KY,Gallatin
2024,19446,Duke Energy Kentucky,,KY,Grant
2024,19446,Duke Energy Kentucky,,KY,Kenton
2024,19446,Duke Energy Kentucky,,KY,Pendleton
2024,19454,City of Unalaska - (AK),Y,AK,Aleutians East
2024,19474,City of Unionville - (MO),Y,MO,Putnam
2024,19490,United Electric Coop Service Inc - (TX),,TX,Bosque
2024,19490,United Electric Coop Service Inc - (TX),,TX,Comanche
2024,19490,United Electric Coop Service Inc - (TX),,TX,Coryell
2024,19490,United Electric Coop Service Inc - (TX),,TX,Eastland
2024,19490,United Electric Coop Service Inc - (TX),,TX,Ellis
2024,19490,United Electric Coop Service Inc - (TX),,TX,Erath
2024,19490,United Electric Coop Service Inc - (TX),,TX,Hamilton
2024,19490,United Electric Coop Service Inc - (TX),,TX,Hood
2024,19490,United Electric Coop Service Inc - (TX),,TX,Johnson
2024,19490,United Electric Coop Service Inc - (TX),,TX,Palo Pinto
2024,19490,United Electric Coop Service Inc - (TX),,TX,Somervell
2024,19490,United Electric Coop Service Inc - (TX),,TX,Stephens
2024,19490,United Electric Coop Service Inc - (TX),,TX,Tarrant
2024,19490,United Electric Coop Service Inc - (TX),,TX,Young
2024,19493,Union County Electric Coop Inc,Y,SD,Union
2024,19497,United Illuminating Co,,CT,Fairfield
2024,19497,United Illuminating Co,,CT,New Haven
2024,19499,"United Power, Inc",,CO,Adams
2024,19499,"United Power, Inc",,CO,Boulder
2024,19499,"United Power, Inc",,CO,Broomfield
2024,19499,"United Power, Inc",,CO,Gilpin
2024,19499,"United Power, Inc",,CO,Jefferson
2024,19499,"United Power, Inc",,CO,Weld
2024,19501,"Union Rural Electric Coop, Inc",,OH,Champaign
2024,19501,"Union Rural Electric Coop, Inc",,OH,Delaware
2024,19501,"Union Rural Electric Coop, Inc",,OH,Hardin
2024,19501,"Union Rural Electric Coop, Inc",,OH,Logan
2024,19501,"Union Rural Electric Coop, Inc",,OH,Marion
2024,19501,"Union Rural Electric Coop, Inc",,OH,Union
2024,19502,"United Electric Co-op, Inc - (ID)",,ID,Cassia
2024,19502,"United Electric Co-op, Inc - (ID)",,ID,Minidoka
2024,19528,University of Illinois,Y,IL,Champaign
2024,19528,University of Illinois,Y,IL,Cook
2024,19545,"Black Hills Power, Inc.",,MT,Carter
2024,19545,"Black Hills Power, Inc.",,MT,Powder River
2024,19545,"Black Hills Power, Inc.",,SD,Butte
2024,19545,"Black Hills Power, Inc.",,SD,Custer
2024,19545,"Black Hills Power, Inc.",,SD,Fall River
2024,19545,"Black Hills Power, Inc.",,SD,Lawrence
2024,19545,"Black Hills Power, Inc.",,SD,Meade
2024,19545,"Black Hills Power, Inc.",,SD,Pennington
2024,19545,"Black Hills Power, Inc.",,WY,Campbell
2024,19545,"Black Hills Power, Inc.",,WY,Crook
2024,19545,"Black Hills Power, Inc.",,WY,Weston
2024,19547,Hawaiian Electric Co Inc,,HI,Honolulu
2024,19558,Homer Electric Assn Inc,,AK,Kenai Peninsula
2024,19574,Upper Cumberland E M C,,TN,Clay
2024,19574,Upper Cumberland E M C,,TN,DeKalb
2024,19574,Upper Cumberland E M C,,TN,Jackson
2024,19574,Upper Cumberland E M C,,TN,Macon
2024,19574,Upper Cumberland E M C,,TN,Overton
2024,19574,Upper Cumberland E M C,,TN,Pickett
2024,19574,Upper Cumberland E M C,,TN,Putnam
2024,19574,Upper Cumberland E M C,,TN,Smith
2024,19574,Upper Cumberland E M C,,TN,White
2024,19578,Upper Peninsula Power Company,,MI,Alger
2024,19578,Upper Peninsula Power Company,,MI,Baraga
2024,19578,Upper Peninsula Power Company,,MI,Delta
2024,19578,Upper Peninsula Power Company,,MI,Dickinson
2024,19578,Upper Peninsula Power Company,,MI,Houghton
2024,19578,Upper Peninsula Power Company,,MI,Iron
2024,19578,Upper Peninsula Power Company,,MI,Keweenaw
2024,19578,Upper Peninsula Power Company,,MI,Marquette
2024,19578,Upper Peninsula Power Company,,MI,Menominee
2024,19578,Upper Peninsula Power Company,,MI,Ontonagon
2024,19578,Upper Peninsula Power Company,,MI,Schoolcraft
2024,19579,Upshur Rural Elec Coop Corp,,TX,Camp
2024,19579,Upshur Rural Elec Coop Corp,,TX,Cass
2024,19579,Upshur Rural Elec Coop Corp,,TX,Gregg
2024,19579,Upshur Rural Elec Coop Corp,,TX,Harrison
2024,19579,Upshur Rural Elec Coop Corp,,TX,Marion
2024,19579,Upshur Rural Elec Coop Corp,,TX,Morris
2024,19579,Upshur Rural Elec Coop Corp,,TX,Rusk
2024,19579,Upshur Rural Elec Coop Corp,,TX,Smith
2024,19579,Upshur Rural Elec Coop Corp,,TX,Upshur
2024,19579,Upshur Rural Elec Coop Corp,,TX,Wood
2024,19581,Upson Elec Member Corp,Y,GA,Crawford
2024,19581,Upson Elec Member Corp,Y,GA,Meriwether
2024,19581,Upson Elec Member Corp,Y,GA,Pike
2024,19581,Upson Elec Member Corp,Y,GA,Talbot
2024,19581,Upson Elec Member Corp,Y,GA,Taylor
2024,19581,Upson Elec Member Corp,Y,GA,Upson
2024,19603,USBIA-Mission Valley Power,,MT,Flathead
2024,19603,USBIA-Mission Valley Power,,MT,Lake
2024,19603,USBIA-Mission Valley Power,,MT,Missoula
2024,19603,USBIA-Mission Valley Power,,MT,Sanders
2024,19604,USBIA-San Carlos Project,,AZ,Gila
2024,19604,USBIA-San Carlos Project,,AZ,Graham
2024,19604,USBIA-San Carlos Project,,AZ,Maricopa
2024,19604,USBIA-San Carlos Project,,AZ,Pima
2024,19604,USBIA-San Carlos Project,,AZ,Pinal
2024,19667,Utilities Dist-Western IN REMC,,IN,Clay
2024,19667,Utilities Dist-Western IN REMC,,IN,Daviess
2024,19667,Utilities Dist-Western IN REMC,,IN,Greene
2024,19667,Utilities Dist-Western IN REMC,,IN,Knox
2024,19667,Utilities Dist-Western IN REMC,,IN,Lawrence
2024,19667,Utilities Dist-Western IN REMC,,IN,Martin
2024,19667,Utilities Dist-Western IN REMC,,IN,Monroe
2024,19667,Utilities Dist-Western IN REMC,,IN,Owen
2024,19667,Utilities Dist-Western IN REMC,,IN,Putnam
2024,19667,Utilities Dist-Western IN REMC,,IN,Sullivan
2024,19667,Utilities Dist-Western IN REMC,,IN,Vigo
2024,19677,City of Valentine - (NE),Y,NE,Cherry
2024,19687,City of Valley City,Y,ND,Barnes
2024,19702,Van Buren Light & Power Dist,Y,ME,Aroostook
2024,19716,City of Vanceburg,Y,KY,Lewis
2024,19719,City of Yale - (OK),Y,OK,Payne
2024,19722,City of Vandalia - (MO),Y,MO,Audrain
2024,19728,"UNS Electric, Inc",,AZ,Mohave
2024,19728,"UNS Electric, Inc",,AZ,Santa Cruz
2024,19771,Town of Veedersburg - (IN),Y,IN,Fountain
2024,19784,Vera Irrigation District #15,,WA,Spokane
2024,19785,Verdigris Valley Elec Coop Inc,,OK,Nowata
2024,19785,Verdigris Valley Elec Coop Inc,,OK,Osage
2024,19785,Verdigris Valley Elec Coop Inc,,OK,Rogers
2024,19785,Verdigris Valley Elec Coop Inc,,OK,Tulsa
2024,19785,Verdigris Valley Elec Coop Inc,,OK,Washington
2024,19788,City of Vermillion - (SD),Y,SD,Clay
2024,19790,Verendrye Electric Coop Inc,,ND,Bottineau
2024,19790,Verendrye Electric Coop Inc,,ND,McHenry
2024,19790,Verendrye Electric Coop Inc,,ND,McLean
2024,19790,Verendrye Electric Coop Inc,,ND,Mountrail
2024,19790,Verendrye Electric Coop Inc,,ND,Pierce
2024,19790,Verendrye Electric Coop Inc,,ND,Renville
2024,19790,Verendrye Electric Coop Inc,,ND,Sheridan
2024,19790,Verendrye Electric Coop Inc,,ND,Ward
2024,19790,Verendrye Electric Coop Inc,,ND,Wells
2024,19791,"Vermont Electric Cooperative, Inc",,VT,Addison
2024,19791,"Vermont Electric Cooperative, Inc",,VT,Caledonia
2024,19791,"Vermont Electric Cooperative, Inc",,VT,Chittenden
2024,19791,"Vermont Electric Cooperative, Inc",,VT,Essex
2024,19791,"Vermont Electric Cooperative, Inc",,VT,Franklin
2024,19791,"Vermont Electric Cooperative, Inc",,VT,Grand Isle
2024,19791,"Vermont Electric Cooperative, Inc",,VT,Lamoille
2024,19791,"Vermont Electric Cooperative, Inc",,VT,Orleans
2024,19798,City of Vernon,,CA,Los Angeles
2024,19805,Village of Versailles - (OH),Y,OH,Darke
2024,19806,"Victoria Electric Coop, Inc",,TX,Calhoun
2024,19806,"Victoria Electric Coop, Inc",,TX,DeWitt
2024,19806,"Victoria Electric Coop, Inc",,TX,Goliad
2024,19806,"Victoria Electric Coop, Inc",,TX,Jackson
2024,19806,"Victoria Electric Coop, Inc",,TX,Refugio
2024,19806,"Victoria Electric Coop, Inc",,TX,Victoria
2024,19813,Vernon Electric Coop,Y,WI,Crawford
2024,19813,Vernon Electric Coop,Y,WI,Juneau
2024,19813,Vernon Electric Coop,Y,WI,La Crosse
2024,19813,Vernon Electric Coop,Y,WI,Monroe
2024,19813,Vernon Electric Coop,Y,WI,Richland
2024,19813,Vernon Electric Coop,Y,WI,Sauk
2024,19813,Vernon Electric Coop,Y,WI,Vernon
2024,19820,Victory Electric Coop Assn Inc,,KS,Clark
2024,19820,Victory Electric Coop Assn Inc,,KS,Edwards
2024,19820,Victory Electric Coop Assn Inc,,KS,Finney
2024,19820,Victory Electric Coop Assn Inc,,KS,Ford
2024,19820,Victory Electric Coop Assn Inc,,KS,Gray
2024,19820,Victory Electric Coop Assn Inc,,KS,Haskell
2024,19820,Victory Electric Coop Assn Inc,,KS,Hodgeman
2024,19820,Victory Electric Coop Assn Inc,,KS,Kiowa
2024,19820,Victory Electric Coop Assn Inc,,KS,Meade
2024,19828,Town of Vidalia - (LA),Y,LA,Concordia
2024,19840,"Valley Electric Assn, Inc",,CA,Inyo
2024,19840,"Valley Electric Assn, Inc",,CA,Mono
2024,19840,"Valley Electric Assn, Inc",,NV,Clark
2024,19840,"Valley Electric Assn, Inc",,NV,Esmeralda
2024,19840,"Valley Electric Assn, Inc",,NV,Nye
2024,19843,City of Villisca - (IA),Y,IA,Montgomery
2024,19856,City of Vineland - (NJ),,NJ,Cumberland
2024,19865,City of Vinton - (IA),Y,IA,Benton
2024,19866,Town of Vinton - (LA),Y,LA,Calcasieu
2024,19867,Village of Viola - (WI),Y,WI,Richland
2024,19867,Village of Viola - (WI),Y,WI,Vernon
2024,19869,Vinton Public Power Authority,,LA,Calcasieu
2024,19876,Virginia Electric & Power Co,,NC,Beaufort
2024,19876,Virginia Electric & Power Co,,NC,Bertie
2024,19876,Virginia Electric & Power Co,,NC,Brunswick
2024,19876,Virginia Electric & Power Co,,NC,Cabarrus
2024,19876,Virginia Electric & Power Co,,NC,Camden
2024,19876,Virginia Electric & Power Co,,NC,Chowan
2024,19876,Virginia Electric & Power Co,,NC,Cumberland
2024,19876,Virginia Electric & Power Co,,NC,Currituck
2024,19876,Virginia Electric & Power Co,,NC,Dare
2024,19876,Virginia Electric & Power Co,,NC,Edgecombe
2024,19876,Virginia Electric & Power Co,,NC,Gates
2024,19876,Virginia Electric & Power Co,,NC,Granville
2024,19876,Virginia Electric & Power Co,,NC,Halifax
2024,19876,Virginia Electric & Power Co,,NC,Hertford
2024,19876,Virginia Electric & Power Co,,NC,Hyde
2024,19876,Virginia Electric & Power Co,,NC,Martin
2024,19876,Virginia Electric & Power Co,,NC,Nash
2024,19876,Virginia Electric & Power Co,,NC,Northampton
2024,19876,Virginia Electric & Power Co,,NC,Pasquotank
2024,19876,Virginia Electric & Power Co,,NC,Perquimans
2024,19876,Virginia Electric & Power Co,,NC,Person
2024,19876,Virginia Electric & Power Co,,NC,Pitt
2024,19876,Virginia Electric & Power Co,,NC,Tyrrell
2024,19876,Virginia Electric & Power Co,,NC,Warren
2024,19876,Virginia Electric & Power Co,,NC,Washington
2024,19876,Virginia Electric & Power Co,,VA,Accomack
2024,19876,Virginia Electric & Power Co,,VA,Albemarle
2024,19876,Virginia Electric & Power Co,,VA,Alexandria City
2024,19876,Virginia Electric & Power Co,,VA,Alleghany
2024,19876,Virginia Electric & Power Co,,VA,Amelia
2024,19876,Virginia Electric & Power Co,,VA,Amherst
2024,19876,Virginia Electric & Power Co,,VA,Appomattox
2024,19876,Virginia Electric & Power Co,,VA,Arlington
2024,19876,Virginia Electric & Power Co,,VA,Augusta
2024,19876,Virginia Electric & Power Co,,VA,Bath
2024,19876,Virginia Electric & Power Co,,VA,Bedford
2024,19876,Virginia Electric & Power Co,,VA,Bedford City
2024,19876,Virginia Electric & Power Co,,VA,Botetourt
2024,19876,Virginia Electric & Power Co,,VA,Bristol City
2024,19876,Virginia Electric & Power Co,,VA,Brunswick
2024,19876,Virginia Electric & Power Co,,VA,Buchanan
2024,19876,Virginia Electric & Power Co,,VA,Buckingham
2024,19876,Virginia Electric & Power Co,,VA,Buena Vista City
2024,19876,Virginia Electric & Power Co,,VA,Campbell
2024,19876,Virginia Electric & Power Co,,VA,Caroline
2024,19876,Virginia Electric & Power Co,,VA,Carroll
2024,19876,Virginia Electric & Power Co,,VA,Charles City
2024,19876,Virginia Electric & Power Co,,VA,Charlotte
2024,19876,Virginia Electric & Power Co,,VA,Charlottesville City
2024,19876,Virginia Electric & Power Co,,VA,Chesapeake City
2024,19876,Virginia Electric & Power Co,,VA,Chesterfield
2024,19876,Virginia Electric & Power Co,,VA,Clarke
2024,19876,Virginia Electric & Power Co,,VA,Colonial Heights City
2024,19876,Virginia Electric & Power Co,,VA,Covington City
2024,19876,Virginia Electric & Power Co,,VA,Culpeper
2024,19876,Virginia Electric & Power Co,,VA,Cumberland
2024,19876,Virginia Electric & Power Co,,VA,Dinwiddie
2024,19876,Virginia Electric & Power Co,,VA,Emporia City
2024,19876,Virginia Electric & Power Co,,VA,Essex
2024,19876,Virginia Electric & Power Co,,VA,Fairfax
2024,19876,Virginia Electric & Power Co,,VA,Fairfax City
2024,19876,Virginia Electric & Power Co,,VA,Falls Church City
2024,19876,Virginia Electric & Power Co,,VA,Fauquier
2024,19876,Virginia Electric & Power Co,,VA,Fluvanna
2024,19876,Virginia Electric & Power Co,,VA,Franklin
2024,19876,Virginia Electric & Power Co,,VA,Fredericksburg City
2024,19876,Virginia Electric & Power Co,,VA,Gloucester
2024,19876,Virginia Electric & Power Co,,VA,Goochland
2024,19876,Virginia Electric & Power Co,,VA,Greene
2024,19876,Virginia Electric & Power Co,,VA,Greensville
2024,19876,Virginia Electric & Power Co,,VA,Halifax
2024,19876,Virginia Electric & Power Co,,VA,Hampton City
2024,19876,Virginia Electric & Power Co,,VA,Hanover
2024,19876,Virginia Electric & Power Co,,VA,Harrisonburg City
2024,19876,Virginia Electric & Power Co,,VA,Henrico
2024,19876,Virginia Electric & Power Co,,VA,Henry
2024,19876,Virginia Electric & Power Co,,VA,Hopewell City
2024,19876,Virginia Electric & Power Co,,VA,Isle of Wight
2024,19876,Virginia Electric & Power Co,,VA,James City
2024,19876,Virginia Electric & Power Co,,VA,King George
2024,19876,Virginia Electric & Power Co,,VA,King William
2024,19876,Virginia Electric & Power Co,,VA,King and Queen
2024,19876,Virginia Electric & Power Co,,VA,Lancaster
2024,19876,Virginia Electric & Power Co,,VA,Lexington City
2024,19876,Virginia Electric & Power Co,,VA,Loudoun
2024,19876,Virginia Electric & Power Co,,VA,Louisa
2024,19876,Virginia Electric & Power Co,,VA,Lunenburg
2024,19876,Virginia Electric & Power Co,,VA,Madison
2024,19876,Virginia Electric & Power Co,,VA,Manassas City
2024,19876,Virginia Electric & Power Co,,VA,Manassas Park City
2024,19876,Virginia Electric & Power Co,,VA,Mathews
2024,19876,Virginia Electric & Power Co,,VA,Mecklenburg
2024,19876,Virginia Electric & Power Co,,VA,Middlesex
2024,19876,Virginia Electric & Power Co,,VA,Nelson
2024,19876,Virginia Electric & Power Co,,VA,New Kent
2024,19876,Virginia Electric & Power Co,,VA,Newport News City
2024,19876,Virginia Electric & Power Co,,VA,Norfolk City
2024,19876,Virginia Electric & Power Co,,VA,Northumberland
2024,19876,Virginia Electric & Power Co,,VA,Nottoway
2024,19876,Virginia Electric & Power Co,,VA,Orange
2024,19876,Virginia Electric & Power Co,,VA,Page
2024,19876,Virginia Electric & Power Co,,VA,Petersburg City
2024,19876,Virginia Electric & Power Co,,VA,Pittsylvania
2024,19876,Virginia Electric & Power Co,,VA,Poquoson City
2024,19876,Virginia Electric & Power Co,,VA,Portsmouth City
2024,19876,Virginia Electric & Power Co,,VA,Powhatan
2024,19876,Virginia Electric & Power Co,,VA,Prince Edward
2024,19876,Virginia Electric & Power Co,,VA,Prince George
2024,19876,Virginia Electric & Power Co,,VA,Prince William
2024,19876,Virginia Electric & Power Co,,VA,Rappahannock
2024,19876,Virginia Electric & Power Co,,VA,Richmond
2024,19876,Virginia Electric & Power Co,,VA,Richmond City
2024,19876,Virginia Electric & Power Co,,VA,Rockbridge
2024,19876,Virginia Electric & Power Co,,VA,Rockingham
2024,19876,Virginia Electric & Power Co,,VA,Shenandoah
2024,19876,Virginia Electric & Power Co,,VA,Southampton
2024,19876,Virginia Electric & Power Co,,VA,Spotsylvania
2024,19876,Virginia Electric & Power Co,,VA,Stafford
2024,19876,Virginia Electric & Power Co,,VA,Staunton City
2024,19876,Virginia Electric & Power Co,,VA,Suffolk City
2024,19876,Virginia Electric & Power Co,,VA,Surry
2024,19876,Virginia Electric & Power Co,,VA,Sussex
2024,19876,Virginia Electric & Power Co,,VA,Tazewell
2024,19876,Virginia Electric & Power Co,,VA,Virginia Beach City
2024,19876,Virginia Electric & Power Co,,VA,Warren
2024,19876,Virginia Electric & Power Co,,VA,Waynesboro City
2024,19876,Virginia Electric & Power Co,,VA,Westmoreland
2024,19876,Virginia Electric & Power Co,,VA,Williamsburg City
2024,19876,Virginia Electric & Power Co,,VA,York
2024,19882,Virginia Tech Electric Service,,VA,Montgomery
2024,19883,City of Virginia - (MN),Y,MN,St Louis
2024,19896,City of Volga - (SD),,SD,Brookings
2024,19898,Volunteer Electric Coop,,TN,Bledsoe
2024,19898,Volunteer Electric Coop,,TN,Bradley
2024,19898,Volunteer Electric Coop,,TN,Cumberland
2024,19898,Volunteer Electric Coop,,TN,Fentress
2024,19898,Volunteer Electric Coop,,TN,Hamilton
2024,19898,Volunteer Electric Coop,,TN,McMinn
2024,19898,Volunteer Electric Coop,,TN,Meigs
2024,19898,Volunteer Electric Coop,,TN,Overton
2024,19898,Volunteer Electric Coop,,TN,Pickett
2024,19898,Volunteer Electric Coop,,TN,Polk
2024,19898,Volunteer Electric Coop,,TN,Putnam
2024,19898,Volunteer Electric Coop,,TN,Rhea
2024,19898,Volunteer Electric Coop,,TN,Roane
2024,19898,Volunteer Electric Coop,,TN,Scott
2024,19898,Volunteer Electric Coop,,TN,White
2024,19947,City of Wadena - (MN),Y,MN,Otter Tail
2024,19947,City of Wadena - (MN),Y,MN,Wadena
2024,19951,City of Wadsworth - (OH),,OH,Medina
2024,19951,City of Wadsworth - (OH),,OH,Summit
2024,19952,City of Waelder - (TX),Y,TX,Gonzales
2024,19968,City of Wahoo - (NE),Y,NE,Saunders
2024,19974,Town of Wake Forest - (NC),Y,NC,Wake
2024,19975,City of Wakefield - (MI),Y,MI,Gogebic
2024,19978,Town of Wakefield - (VA),Y,VA,Sussex
2024,19979,Town of Wakefield - (MA),Y,MA,Middlesex
2024,19980,City of Wakefield - (NE),Y,NE,Dixon
2024,19980,City of Wakefield - (NE),Y,NE,Wayne
2024,19981,Wake Electric Membership Corp,,NC,Durham
2024,19981,Wake Electric Membership Corp,,NC,Franklin
2024,19981,Wake Electric Membership Corp,,NC,Granville
2024,19981,Wake Electric Membership Corp,,NC,Johnston
2024,19981,Wake Electric Membership Corp,,NC,Nash
2024,19981,Wake Electric Membership Corp,,NC,Vance
2024,19981,Wake Electric Membership Corp,,NC,Wake
2024,20021,Town of Walkerton - (IN),Y,IN,St Joseph
2024,20025,City of Wall Lake - (IA),Y,IA,Sac
2024,20038,Town of Wallingford - (CT),,CT,New Haven
2024,20061,Walters Public Works Authority,Y,OK,Cotton
2024,20063,Village of Walthill - (NE),Y,NE,Thurston
2024,20065,Walton Electric Member Corp,,GA,Barrow
2024,20065,Walton Electric Member Corp,,GA,Clarke
2024,20065,Walton Electric Member Corp,,GA,DeKalb
2024,20065,Walton Electric Member Corp,,GA,Greene
2024,20065,Walton Electric Member Corp,,GA,Gwinnett
2024,20065,Walton Electric Member Corp,,GA,Morgan
2024,20065,Walton Electric Member Corp,,GA,Newton
2024,20065,Walton Electric Member Corp,,GA,Oconee
2024,20065,Walton Electric Member Corp,,GA,Rockdale
2024,20065,Walton Electric Member Corp,,GA,Walton
2024,20069,City of Wamego - (KS),Y,KS,Pottawatomie
2024,20070,Borough of Wampum,Y,PA,Lawrence
2024,20071,Town of Walstonburg,Y,NC,Greene
2024,20077,City of Wapakoneta - (OH),Y,OH,Auglaize
2024,20110,City of Warren - (MN),Y,MN,Marshall
2024,20111,Warren County Rural E M C,Y,IN,Benton
2024,20111,Warren County Rural E M C,Y,IN,Tippecanoe
2024,20111,Warren County Rural E M C,Y,IN,Vermillion
2024,20111,Warren County Rural E M C,Y,IN,Warren
2024,20111,Warren County Rural E M C,Y,IN,White
2024,20122,Town of Warren - (IN),Y,IN,Huntington
2024,20130,Warren Rural Elec Coop Corp,,KY,Barren
2024,20130,Warren Rural Elec Coop Corp,,KY,Butler
2024,20130,Warren Rural Elec Coop Corp,,KY,Edmonson
2024,20130,Warren Rural Elec Coop Corp,,KY,Grayson
2024,20130,Warren Rural Elec Coop Corp,,KY,Logan
2024,20130,Warren Rural Elec Coop Corp,,KY,Ohio
2024,20130,Warren Rural Elec Coop Corp,,KY,Simpson
2024,20130,Warren Rural Elec Coop Corp,,KY,Warren
2024,20134,City of Warroad,Y,MN,Roseau
2024,20135,City of Washington - (UT),Y,UT,Washington
2024,20136,City of Waseca - (MN),Y,MN,Waseca
2024,20138,"Wasco Electric Coop, Inc",Y,OR,Gilliam
2024,20138,"Wasco Electric Coop, Inc",Y,OR,Jefferson
2024,20138,"Wasco Electric Coop, Inc",Y,OR,Sherman
2024,20138,"Wasco Electric Coop, Inc",Y,OR,Wasco
2024,20138,"Wasco Electric Coop, Inc",Y,OR,Wheeler
2024,20139,City of Washington - (IN),Y,IN,Daviess
2024,20140,City of Washington - (GA),,GA,Wilkes
2024,20141,City of Washington - (KS),Y,KS,Washington
2024,20142,City of Washington - (NC),,NC,Beaufort
2024,20142,City of Washington - (NC),,NC,Martin
2024,20142,City of Washington - (NC),,NC,Pitt
2024,20146,Washington Elec Member Corp,,GA,Baldwin
2024,20146,Washington Elec Member Corp,,GA,Emanuel
2024,20146,Washington Elec Member Corp,,GA,Glascock
2024,20146,Washington Elec Member Corp,,GA,Hancock
2024,20146,Washington Elec Member Corp,,GA,Jefferson
2024,20146,Washington Elec Member Corp,,GA,Johnson
2024,20146,Washington Elec Member Corp,,GA,Laurens
2024,20146,Washington Elec Member Corp,,GA,Warren
2024,20146,Washington Elec Member Corp,,GA,Washington
2024,20146,Washington Elec Member Corp,,GA,Wilkinson
2024,20150,Washington Electric Coop - (OH),Y,OH,Athens
2024,20150,Washington Electric Coop - (OH),Y,OH,Guernsey
2024,20150,Washington Electric Coop - (OH),Y,OH,Monroe
2024,20150,Washington Electric Coop - (OH),Y,OH,Morgan
2024,20150,Washington Electric Coop - (OH),Y,OH,Noble
2024,20150,Washington Electric Coop - (OH),Y,OH,Washington
2024,20151,Washington Electric Coop - (VT),Y,VT,Caledonia
2024,20151,Washington Electric Coop - (VT),Y,VT,Orange
2024,20151,Washington Electric Coop - (VT),Y,VT,Orleans
2024,20151,Washington Electric Coop - (VT),Y,VT,Washington
2024,20153,"Washington Island El Coop, Inc",Y,WI,Door
2024,20163,Wagoner Public Works Authority,Y,OK,Wagoner
2024,20169,Avista Corp,,ID,Benewah
2024,20169,Avista Corp,,ID,Bonner
2024,20169,Avista Corp,,ID,Clearwater
2024,20169,Avista Corp,,ID,Idaho
2024,20169,Avista Corp,,ID,Kootenai
2024,20169,Avista Corp,,ID,Latah
2024,20169,Avista Corp,,ID,Lewis
2024,20169,Avista Corp,,ID,Nez Perce
2024,20169,Avista Corp,,ID,Shoshone
2024,20169,Avista Corp,,MT,Sanders
2024,20169,Avista Corp,,WA,Adams
2024,20169,Avista Corp,,WA,Asotin
2024,20169,Avista Corp,,WA,Ferry
2024,20169,Avista Corp,,WA,Grant
2024,20169,Avista Corp,,WA,Lincoln
2024,20169,Avista Corp,,WA,Pend Oreille
2024,20169,Avista Corp,,WA,Spokane
2024,20169,Avista Corp,,WA,Stevens
2024,20169,Avista Corp,,WA,Whitman
2024,20176,City of Water Valley - (MS),,MS,Yalobusha
2024,20180,City of Waterloo - (IL),Y,IL,Monroe
2024,20182,Waterloo Light & Water Comm,,WI,Jefferson
2024,20187,Watertown Municipal Utilities,,SD,Codington
2024,20189,City of Waterville - (KS),Y,KS,Marshall
2024,20192,City of Wathena - (KS),Y,KS,Doniphan
2024,20193,Village of Watkins Glen - (NY),Y,NY,Schuyler
2024,20196,City of Watonga - (OK),Y,OK,Blaine
2024,20206,Borough of Watsontown - (PA),Y,PA,Northumberland
2024,20209,City of Wauchula - (FL),Y,FL,Hardee
2024,20211,Village of Waunakee - (WI),,WI,Dane
2024,20212,Village of Wauneta - (NE),Y,NE,Chase
2024,20213,Waupun Utilities,,WI,Dodge
2024,20213,Waupun Utilities,,WI,Fond Du Lac
2024,20214,Waverly Municipal Elec Utility,Y,IA,Adair
2024,20214,Waverly Municipal Elec Utility,Y,IA,Bremer
2024,20214,Waverly Municipal Elec Utility,Y,IA,Cass
2024,20214,Waverly Municipal Elec Utility,Y,IA,Dallas
2024,20214,Waverly Municipal Elec Utility,Y,IA,Louisa
2024,20214,Waverly Municipal Elec Utility,Y,IA,Madison
2024,20214,Waverly Municipal Elec Utility,Y,IA,Muscatine
2024,20214,Waverly Municipal Elec Utility,Y,IA,Polk
2024,20214,Waverly Municipal Elec Utility,Y,IA,Pottawattamie
2024,20214,Waverly Municipal Elec Utility,Y,IA,Washington
2024,20216,Whitewater Valley Rural EMC,,IN,Dearborn
2024,20216,Whitewater Valley Rural EMC,,IN,Fayette
2024,20216,Whitewater Valley Rural EMC,,IN,Franklin
2024,20216,Whitewater Valley Rural EMC,,IN,Randolph
2024,20216,Whitewater Valley Rural EMC,,IN,Union
2024,20216,Whitewater Valley Rural EMC,,IN,Wayne
2024,20219,City of Wayne,Y,NE,Wayne
2024,20222,Wayne-White Counties Elec Coop,,IL,Clay
2024,20222,Wayne-White Counties Elec Coop,,IL,Edwards
2024,20222,Wayne-White Counties Elec Coop,,IL,Franklin
2024,20222,Wayne-White Counties Elec Coop,,IL,Gallatin
2024,20222,Wayne-White Counties Elec Coop,,IL,Hamilton
2024,20222,Wayne-White Counties Elec Coop,,IL,Jefferson
2024,20222,Wayne-White Counties Elec Coop,,IL,Marion
2024,20222,Wayne-White Counties Elec Coop,,IL,Richland
2024,20222,Wayne-White Counties Elec Coop,,IL,Wabash
2024,20222,Wayne-White Counties Elec Coop,,IL,Wayne
2024,20222,Wayne-White Counties Elec Coop,,IL,White
2024,20223,Village of Waynesfield - (OH),Y,OH,Auglaize
2024,20224,City of Waynesville - (MO),Y,MO,Pulaski
2024,20225,Town of Waynesville - (NC),Y,NC,Haywood
2024,20226,City of Waynetown - (IN),Y,IN,Montgomery
2024,20227,City of Waynoka - (OK),Y,OK,Woods
2024,20228,Weakley County Mun Elec Sys,,TN,Gibson
2024,20228,Weakley County Mun Elec Sys,,TN,Obion
2024,20228,Weakley County Mun Elec Sys,,TN,Weakley
2024,20230,Weatherford Mun Utility System,,TX,Parker
2024,20232,Borough of Weatherly - (PA),Y,PA,Carbon
2024,20259,City of Webster City - (IA),Y,IA,Hamilton
2024,20297,City of Weiser - (ID),Y,ID,Washington
2024,20310,Town of Wellesley - (MA),,MA,Norfolk
2024,20313,Village of Wellington - (OH),Y,OH,Lorain
2024,20315,City of Wellington - (KS),Y,KS,Sumner
2024,20318,Webster Electric Coop,,MO,Christian
2024,20318,Webster Electric Coop,,MO,Dallas
2024,20318,Webster Electric Coop,,MO,Douglas
2024,20318,Webster Electric Coop,,MO,Greene
2024,20318,Webster Electric Coop,,MO,Laclede
2024,20318,Webster Electric Coop,,MO,Webster
2024,20318,Webster Electric Coop,,MO,Wright
2024,20326,Town of West Boylston - (MA),Y,MA,Worcester
2024,20331,City of Weimar - (TX),Y,TX,Colorado
2024,20332,Wells Rural Electric Co,,NV,Elko
2024,20332,Wells Rural Electric Co,,NV,Eureka
2024,20332,Wells Rural Electric Co,,UT,Tooele
2024,20334,Wellsborough Electric Co,,PA,Tioga
2024,20337,Village of Wellsville - (NY),Y,NY,Allegany
2024,20343,Town of Welsh - (LA),Y,LA,Jefferson Davis
2024,20359,City of Wessington Springs,Y,SD,Jerauld
2024,20363,West Central Electric Coop Inc - (MO),,MO,Cass
2024,20363,West Central Electric Coop Inc - (MO),,MO,Jackson
2024,20363,West Central Electric Coop Inc - (MO),,MO,Johnson
2024,20363,West Central Electric Coop Inc - (MO),,MO,Lafayette
2024,20363,West Central Electric Coop Inc - (MO),,MO,Pettis
2024,20364,City of West Bend,Y,IA,Humboldt
2024,20364,City of West Bend,Y,IA,Kossuth
2024,20364,City of West Bend,Y,IA,Palo Alto
2024,20368,West Central Electric Coop Inc - (SD),Y,SD,Haakon
2024,20368,West Central Electric Coop Inc - (SD),Y,SD,Jackson
2024,20368,West Central Electric Coop Inc - (SD),Y,SD,Jones
2024,20368,West Central Electric Coop Inc - (SD),Y,SD,Lyman
2024,20368,West Central Electric Coop Inc - (SD),Y,SD,Mellette
2024,20368,West Central Electric Coop Inc - (SD),Y,SD,Stanley
2024,20371,"West Florida El Coop Assn, Inc",,FL,Calhoun
2024,20371,"West Florida El Coop Assn, Inc",,FL,Holmes
2024,20371,"West Florida El Coop Assn, Inc",,FL,Jackson
2024,20371,"West Florida El Coop Assn, Inc",,FL,Washington
2024,20377,West Kentucky Rural E C C,,KY,Calloway
2024,20377,West Kentucky Rural E C C,,KY,Carlisle
2024,20377,West Kentucky Rural E C C,,KY,Graves
2024,20377,West Kentucky Rural E C C,,KY,Hickman
2024,20377,West Kentucky Rural E C C,,KY,Livingston
2024,20377,West Kentucky Rural E C C,,KY,Marshall
2024,20379,Town of Westfield - (IA),Y,IA,Plymouth
2024,20380,City of West Liberty - (IA),Y,IA,Muscatine
2024,20382,City of West Memphis - (AR),,AR,Crittenden
2024,20385,West Oregon Electric Coop Inc,Y,OR,Clatsop
2024,20385,West Oregon Electric Coop Inc,Y,OR,Columbia
2024,20385,West Oregon Electric Coop Inc,Y,OR,Tillamook
2024,20385,West Oregon Electric Coop Inc,Y,OR,Washington
2024,20385,West Oregon Electric Coop Inc,Y,OR,Yamhill
2024,20392,City of West Plains - (MO),Y,MO,Howell
2024,20393,City of West Point - (GA),Y,GA,Harris
2024,20393,City of West Point - (GA),Y,GA,Troup
2024,20394,City of West Point - (MS),,MS,Clay
2024,20396,West Point Utility System,Y,IA,Lee
2024,20397,City of West Point - (NE),Y,NE,Cuming
2024,20401,West River Electric Assn Inc,,SD,Haakon
2024,20401,West River Electric Assn Inc,,SD,Jackson
2024,20401,West River Electric Assn Inc,,SD,Meade
2024,20401,West River Electric Assn Inc,,SD,Oglala Lakota
2024,20401,West River Electric Assn Inc,,SD,Pennington
2024,20401,West River Electric Assn Inc,,SD,Ziebach
2024,20404,AEP Texas North Company,,TX,Archer
2024,20404,AEP Texas North Company,,TX,Baylor
2024,20404,AEP Texas North Company,,TX,Brewster
2024,20404,AEP Texas North Company,,TX,Briscoe
2024,20404,AEP Texas North Company,,TX,Brown
2024,20404,AEP Texas North Company,,TX,Callahan
2024,20404,AEP Texas North Company,,TX,Childress
2024,20404,AEP Texas North Company,,TX,Coke
2024,20404,AEP Texas North Company,,TX,Coleman
2024,20404,AEP Texas North Company,,TX,Concho
2024,20404,AEP Texas North Company,,TX,Cottle
2024,20404,AEP Texas North Company,,TX,Crane
2024,20404,AEP Texas North Company,,TX,Crockett
2024,20404,AEP Texas North Company,,TX,Dickens
2024,20404,AEP Texas North Company,,TX,Eastland
2024,20404,AEP Texas North Company,,TX,Edwards
2024,20404,AEP Texas North Company,,TX,Fisher
2024,20404,AEP Texas North Company,,TX,Foard
2024,20404,AEP Texas North Company,,TX,Gillespie
2024,20404,AEP Texas North Company,,TX,Hall
2024,20404,AEP Texas North Company,,TX,Hardeman
2024,20404,AEP Texas North Company,,TX,Haskell
2024,20404,AEP Texas North Company,,TX,Irion
2024,20404,AEP Texas North Company,,TX,Jeff Davis
2024,20404,AEP Texas North Company,,TX,Jones
2024,20404,AEP Texas North Company,,TX,Kent
2024,20404,AEP Texas North Company,,TX,Kimble
2024,20404,AEP Texas North Company,,TX,King
2024,20404,AEP Texas North Company,,TX,Knox
2024,20404,AEP Texas North Company,,TX,Mason
2024,20404,AEP Texas North Company,,TX,McCulloch
2024,20404,AEP Texas North Company,,TX,Menard
2024,20404,AEP Texas North Company,,TX,Motley
2024,20404,AEP Texas North Company,,TX,Nolan
2024,20404,AEP Texas North Company,,TX,Pecos
2024,20404,AEP Texas North Company,,TX,Presidio
2024,20404,AEP Texas North Company,,TX,Reagan
2024,20404,AEP Texas North Company,,TX,Reeves
2024,20404,AEP Texas North Company,,TX,Runnels
2024,20404,AEP Texas North Company,,TX,Schleicher
2024,20404,AEP Texas North Company,,TX,Shackelford
2024,20404,AEP Texas North Company,,TX,Stephens
2024,20404,AEP Texas North Company,,TX,Sterling
2024,20404,AEP Texas North Company,,TX,Stonewall
2024,20404,AEP Texas North Company,,TX,Sutton
2024,20404,AEP Texas North Company,,TX,Taylor
2024,20404,AEP Texas North Company,,TX,Throckmorton
2024,20404,AEP Texas North Company,,TX,Tom Green
2024,20404,AEP Texas North Company,,TX,Upton
2024,20404,AEP Texas North Company,,TX,Wichita
2024,20404,AEP Texas North Company,,TX,Wilbarger
2024,20413,Mountrail-Williams Elec Coop,,ND,Burke
2024,20413,Mountrail-Williams Elec Coop,,ND,Divide
2024,20413,Mountrail-Williams Elec Coop,,ND,McLean
2024,20413,Mountrail-Williams Elec Coop,,ND,Mountrail
2024,20413,Mountrail-Williams Elec Coop,,ND,Ward
2024,20413,Mountrail-Williams Elec Coop,,ND,Williams
2024,20422,Whetstone Valley Elec Coop Inc,Y,SD,Codington
2024,20422,Whetstone Valley Elec Coop Inc,Y,SD,Deuel
2024,20422,Whetstone Valley Elec Coop Inc,Y,SD,Grant
2024,20422,Whetstone Valley Elec Coop Inc,Y,SD,Roberts
2024,20430,City of Westbrook,Y,MN,Cottonwood
2024,20434,City of Westby,,WI,Vernon
2024,20456,Twin Valleys Public Power Dist,Y,NE,Frontier
2024,20456,Twin Valleys Public Power Dist,Y,NE,Furnas
2024,20456,Twin Valleys Public Power Dist,Y,NE,Gosper
2024,20456,Twin Valleys Public Power Dist,Y,NE,Harlan
2024,20456,Twin Valleys Public Power Dist,Y,NE,Phelps
2024,20456,Twin Valleys Public Power Dist,Y,NE,Red Willow
2024,20466,City of Whalan - (MN),Y,MN,Fillmore
2024,20471,Village of Wharton - (OH),Y,OH,Wyandot
2024,20472,"Wharton County Elec Coop, Inc",,TX,Colorado
2024,20472,"Wharton County Elec Coop, Inc",,TX,Jackson
2024,20472,"Wharton County Elec Coop, Inc",,TX,Matagorda
2024,20472,"Wharton County Elec Coop, Inc",,TX,Wharton
2024,20476,Western Coop Electric Assn Inc,,KS,Barton
2024,20476,Western Coop Electric Assn Inc,,KS,Ellis
2024,20476,Western Coop Electric Assn Inc,,KS,Ellsworth
2024,20476,Western Coop Electric Assn Inc,,KS,Gove
2024,20476,Western Coop Electric Assn Inc,,KS,Graham
2024,20476,Western Coop Electric Assn Inc,,KS,Lincoln
2024,20476,Western Coop Electric Assn Inc,,KS,Ness
2024,20476,Western Coop Electric Assn Inc,,KS,Osborne
2024,20476,Western Coop Electric Assn Inc,,KS,Rooks
2024,20476,Western Coop Electric Assn Inc,,KS,Rush
2024,20476,Western Coop Electric Assn Inc,,KS,Russell
2024,20476,Western Coop Electric Assn Inc,,KS,Sheridan
2024,20476,Western Coop Electric Assn Inc,,KS,Trego
2024,20477,City of Westerville - (OH),,OH,Delaware
2024,20477,City of Westerville - (OH),,OH,Franklin
2024,20480,Village of Westfield - (NY),Y,NY,Chautauqua
2024,20481,City of Westfield - (MA),,MA,Hampden
2024,20490,City of Westminster - (SC),Y,SC,Oconee
2024,20502,City of Wetumka - (OK),Y,OK,Hughes
2024,20506,"Wheatland Rural Elec Assn, Inc",Y,WY,Albany
2024,20506,"Wheatland Rural Elec Assn, Inc",Y,WY,Goshen
2024,20506,"Wheatland Rural Elec Assn, Inc",Y,WY,Laramie
2024,20506,"Wheatland Rural Elec Assn, Inc",Y,WY,Platte
2024,20509,Wheat Belt Public Power Dist,Y,NE,Arthur
2024,20509,Wheat Belt Public Power Dist,Y,NE,Banner
2024,20509,Wheat Belt Public Power Dist,Y,NE,Cheyenne
2024,20509,Wheat Belt Public Power Dist,Y,NE,Deuel
2024,20509,Wheat Belt Public Power Dist,Y,NE,Garden
2024,20509,Wheat Belt Public Power Dist,Y,NE,Keith
2024,20509,Wheat Belt Public Power Dist,Y,NE,Morrill
2024,20510,"Wheatland Electric Coop, Inc",,CO,Cheyenne
2024,20510,"Wheatland Electric Coop, Inc",,CO,Kiowa
2024,20510,"Wheatland Electric Coop, Inc",,CO,Prowers
2024,20510,"Wheatland Electric Coop, Inc",,KS,Barton
2024,20510,"Wheatland Electric Coop, Inc",,KS,Finney
2024,20510,"Wheatland Electric Coop, Inc",,KS,Gray
2024,20510,"Wheatland Electric Coop, Inc",,KS,Greeley
2024,20510,"Wheatland Electric Coop, Inc",,KS,Hamilton
2024,20510,"Wheatland Electric Coop, Inc",,KS,Harper
2024,20510,"Wheatland Electric Coop, Inc",,KS,Kearny
2024,20510,"Wheatland Electric Coop, Inc",,KS,Kingman
2024,20510,"Wheatland Electric Coop, Inc",,KS,Logan
2024,20510,"Wheatland Electric Coop, Inc",,KS,Scott
2024,20510,"Wheatland Electric Coop, Inc",,KS,Wallace
2024,20510,"Wheatland Electric Coop, Inc",,KS,Wichita
2024,20512,Town of Wheatland - (WY),Y,WY,Platte
2024,20521,Wheeling Power Co,,WV,Brooke
2024,20521,Wheeling Power Co,,WV,Marshall
2024,20521,Wheeling Power Co,,WV,Ohio
2024,20521,Wheeling Power Co,,WV,Wetzel
2024,20534,City of Whigham - (GA),Y,GA,Grady
2024,20535,City of White Mountain - (AK),Y,AK,Nome
2024,20574,White River Valley El Coop Inc,,MO,Christian
2024,20574,White River Valley El Coop Inc,,MO,Douglas
2024,20574,White River Valley El Coop Inc,,MO,Ozark
2024,20574,White River Valley El Coop Inc,,MO,Stone
2024,20574,White River Valley El Coop Inc,,MO,Taney
2024,20576,"White River Electric Assn, Inc",,CO,Garfield
2024,20576,"White River Electric Assn, Inc",,CO,Moffat
2024,20576,"White River Electric Assn, Inc",,CO,Rio Blanco
2024,20583,Whitehall Electric Utility,,WI,Trempealeau
2024,20588,City of Whitesboro - (TX),Y,TX,Grayson
2024,20603,Northeastern Rural E M C,,IN,Allen
2024,20603,Northeastern Rural E M C,,IN,Huntington
2024,20603,Northeastern Rural E M C,,IN,Kosciusko
2024,20603,Northeastern Rural E M C,,IN,Noble
2024,20603,Northeastern Rural E M C,,IN,Wabash
2024,20603,Northeastern Rural E M C,,IN,Whitley
2024,20604,City of Whittemore - (IA),Y,IA,Kossuth
2024,20618,Town of Wickenburg,Y,AZ,Maricopa
2024,20632,City of Wilber,Y,NE,Saline
2024,20639,"Wild Rice Electric Coop, Inc",,MN,Becker
2024,20639,"Wild Rice Electric Coop, Inc",,MN,Clay
2024,20639,"Wild Rice Electric Coop, Inc",,MN,Clearwater
2024,20639,"Wild Rice Electric Coop, Inc",,MN,Mahnomen
2024,20639,"Wild Rice Electric Coop, Inc",,MN,Polk
2024,20641,Village of Wilcox - (NE),Y,NE,Kearney
2024,20729,Town of Williamsport - (MD),Y,MD,Washington
2024,20730,City of Williamsport - (IN),Y,IN,Warren
2024,20731,Williamstown Utility Comm,Y,KY,Grant
2024,20735,City of Williston - (FL),Y,FL,Levy
2024,20737,Willmar Municipal Utilities,,MN,Kandiyohi
2024,20739,City of Willow Springs - (MO),Y,MO,Howell
2024,20785,City of Wilson - (NC),,NC,Edgecombe
2024,20785,City of Wilson - (NC),,NC,Greene
2024,20785,City of Wilson - (NC),,NC,Johnston
2024,20785,City of Wilson - (NC),,NC,Nash
2024,20785,City of Wilson - (NC),,NC,Pitt
2024,20785,City of Wilson - (NC),,NC,Wayne
2024,20785,City of Wilson - (NC),,NC,Wilson
2024,20789,City of Wilton - (IA),Y,IA,Cedar
2024,20789,City of Wilton - (IA),Y,IA,Muscatine
2024,20792,Town of Winamac - (IN),Y,IN,Pulaski
2024,20793,City of Winchester - (TN),,TN,Franklin
2024,20806,City of Windom,Y,MN,Cottonwood
2024,20811,Town of Windsor- (NC),Y,NC,Bertie
2024,20813,City of Winfield - (KS),,KS,Cowley
2024,20823,Winner Municipal Utility,Y,SD,Tripp
2024,20824,Village of Winnetka - (IL),Y,IL,Cook
2024,20826,Town of Winnsboro - (SC),Y,SC,Fairfield
2024,20827,City of Winona - (MO),Y,MO,Shannon
2024,20835,City of Winterset - (IA),Y,IA,Madison
2024,20836,City of Winterville - (NC),Y,NC,Pitt
2024,20837,City of Winthrop - (MN),Y,MN,Sibley
2024,20841,"Wiregrass Electric Coop, Inc",,AL,Coffee
2024,20841,"Wiregrass Electric Coop, Inc",,AL,Covington
2024,20841,"Wiregrass Electric Coop, Inc",,AL,Dale
2024,20841,"Wiregrass Electric Coop, Inc",,AL,Geneva
2024,20841,"Wiregrass Electric Coop, Inc",,AL,Henry
2024,20841,"Wiregrass Electric Coop, Inc",,AL,Houston
2024,20844,Wisconsin Dells Electric Util,Y,WI,Adams
2024,20844,Wisconsin Dells Electric Util,Y,WI,Columbia
2024,20844,Wisconsin Dells Electric Util,Y,WI,Sauk
2024,20846,City of Woolstock - (IA),Y,IA,Wright
2024,20847,Wisconsin Electric Power Co,,WI,Brown
2024,20847,Wisconsin Electric Power Co,,WI,Calumet
2024,20847,Wisconsin Electric Power Co,,WI,Columbia
2024,20847,Wisconsin Electric Power Co,,WI,Dane
2024,20847,Wisconsin Electric Power Co,,WI,Dodge
2024,20847,Wisconsin Electric Power Co,,WI,Florence
2024,20847,Wisconsin Electric Power Co,,WI,Fond Du Lac
2024,20847,Wisconsin Electric Power Co,,WI,Forest
2024,20847,Wisconsin Electric Power Co,,WI,Grant
2024,20847,Wisconsin Electric Power Co,,WI,Jefferson
2024,20847,Wisconsin Electric Power Co,,WI,Kenosha
2024,20847,Wisconsin Electric Power Co,,WI,Manitowoc
2024,20847,Wisconsin Electric Power Co,,WI,Marinette
2024,20847,Wisconsin Electric Power Co,,WI,Milwaukee
2024,20847,Wisconsin Electric Power Co,,WI,Oconto
2024,20847,Wisconsin Electric Power Co,,WI,Outagamie
2024,20847,Wisconsin Electric Power Co,,WI,Ozaukee
2024,20847,Wisconsin Electric Power Co,,WI,Racine
2024,20847,Wisconsin Electric Power Co,,WI,Rock
2024,20847,Wisconsin Electric Power Co,,WI,Shawano
2024,20847,Wisconsin Electric Power Co,,WI,Sheboygan
2024,20847,Wisconsin Electric Power Co,,WI,Vilas
2024,20847,Wisconsin Electric Power Co,,WI,Walworth
2024,20847,Wisconsin Electric Power Co,,WI,Washington
2024,20847,Wisconsin Electric Power Co,,WI,Waukesha
2024,20847,Wisconsin Electric Power Co,,WI,Waupaca
2024,20847,Wisconsin Electric Power Co,,WI,Waushara
2024,20847,Wisconsin Electric Power Co,,WI,Winnebago
2024,20848,City of Blue Hill - (NE),Y,NE,Webster
2024,20856,Wisconsin Power & Light Co,,WI,Adams
2024,20856,Wisconsin Power & Light Co,,WI,Calumet
2024,20856,Wisconsin Power & Light Co,,WI,Columbia
2024,20856,Wisconsin Power & Light Co,,WI,Crawford
2024,20856,Wisconsin Power & Light Co,,WI,Dane
2024,20856,Wisconsin Power & Light Co,,WI,Dodge
2024,20856,Wisconsin Power & Light Co,,WI,Fond Du Lac
2024,20856,Wisconsin Power & Light Co,,WI,Grant
2024,20856,Wisconsin Power & Light Co,,WI,Green
2024,20856,Wisconsin Power & Light Co,,WI,Green Lake
2024,20856,Wisconsin Power & Light Co,,WI,Iowa
2024,20856,Wisconsin Power & Light Co,,WI,Jackson
2024,20856,Wisconsin Power & Light Co,,WI,Jefferson
2024,20856,Wisconsin Power & Light Co,,WI,Juneau
2024,20856,Wisconsin Power & Light Co,,WI,Kenosha
2024,20856,Wisconsin Power & Light Co,,WI,Lafayette
2024,20856,Wisconsin Power & Light Co,,WI,Langlade
2024,20856,Wisconsin Power & Light Co,,WI,Manitowoc
2024,20856,Wisconsin Power & Light Co,,WI,Marathon
2024,20856,Wisconsin Power & Light Co,,WI,Marquette
2024,20856,Wisconsin Power & Light Co,,WI,Menominee
2024,20856,Wisconsin Power & Light Co,,WI,Monroe
2024,20856,Wisconsin Power & Light Co,,WI,Oconto
2024,20856,Wisconsin Power & Light Co,,WI,Portage
2024,20856,Wisconsin Power & Light Co,,WI,Richland
2024,20856,Wisconsin Power & Light Co,,WI,Rock
2024,20856,Wisconsin Power & Light Co,,WI,Sauk
2024,20856,Wisconsin Power & Light Co,,WI,Shawano
2024,20856,Wisconsin Power & Light Co,,WI,Sheboygan
2024,20856,Wisconsin Power & Light Co,,WI,Vernon
2024,20856,Wisconsin Power & Light Co,,WI,Walworth
2024,20856,Wisconsin Power & Light Co,,WI,Waupaca
2024,20856,Wisconsin Power & Light Co,,WI,Waushara
2024,20856,Wisconsin Power & Light Co,,WI,Winnebago
2024,20856,Wisconsin Power & Light Co,,WI,Wood
2024,20860,Wisconsin Public Service Corp,,WI,Brown
2024,20860,Wisconsin Public Service Corp,,WI,Calumet
2024,20860,Wisconsin Public Service Corp,,WI,Door
2024,20860,Wisconsin Public Service Corp,,WI,Florence
2024,20860,Wisconsin Public Service Corp,,WI,Fond Du Lac
2024,20860,Wisconsin Public Service Corp,,WI,Forest
2024,20860,Wisconsin Public Service Corp,,WI,Iron
2024,20860,Wisconsin Public Service Corp,,WI,Kewaunee
2024,20860,Wisconsin Public Service Corp,,WI,Langlade
2024,20860,Wisconsin Public Service Corp,,WI,Lincoln
2024,20860,Wisconsin Public Service Corp,,WI,Manitowoc
2024,20860,Wisconsin Public Service Corp,,WI,Marathon
2024,20860,Wisconsin Public Service Corp,,WI,Marinette
2024,20860,Wisconsin Public Service Corp,,WI,Oconto
2024,20860,Wisconsin Public Service Corp,,WI,Oneida
2024,20860,Wisconsin Public Service Corp,,WI,Outagamie
2024,20860,Wisconsin Public Service Corp,,WI,Portage
2024,20860,Wisconsin Public Service Corp,,WI,Shawano
2024,20860,Wisconsin Public Service Corp,,WI,Vilas
2024,20860,Wisconsin Public Service Corp,,WI,Waupaca
2024,20860,Wisconsin Public Service Corp,,WI,Waushara
2024,20860,Wisconsin Public Service Corp,,WI,Winnebago
2024,20862,Wisconsin Rapids W W & L Comm,,WI,Portage
2024,20862,Wisconsin Rapids W W & L Comm,,WI,Wood
2024,20880,City of Wisner,Y,NE,Cuming
2024,20885,Withlacoochee River Elec Coop,,FL,Citrus
2024,20885,Withlacoochee River Elec Coop,,FL,Hernando
2024,20885,Withlacoochee River Elec Coop,,FL,Pasco
2024,20885,Withlacoochee River Elec Coop,,FL,Polk
2024,20885,Withlacoochee River Elec Coop,,FL,Sumter
2024,20910,Wolverine Power Supply Coop,,MI,Allegan
2024,20910,Wolverine Power Supply Coop,,MI,Alpena
2024,20910,Wolverine Power Supply Coop,,MI,Antrim
2024,20910,Wolverine Power Supply Coop,,MI,Barry
2024,20910,Wolverine Power Supply Coop,,MI,Benzie
2024,20910,Wolverine Power Supply Coop,,MI,Cass
2024,20910,Wolverine Power Supply Coop,,MI,Charlevoix
2024,20910,Wolverine Power Supply Coop,,MI,Cheboygan
2024,20910,Wolverine Power Supply Coop,,MI,Clinton
2024,20910,Wolverine Power Supply Coop,,MI,Crawford
2024,20910,Wolverine Power Supply Coop,,MI,Eaton
2024,20910,Wolverine Power Supply Coop,,MI,Emmet
2024,20910,Wolverine Power Supply Coop,,MI,Grand Traverse
2024,20910,Wolverine Power Supply Coop,,MI,Ingham
2024,20910,Wolverine Power Supply Coop,,MI,Ionia
2024,20910,Wolverine Power Supply Coop,,MI,Isabella
2024,20910,Wolverine Power Supply Coop,,MI,Kalamazoo
2024,20910,Wolverine Power Supply Coop,,MI,Kalkaska
2024,20910,Wolverine Power Supply Coop,,MI,Lake
2024,20910,Wolverine Power Supply Coop,,MI,Leelanau
2024,20910,Wolverine Power Supply Coop,,MI,Manistee
2024,20910,Wolverine Power Supply Coop,,MI,Mason
2024,20910,Wolverine Power Supply Coop,,MI,Mecosta
2024,20910,Wolverine Power Supply Coop,,MI,Missaukee
2024,20910,Wolverine Power Supply Coop,,MI,Montcalm
2024,20910,Wolverine Power Supply Coop,,MI,Montmorency
2024,20910,Wolverine Power Supply Coop,,MI,Muskegon
2024,20910,Wolverine Power Supply Coop,,MI,Newaygo
2024,20910,Wolverine Power Supply Coop,,MI,Oceana
2024,20910,Wolverine Power Supply Coop,,MI,Osceola
2024,20910,Wolverine Power Supply Coop,,MI,Otsego
2024,20910,Wolverine Power Supply Coop,,MI,Ottawa
2024,20910,Wolverine Power Supply Coop,,MI,Presque Isle
2024,20913,Town of Wolfeboro - (NH),Y,NH,Belknap
2024,20913,Town of Wolfeboro - (NH),Y,NH,Carroll
2024,20924,Wonewoc Electric & Water Util,Y,WI,Juneau
2024,20927,"Wood County Electric Coop, Inc",,TX,Camp
2024,20927,"Wood County Electric Coop, Inc",,TX,Franklin
2024,20927,"Wood County Electric Coop, Inc",,TX,Hopkins
2024,20927,"Wood County Electric Coop, Inc",,TX,Rains
2024,20927,"Wood County Electric Coop, Inc",,TX,Smith
2024,20927,"Wood County Electric Coop, Inc",,TX,Titus
2024,20927,"Wood County Electric Coop, Inc",,TX,Upshur
2024,20927,"Wood County Electric Coop, Inc",,TX,Van Zandt
2024,20927,"Wood County Electric Coop, Inc",,TX,Wood
2024,20945,City of Wood River- (NE),Y,NE,Hall
2024,20948,Wise Electric Coop Inc,,TX,Clay
2024,20948,Wise Electric Coop Inc,,TX,Cooke
2024,20948,Wise Electric Coop Inc,,TX,Denton
2024,20948,Wise Electric Coop Inc,,TX,Jack
2024,20948,Wise Electric Coop Inc,,TX,Montague
2024,20948,Wise Electric Coop Inc,,TX,Parker
2024,20948,Wise Electric Coop Inc,,TX,Wise
2024,20949,City of Woodbine - (IA),Y,IA,Harrison
2024,20950,Village of Winside - (NE),Y,NE,Wayne
2024,20951,Woodbury County Rural E C A,Y,IA,Cherokee
2024,20951,Woodbury County Rural E C A,Y,IA,Ida
2024,20951,Woodbury County Rural E C A,Y,IA,Monona
2024,20951,Woodbury County Rural E C A,Y,IA,Plymouth
2024,20951,Woodbury County Rural E C A,Y,IA,Woodbury
2024,20963,Woodruff Electric Coop Corp,,AR,Cross
2024,20963,Woodruff Electric Coop Corp,,AR,Lee
2024,20963,Woodruff Electric Coop Corp,,AR,Monroe
2024,20963,Woodruff Electric Coop Corp,,AR,Phillips
2024,20963,Woodruff Electric Coop Corp,,AR,Prairie
2024,20963,Woodruff Electric Coop Corp,,AR,St Francis
2024,20963,Woodruff Electric Coop Corp,,AR,Woodruff
2024,20977,City of Woodsfield - (OH),Y,OH,Monroe
2024,20979,Village of Woodville - (OH),Y,OH,Sandusky
2024,20980,Precinct of Woodsville,Y,NH,Grafton
2024,20996,Wright-Hennepin Coop Elec Assn,,MN,Carver
2024,20996,Wright-Hennepin Coop Elec Assn,,MN,Hennepin
2024,20996,Wright-Hennepin Coop Elec Assn,,MN,McLeod
2024,20996,Wright-Hennepin Coop Elec Assn,,MN,Meeker
2024,20996,Wright-Hennepin Coop Elec Assn,,MN,Sherburne
2024,20996,Wright-Hennepin Coop Elec Assn,,MN,Stearns
2024,20996,Wright-Hennepin Coop Elec Assn,,MN,Wright
2024,20997,Yellowstone Valley Elec Co-op,,MT,Big Horn
2024,20997,Yellowstone Valley Elec Co-op,,MT,Carbon
2024,20997,Yellowstone Valley Elec Co-op,,MT,Musselshell
2024,20997,Yellowstone Valley Elec Co-op,,MT,Stillwater
2024,20997,Yellowstone Valley Elec Co-op,,MT,Treasure
2024,20997,Yellowstone Valley Elec Co-op,,MT,Yellowstone
2024,21002,York Electric Coop Inc,,NC,Gaston
2024,21002,York Electric Coop Inc,,NC,Mecklenburg
2024,21002,York Electric Coop Inc,,SC,Cherokee
2024,21002,York Electric Coop Inc,,SC,Chester
2024,21002,York Electric Coop Inc,,SC,Lancaster
2024,21002,York Electric Coop Inc,,SC,York
2024,21013,City of Worthington - (MN),,MN,Nobles
2024,21015,City of Wrangell - (AK),Y,AK,Wrangell Petersburg
2024,21021,City of Wray,Y,CO,Yuma
2024,21048,Wyandotte Municipal Serv Comm,,MI,Wayne
2024,21056,City of Wymore - (NE),Y,NE,Gage
2024,21066,City of Wynnewood - (OK),Y,OK,Garvin
2024,21075,Y-W Electric Assn Inc,,CO,Washington
2024,21075,Y-W Electric Assn Inc,,CO,Yuma
2024,21075,Y-W Electric Assn Inc,,NE,Dundy
2024,21079,Wyrulec Company,Y,NE,Banner
2024,21079,Wyrulec Company,Y,NE,Scotts Bluff
2024,21079,Wyrulec Company,Y,NE,Sioux
2024,21079,Wyrulec Company,Y,WY,Goshen
2024,21079,Wyrulec Company,Y,WY,Laramie
2024,21079,Wyrulec Company,Y,WY,Platte
2024,21081,Yampa Valley Electric Assn Inc,,CO,Eagle
2024,21081,Yampa Valley Electric Assn Inc,,CO,Grand
2024,21081,Yampa Valley Electric Assn Inc,,CO,Moffat
2024,21081,Yampa Valley Electric Assn Inc,,CO,Rio Blanco
2024,21081,Yampa Valley Electric Assn Inc,,CO,Routt
2024,21081,Yampa Valley Electric Assn Inc,,WY,Carbon
2024,21095,Public Serv Comm of Yazoo City,Y,MS,Yazoo
2024,21101,Village of Yellow Springs - (OH),Y,OH,Greene
2024,21108,City of Yoakum - (TX),Y,TX,DeWitt
2024,21108,City of Yoakum - (TX),Y,TX,Lavaca
2024,21111,Perennial Public Power Dist,,NE,Clay
2024,21111,Perennial Public Power Dist,,NE,Fillmore
2024,21111,Perennial Public Power Dist,,NE,Hamilton
2024,21111,Perennial Public Power Dist,,NE,Seward
2024,21111,Perennial Public Power Dist,,NE,York
2024,21114,Yazoo Valley Elec Power Assn,,MS,Holmes
2024,21114,Yazoo Valley Elec Power Assn,,MS,Humphreys
2024,21114,Yazoo Valley Elec Power Assn,,MS,Issaquena
2024,21114,Yazoo Valley Elec Power Assn,,MS,Sharkey
2024,21114,Yazoo Valley Elec Power Assn,,MS,Warren
2024,21114,Yazoo Valley Elec Power Assn,,MS,Yazoo
2024,21143,City of Yuma - (CO),Y,CO,Yuma
2024,21158,City of Zeeland - (MI),,MI,Ottawa
2024,21160,Borough of Zelienople - (PA),Y,PA,Butler
2024,21244,"Southside Electric Coop, Inc",,VA,Amelia
2024,21244,"Southside Electric Coop, Inc",,VA,Appomattox
2024,21244,"Southside Electric Coop, Inc",,VA,Bedford
2024,21244,"Southside Electric Coop, Inc",,VA,Brunswick
2024,21244,"Southside Electric Coop, Inc",,VA,Buckingham
2024,21244,"Southside Electric Coop, Inc",,VA,Campbell
2024,21244,"Southside Electric Coop, Inc",,VA,Charlotte
2024,21244,"Southside Electric Coop, Inc",,VA,Chesterfield
2024,21244,"Southside Electric Coop, Inc",,VA,Cumberland
2024,21244,"Southside Electric Coop, Inc",,VA,Dinwiddie
2024,21244,"Southside Electric Coop, Inc",,VA,Lunenburg
2024,21244,"Southside Electric Coop, Inc",,VA,Mecklenburg
2024,21244,"Southside Electric Coop, Inc",,VA,Nottoway
2024,21244,"Southside Electric Coop, Inc",,VA,Pittsylvania
2024,21244,"Southside Electric Coop, Inc",,VA,Powhatan
2024,21244,"Southside Electric Coop, Inc",,VA,Prince Edward
2024,21244,"Southside Electric Coop, Inc",,VA,Prince George
2024,21244,"Southside Electric Coop, Inc",,VA,Sussex
2024,21513,"Fergus Electric Coop, Inc",,MT,Blaine
2024,21513,"Fergus Electric Coop, Inc",,MT,Cascade
2024,21513,"Fergus Electric Coop, Inc",,MT,Chouteau
2024,21513,"Fergus Electric Coop, Inc",,MT,Fergus
2024,21513,"Fergus Electric Coop, Inc",,MT,Golden Valley
2024,21513,"Fergus Electric Coop, Inc",,MT,Judith Basin
2024,21513,"Fergus Electric Coop, Inc",,MT,Meagher
2024,21513,"Fergus Electric Coop, Inc",,MT,Musselshell
2024,21513,"Fergus Electric Coop, Inc",,MT,Petroleum
2024,21513,"Fergus Electric Coop, Inc",,MT,Stillwater
2024,21513,"Fergus Electric Coop, Inc",,MT,Sweet Grass
2024,21513,"Fergus Electric Coop, Inc",,MT,Treasure
2024,21513,"Fergus Electric Coop, Inc",,MT,Wheatland
2024,21513,"Fergus Electric Coop, Inc",,MT,Yellowstone
2024,21526,City of Laurens - (SC),Y,SC,Laurens
2024,21533,City of Minneapolis - (KS),Y,KS,Ottawa
2024,21538,"Mohave Electric Cooperative, Inc.",,AZ,Coconino
2024,21538,"Mohave Electric Cooperative, Inc.",,AZ,Mohave
2024,21538,"Mohave Electric Cooperative, Inc.",,AZ,Yavapai
2024,21567,"Washington-St Tammany E C, Inc",,LA,St Tammany
2024,21567,"Washington-St Tammany E C, Inc",,LA,Tangipahoa
2024,21567,"Washington-St Tammany E C, Inc",,LA,Washington
2024,21632,EnergyUnited Elec Member Corp,,NC,Alexander
2024,21632,EnergyUnited Elec Member Corp,,NC,Cabarrus
2024,21632,EnergyUnited Elec Member Corp,,NC,Caldwell
2024,21632,EnergyUnited Elec Member Corp,,NC,Catawba
2024,21632,EnergyUnited Elec Member Corp,,NC,Davidson
2024,21632,EnergyUnited Elec Member Corp,,NC,Davie
2024,21632,EnergyUnited Elec Member Corp,,NC,Forsyth
2024,21632,EnergyUnited Elec Member Corp,,NC,Gaston
2024,21632,EnergyUnited Elec Member Corp,,NC,Guilford
2024,21632,EnergyUnited Elec Member Corp,,NC,Iredell
2024,21632,EnergyUnited Elec Member Corp,,NC,Lincoln
2024,21632,EnergyUnited Elec Member Corp,,NC,Mecklenburg
2024,21632,EnergyUnited Elec Member Corp,,NC,Montgomery
2024,21632,EnergyUnited Elec Member Corp,,NC,Randolph
2024,21632,EnergyUnited Elec Member Corp,,NC,Rockingham
2024,21632,EnergyUnited Elec Member Corp,,NC,Rowan
2024,21632,EnergyUnited Elec Member Corp,,NC,Stokes
2024,21632,EnergyUnited Elec Member Corp,,NC,Wilkes
2024,21632,EnergyUnited Elec Member Corp,,NC,Yadkin
2024,21664,Willwood Light & Power Company,Y,WY,Park
2024,22053,Kentucky Power Co,,KY,Boyd
2024,22053,Kentucky Power Co,,KY,Breathitt
2024,22053,Kentucky Power Co,,KY,Carter
2024,22053,Kentucky Power Co,,KY,Clay
2024,22053,Kentucky Power Co,,KY,Elliott
2024,22053,Kentucky Power Co,,KY,Floyd
2024,22053,Kentucky Power Co,,KY,Greenup
2024,22053,Kentucky Power Co,,KY,Johnson
2024,22053,Kentucky Power Co,,KY,Knott
2024,22053,Kentucky Power Co,,KY,Lawrence
2024,22053,Kentucky Power Co,,KY,Leslie
2024,22053,Kentucky Power Co,,KY,Letcher
2024,22053,Kentucky Power Co,,KY,Lewis
2024,22053,Kentucky Power Co,,KY,Magoffin
2024,22053,Kentucky Power Co,,KY,Martin
2024,22053,Kentucky Power Co,,KY,Morgan
2024,22053,Kentucky Power Co,,KY,Owsley
2024,22053,Kentucky Power Co,,KY,Perry
2024,22053,Kentucky Power Co,,KY,Pike
2024,22053,Kentucky Power Co,,KY,Rowan
2024,22355,PUD No 1 of Mason County,Y,WA,Jefferson
2024,22355,PUD No 1 of Mason County,Y,WA,Mason
2024,22500,"Evergy Kansas Central, Inc",,KS,Atchison
2024,22500,"Evergy Kansas Central, Inc",,KS,Brown
2024,22500,"Evergy Kansas Central, Inc",,KS,Butler
2024,22500,"Evergy Kansas Central, Inc",,KS,Chase
2024,22500,"Evergy Kansas Central, Inc",,KS,Clay
2024,22500,"Evergy Kansas Central, Inc",,KS,Cloud
2024,22500,"Evergy Kansas Central, Inc",,KS,Coffey
2024,22500,"Evergy Kansas Central, Inc",,KS,Dickinson
2024,22500,"Evergy Kansas Central, Inc",,KS,Doniphan
2024,22500,"Evergy Kansas Central, Inc",,KS,Douglas
2024,22500,"Evergy Kansas Central, Inc",,KS,Elk
2024,22500,"Evergy Kansas Central, Inc",,KS,Ellsworth
2024,22500,"Evergy Kansas Central, Inc",,KS,Franklin
2024,22500,"Evergy Kansas Central, Inc",,KS,Geary
2024,22500,"Evergy Kansas Central, Inc",,KS,Greenwood
2024,22500,"Evergy Kansas Central, Inc",,KS,Jackson
2024,22500,"Evergy Kansas Central, Inc",,KS,Jefferson
2024,22500,"Evergy Kansas Central, Inc",,KS,Johnson
2024,22500,"Evergy Kansas Central, Inc",,KS,Labette
2024,22500,"Evergy Kansas Central, Inc",,KS,Leavenworth
2024,22500,"Evergy Kansas Central, Inc",,KS,Lincoln
2024,22500,"Evergy Kansas Central, Inc",,KS,Lyon
2024,22500,"Evergy Kansas Central, Inc",,KS,Marion
2024,22500,"Evergy Kansas Central, Inc",,KS,Marshall
2024,22500,"Evergy Kansas Central, Inc",,KS,McPherson
2024,22500,"Evergy Kansas Central, Inc",,KS,Morris
2024,22500,"Evergy Kansas Central, Inc",,KS,Nemaha
2024,22500,"Evergy Kansas Central, Inc",,KS,Neosho
2024,22500,"Evergy Kansas Central, Inc",,KS,Osage
2024,22500,"Evergy Kansas Central, Inc",,KS,Ottawa
2024,22500,"Evergy Kansas Central, Inc",,KS,Pottawatomie
2024,22500,"Evergy Kansas Central, Inc",,KS,Reno
2024,22500,"Evergy Kansas Central, Inc",,KS,Rice
2024,22500,"Evergy Kansas Central, Inc",,KS,Riley
2024,22500,"Evergy Kansas Central, Inc",,KS,Saline
2024,22500,"Evergy Kansas Central, Inc",,KS,Shawnee
2024,22500,"Evergy Kansas Central, Inc",,KS,Wabaunsee
2024,22500,"Evergy Kansas Central, Inc",,KS,Washington
2024,22500,"Evergy Kansas Central, Inc",,KS,Wilson
2024,22500,"Evergy Kansas Central, Inc",,KS,Woodson
2024,22500,"Evergy Kansas Central, Inc",,KS,Wyandotte
2024,22646,"United Electric Coop, Inc - (MO)",Y,IA,Page
2024,22646,"United Electric Coop, Inc - (MO)",Y,IA,Ringgold
2024,22646,"United Electric Coop, Inc - (MO)",Y,IA,Taylor
2024,22646,"United Electric Coop, Inc - (MO)",Y,MO,Andrew
2024,22646,"United Electric Coop, Inc - (MO)",Y,MO,Atchison
2024,22646,"United Electric Coop, Inc - (MO)",Y,MO,Buchanan
2024,22646,"United Electric Coop, Inc - (MO)",Y,MO,Clinton
2024,22646,"United Electric Coop, Inc - (MO)",Y,MO,Daviess
2024,22646,"United Electric Coop, Inc - (MO)",Y,MO,DeKalb
2024,22646,"United Electric Coop, Inc - (MO)",Y,MO,Gentry
2024,22646,"United Electric Coop, Inc - (MO)",Y,MO,Harrison
2024,22646,"United Electric Coop, Inc - (MO)",Y,MO,Holt
2024,22646,"United Electric Coop, Inc - (MO)",Y,MO,Nodaway
2024,22646,"United Electric Coop, Inc - (MO)",Y,MO,Platte
2024,22646,"United Electric Coop, Inc - (MO)",Y,MO,Worth
2024,22690,Roosevelt County Elec Coop Inc,,NM,Chaves
2024,22690,Roosevelt County Elec Coop Inc,,NM,Curry
2024,22690,Roosevelt County Elec Coop Inc,,NM,De Baca
2024,22690,Roosevelt County Elec Coop Inc,,NM,Roosevelt
2024,22814,Raft Rural Elec Coop Inc,,ID,Cassia
2024,22814,Raft Rural Elec Coop Inc,,ID,Oneida
2024,22814,Raft Rural Elec Coop Inc,,ID,Owyhee
2024,22814,Raft Rural Elec Coop Inc,,ID,Power
2024,22814,Raft Rural Elec Coop Inc,,NV,Elko
2024,22814,Raft Rural Elec Coop Inc,,UT,Box Elder
2024,22815,Delta Electric Power Assn,,MS,Attala
2024,22815,Delta Electric Power Assn,,MS,Bolivar
2024,22815,Delta Electric Power Assn,,MS,Carroll
2024,22815,Delta Electric Power Assn,,MS,Choctaw
2024,22815,Delta Electric Power Assn,,MS,Grenada
2024,22815,Delta Electric Power Assn,,MS,Holmes
2024,22815,Delta Electric Power Assn,,MS,Humphreys
2024,22815,Delta Electric Power Assn,,MS,Leflore
2024,22815,Delta Electric Power Assn,,MS,Montgomery
2024,22815,Delta Electric Power Assn,,MS,Sunflower
2024,22815,Delta Electric Power Assn,,MS,Tallahatchie
2024,22815,Delta Electric Power Assn,,MS,Washington
2024,22815,Delta Electric Power Assn,,MS,Webster
2024,22822,Clark County Rural E M C - (IN),,IN,Clark
2024,22822,Clark County Rural E M C - (IN),,IN,Floyd
2024,22822,Clark County Rural E M C - (IN),,IN,Jefferson
2024,22822,Clark County Rural E M C - (IN),,IN,Scott
2024,22822,Clark County Rural E M C - (IN),,IN,Washington
2024,23326,"Sierra Electric Coop, Inc",Y,NM,Catron
2024,23326,"Sierra Electric Coop, Inc",Y,NM,Luna
2024,23326,"Sierra Electric Coop, Inc",Y,NM,Sierra
2024,23326,"Sierra Electric Coop, Inc",Y,NM,Socorro
2024,23586,"Vigilante Electric Coop, Inc",Y,ID,Clark
2024,23586,"Vigilante Electric Coop, Inc",Y,MT,Beaverhead
2024,23586,"Vigilante Electric Coop, Inc",Y,MT,Broadwater
2024,23586,"Vigilante Electric Coop, Inc",Y,MT,Deer Lodge
2024,23586,"Vigilante Electric Coop, Inc",Y,MT,Gallatin
2024,23586,"Vigilante Electric Coop, Inc",Y,MT,Jefferson
2024,23586,"Vigilante Electric Coop, Inc",Y,MT,Lewis and Clark
2024,23586,"Vigilante Electric Coop, Inc",Y,MT,Madison
2024,23586,"Vigilante Electric Coop, Inc",Y,MT,Meagher
2024,23586,"Vigilante Electric Coop, Inc",Y,MT,Silver Bow
2024,23826,Bluestem Electric Coop Inc,Y,KS,Clay
2024,23826,Bluestem Electric Coop Inc,Y,KS,Cloud
2024,23826,Bluestem Electric Coop Inc,Y,KS,Dickinson
2024,23826,Bluestem Electric Coop Inc,Y,KS,Geary
2024,23826,Bluestem Electric Coop Inc,Y,KS,Jackson
2024,23826,Bluestem Electric Coop Inc,Y,KS,Marshall
2024,23826,Bluestem Electric Coop Inc,Y,KS,Ottawa
2024,23826,Bluestem Electric Coop Inc,Y,KS,Pottawatomie
2024,23826,Bluestem Electric Coop Inc,Y,KS,Riley
2024,23826,Bluestem Electric Coop Inc,Y,KS,Wabaunsee
2024,23826,Bluestem Electric Coop Inc,Y,KS,Washington
2024,24211,Tucson Electric Power Co,,AZ,Cochise
2024,24211,Tucson Electric Power Co,,AZ,Pima
2024,24486,City of Akutan - (AK),Y,AK,Aleutians East
2024,24558,City of Escanaba,Y,MI,Delta
2024,24590,Unitil Energy Systems,,NH,Merrimack
2024,24590,Unitil Energy Systems,,NH,Rockingham
2024,24753,Boone County Rural EMC,,IN,Boone
2024,24753,Boone County Rural EMC,,IN,Clinton
2024,24753,Boone County Rural EMC,,IN,Hamilton
2024,24753,Boone County Rural EMC,,IN,Hendricks
2024,24753,Boone County Rural EMC,,IN,Montgomery
2024,24791,Village of Bradshaw - (NE),Y,NE,York
2024,24889,Brunswick Electric Member Corp,,NC,Bladen
2024,24889,Brunswick Electric Member Corp,,NC,Brunswick
2024,24889,Brunswick Electric Member Corp,,NC,Columbus
2024,24889,Brunswick Electric Member Corp,,NC,Robeson
2024,24949,Cass County Elec Coop Inc,,ND,Barnes
2024,24949,Cass County Elec Coop Inc,,ND,Cass
2024,24949,Cass County Elec Coop Inc,,ND,Dickey
2024,24949,Cass County Elec Coop Inc,,ND,LaMoure
2024,24949,Cass County Elec Coop Inc,,ND,Ransom
2024,24949,Cass County Elec Coop Inc,,ND,Richland
2024,24949,Cass County Elec Coop Inc,,ND,Sargent
2024,24949,Cass County Elec Coop Inc,,ND,Traill
2024,25060,Wellton-Mohawk Irr & Drain Dist,Y,AZ,Yuma
2024,25177,Dakota Electric Association,,MN,Dakota
2024,25177,Dakota Electric Association,,MN,Goodhue
2024,25177,Dakota Electric Association,,MN,Rice
2024,25177,Dakota Electric Association,,MN,Scott
2024,25295,Western Indiana Energy REMC,,IN,Clay
2024,25295,Western Indiana Energy REMC,,IN,Gibson
2024,25295,Western Indiana Energy REMC,,IN,Greene
2024,25295,Western Indiana Energy REMC,,IN,Knox
2024,25295,Western Indiana Energy REMC,,IN,Pike
2024,25295,Western Indiana Energy REMC,,IN,Posey
2024,25295,Western Indiana Energy REMC,,IN,Sullivan
2024,25295,Western Indiana Energy REMC,,IN,Vigo
2024,25866,Ak-Chin Electric Utility Authority,,AZ,Pinal
2024,26120,Town of Langford- (SD),Y,SD,Marshall
2024,26218,Little Ocmulgee El Member Corp,Y,GA,Dodge
2024,26218,Little Ocmulgee El Member Corp,Y,GA,Laurens
2024,26218,Little Ocmulgee El Member Corp,Y,GA,Montgomery
2024,26218,Little Ocmulgee El Member Corp,Y,GA,Telfair
2024,26218,Little Ocmulgee El Member Corp,Y,GA,Wheeler
2024,26317,Manokotak Power Company,Y,AK,Dillingham
2024,26510,Liberty Utilities (Granite State Electri,,NH,Cheshire
2024,26510,Liberty Utilities (Granite State Electri,,NH,Grafton
2024,26510,Liberty Utilities (Granite State Electri,,NH,Hillsborough
2024,26510,Liberty Utilities (Granite State Electri,,NH,Rockingham
2024,26510,Liberty Utilities (Granite State Electri,,NH,Sullivan
2024,26616,North Slope Borough Power & Light,Y,AK,North Slope
2024,26765,Pella Cooperative Elec Assn,Y,IA,Jasper
2024,26765,Pella Cooperative Elec Assn,Y,IA,Mahaska
2024,26765,Pella Cooperative Elec Assn,Y,IA,Marion
2024,26765,Pella Cooperative Elec Assn,Y,IA,Poweshiek
2024,26765,Pella Cooperative Elec Assn,Y,IA,Warren
2024,26894,City of Radium - (KS),Y,KS,Stafford
2024,26916,"Ravalli County Elec Coop, Inc",Y,MT,Missoula
2024,26916,"Ravalli County Elec Coop, Inc",Y,MT,Ravalli
2024,26934,"Red Lake Electric Coop, Inc",Y,MN,Beltrami
2024,26934,"Red Lake Electric Coop, Inc",Y,MN,Clearwater
2024,26934,"Red Lake Electric Coop, Inc",Y,MN,Marshall
2024,26934,"Red Lake Electric Coop, Inc",Y,MN,Pennington
2024,26934,"Red Lake Electric Coop, Inc",Y,MN,Polk
2024,26934,"Red Lake Electric Coop, Inc",Y,MN,Red Lake
2024,26939,Red River Valley Coop Pwr Assn,Y,MN,Clay
2024,26939,Red River Valley Coop Pwr Assn,Y,MN,Norman
2024,26939,Red River Valley Coop Pwr Assn,Y,MN,Polk
2024,27000,WAPA-- Western Area Power Administration,,AZ,Apache
2024,27000,WAPA-- Western Area Power Administration,,AZ,Cochise
2024,27000,WAPA-- Western Area Power Administration,,AZ,Coconino
2024,27000,WAPA-- Western Area Power Administration,,AZ,Gila
2024,27000,WAPA-- Western Area Power Administration,,AZ,La Paz
2024,27000,WAPA-- Western Area Power Administration,,AZ,Maricopa
2024,27000,WAPA-- Western Area Power Administration,,AZ,Mohave
2024,27000,WAPA-- Western Area Power Administration,,AZ,Navajo
2024,27000,WAPA-- Western Area Power Administration,,AZ,Pima
2024,27000,WAPA-- Western Area Power Administration,,AZ,Pinal
2024,27000,WAPA-- Western Area Power Administration,,AZ,Yavapai
2024,27000,WAPA-- Western Area Power Administration,,AZ,Yuma
2024,27000,WAPA-- Western Area Power Administration,,CA,Alameda
2024,27000,WAPA-- Western Area Power Administration,,CA,Butte
2024,27000,WAPA-- Western Area Power Administration,,CA,Calaveras
2024,27000,WAPA-- Western Area Power Administration,,CA,Colusa
2024,27000,WAPA-- Western Area Power Administration,,CA,Contra Costa
2024,27000,WAPA-- Western Area Power Administration,,CA,Fresno
2024,27000,WAPA-- Western Area Power Administration,,CA,Glenn
2024,27000,WAPA-- Western Area Power Administration,,CA,Imperial
2024,27000,WAPA-- Western Area Power Administration,,CA,Lassen
2024,27000,WAPA-- Western Area Power Administration,,CA,Madera
2024,27000,WAPA-- Western Area Power Administration,,CA,Merced
2024,27000,WAPA-- Western Area Power Administration,,CA,Modoc
2024,27000,WAPA-- Western Area Power Administration,,CA,Placer
2024,27000,WAPA-- Western Area Power Administration,,CA,Riverside
2024,27000,WAPA-- Western Area Power Administration,,CA,Sacramento
2024,27000,WAPA-- Western Area Power Administration,,CA,San Bernardino
2024,27000,WAPA-- Western Area Power Administration,,CA,San Joaquin
2024,27000,WAPA-- Western Area Power Administration,,CA,Santa Clara
2024,27000,WAPA-- Western Area Power Administration,,CA,Shasta
2024,27000,WAPA-- Western Area Power Administration,,CA,Siskiyou
2024,27000,WAPA-- Western Area Power Administration,,CA,Solano
2024,27000,WAPA-- Western Area Power Administration,,CA,Sutter
2024,27000,WAPA-- Western Area Power Administration,,CA,Tehama
2024,27000,WAPA-- Western Area Power Administration,,CA,Trinity
2024,27000,WAPA-- Western Area Power Administration,,CA,Tuolumne
2024,27000,WAPA-- Western Area Power Administration,,CA,Yolo
2024,27000,WAPA-- Western Area Power Administration,,CA,Yuba
2024,27000,WAPA-- Western Area Power Administration,,CO,Boulder
2024,27000,WAPA-- Western Area Power Administration,,CO,Broomfield
2024,27000,WAPA-- Western Area Power Administration,,CO,Chaffee
2024,27000,WAPA-- Western Area Power Administration,,CO,Clear Creek
2024,27000,WAPA-- Western Area Power Administration,,CO,Custer
2024,27000,WAPA-- Western Area Power Administration,,CO,Delta
2024,27000,WAPA-- Western Area Power Administration,,CO,Dolores
2024,27000,WAPA-- Western Area Power Administration,,CO,El Paso
2024,27000,WAPA-- Western Area Power Administration,,CO,Fremont
2024,27000,WAPA-- Western Area Power Administration,,CO,Garfield
2024,27000,WAPA-- Western Area Power Administration,,CO,Grand
2024,27000,WAPA-- Western Area Power Administration,,CO,Gunnison
2024,27000,WAPA-- Western Area Power Administration,,CO,Jackson
2024,27000,WAPA-- Western Area Power Administration,,CO,Jefferson
2024,27000,WAPA-- Western Area Power Administration,,CO,La Plata
2024,27000,WAPA-- Western Area Power Administration,,CO,Lake
2024,27000,WAPA-- Western Area Power Administration,,CO,Larimer
2024,27000,WAPA-- Western Area Power Administration,,CO,Lincoln
2024,27000,WAPA-- Western Area Power Administration,,CO,Logan
2024,27000,WAPA-- Western Area Power Administration,,CO,Mesa
2024,27000,WAPA-- Western Area Power Administration,,CO,Moffat
2024,27000,WAPA-- Western Area Power Administration,,CO,Montezuma
2024,27000,WAPA-- Western Area Power Administration,,CO,Montrose
2024,27000,WAPA-- Western Area Power Administration,,CO,Morgan
2024,27000,WAPA-- Western Area Power Administration,,CO,Ouray
2024,27000,WAPA-- Western Area Power Administration,,CO,Phillips
2024,27000,WAPA-- Western Area Power Administration,,CO,Pueblo
2024,27000,WAPA-- Western Area Power Administration,,CO,Rio Blanco
2024,27000,WAPA-- Western Area Power Administration,,CO,Routt
2024,27000,WAPA-- Western Area Power Administration,,CO,Saguache
2024,27000,WAPA-- Western Area Power Administration,,CO,San Miguel
2024,27000,WAPA-- Western Area Power Administration,,CO,Sedgwick
2024,27000,WAPA-- Western Area Power Administration,,CO,Summit
2024,27000,WAPA-- Western Area Power Administration,,CO,Washington
2024,27000,WAPA-- Western Area Power Administration,,CO,Weld
2024,27000,WAPA-- Western Area Power Administration,,CO,Yuma
2024,27000,WAPA-- Western Area Power Administration,,IA,Adair
2024,27000,WAPA-- Western Area Power Administration,,IA,Audubon
2024,27000,WAPA-- Western Area Power Administration,,IA,Cass
2024,27000,WAPA-- Western Area Power Administration,,IA,Cherokee
2024,27000,WAPA-- Western Area Power Administration,,IA,Clay
2024,27000,WAPA-- Western Area Power Administration,,IA,Crawford
2024,27000,WAPA-- Western Area Power Administration,,IA,Lyon
2024,27000,WAPA-- Western Area Power Administration,,IA,Monona
2024,27000,WAPA-- Western Area Power Administration,,IA,O'Brien
2024,27000,WAPA-- Western Area Power Administration,,IA,Plymouth
2024,27000,WAPA-- Western Area Power Administration,,IA,Ringgold
2024,27000,WAPA-- Western Area Power Administration,,IA,Shelby
2024,27000,WAPA-- Western Area Power Administration,,IA,Sioux
2024,27000,WAPA-- Western Area Power Administration,,IA,Taylor
2024,27000,WAPA-- Western Area Power Administration,,IA,Union
2024,27000,WAPA-- Western Area Power Administration,,IA,Woodbury
2024,27000,WAPA-- Western Area Power Administration,,KS,Jewell
2024,27000,WAPA-- Western Area Power Administration,,MN,Chippewa
2024,27000,WAPA-- Western Area Power Administration,,MN,Clay
2024,27000,WAPA-- Western Area Power Administration,,MN,Grant
2024,27000,WAPA-- Western Area Power Administration,,MN,Lac Qui Parle
2024,27000,WAPA-- Western Area Power Administration,,MN,Otter Tail
2024,27000,WAPA-- Western Area Power Administration,,MN,Polk
2024,27000,WAPA-- Western Area Power Administration,,MN,Stevens
2024,27000,WAPA-- Western Area Power Administration,,MN,Swift
2024,27000,WAPA-- Western Area Power Administration,,MN,Wilkin
2024,27000,WAPA-- Western Area Power Administration,,MN,Yellow Medicine
2024,27000,WAPA-- Western Area Power Administration,,MO,Nodaway
2024,27000,WAPA-- Western Area Power Administration,,MT,Big Horn
2024,27000,WAPA-- Western Area Power Administration,,MT,Blaine
2024,27000,WAPA-- Western Area Power Administration,,MT,Carbon
2024,27000,WAPA-- Western Area Power Administration,,MT,Cascade
2024,27000,WAPA-- Western Area Power Administration,,MT,Chouteau
2024,27000,WAPA-- Western Area Power Administration,,MT,Custer
2024,27000,WAPA-- Western Area Power Administration,,MT,Dawson
2024,27000,WAPA-- Western Area Power Administration,,MT,Fallon
2024,27000,WAPA-- Western Area Power Administration,,MT,Garfield
2024,27000,WAPA-- Western Area Power Administration,,MT,Hill
2024,27000,WAPA-- Western Area Power Administration,,MT,Lewis and Clark
2024,27000,WAPA-- Western Area Power Administration,,MT,Liberty
2024,27000,WAPA-- Western Area Power Administration,,MT,McCone
2024,27000,WAPA-- Western Area Power Administration,,MT,Phillips
2024,27000,WAPA-- Western Area Power Administration,,MT,Pondera
2024,27000,WAPA-- Western Area Power Administration,,MT,Prairie
2024,27000,WAPA-- Western Area Power Administration,,MT,Richland
2024,27000,WAPA-- Western Area Power Administration,,MT,Roosevelt
2024,27000,WAPA-- Western Area Power Administration,,MT,Rosebud
2024,27000,WAPA-- Western Area Power Administration,,MT,Teton
2024,27000,WAPA-- Western Area Power Administration,,MT,Toole
2024,27000,WAPA-- Western Area Power Administration,,MT,Treasure
2024,27000,WAPA-- Western Area Power Administration,,MT,Valley
2024,27000,WAPA-- Western Area Power Administration,,MT,Wibaux
2024,27000,WAPA-- Western Area Power Administration,,MT,Yellowstone
2024,27000,WAPA-- Western Area Power Administration,,ND,Barnes
2024,27000,WAPA-- Western Area Power Administration,,ND,Benson
2024,27000,WAPA-- Western Area Power Administration,,ND,Billings
2024,27000,WAPA-- Western Area Power Administration,,ND,Burleigh
2024,27000,WAPA-- Western Area Power Administration,,ND,Cass
2024,27000,WAPA-- Western Area Power Administration,,ND,Dickey
2024,27000,WAPA-- Western Area Power Administration,,ND,Dunn
2024,27000,WAPA-- Western Area Power Administration,,ND,Eddy
2024,27000,WAPA-- Western Area Power Administration,,ND,Emmons
2024,27000,WAPA-- Western Area Power Administration,,ND,Foster
2024,27000,WAPA-- Western Area Power Administration,,ND,Golden Valley
2024,27000,WAPA-- Western Area Power Administration,,ND,Grand Forks
2024,27000,WAPA-- Western Area Power Administration,,ND,Grant
2024,27000,WAPA-- Western Area Power Administration,,ND,Griggs
2024,27000,WAPA-- Western Area Power Administration,,ND,Kidder
2024,27000,WAPA-- Western Area Power Administration,,ND,LaMoure
2024,27000,WAPA-- Western Area Power Administration,,ND,McHenry
2024,27000,WAPA-- Western Area Power Administration,,ND,McKenzie
2024,27000,WAPA-- Western Area Power Administration,,ND,McLean
2024,27000,WAPA-- Western Area Power Administration,,ND,Mercer
2024,27000,WAPA-- Western Area Power Administration,,ND,Morton
2024,27000,WAPA-- Western Area Power Administration,,ND,Nelson
2024,27000,WAPA-- Western Area Power Administration,,ND,Oliver
2024,27000,WAPA-- Western Area Power Administration,,ND,Pierce
2024,27000,WAPA-- Western Area Power Administration,,ND,Ramsey
2024,27000,WAPA-- Western Area Power Administration,,ND,Ransom
2024,27000,WAPA-- Western Area Power Administration,,ND,Sargent
2024,27000,WAPA-- Western Area Power Administration,,ND,Stark
2024,27000,WAPA-- Western Area Power Administration,,ND,Steele
2024,27000,WAPA-- Western Area Power Administration,,ND,Stutsman
2024,27000,WAPA-- Western Area Power Administration,,ND,Towner
2024,27000,WAPA-- Western Area Power Administration,,ND,Traill
2024,27000,WAPA-- Western Area Power Administration,,ND,Ward
2024,27000,WAPA-- Western Area Power Administration,,ND,Wells
2024,27000,WAPA-- Western Area Power Administration,,ND,Williams
2024,27000,WAPA-- Western Area Power Administration,,NE,Antelope
2024,27000,WAPA-- Western Area Power Administration,,NE,Banner
2024,27000,WAPA-- Western Area Power Administration,,NE,Boone
2024,27000,WAPA-- Western Area Power Administration,,NE,Box Butte
2024,27000,WAPA-- Western Area Power Administration,,NE,Boyd
2024,27000,WAPA-- Western Area Power Administration,,NE,Cedar
2024,27000,WAPA-- Western Area Power Administration,,NE,Cheyenne
2024,27000,WAPA-- Western Area Power Administration,,NE,Dakota
2024,27000,WAPA-- Western Area Power Administration,,NE,Dawes
2024,27000,WAPA-- Western Area Power Administration,,NE,Deuel
2024,27000,WAPA-- Western Area Power Administration,,NE,Greeley
2024,27000,WAPA-- Western Area Power Administration,,NE,Holt
2024,27000,WAPA-- Western Area Power Administration,,NE,Keith
2024,27000,WAPA-- Western Area Power Administration,,NE,Kimball
2024,27000,WAPA-- Western Area Power Administration,,NE,Merrick
2024,27000,WAPA-- Western Area Power Administration,,NE,Morrill
2024,27000,WAPA-- Western Area Power Administration,,NE,Nance
2024,27000,WAPA-- Western Area Power Administration,,NE,Scotts Bluff
2024,27000,WAPA-- Western Area Power Administration,,NE,Sioux
2024,27000,WAPA-- Western Area Power Administration,,NE,Wheeler
2024,27000,WAPA-- Western Area Power Administration,,NM,San Juan
2024,27000,WAPA-- Western Area Power Administration,,NV,Clark
2024,27000,WAPA-- Western Area Power Administration,,OR,Klamath
2024,27000,WAPA-- Western Area Power Administration,,SD,Aurora
2024,27000,WAPA-- Western Area Power Administration,,SD,Beadle
2024,27000,WAPA-- Western Area Power Administration,,SD,Bennett
2024,27000,WAPA-- Western Area Power Administration,,SD,Bon Homme
2024,27000,WAPA-- Western Area Power Administration,,SD,Brookings
2024,27000,WAPA-- Western Area Power Administration,,SD,Brown
2024,27000,WAPA-- Western Area Power Administration,,SD,Brule
2024,27000,WAPA-- Western Area Power Administration,,SD,Buffalo
2024,27000,WAPA-- Western Area Power Administration,,SD,Butte
2024,27000,WAPA-- Western Area Power Administration,,SD,Campbell
2024,27000,WAPA-- Western Area Power Administration,,SD,Charles Mix
2024,27000,WAPA-- Western Area Power Administration,,SD,Clark
2024,27000,WAPA-- Western Area Power Administration,,SD,Clay
2024,27000,WAPA-- Western Area Power Administration,,SD,Codington
2024,27000,WAPA-- Western Area Power Administration,,SD,Custer
2024,27000,WAPA-- Western Area Power Administration,,SD,Davison
2024,27000,WAPA-- Western Area Power Administration,,SD,Day
2024,27000,WAPA-- Western Area Power Administration,,SD,Deuel
2024,27000,WAPA-- Western Area Power Administration,,SD,Dewey
2024,27000,WAPA-- Western Area Power Administration,,SD,Douglas
2024,27000,WAPA-- Western Area Power Administration,,SD,Fall River
2024,27000,WAPA-- Western Area Power Administration,,SD,Grant
2024,27000,WAPA-- Western Area Power Administration,,SD,Gregory
2024,27000,WAPA-- Western Area Power Administration,,SD,Haakon
2024,27000,WAPA-- Western Area Power Administration,,SD,Hamlin
2024,27000,WAPA-- Western Area Power Administration,,SD,Hand
2024,27000,WAPA-- Western Area Power Administration,,SD,Hanson
2024,27000,WAPA-- Western Area Power Administration,,SD,Hughes
2024,27000,WAPA-- Western Area Power Administration,,SD,Hyde
2024,27000,WAPA-- Western Area Power Administration,,SD,Jackson
2024,27000,WAPA-- Western Area Power Administration,,SD,Jerauld
2024,27000,WAPA-- Western Area Power Administration,,SD,Jones
2024,27000,WAPA-- Western Area Power Administration,,SD,Lincoln
2024,27000,WAPA-- Western Area Power Administration,,SD,Lyman
2024,27000,WAPA-- Western Area Power Administration,,SD,Marshall
2024,27000,WAPA-- Western Area Power Administration,,SD,McCook
2024,27000,WAPA-- Western Area Power Administration,,SD,Meade
2024,27000,WAPA-- Western Area Power Administration,,SD,Minnehaha
2024,27000,WAPA-- Western Area Power Administration,,SD,Moody
2024,27000,WAPA-- Western Area Power Administration,,SD,Pennington
2024,27000,WAPA-- Western Area Power Administration,,SD,Perkins
2024,27000,WAPA-- Western Area Power Administration,,SD,Potter
2024,27000,WAPA-- Western Area Power Administration,,SD,Roberts
2024,27000,WAPA-- Western Area Power Administration,,SD,Sanborn
2024,27000,WAPA-- Western Area Power Administration,,SD,Spink
2024,27000,WAPA-- Western Area Power Administration,,SD,Stanley
2024,27000,WAPA-- Western Area Power Administration,,SD,Sully
2024,27000,WAPA-- Western Area Power Administration,,SD,Todd
2024,27000,WAPA-- Western Area Power Administration,,SD,Tripp
2024,27000,WAPA-- Western Area Power Administration,,SD,Turner
2024,27000,WAPA-- Western Area Power Administration,,SD,Union
2024,27000,WAPA-- Western Area Power Administration,,SD,Walworth
2024,27000,WAPA-- Western Area Power Administration,,SD,Yankton
2024,27000,WAPA-- Western Area Power Administration,,SD,Ziebach
2024,27000,WAPA-- Western Area Power Administration,,UT,Daggett
2024,27000,WAPA-- Western Area Power Administration,,UT,Salt Lake
2024,27000,WAPA-- Western Area Power Administration,,UT,San Juan
2024,27000,WAPA-- Western Area Power Administration,,UT,Uintah
2024,27000,WAPA-- Western Area Power Administration,,WY,Albany
2024,27000,WAPA-- Western Area Power Administration,,WY,Big Horn
2024,27000,WAPA-- Western Area Power Administration,,WY,Carbon
2024,27000,WAPA-- Western Area Power Administration,,WY,Converse
2024,27000,WAPA-- Western Area Power Administration,,WY,Fremont
2024,27000,WAPA-- Western Area Power Administration,,WY,Goshen
2024,27000,WAPA-- Western Area Power Administration,,WY,Hot Springs
2024,27000,WAPA-- Western Area Power Administration,,WY,Laramie
2024,27000,WAPA-- Western Area Power Administration,,WY,Lincoln
2024,27000,WAPA-- Western Area Power Administration,,WY,Natrona
2024,27000,WAPA-- Western Area Power Administration,,WY,Niobrara
2024,27000,WAPA-- Western Area Power Administration,,WY,Park
2024,27000,WAPA-- Western Area Power Administration,,WY,Platte
2024,27000,WAPA-- Western Area Power Administration,,WY,Sweetwater
2024,27000,WAPA-- Western Area Power Administration,,WY,Washakie
2024,27026,City of Round Lake - (MN),Y,MN,Nobles
2024,27058,"High West Energy, Inc",,CO,Larimer
2024,27058,"High West Energy, Inc",,CO,Logan
2024,27058,"High West Energy, Inc",,CO,Weld
2024,27058,"High West Energy, Inc",,NE,Banner
2024,27058,"High West Energy, Inc",,NE,Cheyenne
2024,27058,"High West Energy, Inc",,NE,Kimball
2024,27058,"High West Energy, Inc",,NE,Morrill
2024,27058,"High West Energy, Inc",,WY,Albany
2024,27058,"High West Energy, Inc",,WY,Laramie
2024,27222,City of Ripley - (TN),,TN,Lauderdale
2024,27238,"Southwest Electric Coop, Inc",,MO,Benton
2024,27238,"Southwest Electric Coop, Inc",,MO,Camden
2024,27238,"Southwest Electric Coop, Inc",,MO,Cedar
2024,27238,"Southwest Electric Coop, Inc",,MO,Dade
2024,27238,"Southwest Electric Coop, Inc",,MO,Dallas
2024,27238,"Southwest Electric Coop, Inc",,MO,Greene
2024,27238,"Southwest Electric Coop, Inc",,MO,Hickory
2024,27238,"Southwest Electric Coop, Inc",,MO,Laclede
2024,27238,"Southwest Electric Coop, Inc",,MO,Polk
2024,27238,"Southwest Electric Coop, Inc",,MO,St Clair
2024,27238,"Southwest Electric Coop, Inc",,MO,Webster
2024,27269,City of Stanhope - (IA),Y,IA,Hamilton
2024,27316,Town of Stowe- (VT),Y,VT,Lamoille
2024,27369,Taylor Electric Coop Inc - (TX),,TX,Callahan
2024,27369,Taylor Electric Coop Inc - (TX),,TX,Coke
2024,27369,Taylor Electric Coop Inc - (TX),,TX,Coleman
2024,27369,Taylor Electric Coop Inc - (TX),,TX,Eastland
2024,27369,Taylor Electric Coop Inc - (TX),,TX,Fisher
2024,27369,Taylor Electric Coop Inc - (TX),,TX,Jones
2024,27369,Taylor Electric Coop Inc - (TX),,TX,Mitchell
2024,27369,Taylor Electric Coop Inc - (TX),,TX,Nolan
2024,27369,Taylor Electric Coop Inc - (TX),,TX,Runnels
2024,27369,Taylor Electric Coop Inc - (TX),,TX,Shackelford
2024,27369,Taylor Electric Coop Inc - (TX),,TX,Taylor
2024,27422,Todd-Wadena Electric Coop,Y,MN,Becker
2024,27422,Todd-Wadena Electric Coop,Y,MN,Cass
2024,27422,Todd-Wadena Electric Coop,Y,MN,Douglas
2024,27422,Todd-Wadena Electric Coop,Y,MN,Hubbard
2024,27422,Todd-Wadena Electric Coop,Y,MN,Morrison
2024,27422,Todd-Wadena Electric Coop,Y,MN,Otter Tail
2024,27422,Todd-Wadena Electric Coop,Y,MN,Todd
2024,27422,Todd-Wadena Electric Coop,Y,MN,Wadena
2024,27545,City of Vermillion - (KS),Y,KS,Marshall
2024,27599,Carroll-White REMC,,IN,Benton
2024,27599,Carroll-White REMC,,IN,Carroll
2024,27599,Carroll-White REMC,,IN,Cass
2024,27599,Carroll-White REMC,,IN,Clinton
2024,27599,Carroll-White REMC,,IN,Howard
2024,27599,Carroll-White REMC,,IN,Jasper
2024,27599,Carroll-White REMC,,IN,Pulaski
2024,27599,Carroll-White REMC,,IN,Tippecanoe
2024,27599,Carroll-White REMC,,IN,White
2024,28541,Clatskanie Peoples Util Dist,,OR,Clatsop
2024,28541,Clatskanie Peoples Util Dist,,OR,Columbia
2024,28604,Kerrville Public Utility Board,,TX,Kerr
2024,28978,City of San Marcos - (TX),,TX,Hays
2024,28981,City of San Saba - (TX),Y,TX,San Saba
2024,29295,City of Wells - (MN),Y,MN,Faribault
2024,29296,Western Illinois Elec Coop,Y,IL,Adams
2024,29296,Western Illinois Elec Coop,Y,IL,Hancock
2024,29296,Western Illinois Elec Coop,Y,IL,Henderson
2024,29296,Western Illinois Elec Coop,Y,IL,McDonough
2024,29297,Pelican Utility,Y,AK,Skagway Hoonah Angoon
2024,29305,City of Madelia - (MN),Y,MN,Watonwan
2024,30517,"Pioneer Electric Coop, Inc - (AL)",Y,AL,Autauga
2024,30517,"Pioneer Electric Coop, Inc - (AL)",Y,AL,Butler
2024,30517,"Pioneer Electric Coop, Inc - (AL)",Y,AL,Conecuh
2024,30517,"Pioneer Electric Coop, Inc - (AL)",Y,AL,Covington
2024,30517,"Pioneer Electric Coop, Inc - (AL)",Y,AL,Crenshaw
2024,30517,"Pioneer Electric Coop, Inc - (AL)",Y,AL,Dallas
2024,30517,"Pioneer Electric Coop, Inc - (AL)",Y,AL,Lowndes
2024,30517,"Pioneer Electric Coop, Inc - (AL)",Y,AL,Monroe
2024,30517,"Pioneer Electric Coop, Inc - (AL)",Y,AL,Wilcox
2024,30518,Electrical Dist No3 Pinal County,,AZ,Pinal
2024,30856,City of Winnfield - (LA),Y,LA,Winn
2024,31516,Midvale Irrigation District,Y,WY,Fremont
2024,31833,Okefenoke Rural El Member Corp,,FL,Baker
2024,31833,Okefenoke Rural El Member Corp,,FL,Nassau
2024,31833,Okefenoke Rural El Member Corp,,GA,Brantley
2024,31833,Okefenoke Rural El Member Corp,,GA,Camden
2024,31833,Okefenoke Rural El Member Corp,,GA,Charlton
2024,31833,Okefenoke Rural El Member Corp,,GA,Glynn
2024,31833,Okefenoke Rural El Member Corp,,GA,Ware
2024,31833,Okefenoke Rural El Member Corp,,GA,Wayne
2024,36189,"Mid-Ohio Energy Coop, Inc",Y,OH,Allen
2024,36189,"Mid-Ohio Energy Coop, Inc",Y,OH,Auglaize
2024,36189,"Mid-Ohio Energy Coop, Inc",Y,OH,Crawford
2024,36189,"Mid-Ohio Energy Coop, Inc",Y,OH,Hancock
2024,36189,"Mid-Ohio Energy Coop, Inc",Y,OH,Hardin
2024,36189,"Mid-Ohio Energy Coop, Inc",Y,OH,Logan
2024,36189,"Mid-Ohio Energy Coop, Inc",Y,OH,Marion
2024,36189,"Mid-Ohio Energy Coop, Inc",Y,OH,Morrow
2024,36189,"Mid-Ohio Energy Coop, Inc",Y,OH,Union
2024,36189,"Mid-Ohio Energy Coop, Inc",Y,OH,Wyandot
2024,38084,Great Lakes Energy Coop,,MI,Allegan
2024,38084,Great Lakes Energy Coop,,MI,Antrim
2024,38084,Great Lakes Energy Coop,,MI,Barry
2024,38084,Great Lakes Energy Coop,,MI,Charlevoix
2024,38084,Great Lakes Energy Coop,,MI,Cheboygan
2024,38084,Great Lakes Energy Coop,,MI,Clare
2024,38084,Great Lakes Energy Coop,,MI,Crawford
2024,38084,Great Lakes Energy Coop,,MI,Emmet
2024,38084,Great Lakes Energy Coop,,MI,Grand Traverse
2024,38084,Great Lakes Energy Coop,,MI,Kalkaska
2024,38084,Great Lakes Energy Coop,,MI,Kent
2024,38084,Great Lakes Energy Coop,,MI,Lake
2024,38084,Great Lakes Energy Coop,,MI,Manistee
2024,38084,Great Lakes Energy Coop,,MI,Mason
2024,38084,Great Lakes Energy Coop,,MI,Mecosta
2024,38084,Great Lakes Energy Coop,,MI,Missaukee
2024,38084,Great Lakes Energy Coop,,MI,Montcalm
2024,38084,Great Lakes Energy Coop,,MI,Montmorency
2024,38084,Great Lakes Energy Coop,,MI,Muskegon
2024,38084,Great Lakes Energy Coop,,MI,Newaygo
2024,38084,Great Lakes Energy Coop,,MI,Oceana
2024,38084,Great Lakes Energy Coop,,MI,Osceola
2024,38084,Great Lakes Energy Coop,,MI,Oscoda
2024,38084,Great Lakes Energy Coop,,MI,Otsego
2024,38084,Great Lakes Energy Coop,,MI,Ottawa
2024,38084,Great Lakes Energy Coop,,MI,Wexford
2024,40036,Westfield Electric Company,,WI,Marquette
2024,40051,Texas-New Mexico Power Co,,TX,Archer
2024,40051,Texas-New Mexico Power Co,,TX,Baylor
2024,40051,Texas-New Mexico Power Co,,TX,Bosque
2024,40051,Texas-New Mexico Power Co,,TX,Brazoria
2024,40051,Texas-New Mexico Power Co,,TX,Clay
2024,40051,Texas-New Mexico Power Co,,TX,Collin
2024,40051,Texas-New Mexico Power Co,,TX,Comanche
2024,40051,Texas-New Mexico Power Co,,TX,Cooke
2024,40051,Texas-New Mexico Power Co,,TX,Coryell
2024,40051,Texas-New Mexico Power Co,,TX,Crockett
2024,40051,Texas-New Mexico Power Co,,TX,Dallas
2024,40051,Texas-New Mexico Power Co,,TX,Denton
2024,40051,Texas-New Mexico Power Co,,TX,Eastland
2024,40051,Texas-New Mexico Power Co,,TX,Erath
2024,40051,Texas-New Mexico Power Co,,TX,Fannin
2024,40051,Texas-New Mexico Power Co,,TX,Franklin
2024,40051,Texas-New Mexico Power Co,,TX,Galveston
2024,40051,Texas-New Mexico Power Co,,TX,Grayson
2024,40051,Texas-New Mexico Power Co,,TX,Hamilton
2024,40051,Texas-New Mexico Power Co,,TX,Hill
2024,40051,Texas-New Mexico Power Co,,TX,Hood
2024,40051,Texas-New Mexico Power Co,,TX,Hunt
2024,40051,Texas-New Mexico Power Co,,TX,Jack
2024,40051,Texas-New Mexico Power Co,,TX,Johnson
2024,40051,Texas-New Mexico Power Co,,TX,Lamar
2024,40051,Texas-New Mexico Power Co,,TX,Matagorda
2024,40051,Texas-New Mexico Power Co,,TX,McLennan
2024,40051,Texas-New Mexico Power Co,,TX,Montague
2024,40051,Texas-New Mexico Power Co,,TX,Palo Pinto
2024,40051,Texas-New Mexico Power Co,,TX,Pecos
2024,40051,Texas-New Mexico Power Co,,TX,Rains
2024,40051,Texas-New Mexico Power Co,,TX,Red River
2024,40051,Texas-New Mexico Power Co,,TX,Reeves
2024,40051,Texas-New Mexico Power Co,,TX,Robertson
2024,40051,Texas-New Mexico Power Co,,TX,Somervell
2024,40051,Texas-New Mexico Power Co,,TX,Stephens
2024,40051,Texas-New Mexico Power Co,,TX,Terrell
2024,40051,Texas-New Mexico Power Co,,TX,Titus
2024,40051,Texas-New Mexico Power Co,,TX,Van Zandt
2024,40051,Texas-New Mexico Power Co,,TX,Ward
2024,40051,Texas-New Mexico Power Co,,TX,Winkler
2024,40051,Texas-New Mexico Power Co,,TX,Young
2024,40127,Clarke-Washington E M C,,AL,Clarke
2024,40127,Clarke-Washington E M C,,AL,Monroe
2024,40127,Clarke-Washington E M C,,AL,Washington
2024,40127,Clarke-Washington E M C,,AL,Wilcox
2024,40165,"Dixie Escalante R E A, Inc",,AZ,Mohave
2024,40165,"Dixie Escalante R E A, Inc",,UT,Iron
2024,40165,"Dixie Escalante R E A, Inc",,UT,Millard
2024,40165,"Dixie Escalante R E A, Inc",,UT,Washington
2024,40166,"Chickasaw Electric Coop, Inc",,TN,Fayette
2024,40166,"Chickasaw Electric Coop, Inc",,TN,Hardeman
2024,40166,"Chickasaw Electric Coop, Inc",,TN,Haywood
2024,40167,"Somerset Rural Elec Coop, Inc",,PA,Bedford
2024,40167,"Somerset Rural Elec Coop, Inc",,PA,Fayette
2024,40167,"Somerset Rural Elec Coop, Inc",,PA,Somerset
2024,40167,"Somerset Rural Elec Coop, Inc",,PA,Westmoreland
2024,40208,"Ark Valley Elec Coop Assn, Inc",Y,KS,Barton
2024,40208,"Ark Valley Elec Coop Assn, Inc",Y,KS,Ellsworth
2024,40208,"Ark Valley Elec Coop Assn, Inc",Y,KS,Harvey
2024,40208,"Ark Valley Elec Coop Assn, Inc",Y,KS,Kingman
2024,40208,"Ark Valley Elec Coop Assn, Inc",Y,KS,McPherson
2024,40208,"Ark Valley Elec Coop Assn, Inc",Y,KS,Reno
2024,40208,"Ark Valley Elec Coop Assn, Inc",Y,KS,Rice
2024,40208,"Ark Valley Elec Coop Assn, Inc",Y,KS,Saline
2024,40208,"Ark Valley Elec Coop Assn, Inc",Y,KS,Stafford
2024,40212,Colquitt Electric Membership Corp,,GA,Berrien
2024,40212,Colquitt Electric Membership Corp,,GA,Brooks
2024,40212,Colquitt Electric Membership Corp,,GA,Colquitt
2024,40212,Colquitt Electric Membership Corp,,GA,Cook
2024,40212,Colquitt Electric Membership Corp,,GA,Echols
2024,40212,Colquitt Electric Membership Corp,,GA,Lanier
2024,40212,Colquitt Electric Membership Corp,,GA,Lowndes
2024,40212,Colquitt Electric Membership Corp,,GA,Thomas
2024,40212,Colquitt Electric Membership Corp,,GA,Tift
2024,40212,Colquitt Electric Membership Corp,,GA,Worth
2024,40215,"Cordova Electric Coop, Inc",Y,AK,Valdez Cordova
2024,40219,"United Electric Coop, Inc - (PA)",Y,PA,Armstrong
2024,40219,"United Electric Coop, Inc - (PA)",Y,PA,Cambria
2024,40219,"United Electric Coop, Inc - (PA)",Y,PA,Centre
2024,40219,"United Electric Coop, Inc - (PA)",Y,PA,Clarion
2024,40219,"United Electric Coop, Inc - (PA)",Y,PA,Clearfield
2024,40219,"United Electric Coop, Inc - (PA)",Y,PA,Clinton
2024,40219,"United Electric Coop, Inc - (PA)",Y,PA,Elk
2024,40219,"United Electric Coop, Inc - (PA)",Y,PA,Forest
2024,40219,"United Electric Coop, Inc - (PA)",Y,PA,Indiana
2024,40219,"United Electric Coop, Inc - (PA)",Y,PA,Jefferson
2024,40220,Adams Electric Cooperative Inc,,PA,Adams
2024,40220,Adams Electric Cooperative Inc,,PA,Cumberland
2024,40220,Adams Electric Cooperative Inc,,PA,Franklin
2024,40220,Adams Electric Cooperative Inc,,PA,York
2024,40221,"Bedford Rural Elec Coop, Inc",,PA,Bedford
2024,40221,"Bedford Rural Elec Coop, Inc",,PA,Fulton
2024,40221,"Bedford Rural Elec Coop, Inc",,PA,Somerset
2024,40222,Valley Rural Electric Coop Inc,,PA,Bedford
2024,40222,Valley Rural Electric Coop Inc,,PA,Blair
2024,40222,Valley Rural Electric Coop Inc,,PA,Centre
2024,40222,Valley Rural Electric Coop Inc,,PA,Franklin
2024,40222,Valley Rural Electric Coop Inc,,PA,Fulton
2024,40222,Valley Rural Electric Coop Inc,,PA,Huntingdon
2024,40222,Valley Rural Electric Coop Inc,,PA,Juniata
2024,40222,Valley Rural Electric Coop Inc,,PA,Mifflin
2024,40223,Warren Electric Coop Inc,Y,PA,Crawford
2024,40223,Warren Electric Coop Inc,Y,PA,Erie
2024,40223,Warren Electric Coop Inc,Y,PA,Forest
2024,40223,Warren Electric Coop Inc,Y,PA,Venango
2024,40223,Warren Electric Coop Inc,Y,PA,Warren
2024,40224,"Central Electric Coop, Inc - (PA)",,PA,Allegheny
2024,40224,"Central Electric Coop, Inc - (PA)",,PA,Armstrong
2024,40224,"Central Electric Coop, Inc - (PA)",,PA,Butler
2024,40224,"Central Electric Coop, Inc - (PA)",,PA,Clarion
2024,40224,"Central Electric Coop, Inc - (PA)",,PA,Forest
2024,40224,"Central Electric Coop, Inc - (PA)",,PA,Mercer
2024,40224,"Central Electric Coop, Inc - (PA)",,PA,Venango
2024,40228,Rappahannock Electric Coop,,VA,Albemarle
2024,40228,Rappahannock Electric Coop,,VA,Caroline
2024,40228,Rappahannock Electric Coop,,VA,Clarke
2024,40228,Rappahannock Electric Coop,,VA,Culpeper
2024,40228,Rappahannock Electric Coop,,VA,Essex
2024,40228,Rappahannock Electric Coop,,VA,Fauquier
2024,40228,Rappahannock Electric Coop,,VA,Frederick
2024,40228,Rappahannock Electric Coop,,VA,Goochland
2024,40228,Rappahannock Electric Coop,,VA,Greene
2024,40228,Rappahannock Electric Coop,,VA,Hanover
2024,40228,Rappahannock Electric Coop,,VA,King William
2024,40228,Rappahannock Electric Coop,,VA,King and Queen
2024,40228,Rappahannock Electric Coop,,VA,Louisa
2024,40228,Rappahannock Electric Coop,,VA,Madison
2024,40228,Rappahannock Electric Coop,,VA,Orange
2024,40228,Rappahannock Electric Coop,,VA,Page
2024,40228,Rappahannock Electric Coop,,VA,Rappahannock
2024,40228,Rappahannock Electric Coop,,VA,Rockingham
2024,40228,Rappahannock Electric Coop,,VA,Shenandoah
2024,40228,Rappahannock Electric Coop,,VA,Spotsylvania
2024,40228,Rappahannock Electric Coop,,VA,Stafford
2024,40228,Rappahannock Electric Coop,,VA,Warren
2024,40230,Deseret Generation & Tran Coop,Y,CO,Rio Blanco
2024,40236,"Forked Deer Electric Coop, Inc",,TN,Crockett
2024,40236,"Forked Deer Electric Coop, Inc",,TN,Dyer
2024,40236,"Forked Deer Electric Coop, Inc",,TN,Haywood
2024,40236,"Forked Deer Electric Coop, Inc",,TN,Lauderdale
2024,40289,Claverack Rural Elec Coop Inc,,PA,Bradford
2024,40289,Claverack Rural Elec Coop Inc,,PA,Lackawanna
2024,40289,Claverack Rural Elec Coop Inc,,PA,Luzerne
2024,40289,Claverack Rural Elec Coop Inc,,PA,Lycoming
2024,40289,Claverack Rural Elec Coop Inc,,PA,Sullivan
2024,40289,Claverack Rural Elec Coop Inc,,PA,Susquehanna
2024,40289,Claverack Rural Elec Coop Inc,,PA,Tioga
2024,40289,Claverack Rural Elec Coop Inc,,PA,Wyoming
2024,40290,Tri-County Rural Elec Coop Inc (PA),,PA,Bradford
2024,40290,Tri-County Rural Elec Coop Inc (PA),,PA,Cameron
2024,40290,Tri-County Rural Elec Coop Inc (PA),,PA,Clinton
2024,40290,Tri-County Rural Elec Coop Inc (PA),,PA,Lycoming
2024,40290,Tri-County Rural Elec Coop Inc (PA),,PA,McKean
2024,40290,Tri-County Rural Elec Coop Inc (PA),,PA,Potter
2024,40290,Tri-County Rural Elec Coop Inc (PA),,PA,Tioga
2024,40291,"Sullivan County R E C, Inc - (PA)",Y,PA,Bradford
2024,40291,"Sullivan County R E C, Inc - (PA)",Y,PA,Lycoming
2024,40291,"Sullivan County R E C, Inc - (PA)",Y,PA,Sullivan
2024,40292,REA Energy Coop Inc,,PA,Armstrong
2024,40292,REA Energy Coop Inc,,PA,Blair
2024,40292,REA Energy Coop Inc,,PA,Cambria
2024,40292,REA Energy Coop Inc,,PA,Clearfield
2024,40292,REA Energy Coop Inc,,PA,Indiana
2024,40292,REA Energy Coop Inc,,PA,Jefferson
2024,40292,REA Energy Coop Inc,,PA,Westmoreland
2024,40293,"Northwestern Rural E C A, Inc - (PA)",,PA,Crawford
2024,40293,"Northwestern Rural E C A, Inc - (PA)",,PA,Erie
2024,40293,"Northwestern Rural E C A, Inc - (PA)",,PA,Mercer
2024,40293,"Northwestern Rural E C A, Inc - (PA)",,PA,Venango
2024,40293,"Northwestern Rural E C A, Inc - (PA)",,PA,Warren
2024,40299,Sussex Rural Electric Coop Inc,Y,NJ,Sussex
2024,40302,North East Mississippi EPA,,MS,Lafayette
2024,40302,North East Mississippi EPA,,MS,Marshall
2024,40302,North East Mississippi EPA,,MS,Pontotoc
2024,40302,North East Mississippi EPA,,MS,Union
2024,40303,Monroe County Elec Power Assn,,MS,Lowndes
2024,40303,Monroe County Elec Power Assn,,MS,Monroe
2024,40304,Minnesota Valley Coop L&P Assn,,MN,Chippewa
2024,40304,Minnesota Valley Coop L&P Assn,,MN,Lac Qui Parle
2024,40304,Minnesota Valley Coop L&P Assn,,MN,Lincoln
2024,40304,Minnesota Valley Coop L&P Assn,,MN,Lyon
2024,40304,Minnesota Valley Coop L&P Assn,,MN,Redwood
2024,40304,Minnesota Valley Coop L&P Assn,,MN,Renville
2024,40304,Minnesota Valley Coop L&P Assn,,MN,Swift
2024,40304,Minnesota Valley Coop L&P Assn,,MN,Yellow Medicine
2024,40355,Maricopa County M W C Dist #1,Y,AZ,Maricopa
2024,40364,City of Courtland,,AL,Lawrence
2024,40367,Village of Ladd - (IL),Y,IL,Bureau
2024,40369,City of Oxford - (GA),Y,GA,Newton
2024,40382,City of Rockport - (MO),Y,MO,Atchison
2024,40383,City of Osceola - (MO),Y,MO,St Clair
2024,40390,City of Buffalo - (IA),Y,IA,Scott
2024,40433,City of Enterprise - (UT),Y,UT,Washington
2024,40435,City of White - (SD),Y,SD,Brookings
2024,40437,Emerald People's Utility Dist,,OR,Benton
2024,40437,Emerald People's Utility Dist,,OR,Douglas
2024,40437,Emerald People's Utility Dist,,OR,Lane
2024,40437,Emerald People's Utility Dist,,OR,Linn
2024,40438,Columbia River Peoples Ut Dist,,OR,Columbia
2024,40438,Columbia River Peoples Ut Dist,,OR,Multnomah
2024,40440,City of Stanton - (ND),Y,ND,Mercer
2024,40441,Town of Murphy - (NC),,NC,Cherokee
2024,40456,PUD No 1 of Whatcom County,,WA,Whatcom
2024,40548,Unalakleet Valley Elec Coop,Y,AK,Nome
2024,40606,City of Grand Island - (NE),,NE,Hall
2024,40606,City of Grand Island - (NE),,NE,Merrick
2024,44372,Oncor Electric Delivery Company LLC,,TX,Anderson
2024,44372,Oncor Electric Delivery Company LLC,,TX,Andrews
2024,44372,Oncor Electric Delivery Company LLC,,TX,Angelina
2024,44372,Oncor Electric Delivery Company LLC,,TX,Archer
2024,44372,Oncor Electric Delivery Company LLC,,TX,Bastrop
2024,44372,Oncor Electric Delivery Company LLC,,TX,Baylor
2024,44372,Oncor Electric Delivery Company LLC,,TX,Bell
2024,44372,Oncor Electric Delivery Company LLC,,TX,Borden
2024,44372,Oncor Electric Delivery Company LLC,,TX,Bosque
2024,44372,Oncor Electric Delivery Company LLC,,TX,Brown
2024,44372,Oncor Electric Delivery Company LLC,,TX,Burnet
2024,44372,Oncor Electric Delivery Company LLC,,TX,Cherokee
2024,44372,Oncor Electric Delivery Company LLC,,TX,Clay
2024,44372,Oncor Electric Delivery Company LLC,,TX,Coke
2024,44372,Oncor Electric Delivery Company LLC,,TX,Coleman
2024,44372,Oncor Electric Delivery Company LLC,,TX,Collin
2024,44372,Oncor Electric Delivery Company LLC,,TX,Comanche
2024,44372,Oncor Electric Delivery Company LLC,,TX,Concho
2024,44372,Oncor Electric Delivery Company LLC,,TX,Cooke
2024,44372,Oncor Electric Delivery Company LLC,,TX,Coryell
2024,44372,Oncor Electric Delivery Company LLC,,TX,Crane
2024,44372,Oncor Electric Delivery Company LLC,,TX,Culberson
2024,44372,Oncor Electric Delivery Company LLC,,TX,Dallas
2024,44372,Oncor Electric Delivery Company LLC,,TX,Dawson
2024,44372,Oncor Electric Delivery Company LLC,,TX,Delta
2024,44372,Oncor Electric Delivery Company LLC,,TX,Denton
2024,44372,Oncor Electric Delivery Company LLC,,TX,Eastland
2024,44372,Oncor Electric Delivery Company LLC,,TX,Ector
2024,44372,Oncor Electric Delivery Company LLC,,TX,Ellis
2024,44372,Oncor Electric Delivery Company LLC,,TX,Erath
2024,44372,Oncor Electric Delivery Company LLC,,TX,Falls
2024,44372,Oncor Electric Delivery Company LLC,,TX,Fannin
2024,44372,Oncor Electric Delivery Company LLC,,TX,Fisher
2024,44372,Oncor Electric Delivery Company LLC,,TX,Freestone
2024,44372,Oncor Electric Delivery Company LLC,,TX,Gaines
2024,44372,Oncor Electric Delivery Company LLC,,TX,Glasscock
2024,44372,Oncor Electric Delivery Company LLC,,TX,Grayson
2024,44372,Oncor Electric Delivery Company LLC,,TX,Henderson
2024,44372,Oncor Electric Delivery Company LLC,,TX,Hidalgo
2024,44372,Oncor Electric Delivery Company LLC,,TX,Hill
2024,44372,Oncor Electric Delivery Company LLC,,TX,Hood
2024,44372,Oncor Electric Delivery Company LLC,,TX,Hopkins
2024,44372,Oncor Electric Delivery Company LLC,,TX,Houston
2024,44372,Oncor Electric Delivery Company LLC,,TX,Howard
2024,44372,Oncor Electric Delivery Company LLC,,TX,Hunt
2024,44372,Oncor Electric Delivery Company LLC,,TX,Irion
2024,44372,Oncor Electric Delivery Company LLC,,TX,Jack
2024,44372,Oncor Electric Delivery Company LLC,,TX,Johnson
2024,44372,Oncor Electric Delivery Company LLC,,TX,Kaufman
2024,44372,Oncor Electric Delivery Company LLC,,TX,Kent
2024,44372,Oncor Electric Delivery Company LLC,,TX,Lamar
2024,44372,Oncor Electric Delivery Company LLC,,TX,Lampasas
2024,44372,Oncor Electric Delivery Company LLC,,TX,Leon
2024,44372,Oncor Electric Delivery Company LLC,,TX,Limestone
2024,44372,Oncor Electric Delivery Company LLC,,TX,Loving
2024,44372,Oncor Electric Delivery Company LLC,,TX,Lynn
2024,44372,Oncor Electric Delivery Company LLC,,TX,Martin
2024,44372,Oncor Electric Delivery Company LLC,,TX,Mason
2024,44372,Oncor Electric Delivery Company LLC,,TX,McCulloch
2024,44372,Oncor Electric Delivery Company LLC,,TX,McLennan
2024,44372,Oncor Electric Delivery Company LLC,,TX,Menard
2024,44372,Oncor Electric Delivery Company LLC,,TX,Midland
2024,44372,Oncor Electric Delivery Company LLC,,TX,Milam
2024,44372,Oncor Electric Delivery Company LLC,,TX,Mills
2024,44372,Oncor Electric Delivery Company LLC,,TX,Mitchell
2024,44372,Oncor Electric Delivery Company LLC,,TX,Montague
2024,44372,Oncor Electric Delivery Company LLC,,TX,Nacogdoches
2024,44372,Oncor Electric Delivery Company LLC,,TX,Navarro
2024,44372,Oncor Electric Delivery Company LLC,,TX,Nolan
2024,44372,Oncor Electric Delivery Company LLC,,TX,Palo Pinto
2024,44372,Oncor Electric Delivery Company LLC,,TX,Parker
2024,44372,Oncor Electric Delivery Company LLC,,TX,Pecos
2024,44372,Oncor Electric Delivery Company LLC,,TX,Reagan
2024,44372,Oncor Electric Delivery Company LLC,,TX,Red River
2024,44372,Oncor Electric Delivery Company LLC,,TX,Reeves
2024,44372,Oncor Electric Delivery Company LLC,,TX,Rockwall
2024,44372,Oncor Electric Delivery Company LLC,,TX,Rusk
2024,44372,Oncor Electric Delivery Company LLC,,TX,San Saba
2024,44372,Oncor Electric Delivery Company LLC,,TX,Scurry
2024,44372,Oncor Electric Delivery Company LLC,,TX,Shackelford
2024,44372,Oncor Electric Delivery Company LLC,,TX,Smith
2024,44372,Oncor Electric Delivery Company LLC,,TX,Somervell
2024,44372,Oncor Electric Delivery Company LLC,,TX,Stephens
2024,44372,Oncor Electric Delivery Company LLC,,TX,Sterling
2024,44372,Oncor Electric Delivery Company LLC,,TX,Tarrant
2024,44372,Oncor Electric Delivery Company LLC,,TX,Terry
2024,44372,Oncor Electric Delivery Company LLC,,TX,Tom Green
2024,44372,Oncor Electric Delivery Company LLC,,TX,Travis
2024,44372,Oncor Electric Delivery Company LLC,,TX,Trinity
2024,44372,Oncor Electric Delivery Company LLC,,TX,Upton
2024,44372,Oncor Electric Delivery Company LLC,,TX,Van Zandt
2024,44372,Oncor Electric Delivery Company LLC,,TX,Ward
2024,44372,Oncor Electric Delivery Company LLC,,TX,Wichita
2024,44372,Oncor Electric Delivery Company LLC,,TX,Wilbarger
2024,44372,Oncor Electric Delivery Company LLC,,TX,Williamson
2024,44372,Oncor Electric Delivery Company LLC,,TX,Winkler
2024,44372,Oncor Electric Delivery Company LLC,,TX,Wise
2024,44372,Oncor Electric Delivery Company LLC,,TX,Wood
2024,44372,Oncor Electric Delivery Company LLC,,TX,Young
2024,49826,Mohegan Tribal Utility Authority,Y,CT,New London
2024,49848,Massachusetts Bay Trans Authority,,MA,Middlesex
2024,49848,Massachusetts Bay Trans Authority,,MA,Norfolk
2024,49848,Massachusetts Bay Trans Authority,,MA,Suffolk
2024,49986,Southwest Iowa Rural Elec Coop,Y,IA,Adair
2024,49986,Southwest Iowa Rural Elec Coop,Y,IA,Adams
2024,49986,Southwest Iowa Rural Elec Coop,Y,IA,Cass
2024,49986,Southwest Iowa Rural Elec Coop,Y,IA,Decatur
2024,49986,Southwest Iowa Rural Elec Coop,Y,IA,Fremont
2024,49986,Southwest Iowa Rural Elec Coop,Y,IA,Mills
2024,49986,Southwest Iowa Rural Elec Coop,Y,IA,Montgomery
2024,49986,Southwest Iowa Rural Elec Coop,Y,IA,Page
2024,49986,Southwest Iowa Rural Elec Coop,Y,IA,Ringgold
2024,49986,Southwest Iowa Rural Elec Coop,Y,IA,Taylor
2024,49986,Southwest Iowa Rural Elec Coop,Y,IA,Union
2024,49998,City of Berea Municipal Utility,,KY,Madison
2024,54913,NSTAR Electric Company,,MA,Barnstable
2024,54913,NSTAR Electric Company,,MA,Berkshire
2024,54913,NSTAR Electric Company,,MA,Bristol
2024,54913,NSTAR Electric Company,,MA,Dukes
2024,54913,NSTAR Electric Company,,MA,Franklin
2024,54913,NSTAR Electric Company,,MA,Hampden
2024,54913,NSTAR Electric Company,,MA,Hampshire
2024,54913,NSTAR Electric Company,,MA,Middlesex
2024,54913,NSTAR Electric Company,,MA,Norfolk
2024,54913,NSTAR Electric Company,,MA,Plymouth
2024,54913,NSTAR Electric Company,,MA,Suffolk
2024,55787,City of Moreno Valley - (CA),,CA,Riverside
2024,55937,Entergy Texas Inc.,,TX,Brazos
2024,55937,Entergy Texas Inc.,,TX,Burleson
2024,55937,Entergy Texas Inc.,,TX,Chambers
2024,55937,Entergy Texas Inc.,,TX,Falls
2024,55937,Entergy Texas Inc.,,TX,Galveston
2024,55937,Entergy Texas Inc.,,TX,Grimes
2024,55937,Entergy Texas Inc.,,TX,Hardin
2024,55937,Entergy Texas Inc.,,TX,Harris
2024,55937,Entergy Texas Inc.,,TX,Houston
2024,55937,Entergy Texas Inc.,,TX,Jasper
2024,55937,Entergy Texas Inc.,,TX,Jefferson
2024,55937,Entergy Texas Inc.,,TX,Leon
2024,55937,Entergy Texas Inc.,,TX,Liberty
2024,55937,Entergy Texas Inc.,,TX,Limestone
2024,55937,Entergy Texas Inc.,,TX,Madison
2024,55937,Entergy Texas Inc.,,TX,Milam
2024,55937,Entergy Texas Inc.,,TX,Montgomery
2024,55937,Entergy Texas Inc.,,TX,Newton
2024,55937,Entergy Texas Inc.,,TX,Orange
2024,55937,Entergy Texas Inc.,,TX,Polk
2024,55937,Entergy Texas Inc.,,TX,Robertson
2024,55937,Entergy Texas Inc.,,TX,San Jacinto
2024,55937,Entergy Texas Inc.,,TX,Trinity
2024,55937,Entergy Texas Inc.,,TX,Tyler
2024,55937,Entergy Texas Inc.,,TX,Walker
2024,55937,Entergy Texas Inc.,,TX,Waller
2024,55937,Entergy Texas Inc.,,TX,Washington
2024,55959,Roughrider Electric Cooperativ,,ND,Billings
2024,55959,Roughrider Electric Cooperativ,,ND,Dunn
2024,55959,Roughrider Electric Cooperativ,,ND,Golden Valley
2024,55959,Roughrider Electric Cooperativ,,ND,Hettinger
2024,55959,Roughrider Electric Cooperativ,,ND,Mercer
2024,55959,Roughrider Electric Cooperativ,,ND,Oliver
2024,55959,Roughrider Electric Cooperativ,,ND,Slope
2024,55959,Roughrider Electric Cooperativ,,ND,Stark
2024,55962,City of Victorville - (CA),Y,CA,San Bernardino
2024,55982,Heart of Texas Electric Coop,,TX,Bell
2024,55982,Heart of Texas Electric Coop,,TX,Bosque
2024,55982,Heart of Texas Electric Coop,,TX,Coryell
2024,55982,Heart of Texas Electric Coop,,TX,Falls
2024,55982,Heart of Texas Electric Coop,,TX,Hamilton
2024,55982,Heart of Texas Electric Coop,,TX,McLennan
2024,55982,Heart of Texas Electric Coop,,TX,Milam
2024,56146,"Black Hills Colorado Electric, LLC",,CO,Crowley
2024,56146,"Black Hills Colorado Electric, LLC",,CO,Custer
2024,56146,"Black Hills Colorado Electric, LLC",,CO,El Paso
2024,56146,"Black Hills Colorado Electric, LLC",,CO,Fremont
2024,56146,"Black Hills Colorado Electric, LLC",,CO,Otero
2024,56146,"Black Hills Colorado Electric, LLC",,CO,Pueblo
2024,56146,"Black Hills Colorado Electric, LLC",,CO,Teller
2024,56224,Rancho Cucamonga Municipal Utility,Y,CA,San Bernardino
2024,56256,City of Atka - (AK),Y,AK,Aleutians West
2024,56503,TDX Manley Generating LLC,Y,AK,Yukon Koyukuk
2024,56535,City of Williams - AZ,Y,AZ,Coconino
2024,56536,Riverside Electric Cooperative,Y,ID,Minidoka
2024,56621,Yakama Power,Y,WA,Klickitat
2024,56621,Yakama Power,Y,WA,Yakima
2024,56697,Ameren Illinois Company,,IL,Adams
2024,56697,Ameren Illinois Company,,IL,Alexander
2024,56697,Ameren Illinois Company,,IL,Bond
2024,56697,Ameren Illinois Company,,IL,Brown
2024,56697,Ameren Illinois Company,,IL,Bureau
2024,56697,Ameren Illinois Company,,IL,Calhoun
2024,56697,Ameren Illinois Company,,IL,Cass
2024,56697,Ameren Illinois Company,,IL,Champaign
2024,56697,Ameren Illinois Company,,IL,Christian
2024,56697,Ameren Illinois Company,,IL,Clark
2024,56697,Ameren Illinois Company,,IL,Clay
2024,56697,Ameren Illinois Company,,IL,Clinton
2024,56697,Ameren Illinois Company,,IL,Coles
2024,56697,Ameren Illinois Company,,IL,Crawford
2024,56697,Ameren Illinois Company,,IL,Cumberland
2024,56697,Ameren Illinois Company,,IL,DeWitt
2024,56697,Ameren Illinois Company,,IL,Douglas
2024,56697,Ameren Illinois Company,,IL,Edgar
2024,56697,Ameren Illinois Company,,IL,Edwards
2024,56697,Ameren Illinois Company,,IL,Effingham
2024,56697,Ameren Illinois Company,,IL,Fayette
2024,56697,Ameren Illinois Company,,IL,Ford
2024,56697,Ameren Illinois Company,,IL,Franklin
2024,56697,Ameren Illinois Company,,IL,Fulton
2024,56697,Ameren Illinois Company,,IL,Gallatin
2024,56697,Ameren Illinois Company,,IL,Greene
2024,56697,Ameren Illinois Company,,IL,Hancock
2024,56697,Ameren Illinois Company,,IL,Henderson
2024,56697,Ameren Illinois Company,,IL,Henry
2024,56697,Ameren Illinois Company,,IL,Iroquois
2024,56697,Ameren Illinois Company,,IL,Jackson
2024,56697,Ameren Illinois Company,,IL,Jasper
2024,56697,Ameren Illinois Company,,IL,Jefferson
2024,56697,Ameren Illinois Company,,IL,Jersey
2024,56697,Ameren Illinois Company,,IL,Johnson
2024,56697,Ameren Illinois Company,,IL,Kendall
2024,56697,Ameren Illinois Company,,IL,Knox
2024,56697,Ameren Illinois Company,,IL,LaSalle
2024,56697,Ameren Illinois Company,,IL,Lawrence
2024,56697,Ameren Illinois Company,,IL,Livingston
2024,56697,Ameren Illinois Company,,IL,Logan
2024,56697,Ameren Illinois Company,,IL,Macon
2024,56697,Ameren Illinois Company,,IL,Macoupin
2024,56697,Ameren Illinois Company,,IL,Madison
2024,56697,Ameren Illinois Company,,IL,Marion
2024,56697,Ameren Illinois Company,,IL,Marshall
2024,56697,Ameren Illinois Company,,IL,Mason
2024,56697,Ameren Illinois Company,,IL,Massac
2024,56697,Ameren Illinois Company,,IL,McDonough
2024,56697,Ameren Illinois Company,,IL,McLean
2024,56697,Ameren Illinois Company,,IL,Menard
2024,56697,Ameren Illinois Company,,IL,Mercer
2024,56697,Ameren Illinois Company,,IL,Monroe
2024,56697,Ameren Illinois Company,,IL,Montgomery
2024,56697,Ameren Illinois Company,,IL,Morgan
2024,56697,Ameren Illinois Company,,IL,Moultrie
2024,56697,Ameren Illinois Company,,IL,Peoria
2024,56697,Ameren Illinois Company,,IL,Perry
2024,56697,Ameren Illinois Company,,IL,Piatt
2024,56697,Ameren Illinois Company,,IL,Pike
2024,56697,Ameren Illinois Company,,IL,Pulaski
2024,56697,Ameren Illinois Company,,IL,Putnam
2024,56697,Ameren Illinois Company,,IL,Randolph
2024,56697,Ameren Illinois Company,,IL,Richland
2024,56697,Ameren Illinois Company,,IL,Saline
2024,56697,Ameren Illinois Company,,IL,Sangamon
2024,56697,Ameren Illinois Company,,IL,Schuyler
2024,56697,Ameren Illinois Company,,IL,Scott
2024,56697,Ameren Illinois Company,,IL,Shelby
2024,56697,Ameren Illinois Company,,IL,St Clair
2024,56697,Ameren Illinois Company,,IL,Stark
2024,56697,Ameren Illinois Company,,IL,Tazewell
2024,56697,Ameren Illinois Company,,IL,Union
2024,56697,Ameren Illinois Company,,IL,Vermilion
2024,56697,Ameren Illinois Company,,IL,Wabash
2024,56697,Ameren Illinois Company,,IL,Warren
2024,56697,Ameren Illinois Company,,IL,Washington
2024,56697,Ameren Illinois Company,,IL,Wayne
2024,56697,Ameren Illinois Company,,IL,White
2024,56697,Ameren Illinois Company,,IL,Williamson
2024,56697,Ameren Illinois Company,,IL,Woodford
2024,56739,Gold Country Energy,Y,AK,Yukon Koyukuk
2024,57351,City of Egegik - (AK),Y,AK,Lake and Peninsula
2024,57483,Liberty Utilities,,CA,Alpine
2024,57483,Liberty Utilities,,CA,El Dorado
2024,57483,Liberty Utilities,,CA,Mono
2024,57483,Liberty Utilities,,CA,Nevada
2024,57483,Liberty Utilities,,CA,Placer
2024,57483,Liberty Utilities,,CA,Plumas
2024,57483,Liberty Utilities,,CA,Sierra
2024,58113,"Texas A&M, Utilities & Energy Services",,TX,Brazos
2024,58123,Aha Macav Power Service,Y,AZ,Mohave
2024,58123,Aha Macav Power Service,Y,CA,San Bernardino
2024,58123,Aha Macav Power Service,Y,NV,Clark
2024,58124,City of Winter Park - (FL),,FL,Orange
2024,58126,Pittsburg Power Company,Y,CA,Solano
2024,58139,Town of Pickstown - (SD),Y,SD,Charles Mix
2024,58789,DOD USMC Marine Air Ground Combat,Y,CA,San Bernardino
2024,59013,PUD No 1 of Jefferson County,,WA,Jefferson
2024,59505,Heartland REMC,,IN,Adams
2024,59505,Heartland REMC,,IN,Allen
2024,59505,Heartland REMC,,IN,Grant
2024,59505,Heartland REMC,,IN,Huntington
2024,59505,Heartland REMC,,IN,Kosciusko
2024,59505,Heartland REMC,,IN,Miami
2024,59505,Heartland REMC,,IN,Wabash
2024,59505,Heartland REMC,,IN,Whitley
2024,60080,Pleasant Hill Community Line,Y,IA,Hamilton
2024,60482,CKenergy Electric Cooperative,,OK,Blaine
2024,60482,CKenergy Electric Cooperative,,OK,Caddo
2024,60482,CKenergy Electric Cooperative,,OK,Canadian
2024,60482,CKenergy Electric Cooperative,,OK,Comanche
2024,60482,CKenergy Electric Cooperative,,OK,Custer
2024,60482,CKenergy Electric Cooperative,,OK,Dewey
2024,60482,CKenergy Electric Cooperative,,OK,Grady
2024,60482,CKenergy Electric Cooperative,,OK,Kiowa
2024,60482,CKenergy Electric Cooperative,,OK,Washita
2024,60502,Port of Stockton - (CA),Y,CA,San Joaquin
2024,60631,Upper Michigan Energy Resources Corp.,,MI,Alger
2024,60631,Upper Michigan Energy Resources Corp.,,MI,Baraga
2024,60631,Upper Michigan Energy Resources Corp.,,MI,Delta
2024,60631,Upper Michigan Energy Resources Corp.,,MI,Dickinson
2024,60631,Upper Michigan Energy Resources Corp.,,MI,Gogebic
2024,60631,Upper Michigan Energy Resources Corp.,,MI,Houghton
2024,60631,Upper Michigan Energy Resources Corp.,,MI,Iron
2024,60631,Upper Michigan Energy Resources Corp.,,MI,Marquette
2024,60631,Upper Michigan Energy Resources Corp.,,MI,Menominee
2024,60631,Upper Michigan Energy Resources Corp.,,MI,Ontonagon
2024,60715,Port of Oakland,Y,CA,Alameda
2024,60839,Southern Pioneer Electric Company,,KS,Barber
2024,60839,Southern Pioneer Electric Company,,KS,Clark
2024,60839,Southern Pioneer Electric Company,,KS,Comanche
2024,60839,Southern Pioneer Electric Company,,KS,Harper
2024,60839,Southern Pioneer Electric Company,,KS,Haskell
2024,60839,Southern Pioneer Electric Company,,KS,Kingman
2024,60839,Southern Pioneer Electric Company,,KS,Kiowa
2024,60839,Southern Pioneer Electric Company,,KS,Meade
2024,60839,Southern Pioneer Electric Company,,KS,Pratt
2024,60839,Southern Pioneer Electric Company,,KS,Reno
2024,60839,Southern Pioneer Electric Company,,KS,Seward
2024,61353,Philadelphia Authority for Industrial Development,,PA,Philadelphia
2024,61432,Central Coast Community Energy,,CA,Monterey
2024,61432,Central Coast Community Energy,,CA,San Benito
2024,61432,Central Coast Community Energy,,CA,San Luis Obispo
2024,61432,Central Coast Community Energy,,CA,Santa Barbara
2024,61432,Central Coast Community Energy,,CA,Santa Cruz
2024,62779,Lathrop Irrigation District,Y,CA,San Joaquin
2024,65261,Gila River Indian Utility Authority (GRICUA),,AZ,Maricopa
2024,65261,Gila River Indian Utility Authority (GRICUA),,AZ,Pinal
2024,65352,Umpqua Indian Utility Cooperative,Y,OR,Douglas
2024,66052,Kirkwood Meadows PUD,Y,CA,Alpine
2024,66052,Kirkwood Meadows PUD,Y,CA,Amador
2024,66058,Ticaboo Electric Improvement District,Y,UT,Garfield
2024,66062,Shelter Cove Resort Improvement Dist No. 1,Y,CA,Humboldt
2024,66073,MPD Electric Cooperative,,SC,Chesterfield
2024,66073,MPD Electric Cooperative,,SC,Darlington
2024,66073,MPD Electric Cooperative,,SC,Dillon
2024,66073,MPD Electric Cooperative,,SC,Florence
2024,66073,MPD Electric Cooperative,,SC,Lee
2024,66073,MPD Electric Cooperative,,SC,Marion
2024,66073,MPD Electric Cooperative,,SC,Marlboro
2024,66101,FirstEnergy Pennsylvania Electric Co,,NY,Chemung
2024,66101,FirstEnergy Pennsylvania Electric Co,,NY,Tioga
2024,66101,FirstEnergy Pennsylvania Electric Co,,PA,Adams
2024,66101,FirstEnergy Pennsylvania Electric Co,,PA,Allegheny
2024,66101,FirstEnergy Pennsylvania Electric Co,,PA,Armstrong
2024,66101,FirstEnergy Pennsylvania Electric Co,,PA,Beaver
2024,66101,FirstEnergy Pennsylvania Electric Co,,PA,Bedford
2024,66101,FirstEnergy Pennsylvania Electric Co,,PA,Berks
2024,66101,FirstEnergy Pennsylvania Electric Co,,PA,Blair
2024,66101,FirstEnergy Pennsylvania Electric Co,,PA,Bradford
2024,66101,FirstEnergy Pennsylvania Electric Co,,PA,Bucks
2024,66101,FirstEnergy Pennsylvania Electric Co,,PA,Butler
2024,66101,FirstEnergy Pennsylvania Electric Co,,PA,Cambria
2024,66101,FirstEnergy Pennsylvania Electric Co,,PA,Cameron
2024,66101,FirstEnergy Pennsylvania Electric Co,,PA,Centre
2024,66101,FirstEnergy Pennsylvania Electric Co,,PA,Chester
2024,66101,FirstEnergy Pennsylvania Electric Co,,PA,Clarion
2024,66101,FirstEnergy Pennsylvania Electric Co,,PA,Clearfield
2024,66101,FirstEnergy Pennsylvania Electric Co,,PA,Crawford
2024,66101,FirstEnergy Pennsylvania Electric Co,,PA,Cumberland
2024,66101,FirstEnergy Pennsylvania Electric Co,,PA,Dauphin
2024,66101,FirstEnergy Pennsylvania Electric Co,,PA,Elk
2024,66101,FirstEnergy Pennsylvania Electric Co,,PA,Erie
2024,66101,FirstEnergy Pennsylvania Electric Co,,PA,Fayette
2024,66101,FirstEnergy Pennsylvania Electric Co,,PA,Forest
2024,66101,FirstEnergy Pennsylvania Electric Co,,PA,Franklin
2024,66101,FirstEnergy Pennsylvania Electric Co,,PA,Fulton
2024,66101,FirstEnergy Pennsylvania Electric Co,,PA,Greene
2024,66101,FirstEnergy Pennsylvania Electric Co,,PA,Huntingdon
2024,66101,FirstEnergy Pennsylvania Electric Co,,PA,Indiana
2024,66101,FirstEnergy Pennsylvania Electric Co,,PA,Jefferson
2024,66101,FirstEnergy Pennsylvania Electric Co,,PA,Juniata
2024,66101,FirstEnergy Pennsylvania Electric Co,,PA,Lancaster
2024,66101,FirstEnergy Pennsylvania Electric Co,,PA,Lawrence
2024,66101,FirstEnergy Pennsylvania Electric Co,,PA,Lebanon
2024,66101,FirstEnergy Pennsylvania Electric Co,,PA,Lehigh
2024,66101,FirstEnergy Pennsylvania Electric Co,,PA,Lycoming
2024,66101,FirstEnergy Pennsylvania Electric Co,,PA,McKean
2024,66101,FirstEnergy Pennsylvania Electric Co,,PA,Mercer
2024,66101,FirstEnergy Pennsylvania Electric Co,,PA,Mifflin
2024,66101,FirstEnergy Pennsylvania Electric Co,,PA,Monroe
2024,66101,FirstEnergy Pennsylvania Electric Co,,PA,Montgomery
2024,66101,FirstEnergy Pennsylvania Electric Co,,PA,Northampton
2024,66101,FirstEnergy Pennsylvania Electric Co,,PA,Perry
2024,66101,FirstEnergy Pennsylvania Electric Co,,PA,Pike
2024,66101,FirstEnergy Pennsylvania Electric Co,,PA,Potter
2024,66101,FirstEnergy Pennsylvania Electric Co,,PA,Somerset
2024,66101,FirstEnergy Pennsylvania Electric Co,,PA,Sullivan
2024,66101,FirstEnergy Pennsylvania Electric Co,,PA,Susquehanna
2024,66101,FirstEnergy Pennsylvania Electric Co,,PA,Tioga
2024,66101,FirstEnergy Pennsylvania Electric Co,,PA,Venango
2024,66101,FirstEnergy Pennsylvania Electric Co,,PA,Warren
2024,66101,FirstEnergy Pennsylvania Electric Co,,PA,Washington
2024,66101,FirstEnergy Pennsylvania Electric Co,,PA,Wayne
2024,66101,FirstEnergy Pennsylvania Electric Co,,PA,Westmoreland
2024,66101,FirstEnergy Pennsylvania Electric Co,,PA,Wyoming
2024,66101,FirstEnergy Pennsylvania Electric Co,,PA,York
2024,66866,University of Massachusetts Amherst,,MA,Hampshire
