data_year,utility_number,utility_name,state,utility_characteristics_ownership_type,utility_characteristics_nerc_region,also_operating_in_other_nerc_regions_tre,also_operating_in_other_nerc_regions_frcc,also_operating_in_other_nerc_regions_mro,also_operating_in_other_nerc_regions_npcc,also_operating_in_other_nerc_regions_rfc,also_operating_in_other_nerc_regions_serc,also_operating_in_other_nerc_regions_spp,also_operating_in_other_nerc_regions_wecc,operating_in_these_rtos_caiso,operating_in_these_rtos_ercot,operating_in_these_rtos_pjm,operating_in_these_rtos_nyiso,operating_in_these_rtos_spp,operating_in_these_rtos_miso,operating_in_these_rtos_isone,operating_in_these_rtos_other,other_activities_generation,other_activities_transmission,other_activities_buying_transmission,other_activities_distribution,other_activities_buying_distribution,other_activities_wholesale_marketing,other_activities_retail_marketing,other_activities_bundled,other_activities_alt_fuel_vehicle,other_activities_alt_fuel_vehicle_2
2024,55,City of Aberdeen - (MS),MS,Municipal,SERC,,,,,,Y,,,,,,,,,,,,,,Y,,,,,,
2024,84,A & N Electric Coop,VA,Cooperative,RFC,,,,,Y,,,,,,Y,,,,,,Y,N,,Y,,,,,Y,Y
2024,108,Adams-Columbia Electric Coop,WI,Cooperative,MRO,,,Y,,N,,,,,,,,,Y,,,,,Y,Y,Y,,,,Y,Y
2024,113,"Agway Energy Services, LLC",NY,Retail Power Marketer,NPCC,,,,,,,,,,,Y,Y,,,,,,,,,,,Y,,,
2024,155,Agralite Electric Coop,MN,Cooperative,MRO,,,Y,,,,,,,,,,,Y,,,,,Y,Y,N,,,,Y,Y
2024,162,Aiken Electric Coop Inc,SC,Cooperative,SERC,,,,,,Y,,,,,,,,,,Y,,,,Y,,,,,,
2024,176,Ajo Improvement Co,AZ,Investor Owned,WECC,,,,,,,,Y,,,,,,,,,,,,,,,,Y,N,
2024,189,PowerSouth Energy Cooperative,AL,Cooperative,SERC,,,,,,Y,,,,,,,,,,Y,Y,Y,Y,,,Y,,N,Y,Y
2024,195,Alabama Power Co,AL,Investor Owned,SERC,,,,,,Y,,,,,,,,,,,Y,Y,Y,Y,,Y,Y,Y,Y,Y
2024,207,Alameda Municipal Power,CA,Municipal,WECC,,,,,,,,Y,Y,,,,,,,,,,,Y,,,N,,Y,Y
2024,213,Alaska Electric Light & Power Co.,AK,Investor Owned,AK,,,,,,,,,,,,,,,,,Y,Y,,Y,,,,,Y,Y
2024,219,Alaska Power and Telephone Co,AK,Investor Owned,AK,,,,,,,,,,,,,,,,,Y,Y,,Y,,Y,Y,,Y,Y
2024,221,"Alaska Village Elec Coop, Inc",AK,Cooperative,AK,,,,,,,,,,,,,,,,Y,Y,,,Y,,,,,,
2024,230,Albany Utility Board,GA,Municipal,SERC,,,,,,Y,,,,,,,,,,Y,,,,Y,,,,,Y,Y
2024,232,City of Albemarle - (NC),NC,Municipal,SERC,,,,,,Y,,,,,,,,,,Y,,N,,Y,,,,,,
2024,240,Albemarle Electric Member Corp,NC,Cooperative,SERC,,,,,,Y,,,,,,,,,,,,,,Y,,,,,N,
2024,241,Albertville Municipal Utilities Board,AL,Municipal,SERC,,,,,,Y,,,,,,,,,,,,,,Y,,,,,N,
2024,261,AGC Division of APGI Inc,PA,Investor Owned,RFC,,,,,Y,,,,,,,,,Y,,,Y,,Y,Y,,Y,,Y,N,
2024,276,Alcorn County Elec Power Assn,MS,Cooperative,SERC,,,,,,Y,,,,,,,,,,,,,,Y,,,,,N,
2024,295,City of Alexandria - (MN),MN,Municipal,MRO,,,Y,,,,,,,,,,,Y,,,Y,,Y,Y,Y,,Y,Y,,
2024,296,"Alfalfa Electric Coop, Inc",OK,Cooperative,SPP,,,,,,,Y,,,,,,Y,,,,,,,Y,,,,,,
2024,298,City of Alexandria - (LA),LA,Municipal,SERC,,,,,,Y,N,,,,,,N,Y,,,Y,Y,Y,Y,,,,Y,Y,Y
2024,305,Alger-Delta Coop Electric Assn,MI,Cooperative,MISO,,,Y,,N,,,,,,,,,Y,,,,,,Y,,,,,,
2024,307,Algoma Utility Comm,WI,Municipal,MISO,,,Y,,N,,,,,,,,,Y,,,,,,Y,,,,,,
2024,332,Allegheny Electric Coop Inc,PA,Cooperative,RFC,,,,,Y,,,,,,Y,,,,,,Y,Y,Y,,,,,,,
2024,343,AEP Generating Company,OH,Investor Owned,RFC,,,,,Y,,,,,,,,,,,,Y,,,,,Y,,,Y,Y
2024,392,Alpena Power Co,MI,Investor Owned,RFC,,,,,Y,,,,,,,,,,,,,,,Y,,,,,,
2024,407,Altamaha Electric Member Corp,GA,Cooperative,SERC,,,,,,Y,,,,,,,,,,Y,,,,Y,,,,,Y,Y
2024,416,City of Altus - (OK),OK,Municipal,MRO,,,Y,,,,N,,,,,,Y,,,,,N,,Y,,,N,N,,
2024,471,Amana Society Service Co,IA,Investor Owned,MRO,,,Y,,,,,,,,,,,Y,,,Y,Y,,Y,,,,Y,,
2024,540,BP Energy Company,TX,Retail Power Marketer,TRE,N,,,,,,,,,Y,,,,,,,,,,,,Y,Y,,,
2024,554,City of Ames - (IA),IA,Municipal,MRO,,,Y,,,,,,,,,,,Y,,,Y,Y,Y,Y,,N,,,Y,Y
2024,562,Amicalola Electric Member Corp,GA,Cooperative,SERC,,,,,,Y,,,,,,,,,,,,,,Y,,,,,,
2024,571,City of Amory,MS,Municipal,SERC,,,,,,Y,,,,,,,,,,,,,,Y,,,,,,
2024,577,City of Alcoa Utilities,TN,Municipal,SERC,,,,,,Y,,,,,,,,,,,,,,Y,,,,,,
2024,590,City of Anaheim - (CA),CA,Municipal,WECC,,,,,,,,Y,Y,,,,,,,,N,Y,Y,Y,,Y,Y,Y,Y,Y
2024,604,City of Andalusia,AL,Municipal,SERC,,,,,,Y,,,,,,,,,,,,,,Y,,,,,N,
2024,636,City of Anderson - (IN),IN,Municipal,RFC,,,,,Y,,,,,,Y,,,,,,,,,Y,,,,N,,
2024,659,American Transmission Co,WI,Transmission,,,,Y,,Y,,,,,,,,,Y,,,,Y,,,,,,,Y,Y
2024,689,Connexus Energy,MN,Cooperative,MRO,,,Y,,,,,,,,,,,,,,,,,Y,,,,,,
2024,691,City of Anoka,MN,Municipal,MRO,,,Y,,,,,,,,,,,Y,,N,,,,Y,,,,,N,N
2024,712,Arkansas River Power Authority,CO,Political Subdivision,WECC,,,,,,,,Y,,,,,,,,Y,Y,Y,Y,Y,,Y,,,,
2024,719,Town of Apex- (NC),NC,Municipal,SERC,,,,,,Y,,,,,,,,,,Y,,,,Y,,,,,,
2024,727,Appalachian Electric Coop,TN,Cooperative,SERC,,,,,,Y,,,,,,,,,,,,,,Y,,,,,,
2024,733,Appalachian Power Co,OH,Investor Owned,RFC,,,,,Y,,,,,,Y,,,,,,Y,Y,Y,Y,N,Y,,,Y,Y
2024,750,Arab Electric Coop Inc,AL,Cooperative,SERC,,,,,,Y,,,,,,,,,,,,,,Y,,,,,,
2024,796,Arizona Electric Pwr Coop Inc,AZ,Cooperative,WECC,,,,,,,,Y,N,,,,,,,Y,Y,Y,Y,,,Y,,,N,N
2024,798,Arizona Power Authority,AZ,State,WECC,,,,,,,,Y,,,,,,,,Y,,,N,,,Y,,,,
2024,803,Arizona Public Service Co,AZ,Investor Owned,WECC,,,,,,,,Y,,,,,,,,,Y,Y,,Y,Y,Y,,,Y,Y
2024,807,Arkansas Electric Coop Corp,AR,Cooperative,SPP,,,,,,,Y,,,,,,Y,Y,,,Y,Y,Y,,,Y,,,N,
2024,814,Entergy Arkansas LLC,AR,Investor Owned,SERC,,,,,,Y,,,,,,,,Y,,,Y,Y,Y,Y,Y,,,,Y,Y
2024,817,Arkansas Valley Elec Coop Corp,AR,Cooperative,SERC,,,,,N,N,Y,,,,,,N,N,,Y,,,,Y,,,,,N,
2024,924,"Associated Electric Coop, Inc",MO,Cooperative,SERC,,,,,,Y,,,,,,,,,,Y,Y,Y,Y,,,Y,,,,
2024,944,City of Athens - (AL),AL,Municipal,SERC,,,,,,Y,,,,,,,,,,,,,,Y,,,,,,
2024,947,Athens Utility Board,TN,Municipal,SERC,,,,,,Y,,,,,,,,,,,,,,Y,,,,,,
2024,963,Atlantic City Electric Co,NJ,Investor Owned,RFC,,,,,Y,,,,,,Y,,,,,,,Y,Y,Y,N,Y,N,N,Y,Y
2024,970,Homefield Energy,TX,Retail Power Marketer,RFC,,,,,Y,,,,,,Y,,,Y,,,,,,,,Y,Y,,,
2024,994,City of Auburn - (IN),IN,Municipal,RFC,,,,,Y,,,,,,Y,,,,,,,Y,,Y,,,,,,
2024,1009,City of Austin - (MN),MN,Municipal,MRO,,,Y,,,,,,,,,,,Y,,,N,N,,Y,N,,Y,Y,,
2024,1015,Austin Energy,TX,Municipal,TRE,Y,,,,,,,,,Y,,,,,,,Y,Y,N,Y,,Y,Y,,Y,Y
2024,1050,City of Azusa,CA,Municipal,WECC,,,,,,,,Y,Y,,,,,,,,,Y,,Y,,Y,N,Y,Y,Y
2024,1149,Baldwin County El Member Corp,AL,Cooperative,SERC,,,,,,Y,,,,,,,,,,,,,,Y,,,,,Y,Y
2024,1167,Baltimore Gas & Electric Co,MD,Investor Owned,RFC,,,,,Y,,,,,,Y,,,,,,,Y,,Y,,,,,Y,Y
2024,1169,Bailey County Elec Coop Assn,TX,Cooperative,SPP,,,,,,,Y,,,,,,Y,,,,,,,Y,,,,,,
2024,1175,"Bandera Electric Coop, Inc",TX,Cooperative,TRE,Y,,,,,,,,,Y,,,,,,,,Y,,Y,,,,,Y,Y
2024,1179,Versant Power,ME,Investor Owned,NPCC,,,,Y,,,,,,,,,,,Y,,N,Y,,Y,,,,,Y,Y
2024,1196,Village of Baraga - (MI),MI,Municipal,MISO,,,Y,,N,,,,,,,,,Y,,,,,,Y,,,,,,
2024,1251,Barron Electric Coop,WI,Cooperative,MRO,,,Y,,,,,,,,,,,Y,,,,,,Y,,,,,N,N
2024,1273,"Bartlett Electric Coop, Inc",TX,Cooperative,TRE,Y,,,,,,,,,Y,,,,,,,,,,Y,,,,,,
2024,1283,Bartholomew County Rural E M C,IN,Cooperative,RFC,,,,,Y,,,,,,,,,Y,,,,,,Y,,,,,Y,Y
2024,1300,City of Bartow - (FL),FL,Municipal,FRCC,N,Y,,,,,,,,,,,,,,,,,,Y,,,,,,
2024,1307,Basin Electric Power Coop,ND,Cooperative,SPP,,,Y,,,,Y,Y,,,,,Y,Y,,,Y,Y,Y,Y,,Y,,N,Y,Y
2024,1325,City of Batavia - (IL),IL,Municipal,RFC,,,,,Y,,,,,,Y,,,,,,,N,,Y,,,,,,Y
2024,1366,City of Bay City - (MI),MI,Municipal,RFC,,,,,Y,,,,,,N,,,Y,,,Y,,Y,Y,,N,,,,
2024,1458,"Beauregard Electric Coop, Inc",LA,Cooperative,SERC,,,,,,Y,,,,,,,,,,,,,,Y,,,N,,N,
2024,1529,"Beltrami Electric Coop, Inc",MN,Cooperative,MRO,,,Y,,,,,,,,,,,,,,,,,Y,,,,,Y,Y
2024,1572,Badger Power Marketing Authority,WI,Wholesale Power Marketer,RFC,,,Y,,N,,,,,,,,,Y,,,,,,Y,,,,,,
2024,1578,Benton County,TN,Municipal,SERC,,,,,,Y,,,,,,,,,,,,,,Y,,,,,,
2024,1579,PUD No 1 of Benton County,WA,Political Subdivision,WECC,,,,,,,,Y,,,,,,,,Y,,Y,Y,Y,Y,Y,Y,N,Y,Y
2024,1581,City of Benton - (AR),AR,Municipal,SERC,,,,,,Y,,,,,,,,Y,,N,Y,,,Y,,,,,N,
2024,1582,City of Benton - (KY),KY,Municipal,SERC,,,,,Y,Y,,,,,,,,,,,,,,Y,,,,,,
2024,1586,City of Bentonville - (AR),AR,Municipal,SPP,,,,,,,Y,,,,,,Y,,,,,N,N,Y,,,,,N,
2024,1591,"Big Country Electric Coop, Inc",TX,Cooperative,TRE,Y,,,,,,Y,,N,Y,,,Y,,,Y,,N,,Y,,,,,N,N
2024,1611,"Messer Energy Services, Inc.",PA,Retail Power Marketer,RFC,,,,Y,Y,Y,,,,,Y,Y,,Y,Y,,,,,,,,Y,,,
2024,1613,Berkeley Electric Coop Inc,SC,Cooperative,SERC,,,,,,Y,,,,,,,,,,,,,,Y,,,,,,
2024,1625,Benton Rural Electric Assn,WA,Cooperative,WECC,,,,,,,,Y,,,,,,,,Y,,Y,,Y,,,,,,
2024,1640,City of Bessemer Utilities,AL,Municipal,SERC,,,,,,Y,,,,,,,,,,,,,,Y,,,,,,
2024,1692,Big Rivers Electric Corp,KY,Cooperative,SERC,N,,,,N,Y,,,,,,,,Y,,,Y,Y,Y,,,Y,,,,
2024,1708,Big Sandy Rural Elec Coop Corp,KY,Cooperative,RFC,,,,,Y,,,,,,,,,,,,,,,Y,,,,,N,
2024,1723,"Big Bend Electric Coop, Inc",WA,Cooperative,WECC,,,,,,,,Y,,,,,,,,Y,,,,Y,,,,,N,
2024,1738,Bonneville Power Administration,OR,Federal,WECC,,,,,,,,Y,,,,,,,,Y,,Y,Y,N,,Y,,,Y,Y
2024,1763,"Black River Electric Coop, Inc - (SC)",SC,Cooperative,SERC,,,,,,Y,,,,,,,,,,Y,,,,Y,,,,,,
2024,1764,Black Diamond Power Co,WV,Investor Owned,RFC,,,,,Y,,,,,,,,,,,,,,,Y,,,,,N,
2024,1769,"Black Hills Electric Coop, Inc",SD,Cooperative,WECC,,,,,,,N,Y,,,,,Y,,,,,N,Y,Y,,,,,,
2024,1775,Black River Electric Coop - (MO),MO,Cooperative,SERC,,,,,,Y,,,,,,,,,,Y,,,,Y,,,,,N,
2024,1776,City of Black River Falls,WI,Municipal,MISO,,,Y,,,,,,,,,,,Y,,,Y,,,Y,,,,,Y,Y
2024,1780,Black Warrior Elec Member Corp,AL,Cooperative,SERC,,,,,,Y,,,,,,,,,,Y,,,N,Y,,,,,,
2024,1857,Block Island Utility District,RI,Political Subdivision,NPCC,,,,Y,,,,,,,,,,,Y,N,Y,N,,Y,,,,,N,
2024,1884,BENCO Electric Cooperative,MN,Cooperative,MRO,,,Y,,,,,,,,,,,Y,,,,,,Y,,,,,Y,Y
2024,1886,Blue Grass Energy Coop Corp,KY,Cooperative,RFC,,,,,Y,,,,,,Y,,,,,,,,,Y,,,,,Y,Y
2024,1889,Blue Ridge Elec Member Corp - (NC),NC,Cooperative,SERC,,,,,,Y,,,,,,,,,,Y,,N,,Y,,,,,Y,Y
2024,1890,Blue Ridge Electric Coop Inc - (SC),SC,Cooperative,SERC,,,,,,Y,,,,,,,,,,,,,,Y,,,,,,
2024,1891,Blue Ridge Mountain EMC - (GA),GA,Cooperative,SERC,,,,,,Y,,,,,,,,,,,,,,Y,,,,,,
2024,1892,"Bluebonnet Electric Coop, Inc",TX,Cooperative,TRE,Y,,,,,,,,,Y,,,,,,,,Y,Y,Y,,,,,Y,Y
2024,1896,City of Bluffton - (IN),IN,Municipal,RFC,,,,,Y,,,,,,Y,,,,,N,N,,,Y,,,,Y,N,
2024,1936,Bolivar Energy Authority,TN,Municipal,SERC,,,,,,Y,,,,,,,,,,,,,,Y,,,,,,
2024,1997,City of Boscobel - (WI),WI,Municipal,MISO,,,Y,,N,,,,,,,,,Y,,,,,,Y,,,,,Y,Y
2024,2001,Boone Electric Coop,MO,Cooperative,SERC,,,,,,Y,,,,,,,,Y,,,,,,Y,,,,,Y,Y
2024,2008,City of Boulder City - (NV),NV,Municipal,WECC,,,,,,,,Y,,,,,,,,Y,,Y,,Y,,,,Y,Y,Y
2024,2010,City of Bountiful,UT,Municipal,WECC,,,,,,,,Y,,,,,,,,,Y,,,Y,,,,,,
2024,2049,"Bowie-Cass Electric Coop, Inc",TX,Cooperative,SPP,,,,,,,Y,,,,,,Y,,,,,Y,,Y,Y,,Y,,,
2024,2054,City of Bowling Green - (OH),OH,Municipal,RFC,,,,,Y,,,,,,,,,,,,,,,Y,,,,Y,N,N
2024,2056,City of Bowling Green - (KY),KY,Municipal,SERC,,,,,,Y,,,,,,,,,,,,,,Y,,,,,,
2024,2089,Bozrah Light & Power Company,CT,Municipal,NPCC,,,,Y,,,,,,,,,,,Y,,,,,Y,,,,,Y,Y
2024,2138,Brainerd Public Utilities,MN,Municipal,MRO,,,Y,,,,,,,,,,,Y,,,Y,,,Y,,,,Y,,
2024,2144,Town of Braintree - (MA),MA,Municipal,NPCC,,,,Y,,,,,,,,,,,Y,,Y,Y,Y,Y,,N,N,N,Y,Y
2024,2152,Powerex Corporation,CN,Wholesale Power Marketer,WECC,,,,,,,,,,,,,,,,,,,Y,,,Y,,,,
2024,2194,City of Brenham - (TX),TX,Municipal,TRE,Y,,,,,,,,,Y,,,,,,,,,,Y,,,,,Y,Y
2024,2212,"Broad River Electric Coop, Inc",SC,Cooperative,SERC,,,,,,Y,,,,,,,,,,Y,N,,,Y,,,,,,
2024,2247,City of Bristol - (TN),TN,Municipal,SERC,,,,,,Y,,,,,,,,,,,,,,Y,,,,,,
2024,2248,Bristol Virginia Utilities,VA,Municipal,SERC,,,,,N,Y,,,,,,,,,,,,,,Y,,,,Y,N,N
2024,2273,Brodhead Water & Lighting Comm,WI,Municipal,MISO,,,Y,,N,,,,,,,,,Y,,,,,,Y,,,,,,
2024,2285,City of Brookings - (SD),SD,Municipal,MRO,,,Y,,,,,,,,,,Y,N,,,,,,Y,,,,,,
2024,2394,Burke-Divide Electric Coop Inc,ND,Cooperative,MRO,,,Y,,,,N,,,,,,Y,,,N,,Y,,Y,,,,,Y,Y
2024,2409,Brownsville Public Utilities Board,TX,Municipal,TRE,Y,,,,,,,,,Y,,,,,,,Y,Y,Y,Y,,Y,,Y,,
2024,2411,City of Brownsville,TN,Municipal,SERC,,,,,,Y,,,,,,,,,,,,,,Y,,,,,,
2024,2442,City of Bryan - (TX),TX,Municipal,TRE,Y,,,,,,,,,Y,,,,,,,Y,Y,Y,Y,,Y,,,,
2024,2481,Cargill Power Markets LLC,MN,Wholesale Power Marketer,MRO,,,,,,,,,,,,,,,,Y,,,Y,,Y,Y,N,,,
2024,2487,City of Buford,GA,Municipal,SERC,,,,,,Y,,,,,,,,,,Y,,,,Y,,,,Y,,
2024,2502,"Buckeye Rural Elec Coop, Inc",OH,Cooperative,RFC,N,,,,Y,,,,,,Y,,,,,,,,N,Y,N,,,,N,
2024,2507,City of Burbank Water and Power,CA,Municipal,WECC,,,,,,,,Y,,,,,,,,Y,Y,Y,Y,Y,,Y,Y,Y,Y,Y
2024,2548,City of Burlington Electric - (VT),VT,Municipal,NPCC,,,,Y,,,,,,,,,,,Y,,Y,Y,Y,Y,,Y,,,Y,Y
2024,2643,Butler Public Power District - (NE),NE,Political Subdivision,MRO,,,,,,,N,,,,,,Y,,,,,N,,Y,,,,,,
2024,2651,Butler Rural Electric Coop Inc - (OH),OH,Cooperative,RFC,,,,,Y,,,,,,Y,,,N,,,,,,Y,,,,,Y,Y
2024,2652,Butler County Rural Elec Coop - (IA),IA,Cooperative,MRO,,,Y,,,,,,,,,,Y,,,N,,,,Y,,,,,,
2024,2678,C & L Electric Coop Corp,AR,Cooperative,SPP,,,,,,N,Y,,,,,,Y,,,,,,,Y,,,,,,
2024,2774,CMS Electric Coop Inc,KS,Cooperative,SPP,,,,,,,Y,,,,,,,,,Y,,,,Y,,,,,N,
2024,2812,City of Calhoun - (GA),GA,Municipal,SERC,,,,,,Y,,,,,,,,,,,N,,,Y,,,Y,Y,,
2024,2830,Calpine Power America LLC,TX,Retail Power Marketer,TRE,N,,,,,,,,Y,Y,,,,,Y,,,,Y,,Y,,Y,,,
2024,2849,Central Electric Power Assn - (MS),MS,Cooperative,SERC,,,,,,Y,,,,,,,,,,,,,,Y,,,,,,
2024,2857,Calpine Energy Services LP,TX,Wholesale Power Marketer,,N,N,N,N,N,N,N,N,,,,,,,,,,,Y,,,Y,,,,
2024,2903,Canoochee Electric Member Corp,GA,Cooperative,SERC,,,,,,Y,,,,,,,,,,Y,,,,Y,,,,,Y,Y
2024,2911,"Canadian Valley Elec Coop, Inc",OK,Cooperative,SPP,,,,,,,N,,,,,,,,,,,,,Y,,,,,,
2024,2960,"Caney Fork Electric Coop, Inc",TN,Cooperative,SERC,,,,,,Y,,,,,,,,,,,,,,Y,,,,,,
2024,2985,"Capital Electric Coop, Inc",ND,Cooperative,MRO,,,N,,,,Y,,,,,,Y,Y,,N,,N,,Y,,,,,Y,Y
2024,3046,Duke Energy Progress - (NC),NC,Investor Owned,SERC,N,,,,,Y,,,,,,,,,,Y,Y,Y,Y,Y,,Y,,,Y,Y
2024,3075,Carroll County - (TN),TN,Municipal,SERC,,,,,,Y,,,,,,,,,,,,,,Y,,,,,,
2024,3081,Carroll Electric Member Corp - (GA),GA,Cooperative,SERC,,,,,,Y,,,,,,,,,,Y,,,,Y,,,,,,
2024,3093,Carroll Electric Coop Corp - (AR),AR,Cooperative,SPP,,,,,,,Y,,,,,,Y,Y,,,,N,,Y,,,,,Y,Y
2024,3107,Carteret-Craven El Member Corp,NC,Cooperative,SERC,,,,,,Y,,,,,,,,,,Y,,Y,Y,Y,,,,N,,
2024,3108,City of Cartersville - (GA),GA,Municipal,SERC,,,,,,Y,,,,,,,,,,,,,,Y,,,,,,
2024,3113,City of Carthage - (MO),MO,Municipal,SPP,,,Y,,,,Y,,,,,,Y,N,,,Y,,Y,Y,,,,,N,
2024,3203,Cedar Falls Utilities,IA,Municipal,MRO,,,Y,,,,,,,,,,,Y,,,Y,Y,Y,Y,,Y,,Y,Y,Y
2024,3205,Cedar-Knox Public Power Dist,NE,Political Subdivision,MRO,,,Y,,,,,,,,,,Y,,,,,,,Y,,,,,Y,Y
2024,3208,Cedarburg Light & Water Comm,WI,Municipal,MISO,,,Y,,N,,,,,,,,,Y,,,,,,Y,,,,,Y,Y
2024,3216,City of Celina - (OH),OH,Municipal,RFC,N,,,,Y,,,,,,,,,,,Y,,,,Y,,,,,,
2024,3222,Central Alabama Electric Coop,AL,Cooperative,SERC,,,,,,Y,,,,,,,,,,Y,,,,Y,,,,,Y,Y
2024,3226,"Central Rural Electric Cooperative, Inc",OK,Cooperative,,,,,,,N,,,,,,,,,,Y,,,,Y,,,,,Y,Y
2024,3236,"Central Electric Coop, Inc - (SD)",SD,Cooperative,MRO,,,,,Y,,,,,,,,,,,,,,,Y,,,,,,
2024,3240,Central Electric Coop Inc - (OR),OR,Cooperative,,,,,,,,,Y,,,,,,,,,,,,Y,,,,,Y,Y
2024,3242,Central Electric Power Coop - (MO),MO,Cooperative,SERC,,,,,,Y,,,,,,,,,,Y,N,Y,,,,,,,,
2024,3245,"Central Florida Elec Coop, Inc",FL,Cooperative,FRCC,,Y,,,,,,,,,,,,,,Y,,N,,Y,,,,,,
2024,3248,Central Georgia El Member Corp,GA,Cooperative,SERC,,,,,,Y,,,,,,,,,,,,,,Y,,,,,Y,Y
2024,3249,Central Hudson Gas & Elec Corp,NY,Investor Owned,NPCC,,,,Y,,,,,,,,Y,,,,,Y,Y,,Y,,Y,,Y,Y,Y
2024,3250,Central Electric Membership Corp. - (NC),NC,Cooperative,SERC,,,,,,Y,,,,,,,,,,,,,,Y,,,,,,
2024,3255,California Dept. of Water Resources,CA,State,WECC,,,,,,,,Y,Y,,,,,,,,Y,Y,N,,,Y,,Y,Y,Y
2024,3258,Central Iowa Power Cooperative,IA,Cooperative,MRO,,,Y,,,,,,,,,,,Y,,,Y,Y,Y,,,,,,,
2024,3264,Central Lincoln People's Ut Dt,OR,Political Subdivision,WECC,,,,,,,,Y,,,,,,,,,,,,Y,,,,,Y,Y
2024,3265,Cleco Power LLC,LA,Investor Owned,SPP,,,,,,,Y,,,,,,,Y,,,Y,Y,Y,Y,,Y,Y,,N,
2024,3266,Central Maine Power Co,ME,Investor Owned,NPCC,,,,Y,,,,,,,,,,,Y,,,Y,Y,Y,,,,,Y,Y
2024,3268,Central Missouri Elec Coop Inc,MO,Cooperative,SERC,,,,,,Y,,,,,,,,,,Y,,,,Y,,,,,,
2024,3271,Central Nebraska Pub P&I Dist,NE,Political Subdivision,MRO,,,Y,,,,,,,,,,Y,,,,Y,Y,,,,Y,,,,
2024,3273,"Central New Mexico El Coop, Inc",NM,Cooperative,WECC,,,,,,,,,,,,,,,,,,,,Y,,,,,,
2024,3278,AEP Texas Central Company,OK,Investor Owned,TRE,Y,,,,,,,,,Y,,,,,,,N,Y,Y,Y,,N,,,Y,Y
2024,3279,"Central Power Elec Coop, Inc",ND,Cooperative,MRO,,,Y,,,,N,,,,,,Y,Y,,N,,Y,Y,N,,,,,,
2024,3282,"Central Texas Elec Coop, Inc",TX,Cooperative,,Y,,,,,,,,,Y,,,,,,,,,,Y,,,,,,
2024,3287,"Central Valley Elec Coop, Inc",NM,Cooperative,SPP,,,,,,,Y,,,,,,,,,,,,,Y,,,,,Y,Y
2024,3291,Central Virginia Electric Coop,VA,Cooperative,SERC,,,,,N,Y,,,,,Y,,,,,,N,,,Y,,,,,Y,Y
2024,3295,City of Centralia - (WA),WA,Municipal,WECC,,,,,,,,Y,,,,,,,,Y,Y,N,Y,Y,,N,N,,,
2024,3329,Borough of Chambersburg,PA,Municipal,RFC,N,,,,Y,,,,,,Y,,,,,,Y,,,Y,,,,,,
2024,3355,City of Chanute,KS,Municipal,SPP,,,,,,,Y,,,,,,Y,,,,Y,N,Y,Y,,,,,,
2024,3400,City of Chaska - (MN),MN,Municipal,MRO,,,Y,,,,,,,,,,,Y,,,,,,Y,,,,,,
2024,3408,City of Chattanooga - (TN),TN,Municipal,SERC,,,,,,Y,,,,,,,,,,,,,,Y,,,,,,
2024,3413,PUD No 1 of Chelan County,WA,Political Subdivision,WECC,,,,,,,,Y,,,,,,,,Y,Y,Y,Y,Y,,Y,Y,Y,Y,Y
2024,3426,Cherokee Electric Coop - (AL),AL,Cooperative,SERC,,,,,,Y,,,,,,,,,,,N,,,Y,,,,,,
2024,3436,Cherryland Electric Coop Inc,MI,Cooperative,RFC,,,,,Y,,,,,,,,,Y,,,,,,Y,,,,,Y,Y
2024,3461,Cheyenne Light Fuel & Power,SD,Investor Owned,WECC,,,,,,,,Y,,,,,,,,Y,Y,Y,Y,Y,,Y,,,Y,Y
2024,3470,Cherokee County Elec Coop Assn - (TX),TX,Cooperative,TRE,Y,,,,,,,,,,,,,,,,,,,Y,,,,,,
2024,3475,City of Chickamauga,GA,Municipal,SERC,,,,,,Y,,,,,,,,,,,,,,Y,,,,,,
2024,3477,City of Chicopee - (MA),MA,Municipal,NPCC,,,,Y,,,,,,,,,,,Y,,Y,Y,Y,Y,,Y,,,Y,Y
2024,3478,Cimarron Electric Coop,OK,Cooperative,SPP,,,,,,,Y,,,,,,Y,,,,,,,Y,,,,,N,N
2024,3502,"Choctawhatche Elec Coop, Inc",FL,Cooperative,SERC,,,,,,Y,,,,,,,,,,,,,,Y,,,,,Y,Y
2024,3503,"Choptank Electric Cooperative, Inc",MD,Cooperative,RFC,,,,,N,,,,,,Y,,,,,,,,,Y,N,,Y,,Y,Y
2024,3519,Central Minnesota Municipal Power Agency,MN,Political Subdivision,MRO,,,Y,,,,,,,,,,,Y,,,,Y,Y,,,Y,,N,N,N
2024,3522,Chugach Electric Assn Inc,AK,Cooperative,AK,,,,,,,,,,,,,,,,Y,Y,Y,,Y,,,,,Y,Y
2024,3527,Choctaw Electric Coop Inc,OK,Cooperative,SPP,,,,,,,Y,,,,,,Y,,,,,,,Y,,,,,N,
2024,3542,Duke Energy Ohio Inc,OH,Investor Owned,RFC,N,,,N,Y,,,,,,Y,,,N,,,N,Y,Y,Y,,Y,,Y,Y,Y
2024,3597,Citizens Electric Co - (PA),PA,Investor Owned,RFC,,,,,Y,,,,,,,,,,,,,,,Y,,,,,,
2024,3600,Citizens Electric Corporation - (MO),MO,Cooperative,SERC,,,,,N,Y,,,,,,,,Y,,,,N,Y,Y,N,,,,,
2024,3601,Boston Energy Trading and Marketing LLC,MA,Wholesale Power Marketer,,,,,,N,,,,Y,Y,Y,,,Y,N,,,,,,,Y,,,,
2024,3641,"Claiborne Electric Coop, Inc",LA,Cooperative,SERC,,,,,,,Y,,,,,,,Y,,,,,,Y,,,,,,
2024,3644,PUD No 1 of Clallam County,WA,Political Subdivision,WECC,,,,,,,,Y,,,,,,,,Y,,,,Y,N,,,,Y,Y
2024,3647,City of Claremore,OK,Municipal,SPP,,,,,,,Y,,,,,,Y,,,,,,,Y,,,,Y,,
2024,3660,PUD No 1 of Clark County - (WA),WA,Political Subdivision,WECC,,,,,,,,Y,,,,,,,,Y,Y,N,,Y,,,,,Y,Y
2024,3687,Clark Energy Coop Inc - (KY),KY,Cooperative,SERC,,,,,,Y,,,,,N,,,,,Y,,,,Y,,,,,,
2024,3704,City of Clarksville - (TN),TN,Municipal,SERC,,,,,,Y,,,,,,,,,,,,,,Y,,,,,,
2024,3705,Clarksville Connected Utilities,AR,Municipal,SPP,,,,,,,Y,,,,,,Y,,,,,,,Y,,,,,,
2024,3712,Clay County Electric Coop Corp - (AR),AR,Cooperative,SERC,,,,,,Y,,,,,,,Y,Y,,,,,,Y,,,,,,
2024,3755,Cleveland Electric Illum Co,OH,Investor Owned,RFC,,,,,Y,,,,,,Y,,,N,,,N,N,N,Y,,Y,N,,Y,Y
2024,3757,"Clay Electric Cooperative, Inc - (FL)",FL,Cooperative,FRCC,,Y,,,,N,,,,,,,,,,Y,,N,,Y,,,,,Y,Y
2024,3758,City of Cleveland - (TN),TN,Municipal,SERC,,,,,,Y,,,,,,,,,,,,,,Y,,,,,,
2024,3762,City of Cleveland - (OH),OH,Municipal,RFC,Y,,,,Y,,,,,,Y,,,N,N,,Y,,Y,Y,,,,,Y,Y
2024,3812,City of Clinton - (TN),TN,Municipal,SERC,,,,,,Y,,,,,,,,,,,,,,Y,,,,,,
2024,3824,Clyde Light & Power,OH,Municipal,RFC,,,,,Y,,,,,,Y,,,,,,,N,Y,Y,,,,,,
2024,3828,Cloverland Electric Co-op,MI,Cooperative,RFC,,,,,Y,,,,,,,,,Y,,,Y,,Y,Y,,,,,,
2024,3841,Coast Electric Power Assn - (MS),MS,Cooperative,SERC,,,,,,Y,,,,,,,,Y,,,,,,Y,,,,,Y,Y
2024,3843,Coastal Electric Member Corp - (GA),GA,Cooperative,SERC,,,,,,Y,,,,,,,,,,Y,,,,Y,,,,,Y,Y
2024,3855,Columbia Power System - (TN),TN,Municipal,SERC,,,,,,Y,,,,,,,,,,,,,,Y,,,,,,
2024,3892,City of Coffeyville - (KS),KS,Municipal,SPP,,,Y,,,,N,,,,,,Y,,,,Y,Y,Y,Y,,,,,,
2024,3915,Coldwater Board of Public Util,MI,Municipal,RFC,,,,,Y,,,,,,,,,Y,,,N,N,,Y,,,,,N,N
2024,3916,Cobb Electric Membership Corp,GA,Cooperative,SERC,,,,,,Y,,,,Y,,,,,,Y,N,,Y,Y,,Y,,,Y,Y
2024,3931,Coles-Moultrie Electric Coop,IL,Cooperative,SERC,,,,,N,Y,,,,,,,,Y,,,,,,Y,,,,,Y,Y
2024,3939,City of College Park - (GA),GA,Municipal,SERC,,,,,,Y,,,,,,,,,,,,,,Y,,Y,Y,Y,N,N
2024,3940,City of College Station - (TX),TX,Municipal,TRE,Y,,,,,,,,,Y,,,,,,,,Y,,Y,,,,Y,N,N
2024,3989,City of Colorado Springs - (CO),CO,Municipal,WECC,,,,,,,,Y,,,,,,,,Y,Y,Y,Y,Y,,Y,N,Y,Y,Y
2024,3991,CMS Energy Resource Management,MI,Retail Power Marketer,RFC,,,,,,,,,,,,,,Y,,,,,,,,Y,Y,,,
2024,4003,City of Colton - (CA),CA,Municipal,WECC,,,,,,,Y,Y,Y,,,,,,,,Y,Y,Y,Y,,Y,Y,Y,Y,Y
2024,4041,"Columbia Rural Elec Assn, Inc",WA,Cooperative,WECC,,,,,,,,Y,,,,,,,,Y,,,,Y,,,,,Y,Y
2024,4045,City of Columbia - (MO),MO,Municipal,SERC,,,,,N,Y,,,,,,,,Y,,,Y,Y,Y,Y,,,,Y,Y,Y
2024,4063,Co-Mo Electric Coop Inc,MO,Cooperative,SERC,,,Y,,,N,,,,,,,,,,Y,,,,Y,N,,,,Y,Y
2024,4065,City of Columbus - (OH),OH,Municipal,RFC,,,,,Y,,,,,,Y,,,,,,N,,Y,Y,,Y,,,Y,Y
2024,4068,City of Columbus - (MS),MS,Municipal,SERC,,,,,,Y,,,,,,,,,,,,,,Y,,,,,,
2024,4073,City of Columbus - (WI),WI,Municipal,MISO,,,Y,,N,,,,,,,,,Y,,,,,,Y,,,,,Y,Y
2024,4100,Just Energy Solutions Inc.,CA,Retail Power Marketer,WECC,,,,,,,,,,,,,,,,,,,,,,,Y,,,
2024,4110,Commonwealth Edison Co,IL,Investor Owned,RFC,,,,,Y,,,,,,Y,,,,,,,Y,Y,Y,,,,Y,Y,Y
2024,4146,Concho Valley Elec Coop Inc,TX,Cooperative,TRE,Y,,,,,,,,,Y,,,,,,,,Y,,Y,,,,,N,
2024,4150,City of Concord - (NC),NC,Municipal,SERC,,,,,,Y,,,,,,,,,,Y,N,,Y,Y,Y,,,,Y,Y
2024,4153,"Concordia Electric Coop, Inc",LA,Cooperative,SERC,,,,,,Y,,,,,,,,,,Y,,N,Y,Y,,,,,,
2024,4160,Callaway Electric Cooperative,MO,Cooperative,SERC,,,,,,Y,,,,,,,,,,,,,,Y,,,,,,
2024,4166,"CECG Maine, LLC",MD,Wholesale Power Marketer,RFC,,,,,Y,,,,,,,,,,N,,,,,,,Y,Y,,,
2024,4176,Connecticut Light & Power Co,CT,Investor Owned,NPCC,,,,Y,,,,,,,,,,,Y,,,Y,Y,Y,,Y,Y,,Y,Y
2024,4180,Connecticut Mun Elec Engy Coop,CT,Municipal Mktg Authority,NPCC,,,,Y,,,,,,,,,,,Y,,Y,N,N,N,N,Y,N,,N,
2024,4226,Consolidated Edison Co-NY Inc,NY,Investor Owned,NPCC,,,N,Y,,,,,,,,Y,,,,,Y,Y,Y,Y,,Y,,N,Y,Y
2024,4237,Consolidated Electric Coop,MO,Cooperative,SERC,,,,,,Y,,,,,,,,,,Y,,,,Y,,,,,,
2024,4247,Consolidated Water Power Co,WI,Investor Owned,RFC,,,,,Y,,,,,,,,,Y,,,Y,,,Y,,,,,,
2024,4254,Consumers Energy Co - (MI),MI,Investor Owned,RFC,,,,,Y,,,,,,,,,Y,,,Y,N,Y,Y,,,,Y,Y,Y
2024,4262,Cooke County Elec Coop Assn,TX,Cooperative,TRE,Y,,,,,,,,,Y,,,,,,,,,,Y,,,,,N,
2024,4265,Continental Divide El Coop Inc,NM,Cooperative,WECC,,,,,,,,Y,,,,,,,,Y,,N,,Y,,,,,,
2024,4280,Conway Corporation,AR,Municipal,SERC,,,,,,Y,N,,,,,,,,,Y,Y,,,Y,,,,Y,Y,Y
2024,4294,City of Cookeville - (TN),TN,Municipal,SERC,,,,,,Y,,,,,,,,,,,,,,Y,,,,,,
2024,4295,Comanche County Elec Coop Assn,TX,Cooperative,TRE,Y,,,,,,,,,Y,,,,,,,,,,Y,,,,,N,
2024,4296,"Cookson Hills Elec Coop, Inc",OK,Cooperative,SPP,,,,,,,Y,,,,,,Y,,,Y,,,,Y,,,,N,Y,Y
2024,4317,"Coos-Curry Electric Coop, Inc",OR,Cooperative,WECC,,,,,,,,Y,,,,,,,,Y,,,,Y,,,,,Y,Y
2024,4327,Coosa Valley Electric Coop Inc,AL,Cooperative,SERC,,,,,,Y,,,,,,,,,,Y,,,,Y,,,,,,
2024,4356,Colorado River Comm of Nevada,NV,State,WECC,,,,,,,,Y,,,,,,,,Y,,Y,Y,N,Y,Y,Y,,,
2024,4362,Corn Belt Energy Corporation,IL,Cooperative,RFC,,,,N,Y,,,,,,,,,Y,,,,Y,,Y,,,,N,Y,Y
2024,4363,Corn Belt Power Coop,IA,Cooperative,MRO,,,Y,,,,,,,,,,Y,,,N,Y,Y,Y,,,Y,,,Y,Y
2024,4373,Cornhusker Public Power Dist,NE,Political Subdivision,MRO,,,,,,,N,,,,,,Y,,,,,,,Y,,,,,,
2024,4390,City of Corona - (CA),CA,Municipal,WECC,,,,,,,,Y,Y,,,,,,,,,,Y,Y,,Y,Y,Y,Y,Y
2024,4401,"Cotton Electric Coop, Inc",OK,Cooperative,SPP,,,,,,,Y,,,,,,Y,,,,,,,Y,,,,,Y,Y
2024,4410,"Shell Energy North America (US), L.P.",TX,Retail Power Marketer,TRE,N,,,,,,,N,Y,N,N,N,,,N,,,Y,,,,Y,Y,,N,
2024,4430,"Covington Electric Coop, Inc",AL,Cooperative,SERC,,,,,,Y,,,,,,,,,,,,,,Y,,,,,,
2024,4432,Coweta-Fayette El Member Corp,GA,Cooperative,SERC,,,,,,Y,,,,,,,,,,Y,,,,Y,,,,,,Y
2024,4433,City of Covington - (GA),GA,Municipal,SERC,,,,,,Y,,,,,,,,,,Y,,,,Y,,,,N,Y,Y
2024,4437,City of Covington - (TN),TN,Municipal,SERC,,,,,,Y,,,,,,,,,,,,,,Y,,,,,,
2024,4442,PUD No 1 of Cowlitz County,WA,Political Subdivision,WECC,,,,,,,,Y,,,,,,,,Y,Y,,,Y,,,,,Y,Y
2024,4508,"Crawfordsville Elec, Lgt & Pwr",IN,Municipal,RFC,,,,,Y,,,,,,,,,Y,,,N,Y,,Y,,,,,Y,Y
2024,4509,Craighead Electric Coop Corp,AR,Cooperative,SERC,,,,,,Y,,,,,,,,,,,,,,Y,,,,,Y,Y
2024,4524,"Crawford Electric Coop, Inc",MO,Cooperative,SERC,,,,,,Y,,,,,,,Y,,,,,,,Y,,,,,,
2024,4538,Crisp County Power Comm,GA,Political Subdivision,SERC,N,,,,,Y,,,,,,,,,,,Y,,,Y,,,Y,,,
2024,4577,Crow Wing Cooperative Power & Light Comp,MN,Cooperative,MRO,,,Y,,,,,,,,,,,Y,,,,,,Y,,,,,Y,Y
2024,4604,City of Crystal Falls,MI,Municipal,MISO,,,Y,,N,,,,,,,,,Y,,,Y,,N,Y,N,,,,,
2024,4607,City of Cuba City,WI,Municipal,MISO,,,Y,,N,,,,,,,,,Y,,,,,,Y,,,,,,
2024,4617,Cullman Power Board,AL,Municipal,SERC,,,,,,Y,,,,,,,,,,,,,,Y,,,,,,
2024,4618,"Cullman Electric Coop, Inc",AL,Cooperative,SERC,,,,,,Y,,,,,,,,,,,,,,Y,,,,,,
2024,4622,"Cumberland Valley Electric, Inc.",KY,Cooperative,SERC,,,,,,Y,,,,,Y,,,,,,,,,Y,,,,,,
2024,4624,Cumberland Elec Member Corp,TN,Cooperative,SERC,,,,,,Y,,,,,,,,,,,,,,Y,,,,,,
2024,4671,Custer Public Power District,NE,Political Subdivision,MRO,,,,,,,Y,,,,,,Y,,,,,N,,Y,,,,,Y,Y
2024,4675,Cuivre River Electric Coop Inc,MO,Cooperative,SERC,,,,,,Y,,,,,,,,,,Y,,,,Y,,,,,N,
2024,4683,City of Cuyahoga Falls - (OH),OH,Municipal,RFC,,,,,Y,,,,,,Y,,,,,,,,,Y,,,,,,
2024,4715,Dahlberg Light & Power Co,WI,Investor Owned,MRO,,,Y,,,,,,,,,,,Y,,,N,N,,Y,N,,,,N,
2024,4716,Dairyland Power Coop,WI,Cooperative,MRO,,,Y,N,,,,,,,,,,Y,,,Y,Y,Y,,,Y,,,Y,Y
2024,4717,Dakota Valley Elec Coop Inc,ND,Cooperative,MRO,,,Y,,,,,,,,,,,,,,,,,Y,,,,,,
2024,4720,Dakota Energy Coop Inc,SD,Cooperative,SPP,,,N,,,,Y,,,,,,N,,,Y,,,,Y,,,,,,
2024,4743,"Consumers Power, Inc",OR,Cooperative,WECC,,,,,,,,,,,,,,,,,,,,Y,,,,,Y,Y
2024,4744,Dalton Utilities,GA,Municipal,SERC,,,,,,Y,,,,N,,,,,,Y,Y,Y,,Y,,,,Y,Y,Y
2024,4794,City of Danville - (VA),VA,Municipal,RFC,,,,,Y,,,,,,Y,,,,,,,,,,,,,Y,,
2024,4848,Daviess Martin County R E M C,IN,Cooperative,RFC,,,,,Y,,,,,,,,,Y,,,,,,Y,,,,,,
2024,4911,Dawson Power District,NE,Political Subdivision,MRO,,,Y,,,,N,,,,,,Y,,,,,Y,,Y,,,,,Y,Y
2024,4920,City of Dayton - (TN),TN,Municipal,SERC,,,,,,Y,,,,,,,,,,,,,,Y,,,,,,
2024,4922,Dayton Power & Light Co,OH,Investor Owned,RFC,,,,,Y,,,,,,Y,,,,,,N,Y,Y,Y,,Y,,,Y,Y
2024,4939,"Deaf Smith Electric Coop, Inc",TX,Cooperative,SPP,,,,,,,Y,,,,,,Y,,,,,N,,Y,,,N,,,
2024,4958,Decatur Utilities,AL,Municipal,SERC,,,,,,Y,,,,,,,,,,,,,,Y,,,,,,
2024,4960,Decatur County Rural E M C,IN,Cooperative,RFC,,,,,Y,,,,,,,,,Y,,,,,,Y,,,,,,
2024,4975,Deep East Texas Elec Coop Inc,TX,Cooperative,TRE,Y,,,,,Y,Y,,,N,,,Y,N,,,,Y,,Y,,,,,,
2024,5027,Delmarva Power,DE,Investor Owned,RFC,,,,,Y,,,,,,Y,,,,,,,Y,Y,Y,N,Y,,N,Y,Y
2024,5063,City of Denton - (TX),TX,Municipal,TRE,Y,,,,,,,,,Y,,,,,,,Y,Y,,Y,,Y,,Y,Y,Y
2024,5070,Delaware Electric Cooperative,DE,Cooperative,RFC,,,,,Y,,,,,,Y,,,,,,Y,,,Y,,,,,,
2024,5078,"Denton County Elec Coop, Inc",TX,Cooperative,TRE,Y,,,,,,,,,Y,,,,,,,,,,Y,,,,,Y,Y
2024,5086,Delta Montrose Electric Assn,CO,Cooperative,WECC,,,,,,,,Y,,,,,,,,Y,Y,,,Y,,,,,Y,Y
2024,5109,DTE Electric Company,MI,Investor Owned,RFC,,,,,Y,,,,,,,,,Y,,,Y,,Y,Y,,Y,Y,Y,Y,Y
2024,5148,City of Dickson,TN,Municipal,SERC,,,,,,Y,,,,,,,,,,,,,,Y,,,,,,
2024,5175,Dixie Electric Power Assn - (MS),MS,Cooperative,SERC,,,,,,Y,,,,N,,,,Y,,N,,,,Y,,,,,,
2024,5202,Dixie Electric Membership Corp - (LA),LA,Cooperative,SERC,,,,,,Y,,,,,,,N,Y,,,,,,Y,,,,,N,
2024,5204,Dixie Electric Coop - (AL),AL,Cooperative,SERC,,,,,,Y,,,,,,,,,,Y,,,,Y,,,,,Y,Y
2024,5309,City of Dothan - (AL),AL,Municipal,SERC,,,,,,Y,,,,,,,,,,Y,,N,,Y,,,,Y,Y,Y
2024,5325,City of Douglas,GA,Municipal,SERC,,,,,,Y,,,,,,,,,,Y,N,,Y,Y,,,,,Y,Y
2024,5326,PUD No 1 of Douglas County,WA,Political Subdivision,WECC,,,,,,,,Y,,,,,,,,Y,Y,N,,,,,,,N,
2024,5335,City of Dover - (DE),DE,Municipal,RFC,,,,,Y,,,,,,Y,,,,,,Y,,,Y,,,,,N,N
2024,5336,City of Dover - (OH),OH,Municipal,RFC,,,,,Y,,,,,,Y,,,,,,Y,N,Y,Y,,,,Y,N,
2024,5394,Dubois Rural Electric Coop Inc,IN,Cooperative,RFC,,,,,Y,,,,,,,,,Y,,,,,,Y,,,,,,
2024,5399,Duck River Elec Member Corp,TN,Cooperative,SERC,,,,,,Y,,,,,,,,,,,,,,Y,,,,,,
2024,5416,"Duke Energy Carolinas, LLC",NC,Investor Owned,SERC,,,,,,Y,,,,,,,,,,Y,Y,Y,Y,Y,,Y,,Y,Y,Y
2024,5417,Dunn County Electric Coop,WI,Cooperative,MRO,,,,,Y,,,,,,,,,Y,,,,,,Y,,,,,N,
2024,5470,ConocoPhillips Company,TX,Retail Power Marketer,,,,,,,,,,,,,,,,,,N,,Y,,,Y,Y,,,
2024,5480,Town of Danvers,MA,Municipal,NPCC,,,,Y,,,,,,,,,,,Y,,,,,Y,,Y,,Y,Y,Y
2024,5487,Duquesne Light Co,PA,Investor Owned,RFC,,,,,Y,,,,,,,,,,,,,Y,,Y,,,Y,,Y,Y
2024,5509,City of Dyersburg,TN,Municipal,SERC,,,,,,Y,,,,,,,,,,,,,,Y,,,,,,
2024,5535,Egyptian Electric Coop Assn,IL,Cooperative,RFC,,,,,Y,,,,,,,,,Y,,,,,,Y,,,,,Y,Y
2024,5551,City of Eagle River - (WI),WI,Municipal,MISO,,,Y,,N,,,,,,,,,Y,,,,,,Y,,,,,Y,Y
2024,5552,"East River Elec Pwr Coop, Inc",SD,Cooperative,MRO,,,Y,,,,,,,,,,Y,,,N,,Y,Y,,,,,,Y,Y
2024,5574,East Central Energy,MN,Cooperative,MRO,,,Y,,,,,,,,,,,,,,,,,Y,,,,,,
2024,5578,East Mississippi Elec Pwr Assn,MS,Cooperative,SERC,,,,,,Y,,,,,,,,,,,,,,Y,,,,,,
2024,5580,"East Kentucky Power Coop, Inc",KY,Cooperative,SERC,,,,,N,Y,,,,,Y,,,,,N,Y,Y,Y,,,Y,,N,Y,Y
2024,5582,City of East Point - (GA),GA,Municipal,SERC,,,,,,Y,,,,,,,,,,,,,,Y,,Y,,Y,,
2024,5585,Eastern Illinois Elec Coop,IL,Cooperative,RFC,,,,,Y,,,,,,,,,Y,,,,,,Y,,,,,Y,Y
2024,5588,East-Central Iowa Rural Elec Coop,IA,Cooperative,RFC,,,,,Y,,,,,,,,,Y,,,,,,Y,,,,,N,
2024,5598,East Central Oklahoma Elec Coop Inc,OK,Cooperative,SPP,,,,,,,Y,,,,,,Y,,,N,,,,Y,,,,,,
2024,5605,Eastern Iowa Light & Power Coop,IA,Cooperative,MRO,N,,Y,,N,,,,,,,,,Y,,,,,,Y,,,,,N,N
2024,5609,Eastern Maine Electric Coop,ME,Cooperative,NPCC,N,,,Y,,,,,,,,,,,,Y,,Y,Y,Y,,,Y,,,
2024,5625,Easton Utilities Comm,MD,Municipal,RFC,,,,,Y,,,,,,Y,,,,,,Y,,,Y,,,,Y,Y,Y
2024,5644,"Edisto Electric Coop, Inc",SC,Cooperative,SERC,,,,,,Y,,,,,,,,,,Y,,,,Y,,,,,,
2024,5656,Edgecombe-Martin County E M C,NC,Cooperative,SERC,,,,,,Y,,,,,Y,,,,,,,Y,,Y,,,,,,
2024,5661,City of Edmond - (OK),OK,Municipal,SPP,,,,,,,Y,,,,,,Y,,,,,,,Y,,,,,,
2024,5701,El Paso Electric Co,TX,Investor Owned,WECC,N,,,,,,,Y,,,,,,,,Y,Y,Y,Y,Y,,Y,,,Y,Y
2024,5703,Empire Natural Gas Corporation,NY,Retail Power Marketer,RFC,,,,N,Y,,,,,,,Y,,,,,,,,,,,Y,,,
2024,5729,Electrical Dist No8 Maricopa,AZ,Political Subdivision,WECC,,,,,,,,Y,,,,,,,,Y,,,Y,,Y,,,,,
2024,5760,City of Elizabeth City - (NC),NC,Municipal,SERC,,,,,,Y,,,,,,,,,,Y,,Y,N,Y,,,,,Y,Y
2024,5763,City of Elizabethton - (TN),TN,Municipal,SERC,,,,,,Y,,,,,,,,,,,,,,Y,,,,,,
2024,5773,City of Elk River,MN,Municipal,MRO,,,Y,,,,,,,,,,,Y,,,N,Y,Y,Y,,,N,N,Y,Y
2024,5780,Elkhorn Rural Public Pwr Dist,NE,Political Subdivision,SPP,N,,N,,,,Y,,,,,,Y,,,,,,,Y,,,,,,
2024,5832,Elmhurst Mutual Power & Light Co,WA,Cooperative,WECC,,,,,,,,Y,,,,,,,,Y,,,Y,Y,,,N,,N,
2024,5860,Empire District Electric Co,MO,Investor Owned,SPP,,,,,,,Y,,,,,,Y,,,,Y,Y,Y,Y,,Y,,,Y,Y
2024,5862,"Empire Electric Assn, Inc",CO,Cooperative,WECC,,,,,,,,Y,,,,,,,,Y,Y,,,Y,,,,,,
2024,5880,"Energy Coop of New York, Inc",NY,Retail Power Marketer,NPCC,,,,Y,,,,,,,Y,Y,,,,,,,,,,,Y,,N,
2024,5905,Excelsior Electric Member Corp,GA,Cooperative,SERC,,,,,,Y,,,,,,,,,,,,,,Y,,,,,Y,Y
2024,5929,"Fairfield Electric Coop, Inc",SC,Cooperative,SERC,,,,,,Y,,,,,,,,,,Y,,,,Y,,,N,,,
2024,5930,Village of Fairport - (NY),NY,Municipal,NPCC,,,,Y,,,,,,,,Y,,,,,,,,Y,,,,,Y,Y
2024,5961,Town of Erwin - (TN),TN,Municipal,SERC,,,,,,Y,,,,,,,,,,,,,,Y,,,,,,
2024,5964,"Escambia River Elec Coop, Inc",FL,Cooperative,SERC,,,,,,Y,,,,,,,,,,,,N,,Y,,,,,,
2024,5969,City of Escondido - (CA),CA,Municipal,WECC,,,,,,,,Y,,,,,,,,,Y,,,,,,,,Y,Y
2024,6008,City of Etowah,TN,Municipal,SERC,,,,,,Y,,,,,,,,,,,,,,Y,,,,,,
2024,6022,City of Eugene - (OR),OR,Municipal,WECC,,,,,,,,Y,,,,,,,,Y,Y,Y,Y,Y,,Y,,,Y,Y
2024,6043,City of Evansville,WI,Municipal,MISO,,,Y,,N,,,,,,,,,Y,,,,,,Y,,,,,Y,Y
2024,6149,City of Ellensburg - (WA),WA,Municipal,WECC,,,,,,,,Y,,,,,,,,Y,N,,Y,Y,,,,Y,N,
2024,6169,Fall River Rural Elec Coop Inc,ID,Cooperative,WECC,,,,,,,,Y,,,,,,,,Y,Y,Y,,Y,,,,,N,N
2024,6173,Fannin County Electric Coop,TX,Cooperative,TRE,Y,,,,,,,,,Y,,,,,,,,,,Y,,,,,,
2024,6181,"Farmers Electric Coop, Inc - (MO)",MO,Cooperative,SERC,N,,,,,Y,,,,,,,,,,Y,,,,Y,,,,,N,N
2024,6182,"Farmers Electric Coop, Inc - (TX)",TX,Cooperative,TRE,Y,,,,,,,,,Y,,,,,,,,,,Y,,,,,,
2024,6183,"Fayette Electric Coop, Inc",TX,Cooperative,TRE,Y,,,,,,,,,Y,,,,,,,,,,Y,,,,,,
2024,6194,Farmers Rural Electric Coop Corp - (KY),KY,Cooperative,RFC,,,,,Y,Y,,,,,Y,,,,,,,,,Y,,,,,,
2024,6198,"Farmers Electric Coop, Inc - (NM)",NM,Cooperative,SPP,,,,,,,Y,,,,,,Y,,,,,,,Y,,,,,,
2024,6204,City of Farmington - (NM),NM,Municipal,WECC,,,,,,,,Y,,,,,,,,,Y,Y,Y,Y,,Y,,,Y,Y
2024,6205,City of Farmington - (MO),MO,Municipal,SERC,,,,,Y,,,,,,,,,Y,,,Y,,Y,Y,,,,Y,,
2024,6207,Farmington River Power Company,CT,Investor Owned,NPCC,,,,Y,,,,,,,,,,,,,Y,,,,,,,,N,
2024,6234,City of Fayetteville,TN,Municipal,SERC,,,,,,Y,,,,,,,,,,,,,,Y,,,,,,
2024,6235,Fayetteville Public Works Commission,NC,Municipal,SERC,,,,,,Y,,,N,,,,N,,,Y,Y,,Y,Y,,,,,Y,Y
2024,6258,Federated Rural Electric Assn,MN,Cooperative,MRO,,,Y,,,,,,,,,,,,,,Y,,,Y,,,,,Y,Y
2024,6342,First Electric Coop Corp,AR,Cooperative,SERC,,,,,,Y,,,,,,,N,Y,,,,,,Y,,,,,Y,Y
2024,6369,Fishers Island Utility Co Inc,NY,Investor Owned,NPCC,,,,Y,,,,,,,,,,,Y,,,,,Y,,,,,,
2024,6374,Fitchburg Gas & Elec Light Co,NH,Investor Owned,NPCC,,,,Y,,,,,,,,,,,Y,,N,Y,Y,Y,,Y,,Y,Y,Y
2024,6389,Energy Harbor Generation LLC,OH,Wholesale Power Marketer,RFC,,,,,Y,,,,,,,,,,,,Y,,Y,,,,,,,
2024,6395,Flathead Electric Coop Inc,MT,Cooperative,WECC,,,,,,,N,Y,,,,,,,,Y,Y,,Y,Y,,,,,,
2024,6411,Flint Electric Membership Corp,GA,Cooperative,SERC,,,,,,Y,,,,,,,,,,Y,,,,Y,,,,,Y,Y
2024,6422,City of Florence - (AL),AL,Municipal,SERC,,,,,,Y,,,,,,,,,,,,,,Y,,,,,,
2024,6424,Florence Utility Comm,WI,Municipal,MISO,,,Y,,N,,,,,,,,,Y,,,,,,Y,,,,,,
2024,6427,City of Floresville,TX,Municipal,TRE,Y,,,,,,,,,,,,,,,,,,Y,,,,N,,,
2024,6442,Fleming-Mason Energy Coop Inc,KY,Cooperative,RFC,,,,,Y,,,,,,,,,,,,,,,Y,,,,,,
2024,6443,"Florida Keys El Coop Assn, Inc",FL,Cooperative,FRCC,,Y,,,,,,,,,,,,,,,N,Y,,,,,,,,
2024,6452,Florida Power & Light Co,FL,Investor Owned,"FRCC, SERC",,Y,,,,Y,,,,,Y,,,Y,,,Y,Y,Y,Y,,Y,,,Y,Y
2024,6455,"Duke Energy Florida, LLC",FL,Investor Owned,FRCC,,Y,,,,N,,,,,,,,,,Y,Y,Y,Y,Y,,Y,,,Y,Y
2024,6457,Florida Public Utilities Co,FL,Investor Owned,FRCC,,Y,,,,Y,,,,,,,,,,,,N,Y,Y,,,,,,
2024,6458,Energy Harbor Corp.,TX,Retail Power Marketer,RFC,N,,,,Y,,,,,,Y,,,Y,,,,,,,,Y,Y,,,
2024,6491,Foley Board of Utilities,AL,Municipal,,,,,,,Y,,,,,,,,,,,,,,Y,,,,N,Y,Y
2024,6567,Florida Municipal Power Agency,FL,Municipal,SERC,,Y,,,,Y,,,,,,,,,,Y,Y,,Y,,,Y,,,,
2024,6582,City of Forest Grove,OR,Municipal,WECC,,,N,,,,,Y,,,,,,,,Y,,,Y,Y,,,,,Y,Y
2024,6604,City of Fort Collins - (CO),CO,Municipal,WECC,,,,,,,,Y,,,,,,,,Y,,,,Y,,,,Y,Y,Y
2024,6608,Fort Loudoun Electric Coop,TN,Cooperative,SERC,,,,,,Y,,,,,,,,,,,,,,Y,,,,,,
2024,6610,City of Fort Morgan,CO,Municipal,WECC,,,,,,,,Y,,,,,,,,Y,,,,Y,,,,,,
2024,6612,Fort Payne Improvement Authority,AL,Municipal,SERC,,,,,,Y,,,,,,,,,,,,,,Y,,,,,,
2024,6616,Fort Pierce Utilities Authority,FL,Municipal,SERC,N,N,,,,Y,,,,,,,,,,Y,N,Y,,Y,,,,,Y,Y
2024,6638,City of Fountain,CO,Municipal,WECC,,,,,,,,Y,,,,,,,,Y,,,Y,Y,,,,Y,,
2024,6640,Four County Elec Member Corp,NC,Cooperative,SERC,,,,,,Y,,,,,,,,,,Y,,,,Y,,,,,N,
2024,6641,4-County Electric Power Assn,MS,Cooperative,SERC,,,,,,Y,,,,,,,,,,,,,,Y,,,,,,
2024,6707,City of Frankfort - (IN),IN,Municipal,RFC,,,,,Y,,,,,,,,,Y,,,,,N,Y,,,,,N,
2024,6708,City of Frankfort - (KY),KY,Municipal,SERC,,,,,N,Y,,,,,,,,,,Y,,N,,Y,,Y,,N,,
2024,6709,Easley Combined Utility System,SC,Municipal,SERC,,,,,,Y,,,,,,,,,,Y,Y,,,Y,,,,Y,,
2024,6716,PUD No 1 of Franklin County,WA,Political Subdivision,WECC,,,,,,,,,,,,,,,,,N,,Y,Y,Y,Y,Y,,,
2024,6717,Franklin Electric Coop - (AL),AL,Cooperative,SERC,,,,,,Y,,,,,,,,,,,,,,Y,,,,,,
2024,6718,City of Franklin - (KY),KY,Municipal,SERC,,,,,,Y,,,,,,,,,,,,,,Y,,,,,,
2024,6775,Village of Freeport - (NY),NY,Municipal,NPCC,,,,Y,,,,,,,,Y,,,,,Y,,Y,Y,,,,,Y,Y
2024,6779,City of Fremont - (NE),NE,Municipal,MRO,,,Y,,,,,,,,,,Y,,,,Y,N,,Y,,,,Y,Y,Y
2024,6782,Freeborn Mower Electric Cooperative,MN,Cooperative,MRO,,,Y,,,,,,,,,,,Y,,,,,,Y,,,,,Y,Y
2024,6784,French Broad Elec Member Corp,NC,Cooperative,SERC,,,,,,N,,,,,,,,,,Y,Y,Y,,Y,,,,,Y,Y
2024,6840,City of Fulton - (KY),KY,Municipal,SERC,,,,,Y,Y,,,,,,,,,,,,,,Y,,,,,,
2024,6894,City of Gaffney - (SC),SC,Municipal,SERC,,,,,,Y,,,,,,,,,,,Y,,Y,Y,,,,Y,,
2024,6909,Gainesville Regional Utilities,FL,Municipal,FRCC,,Y,,,,,,,,,,,,,,Y,Y,Y,,Y,,Y,,N,,
2024,6923,City of Gallatin - (TN),TN,Municipal,SERC,,,,,,Y,,,,,,,,,,,,,,Y,,,,,,
2024,6941,City of Garden City,KS,Municipal,SPP,,,,,,,Y,,,,,,Y,,,,N,,,Y,,,,Y,,
2024,6957,"Garkane Energy Coop, Inc",UT,Cooperative,WECC,,,,,,,,Y,,,,,,,,Y,Y,,,Y,,,,,N,
2024,6958,City of Garland - (TX),TX,Municipal,TRE,Y,,,,,,,,,Y,,,,,,,Y,Y,Y,Y,,Y,Y,Y,Y,Y
2024,7004,"Buckeye Power, Inc",OH,Cooperative,RFC,,,,,Y,,,,,,Y,N,,,,N,Y,,Y,,,Y,,,N,
2024,7024,Gascosage Electric Coop,MO,Cooperative,SERC,,,,,,,,,,,,,,,,,,,,Y,,,,,N,
2024,7027,City of Gastonia - (NC),NC,Municipal,SERC,,,,,,Y,,,,,,,,,,Y,,,,Y,,,,,Y,Y
2024,7090,GreyStone Power Corporation,GA,Cooperative,SERC,,,,,,Y,,,,,,,,,,Y,,,,Y,,,,,Y,Y
2024,7096,City of Geneva- (IL),IL,Municipal,RFC,,,,,Y,,,,,,Y,,,,,,Y,,Y,Y,,Y,,,Y,Y
2024,7129,City of Georgetown - (TX),TX,Municipal,,Y,,,,,,,,,Y,,,,,,,,N,Y,Y,,,Y,Y,N,N
2024,7140,Georgia Power Co,GA,Investor Owned,SERC,,,,,,Y,,,,,,,,,,Y,Y,Y,Y,Y,,,,,Y,Y
2024,7174,Gibson Electric Members Corp,TN,Cooperative,SERC,,,,,,Y,,,,,,,,,,,,,,Y,,,,,,
2024,7197,Georgia Transmission Corp,GA,Transmission,SERC,,,,,,Y,,,,,,,,,,Y,,Y,Y,,,,,,N,N
2024,7222,City of Gillette - (WY),WY,Municipal,WECC,,,,,,,,Y,,,,,,,,,Y,N,,Y,,,,,,
2024,7264,"Glades Electric Coop, Inc",FL,Cooperative,FRCC,,Y,,,,,,,,,,,,,,Y,N,Y,Y,Y,,N,N,,N,
2024,7265,City of Gladstone,MI,Municipal,MISO,,,Y,,N,,,,,,,,,Y,,,,,,Y,,,,,,
2024,7270,City of Glasgow - (KY),KY,Municipal,SERC,,,,,,Y,,,,,,,,,,,,,,Y,,,,,,
2024,7279,"NextEra Energy Services, LLC",TX,Retail Power Marketer,TRE,Y,,,,,,,,N,N,Y,Y,,Y,Y,,,,,,,,N,Y,,
2024,7292,Glencoe Light & Power Comm,MN,Municipal,MRO,,,,,,,,,,,,,,Y,,,Y,,Y,Y,,,,,,
2024,7294,City of Glendale - (CA),CA,Municipal,WECC,,,,,,,,Y,Y,,,,,,,,Y,Y,Y,Y,,Y,Y,Y,Y,Y
2024,7349,"Golden Spread Electric Cooperative, Inc",TX,Cooperative,SPP,Y,,,,,,Y,,,Y,,,Y,,,,Y,Y,Y,,Y,Y,,,,
2024,7353,Golden Valley Elec Assn Inc,AK,Cooperative,AK,,,,,,,,,,,,,,,N,Y,Y,Y,Y,Y,,,,,Y,Y
2024,7450,Grady Electric Membership Corp,GA,Cooperative,SERC,,,,,,Y,,,,,,,,,,,,,,N,,,Y,,,
2024,7483,City of Grand Haven - (MI),MI,Municipal,RFC,,,,,Y,,,,,,N,,,Y,,,N,Y,,Y,,,,,Y,Y
2024,7490,Grand River Dam Authority,OK,State,SPP,,,Y,,,,N,,,,,,Y,,,,Y,Y,Y,Y,N,Y,,,Y,Y
2024,7548,PUD No 1 of Grays Harbor County,WA,Political Subdivision,WECC,,,,,,,,Y,,,,,,,,Y,,,,Y,,Y,Y,,,
2024,7554,Green Mountain Energy Company,TX,Retail Power Marketer,TRE,N,,,,,,,,,Y,Y,Y,,,Y,,,,,,,N,Y,,,
2024,7558,Grayson Rural Electric Coop Corp,KY,Cooperative,ECAR,,,,,Y,Y,,,,,,,,,,,,,,Y,,,,,,
2024,7559,"Grayson-Collin Elec Coop, Inc",TX,Cooperative,TRE,Y,,,,,,,,,,,,,,,,,Y,,Y,,,,Y,N,
2024,7561,"Greenbelt Electric Coop, Inc",TX,Cooperative,SPP,,,,,,,Y,,,,,,N,,,,,,,Y,,,,,,
2024,7563,Grand Valley Power,CO,Cooperative,WECC,,,,,,,,Y,,,,,,,,Y,,,,Y,,,,,,
2024,7570,Great River Energy,MN,Cooperative,MRO,,,Y,,,,,,,,,,,Y,,,Y,Y,Y,,,Y,,,Y,Y
2024,7601,Green Mountain Power Corp,VT,Investor Owned,NPCC,,,,Y,,,,,,,,,,,Y,,Y,Y,Y,Y,Y,Y,Y,,Y,Y
2024,7625,City of Greeneville - (TN),TN,Municipal,SERC,,,,,,Y,,,,,,,,,,,,,,Y,,,,,,
2024,7627,City of Greenfield - (IN),IN,Municipal,RFC,,,,,Y,,,,,,,,,Y,,,,,,Y,,,,,Y,Y
2024,7634,City of Greenville - (TX),TX,Municipal,TRE,Y,,,,,,,,,Y,,,,,,,Y,N,N,N,,N,,N,,
2024,7639,Greenville Utilities Comm,NC,Municipal,SERC,,,,,,Y,,,,,,,,,,Y,,Y,,Y,,,,,Y,Y
2024,7646,Greenwood CPW,SC,Municipal,SERC,,,,,,Y,,,,,,,,,,Y,,,N,Y,,,,Y,,
2024,7651,Greenwood Utilities Comm,MS,Municipal,SERC,,,,,,Y,,,,,,,,Y,,,N,N,,Y,,,,Y,,
2024,7654,Greer Commission of Public Wks,SC,Municipal,SERC,,,,,,Y,,,,,,,,,,,,,,,Y,,,,Y,Y
2024,7679,City of Griffin - (GA),GA,Municipal,SERC,,,,,,Y,,,,,,,,,,Y,,,,Y,,,,,,
2024,7716,Groton Dept of Utilities - (CT),CT,Municipal,NPCC,,,,Y,,,,,,,,,,,Y,,,N,,Y,,,,Y,Y,Y
2024,7751,Guadalupe Blanco River Authority,TX,State,TRE,Y,,,,,,,,,Y,,,,,,,Y,,,,,,,,,
2024,7752,Guadalupe Valley Elec Coop Inc,TX,Cooperative,TRE,Y,,,,,,,,,,,,,,,,,Y,Y,Y,N,,Y,,Y,Y
2024,7785,"Gulf Coast Electric Coop, Inc",FL,Cooperative,SERC,,,,,,,,,,,,,,,,,,,,Y,,,,,,
2024,7827,Guntersville Electric Board,AL,Municipal,SERC,,,,,,Y,,,,,,,,,,,,,,Y,,,,,,
2024,7887,Habersham Electric Membership Corp,GA,Cooperative,SERC,,,,,,Y,,,,,,,,,,Y,,,,Y,,,,,Y,Y
2024,7891,Guernsey-Muskingum El Coop Inc,OH,Cooperative,RFC,,,,,Y,,,,,,Y,,,,,,,,,Y,,,,,,
2024,7908,Hagerstown Light Department,MD,Municipal,RFC,,,,,Y,,,,,,Y,,,,,,,,,Y,N,,,,,
2024,7977,City of Hamilton - (OH),OH,Municipal,RFC,,,,,Y,,,,,,Y,,,N,,,Y,Y,Y,Y,,Y,,Y,Y,Y
2024,7979,Hamilton County Elec Coop Assn,TX,Cooperative,TRE,Y,,,,,,,,,Y,,,,,,,,,,Y,,,,,N,
2024,8000,NineStar Connect,IN,Cooperative,RFC,,,,,Y,,,,,,,,,Y,,,,,,Y,,,,N,N,N
2024,8034,Hancock-Wood Electric Coop Inc,OH,Cooperative,RFC,,,,N,Y,,,,,,Y,,,,,,,,N,Y,,,,,Y,Y
2024,8055,City of Hannibal - (MO),MO,Municipal,SERC,,,,,N,Y,,,,,,,,Y,,,,N,Y,Y,,,,Y,,
2024,8147,City of Harriman - (TN),TN,Municipal,SERC,,,,,,Y,,,,,,,,,,,,,,Y,,,,,,
2024,8179,Harrison County Rural E M C,IN,Cooperative,RFC,,,,,Y,,,,,,,,,Y,,,,,,Y,,,,,N,N
2024,8198,City of Harrisonburg - (VA),VA,Municipal,SERC,,,,,,Y,,,,,Y,,,,,,Y,N,,Y,,,,,,
2024,8210,Hart Electric Member Corp,GA,Cooperative,SERC,,,,,,Y,,,,,,,,,,Y,,,,Y,,,,,,
2024,8212,Hartford Electric,WI,Municipal,MISO,,,Y,,N,,,,,,,,,Y,,,,,,Y,,,,,,
2024,8226,City of Hartselle,AL,Municipal,SERC,,,,,,Y,,,,,,,,,,,,,,Y,,,,,,
2024,8245,City of Hastings - (NE),NE,Municipal,MRO,,,Y,,,,,,,,,,Y,,,,Y,N,Y,Y,,Y,,Y,N,N
2024,8287,Hawaii Electric Light Co Inc,HI,Investor Owned,HI,,,,,,,,Y,,,,,,,,,Y,Y,,Y,,,,,Y,Y
2024,8319,Heartland Power Coop,IA,Cooperative,MRO,,,Y,,,,,,,,,,,Y,,,,,,Y,,,,,,
2024,8333,Haywood Electric Member Corp,NC,Cooperative,SERC,,,,,,Y,,,,,,,,,,,,,,Y,,,,,,
2024,8447,Hendricks County Rural E M C,IN,Cooperative,RFC,,,,,Y,,,,,,,,,Y,,,,,,Y,,,,,Y,Y
2024,8449,Henderson City Utility Comm,KY,Municipal,SERC,,,,,N,Y,,,,,,,,Y,,,N,Y,Y,Y,,Y,,,,
2024,8548,City of Hickman,KY,Municipal,SERC,,,,,Y,Y,,,,,,,,,,,,,,Y,,,,,,
2024,8566,High Plains Power Inc,WY,Cooperative,WECC,,,,,,,,Y,,,,,,,,Y,,,,Y,,,,,,
2024,8570,Highline Electric Assn,CO,Cooperative,WECC,,,Y,,,,,Y,,,,,,,,Y,,,,Y,,,,,Y,Y
2024,8571,Town of High Point,NC,Municipal,SERC,,,,,,Y,,,,,,,,,,Y,,,,Y,,,,,Y,Y
2024,8620,"HILCO Electric Cooperative, Inc.",TX,Cooperative,TRE,Y,,,,,,,,,Y,,,,,,,,,,Y,,,,,,
2024,8699,Inland Power & Light Company,WA,Cooperative,WECC,,,,,,,,Y,,,,,,,,Y,,N,,Y,Y,,,,Y,Y
2024,8723,City of Holland,MI,Municipal,RFC,,,,,Y,,,,,,,,,Y,,,Y,N,Y,Y,,,,,Y,Y
2024,8748,City of Holly Springs,MS,Municipal,SERC,,,,,,Y,,,,,,,,,,,,,,Y,,,,,,
2024,8761,Holmes-Wayne Electric Coop Inc,OH,Cooperative,RFC,,,,,Y,,,,,,Y,,,,,,,,,Y,,,,,N,
2024,8764,"Holston Electric Coop, Inc",TN,Cooperative,SERC,,,,,,Y,,,,,,,,,,,,,,Y,,,,,,
2024,8773,"Holy Cross Electric Assn, Inc",CO,Cooperative,WECC,,,,,,,Y,N,,,,,,,,Y,Y,Y,Y,Y,,,,,Y,Y
2024,8774,City of Holyoke - (MA),MA,Municipal,NPCC,,,,Y,,,,,,,,,,,Y,,Y,Y,Y,Y,,Y,,Y,,
2024,8786,Horry Electric Coop Inc,SC,Cooperative,SERC,,,,,,Y,,,,,,,,,,Y,,,,Y,,,,,,
2024,8795,City of Homestead - (FL),FL,Municipal,FRCC,,Y,,,,Y,,,,,,,,,,Y,Y,Y,Y,Y,,Y,,,N,
2024,8840,City of Hope - (AR),AR,Municipal,SPP,Y,,,,,,Y,,,,,,Y,,,,,,,Y,,,,,,
2024,8846,City of Hopkinsville,KY,Municipal,SERC,,,,,,Y,,,,,,,,,,,,,,Y,,,,,,
2024,8883,Houlton Water Company,ME,Municipal,NPCC,,,,Y,,,,,,,,,,,,N,,,,Y,,,,,,
2024,8884,Terrebonne Parish Consol Gov't,LA,Municipal,SPP,,,,,,,Y,,,,,,Y,Y,,,N,,Y,Y,,,,Y,,
2024,8898,Houston County Elec Coop Inc,TX,Cooperative,TRE,Y,,N,,,,Y,,,Y,,,Y,N,,,,Y,,Y,,,Y,,,
2024,8901,CenterPoint Energy,TX,Investor Owned,TRE,Y,,,,,,,,,Y,,,,,,,,Y,Y,Y,,,,,Y,Y
2024,8934,"Howell-Oregon Elec Coop, Inc",MO,Cooperative,SERC,,,,,,Y,,,,,,,,,,Y,,,,Y,,,,,,
2024,8973,Town of Hudson - (MA),MA,Municipal,NPCC,,,,Y,,,,,,,,,,,Y,,Y,,Y,Y,,Y,Y,,,
2024,9023,City of Humboldt,TN,Municipal,SERC,,,,,,Y,,,,,,,,,,,,,,Y,,,,,,
2024,9087,Town of Huntersville - (NC),NC,Municipal,SERC,,,,,,Y,,,,,,,,,,Y,,,,Y,,,,,,
2024,9094,City of Huntsville - (AL),AL,Municipal,SERC,,,,,,Y,,,,,,,,,,,,,,Y,,,,,,
2024,9096,City of Lafayette - (LA),LA,Municipal,SPP,,,,,,,Y,,,,,,N,Y,,,Y,N,Y,Y,Y,Y,,,,
2024,9124,Hustisford Utilities,WI,Municipal,MISO,,,Y,,N,,,,,,,,,Y,,,,,,Y,,,,,,
2024,9130,Hutchinson Utilities Comm,MN,Municipal,MRO,,,Y,,,,,,,,,,,Y,,,Y,,Y,Y,,Y,Y,Y,,
2024,9187,City of Idaho Falls - (ID),ID,Municipal,WECC,,,,,,,,Y,,,,,,,,Y,Y,,,Y,,Y,,,Y,Y
2024,9191,Idaho Power Co,ID,Investor Owned,WECC,,,,,,,,Y,,,,,,,,Y,Y,Y,Y,Y,,Y,,,Y,Y
2024,9216,Imperial Irrigation District,CA,Political Subdivision,WECC,,,,,,,,Y,Y,,,,,,,,Y,Y,Y,Y,,,,,Y,Y
2024,9230,City of Independence - (IA),IA,Municipal,MISO,,,Y,,,,,,,,,,,Y,,,Y,,,Y,,,,,,
2024,9231,City of Independence - (MO),MO,Municipal,SPP,,,Y,,,,N,,,,,,Y,,,,Y,Y,Y,Y,,Y,,,Y,Y
2024,9234,Indiana Municipal Power Agency,IN,Political Subdivision,RFC,,,,N,Y,,,,,,Y,,,Y,,,Y,Y,Y,,,Y,,,Y,Y
2024,9246,"Indian Electric Coop, Inc",OK,Cooperative,SPP,,,,,,,Y,,,,,,Y,,,,,,,Y,,,,,Y,Y
2024,9267,"Hoosier Energy R E C, Inc",IN,Cooperative,RFC,,,,,Y,Y,,,,,Y,,,Y,,,Y,Y,Y,,,Y,,,Y,Y
2024,9269,Indiana-Kentucky Electric Corp,OH,Investor Owned,RFC,,,,,Y,,,,,,Y,,,,,N,Y,,,,,,,,,
2024,9273,AES Indiana,IN,Investor Owned,RFC,,,,,Y,,,,,,,,,Y,,,Y,Y,Y,Y,,Y,,,Y,Y
2024,9286,Illinois Municipal Elec Agency,IL,Municipal Mktg Authority,SERC,,,,,N,Y,,,,,Y,,,Y,,,Y,,Y,,Y,Y,,,Y,Y
2024,9292,Inter County Energy Coop Corp - (KY),KY,Cooperative,RFC,,,,,Y,,,,,,Y,,,,,,,,,Y,,,,,,
2024,9324,Indiana Michigan Power Co,IN,Investor Owned,RFC,,,,,Y,,,,,,Y,,,,,,Y,Y,Y,Y,,Y,,,Y,Y
2024,9331,Intercounty Electric Coop Assn - (MO),MO,Cooperative,SERC,,,,,,,Y,,,,,,Y,,,,,,,Y,,,,,Y,Y
2024,9336,CORE Electric Cooperative,CO,Cooperative,WECC,,,,,,,,Y,,,,,,,,Y,Y,Y,Y,Y,,N,,,,
2024,9417,Interstate Power and Light Co,IA,Investor Owned,MRO,,,Y,,,,,,,,,,,Y,,,Y,,Y,Y,Y,Y,N,N,Y,Y
2024,9425,Iowa Lakes Electric Coop,IA,Cooperative,MRO,,,N,,,,Y,,,,,,Y,,,N,Y,,,Y,,,,,N,N
2024,9475,Itasca-Mantrap Co-op Electrical Assn,MN,Cooperative,MRO,,,Y,,,,,,,,,,,Y,,,,,,Y,,,,,Y,Y
2024,9575,Jackson Energy Coop Corp - (KY),KY,Cooperative,SERC,,,,,N,Y,,,,,Y,,,,,,,,,Y,,,,,N,N
2024,9576,Jackson County Rural E M C - (IN),IN,Cooperative,RFC,,,,,Y,,,,,,,,,Y,,,,,,Y,,,,,N,
2024,9590,"Jackson Electric Coop, Inc - (TX)",TX,Cooperative,TRE,Y,,,,,,,,,,,,,,,,,,,Y,,,,,N,
2024,9601,Jackson Electric Member Corp - (GA),GA,Cooperative,SERC,,,,,,Y,,,,,,,,,,Y,,,,Y,,,,,Y,Y
2024,9605,Jackson Purchase Energy Corporation,KY,Cooperative,SERC,,,,,,Y,,,,,,,,Y,,,,,,Y,,,,,,
2024,9612,City of Jackson - (TN),TN,Municipal,SERC,,,,,,Y,,,,,,,,,,,,,,Y,,,,,,
2024,9613,City of Lebanon - (IN),IN,Municipal,RFC,,,,,Y,,,,,,,,,Y,,,,N,,Y,,,,,,
2024,9616,Beaches Energy Services,FL,Municipal,SERC,,N,,,,Y,,,,,,,,,,Y,,N,Y,Y,,,,Y,N,
2024,9617,JEA,FL,Municipal,FRCC,,Y,,,,,,,,,,,,,,Y,Y,Y,,Y,,,,,Y,Y
2024,9645,Jamestown Board of Public Util,NY,Municipal,NPCC,,,,Y,,,,,,,,Y,,,,,Y,,Y,Y,,,,Y,Y,Y
2024,9665,Jasper County Rural E M C,IN,Cooperative,RFC,,,,,Y,,,,,,,,,Y,,,,,,Y,,,,,,
2024,9667,City of Jasper - (IN),IN,Municipal,RFC,,,,,Y,,,,,,,,,Y,,,N,N,N,Y,,,,Y,,
2024,9668,"Jasper-Newton Elec Coop, Inc",TX,Cooperative,MRO,N,,Y,,,Y,,,,N,,,N,Y,,,,Y,,Y,,,,,N,
2024,9682,"Jefferson Davis Elec Coop, Inc",LA,Cooperative,SERC,,,,,,Y,,,,,,,Y,,,,,,,Y,,,,,,
2024,9689,Jefferson Electric Member Corp,GA,Cooperative,SERC,,,,,,Y,,,,,,,,,,,,,,Y,,,,,Y,Y
2024,9690,Jefferson Utilities,WI,Municipal,MISO,,,Y,,N,,,,,,,,,Y,,,,,,Y,,,,,,
2024,9697,City of Jellico,TN,Municipal,SERC,,,,,,Y,,,,,,,,,,,,,,Y,,,,,,
2024,9699,"Jemez Mountains Elec Coop, Inc",NM,Cooperative,WECC,N,,,,,,,Y,,,,,Y,,,,,,,Y,,,,,Y,Y
2024,9726,Jersey Central Power & Lt Co,OH,Investor Owned,RFC,,,,,Y,,,,,,Y,,,,,,N,Y,N,Y,,Y,Y,,Y,Y
2024,9739,Joe Wheeler Elec Member Corp,AL,Cooperative,SERC,,,,,,Y,,,,,,,,,,,,,,Y,,,,,,
2024,9750,"Jo-Carroll Energy, Inc",IL,Cooperative,MRO,,,Y,,,Y,,,,,,,,Y,,,Y,,,Y,,,,Y,Y,Y
2024,9777,Johnson City - (TN),TN,Municipal,SERC,,,,,,Y,,,,,,,,,,,,,,Y,,,,,,
2024,9778,Johnson County Rural E M C,IN,Cooperative,RFC,,,,,Y,,,,,,,,,Y,,,,,,Y,,,,,Y,Y
2024,9837,Jones-Onslow Elec Member Corp,NC,Cooperative,SERC,,,,,N,Y,,,,,,,,,,,,,,Y,,,,,,
2024,9879,City Water and Light Plant,AR,Municipal,SPP,,,,,,,Y,,,,,,N,Y,,,Y,Y,Y,Y,,,,,N,N
2024,9936,Juneau Utility Comm,WI,Municipal,MISO,,,Y,,N,,,,,,,,,Y,,,,,,Y,,,,,,
2024,9949,Just Energy,CN,Retail Power Marketer,,N,,,,,,,,,,,,,,,,,,,,,,Y,,,
2024,9961,Kansas Electric Power Coop Inc,KS,Cooperative,MRO,,,Y,,,,N,N,,,,,Y,,,,Y,,Y,,,,,,,
2024,9964,Kenergy Corp,KY,Cooperative,,,,,,Y,Y,,,,,,,,Y,,,,,,Y,,,,,,
2024,9979,KAMO Electric Coop Inc,OK,Cooperative,SPP,,,,,,Y,,,,,,,N,,,Y,N,Y,Y,,,,,,,
2024,9996,City of Kansas City - (KS),KS,Municipal,SPP,,,,,,,Y,,,,,,Y,,,,Y,Y,Y,Y,Y,Y,Y,Y,Y,Y
2024,9999,Kankakee Valley Rural E M C,IN,Cooperative,RFC,,,,,Y,,,,,,,,,,,,,,,Y,N,,,,Y,Y
2024,10000,Evergy Metro,MO,Investor Owned,MRO,,,Y,,,,N,,,,,,Y,,,,Y,Y,Y,Y,,Y,,,Y,Y
2024,10005,"Evergy Kansas South, Inc",KS,Investor Owned,MRO,N,,Y,,N,N,N,N,,N,N,N,Y,N,,,Y,Y,Y,Y,N,Y,,,Y,Y
2024,10009,Karnes Electric Coop Inc,TX,Cooperative,TRE,Y,,,,,,,,,Y,,,,,,,,,,Y,,,,,,
2024,10012,Kay Electric Coop,OK,Cooperative,SPP,,,,,,,Y,,,,,,Y,,,N,,,,Y,,,,,,
2024,10019,FreeState Electric Coop,KS,Cooperative,SPP,,,,,,,Y,,,,,,Y,,,,Y,,,Y,,,,,,
2024,10035,Kansas Municipal Energy Agency,KS,Municipal Mktg Authority,SPP,,,,,,,Y,,,,,,Y,,,,Y,,Y,,,Y,,,,
2024,10056,City of Kaukauna,WI,Municipal,MISO,,,Y,,N,,,,,,,,,Y,,,Y,,,Y,,,,,Y,Y
2024,10066,K C Electric Association,CO,Cooperative,WECC,,,,,,,,Y,,,,,,,,Y,,,,Y,,,,,,
2024,10071,Kauai Island Utility Cooperative,HI,Cooperative,HICC,,,,,,,,,,,,,,,,,Y,Y,N,Y,,,,,Y,Y
2024,10170,"Kiamichi Electric Coop, Inc",OK,Cooperative,SPP,,,,,,,Y,,,,,,,,,,,,,Y,,,,,Y,Y
2024,10171,Kentucky Utilities Co,KY,Investor Owned,SERC,N,N,,,N,Y,,,N,,N,,,,,Y,Y,Y,Y,Y,,Y,,,Y,Y
2024,10210,Ketchikan Public Utilities,AK,Municipal,AK,,,,,,,,,,,,,,,,,Y,N,Y,Y,,,,Y,,
2024,10226,"Utility Board of the City of Key West, F",FL,Municipal,,,Y,,,,,,,,,,,,,,Y,N,Y,Y,Y,,,,,Y,Y
2024,10325,Kings River Conservation Dist,CA,Political Subdivision,WECC,,,,,,,,Y,Y,,,,,,,,Y,,,,,,,,N,N
2024,10331,Kingsport Power Co,OH,Investor Owned,RFC,,,,,Y,,,,,,Y,,,,,,,Y,,Y,N,,,,Y,Y
2024,10345,City of Kinston - (NC),NC,Municipal,SERC,N,,,,,Y,,,,,,,,,,Y,,N,,Y,,,,,,
2024,10370,City of Kirkwood - (MO),MO,Municipal,RFC,,,,,Y,,,,,,,,,Y,,,,,,Y,,,,,Y,Y
2024,10376,Kissimmee Utility Authority,FL,Municipal,FRCC,,Y,,,,,,,,,,,,,,Y,N,N,Y,Y,,,,Y,Y,Y
2024,10378,"Kit Carson Electric Coop, Inc",NM,Cooperative,WECC,,,,,,,,Y,,,,,,,,Y,,,,Y,,,,,Y,Y
2024,10393,PUD No 1 of Klickitat County,WA,Political Subdivision,WECC,,,,,,,,Y,,,,,,,,Y,Y,Y,Y,Y,,Y,,Y,Y,Y
2024,10421,Knoxville Utilities Board,TN,Municipal,SERC,,,,,,Y,,,,,,,,,,,,,,Y,,,,,,
2024,10433,Kodiak Electric Assn Inc,AK,Cooperative,AK,,,,,,,,,,,,,,,,Y,Y,Y,,Y,,,,,Y,Y
2024,10448,Kosciusko County Rural E M C,IN,Cooperative,RFC,,,,,Y,,,,,,,,,,,,,,,Y,,,,,Y,Y
2024,10451,Kotzebue Electric Assn Inc,AK,Cooperative,AK,,,,,,,,,,,,,,,,Y,Y,,,Y,,,,,Y,Y
2024,10454,Kootenai Electric Cooperative,ID,Cooperative,WECC,,,,,,,,Y,,,,,,,,Y,Y,Y,Y,Y,,Y,,,,
2024,10508,Village of L'Anse - (MI),MI,Municipal,MISO,,,Y,,N,,,,,,,,,Y,,,,,,Y,,,,,,
2024,10539,"La Plata Electric Assn, Inc",CO,Cooperative,WECC,,,,,,,,Y,,,,,,,,Y,Y,,,Y,,,,,Y,Y
2024,10574,L & O Power Co-operative,IA,Cooperative,MRO,,,Y,,,,Y,,,,,,Y,,,,,Y,,,,,,,,
2024,10579,City of LaFollette,TN,Municipal,SERC,,,,,,Y,,,,,,,,,,,,,,Y,,,,,,
2024,10585,City of La Grange - (GA),GA,Municipal,SERC,,,,,,Y,,,,,,,,,,Y,,,,Y,,,,Y,,
2024,10596,City of Lake Crystal - (MN),MN,Municipal,MRO,,,Y,,,,,,,,,,,Y,,,Y,,,Y,,,,,,
2024,10599,"Lake Region Electric Coop, Inc - (OK)",OK,Cooperative,SPP,,,,,N,N,,,,,,,,,,,,,,Y,Y,,Y,,Y,Y
2024,10603,"Laclede Electric Coop, Inc",MO,Cooperative,SERC,,,,,,Y,Y,,,N,,,Y,,,,,,,Y,,,,,,
2024,10605,Lake Mills Light & Water,WI,Municipal,MISO,,,Y,,N,,,,,,,,,Y,,,,,,Y,,,,,Y,Y
2024,10618,Lake Region Electric Cooperative - (MN),MN,Cooperative,MRO,,,Y,,,,,,,,,,,Y,,,,,,Y,,,,,Y,Y
2024,10620,City of Lake Worth Beach - (FL),FL,Municipal,SERC,,N,,,,Y,,,,,,,,,,Y,Y,,Y,N,,,,N,Y,Y
2024,10623,City of Lakeland - (FL),FL,Municipal,FRCC,,Y,,,,,,,,,,,,,,N,Y,Y,Y,Y,,Y,,Y,Y,Y
2024,10624,Southern Rivers Energy,GA,Cooperative,SERC,,,,,,Y,,,,,,,,,,,,,,Y,,,,,,
2024,10625,"Lamb County Electric Coop, Inc",TX,Cooperative,SPP,,,,,,,Y,,,,,,N,,,,,,,Y,,,,,,
2024,10627,Lakeview Light & Power,WA,Cooperative,WECC,,,,,,,,Y,,,,,,,,Y,,,Y,Y,Y,,,,,
2024,10649,Lamar County Elec Coop Assn,TX,Cooperative,TRE,Y,,,,,,,,,Y,,,,,,,,Y,,Y,,,,,,
2024,10668,Licking Rural Electric Inc,OH,Cooperative,RFC,,,,,Y,,,,,,Y,,,,,,,Y,,Y,,,,,,
2024,10681,Lane Electric Coop Inc,OR,Cooperative,WECC,,,,,,,,Y,,,,,,,,Y,N,,Y,Y,,,,,Y,Y
2024,10697,Lake Country Power,MN,Cooperative,MRO,,,Y,,,,,,,,,,,Y,,,,,,Y,,,,,Y,Y
2024,10704,City of Lansing - (MI),MI,Municipal,RFC,,,,,Y,,,,,,,,,Y,,,Y,Y,Y,Y,Y,Y,Y,Y,Y,Y
2024,10768,"Laurens Electric Coop, Inc",SC,Cooperative,SERC,,,,,,Y,,,,,,,,,,Y,,,,Y,,,,,,
2024,10799,City of Lawrenceburg,TN,Municipal,SERC,,,,,,Y,,,,,,,,,,,,,,Y,,,,,,
2024,10800,City of Lawrenceville - (GA),GA,Municipal,SERC,,,,,,Y,,,,,,,,,,,,,,Y,,,Y,Y,,
2024,10817,"Lea County Electric Coop, Inc - (NM)",NM,Cooperative,SPP,,,,,,,Y,,,,,,,,,,,N,,Y,,,,,,
2024,10830,City of Lebanon - (OH),OH,Municipal,RFC,,,,,Y,,,,,,Y,,,N,,,N,Y,Y,Y,Y,,,Y,,
2024,10832,City of Lebanon - (MO),MO,Municipal,SERC,,,,,,Y,N,,,,,,Y,,,,,N,Y,Y,,,,Y,,
2024,10857,"Lee County Electric Coop, Inc - (FL)",FL,Cooperative,FRCC,,N,,,,Y,,,,,,,,,,Y,,,,Y,,,,,N,Y
2024,10868,City of Leesburg - (FL),FL,Municipal,FRCC,,Y,,,,Y,,,,,,,,,,Y,N,,,Y,,,,Y,,
2024,10879,Lehi City Corporation,UT,Municipal,WECC,,,,,,,,Y,Y,,,,,,,N,Y,,N,Y,,,,,N,
2024,10906,City of Lenoir - (TN),TN,Municipal,SERC,,,,,,Y,,,,,,,,,,,,,,Y,,,,,,
2024,10944,PUD No 1 of Lewis County,WA,Political Subdivision,WECC,,,,,,,,Y,,,,,,,,Y,N,Y,Y,Y,,Y,,,N,
2024,10960,City of Lewisburg - (TN),TN,Municipal,SERC,,,,,,Y,,,,,,,,,,,,,,Y,,,,,,
2024,10966,City of Lexington - (NC),NC,Municipal,SERC,,,,,,Y,,,,,,,,,,,,N,,Y,,,,,Y,Y
2024,10967,City of Lexington - (NE),NE,Municipal,MRO,,,Y,,,,,,,,,,Y,N,,N,,,,Y,,,N,,Y,Y
2024,10968,City of Lexington - (TN),TN,Municipal,SERC,,,,,,Y,,,,,,,,,,,,,,Y,,,,,,
2024,11011,Licking Valley Rural E C C,KY,Cooperative,RFC,,,,,Y,,,,,,Y,,,,,N,N,,Y,Y,,,,N,N,
2024,11014,"Lighthouse Electric Coop, Inc",TX,Cooperative,SPP,Y,,,,,,Y,,,Y,,,Y,,,,N,,,Y,,,,,,
2024,11018,Lincoln Electric System,NE,Municipal,MRO,,,Y,,,N,N,N,,,,,Y,,,,Y,Y,Y,Y,,Y,,,Y,Y
2024,11053,Linn County REC,IA,Cooperative,MRO,,,Y,,,,,,,,,,,Y,,,,,,Y,,,,,,
2024,11085,Town of Littleton - (MA),MA,Municipal,NPCC,,,,,,,,,,,,,,,Y,,N,,,Y,,N,,,Y,Y
2024,11118,Lockhart Power Co,SC,Investor Owned,SERC,,,,,,Y,,,,,,,,,,Y,Y,N,,Y,Y,,,,Y,Y
2024,11124,City of Lodi - (CA),CA,Municipal,WECC,,,,,,,,Y,Y,,,,,,,,,,,Y,,,,,Y,Y
2024,11125,City of Lodi - (WI),WI,Municipal,MISO,,,Y,,N,,,,,,,,,Y,,,,,,Y,,,,,,
2024,11135,City of Logan - (UT),UT,Municipal,WECC,,,,,,,,Y,N,,,,,,,,Y,,Y,Y,,,,,,
2024,11142,City of Logansport - (IN),IN,Municipal,RFC,,,,,Y,,,,,,,,,,,Y,N,,,Y,,,,,,
2024,11171,Long Island Power Authority,NY,State,NPCC,N,,,Y,,,,,,,,Y,,,,,Y,Y,Y,Y,,Y,Y,,Y,Y
2024,11187,City of Longmont,CO,Municipal,WECC,,,,,,,,Y,,,,,,,,,Y,,,Y,,,,,Y,Y
2024,11200,"Lorain-Medina R E C, Inc",OH,Cooperative,RFC,,,,,Y,,,,,,Y,,,,,,,,,Y,,,,N,Y,Y
2024,11204,Los Alamos County,NM,Municipal,WECC,,,,,,,,Y,,,,,,,,Y,Y,,Y,Y,,Y,Y,Y,Y,Y
2024,11208,Los Angeles Department of Water & Power,CA,Municipal,WECC,,,,,,,,Y,N,,,,,,,Y,Y,Y,Y,Y,,Y,,Y,Y,Y
2024,11222,Loudon Utilities Board,TN,Municipal,SERC,,,,,,Y,,,,,,,,,,,,,,Y,,,,,,
2024,11235,Lafayette Public Power Authority,LA,Political Subdivision,SPP,,,,,,,Y,N,,,,,N,Y,,,Y,,Y,,,,,,,
2024,11241,Entergy Louisiana LLC,LA,Investor Owned,SERC,,,,,,Y,,,,,,,,Y,,,Y,Y,Y,Y,Y,,,Y,Y,Y
2024,11247,Louisville Electric System,MS,Municipal,SERC,,,,,,Y,,,,,,,,,,,,,,Y,,,,,,
2024,11249,Louisville Gas & Electric Co,KY,Investor Owned,SERC,,,,,N,Y,,,N,N,N,,,,,Y,Y,Y,Y,Y,,Y,N,Y,Y,Y
2024,11251,Loup River Public Power Dist,NE,Political Subdivision,MRO,,,,,,,Y,,,,,,Y,N,,,Y,Y,,Y,N,,,,Y,Y
2024,11256,City of Loveland - (CO),CO,Municipal,WECC,,,,,,,,Y,,,,,,,,,Y,Y,Y,Y,,,,Y,,
2024,11269,Lower Colorado River Authority,TX,Political Subdivision,TRE,Y,,,,,,,,,Y,,,,,,,Y,Y,Y,N,Y,Y,,N,Y,Y
2024,11272,"Lower Yellowstone R E A, Inc",MT,Cooperative,SPP,,,N,,,,Y,,,,,,Y,,,N,,N,N,Y,N,,,,,
2024,11273,Lower Valley Energy Inc,WY,Cooperative,WECC,,,,,,,,Y,,,,,,,,Y,Y,Y,Y,Y,,N,,Y,Y,Y
2024,11291,Lumbee River Elec Member Corp,NC,Cooperative,SERC,N,,,,,Y,,,,,,,,,,Y,,N,,Y,,N,,,N,
2024,11292,City of Lubbock - (TX),TX,Municipal,TRE,Y,,N,,,,N,,,Y,,,N,,,,N,Y,N,Y,,,Y,N,,
2024,11318,City of Lumberton - (NC),NC,Municipal,SERC,,,,,,Y,,,,,,,,,,Y,,,,Y,,,,,,
2024,11355,"Lynches River Elec Coop, Inc",SC,Cooperative,SERC,,,,,,Y,,,,,,,,,,,,,,Y,,,,,,
2024,11364,"Lyntegar Electric Coop, Inc",TX,Cooperative,SPP,Y,,,,N,,Y,,,Y,,,Y,,,,,Y,,Y,,,,,,
2024,11380,M & A Electric Power Coop,MO,Cooperative,SERC,,,,,,Y,,,,,,,,,,Y,,Y,,,,,,,,
2024,11458,City of Macon - (MS),MS,Municipal,SERC,,,,,,Y,,,,,,,,,,,,,,Y,,,,,,
2024,11463,Macon Electric Coop,MO,Cooperative,SERC,,,,,,,Y,,,,,,,,,Y,,,,Y,,,,,Y,Y
2024,11475,City of Madison - (SD),SD,Municipal,MRO,,,,,,,,,,,,,,,,,,,,Y,,,,,,
2024,11477,Town of Madison - (ME),ME,Municipal,NPCC,,,,Y,,,,,,,,,,,Y,,,,,Y,,,,,N,
2024,11479,Madison Gas & Electric Co,WI,Investor Owned,RFC,,,,,Y,,,,,,,,,Y,,,Y,,Y,Y,,,Y,Y,Y,Y
2024,11488,Madisonville Municipal Utils,KY,Municipal,RFC,,,,,Y,,,,,,,,,,,,,,,Y,,,,,,
2024,11501,Magic Valley Electric Coop Inc,TX,Cooperative,TRE,Y,,,,,,,,,Y,,,,,,,,,N,Y,,,,,N,
2024,11519,Magnolia Electric Power Assn,MS,Cooperative,SERC,,,,,,Y,,,,,,,,,,,,,,Y,,,,,N,
2024,11521,"Maine Electric Power Co, Inc",ME,Transmission,NPCC,N,,,Y,,,,,,,,,,,Y,,,Y,,,,,,,,
2024,11560,City of Manassas - (VA),VA,Municipal,,,,,,,Y,,,,,Y,,,,,,Y,N,,Y,,,,Y,,
2024,11571,Manitowoc Public Utilities,WI,Municipal,MRO,,,Y,,N,,,,,,,,,Y,,,Y,,Y,Y,,Y,,Y,Y,Y
2024,11586,Town of Mansfield - (MA),MA,Municipal,NPCC,,,,Y,,,,,,,,,,,Y,,,,Y,Y,,,,,,
2024,11611,City of Maquoketa - (IA),IA,Municipal,MISO,,,Y,,,,,,,,,,,Y,,,Y,N,N,Y,,,,,,
2024,11646,City of Marietta - (GA),GA,Municipal,SERC,,,,,,Y,,,,,,,,,,,,,,Y,,,N,Y,Y,Y
2024,11701,City of Marquette - (MI),MI,Municipal,RFC,,,,,Y,,,,,,,,,Y,,,Y,N,Y,Y,,,,,N,N
2024,11714,Marshall-De Kalb Electric Coop,AL,Cooperative,SERC,,,,,,Y,,,,,,,,,,,,,,Y,,,,,,
2024,11731,City of Marshall - (MN),MN,Municipal,MRO,,,Y,,,,,,,,,,,Y,,,Y,N,Y,Y,,,,Y,,
2024,11740,City of Marshfield - (WI),WI,Municipal,MRO,,,Y,,,,,,,,,,,Y,,,Y,,Y,Y,,N,,Y,Y,Y
2024,11788,Consumers Energy Coop - (IA),IA,Cooperative,MRO,,,Y,,N,,,,,,,,,Y,,,,,,Y,,,,,N,N
2024,11789,Maryville Utilities,TN,Municipal,SERC,,,,,,Y,,,,,,,,,,,,,,Y,,,,,,
2024,11804,Massachusetts Electric Co,NY,Investor Owned,NPCC,,,,Y,,,,,,,,,,,Y,,,,,Y,,,,,Y,Y
2024,11806,Massachusetts Mun Wholes Electric Co,MA,Political Subdivision,NPCC,,,,Y,,,,,,,,,,,Y,,Y,N,,,,Y,,,,
2024,11811,Town of Massena - (NY),NY,Municipal,NPCC,,,,Y,,,,,,,,Y,,,,,,,,Y,,,,,N,N
2024,11824,Matanuska Electric Assn Inc,AK,Cooperative,AK,,,,,,,,,,,,,,,,Y,Y,Y,Y,Y,,Y,,,,
2024,11833,Municipal Energy Agency of MS,MS,Municipal Mktg Authority,SERC,,,,,,Y,,,,,,,,Y,,,,,Y,,,N,,,N,
2024,11843,Maui Electric Co Ltd,HI,Investor Owned,HI,,,,,,,,Y,,,,,,,,,Y,Y,,Y,,,,,Y,Y
2024,11871,City of Mayfield Plant Board,KY,Municipal,SERC,,,,,Y,Y,,,,,,,,,,,,,,Y,,,,,,
2024,12087,McKenzie Electric Coop Inc,ND,Cooperative,MRO,,,Y,,,,,,,,,,Y,,,,,Y,,Y,,,,,N,
2024,12090,"McLean Electric Coop, Inc",ND,Cooperative,MRO,,,Y,,,,,,,,,,,,,,,,,Y,N,,,,,
2024,12186,McMinnville Electric System,TN,Municipal,SERC,,,,,,Y,,,,,,,,,,,,,,Y,,,,,,
2024,12187,City of McMinnville - (OR),OR,Municipal,WECC,,,,,,,,Y,,,,,,,,Y,,,,Y,,,,Y,N,N
2024,12199,Montana-Dakota Utilities Co,ND,Investor Owned,MRO,N,,Y,,,,,Y,,,,,Y,Y,,,Y,Y,Y,Y,,N,,Y,N,N
2024,12208,City of McPherson - (KS),KS,Municipal,MRO,,,Y,,,,N,,,,,,Y,,,,Y,Y,,Y,,,,Y,,
2024,12227,Meeker Coop Light & Power Assn,MN,Cooperative,MRO,,,Y,,,,,,,,,,,Y,,,,,,Y,,,N,N,Y,Y
2024,12243,Meade County Rural E C C,KY,Cooperative,SERC,,,,,Y,Y,,,,,,,,Y,,,,,,Y,,,,,,
2024,12260,Mecklenburg Electric Cooperative,VA,Cooperative,SERC,,,,,,Y,,,,,Y,,,,,,,,,Y,,,,,,
2024,12268,"Medina Electric Coop, Inc",TX,Cooperative,TRE,Y,,,,,,,,,Y,,,,,,,,,,Y,,,,,,N
2024,12293,City of Memphis - (TN),TN,Municipal,SERC,,,,,,Y,,,,,,,,,,Y,,Y,,Y,,,,Y,Y,Y
2024,12298,City of Menasha - (WI),WI,Municipal,MISO,,,Y,,N,,,,,,,,,Y,,,,,,Y,,,,,,
2024,12301,Nodak Electric Coop Inc,ND,Cooperative,MRO,,,Y,,,,,,,,,,,Y,,,,N,,Y,,,,,,
2024,12312,Merced Irrigation District,CA,Political Subdivision,WECC,,,,,,,,Y,,,,,,,,Y,Y,,Y,Y,,Y,,,Y,Y
2024,12323,Miami Power Corporation,OH,Investor Owned,RFC,,,,,Y,,,,,,Y,,,N,,,,Y,,,,,,,N,N
2024,12330,Meriwether Lewis Electric Coop,TN,Cooperative,SERC,,,,,,Y,,,,,,,,,,,,,,Y,,,,,,
2024,12341,MidAmerican Energy Co,IA,Investor Owned,,,,Y,,N,,,,,N,Y,,,Y,,,Y,Y,Y,Y,N,Y,N,Y,Y,Y
2024,12351,City of Mesa - (AZ),AZ,Municipal,WECC,,,,,,,,Y,,,,,,,,Y,,,Y,Y,,Y,,Y,Y,Y
2024,12377,Midwest Energy Cooperative - (MI),MI,Cooperative,RFC,,,,,Y,N,,,N,,Y,,,Y,,N,,,,Y,,,,,N,
2024,12395,Menard Electric Coop,IL,Cooperative,SERC,,,N,,N,Y,,,,,,,,N,,Y,,,,Y,,,,,,
2024,12397,Metropolitan Water District of S CA,CA,State,WECC,,,,,,,,Y,Y,,,,,,,,Y,,,,,Y,,,,
2024,12439,"Midstate Electric Coop, Inc",OR,Cooperative,WECC,,,,,,,,Y,,,,,,,,,,,,Y,,,,,Y,Y
2024,12450,Midland Power Coop,IA,Cooperative,,,,Y,,N,,Y,,,,,,N,Y,,,,,,Y,,,,,,
2024,12452,Mid-South Electric Coop Assn,TX,Cooperative,TRE,Y,,,,,Y,,,,Y,,,,Y,N,,,,N,Y,,,,Y,Y,Y
2024,12462,Mid-Carolina Electric Coop Inc,SC,Cooperative,SERC,,,,,,Y,,,,,,,,,,Y,,,,Y,,,,,,
2024,12465,"System Energy Resources, Inc",MS,Investor Owned,SERC,,,,,,Y,,,,,,,,,,Y,Y,N,,,,,,,Y,Y
2024,12470,Middle Tennessee E M C,TN,Cooperative,SERC,,,,,,Y,,,,,,,,,,,,,,Y,,,,,,
2024,12473,Town of Middleborough - (MA),MA,Municipal,NPCC,,,,Y,,,,,,,,,,,Y,,,Y,Y,Y,,N,N,Y,Y,Y
2024,12478,Town of Middletown - (DE),DE,Municipal,RFC,,,,,Y,,,,,,Y,,,,,,,,,N,,,,Y,,
2024,12515,"Midwest Electric, Inc - (OH)",OH,Cooperative,RFC,,,,,Y,,,,,,Y,N,,,,,,,,Y,,,,,N,
2024,12524,Midwest Energy Inc - (KS),KS,Cooperative,SPP,,,Y,,,,Y,,,,,,Y,,,,Y,Y,Y,Y,,Y,Y,Y,N,
2024,12532,City of Milan - (TN),TN,Municipal,SERC,,,,,,Y,,,,,,,,,,,,,,Y,,,,,,
2024,12539,Midwest Electric Member Corp - (NE),NE,Cooperative,MRO,,,Y,,,,,N,,,,,Y,,,N,,,,Y,,,,,,
2024,12540,City of Milford - (DE),DE,Municipal,RFC,,,,,Y,,,,,,Y,,,,,,,,,Y,,,,,N,Y
2024,12546,Mille Lacs Energy Cooperative,MN,Cooperative,MRO,,,Y,,,,,,,,,,,Y,,,,,,Y,,,,Y,Y,Y
2024,12642,Maquoketa Valley Rrl Elec Coop,IA,Cooperative,RFC,,,Y,,N,,,,,,,,,Y,,,,,,Y,,,,Y,,
2024,12647,"ALLETE, Inc.",MN,Investor Owned,MRO,,,Y,,,,,,,,,,,Y,,,Y,Y,Y,Y,,Y,,,Y,Y
2024,12651,Minnesota Valley Electric Coop,MN,Cooperative,MRO,,,Y,,,,,,,,,,,,,,,,,Y,,,,,Y,Y
2024,12658,"Minnkota Power Coop, Inc",ND,Cooperative,MRO,,,Y,,,,,,,,,,,Y,,,Y,Y,Y,N,N,Y,,N,Y,N
2024,12667,Minnesota Municipal Power Agny,MN,Political Subdivision,MRO,,,Y,,,,,,,,,,,Y,,,Y,Y,Y,,,Y,,,,
2024,12674,City of Mishawaka,IN,Municipal,RFC,,,,,Y,,,,,,Y,,,,,,,,,,Y,,,,,
2024,12681,Mississippi County Electric Co,AR,Cooperative,SERC,,,,,,Y,,,,,,,Y,Y,,N,,,,Y,,,,,,
2024,12685,Entergy Mississippi LLC,MS,Investor Owned,SERC,,,,,,Y,,,,,,,,Y,,,Y,Y,Y,Y,Y,,,,Y,Y
2024,12686,Mississippi Power Co,MS,Investor Owned,SERC,,,,,,Y,,,,,,,,,,Y,Y,Y,Y,Y,Y,Y,,N,Y,Y
2024,12692,"Missoula Electric Coop, Inc",MT,Cooperative,WECC,,,,,,,,Y,,,,,,,,Y,,,,Y,Y,,,,Y,Y
2024,12698,Evergy Missouri West,MO,Investor Owned,MRO,N,,Y,,N,N,N,N,,,,,Y,,,,Y,Y,Y,Y,,Y,,,Y,Y
2024,12700,Missouri Rural Electric Coop,MO,Cooperative,SERC,,,,,,Y,,,,,,,,,,,,,,Y,,,,,N,
2024,12706,Mitchell Electric Member Corp,GA,Cooperative,SERC,,,,,N,Y,,,,,,,,,,Y,,,,Y,,,,,Y,Y
2024,12710,Missouri Basin Muni Power Agny,SD,Political Subdivision,MRO,,,Y,,,,,,,,,,Y,Y,,,,Y,Y,,,Y,,,,
2024,12744,Modern Electric Water Company,WA,Cooperative,WECC,,,,,,,,Y,,,,,,,,,,,Y,Y,,,,Y,Y,Y
2024,12745,Modesto Irrigation District,CA,Political Subdivision,WECC,,,,,,,,Y,Y,,,,,,,,Y,Y,Y,Y,,Y,Y,Y,Y,Y
2024,12782,City of Monett - (MO),MO,Municipal,SPP,,,,,,,Y,,,,,,Y,,,,,,,Y,,,Y,Y,N,
2024,12796,Monongahela Power Co,PA,Investor Owned,RFC,,,,,Y,,,,,,Y,,,,,,Y,Y,,Y,,Y,,,Y,Y
2024,12801,City of Monroe - (NC),NC,Municipal,SERC,,,,,,Y,,,,,,,,,N,Y,,,,Y,,,,,N,N
2024,12807,Michigan South Central Power Agency,MI,Political Subdivision,RFC,,,,,Y,,,,,,,,,Y,,,N,Y,Y,,,Y,,,,
2024,12825,NorthWestern Energy LLC - (MT),MT,Investor Owned,WECC,,,,,,,,Y,,,,,,,,Y,Y,Y,Y,Y,,,Y,N,Y,Y
2024,12860,Morgan County Rural Elec Assn,CO,Cooperative,WECC,,,,,,,,Y,,,,,Y,,,N,,,,Y,,,,,,
2024,12866,Moon Lake Electric Assn Inc,UT,Cooperative,WECC,,,,,,,,Y,,,,,,,,Y,Y,Y,Y,Y,,,,,N,N
2024,12894,City of Moorhead - (MN),MN,Municipal,MRO,,,Y,,,,N,,,,,,Y,N,,,Y,Y,,Y,,,,Y,,
2024,12917,Morgan Stanley Capital Grp Inc,NY,Retail Power Marketer,NPCC,,,,N,N,,,,,,,,,,,Y,,,Y,,,Y,Y,,,
2024,12919,Morenci Water and Electric,AZ,Investor Owned,WECC,,,,,,,,Y,,,,,,,,,,,,Y,,,,,,
2024,12929,South Central Indiana REMC,IN,Cooperative,RFC,,,,,Y,,,,,,,,,Y,,N,,,,Y,,,,,,
2024,12944,City of Morganton - (NC),NC,Municipal,SERC,,,,,,Y,,,,,,,,,,Y,,,,Y,,,,,,
2024,12988,City of Morristown - (TN),TN,Municipal,SERC,,,,,,Y,,,,,,,,,,,,,,Y,,,,,,
2024,12990,Consolidated Cooperative,OH,Cooperative,RFC,,,,,Y,,,,,,Y,,,,,,,N,,Y,,,,Y,,
2024,13027,"Mountain Electric Coop, Inc",TN,Cooperative,SERC,,,,,,Y,,,,,,,,,,,,,,Y,,,,,,
2024,13032,Mt Carmel Public Utility Co,IL,Investor Owned,SERC,,,,,N,Y,,,,,,,,Y,,,,N,Y,Y,,,,Y,,
2024,13036,Village of Mt. Horeb - (WI),WI,Municipal,MISO,,,Y,,N,,,,,,,,,Y,,,,,,Y,,,,,Y,Y
2024,13039,City of Mt Pleasant - (TN),TN,Municipal,SERC,,,,,,Y,,,,,,,,,,,,,,Y,,,,,,
2024,13050,"Mountain Parks Electric, Inc",CO,Cooperative,WECC,,,,,,,,Y,,,,,,,,Y,,,,Y,,,,,Y,Y
2024,13058,"Mountain View Elec Assn, Inc",CO,Cooperative,WECC,,,,,,,,Y,,,,,,,,Y,,,,Y,,,,,Y,Y
2024,13073,"Mt Wheeler Power, Inc",NV,Cooperative,WECC,,,,,,,,Y,,,,,,,,Y,,,,Y,,,,,N,
2024,13100,Municipal Electric Authority,GA,Municipal Mktg Authority,SERC,,,,,,Y,,,,,,,,,,,Y,Y,,,,,,,,
2024,13137,City of Murray - (UT),UT,Municipal,WECC,,,,,,,,Y,,,,,,,,Y,Y,N,,Y,,,Y,,Y,Y
2024,13138,City of Murray - (KY),KY,Municipal,SERC,,,,,,Y,,,,,,,,,,,,,,Y,,,,,,
2024,13143,Board of Water Electric & Communications,IA,Municipal,MRO,,,Y,,,,,,,,,,,Y,,,Y,Y,Y,Y,,Y,Y,N,Y,Y
2024,13144,City of Muscle Shoals,AL,Municipal,SERC,,,,,,Y,,,,,,,,,,,,,,Y,,,,,,
2024,13145,Village of Muscoda - (WI),WI,Municipal,MISO,,,Y,,N,,,,,,,,,Y,,,,,,Y,,,,,,
2024,13190,"N W Electric Power Coop, Inc",MO,Cooperative,SERC,,,,,,Y,,,,,,,,,,,,Y,,,,,,,,
2024,13196,Northern Plains Electric Coop,ND,Cooperative,MRO,,,,,,,,,,,,,,,,,,,,Y,,,,,,
2024,13206,Nantucket Electric Co,MA,Investor Owned,NPCC,,,,Y,,,,,,,,,,,Y,,,,,Y,,,,,Y,Y
2024,13208,City of Naperville - (IL),IL,Municipal,RFC,,,,,Y,,,,,,Y,,,,,,,Y,,Y,,,,N,Y,Y
2024,13214,The Narragansett Electric Co,RI,Investor Owned,NPCC,,,,Y,,,,,,,,,,,Y,,,,,Y,,,,,Y,Y
2024,13216,Nashville Electric Service,TN,Municipal,SERC,,,,,,Y,,,,,,,,,,,,,,Y,,,,,,
2024,13227,Natchez Trace Elec Power Assn,MS,Cooperative,SERC,,,,,,Y,,,,,,,,,,,,,,Y,,,,,,
2024,13228,City of Natchitoches,LA,Municipal,SPP,,,,,,,Y,,,,,,Y,,,,,N,Y,Y,N,,,Y,,
2024,13292,Norris Electric Coop,IL,Cooperative,RFC,N,,,,N,Y,,,,,,,,Y,,,,,,Y,,,,,,
2024,13314,Navajo Tribal Utility Authority,AZ,State,WECC,,,,,,,,Y,,,,,Y,,,,,N,Y,Y,Y,,,Y,N,N
2024,13318,"Navopache Electric Coop, Inc",AZ,Cooperative,WECC,,,,,,,,Y,,,,,,,,,,,,Y,,,,,,
2024,13332,"Navarro County Elec Coop, Inc",TX,Cooperative,TRE,Y,,,,,,,,,Y,,,,,,,,,,Y,,,,,,
2024,13337,Nebraska Public Power District,NE,Political Subdivision,MRO,,,Y,,,,N,,,,,,Y,,,,Y,Y,,Y,,Y,,,Y,Y
2024,13352,City of Negaunee,MI,Municipal,MISO,,,Y,,N,,,,,,,,,Y,,,,,,Y,,,,,,
2024,13355,New England Hydro-Tran Elec Co,MA,Transmission,NPCC,,,,Y,,,,,,,,,,,Y,,,Y,,,,,,,,
2024,13356,New England Hydro-Trans Corp,MA,Transmission,NPCC,,,,Y,,,,,,,,,,,Y,,,Y,,,,,,,,
2024,13374,"Constellation NewEnergy, Inc",MD,Retail Power Marketer,NPCC,N,,N,N,N,N,N,N,Y,Y,Y,Y,Y,Y,Y,,,,,,,Y,Y,N,,
2024,13402,Nevada Irrigation District,CA,Political Subdivision,WECC,,,,,,,,Y,Y,,,,,,,,Y,,,,,,,,N,N
2024,13407,Nevada Power Co,NV,Investor Owned,WECC,,,,,,,,Y,,,,,,,,Y,Y,Y,Y,Y,,Y,,Y,Y,Y
2024,13412,City of New Albany - (MS),MS,Municipal,SERC,,,,,,Y,,,,,,,,,,,,,,Y,,,,,,
2024,13416,City of New Bern - (NC),NC,Municipal,SERC,,,,,,Y,,,,,,,,,,Y,,,,Y,,,,Y,,
2024,13418,City of New Braunfels - (TX),TX,Municipal,TRE,Y,,,,,,,,,Y,,,,,,,,Y,,Y,,,,Y,Y,Y
2024,13433,New England Power Company,MA,Investor Owned,NPCC,,,,Y,N,,,,,,,,,,Y,,,Y,,,,,,,Y,Y
2024,13437,City of Newbern,TN,Municipal,SERC,,,,,,Y,,,,,,,,,,,,,,Y,,,,,,
2024,13438,Village of New Glarus - (WI),WI,Municipal,MISO,,,Y,,N,,,,,,,,,Y,,,,,,Y,,,,,,
2024,13441,New Hampshire Elec Coop Inc,NH,Cooperative,NPCC,,,,Y,,,,,,,,,,,Y,,,,Y,Y,,Y,,,,
2024,13448,City of New Holstein - (WI),WI,Municipal,MISO,,,Y,,N,,,,,,,,,Y,,,,,,Y,,,,,,
2024,13467,New London Electric&Water Util,WI,Municipal,MISO,,,Y,,N,,,,,,,,,Y,,,,,,Y,,,,,,
2024,13478,"Entergy New Orleans, LLC",LA,Investor Owned,SERC,,,,,,Y,,,,,,,,Y,,,Y,Y,Y,Y,Y,,,Y,Y,Y
2024,13481,City of New Richmond,WI,Municipal,MISO,,,Y,,,,,,,,,,,Y,,,,,,Y,,,,,,Y
2024,13482,New River Light & Power Co,NC,State,SERC,,,,,,Y,,,,,,,,,,,,,Y,Y,,,,,,
2024,13485,New Smyrna Beach City of,FL,Municipal,FRCC,,Y,,,,,,,,,,,,,,Y,Y,N,Y,Y,,Y,,Y,,
2024,13511,New York State Elec & Gas Corp,NY,Investor Owned,NPCC,,,,Y,Y,,,,,,,Y,,,,,Y,Y,Y,Y,Y,Y,,Y,Y,Y
2024,13519,City of Newark - (DE),DE,Municipal,RFC,,,,,Y,,,,,,Y,,,,,,Y,,,Y,,N,,Y,Y,Y
2024,13520,"New-Mac Electric Coop, Inc",MO,Cooperative,SERC,,,,,,Y,,,,,,,,,,,,,,Y,,,,,N,
2024,13524,"Newberry Electric Coop, Inc",SC,Cooperative,SERC,,,,,,,,,,,,,,,,,,,,Y,,,,,,
2024,13539,New York Mun Power Agency,NY,Municipal Mktg Authority,NPCC,,,,Y,,,,,,,,Y,,,,,,,,,,Y,,,N,
2024,13547,"Newnan Wtr, Sewer & Light Comm",GA,Municipal,SERC,,,,,,Y,,,,,,,,,,,,,,Y,,,,Y,Y,Y
2024,13550,City of Newport - (TN),TN,Municipal,SERC,,,,,,Y,,,,,,,,,,,,,,Y,,,,,,
2024,13573,Niagara Mohawk Power Corp.,NY,Investor Owned,NPCC,,,,Y,,,,,,,,Y,,,,,,Y,Y,Y,Y,Y,Y,Y,Y,Y
2024,13602,City of Niles - (OH),OH,Municipal,RFC,,,,,Y,,,,,,Y,,,N,,,,,,Y,,,,,N,
2024,13630,North Carolina Mun Power Agny #1,NC,Municipal Mktg Authority,SERC,,,,,,Y,,,,,,,,,,Y,Y,,Y,,,Y,,,N,N
2024,13640,Northern Virginia Elec Coop,VA,Cooperative,SERC,,,,,,Y,,,,,Y,,,,,,,,,Y,,,,,Y,Y
2024,13647,Noble County R E M C,IN,Cooperative,RFC,,,,,Y,,,,,,Y,,,,,,,,,Y,,,,,Y,Y
2024,13651,Nolin Rural Electric Coop Corp,KY,Cooperative,RFC,,,,,Y,,,,,,Y,,,,,,,,,Y,,,,,,
2024,13664,Norris Public Power District,NE,Political Subdivision,MRO,,,Y,,,,,,,,,,Y,,,,,,,Y,,,,,Y,Y
2024,13669,North Alabama Electric Coop,AL,Cooperative,SERC,,,,,,Y,,,,,,,,,,,,,,Y,,,,,,
2024,13670,"Northeast Texas Elec Coop, Inc",TX,Cooperative,SPP,,,,,,,Y,,,,,,Y,,,,Y,,Y,,,Y,,,,
2024,13676,"North Arkansas Elec Coop, Inc",AR,Cooperative,SPP,,,,,,,Y,,,,,,Y,,,,,N,,Y,,,,,Y,Y
2024,13679,Town of North Attleborough - (MA),MA,Municipal,NPCC,,,,Y,,,,,,,,,,,Y,,,N,Y,Y,,,,,,
2024,13683,North Carolina El Member Corp,NC,Cooperative,SERC,,,,,,Y,,,,,Y,,,,,,Y,,Y,,,Y,,,Y,Y
2024,13687,North Carolina Eastern M P A,NC,Municipal Mktg Authority,SERC,,,,,,Y,,,,,,,,,,Y,N,Y,Y,,,,,,Y,Y
2024,13693,"North Central Elec Coop, Inc - (OH)",OH,Cooperative,RFC,,,,,Y,,,,,,Y,,,,,,,,,Y,,,,N,Y,Y
2024,13694,"North Central Elec Coop, Inc - (ND)",ND,Cooperative,SPP,,,,,,,Y,,,,,,Y,,,N,,N,,Y,,,,,,
2024,13697,North Central Power Co Inc,WI,Investor Owned,MRO,,,Y,,,,,,,,,,,Y,,,Y,N,Y,Y,,,,,,
2024,13716,North Georgia Elec Member Corp,GA,Cooperative,SERC,,,,,,Y,,,,,,,,,,,,,,Y,,,,,,
2024,13718,City of North Little Rock - (AR),AR,Municipal,SERC,,,,,,Y,,,,,,,,Y,,,Y,Y,Y,Y,,Y,,,N,
2024,13725,City of North Platte,NE,Municipal,MRO,,,N,,,,Y,,,,,,Y,,,,,,,Y,,,,Y,,
2024,13734,Northeast Oklahoma Electric Co,OK,Cooperative,SPP,,,,,,,Y,,,,,,,,,,,N,,Y,,,,,,
2024,13735,Northcentral Mississippi E P A,MS,Cooperative,SERC,,,,,,Y,,,,,,,,,,,,,,Y,,,,,,
2024,13738,Northeast Missouri El Pwr Coop,MO,Transmission,SERC,,,,,,Y,N,,,,,,,,,Y,,Y,Y,,,,,,N,N
2024,13739,Northeast Power,NE,Political Subdivision,MRO,,,,,,,Y,,,,,,Y,,,,,,,Y,,,,,,
2024,13750,"Northern Electric Coop, Inc",SD,Cooperative,MRO,,,N,,,,Y,,,,,,Y,,,,,,,Y,,,,,,
2024,13756,Northern Indiana Pub Serv Co,IN,Investor Owned,RFC,,,,,Y,,,,,,,,,Y,,,Y,Y,Y,Y,,Y,,Y,Y,Y
2024,13757,North Plains Electric Coop Inc,TX,Cooperative,SPP,,,,,,,Y,,,,,,Y,,,,,Y,,Y,,,,,Y,Y
2024,13758,"Northern Lights, Inc",ID,Cooperative,WECC,,,,,,,,Y,,,,,,,,Y,Y,Y,Y,Y,,,Y,,,
2024,13762,"Northern Neck Elec Coop, Inc",VA,Cooperative,SERC,,,,,,Y,,,,,Y,,,,,,,,,Y,,,,,,
2024,13780,Northern States Power Co,MN,Investor Owned,MRO,,,Y,,,,,,,,,,,Y,,,Y,Y,Y,Y,,Y,,Y,Y,Y
2024,13781,Northern States Power Co - Minnesota,MN,Investor Owned,MRO,,,Y,,,,,,,,,,,Y,,,Y,Y,Y,Y,,Y,,Y,Y,Y
2024,13783,Northeast Louisiana Power Coop Inc.,LA,Cooperative,SERC,,,,,,Y,,,,,,,,,,,,,,Y,,,,,N,
2024,13788,Northern Wasco County PUD,OR,Political Subdivision,WECC,,,,,,,,Y,,,,,,,,Y,Y,Y,Y,Y,,Y,,,Y,Y
2024,13798,Northwest Iowa Power Coop,IA,Cooperative,MRO,,,Y,,,,,,,,,,Y,,,N,Y,Y,,,,,,,N,
2024,13799,Prairie Land Electric Coop Inc,KS,Cooperative,SPP,,,,,,,Y,,,,,,Y,,,,,,,Y,,,,,Y,Y
2024,13807,Northwestern Electric Coop Inc - (OK),OK,Cooperative,SPP,,,,,,,Y,,,,,,Y,,,,,,,Y,,,,,,
2024,13809,NorthWestern Energy - (SD),SD,Investor Owned,MRO,,,Y,,,,,,,,,,Y,N,,,Y,Y,Y,Y,,Y,,Y,,
2024,13815,Northwestern Wisconsin Elec Co,WI,Investor Owned,MRO,,,Y,,,,,,,,,,,Y,,,Y,Y,Y,Y,,Y,Y,,,
2024,13826,City of Norway,MI,Municipal,MISO,,,Y,,N,,,,,,,,,Y,,,Y,,,Y,,,,,Y,Y
2024,13830,Nueces Electric Cooperative,TX,Cooperative,TRE,Y,,,,,,,,,Y,,,,,,,,,,Y,,,Y,,N,
2024,13831,City of Norwich - (CT),CT,Municipal,NPCC,,,,Y,,,,,,,,,,,Y,,Y,Y,,Y,,,N,,Y,Y
2024,13839,City of Norwood - (MA),MA,Municipal,NPCC,,,,Y,,,,,,,,,,,Y,,,Y,Y,Y,,,,,,
2024,13933,City of Oak Ridge,TN,Municipal,SERC,,,,,,Y,,,,,,,,,,,,,,Y,,,,,,
2024,13935,Oakdale&South San Joaquin Irrigation D.,CA,Political Subdivision,,,,,,,,,Y,Y,,,,,,,,Y,,,,,,,,,
2024,13936,Oakdale Electric Coop,WI,Cooperative,MRO,,,Y,,,,,,,,,,,,,,,,,Y,,,,,Y,Y
2024,13955,City of Ocala,FL,Municipal,FRCC,,Y,,,,,,,,,,,,,,Y,,N,N,Y,,,,Y,Y,
2024,13962,Oconee Electric Member Corp,GA,Cooperative,SERC,,,,,,Y,,,,,N,,,,,,,,,Y,,,,,,
2024,13963,Oconomowoc Utilities,WI,Municipal,MISO,,,Y,,N,,,,,,,,,Y,,,,,,Y,,,,,Y,Y
2024,13965,Oconto Falls Water & Light Comm,WI,Municipal,MISO,,,Y,,N,,,,,,,,,Y,,,,,,Y,,,,,,
2024,13994,Oglethorpe Power Corporation,GA,Cooperative,SERC,,,,,,Y,,,,,,,,,,N,Y,,N,,,,,,,
2024,13998,Ohio Edison Co,OH,Investor Owned,RFC,,,,,Y,,,,,,Y,,,N,,,N,N,,Y,,Y,N,,Y,Y
2024,14006,Ohio Power Co,OH,Investor Owned,RFC,,,,,Y,,,,,,Y,,N,,,,N,Y,Y,Y,,Y,,,Y,Y
2024,14015,Ohio Valley Electric Corp,OH,Investor Owned,RFC,,,,,Y,,,,,,Y,,,,,N,Y,,,,,,,,,
2024,14055,PUD No 1 of Okanogan County,WA,Political Subdivision,WECC,,,,,,,,Y,,,,,,,,Y,,Y,Y,Y,,Y,,N,N,N
2024,14062,Oklahoma Electric Coop Inc,OK,Cooperative,SPP,,,,,,,Y,,,,,,Y,,,,,,,Y,,,,,,
2024,14063,Oklahoma Gas & Electric Co,OK,Investor Owned,SPP,,,,,,,Y,,,,,,Y,,,,Y,Y,Y,Y,Y,Y,,N,Y,Y
2024,14077,Oklahoma Municipal Power Authority,OK,State,MRO,Y,,Y,,,,N,,,Y,,,Y,,,,Y,Y,Y,,,Y,,,,
2024,14078,City of Okolona,MS,Municipal,SERC,,,,,,Y,,,,,,,,,,,,,,Y,,,,,,
2024,14109,"Oregon Trail El Cons Coop, Inc",OR,Cooperative,WECC,,,,,,,,Y,,,,,,,,Y,Y,Y,Y,Y,,,,,Y,Y
2024,14127,Omaha Public Power District,NE,Political Subdivision,MRO,,,Y,,,,Y,,,,,,Y,,,,Y,Y,Y,Y,,Y,,,Y,Y
2024,14146,City of Opelika - (AL),AL,Municipal,SERC,,,,,,Y,,,,,,,,,,Y,,,,Y,,,,,,
2024,14154,Orange & Rockland Utils Inc,NY,Investor Owned,NPCC,,,,Y,,,,,,,,Y,,,,,,N,,Y,,,,,,
2024,14164,City of Orangeburg - (SC),SC,Municipal,SERC,,,,,,Y,,,,,,,,,,Y,Y,Y,Y,Y,,N,N,Y,Y,Y
2024,14170,Orcas Power & Light Coop,WA,Cooperative,WECC,,,,,,,,N,,,,,,,,,,,,Y,,,,,Y,Y
2024,14175,"Tri-County Electric Coop, Inc (SC)",SC,Cooperative,SERC,,,,,,Y,,,,,,,,,,Y,,,,Y,,,,,N,N
2024,14191,South Feather Water and Power Agency,CA,Political Subdivision,WECC,,,,,,,,Y,Y,,,,,,,,Y,,,,,,,,,
2024,14192,Osage Valley Elec Coop Assn,MO,Cooperative,SERC,,,,,,,,,,,,,,,,,,,,Y,,,,,Y,Y
2024,14194,City of Orrville - (OH),OH,Municipal,RFC,,,,,Y,,,,,,Y,,,,,,Y,N,Y,Y,,,,Y,N,
2024,14224,Otero County Electric Coop Inc,NM,Cooperative,WECC,,,,,,,,Y,,,,,,,,Y,,,,Y,,,,,Y,Y
2024,14232,Otter Tail Power Co,MN,Investor Owned,MRO,,,Y,,,,,,,,,,,Y,,,Y,Y,Y,Y,,Y,,N,Y,Y
2024,14238,Ouachita Electric Coop Corp,AR,Cooperative,SERC,,,,,,,Y,,,,,,Y,Y,,,N,,,Y,,,,,N,
2024,14245,Overton Power District No 5,NV,Political Subdivision,WECC,,,,,,,,Y,,,,,,,,Y,,,N,Y,,,,,Y,Y
2024,14246,City of Owatonna - (MN),MN,Municipal,MRO,,,Y,,,,,,,,,,,Y,,,,,,Y,,,,Y,N,N
2024,14251,Owen Electric Coop Inc,KY,Cooperative,,,,,,N,,,,,,,,,,,,,,,Y,,,,,N,N
2024,14268,City of Owensboro - (KY),KY,Municipal,SERC,,,,,N,Y,,,,,,,,,,Y,N,N,Y,Y,,N,N,N,N,
2024,14275,City of Oxford - (MS),MS,Municipal,SERC,,,,,,Y,,,,,,,,,,,,,,Y,,,,,,
2024,14285,Ozark Border Electric Coop,MO,Cooperative,SERC,,,,,,Y,,,,,,,,,,Y,,,,Y,,,,,,
2024,14288,Ozark Electric Coop Inc - (MO),MO,Cooperative,SERC,,,,,,Y,,,,,,,,,,,,,,Y,,,,,Y,Y
2024,14289,Ozarks Electric Coop Corp - (AR),AR,Cooperative,SPP,,,,,,,Y,,,,,,Y,,,,N,,,Y,,,Y,,Y,Y
2024,14323,Pacific Northwest Generating Coop,OR,Cooperative,WECC,,,,,,,,Y,,,,,,,,Y,Y,Y,Y,,,Y,,,,
2024,14324,PUD No 2 of Pacific County,WA,Political Subdivision,WECC,,,,,,,,Y,Y,,,,,,,,,,,Y,,,,,,
2024,14328,Pacific Gas & Electric Co.,CA,Investor Owned,WECC,,,,,,,,Y,Y,,,,,,,,Y,Y,Y,Y,N,N,N,Y,Y,Y
2024,14349,"Avangrid Power, LLC",OR,Retail Power Marketer,WECC,,,,,,,,Y,Y,Y,Y,Y,Y,Y,Y,N,,,,,,Y,Y,,,
2024,14354,PacifiCorp,OR,Investor Owned,WECC,,,,,,,,Y,,,,,,,,Y,Y,Y,Y,Y,,Y,,,Y,Y
2024,14371,City of Paducah - (KY),KY,Municipal,SERC,,,,,N,Y,Y,,,,,,N,,,Y,Y,,,Y,,,,,,
2024,14381,City of Painesville,OH,Municipal,RFC,,,,,Y,,,,,,Y,,,N,,,Y,,,Y,,,,,N,
2024,14398,Palmetto Electric Coop Inc,SC,Cooperative,SERC,,,,,,Y,,,,,,,,,N,Y,,,,Y,,,,,Y,Y
2024,14401,City of Palo Alto - (CA),CA,Municipal,WECC,,,,,,,,Y,Y,,,,,,,N,N,,Y,Y,,Y,,Y,Y,Y
2024,14424,"Panola-Harrison Elec Coop, Inc",TX,Cooperative,SPP,,,,,,,Y,,,,,,Y,,,,,,,Y,,,,,,
2024,14446,Paragould Municipal Utilities,AR,Municipal,SPP,,,,,,,Y,,,,,,Y,,,,Y,,Y,Y,,Y,,Y,,
2024,14455,City of Paris - (TN),TN,Municipal,SERC,,,,,,Y,,,,,,,,,,,,,,Y,,,,,,
2024,14468,People's Cooperative Services,MN,Cooperative,MRO,,,Y,,,,,N,,,,,,Y,,,,N,,Y,,,N,,,
2024,14534,City of Pasadena - (CA),CA,Municipal,WECC,,,,N,,,,Y,Y,,,,,,,,Y,Y,Y,Y,,Y,Y,Y,Y,Y
2024,14537,Pascoag Utility District,RI,Municipal,NPCC,,,,Y,,,,,,,,,,,Y,,,,,Y,,,,,,
2024,14563,Pearl River Valley El Pwr Assn,MS,Cooperative,SERC,,,,,,Y,,,,,,,,Y,,N,,,,Y,,,,,,
2024,14599,"Paulding-Putman Elec Coop, Inc",OH,Cooperative,RFC,,,,,Y,,,,,,Y,,,,,,,,N,Y,,,,,Y,Y
2024,14602,Pea River Electric Coop,AL,Cooperative,SERC,,,,,,,N,,,,,,,,,,,,,Y,,,,,,
2024,14605,City of Peabody - (MA),MA,Municipal,NPCC,,,,Y,,,,,,,,,,,Y,,Y,N,Y,Y,,Y,,,Y,Y
2024,14606,"Peace River Electric Coop, Inc",FL,Cooperative,FRCC,,Y,,,,,,,,,,,,,,Y,N,N,,Y,,,,,,
2024,14610,Orlando Utilities Comm,FL,Municipal,,,N,,,,Y,,,,,,,,,,Y,Y,Y,Y,Y,Y,Y,,,Y,Y
2024,14624,PUD No 2 of Grant County,WA,Political Subdivision,WECC,,,,,,,,Y,,,,,,,,Y,Y,Y,Y,Y,N,Y,Y,Y,Y,Y
2024,14626,"Pedernales Electric Coop, Inc",TX,Cooperative,TRE,Y,,,,,,,,,Y,,,,,,,,Y,Y,Y,Y,N,,,Y,Y
2024,14649,Planters Electric Member Corp,GA,Cooperative,SERC,,,,,,Y,,,,,,,,,,Y,,,,Y,,,,,,
2024,14653,PUD No 1 of Pend Oreille County,WA,Political Subdivision,WECC,,,,,,,,Y,,,,,,,,Y,Y,Y,Y,Y,,Y,,,N,
2024,14668,Peninsula Light Company,WA,Cooperative,WECC,N,,,,,,,Y,,,,,,,,Y,N,,Y,Y,,,,,Y,Y
2024,14715,PPL Electric Utilities Corp,PA,Investor Owned,RFC,,,,,Y,,,,,,Y,,,,,,,Y,,Y,,,,,Y,Y
2024,14717,Pee Dee Electric Member Corp,NC,Cooperative,SERC,,,,,,Y,,,,,,,,,,,,,,Y,,,,,N,
2024,14724,Pennyrile Rural Electric Coop,KY,Cooperative,SERC,,,,,,Y,,,,,,,,,,,,,,Y,,,,,,
2024,14775,People's Electric Cooperative,OK,Cooperative,SPP,,,,,,,Y,,,,,,Y,,,,Y,Y,Y,Y,Y,,,,Y,Y
2024,14839,City of Peru - (IN),IN,Municipal,RFC,,,,,Y,,,,,,,,,Y,,,Y,N,,Y,,,,,,
2024,14840,City of Peru - (IL),IL,Municipal,RFC,,,,,Y,,,,,,,,,Y,,,Y,N,,Y,N,,,,N,N
2024,14864,Petit Jean Electric Coop Corp,AR,Cooperative,SERC,,,,,,N,Y,,,,,,N,Y,,,,,,Y,,N,,,,
2024,14940,PECO Energy Co,PA,Investor Owned,RFC,,,,,Y,,,,,,Y,,,,,,,Y,,Y,,,,Y,Y,Y
2024,14947,City of Philadelphia - (MS),MS,Municipal,SERC,,,,,,Y,,,,,,,,,,,,,,Y,,,,,,
2024,14999,"Pilot Power Group, LLC",CA,Retail Power Marketer,,,,,,,,,Y,Y,,,,,,,,,,,,,,Y,,,
2024,15016,Pickwick Electric Coop,TN,Cooperative,SERC,,,,,,Y,,,,,,,,,,,,,,Y,,,,,,
2024,15023,Piedmont Electric Member Corp,NC,Cooperative,SERC,,,,,,Y,,,,,,,,,,Y,,,,Y,,,,,Y,Y
2024,15028,Piedmont Municipal Power Agny,SC,Political Subdivision,SERC,,,,,,Y,,,,,,,,,,Y,Y,,,,,Y,,,N,
2024,15040,City of Pierre - (SD),SD,Municipal,MRO,,,Y,,,,N,,,,,,Y,,,,,,,Y,,,,,,
2024,15045,Pike County Light & Power Co,NY,Investor Owned,NPCC,,,,Y,,,,,,,N,Y,,,,,,N,,Y,,,,,,
2024,15048,Electrical Dist No2 Pinal County,AZ,Political Subdivision,WECC,,,,,,,,Y,,,,,,,,,,,Y,Y,,,,,,
2024,15054,"Pioneer Rural Elec Coop, Inc - (OH)",OH,Cooperative,RFC,,,,,Y,,,,,,Y,,,,,,,,,Y,,,,,,
2024,15073,"Pioneer Electric Coop, Inc - (KS)",KS,Cooperative,SPP,,,,,,,Y,,,,,,Y,N,,N,,Y,,Y,,,,,,
2024,15086,Pioneer Power and Light Co,WI,Investor Owned,RFC,,,,,Y,,,,,,,,,,,,,N,,Y,,,,,,
2024,15095,City of Piqua - (OH),OH,Municipal,RFC,,,,,Y,,,,,,Y,,,,,,Y,,Y,Y,,,,,N,
2024,15127,Placer County Water Agency,CA,Political Subdivision,WECC,,,N,,,,,Y,Y,,,,,,,,,,,,,Y,,,,
2024,15138,"Platte-Clay Electric Coop, Inc",MO,Cooperative,SERC,,,,,N,Y,,,,,,,N,,,Y,,,,Y,,,N,N,,
2024,15141,Plateau Electric Cooperative,TN,Cooperative,SERC,,,,,,Y,,,,,,,,,,,,,,Y,,,,,,
2024,15143,Platte River Power Authority,CO,Political Subdivision,WECC,,,,,,,,Y,,,,,,,,Y,Y,Y,Y,,,Y,,,Y,Y
2024,15145,City of Plattsburgh - (NY),NY,Municipal,NPCC,,,,Y,,,,,,,,Y,,,,,,N,,Y,,,,,Y,Y
2024,15159,City of Plymouth - (WI),WI,Municipal,MISO,,,Y,,N,,,,,,,,,Y,,,,,,Y,,,,,N,N
2024,15175,Pointe Coupee Elec Member Corp,LA,Cooperative,SERC,,,,,,Y,,,,,,,,Y,,N,,,Y,Y,,,Y,,N,
2024,15202,City of Ponca City - (OK),OK,Municipal,SPP,,,,,,,Y,,,,,,Y,,,,,,,Y,,,N,,,
2024,15211,Pontotoc Electric Power Assn,MS,Cooperative,SERC,,,,,,Y,,,,,,,,,,,,,,Y,,,,,,
2024,15229,City of Poplar Bluff - (MO),MO,Municipal,SPP,,,,,,Y,N,,,,,,Y,,,,Y,,Y,Y,,Y,N,N,,
2024,15231,City of Port Angeles - (WA),WA,Municipal,WECC,,,,,,,,Y,,,,,,,,Y,N,,N,Y,,,,Y,Y,Y
2024,15248,Portland General Electric Co,OR,Investor Owned,WECC,,,,,,,,Y,Y,,,,,,,N,Y,Y,Y,Y,,Y,Y,,Y,Y
2024,15257,"Poudre Valley REA, Inc",CO,Cooperative,WECC,,,,,,,,Y,,,,,,,,Y,,,,Y,,,,,Y,Y
2024,15263,The Potomac Edison Company,PA,Investor Owned,RFC,,,,N,Y,,,,,,Y,,,,,,,Y,,Y,,Y,N,,Y,Y
2024,15270,Potomac Electric Power Co,DC,Investor Owned,RFC,,,N,,Y,,,,,,Y,,,,,,,Y,Y,Y,N,Y,,N,Y,Y
2024,15291,Prairie Energy Coop,IA,Cooperative,MRO,,,Y,,N,,N,,,,,,Y,,,N,Y,,,Y,,,,,,
2024,15293,Powell Valley Electric Coop,TN,Cooperative,SERC,,,,,,Y,,,,,,,,,,,,,,Y,,,,,,
2024,15296,New York Power Authority,NY,State,NPCC,,,,Y,,,,,,,,Y,,,,,Y,Y,Y,Y,Y,Y,N,N,Y,Y
2024,15312,Village of Prairie Du Sac - (WI),WI,Municipal,MISO,,,Y,,N,,,,,,,,,Y,,,,,,Y,,,,,,
2024,15334,Prentiss County Elec Pwr Assn,MS,Cooperative,SERC,,,,,,Y,,,,,,,,,,,,,,Y,,,,,,
2024,15340,Presque Isle Elec & Gas Coop,MI,Cooperative,RFC,,,,,Y,,,,,,,,,Y,,,,,,Y,,,,N,,
2024,15344,Polk-Burnett Electric Coop,WI,Cooperative,MRO,,,Y,,,,,,,,,,,,,,,,,Y,,,,,Y,Y
2024,15349,City of Preston,IA,Municipal,MISO,,,Y,,,,,,,,,,,Y,,,Y,,,Y,,,,,,
2024,15410,Prince George Electric Coop,VA,Cooperative,SERC,,,,,,Y,,,,,Y,,,,,,,,,Y,,,,,N,
2024,15419,PUD No 3 of Mason County,WA,Political Subdivision,,,,,,,,,Y,,,,,,,,Y,,Y,Y,Y,,Y,,,Y,Y
2024,15444,Provo City Corp,UT,Municipal,WECC,,,,,,,,Y,,,,,,,,Y,,,,Y,,,,,Y,Y
2024,15466,Public Service Co of Colorado,CO,Investor Owned,WECC,,,,,,,,Y,N,,,,,,,Y,Y,Y,Y,Y,,Y,,Y,Y,Y
2024,15470,"Duke Energy Indiana, LLC",IN,Investor Owned,RFC,,,,,Y,,,,,,N,,,Y,,,Y,Y,Y,Y,,Y,N,,Y,Y
2024,15472,Public Service Co of NH,NH,Investor Owned,NPCC,,,,Y,,,,,,,,,,,Y,,N,Y,Y,Y,,Y,Y,,Y,Y
2024,15473,Public Service Co of NM,NM,Investor Owned,WECC,,,,,,,,Y,,,,,,,,Y,Y,Y,N,Y,,Y,,,Y,Y
2024,15474,Public Service Co of Oklahoma,OK,Investor Owned,SPP,,,,,,,Y,,,,,,Y,,,,Y,Y,Y,Y,N,Y,,,Y,Y
2024,15477,Public Service Elec & Gas Co,NJ,Investor Owned,RFC,,,,,Y,,,,,,Y,,,,,,Y,Y,,Y,,,,,Y,Y
2024,15500,Puget Sound Energy Inc,WA,Investor Owned,WECC,,,,,,,,Y,,,,,,,,Y,Y,Y,Y,Y,,Y,N,N,Y,Y
2024,15507,City of Pulaski - (TN),TN,Municipal,SERC,,,,,,Y,,,,,,,,,,,,,,Y,,,,,,
2024,15671,Randolph Electric Member Corp,NC,Cooperative,SERC,,,,,,Y,,,,,,,,,,,,,Y,Y,,,Y,,,
2024,15700,Rayle Electric Membership Corp,GA,Cooperative,SERC,,,,,,Y,,,,,,,,,,,,,,Y,,,,,,N
2024,15711,Rainbow Energy Marketing Corp,ND,Wholesale Power Marketer,MRO,,,,,,,,,,,,,,,,,,,Y,,,Y,,,,
2024,15746,Red River Valley Rrl Elec Assn,OK,Cooperative,SPP,,,,,,,Y,,,,,,Y,,,,,,,Y,,,,,,
2024,15748,Town of Reading - (MA),MA,Municipal,NPCC,,,,Y,,,,,,,,,,,Y,,,N,N,Y,,,,,Y,Y
2024,15776,Central Florida Tourism Oversight District,FL,Municipal,FRCC,,Y,,,,,,,,,,,,,,,N,N,Y,Y,,Y,,,,
2024,15783,City of Redding - (CA),CA,Municipal,WECC,,,,,,,,Y,N,,,,,,,Y,Y,Y,Y,Y,,Y,,,Y,Y
2024,15787,Redlands Water & Power Company,CO,Investor Owned,WECC,,,,,,,,Y,,,,,,,,Y,Y,,,,,,,,,
2024,15804,Reedsburg Utility Comm,WI,Municipal,MISO,,,Y,,,,,,,,,,,Y,,,,,,Y,,,,,Y,Y
2024,15847,Reliant Energy Retail Services,TX,Retail Power Marketer,TRE,Y,,,,,,,,,Y,,,,,,,,,,,,,Y,,,
2024,15978,City of Richland Center - (WI),WI,Municipal,MISO,,,Y,,N,,,,,,,,,Y,,,,,,Y,,,,,,
2024,15979,City of Richland - (WA),WA,Municipal,WECC,,,,,,,,Y,,,,,,,,Y,,,,Y,,,,,,
2024,15989,City of Richmond - (IN),IN,Municipal,RFC,,,,,Y,,,,,,Y,,,,,,N,N,,Y,,,,,N,N
2024,16057,"Rio Grande Electric Coop, Inc",TX,Cooperative,TRE,Y,,,,,,,Y,N,Y,,,,,,,,Y,,Y,,,,,Y,Y
2024,16060,Riverland Energy Cooperative,WI,Cooperative,MRO,,,Y,,N,,,,,,,,,Y,,,,,,Y,,,,,,
2024,16063,"Rita Blanca Electric Coop, Inc",TX,Cooperative,SPP,,,,,,,Y,,,,,,Y,,,,,,,Y,,,,,,
2024,16082,City of River Falls,WI,Municipal,MISO,,,Y,,,,,,,,,,,Y,,,Y,,,Y,,,,,Y,Y
2024,16088,City of Riverside - (CA),CA,Municipal,WECC,,,,,,,,Y,Y,,,,,,,,Y,Y,Y,Y,,Y,Y,,Y,Y
2024,16101,Roanoke Electric Member Corp,NC,Cooperative,SERC,,,,,,Y,,,,,Y,,,,,,,,Y,Y,,,,,Y,Y
2024,16146,"Navasota Valley Elec Coop, Inc",TX,Cooperative,TRE,Y,N,,,,,,,,Y,,,,,,,,,,Y,Y,,N,,,
2024,16177,"Robison Energy, LLC",NY,Retail Power Marketer,NY,,,,Y,,,,,,,,Y,,,,,,,,,,,Y,,N,
2024,16179,Rochelle Municipal Utilities,IL,Municipal,RFC,,,,,Y,,,,,,Y,,,,,,Y,Y,Y,Y,Y,Y,N,Y,N,
2024,16181,Rochester Public Utilities,MN,Municipal,MRO,,,Y,,,,,,,,,,,Y,,,Y,Y,,Y,,N,,Y,N,N
2024,16183,Rochester Gas & Electric Corp,NY,Investor Owned,NPCC,,,,Y,,,,,,,,Y,,,,,Y,Y,Y,Y,Y,Y,Y,,Y,Y
2024,16195,City of Rock Hill - (SC),SC,Municipal,SERC,,,,,,,,,,,,,,,,Y,,,,Y,,,,Y,Y,Y
2024,16196,Rock Energy Cooperative,WI,Cooperative,MRO,,,,,Y,,,,,,,,,Y,,,,,,Y,,,,,Y,Y
2024,16213,Rockland Electric Co,NY,Investor Owned,NPCC,,,,Y,,,,,,,Y,,,,,,,Y,,Y,,,,,,
2024,16223,City of Rockwood - (TN),TN,Municipal,SERC,,,,,,Y,,,,,,,,,,,,,,Y,,,,,,
2024,16226,City of Rocky Mount - (NC),NC,Municipal,,,,,,,Y,,,,,,,,,,Y,,,,Y,,,,,Y,Y
2024,16259,City of Rolla - (MO),MO,Municipal,SERC,,,,,,Y,,,,,,,,Y,,,Y,,Y,Y,,,,Y,,
2024,16286,Rosebud Electric Coop Inc,SD,Cooperative,MRO,,,Y,,,,,,,,,,,Y,,,,,,Y,,,,,,
2024,16295,City of Roseville - (CA),CA,Municipal,WECC,,,,,,,,Y,Y,,,,,,,,Y,,N,Y,,Y,,Y,Y,Y
2024,16368,Runestone Electric Assn,MN,Cooperative,MRO,,,Y,,,,,,N,,,,,,,,,,,Y,,,,,,
2024,16382,"Rural Electric Coop, Inc - (OK)",OK,Cooperative,SPP,,,,,,,Y,,,,N,,Y,,,,,,,Y,,,,,N,N
2024,16443,Rushmore Electric Pwr Coop Inc,SD,Cooperative,MRO,,,Y,,,,N,,,,,,Y,,,,,N,N,,,Y,,,N,
2024,16458,City of Russellville - (AL),AL,Municipal,SERC,,,,,,Y,,,,,,,,,,,,,,Y,,,,,,
2024,16459,City of Russellville - (KY),KY,Municipal,SERC,,,,,,Y,,,,,,,,,,,,,,Y,,,,,,
2024,16461,"Rusk County Electric Coop, Inc",TX,Cooperative,SPP,,,,,,,Y,,,,,,Y,,,,,Y,,Y,,,,,,
2024,16463,City of Ruston - (LA),LA,Municipal,SERC,,,,,,Y,,,,,,,,Y,,,,,Y,Y,,,,,N,N
2024,16496,Rutherford Elec Member Corp,NC,Cooperative,SERC,,,,,,Y,,,,,,,,,,,N,Y,,Y,,,,,,
2024,16534,Sacramento Municipal Util Dist,CA,Political Subdivision,WECC,,,,,,,,Y,N,,,,,,,Y,Y,Y,Y,Y,,Y,,,Y,Y
2024,16537,Safe Harbor Water Power Corp,PA,Investor Owned,RFC,,,,,Y,,,,,,Y,,,,,,Y,,,,,,,,,
2024,16555,Salem Electric - (OR),OR,Cooperative,WECC,,,,,,,,Y,,,,,,,,Y,,N,Y,Y,,,,,Y,Y
2024,16558,City of Salem - (VA),VA,Municipal,RFC,,,,,Y,,,,,,Y,,,,,,,,Y,Y,,,,,N,
2024,16565,Salmon River Electric Coop Inc,ID,Cooperative,WECC,,,,,,,,Y,,,,,,,,,,,,Y,,,,,,
2024,16572,Salt River Project,AZ,Political Subdivision,WECC,,,,,,,,Y,,,,,,,,,Y,Y,Y,Y,,Y,,N,Y,Y
2024,16587,Salt River Electric Coop Corp,KY,Cooperative,RFC,,,,,N,Y,,,,,Y,,,,,,,,,Y,,,,,,
2024,16603,"San Luis Valley R E C, Inc",CO,Cooperative,WECC,,,,,,,,Y,,,,,,,,Y,,N,,Y,,,,,,
2024,16604,City of San Antonio - (TX),TX,Municipal,TRE,Y,,,,,,,,,,,,,,,,Y,Y,,Y,,Y,,Y,Y,Y
2024,16606,"Santee Electric Coop, Inc",SC,Cooperative,SERC,,,,,,Y,,,,,,,,,,Y,,,,Y,,,,,N,N
2024,16609,San Diego Gas & Electric Co,CA,Investor Owned,WECC,,,,,,,N,Y,Y,,,,,,,,Y,Y,Y,Y,,,,Y,Y,Y
2024,16611,Access Energy Coop,IA,Cooperative,SERC,,,,,,Y,,,,,,,,,,Y,,,,Y,,,,,Y,Y
2024,16612,City & County of San Francisco,CA,Municipal,WECC,,,,,,,,Y,Y,,,,,,,,Y,Y,Y,Y,Y,Y,Y,,,
2024,16613,Sam Houston Electric Coop Inc,TX,Cooperative,SERC,,,,,,Y,,,,,,,,,,Y,,Y,,Y,,,,,,
2024,16616,"San Isabel Electric Assn, Inc",CO,Cooperative,WECC,,,,,,,,Y,,,,,,,,Y,,,N,Y,,,,,,
2024,16622,"San Miguel Power Assn, Inc",CO,Cooperative,WECC,,,,,,,,Y,,,,,,,,Y,,N,,Y,,,,,Y,Y
2024,16624,"San Miguel Electric Coop, Inc",TX,Cooperative,TRE,Y,,,,,,,,,Y,,,,,,,Y,,,,,,,,,
2024,16627,San Patricio Electric Coop Inc,TX,Cooperative,TRE,Y,,,,,,,,,Y,,,,,,,,,,Y,,,,,,
2024,16629,Sand Mountain Electric Coop,AL,Cooperative,SERC,,,,,,Y,,,,,,,,,,,,,,Y,,,,,,
2024,16637,City of Sandersville - (GA),GA,Municipal,SERC,,,,,,Y,,,,,,,,,,,,,,Y,,,,,,
2024,16638,"San Bernard Electric Coop, Inc",TX,Cooperative,TRE,Y,,,,,,,,,Y,,,,,,,,N,,Y,,,,,,
2024,16655,City of Santa Clara - (CA),CA,Municipal,WECC,,,,,,,,Y,Y,,,,,,,,Y,N,Y,,,Y,Y,,,
2024,16674,Satilla Rural Elec Member Corporation,GA,Cooperative,SERC,,,,,,Y,,,,,,,,,,Y,,,,Y,,,,,,
2024,16740,Scenic Rivers Energy Coop,WI,Cooperative,MRO,,,Y,,,,,,,,,,,Y,,,,,,Y,,,N,,,
2024,16751,Three Rivers Electric Coop,MO,Cooperative,SERC,,,,,,Y,,,,,,,,,,,,,,Y,,,,N,,
2024,16805,SEMO Electric Cooperative,MO,Cooperative,SERC,,,,,,Y,,,,,,,,,,Y,,,,Y,,,,,N,
2024,16821,Sam Rayburn Municipal Pwr Agny,TX,Political Subdivision,SERC,,,,,,Y,,,,,,,,Y,,N,,,,,,Y,,,,
2024,16829,City of Scottsboro - (AL),AL,Municipal,SERC,,,,,,Y,,,,,,,,,,,,,,Y,,,,,,
2024,16840,"Calpine Energy Solutions, LLC",CA,Retail Power Marketer,WECC,,,,,,,,,,,,,,,,,,,,,,,Y,,N,
2024,16865,Sawnee Electric Membership Corporation,GA,Cooperative,SERC,,,,,,Y,,,,,,,,,,Y,,,,Y,,,,,N,N
2024,16868,City of Seattle - (WA),WA,Municipal,WECC,,,,,,,,Y,Y,,,,,,,N,Y,Y,Y,Y,Y,Y,,,Y,Y
2024,16900,City of Seguin - (TX),TX,Municipal,TRE,Y,,,,,,,,,Y,,,,,,,,,Y,Y,,,,Y,,
2024,16930,Sequachee Valley Electric Coop,TN,Cooperative,SERC,,,,,,Y,,,,,,,,,,,,,,Y,,,,,,
2024,16949,Sevier County Electric System,TN,Municipal,SERC,,,,,,Y,,,,,,,,,,,,,,Y,,,,,,
2024,16971,Shakopee Public Utilities Comm,MN,Municipal,MRO,N,,Y,,,,,,,,,,,Y,,,,,,Y,,,,Y,,
2024,17008,"Sharyland Utilities, LLC",TX,Transmission,,Y,,,,,,N,,,Y,,,N,,,,,Y,,N,,,,,,
2024,17011,Shawano Municipal Utilities,WI,Municipal,RFC,,,Y,,N,,,,,,,,,Y,,,,,,Y,,,,,,
2024,17033,Sheffield Utilities,AL,Municipal,SERC,,,,,,Y,,,,,,,,,,,,,,Y,,,,,,
2024,17038,RushShelby Energy,IN,Cooperative,RFC,,,,,Y,,,,,,,,,Y,,,,,,Y,,,,,,
2024,17040,"Shelby Electric Coop, Inc - (IL)",IL,Cooperative,RFC,,,,,N,Y,,,,,,,,Y,,,,,,Y,,,,,N,
2024,17044,"Shelby Energy Coop, Inc - (KY)",KY,Cooperative,SERC,,,,,,Y,,,,,Y,,,,,,,,,Y,,,,,,
2024,17047,City of Shelbyville - (TN),TN,Municipal,SERC,,,,,,Y,,,,,,,,,,,,,,Y,,,,,,
2024,17066,Shenandoah Valley Elec Coop,VA,Cooperative,SERC,,,,,,Y,,,,,Y,,,,,,,,,Y,,,,,Y,Y
2024,17106,Sho-Me Power Electric Coop,MO,Cooperative,SERC,N,,,,,Y,,,,,,,N,,,Y,Y,Y,,N,,,,,,
2024,17127,Town of Shrewsbury - (MA),MA,Municipal,NPCC,,,,Y,,,,,,,,,,,Y,,Y,Y,Y,Y,,,,Y,Y,Y
2024,17166,Sierra Pacific Power Co,NV,Investor Owned,WECC,,,,,,,,Y,,,,,,,,Y,Y,Y,Y,Y,,Y,,Y,Y,Y
2024,17177,City of Sikeston - (MO),MO,Municipal,SPP,,,,,,,Y,,,,,,Y,,,,Y,Y,Y,Y,,Y,,Y,,
2024,17184,City of Siloam Springs - (AR),AR,Municipal,SPP,,,,,,,Y,,,,,,Y,,,,,,,Y,,,,Y,,
2024,17252,Singing River Elec Cooperative,MS,Cooperative,SERC,N,,,,,Y,,,,,,,,Y,,N,,,,Y,,,,,,
2024,17260,North West Rural Electric Coop,IA,Cooperative,MRO,,,,,N,,Y,,,,,,Y,,,,,,N,Y,,,,,,
2024,17261,Slope Electric Coop Inc,ND,Cooperative,MRO,,,N,,,,Y,,,,,,Y,,,,,,N,Y,,,,,,
2024,17267,Sioux Valley SW Elec Coop,SD,Cooperative,MRO,,,Y,,,,N,,,,,,Y,N,,N,,,,Y,,,,,Y,Y
2024,17324,Slinger Utilities,WI,Municipal,MISO,,,Y,,N,,,,,,,,,Y,,,,,,Y,,,,,,
2024,17452,City of Smithville - (TN),TN,Municipal,SERC,,,,,,Y,,,,,,,,,,,,,,Y,,,,,,
2024,17470,PUD No 1 of Snohomish County,WA,Political Subdivision,WECC,,,,,,,,Y,,,,,,,,Y,Y,Y,Y,Y,,Y,,Y,Y,Y
2024,17512,Village of Solvay - (NY),NY,Municipal,NPCC,,,,Y,,,,,,,,Y,,,,,,,,Y,,N,,,,
2024,17513,Southern California P P A,CA,Political Subdivision,WECC,,,,,,,,Y,Y,,,,,,,N,,,,,,Y,,,,
2024,17534,"South Alabama Elec Coop, Inc",AL,Cooperative,SERC,,,,,,Y,,,,,,,,,,Y,,,,Y,,,,,,
2024,17539,"Dominion Energy South Carolina, Inc",SC,Investor Owned,SERC,,,,,,Y,,,,,N,,,,,Y,Y,Y,Y,Y,,Y,,Y,Y,Y
2024,17540,"South Central Ark El Coop, Inc",AR,Cooperative,SERC,,,,,,,Y,,,,,,Y,,,,,N,,Y,,,,,N,
2024,17543,South Carolina Public Service Authority,SC,State,SERC,,,,,,Y,,,,,,,,,,Y,Y,Y,Y,Y,,Y,,Y,Y,Y
2024,17548,South Central Public Pwr Dist,NE,Political Subdivision,SPP,,,N,,,,Y,,,,,,Y,,,,,,,Y,,,Y,,,
2024,17550,South Central Electric Assn,MN,Cooperative,MRO,,,Y,,,,,,,,,,,Y,,,,,,Y,,,,,Y,Y
2024,17554,"South Carolina Genertg Co, Inc",SC,Investor Owned,SERC,,,,,,Y,,,,,,,,,,Y,Y,,,,,,,,,
2024,17561,South Plains Electric Coop Inc,TX,Cooperative,TRE,Y,,,,,,Y,,,Y,,,Y,,,,,N,,Y,,,,,,
2024,17564,South Kentucky Rural E C C,KY,Cooperative,SERC,,,,,N,Y,,,,,Y,,,N,,,,,,Y,,,,,N,N
2024,17565,South Louisiana Elec Coop Assn,LA,Cooperative,SERC,,,,,,Y,N,,,,,,N,Y,,,,,,Y,,,,N,N,
2024,17568,Cooperative Energy,MS,Cooperative,SERC,,,,,,Y,,,,,,,,Y,,,Y,N,Y,,,Y,,,,
2024,17572,South River Elec Member Corp,NC,Cooperative,SERC,,,,,,Y,,,,,,,,,,Y,,N,,Y,,,,,Y,N
2024,17577,City of South Sioux City,NE,Municipal,MRO,,,Y,,,,,,,,,,Y,,,,,,,,,,,Y,Y,Y
2024,17583,"South Texas Electric Coop, Inc",TX,Cooperative,TRE,Y,,,,,,,,,Y,,,,,,,Y,Y,Y,,,Y,,,,
2024,17585,"Southeastern IL Elec Coop, Inc",IL,Cooperative,RFC,,,,,Y,,,,,,,,,,,,,,,Y,,,,,,
2024,17592,Southeast Colorado Power Assn,CO,Cooperative,WECC,,,,,,,,Y,,,,,,,,Y,,Y,,Y,,,,,N,
2024,17599,Southeastern Indiana R E M C,IN,Cooperative,RFC,,,,,Y,,,,,,,,,Y,,,,,,Y,,,,,,
2024,17603,Southeastern Electric Coop Inc - (OK),OK,Cooperative,SPP,,,,,,,Y,,,,,,Y,,,,,,,Y,,,,,N,
2024,17609,Southern California Edison Co,CA,Investor Owned,WECC,,,,,,,,Y,Y,,,,,,,,Y,Y,Y,Y,Y,Y,Y,,Y,Y
2024,17612,Bear Valley Electric Service,CA,Investor Owned,WECC,,,,,,,,Y,Y,,,,,,,,Y,Y,Y,Y,Y,Y,Y,,N,Y
2024,17622,Southern Electric Gen Co,AL,Investor Owned,SERC,,,,,,Y,,,,,,,,,,,Y,Y,,,,N,,,,
2024,17632,Southern Illinois Power Coop,IL,Cooperative,SERC,,,,,N,Y,,,,,,,,Y,,,Y,Y,Y,,,Y,,,,
2024,17633,Southern Indiana Gas & Elec Co,IN,Investor Owned,RFC,,,,,Y,,,,,,,,,Y,,,Y,Y,Y,Y,,Y,,Y,Y,Y
2024,17637,Southern Maryland Elec Coop Inc,MD,Cooperative,RFC,,,,,Y,,,,,,Y,,,,,,,Y,,Y,,,,,Y,Y
2024,17642,Southern Public Power District,NE,Political Subdivision,MRO,,,Y,,,,N,,,,,,Y,,,,,,Y,Y,N,,,,,
2024,17646,"Southern Pine Elec Coop, Inc",AL,Cooperative,SERC,,,,,,Y,,,,,,,,,,Y,,,,Y,,,,,N,
2024,17647,Southern Pine Electric Cooperative,MS,Cooperative,SERC,,,,,,Y,,,,,,,,,,,,,,Y,,,,,,
2024,17671,Southwest Arkansas E C C,AR,Cooperative,,,,Y,,,Y,Y,,,,,,Y,Y,,,,N,,Y,,,,,,
2024,17683,Southwest Mississippi E P A,MS,Cooperative,SERC,,,,,,Y,,,,,,,,Y,,N,,,,Y,,,,,,
2024,17684,Southwest Louisiana E M C,LA,Cooperative,SERC,,,,,,Y,,,,,,,Y,,,,,Y,,Y,,,,,Y,Y
2024,17692,Southwest Public Power Dist,NE,Political Subdivision,MRO,,,,,,,Y,,,,,,Y,,,,,,,Y,,,,,,
2024,17693,"Southwest Texas Elec Coop, Inc",TX,Cooperative,TRE,Y,,,,,,,,,Y,,,,,,,,,,Y,,,,,,
2024,17694,Southwest Tennessee E M C,TN,Cooperative,SERC,,,,,,Y,,,,,,,,,,,,,,Y,,,,,,
2024,17697,Southwestern Electric Coop Inc - (IL),IL,Cooperative,SERC,,,,,N,Y,,,,,,,,Y,,,N,,Y,Y,,,,,Y,Y
2024,17698,Southwestern Electric Power Co,OK,Investor Owned,SPP,,,,,,,Y,,,,,,Y,,,,Y,Y,Y,Y,N,Y,,N,Y,Y
2024,17710,"Spark Energy, LP",TX,Retail Power Marketer,TRE,,,,,,,,,,Y,,,,,,,,,,N,,,Y,,,
2024,17715,Southwestern Electric Coop Inc - (NM),NM,Cooperative,WECC,,,,,,,,Y,,,,,,N,,Y,,,,Y,,,,,,
2024,17716,Southwestern Power Administration,OK,Federal,MRO,,,Y,,,,N,,,,,,Y,N,,,Y,Y,Y,,,Y,,,Y,Y
2024,17718,Southwestern Public Service Co,TX,Investor Owned,SPP,,,,,,,Y,,,,,,Y,,,,Y,Y,Y,Y,,Y,,,Y,Y
2024,17732,Spanish Fork City Corporation,UT,Municipal,WECC,,,,,,,,Y,,,,,,,,,,N,,Y,,,,,,
2024,17740,City of Sparta,TN,Municipal,SERC,,,,,,Y,,,,,,,,,,,,,,Y,,,,,,
2024,17826,"Springer Electric Coop, Inc",NM,Cooperative,WECC,,,,,,,,Y,,,,,,,,Y,,,,Y,,,,,,
2024,17828,City of Springfield - (IL),IL,Municipal,SERC,,,,,,Y,,,,,,,,Y,,,Y,Y,,Y,,Y,,N,Y,Y
2024,17829,City of Springfield - (TN),TN,Municipal,SERC,,,,,,Y,,,,,,,,,,,,,,Y,,,,,,
2024,17832,Snapping Shoals El Member Corp,GA,Cooperative,SERC,,,,,,Y,,,,,,,,,,,,,,Y,,,,,Y,Y
2024,17833,City Utilities of Springfield - (MO),MO,Municipal,,,,Y,,,,N,,,,,,Y,,,,Y,Y,Y,Y,,Y,,Y,Y,Y
2024,17839,City of Springfield - (OR),OR,Municipal,WECC,,,,,,,,Y,,,,,,,,N,,N,Y,Y,,,,Y,Y,Y
2024,17845,City of Springville - (UT),UT,Municipal,WECC,,,,,,,,Y,,,,,,,,Y,Y,,,Y,,,,,,
2024,17858,Square Butte Electric Coop,ND,Cooperative,MRO,,,Y,,,,,,,,,,,Y,,,Y,N,N,,,,,,,
2024,17860,City of St Charles - (IL),IL,Municipal,RFC,,,,,Y,,,,,,Y,,,,,,,,,Y,,,,,,
2024,17874,City of St George,UT,Municipal,WECC,,,,,,,,Y,,,,,,,,,Y,Y,Y,Y,,Y,Y,,N,
2024,17896,City of Shasta Lake - (CA),CA,Municipal,WECC,,,,,,,,Y,N,,,,,,,Y,,,Y,Y,,,,Y,N,N
2024,18006,City of Starkville,MS,Municipal,SERC,,,,,,Y,,,,,,,,,,,,,,Y,,,,,,
2024,18019,Stearns Cooperative Elec Assn,MN,Cooperative,MRO,,,Y,,,,,,,,,,,Y,,,,,,Y,,,,,Y,Y
2024,18022,City of Statesville - (NC),NC,Municipal,SERC,,,,,,Y,,,,,,,,,,Y,,,,Y,,,,,,
2024,18047,Steele-Waseca Cooperative Electric,MN,Cooperative,MRO,,,Y,,,,,,,,,,,Y,,,,,,Y,,,,,Y,Y
2024,18085,South Central Power Company,OH,Cooperative,RFC,,,,,Y,,,,,,Y,,,,,,,Y,,Y,,,,,Y,Y
2024,18125,Stillwater Utilities Authority,OK,Municipal,SPP,,,,,,,Y,,,,,,Y,,,,Y,N,,Y,,,,,,
2024,18181,City of Stoughton - (WI),WI,Municipal,MISO,,,Y,,N,,,,,,,,,Y,,,,,,Y,,,,,Y,Y
2024,18193,Direct Energy Business,PA,Retail Power Marketer,,N,,,Y,Y,Y,,Y,Y,Y,Y,Y,,Y,Y,,,,N,,,N,Y,,,
2024,18203,Tallapoosa River Elec Coop Inc,AL,Cooperative,SERC,,,,,,Y,,,,,,,,,,Y,,,,Y,,,,,,
2024,18205,Strawberry Water Users Assn,UT,Investor Owned,WECC,,,,,,,,Y,,,,,,,,Y,Y,,,,,Y,,,,
2024,18206,Strawberry Electric Serv Dist,UT,Political Subdivision,WECC,,,,,,,,Y,,,,,N,,,N,,Y,Y,Y,,,,,,
2024,18249,City of Sturgeon Bay - (WI),WI,Municipal,MISO,,,Y,,N,,,,,,,,,Y,,,,,,Y,,,,,Y,Y
2024,18252,City of Sturgis - (MI),MI,Municipal,RFC,,,,,Y,,,,,,Y,,,,,,Y,N,Y,Y,Y,,,,N,
2024,18260,Surprise Valley Electrification,CA,Cooperative,WECC,,,,,,,,Y,,,,,,,,Y,N,,,Y,,,,,,
2024,18280,Sulphur Springs Valley E C Inc,AZ,Cooperative,WECC,,,,,,,,Y,,,,,,,,,Y,,,Y,,N,,,,
2024,18304,"Sumter Electric Coop, Inc",FL,Cooperative,FRCC,,Y,,,,,,,,,,,,,,Y,,Y,Y,Y,,,,,,
2024,18305,Sumter Electric Member Corp,GA,Cooperative,SERC,,,,,,Y,,,,,,,,,,Y,,,,Y,,,,,Y,N
2024,18312,Sun Prairie Utilities,WI,Municipal,MISO,,,Y,,N,,,,,,,,,Y,,,,,,Y,,,,,Y,Y
2024,18315,Sunflower Electric Power Corp,KS,Cooperative,SPP,,,,,,,Y,,,,,,Y,,,,Y,Y,,,,Y,,,,
2024,18336,Superior Water and Light Co,WI,Investor Owned,MRO,,,Y,,,,,,,,,,,,,,,,,,,,,Y,,
2024,18339,Surry-Yadkin Elec Member Corp,NC,Cooperative,SERC,,,,,,Y,,,,,,,,,,Y,,N,,Y,,,,,Y,Y
2024,18360,Suwannee Valley Elec Coop Inc,FL,Cooperative,FRCC,,Y,Y,,,,,,,,,,,,,Y,,N,,Y,,,,,,N
2024,18384,City of Sweetwater,TN,Municipal,SERC,,,,,,Y,,,,,,,,,,,,,,Y,,,,,,
2024,18397,City of Sylvania - (GA),GA,Municipal,SERC,N,,,,,Y,,,,,,,,,,,,,,Y,,,,,,
2024,18429,City of Tacoma - (WA),WA,Municipal,WECC,,,,,,,,Y,,,,,,,,Y,Y,Y,Y,Y,,Y,,,Y,Y
2024,18445,City of Tallahassee - (FL),FL,Municipal,FRCC,,Y,,,,N,,,,,,,,,,Y,Y,Y,Y,Y,Y,Y,N,Y,Y,Y
2024,18447,Tallahatchie Valley E P A,MS,Cooperative,SERC,,,,,,Y,,,,,,,,,,,,,,Y,,,,,,
2024,18449,"Talquin Electric Coop, Inc",FL,Cooperative,FRCC,,Y,,,,N,,,,,,,,,,Y,,,,Y,,,,,,
2024,18454,Tampa Electric Co,FL,Investor Owned,FRCC,,Y,,,,,,,,,,,,,,Y,Y,Y,Y,Y,,Y,,Y,Y,Y
2024,18466,Town of Tarboro - (NC),NC,Municipal,SERC,,,,,,Y,,,,,,,,,,Y,,,,Y,,,,,,
2024,18472,City of Tarrant,AL,Municipal,SERC,,,,,,Y,,,,,,,,,,,,,,Y,,,,,,
2024,18476,"Tara Energy, LLC",TX,Retail Power Marketer,,Y,,,,,,,,,,,,,,,,,,,,,,Y,,,
2024,18488,City of Taunton,MA,Municipal,NPCC,,,,Y,,,,,,,,,,,Y,,Y,N,Y,Y,,Y,,,Y,Y
2024,18498,Taylor County Rural E C C,KY,Cooperative,RFC,,,,,Y,,,,,,,,,,,,,,,Y,,,,,,
2024,18499,Three Notch Elec Member Corp,GA,Cooperative,SERC,N,,,,,Y,,,,,,,,,,,,,,Y,,,,,,
2024,18589,"Rayburn Country Elec Coop, Inc",TX,Cooperative,TRE,Y,,,,,,N,,,Y,,,Y,,,,Y,Y,Y,,N,,,N,N,
2024,18642,Tennessee Valley Authority,TN,Federal,,,,,,,Y,,,,,,,,,,Y,Y,Y,,,,,,,Y,Y
2024,18643,Tennessee Valley Electric Coop,TN,Cooperative,SERC,,,,,,Y,,,,,,,,,,,,,,Y,,,,,,
2024,18848,City of Thomasville - (GA),GA,Municipal,SERC,,,,,,Y,,,,,,,,,,,,,,,,,,Y,Y,Y
2024,18917,Tillamook Peoples Utility Dist,OR,Political Subdivision,WECC,,,,,,,,Y,,,,,,,,Y,,,,Y,,,,,Y,Y
2024,18940,Tipmont Rural Elec Member Corp,IN,Cooperative,RFC,,,,,Y,,,,,,,,,,,Y,,,,Y,,,,,Y,Y
2024,18943,Tippah Electric Power Assn,MS,Cooperative,SERC,,,,,,Y,,,,,,,,,,,,,,Y,,,,,,
2024,18951,Tishomingo County E P A,MS,Cooperative,SERC,,,,,,Y,,,,,,,,,,,,,,Y,,,,,,
2024,18955,"Tri-County Electric Coop, Inc (IL)",IL,Cooperative,RFC,,,,,N,Y,,,,,,,,Y,,,,,,Y,,,,,Y,Y
2024,18956,Tri-County Elec Member Corp (GA),GA,Cooperative,SERC,,,,,,Y,,,,,,,,,,,,,,Y,,,,,Y,Y
2024,18957,Tri-County Elec Member Corp (NC),NC,Cooperative,SERC,,,,,,Y,,,,,,,,,,Y,,,,Y,,,,,N,
2024,18976,Trinity Valley Elec Coop Inc,TX,Cooperative,,Y,,,,,,Y,,,Y,,,,,,,,N,,Y,,,,,,
2024,18995,Tenaska Power Services,TX,Retail Power Marketer,TRE,N,,N,,,N,N,,N,N,N,,N,N,,,,,Y,,,Y,Y,,,
2024,18997,The Toledo Edison Co,OH,Investor Owned,RFC,,,,,Y,,,,,,Y,,,N,,,N,N,N,Y,,Y,N,,Y,Y
2024,19007,Tombigbee Electric Power Assn,MS,Cooperative,SERC,,,,,,Y,,,,,,,,,,,,,,Y,,,,,,
2024,19048,Toledo Bend Project Joint Oper,TX,State,SERC,,,,,,Y,,,,,,,,Y,,,Y,,,,,Y,,,,
2024,19090,"ENGIE Energy Marketing NA, Inc",TX,Wholesale Power Marketer,TRE,N,,N,N,N,N,N,N,Y,Y,Y,Y,Y,Y,Y,,N,,N,,,Y,,,,
2024,19096,TransAlta Energy Marketing (U.S.) Inc.,NY,Wholesale Power Marketer,WECC,,,,,,,,,Y,Y,Y,Y,Y,Y,Y,N,,,,,,Y,,,,
2024,19107,ENGIE Resources LLC,TX,Retail Power Marketer,TRE,N,,,,,,,,,,,,,,,,,,,,,,Y,N,,
2024,19108,Tideland Electric Member Corp,NC,Cooperative,,,,,,,Y,,,,,Y,,,,,,,,,Y,,,,,,
2024,19125,City of Traverse City - (MI),MI,Municipal,RFC,,,,,Y,,,,,,,,,Y,,,N,N,N,Y,,,,Y,Y,Y
2024,19126,"TriEagle Energy, L.P.",TX,Retail Power Marketer,TRE,Y,,,,,,,,,Y,Y,,,,,,,,,,,,Y,,,
2024,19149,City of Trenton - (TN),TN,Municipal,SERC,,,,,,Y,,,,,,,,,,,,,,Y,,,,,,
2024,19154,Tri-State Electric Member Corp,GA,Cooperative,SERC,,,,,,Y,,,,,,,,,,,,,,Y,,,,,,
2024,19156,Powder River Energy Corp,WY,Cooperative,WECC,,,,,,,,Y,,,,,,,,,,,,Y,,,,,N,
2024,19157,MiEnergy Cooperative,MN,Cooperative,MRO,,,Y,,,,,,,,,,,Y,,,Y,,,Y,,,,,Y,Y
2024,19159,"Tri-County Electric Coop, Inc (TX)",TX,Cooperative,TRE,Y,,,,,,,,,Y,,,,,,,,,,Y,,,,,,
2024,19160,"Tri-County Electric Coop, Inc (OK)",OK,Cooperative,SPP,,,,,,,Y,,,,,,Y,,,,,Y,Y,Y,,,,,N,N
2024,19161,"Tri-County Electric Coop, Inc (FL)",FL,Cooperative,FRCC,,Y,,,,,,,,,,,,,,,,,,Y,,,,,,
2024,19162,Tri-County Elec Member Corp (TN),TN,Cooperative,SERC,,,,,,Y,,,,,,,,,,,,,,Y,,,,,,
2024,19189,Trico Electric Cooperative Inc,AZ,Cooperative,WECC,,,,,,,,Y,,Y,,,,,,Y,Y,,Y,Y,,,,,Y,Y
2024,19219,Diverse Power Incorporated,GA,Cooperative,SERC,,,,,,Y,,,,,,,,,,Y,,,,Y,,,,,,
2024,19225,City of Troy - (AL),AL,Municipal,SERC,,,,,N,Y,,,,,,,,,,Y,,,,Y,,,,Y,,
2024,19266,Tullahoma Board-Public Utils,TN,Municipal,SERC,,,,,,Y,,,,,,,,,,,,,,Y,,,,,,
2024,19273,City of Tupelo - (MS),MS,Municipal,SERC,,,,,,Y,,,,,,,,,,,,,,Y,,,,,,
2024,19277,TDX North Slope Generating Co,AK,Investor Owned,AK,,,,,,,,Y,,,,,,,,Y,Y,N,,Y,,N,,,,
2024,19281,Turlock Irrigation District,CA,Political Subdivision,WECC,,,,,,,,Y,N,,,,,,,Y,Y,Y,Y,Y,Y,Y,,,Y,Y
2024,19293,Southeastern Electric Coop Inc - (SD),SD,Cooperative,MRO,,,Y,,,,N,,,,,,Y,,,N,,,,Y,,,,,Y,Y
2024,19307,City of Tuscumbia,AL,Municipal,SERC,,,,,,Y,,,,,,,,,,,,,,Y,,,,,,
2024,19324,Two Rivers Water & Light,WI,Municipal,MISO,,,Y,,N,,,,,,,,,Y,,,,,,Y,,,,,Y,Y
2024,19325,Umatilla Electric Coop Assn,OR,Cooperative,WECC,,,,,N,,,Y,,,,,,,,Y,Y,Y,N,Y,,,N,,Y,Y
2024,19327,"TXU Energy Retail Co, LLC",TX,Retail Power Marketer,,Y,,,,,,,,,Y,,,,,,,,,,,,,Y,,,
2024,19389,Upper Missouri G&T El Coop Inc,MT,Cooperative,MRO,,,Y,,,,,N,,,,,Y,,,,,Y,,,,Y,,,,
2024,19390,"UGI Utilities, Inc",PA,Investor Owned,RFC,,,,,Y,,,,,,Y,,,,,,,Y,Y,Y,,,Y,,,
2024,19396,Tri-County Electric Coop (MI),MI,Cooperative,RFC,,,,,Y,,,,,,,,,Y,,,,,,Y,Y,,Y,,,
2024,19430,City of Union City,TN,Municipal,SERC,,,,,,Y,,,,,,,,,,,,,,Y,,,,,,
2024,19435,Union Electric Membership Corp - (NC),NC,Cooperative,SERC,,,,,,,,,,,,,,,,,,,,Y,,Y,Y,,Y,Y
2024,19436,Union Electric Co - (MO),MO,Investor Owned,SERC,,,,,,Y,,,,,,,,Y,,,Y,Y,Y,Y,,Y,,,Y,Y
2024,19445,"Southern Indiana R E C, Inc",IN,Cooperative,RFC,,,,,Y,,,,,,,,,Y,,,,,,Y,,,,,,
2024,19446,Duke Energy Kentucky,KY,Investor Owned,RFC,,,,,Y,,,,,,Y,,,N,,,Y,Y,Y,Y,,Y,,Y,Y,Y
2024,19490,United Electric Coop Service Inc - (TX),TX,Cooperative,TRE,Y,,,,,,,,,Y,,,,,,,,,,Y,,,,,Y,Y
2024,19497,United Illuminating Co,CT,Investor Owned,NPCC,,,,Y,,,,,,,,,,,Y,,,Y,Y,Y,,,,,Y,Y
2024,19499,"United Power, Inc",CO,Cooperative,WECC,,,,,,,,Y,,,,,,,,Y,,,Y,Y,,,N,,Y,Y
2024,19501,"Union Rural Electric Coop, Inc",OH,Cooperative,RFC,,,,,Y,,,,,,Y,,,,,,,,,Y,,,,N,N,N
2024,19502,"United Electric Co-op, Inc - (ID)",ID,Cooperative,WECC,,,,,,,,Y,,,,,,,,,,,,Y,,,,,N,
2024,19545,"Black Hills Power, Inc.",SD,Investor Owned,WECC,N,,Y,,,,,Y,,,,,,,,Y,Y,Y,Y,Y,,Y,N,,Y,Y
2024,19547,Hawaiian Electric Co Inc,HI,Investor Owned,HI,,,,,,,,,,,,,,,,,Y,Y,,Y,,,,,Y,Y
2024,19558,Homer Electric Assn Inc,AK,Cooperative,AK,,,,,,,,,,,,,,,,Y,Y,N,Y,Y,,,,,Y,Y
2024,19574,Upper Cumberland E M C,TN,Cooperative,SERC,,,,,,Y,,,,,,,,,,,,,,Y,,,,,,
2024,19578,Upper Peninsula Power Company,MI,Investor Owned,RFC,,,Y,,Y,,,,,,,,,Y,,,Y,,Y,Y,,Y,,,N,
2024,19579,Upshur Rural Elec Coop Corp,TX,Cooperative,SPP,,,,,,,Y,,,,,,Y,,,,,,,Y,,,,,,
2024,19603,USBIA-Mission Valley Power,MT,Federal,WECC,,,,,,,,Y,,,,,,,,Y,,,,Y,,,,,,
2024,19604,USBIA-San Carlos Project,AZ,Federal,WECC,,,,,,,,Y,,,,,,,,Y,,N,Y,Y,,Y,Y,,Y,Y
2024,19667,Utilities Dist-Western IN REMC,IN,Cooperative,RFC,,,,,Y,,,,,,,,,Y,,,,,,Y,,,,,,
2024,19728,"UNS Electric, Inc",AZ,Investor Owned,WECC,,,,,,,,Y,Y,,,,,,,,Y,Y,Y,Y,,Y,,,,
2024,19780,Vermont Public Power Supply Authority,VT,Political Subdivision,NPCC,,,,Y,,,,,,,,,,,Y,,Y,N,,,,Y,,,,
2024,19784,Vera Irrigation District #15,WA,Political Subdivision,WECC,,,,,,,,Y,,,,,,,,Y,,,,Y,,,,,,
2024,19785,Verdigris Valley Elec Coop Inc,OK,Cooperative,SPP,,,,,,,Y,,,,,,,,,,,,,Y,,,,,,
2024,19790,Verendrye Electric Coop Inc,ND,Cooperative,MRO,,,N,,,,Y,,,,,,Y,,,,,,,Y,,,,,,
2024,19791,"Vermont Electric Cooperative, Inc",VT,Cooperative,NPCC,,,,Y,,,,,,,,,,,Y,,,Y,Y,Y,N,Y,Y,,,N
2024,19792,"Vermont Electric Power Co, Inc",VT,Transmission,NPCC,,,,Y,,,,,,,,,,,Y,,,Y,,,,,,,Y,Y
2024,19798,City of Vernon,CA,Municipal,WECC,,,,,,,,Y,Y,,,,,,,,Y,,,Y,,,,Y,Y,Y
2024,19806,"Victoria Electric Coop, Inc",TX,Cooperative,TRE,Y,,,,,,,,,Y,,,,,,,,,,Y,,,,,,
2024,19820,Victory Electric Coop Assn Inc,KS,Cooperative,SPP,,,,,,,Y,,,,,,Y,,,,,,,Y,,,,,,
2024,19840,"Valley Electric Assn, Inc",NV,Cooperative,WECC,,,,,,,,Y,Y,,,,,,,,,Y,Y,Y,,,,,,
2024,19856,City of Vineland - (NJ),NJ,Municipal,RFC,,,,,Y,,,,,,Y,,,,,,Y,N,Y,Y,,Y,,,,
2024,19869,Vinton Public Power Authority,LA,Political Subdivision,SERC,,,,,,Y,,,,,,,,Y,,,,,,,,Y,Y,,,
2024,19876,Virginia Electric & Power Co,VA,Investor Owned,SERC,,,,,,Y,,,,,Y,,,,,,Y,Y,,Y,,,,,Y,Y
2024,19882,Virginia Tech Electric Service,VA,State,RFC,,,,,Y,,,,,,Y,,,,,,,,,Y,,,,,,
2024,19885,Virginia Mun Elec Assn No 1,VA,Municipal Mktg Authority,SERC,,,,,,Y,,,,,,,,,,,Y,,Y,,,,,,,
2024,19896,City of Volga - (SD),SD,Municipal,MRO,,,Y,,,,,,,,,,,,,Y,,,,Y,,,,Y,,
2024,19898,Volunteer Electric Coop,TN,Cooperative,SERC,,,,,,Y,,,,,,,,,,,,,,Y,,,,,,
2024,19950,Vermont Electric Trans Co Inc,VT,Transmission,NPCC,,,,Y,,,,,,,,,,,Y,,,Y,,,,,,,,
2024,19951,City of Wadsworth - (OH),OH,Municipal,RFC,,,,,Y,,,,,,Y,,,,,,,,,Y,,,,Y,,
2024,19981,Wake Electric Membership Corp,NC,Cooperative,SERC,,,,,,Y,,,,,,,,,,Y,,,,Y,,,,,Y,Y
2024,20038,Town of Wallingford - (CT),CT,Municipal,NPCC,,,,Y,,,,,,,,,,,Y,,,,Y,Y,,,,,N,
2024,20065,Walton Electric Member Corp,GA,Cooperative,SERC,,,,,,Y,,,,,,,,,,Y,N,,,Y,,,,,,
2024,20130,Warren Rural Elec Coop Corp,KY,Cooperative,SERC,,,,,,Y,,,,,,,,,,,,,,Y,,,,,,
2024,20140,City of Washington - (GA),GA,Municipal,SERC,,,,,,Y,,,,,,,,,,,,,,Y,,,,,,
2024,20142,City of Washington - (NC),NC,Municipal,SERC,,,,,,Y,,,,,,,,,,Y,,,,Y,,,,Y,,
2024,20146,Washington Elec Member Corp,GA,Cooperative,SERC,,,,,,Y,,,,,,,,,,Y,,,,Y,,,,,,
2024,20160,Energy Northwest,WA,State,WECC,,,,,,,,Y,,N,,,,,,Y,Y,N,,,,,,,N,N
2024,20169,Avista Corp,WA,Investor Owned,WECC,,,,,,,,Y,,,,,,,,Y,Y,Y,Y,Y,,Y,,Y,Y,Y
2024,20176,City of Water Valley - (MS),MS,Municipal,SERC,,,,,,Y,,,,,,,,,,,,,,Y,,,,,,
2024,20182,Waterloo Light & Water Comm,WI,Municipal,MISO,,,Y,,N,,,,,,,,,Y,,,,,,Y,,,,,,
2024,20187,Watertown Municipal Utilities,SD,Municipal,MRO,,,Y,,,,,,,,,,Y,,,,,,,Y,,,,,,
2024,20188,City of Watertown - (NY),NY,Municipal,NPCC,,,,Y,,,,,,,,Y,,,,,Y,,,,,,,,,
2024,20211,Village of Waunakee - (WI),WI,Municipal,MISO,,,Y,,N,,,,,,,,,Y,,,,,,Y,,,,,,
2024,20213,Waupun Utilities,WI,Municipal,MISO,,,Y,,N,,,,,,,,,Y,,,,,,Y,,,,,Y,Y
2024,20216,Whitewater Valley Rural EMC,IN,Cooperative,RFC,,,,,Y,,,,,,,,,Y,,,,,,Y,,,,N,N,
2024,20222,Wayne-White Counties Elec Coop,IL,Cooperative,RFC,,,,,Y,,,,,,,,,Y,,,,,,Y,,,,,,
2024,20228,Weakley County Mun Elec Sys,TN,Municipal,SERC,,,,,,Y,,,,,,,,,,,,,,Y,,,,,,
2024,20230,Weatherford Mun Utility System,TX,Municipal,TRE,Y,,,,,,,,,Y,,,,,,,,,,Y,,,,,N,
2024,20310,Town of Wellesley - (MA),MA,Municipal,NPCC,,,,Y,,,,,,,,,,,Y,,,,Y,Y,,,,,Y,Y
2024,20318,Webster Electric Coop,MO,Cooperative,SERC,,,,,Y,,,,,,,,,,,,,,,Y,,,,,N,
2024,20332,Wells Rural Electric Co,NV,Cooperative,WECC,,,,,,,,Y,,,,,,,,Y,,N,,Y,,,,,Y,Y
2024,20334,Wellsborough Electric Co,PA,Investor Owned,RFC,,,,,Y,,,,,,Y,,,,,,,,,Y,,,,,N,
2024,20363,West Central Electric Coop Inc - (MO),MO,Cooperative,SERC,,,,,,Y,,,,,,,,,,,,,N,Y,,,,,Y,Y
2024,20371,"West Florida El Coop Assn, Inc",FL,Cooperative,SERC,,,,,,Y,,,,,,,,,,,,,,Y,,,,,N,
2024,20377,West Kentucky Rural E C C,KY,Cooperative,SERC,,,,,,Y,,,,,,,,,,,,,,Y,,,,,,
2024,20382,City of West Memphis - (AR),AR,Municipal,,,,,,,Y,,,,,,,,,,,Y,,,Y,Y,,,,N,
2024,20394,City of West Point - (MS),MS,Municipal,SERC,,,,,,Y,,,,,,,,,,,,,,Y,,,,,,
2024,20401,West River Electric Assn Inc,SD,Cooperative,MRO,,,Y,,,,N,,,,,,Y,,,N,,Y,,Y,,,,,Y,Y
2024,20404,AEP Texas North Company,OK,Investor Owned,TRE,Y,,,,,,,,,Y,N,,,,,,N,Y,Y,Y,,,,,Y,Y
2024,20413,Mountrail-Williams Elec Coop,ND,Cooperative,MRO,,,Y,,,,Y,,,,,,Y,N,,N,,Y,Y,Y,,,,,N,
2024,20421,Western Minnesota Mun Pwr Agny,SD,Political Subdivision,MRO,,,Y,,,,,,,,,,Y,Y,,,Y,Y,,,,,,,,
2024,20434,City of Westby,WI,Municipal,MISO,,,Y,,,,,,,,,,,Y,,,,,,Y,,,,,,
2024,20447,"Western Farmers Elec Coop, Inc",OK,Cooperative,SPP,,,Y,,,,N,,,,,,Y,,,,Y,Y,Y,,,Y,,,Y,Y
2024,20472,"Wharton County Elec Coop, Inc",TX,Cooperative,TRE,Y,,,,,,,,,Y,,,,,,,,,,Y,,,,,N,
2024,20476,Western Coop Electric Assn Inc,KS,Cooperative,SPP,,,,,,,Y,,,,,,Y,,,,,,,Y,,,,,N,
2024,20477,City of Westerville - (OH),OH,Municipal,RFC,,,,,Y,,,,,,Y,,,,,,,Y,,Y,,,,,Y,Y
2024,20481,City of Westfield - (MA),MA,Municipal,NPCC,,,,Y,,,,,,,,,,,Y,,,,Y,Y,,N,,,Y,Y
2024,20510,"Wheatland Electric Coop, Inc",KS,Cooperative,SPP,,,,,,,Y,,,,,,Y,,,,,,,Y,,,,,Y,Y
2024,20521,Wheeling Power Co,OH,Investor Owned,RFC,,,,,Y,,,,,,Y,,,,,,Y,Y,,Y,,Y,,,Y,Y
2024,20574,White River Valley El Coop Inc,MO,Cooperative,SERC,,,,,,Y,,,,,,,,,,,,,,Y,Y,,,,N,N
2024,20576,"White River Electric Assn, Inc",CO,Cooperative,WECC,,,,,,,,Y,,,,,,,,Y,Y,Y,,Y,,,N,,,
2024,20583,Whitehall Electric Utility,WI,Municipal,MISO,,,Y,,,,,,,,,,,Y,,,,,,Y,,,,,Y,Y
2024,20603,Northeastern Rural E M C,IN,Cooperative,RFC,,,,,Y,,,,,,Y,,,,,,Y,,,Y,,,,,Y,Y
2024,20639,"Wild Rice Electric Coop, Inc",MN,Cooperative,MRO,,,Y,,,,,,,,,,,Y,,,,,,Y,,,,,,
2024,20659,"WGL Energy Services, Inc.",VA,Retail Power Marketer,,,,,,Y,,,,,,Y,,,,,,,,,,,,Y,,,
2024,20737,Willmar Municipal Utilities,MN,Municipal,MRO,,,Y,,,,,,,,,,,Y,,,Y,Y,Y,Y,,,,Y,,
2024,20785,City of Wilson - (NC),NC,Municipal,SERC,,,,,,Y,,,,,,,,,,Y,,N,N,Y,,,,,Y,Y
2024,20793,City of Winchester - (TN),TN,Municipal,SERC,,,,,,Y,,,,,,,,,,,,,,Y,,,,,,
2024,20813,City of Winfield - (KS),KS,Municipal,SPP,,,,,,,Y,,,N,,,Y,,,,Y,Y,,Y,,,,Y,N,
2024,20841,"Wiregrass Electric Coop, Inc",AL,Cooperative,SERC,,,,,,Y,,,,,,,,,,Y,,,,Y,,,,,,
2024,20845,Wolverine Power Marketing Coop,MI,Cooperative,RFC,,,,N,Y,,,,,,,,,Y,,,,,Y,,,,Y,,,
2024,20847,Wisconsin Electric Power Co,WI,Investor Owned,,,,N,,Y,,,,,,,,,Y,,,Y,,Y,Y,Y,Y,,Y,Y,Y
2024,20856,Wisconsin Power & Light Co,WI,Investor Owned,MRO,,,Y,,,,,,,,,,,Y,,,Y,,Y,Y,Y,Y,Y,Y,Y,Y
2024,20858,WPPI Energy,WI,Municipal Mktg Authority,MISO,,,Y,,N,,,,,,,,,Y,,,Y,,Y,Y,Y,Y,,,Y,Y
2024,20860,Wisconsin Public Service Corp,WI,Investor Owned,,,,N,,Y,,,,,,,,,Y,,,Y,,Y,Y,Y,Y,N,Y,Y,Y
2024,20862,Wisconsin Rapids W W & L Comm,WI,Municipal,MRO,,,Y,,,,,,,,,,,Y,,,,,,Y,,,,Y,,
2024,20863,Wisconsin River Power Company,WI,Investor Owned,RFC,,,Y,,,,,,,,,,,Y,,,Y,,,,,,,,N,
2024,20885,Withlacoochee River Elec Coop,FL,Cooperative,FRCC,,Y,,,,,,,,,,,,,,N,,N,,Y,,,,,Y,Y
2024,20910,Wolverine Power Supply Coop,MI,Cooperative,RFC,,,,,Y,,,,,,Y,,,Y,,,Y,Y,Y,N,,Y,,N,,
2024,20927,"Wood County Electric Coop, Inc",TX,Cooperative,SPP,,,,,,,Y,,,,,,,,,,,Y,,Y,,,,,,
2024,20948,Wise Electric Coop Inc,TX,Cooperative,TRE,Y,,,,,,,,,,,,,,,N,,,,Y,,,,,,
2024,20963,Woodruff Electric Coop Corp,AR,Cooperative,SERC,,,,,,Y,N,N,,,,,N,Y,,,,,,Y,,,,,,
2024,20996,Wright-Hennepin Coop Elec Assn,MN,Cooperative,MRO,,,Y,,,,,,,,,,,Y,,,,,,Y,,,,,Y,Y
2024,20997,Yellowstone Valley Elec Co-op,MT,Cooperative,WECC,,,,,,,,Y,,,,,Y,,,N,,,,Y,,,,,N,
2024,21002,York Electric Coop Inc,SC,Cooperative,SERC,,,,,,Y,,,,,,,,,,Y,N,,,Y,,,,,Y,Y
2024,21013,City of Worthington - (MN),MN,Municipal,MRO,,,Y,,,,,,,,,,,Y,,,,,Y,Y,,,,Y,,
2024,21048,Wyandotte Municipal Serv Comm,MI,Municipal,RFC,,,,,Y,,,,,,,,,Y,,,Y,N,Y,Y,,,,Y,N,N
2024,21075,Y-W Electric Assn Inc,CO,Cooperative,WECC,,,,,,,,Y,,,,,,,,Y,,N,,Y,,,,,,
2024,21081,Yampa Valley Electric Assn Inc,CO,Cooperative,WECC,,,,,,,,Y,,,,,,,,Y,,,,Y,,,,,,
2024,21093,3 Phases Renewables Inc,CA,Retail Power Marketer,WECC,,,,,,,,Y,Y,,,,,,,,,,,,,,Y,,N,
2024,21111,Perennial Public Power Dist,NE,Political Subdivision,SPP,,,,,,,Y,,,,,,N,,,Y,,N,Y,Y,,,,,,
2024,21114,Yazoo Valley Elec Power Assn,MS,Cooperative,SERC,,,,,,Y,,,,,,,,,,,,,,Y,,,,,N,
2024,21140,Yuba County Water Agency,CA,Political Subdivision,WECC,,,,,,,,Y,Y,,,,,,,,Y,,,,,Y,,,,
2024,21158,City of Zeeland - (MI),MI,Municipal,RFC,,,,,Y,,,,,,,,,Y,,,Y,N,Y,Y,,,,Y,Y,Y
2024,21244,"Southside Electric Coop, Inc",VA,Cooperative,SERC,,,,,,Y,,,,,Y,,,,,,,Y,,Y,,,,,Y,N
2024,21249,"HQ Energy Services (U.S.), Inc.",CT,Wholesale Power Marketer,NPCC,N,,,N,N,,,,,Y,Y,Y,Y,Y,Y,,N,,Y,,N,Y,,,,
2024,21352,Municipal Energy Agency of NE,NE,Political Subdivision,MRO,,,Y,,,,N,Y,,,,,Y,Y,,,Y,,Y,,,Y,,,,
2024,21513,"Fergus Electric Coop, Inc",MT,Cooperative,WECC,,,,,,,,Y,,,,,,,,,,Y,Y,Y,Y,,,,,
2024,21538,"Mohave Electric Cooperative, Inc.",AZ,Cooperative,WECC,,,,,,,,Y,,,,,,,,Y,Y,,,Y,,,,,N,
2024,21554,Seminole Electric Cooperative Inc,FL,Cooperative,FRCC,,N,,,,Y,,,,,,,,,,Y,Y,Y,Y,,,Y,,,,
2024,21567,"Washington-St Tammany E C, Inc",LA,Cooperative,SERC,,,,,,Y,N,,,,,,N,Y,,N,,,,Y,,,,,,
2024,21632,EnergyUnited Elec Member Corp,NC,Cooperative,SERC,,,,,,Y,,,,,,,,,,Y,,Y,Y,Y,,,,,Y,Y
2024,21704,MSR Public Power Agency,CA,Political Subdivision,WECC,,,,,,,,Y,,,,,,,,,N,N,N,,,Y,,,,
2024,22053,Kentucky Power Co,OH,Investor Owned,RFC,,,,,Y,,,,,,Y,,,,,,Y,Y,Y,Y,,Y,,,Y,Y
2024,22056,Smarr EMC,GA,Cooperative,SERC,,,,,,Y,,,,,,,,,,,Y,,,,,,,,,
2024,22500,"Evergy Kansas Central, Inc",KS,Investor Owned,MRO,N,,Y,,N,N,N,N,N,N,N,N,Y,N,,,Y,Y,Y,Y,N,Y,,,Y,Y
2024,22690,Roosevelt County Elec Coop Inc,NM,Cooperative,SPP,,,,,,,Y,,,,,,Y,,,,,,Y,Y,,,,,,
2024,22814,Raft Rural Elec Coop Inc,ID,Cooperative,,,,,,,,,Y,,,,,,,,,,Y,,Y,,,,,,
2024,22815,Delta Electric Power Assn,MS,Cooperative,SERC,,,,,,Y,,,,,,,,Y,,N,,,,Y,,,,,,
2024,22822,Clark County Rural E M C - (IN),IN,Cooperative,RFC,,,,,Y,,,,,,,,,Y,,,,,,Y,,,,,N,N
2024,24211,Tucson Electric Power Co,AZ,Investor Owned,WECC,,,,,,,,Y,Y,,,,,,,N,Y,Y,Y,Y,,Y,,,Y,Y
2024,24431,Utah Municipal Power Agency,UT,Political Subdivision,WECC,,,,,,,,Y,Y,,,,,,,Y,Y,Y,Y,,,Y,,,,
2024,24590,Unitil Energy Systems,NH,Investor Owned,NPCC,,,,Y,,,,,,,,,,,Y,,,N,Y,Y,,N,,N,Y,Y
2024,24753,Boone County Rural EMC,IN,Cooperative,RFC,,,,,Y,,,,,,,,,Y,,,,,,Y,,,,,,
2024,24889,Brunswick Electric Member Corp,NC,Cooperative,SERC,,,,,,Y,,,,,,,,,,Y,,N,,Y,,,,,Y,Y
2024,24949,Cass County Elec Coop Inc,ND,Cooperative,MRO,,,Y,,,,,,,,,,,,,,,,,Y,,,,,,
2024,25177,Dakota Electric Association,MN,Cooperative,MRO,,,Y,,,,,,,,,,,Y,,,,,,Y,,,,,Y,Y
2024,25251,"Entergy Power, LLC",TX,Investor Owned,SERC,,,,,,Y,,,,,,,,Y,,N,Y,,,,,,,,,
2024,25262,"DTE Energy Trading, Inc",MI,Wholesale Power Marketer,RFC,Y,,,,Y,,Y,,,Y,Y,Y,Y,Y,Y,,,,,,,Y,,,,
2024,25295,Western Indiana Energy REMC,IN,Cooperative,RFC,,,,,Y,,,,,,,,,Y,,,,,,Y,,,,,N,
2024,25866,Ak-Chin Electric Utility Authority,AZ,State,WECC,,,,,,,,Y,,,,,,,,,,,Y,Y,,,,,,
2024,26253,Louisiana Energy & Power Authority,LA,Political Subdivision,SERC,,,,,,Y,N,,,,,,,Y,,,Y,,,,,,,,,
2024,26510,Liberty Utilities (Granite State Electri,NH,Investor Owned,NPCC,,,,Y,,,,,,,,,,,Y,,,,,Y,,,,Y,Y,Y
2024,26751,"National Grid Generation, LLC",NY,Investor Owned,NPCC,,,,Y,N,,,,,,,Y,,,,,Y,,,,,,,,Y,Y
2024,27000,WAPA-- Western Area Power Administration,CO,Federal,,,,N,,,N,N,N,Y,N,,,Y,Y,,N,N,Y,Y,,,Y,,N,Y,Y
2024,27058,"High West Energy, Inc",WY,Cooperative,WECC,,,,,,,,Y,,,,,,,,,,,,Y,,,,,,
2024,27222,City of Ripley - (TN),TN,Municipal,SERC,,,,,,Y,,,,,,,,,,,,,,Y,,,,,,
2024,27238,"Southwest Electric Coop, Inc",MO,Cooperative,SERC,,,,,,Y,,,,,,,,,,Y,,,,Y,,,,,N,
2024,27369,Taylor Electric Coop Inc - (TX),TX,Cooperative,TRE,Y,,,,,,,,,,,,,,,Y,,,,Y,,,,N,,
2024,27599,Carroll-White REMC,IN,Cooperative,RFC,,,,,Y,,,,,,,,,,,,,,,Y,,,,,N,
2024,27703,U S Army Corps of Engineers,MI,Federal,RFC,,,,,Y,,,,,,,,,Y,,N,Y,,,,,,,,N,
2024,28541,Clatskanie Peoples Util Dist,OR,Political Subdivision,WECC,,,,,,,,Y,,,,,,,,Y,N,,Y,Y,,Y,Y,,Y,Y
2024,28604,Kerrville Public Utility Board,TX,Municipal,TRE,Y,,,,,,,,,,,,,,,,,,Y,Y,,,,,N,N
2024,28802,"Talen Energy Marketing, LLC",TX,Retail Power Marketer,RFC,,,,,N,,,,,Y,Y,N,,N,Y,,N,,Y,,,Y,Y,N,N,N
2024,28978,City of San Marcos - (TX),TX,Municipal,ERCOT,Y,,,,,,,,,Y,,,,,,,,,,Y,,,,,Y,Y
2024,29304,Southeastern Power Admin,GA,Federal,SERC,,Y,,,,Y,,,,,,,,,,,N,,Y,,,Y,,,,
2024,30151,"Tri-State G & T Assn, Inc",CO,Cooperative,WECC,,,,,,,,Y,,,,,,,,Y,Y,Y,Y,,,Y,,,Y,Y
2024,30518,Electrical Dist No3 Pinal County,AZ,Political Subdivision,WECC,,,,,,,,Y,,,,,,,,Y,,Y,Y,Y,,Y,,,,
2024,31833,Okefenoke Rural El Member Corp,GA,Cooperative,SERC,,,,,,Y,,,,,,,,,,Y,,,,Y,,,,,,
2024,38084,Great Lakes Energy Coop,MI,Cooperative,MRO,,,,,Y,,,,,,,,,Y,,,,,,Y,,,,,N,
2024,39347,"East Texas Electric Coop, Inc",TX,Cooperative,SERC,Y,,,,,Y,Y,,,Y,,,Y,Y,,,Y,Y,Y,,,Y,,,N,
2024,40036,Westfield Electric Company,WI,Investor Owned,RFC,,,,,Y,N,,,,,,,,,,,,,,Y,,,,,,
2024,40051,Texas-New Mexico Power Co,TX,Investor Owned,TRE,Y,,,,,,,,,Y,,,,,,,,Y,,Y,,,,,Y,Y
2024,40127,Clarke-Washington E M C,AL,Cooperative,SERC,,,,,,N,,,,,,,,,,,,N,,Y,,,,,,
2024,40165,"Dixie Escalante R E A, Inc",UT,Cooperative,WECC,,,,,,,N,Y,Y,,,,,,,N,,,,Y,,,,,Y,Y
2024,40166,"Chickasaw Electric Coop, Inc",TN,Cooperative,SERC,,,,,,Y,,,,,,,,,,,,,,Y,,,,,,
2024,40167,"Somerset Rural Elec Coop, Inc",PA,Cooperative,RFC,,,,,Y,,,,,,Y,,,,,,,,,Y,,,,,,
2024,40211,"Wabash Valley Power Assn, Inc",IN,Cooperative,RFC,,,,,Y,Y,,,,,Y,,,Y,,,Y,Y,Y,,,Y,,,Y,Y
2024,40212,Colquitt Electric Membership Corp,GA,Cooperative,SERC,,,,,,Y,,,,,,,,,,,,,,Y,,,,,,
2024,40218,"Central Electric Pwr Coop, Inc - (SC)",SC,Cooperative,SERC,,,,,,Y,,,,,N,,,,,Y,,Y,Y,,,,,,Y,Y
2024,40220,Adams Electric Cooperative Inc,PA,Cooperative,RFC,,,,,Y,,,,,,Y,,,,,,,,,Y,,,,,Y,Y
2024,40221,"Bedford Rural Elec Coop, Inc",PA,Cooperative,RFC,,,,,Y,,,,,,Y,,,,,,,,,Y,,,,,,
2024,40222,Valley Rural Electric Coop Inc,PA,Cooperative,RFC,,,,,Y,,,,,,Y,,,,,,,N,,Y,,,,,N,N
2024,40224,"Central Electric Coop, Inc - (PA)",PA,Cooperative,RFC,,,,,Y,,,,,,Y,,,,,,,,,Y,,,,,,
2024,40228,Rappahannock Electric Coop,VA,Cooperative,SERC,,,,,,,,,,,Y,,,,,,,,,Y,,,Y,,Y,Y
2024,40229,Old Dominion Electric Coop,VA,Cooperative,SERC,,,,,Y,Y,,,,,Y,,,,,,Y,Y,Y,,,Y,,,Y,Y
2024,40236,"Forked Deer Electric Coop, Inc",TN,Cooperative,SERC,,,,,,Y,,,,,,,,,,,,,,Y,,,,,,
2024,40289,Claverack Rural Elec Coop Inc,PA,Cooperative,RFC,,,,,Y,,,,,,Y,,,,,,,,,Y,,,,,,
2024,40290,Tri-County Rural Elec Coop Inc (PA),PA,Cooperative,RFC,,,,,Y,,,,,,Y,,,,,,,,,Y,,,,,,
2024,40292,REA Energy Coop Inc,PA,Cooperative,RFC,,,,,Y,,,,,,Y,,,,,,,,,Y,,,,,,
2024,40293,"Northwestern Rural E C A, Inc - (PA)",PA,Cooperative,RFC,,,,,Y,,,,,,Y,,,,,,,,,Y,,,,,Y,Y
2024,40300,Nebraska Electric G&T Coop Inc,NE,Cooperative,MRO,,,Y,,,,N,,,,,,Y,,,,,N,Y,,,Y,,,,
2024,40301,Central Montana E Pwr Coop Inc,MT,Cooperative,WECC,,,N,,,,Y,Y,,,,,Y,,,,,,Y,,,Y,,,,
2024,40302,North East Mississippi EPA,MS,Cooperative,SERC,,,,,,Y,,,,,,,,,,,,,,Y,,,,,,
2024,40303,Monroe County Elec Power Assn,MS,Cooperative,SERC,,,,,,Y,,,,,,,,,,,,,,Y,,,,,,
2024,40304,Minnesota Valley Coop L&P Assn,MN,Cooperative,MRO,,,Y,,,,,,,,,,Y,,,,,,,Y,,,,,,
2024,40307,"Prairie Power, Inc",IL,Cooperative,SERC,,,,,,Y,,,,,,,,Y,,,Y,Y,Y,N,,,,,,
2024,40364,City of Courtland,AL,Municipal,SERC,,,,,,Y,,,,,,,,,,,,,,Y,,,,,,
2024,40437,Emerald People's Utility Dist,OR,Political Subdivision,WECC,,,,,,,,Y,,,,,,,,Y,Y,Y,N,,,Y,Y,,Y,Y
2024,40438,Columbia River Peoples Ut Dist,OR,Political Subdivision,WECC,,,,,,,,Y,,,,,,,,,,Y,Y,Y,,,,,Y,Y
2024,40441,Town of Murphy - (NC),NC,Municipal,SERC,,,,,,Y,,,,,,,,,,,,,,Y,,,,,,
2024,40456,PUD No 1 of Whatcom County,WA,Political Subdivision,WECC,,,,,,,,Y,,,,,,,,Y,,N,Y,Y,N,,N,,,
2024,40575,Utah Associated Mun Power Sys,UT,Political Subdivision,WECC,,,,,,,,Y,N,,,,,,,,Y,Y,Y,,,Y,,,N,
2024,40576,Intermountain Power Agency,CA,Political Subdivision,WECC,,,,,,,,Y,,,,,,,,Y,Y,Y,,,,,,,,
2024,40577,"American Mun Power-Ohio, Inc",OH,Municipal Mktg Authority,RFC,,,,,Y,,,,,,Y,,,Y,,,Y,,Y,,,Y,,,,
2024,40580,Southern Minnesota Mun P Agny,MN,Political Subdivision,MRO,,,Y,,,,,,,,,,,Y,,,Y,Y,Y,,,Y,,,N,N
2024,40581,Northern Municipal Power Agency,MN,Municipal Mktg Authority,MRO,,,Y,,,,,,,,,,,Y,,,Y,Y,,,,,,,,
2024,40582,Michigan Public Power Agency,MI,Political Subdivision,RF,,,,,Y,,,,,,N,,,Y,,,Y,Y,Y,,,Y,,,,
2024,40603,Wyoming Municipal Power Agency,WY,Municipal Mktg Authority,WECC,,,,,,,,Y,,,,,,,,Y,N,Y,Y,,,Y,,,,
2024,40606,City of Grand Island - (NE),NE,Municipal,MRO,,,Y,,,,,,,,,,Y,,,,Y,N,Y,Y,,Y,,Y,,
2024,40613,Northern California Power Agny,CA,Political Subdivision,WECC,,,,,,,,Y,Y,,,,,,,,Y,,,,,,,,,
2024,40614,Alabama Municipal Elec Authority,AL,Municipal Mktg Authority,SERC,,,,,N,Y,,,,,,,,,,Y,Y,,Y,,,N,,,N,
2024,44372,Oncor Electric Delivery Company LLC,TX,Investor Owned,TRE,Y,,,,,,,,,Y,,,,,,,,Y,Y,Y,Y,,,,Y,Y
2024,44388,New England Elec Transm'n Corp,MA,Transmission,NPCC,,,,Y,,,,,,,,,,,Y,,,Y,,,,,,,,
2024,49730,American PowerNet,PA,Retail Power Marketer,,,,,,,,,,,Y,Y,Y,,,Y,,,,,,,,Y,,,
2024,49746,The Energy Coop,PA,Cooperative,,,,,,N,,,,,,Y,,,,,,,,,,,,Y,,,
2024,49803,Alaska Electric & Energy Coop,AK,Cooperative,AK,,,,,,,,,,,,,,,,Y,Y,Y,,,,Y,,,N,N
2024,49818,"Alliance Power Company, LLC.",TX,Retail Power Marketer,,Y,,,,,,,,,Y,,,,,,,,,,,,,Y,,N,
2024,49824,Calpine Power Management LLC,TX,Wholesale Power Marketer,TRE,Y,,,,,,,,,Y,,,,,,,,,,,,Y,,,,
2024,49848,Massachusetts Bay Trans Authority,MA,Political Subdivision,NPCC,,,,Y,,,,,,,,,,,Y,,N,,Y,Y,Y,Y,Y,,Y,Y
2024,49853,Amigo Energy,TX,Retail Power Marketer,TRE,Y,,,,,,,,,,,,,,,,,,,,,,Y,,,
2024,49922,U.S. Energy Partners LLC,NY,Retail Power Marketer,,,,,,,,,,,,Y,Y,,,Y,,,,,,,,Y,,,
2024,49952,3000 Energy Corp,TX,Retail Power Marketer,,Y,,,,,,,,,Y,,,,,,,,,,,,,Y,,N,
2024,49956,Merrill Lynch Commodities,TX,Wholesale Power Marketer,,,,,,,,,,Y,Y,Y,Y,N,Y,Y,,,N,N,,,Y,,,,
2024,49987,Harvard Dedicated Energy Limit,MA,Retail Power Marketer,,,,,,,,,,,,,,,,Y,,,,,,,,Y,,,
2024,49998,City of Berea Municipal Utility,KY,Municipal,RFC,,,,,Y,,,,,,,,,Y,,,,,,Y,,,N,Y,,
2024,50041,"Stream SPE, LTD",TX,Retail Power Marketer,,,,,,,,,,,Y,N,,,,,,,,,,,,Y,,,
2024,50046,"Texas Retail Energy, LLC",AR,Retail Power Marketer,,,,,,,,,,,Y,Y,Y,,Y,Y,,,,,,,,Y,,,
2024,50153,"APN Starfirst, L.P.",PA,Retail Power Marketer,,,,,,,,,,,,Y,,,,,,,,,,,,Y,,,
2024,50174,Electric Transmission Texas LLC,TX,Transmission,ERCOT,Y,,,,,,,,,Y,,,,,,,,Y,,,,,,,N,
2024,54728,Texas General Land Office,TX,Retail Power Marketer,,Y,,,,,,,,,Y,,,,,,N,,,,,,,Y,,,
2024,54820,Direct Energy Services,TX,Retail Power Marketer,,,,,,,,,,,Y,Y,Y,,Y,Y,,,,,,,,Y,,,
2024,54862,Champion Energy Services,TX,Retail Power Marketer,,Y,,,,Y,,,,,Y,Y,Y,,Y,Y,,,,,,,,Y,,,
2024,54872,"Accent Energy Holdings, LLC",OH,Retail Power Marketer,,,,,,,,,,,Y,,Y,,,,,,,,,,,Y,,,
2024,54873,Freedom Energy,NH,Retail Power Marketer,,,,,,,,,,,,,,,,Y,,,,,,,Y,Y,,N,
2024,54893,NOCO Electric,NY,Retail Power Marketer,NPCC,,,,Y,,,,,,,,Y,,,,,,,,,,,Y,,N,
2024,54913,NSTAR Electric Company,MA,Investor Owned,,,,,Y,,,,,,,,,,,Y,,Y,Y,Y,Y,,Y,Y,,Y,Y
2024,55701,"Sempra Gas & Power Marketing, LLC",CA,Wholesale Power Marketer,,,,,,,,,Y,Y,,,,,,,,N,,,,,Y,,,,
2024,55719,TDM US,CA,Wholesale Power Marketer,WECC,,,,,,,,Y,Y,,,,,,,,,Y,,,,Y,,,,
2024,55722,AEP Energy,IL,Retail Power Marketer,RFC,,,,,Y,N,,,,,,,,,,,,,,,,,Y,,,
2024,55758,"GenOn Energy Management, LLC",TX,Wholesale Power Marketer,,,,,,,,,,,,,,,,,,,,,,,Y,,,,
2024,55787,City of Moreno Valley - (CA),CA,Municipal,WECC,,,,,,,,Y,Y,,,,,,,,Y,,Y,Y,N,,,N,Y,Y
2024,55814,"Columbia Utilities Power, LLC",NY,Retail Power Marketer,,,,,,,,,,,,,,,,,,,,,,,,Y,,,
2024,55815,"IDT Energy, Inc.",NJ,Retail Power Marketer,,,,,,,,,,,,Y,Y,,Y,Y,,,,,,,,Y,,,
2024,55874,"Energy Services Providers, Inc",TX,Retail Power Marketer,,,,,,,,,,,,Y,Y,,Y,Y,,,,,,,,Y,,,
2024,55878,Hudson Energy Services,NY,Retail Power Marketer,,N,,,,,,,,,Y,Y,Y,,Y,Y,,,,,,,,Y,,,
2024,55897,PSEG Energy Resources and Trade,NJ,Wholesale Power Marketer,,,,,,N,,,,,,,,,,,,,,,,,Y,,,,
2024,55937,Entergy Texas Inc.,TX,Investor Owned,SERC,,,,,,Y,,,,,,,,Y,,,Y,Y,Y,Y,Y,,,,Y,Y
2024,55959,Roughrider Electric Cooperativ,ND,Cooperative,MRO,,,Y,,,,N,,,,,,N,,,Y,,N,,Y,,,,,N,N
2024,55982,Heart of Texas Electric Coop,TX,Cooperative,,Y,,,,,,,,,Y,,,,,,,,,,Y,,,,,,
2024,56068,International Transmission Company,MI,Transmission,,,,,,Y,,,,,,,,,Y,,,,Y,,,,,,,Y,Y
2024,56146,"Black Hills Colorado Electric, LLC",SD,Investor Owned,WECC,,,N,,,,,Y,,,,,,,,Y,Y,Y,Y,Y,,Y,,N,Y,Y
2024,56161,ITC Midwest LLC,MI,Transmission,,,,Y,,N,,,,,,,,,Y,,,,Y,,,,,,,Y,Y
2024,56162,American Transmission Systems Inc,OH,Transmission,RFC,,,,,Y,,,,,,Y,,,N,,,,Y,,,,,,,N,
2024,56163,"Michigan Electric Transmission Company,",MI,Transmission,,,,N,,Y,,,,,,,,,Y,,,,Y,,,,,,,Y,Y
2024,56196,Just Energy New York Corp.,CN,Retail Power Marketer,,,,,,,,,,,,,Y,,,,,,,,,,,Y,,N,
2024,56212,"Ambit Energy Holdings, LLC",TX,Retail Power Marketer,,Y,,,N,N,,,,,Y,Y,Y,,Y,Y,,,,,,Y,,Y,,N,
2024,56220,Anthracite Power & Light,PA,Retail Power Marketer,,,,,,,,,,,,,,,,,,,,,,,,Y,,,
2024,56223,Macquarie Energy LLC,TX,Retail Power Marketer,,,,,,,,,,Y,Y,Y,Y,Y,Y,Y,,,,,,,Y,Y,,N,
2024,56248,"Young Energy, LLC",TX,Retail Power Marketer,TRE,Y,,,,,,,,,Y,,,,,,,,,,,,,Y,,N,
2024,56265,Energy Plus Holdings LLC,PA,Retail Power Marketer,,N,N,,Y,N,,,,,,Y,Y,,,Y,,,,,,N,,Y,,N,
2024,56276,TransCanada Energy Marketing ULC,CA,Wholesale Power Marketer,WECC,,,,,,,,N,,,,,,,,Y,,,,,,Y,,,N,
2024,56279,"Spartan Renewable Energy, Inc",MI,Retail Power Marketer,,,,,,,,,,,,,,,,,,Y,,Y,,,,Y,,N,
2024,56286,"Frontier Utilities, LLC",TX,Retail Power Marketer,TRE,Y,,,,,,,,,Y,Y,N,,,,,,,,,,,Y,,N,
2024,56288,Luminant Energy,TX,Wholesale Power Marketer,,N,,,,,,,,,Y,,,,,,,N,,,,,Y,,,N,
2024,56379,"MC Squared Energy Services, LLC",IL,Retail Power Marketer,,,,,,,,,,,,Y,,,,,,,,,,,,Y,,N,
2024,56408,"UGI Energy Services, LLC",PA,Retail Power Marketer,,,,,,,,,,,,Y,Y,,,,,,,,,,,Y,N,N,
2024,56496,"UP Power Marketing, LLC",MI,Retail Power Marketer,MRO,,,,,,,,,,,,,,Y,,,,,,,,,Y,,N,
2024,56501,"Palmco Power NJ, LLC",NY,Retail Power Marketer,,,,,,,,,,,,,,,,,,,,,,,,Y,,N,
2024,56504,Major Energy Electric Services,NY,Retail Power Marketer,NPCC,,,,,,,,,,,Y,Y,,,Y,,,,,,,,Y,,N,
2024,56521,"Devonshire Energy, LLC",MA,Retail Power Marketer,,,,,,,,,,,,Y,,,,Y,,,,,,,,Y,,N,
2024,56526,"ITC Great Plains, LLC",KS,Transmission,,,,Y,,,,N,,,,,,Y,,,,,Y,,,,,,,N,N
2024,56528,JP Morgan,TX,Wholesale Power Marketer,,N,N,,,,,,,N,Y,N,,,,,,N,,,,,Y,,,N,
2024,56546,Dominion Energy Marketing Inc.,VA,Wholesale Power Marketer,,,,,N,,,,,,,N,,,,N,,N,,,,,Y,,,N,
2024,56571,AP Holdings LLC,TX,Retail Power Marketer,,,,,,,,,,,Y,Y,Y,,,,,,,,,,,Y,,N,
2024,56573,"Palmco Power PA, LLC",NY,Retail Power Marketer,,,,,,,,,,,,,,,,,,,,,,,,Y,,N,
2024,56692,Marin Clean Energy,CA,Community Choice Aggregator,WECC,,,,,,,,Y,Y,,,,,,,,,,,,,,Y,,N,
2024,56697,Ameren Illinois Company,MO,Investor Owned,SERC,,,,,,Y,,,,,,,,Y,,,,Y,Y,Y,,,,Y,Y,Y
2024,56734,Smart Prepaid Electric,TX,Retail Power Marketer,,Y,,,,,,,,,,,,,,,,,,,,,,Y,,N,
2024,56737,"Stream Energy Pennsylvania, LLC",PA,Retail Power Marketer,,,,,,,,,,,,Y,,,,,,,,,,,,Y,,N,
2024,56876,"Stream Energy Maryland, LLC",MD,Retail Power Marketer,,,,,,,,,,,,Y,,,,,,,,,,,,Y,,N,
2024,56890,Citigroup Energy Inc,TX,Wholesale Power Marketer,,,,,,,,,,,,,,,,,,,,Y,,,Y,,,N,
2024,57037,Reliant Energy Northeast LLC,TX,Retail Power Marketer,,,,,,,,,,,,Y,Y,,Y,Y,,,,,,,,Y,,N,
2024,57074,"Stream Energy New Jersey, LLC",NJ,Retail Power Marketer,,,,,,,,,,,,Y,,,,,,,,,,,,Y,,N,
2024,57132,"US Retailers, LLC",TX,Retail Power Marketer,,Y,,,,,,,,,Y,,,,,,,,,,,,,Y,,N,
2024,57185,"Palmco Power MD, LLC",NY,Retail Power Marketer,,,,,,,,,,,,,,,,,,,,,,,,Y,,N,
2024,57307,ENGIE Power & Gas LLC,NY,Retail Power Marketer,,,,,Y,N,,,,,,Y,Y,,,,,,,,,,,Y,,N,
2024,57313,Tesla Inc.,CA,Behind the Meter,,Y,Y,Y,Y,Y,Y,Y,Y,Y,Y,Y,Y,Y,Y,Y,,Y,,,N,,,,,N,
2024,57350,Summer Energy LLC,TX,Retail Power Marketer,,Y,,,,,,,,,Y,,,,,,,,,,,,,Y,,N,
2024,57394,Value Based Brands LLC,TX,Retail Power Marketer,,Y,,,,,,,,,Y,,,,,,,,,,,,,Y,,N,
2024,57459,"Wolverine Alternative Investments, LLC",IL,Retail Power Marketer,,Y,,,,,,,,,Y,,,,,,,,,,,,,Y,N,N,
2024,57483,Liberty Utilities,CA,Investor Owned,WECC,,,,,,,,Y,N,,,,,,,Y,Y,,Y,Y,,,,,Y,Y
2024,57486,"XOOM Energy Texas, LLC",NC,Retail Power Marketer,,,,,,,,,,,Y,,,,,,,,,,,,,Y,,N,
2024,57487,"XOOM Energy Connecticut, LLC",NC,Retail Power Marketer,,,,,,,,,,,,,,,,Y,,,,,,,,Y,,N,
2024,57488,"XOOM Energy Illinois, LLC",NC,Retail Power Marketer,,,,,,,,,,,,Y,,,,,,,,,,,,Y,,N,
2024,57489,"XOOM Energy Massachusetts, LLC",NC,Retail Power Marketer,,,,,,,,,,,,,,,,Y,,,,,,,,Y,,N,
2024,57490,"XOOM Energy Maryland, LLC",NC,Retail Power Marketer,,,,,,,,,,,,Y,,,,,,,,,,,,Y,,N,
2024,57491,"XOOM Energy New Jersey, LLC",NC,Retail Power Marketer,,,,,,,,,,,,Y,,,,,,,,,,,,Y,,N,
2024,58085,"Electricity Maine, LLC",ME,Retail Power Marketer,,,,,,,,,,,,,,,,Y,,,,,,,,Y,,N,
2024,58086,"Electricity NH, LLC",ME,Retail Power Marketer,,,,,,,,,,,,,,,,Y,,,,,,,,Y,,N,
2024,58113,"Texas A&M, Utilities & Energy Services",TX,State,,Y,,,,,,,,,Y,,,,,,,Y,,,,,,,,N,
2024,58116,"Public Power & Utility of Maryland, LLC",TX,Retail Power Marketer,,,,,,,,,,,,Y,,,,,,,,,,,,Y,,N,
2024,58118,Public Power LLC (PA),TX,Retail Power Marketer,,,,,,,,,,,,Y,N,,,,,,,,,,,Y,,N,
2024,58119,Public Power LLC (CT),TX,Retail Power Marketer,,,,,,,,,,,,Y,Y,,,N,,,,,,,,Y,Y,N,
2024,58124,City of Winter Park - (FL),FL,Municipal,SERC,,N,,,,Y,,,,,,,,,,Y,,,Y,Y,N,,,Y,N,
2024,58158,FairPoint Energy LLC,TX,Retail Power Marketer,,,,,,,,,,,,,,,,Y,,,,,,,,Y,,N,
2024,58160,Viridian Energy NY LLC,TX,Retail Power Marketer,,,,,,,,,,,,,Y,,,,,,,,,,,Y,Y,N,
2024,58161,Viridian Energy LLC,TX,Retail Power Marketer,,,,,,,,,,,,,,,,Y,,,,,,,,Y,,N,
2024,58162,Viridian Energy PA LLC,TX,Retail Power Marketer,,,,,,,,,,,,Y,,,,,,,,,,,,Y,Y,N,
2024,58181,"Stream Energy New York, LLC",NY,Retail Power Marketer,,,,,,,,,,,,,Y,,,,,,,,,,,Y,,N,
2024,58196,"C. N. Brown Electricity, LLC",ME,Retail Power Marketer,,,,,Y,,,,,,,,,,,Y,,,,,,,,Y,,N,
2024,58230,MJMEUC,MO,Wholesale Power Marketer,SPP,,,Y,,,Y,N,,,,,,Y,Y,,,Y,Y,Y,,,Y,N,,N,
2024,58248,"EnergyMark, LLC",NY,Retail Power Marketer,,,,,Y,,,,,,,,Y,,,,,,,,,,,Y,,N,
2024,58314,"Palmco Power IL, LLC",NY,Retail Power Marketer,,,,,,,,,,,,,,,,,,,,,,,,Y,,N,
2024,58339,"XOOM Energy Pennsylvania, LLC",NC,Retail Power Marketer,,,,,,,,,,,,Y,,,,,,,,,,,,Y,,N,
2024,58364,New Brunswick Power Generation Corp.,CN,Retail Power Marketer,,,,,Y,,,,,,,,,,,Y,,,,,,,Y,Y,,N,
2024,58367,"XOOM Energy New York, LLC",NC,Retail Power Marketer,,,,,,,,,,,,,Y,,,,,,,,,,,Y,,N,
2024,58458,Silver State Energy Association,NV,Retail Power Marketer,,,,,,,,,,,,,,,,,,,,Y,,,,Y,,N,
2024,58476,"Stream Energy Columbia, LLC",DC,Retail Power Marketer,,,,,,,,,,,,Y,,,,,,,,,,,,Y,,N,
2024,58630,"XOOM Energy Maine, LLC",NC,Retail Power Marketer,,,,,,,,,,,,,,,,Y,,,,,,,,Y,,N,
2024,58631,"XOOM Energy Rhode Island, LLC",NC,Retail Power Marketer,,,,,,,,,,,,,,,,Y,,,,,,,,Y,,N,
2024,58632,"XOOM Energy Delaware, LLC",NC,Retail Power Marketer,,,,,,,,,,,,Y,,,,,,,,,,,,Y,,N,
2024,58633,"XOOM Energy New Hampshire, LLC",NC,Retail Power Marketer,,,,,,,,,,,,,,,,Y,,,,,,,,Y,,N,
2024,58663,Respond Power LLC,NY,Retail Power Marketer,,,,,,,,,,,,Y,,,N,,,,,,,,,Y,,N,
2024,58667,"North American Power and Gas, LLC",TX,Retail Power Marketer,,Y,,,,,,,,,Y,Y,Y,,,Y,,,,,,,,Y,,N,
2024,58747,"Provider Power MASS, LLC",ME,Retail Power Marketer,,,,,,,,,,,,,,,,Y,,,,,,,,Y,,N,
2024,58851,City of Cerritos - (CA),CA,Municipal,,,,,,,,,Y,Y,,,,,,,,,,Y,,N,,Y,,N,
2024,58853,Kiwi Energy NY LLC,NY,Retail Power Marketer,,,,,,,,,,,,Y,Y,,,,,,,,,,,Y,,N,
2024,58951,"CleanChoice Energy, Inc.",DC,Retail Power Marketer,,,,,,Y,,,,,,Y,Y,,,Y,,,,,,,,Y,,N,
2024,58952,Tomorrow Energy Corp.,NV,Retail Power Marketer,WECC,,,,,,,,,,Y,Y,N,,,Y,,,,,,,,Y,,N,
2024,58956,"SmartEnergy Holdings, LLC",NY,Retail Power Marketer,,,,,,,,,,,N,Y,Y,,Y,Y,,,,,,,,Y,,N,
2024,58957,"Interstate Gas Supply, Inc.",OH,Retail Power Marketer,,,,,,,,,,,,Y,,,,,Y,,,,,,,Y,,N,
2024,58963,Brooklet Energy Distribution,TX,Retail Power Marketer,,Y,,,,,,,,,Y,,,,,,,,,,,,,Y,,N,
2024,58964,"Alpha Gas and Electric, LLC",NY,Retail Power Marketer,,,,,,,,,,,,Y,Y,,,,,,,,,,,Y,,N,
2024,58966,Marathon Power LLC,NY,Retail Power Marketer,,,,,,,,,,,,Y,Y,,,,,,,,,,,Y,,N,
2024,58972,"Realgy, LLC",CT,Retail Power Marketer,,,,,,,,,,,,Y,,,Y,,,,,Y,,,,Y,Y,N,
2024,58973,"Town Square Energy East, LLC",MN,Retail Power Marketer,,,,,,,,,,,,Y,,,,,,,,,,,,Y,,N,
2024,58974,Clearview Electric Inc.,TX,Retail Power Marketer,,Y,,,,,,,,,Y,Y,Y,,,Y,,,,,,,,Y,,N,
2024,58978,"Harborside Energy, LLC",NJ,Retail Power Marketer,,,,,,,,,,,,Y,,,,,,,,,,,,Y,,N,
2024,59013,PUD No 1 of Jefferson County,WA,Political Subdivision,,,,,,,,,Y,,,N,,,,,Y,,,,Y,,,,Y,Y,Y
2024,59053,"Abest Power & Gas, LLC",NY,Retail Power Marketer,,,,,,,,,,,,N,Y,,,N,,,,,,,,Y,,N,
2024,59054,"Eligo Energy, LLC",IL,Retail Power Marketer,,,,,,,,,,,Y,Y,Y,,Y,Y,,,,,,,,Y,,N,
2024,59055,"Choice Energy, LLC",IA,Retail Power Marketer,,,,,,,,,,,,Y,,,,N,,,,,,,,Y,,N,
2024,59059,Town Square Energy,MN,Retail Power Marketer,,,,,,,,,,,,,,,,Y,,,,,,,,Y,,N,
2024,59062,"Horizon Power and Light, LLC",TX,Retail Power Marketer,,,,,,,,,,,,Y,,,,N,,,,,,,,Y,,N,
2024,59064,"Great American Power, LLC",GA,Retail Power Marketer,,,,,,,,,,,,Y,,,,,,,,,,,,Y,,N,
2024,59065,Titan Gas LLC,TX,Retail Power Marketer,ERCOT,,,,,,,,,,Y,Y,,,,Y,,,,,,,,Y,,N,
2024,59082,"Family Energy, Inc. New York",CN,Retail Power Marketer,,,,,,,,,,,,,Y,,,,,,,,,,,Y,,N,
2024,59083,"SFE Energy Pennsylvania, Inc.",CN,Retail Power Marketer,,,,,,,,,,,,Y,,,,,,,,,,,,Y,,N,
2024,59084,"SFE Energy Maryland, Inc.",CN,Retail Power Marketer,,,,,,,,,,,,Y,,,,,,,,,,,,Y,,N,
2024,59085,"SFE Energy NJ, Inc.",CN,Retail Power Marketer,,,,,,,,,,,,Y,,,,,,,,,,,,Y,,N,
2024,59086,"Constellation Solar Holding, LLC",MD,Behind the Meter,,,,,Y,Y,Y,,Y,Y,N,Y,Y,,,Y,,Y,,,,,,,,N,
2024,59088,"Nordic Energy Services, LLC",IL,Retail Power Marketer,,,,Y,,,,,,,,Y,Y,,Y,Y,,,,,,,,Y,,N,
2024,59126,Sonoma Clean Power Authority,CA,Community Choice Aggregator,,,,,,,,,Y,Y,,,,,,,,,,,,,,Y,,N,
2024,59128,MPower Energy LLC,NY,Retail Power Marketer,NPCC,,,,Y,,,,,,,,Y,,,,,,,,,,,Y,,N,
2024,59310,"Inspire Energy Holdings, LLC",CA,Retail Power Marketer,,,,,,,,,,,,Y,Y,,,Y,,,,,,,N,Y,,N,
2024,59311,"XOOM Energy Ohio, LLC",NC,Retail Power Marketer,,,,,,,,,,,,Y,,,,,,,,,,,,Y,,N,
2024,59312,"XOOM Energy Washington DC, LLC",NC,Retail Power Marketer,,,,,,,,,,,,Y,,,,,,,,,,,,Y,,N,
2024,59385,"Dynegy Energy Services, LLC",TX,Retail Power Marketer,,,,,,,,,,,,Y,,,N,Y,,N,,,,,Y,Y,,N,
2024,59410,"Shipley Choice, LLC",PA,Retail Power Marketer,RF,,,,,,,,,,,Y,,,,,,,,,,,,Y,,N,
2024,59505,Heartland REMC,IN,Cooperative,,,,,,Y,,,,,,Y,,,,,,,,,Y,,,,,N,
2024,59579,Sunnova,TX,Behind the Meter,,Y,,,Y,Y,Y,Y,Y,Y,Y,Y,Y,Y,Y,Y,,,,,Y,,,,,N,
2024,59580,"SunPower Capital, LLC",MD,Behind the Meter,,,,,,,,,,,,,,,,,,Y,,,,,,,,N,
2024,59620,Verde Energy USA,CT,Retail Power Marketer,,,,,,,,,,,Y,Y,Y,,,Y,,,,,,Y,,Y,Y,N,
2024,59622,"Ahana Renewables, LLC",NY,Behind the Meter,,,,,Y,N,,,N,N,,N,Y,,,Y,,Y,,,,,,,,N,
2024,59625,Lancaster Choice Energy,CA,Community Choice Aggregator,,,,,,,,,Y,Y,,,,,,,,,,,,,,Y,,N,
2024,59647,Sunrun Inc.,CA,Behind the Meter,,N,Y,N,Y,Y,Y,,Y,Y,,Y,Y,,N,Y,,Y,,,,,,,,N,
2024,59676,"Collegiate Clean Energy, LLC",VA,Retail Power Marketer,,,,,,,,,,,,Y,,,,,,,,,,,,Y,,N,
2024,59679,Aggregated Transit Energy,MA,Retail Power Marketer,,,,,Y,,,,,,,,,,,Y,,N,,N,N,N,Y,Y,,Y,Y
2024,59734,"SFE Energy Massachusetts, Inc.",CN,Retail Power Marketer,,,,,,,,,,,,,,,,Y,,,,,,,,Y,,N,
2024,59763,"Consolidated Power Co., LLC",NY,Retail Power Marketer,,,,,,,,,,,,,Y,,,,,,,,,,,Y,,N,
2024,59793,"First Point Power, LLC",RI,Retail Power Marketer,,,,,,,,,,,,Y,,,,Y,,,,,,,,Y,,N,
2024,59797,Park Power LLC,PA,Retail Power Marketer,,,,,,,,,,,,Y,,,,,,,,,,,,Y,N,N,
2024,59799,American Power & Gas,FL,Retail Power Marketer,FRCC,,,,,,,,,,,Y,Y,,,,,,,,,,,Y,,N,
2024,59807,"Rushmore Energy, LLC",TX,Retail Power Marketer,,,,,N,N,,,,,,Y,,,Y,,,,,,,,,Y,,N,
2024,59808,MP2 Energy LLC,TX,Retail Power Marketer,TRE,Y,,,,Y,,,,Y,Y,Y,Y,,Y,Y,,,,,,,,Y,,N,
2024,59809,"Residents Energy, LLC",NJ,Retail Power Marketer,,,,,,,,,,,,Y,Y,,Y,Y,,,,,,,,Y,,N,
2024,59810,Greenlight Energy Inc.,NY,Retail Power Marketer,NPCC,N,,,Y,Y,,,,,,Y,Y,,Y,,,,,,,,,Y,,N,
2024,59811,Santanna Energy Services,TX,Retail Power Marketer,,,,,,,,,,,,Y,,,,,,,,,,,,Y,,N,
2024,59812,New Wave Energy Corporation,NY,Retail Power Marketer,,,,,,,,,,,,Y,Y,,,,,,,,,,,Y,,N,
2024,59818,Algonquin Energy Services,CN,Retail Power Marketer,,N,,,,,,,,,,,,,,,Y,Y,N,,,,,,,N,
2024,59848,"ResCom Energy, LLC",TX,Retail Power Marketer,,,,,,,,,,,,Y,,,,,,,,,,,,Y,,N,
2024,59931,"MidAmerican Energy Services, LLC",IA,Retail Power Marketer,,,,,,,,,,,Y,Y,Y,,Y,Y,,,,,,,,Y,N,N,
2024,59943,Spruce Finance,TX,Behind the Meter,,,,,,,N,,Y,Y,,,,,,,N,Y,,,,,,,,N,
2024,59972,The Regents of the Univ. of California,CA,Retail Power Marketer,,,,,,,,,Y,Y,,,,,,,,,,,,,,Y,,N,
2024,59993,Discount Power Inc - (CT),CT,Retail Power Marketer,,,,,N,,,,,,,Y,,,,Y,,,,,,,,Y,,N,
2024,60025,Greenbacker Renewable Energy Corporation,NY,Behind the Meter,,,Y,Y,Y,,,,Y,Y,,Y,,,,Y,,Y,,,,,,,,N,
2024,60065,Cross Texas Transmission,TX,Transmission,,Y,,,,,,,,,Y,,,,,,,,Y,,,,,,,N,
2024,60066,Wind Energy Transmission Texas LLC,TX,Transmission,,Y,,,,,,,,,Y,,,,,,,,Y,,,,,,,N,
2024,60123,Southeast Alaska Power Agency,AK,Transmission,,,,,,,,,,,,,,,,,Y,Y,Y,,,,Y,,,N,
2024,60124,Spring Energy RRH LLC,NY,Retail Power Marketer,,,,,,,,,,,,Y,,,,,,,,,,,,Y,Y,N,
2024,60181,CleanPowerSF,CA,Community Choice Aggregator,,,,,,,,,Y,Y,,,,,,,,N,,,,,,Y,,N,
2024,60202,Electranet Power LLC,TX,Retail Power Marketer,,Y,,,,,,,,,Y,,,,,,,,,,,,,Y,,N,
2024,60218,MPower Energy NJ LLC,NY,Retail Power Marketer,,,,,Y,,,,,,,Y,,,,N,,,,,,,,Y,,N,
2024,60402,Peninsula Clean Energy Authority,CA,Community Choice Aggregator,,,,,,,,,Y,Y,,,,,,,,,,,,,,Y,,N,
2024,60482,CKenergy Electric Cooperative,OK,Cooperative,,,,,,,,Y,,,,,,Y,,,,,,,Y,,,,,Y,Y
2024,60579,"SFE Energy Ohio, Inc.",CN,Retail Power Marketer,,,,,,,,,,,,Y,,,,,,,,,,,,Y,,N,
2024,60583,Atlantic Energy LLC,TX,Retail Power Marketer,,,,,,,,,,,Y,Y,Y,,,Y,,,,,,,,Y,,N,
2024,60631,Upper Michigan Energy Resources Corp.,WI,Investor Owned,,,,,,Y,,,,,,,,,Y,,,Y,,Y,Y,Y,Y,Y,,N,
2024,60696,"Vista Energy Marketing, L.P.",TX,Retail Power Marketer,,,,,,,,,,,,Y,,,Y,,,,,,,,,Y,Y,N,
2024,60758,Apple Valley Choice Energy,CA,Community Choice Aggregator,,,,,,,,,Y,Y,,,,,,,,,,,,,,Y,,N,
2024,60759,Silicon Valley Clean Energy Authority,CA,Community Choice Aggregator,,,,,,,,,Y,Y,,,,,,,,,,,,,,Y,,N,
2024,60839,Southern Pioneer Electric Company,KS,Cooperative,,,,,,,,Y,,,,,,Y,,,,N,Y,,Y,,,,,N,
2024,60868,Redwood Coast Energy Authority,CA,Community Choice Aggregator,,,,,,,,,Y,Y,,,,,,,,Y,,,,,Y,Y,,N,
2024,60913,Dynegy Marketing and Trade LLC,TX,Wholesale Power Marketer,,,,,,,,,,Y,Y,Y,Y,,Y,Y,,,,Y,,,Y,,,N,
2024,60914,Current Power & Gas Inc.,AZ,Retail Power Marketer,,,,,,,,,,,,Y,,,,,,,,,,,,Y,,N,
2024,60977,StateWise Energy Ohio LLC,CN,Retail Power Marketer,,,,,,,,,,,,Y,,,,,,,,,,,,Y,,N,
2024,60981,"TerraForm US Energy Services, LLC",NY,Behind the Meter,,,,,,,,,,Y,Y,Y,Y,N,N,N,Y,,,,,,,Y,,N,
2024,61059,"Renaissance Power & Gas, Inc.",NV,Retail Power Marketer,,,,,,,,,,,,Y,Y,,,Y,,,,,,,,Y,,N,
2024,61083,Pico Rivera Innovative Municipal Energy,CA,Community Choice Aggregator,,,,,,,,,Y,Y,,,,,,,,,,,,,,Y,,N,
2024,61092,"Stream Energy Illinois, LLC",TX,Retail Power Marketer,,,,,,,,,,,,Y,,,,,,,,,,,,Y,,N,
2024,61131,Freepoint Energy Solutions LLC,CT,Retail Power Marketer,ERCOT,N,,,,,,,,,Y,Y,Y,,,N,,,,,,,,Y,,N,
2024,61200,"Summer Energy Northeast, LLC",TX,Retail Power Marketer,,,,,Y,,,,,,,,,,,Y,,,,,,,,Y,,N,
2024,61201,"Stream Energy Delaware, LLC",TX,Retail Power Marketer,,,,,,,,,,,,Y,,,,,,,,,,,,Y,,N,
2024,61206,Total Gas & Power North America Inc,TX,Retail Power Marketer,,Y,,,,,,,,,Y,,,,,,,,,,,,Y,Y,,N,
2024,61264,Heritage Power LLC,TX,Retail Power Marketer,TRE,Y,,,,,,,,,Y,,,,,,,,,,,,,Y,,N,
2024,61265,Pogo Energy LLC,TX,Retail Power Marketer,,Y,,,,,,,,,Y,,,,,,,,,,,,,Y,,N,
2024,61300,Members 1st Power Cooperative,WY,Cooperative,,,,Y,,,,,Y,,,,,Y,,,,,,,,,Y,,,N,
2024,61353,Philadelphia Authority for Industrial Development,PA,Municipal,,,,,,,,,,,,Y,,,,,,Y,,,Y,,,,,N,
2024,61367,South Bay Energy Corp.,NY,Retail Power Marketer,,,,,,,,,,,,Y,Y,,,,,,,,,,,Y,,N,
2024,61424,Tidal Energy Marketing (U.S.) LLC,TX,Wholesale Power Marketer,,,,N,N,N,,,,,N,Y,N,,Y,N,,,,,,,Y,,,N,
2024,61431,Pioneer Community Energy,CA,Community Choice Aggregator,,,,,,,,,Y,Y,,,,,,,,,,,,,,Y,,N,
2024,61432,Central Coast Community Energy,CA,Community Choice Aggregator,,,,,,,,,Y,Y,,,,,,,,,,,,,,Y,,N,
2024,61433,San Jacinto Power,CA,Community Choice Aggregator,,,,,,,,,Y,Y,,,,,,,,,,,,,,Y,,N,
2024,61462,Valley Clean Energy Alliance,CA,Community Choice Aggregator,,,,,,,,,Y,Y,,,,,,,,,,,,,Y,Y,,N,
2024,61471,Rancho Mirage Energy Authority,CA,Community Choice Aggregator,,,,,,,,,Y,Y,,,,,,,,,,,,,,Y,,N,
2024,61475,Ava Community Energy,CA,Community Choice Aggregator,,,,,,,,,Y,Y,,,,,,,,,,,,N,,Y,,N,
2024,61479,"Stream Ohio Gas & Electric, LLC",TX,Retail Power Marketer,,,,,,,,,,,,Y,,,,,,,,,,,,Y,,N,
2024,61526,Clean Power Alliance of Southern Califor,CA,Community Choice Aggregator,,,,,,,,,Y,Y,,,,,,,,,,,,,Y,Y,,N,
2024,61570,King City Community Power,CA,Community Choice Aggregator,,,,,,,,,Y,Y,,,,,,,,,,,,,,Y,,N,
2024,61823,"Greenskies Renewable Energy, LLC",CT,Behind the Meter,,,,,,,,,,Y,,Y,Y,Y,Y,Y,,,,,,,,Y,,N,
2024,61855,"Pulse Power, LLC",TX,Retail Power Marketer,,Y,,,,,,,,,Y,,,,,,,,,,,,,Y,,N,
2024,61858,San Jose Clean Energy,CA,Community Choice Aggregator,WECC,,,,,,,,Y,Y,,,,,,,,,,,,,Y,Y,,N,
2024,61920,"All American Power and Gas, LLC",FL,Retail Power Marketer,,,,,,,,,,,,Y,Y,,,,,,,,,,,Y,,N,
2024,61922,"Pure Energy USA, LLC",NY,Retail Power Marketer,,,,,,,,,,,,Y,Y,,,,,,,,,,,Y,,N,
2024,61972,"SunSea Energy, LLC",NJ,Retail Power Marketer,,,,,,,,,,,,Y,Y,,,,,,,,,,,Y,,N,
2024,62094,"SFE Energy Illinois, Inc.",CN,Retail Power Marketer,,,,,,,,,,,,,,,Y,,,,,,,,,Y,,N,
2024,62117,"SFE Energy Texas, Inc.",CN,Retail Power Marketer,,,,,,,,,,,Y,,,,,,,,,,,,,Y,,N,
2024,62154,StateWise Energy Maryland LLC,CN,Retail Power Marketer,,,,,,,,,,,,Y,,,,,,,,,,,,Y,,N,
2024,62156,"Power UP Energy, LLC",NJ,Retail Power Marketer,,,,,,,,,,,,Y,,,,,,,,,,N,,Y,,N,
2024,62776,NorthPoint Energy,CN,Wholesale Power Marketer,,,,,,,,,,,,,,Y,Y,,,,N,Y,,,Y,,,N,
2024,62790,"Summer Energy Midwest, LLC",TX,Retail Power Marketer,,,,,,,,,,,,Y,,,,,,,,,,,,Y,,N,
2024,62862,Chariot Energy,TX,Retail Power Marketer,,Y,,,,,,,,,Y,,,,,,,,,,,,,Y,,N,
2024,62914,StateWise Energy Pennsylvania LLC,CN,Retail Power Marketer,,,,,,,,,,,,Y,,,,,,,,,,,,Y,,N,
2024,62987,Octopus Energy LLC,TX,Retail Power Marketer,,,,,,,,,,,,,,,,,,,,,,,,Y,,N,
2024,63007,First Choice Energy LLC,NY,Retail Power Marketer,,,,,,,,,,,,N,Y,,,,,,,,,,,Y,,N,
2024,63008,Agressive Energy LLC,NY,Retail Power Marketer,,,,,,,,,,,,Y,Y,,,,,,,,,,,Y,,N,
2024,63122,"Approved Energy II, LLC",NJ,Retail Power Marketer,,,,,,,,,,,,Y,Y,,,,,,,,,,,Y,Y,N,
2024,63168,Median Energy Corp.,NJ,Retail Power Marketer,,,,,,,,,,,,Y,Y,,,,,,,,,,,Y,,N,
2024,63169,Median Energy PA LLC,NJ,Retail Power Marketer,,,,,,,,,,,,,,,,,,,,,,,,Y,,N,
2024,63200,"Heritage Power Marketing, LLC",IL,Wholesale Power Marketer,,,,,,,,,,,,,,,,,,,,,,,Y,,,N,
2024,63232,"National Gas & Electric, LLC",TX,Retail Power Marketer,,,,,,,,,,,,Y,Y,,,Y,,,,,,,,Y,,N,
2024,63356,SmartestEnergy US LLC,NY,Retail Power Marketer,,,,,Y,,,,,,,Y,Y,,,Y,,,,,,,Y,Y,,N,
2024,63364,"Mirabito Power & Gas, LLC",NY,Retail Power Marketer,,,,,Y,,,,,,,,Y,,,,,,,,,,,Y,,N,
2024,63367,Commercial Energy of California,CA,Retail Power Marketer,,,,,,,,,,Y,,,,,,,,,,,,,,Y,,N,
2024,63422,Varsity Energy,TX,Retail Power Marketer,TRE,N,,,,,,,,,Y,,,,,,,,,,,,,Y,,N,
2024,63546,"Provision Power & Gas, LLC",TX,Retail Power Marketer,,,,,,,,,,,,Y,,,,,,,,,,,,Y,,N,
2024,63570,"Chief Energy Power, LLC",NY,Retail Power Marketer,,,,,,,,,,,,,Y,,,,,,,,,,Y,,,N,
2024,63695,"RPA Energy, Inc.",NY,Retail Power Marketer,,,,,,,,,,,,Y,,,,,,,,,,,,Y,,N,
2024,63725,Pomona Choice Energy (PCE),CA,Community Choice Aggregator,,,,,,,,,Y,Y,,,,,,,,,,,,,,Y,,N,
2024,63870,Click Energy LLC,PA,Retail Power Marketer,,,,,,,,,,,,Y,,,,,,,,,,,,Y,,N,
2024,64011,Rhythm Ops LLC,TX,Retail Power Marketer,,,,,,,,,,,Y,,,,,,,,,,,,,Y,,N,
2024,64195,Desert Community Energy,CA,Community Choice Aggregator,,,,,,,,,Y,Y,,,,,,,,,,,,,,Y,,N,
2024,64222,"Grid Power Direct, LLC",NY,Retail Power Marketer,,,,,,,,,,,,Y,Y,,,Y,,,,,,,,Y,,N,
2024,64289,San Diego Community Power,CA,Community Choice Aggregator,,,,,,,,,Y,Y,,,,,,,,,,,,,,Y,,N,
2024,64312,"JP Energy Resources, LLC",TX,Retail Power Marketer,,Y,,,,,,,,,Y,,,,,,,,,,,,,Y,,N,
2024,64314,BP Energy Retail LLC,TX,Retail Power Marketer,,,,,,,,,,Y,Y,Y,Y,Y,Y,Y,,,,,,,,Y,,N,
2024,64326,"Phoenix Energy Group, LLC",IL,Retail Power Marketer,,,,,,,,,,,,,,,,,,,,,,,,Y,,N,
2024,64425,Clean Energy Alliance,CA,Community Choice Aggregator,,,,,,,,,Y,Y,,,,,,,,,,,,,,Y,,N,
2024,64521,Ironhorse Power Services LLC,TX,Retail Power Marketer,,Y,,,,,,,,,Y,,,,,,,,,,,,,Y,,N,
2024,64543,StateWise Energy Illinois LLC,CN,Retail Power Marketer,,,,,,,,,,,,,,,Y,,,,,,,,,Y,,N,
2024,64554,OhmConnect Texas LLC,TX,Retail Power Marketer,,,,,,,,,,,Y,,,,,,,,,,,,,Y,,N,
2024,64555,Santa Barbara Clean Energy,CA,Community Choice Aggregator,,,,,,,,,Y,Y,,,,,,,,,,,,,,Y,,N,
2024,64601,LE Energy,AL,Retail Power Marketer,,,,,,,,,,,,Y,,,,,,,,,,,,Y,,N,
2024,64653,Declaration Energy LLC,TX,Retail Power Marketer,,Y,,,,,,,,,Y,,,,,,,,,,,,,Y,,N,
2024,64682,"Gexa Energy, LP",TX,Retail Power Marketer,,Y,,,,,,,,,Y,N,,,N,N,,,,,,,,Y,,N,
2024,64705,"NTHERM, LLC",TX,Retail Power Marketer,,,,,,,,,,,,Y,,,,,,,,,,,,Y,Y,N,
2024,64727,Branch Energy Texas LLC,TX,Retail Power Marketer,,,,,,,,,,,Y,,,,,,,,,,,,,Y,,N,
2024,64777,"Mid-Atlantic Interstate Transmission, LLC",OH,Transmission,RFC,,,,,Y,,,,,,Y,,,,,,,Y,,,,,,,N,
2024,64813,"Lanyard Power Marketing, LLC",TX,Wholesale Power Marketer,,,,,,,,,,,,,,,,,,,,,,,Y,,,N,
2024,64906,Mothership,TX,Retail Power Marketer,,,,,,,,,,,Y,,,,,,,,,,,,,Y,,N,
2024,64923,Capital Energy PA LLC,TX,Retail Power Marketer,TRE,Y,,,,,,,,,Y,Y,,,,,,,,,,,,Y,,N,
2024,64928,Orange County Power Authority,CA,Community Choice Aggregator,,,,,,,,,,,,,,,,,,,,,,,,Y,,N,
2024,64929,"Good Charlie & Co., LLC",TX,Retail Power Marketer,,N,,,,,,,,,Y,,,,,,,,,,,,,Y,,N,
2024,64974,PBF Power Marketing,NJ,Retail Power Marketer,RFC,,,,,Y,,,,,,Y,,,,,,N,,,,,N,Y,,N,
2024,64977,Revolution Energy LLC,TX,Retail Power Marketer,,Y,,,,,,,,,Y,,,,,,,,,,,,,Y,,N,
2024,65090,"Lone Star Transmission, LLC",TX,Transmission,,Y,,,,,,,,,Y,,,,,,,,Y,,,,,,,N,
2024,65242,"Scale Sustainable I, LLC",NJ,Behind the Meter,,,,,,,,,Y,Y,,Y,,,,,,Y,,,,,,,,N,
2024,65259,Energy for Palmdale's Independent Choice,CA,Community Choice Aggregator,,,,,,,,,Y,Y,,,,,,,,,,,,,,Y,,N,
2024,65261,Gila River Indian Utility Authority (GRICUA),AZ,Cooperative,,,,,,,,Y,,,,,,Y,,,,,,Y,,Y,,,,N,
2024,65262,"Archer Energy, LLC",OH,Retail Power Marketer,PJM,,,,,,,,,,,Y,,,,Y,,,,,,,,Y,,N,
2024,65310,Energywell LLC,CT,Retail Power Marketer,,,,,,,,,,,,Y,Y,,,Y,,,,,,,,Y,,N,
2024,65314,"BKV-BPP Retail, LLC",CO,Retail Power Marketer,,,,,,,,,,,Y,,,,,,,,,,,,,Y,,N,
2024,65335,Pay Less Energy LLC,FL,Retail Power Marketer,,,,,,,,,,,,Y,Y,,,,,,,,,,,Y,,N,
2024,65353,Arrow Energy TX LLC,TX,Retail Power Marketer,,Y,,,,,,,,,Y,,,,,,,,,,,,N,Y,,N,
2024,65413,Tesla Energy Ventures,TX,Retail Power Marketer,,,,,,,,,,,Y,,,,,,,,,,,,,Y,,N,
2024,65439,CPV Retail Energy LP,TX,Retail Power Marketer,,,,,,Y,,,,,,Y,,,,,,,,,,,,Y,,N,
2024,65506,"Constellation Energy Generation, LLC",MD,Wholesale Power Marketer,,Y,,Y,Y,Y,Y,Y,Y,Y,Y,Y,Y,Y,Y,Y,,Y,,Y,,,Y,,,Y,Y
2024,65604,Trans-Allegheny Interstate Line Co,OH,Transmission,,,,,,Y,,,,,,Y,,,,,,,Y,,,,,,,N,
2024,65610,Ammper Power LLC,TX,Retail Power Marketer,,Y,,,,,,,,,Y,,,,,,,,,,,,,Y,,N,
2024,65612,Citadel Energy Marketing LLC,CT,Wholesale Power Marketer,,Y,,Y,,,,Y,Y,Y,Y,,,Y,Y,,,,,,,,Y,,,N,
2024,65613,"ABN Energy, LLC",NY,Retail Power Marketer,,,,,,,,,,,,,Y,,,,,,,,,,,Y,,N,
2024,65636,"Nexus Line, LLC",ND,Transmission,,,,Y,,,,,,,,,,,Y,,,N,Y,,,,,,,N,
2024,65649,Community Power Coalition of NH,NH,Community Choice Aggregator,,,,,,,,,,,,,,,,Y,,,,,,,,,,N,
2024,65848,"Morgan Stanley Energy Structuring, L.L.C.",NY,Wholesale Power Marketer,,,,,,,,,,,,,,,,,Y,,,,,,Y,,,N,
2024,66073,MPD Electric Cooperative,SC,Cooperative,SERC,,,,,,Y,,,,,,,,,,Y,,,,Y,,,,,Y,Y
2024,66082,Eastside Power Authority,CA,Political Subdivision,,,,,,,,,Y,Y,,,,,,,,N,,,,,Y,N,,N,
2024,66101,FirstEnergy Pennsylvania Electric Co,OH,Investor Owned,RFC,,,,,Y,,,,,,Y,,,,,,,,,Y,,Y,,,Y,Y
2024,66113,"EcoPlus Power, LLC",CT,Retail Power Marketer,,,,,,,,,,,,Y,,,,,,,,,,,,Y,,N,
2024,66116,"Robindale Retail Power Services, LLC",PA,Retail Power Marketer,,,,,,,,,,,,Y,,,,,,,,,,,,Y,,N,
2024,66118,Spartacus Energy Services LLC,NY,Retail Power Marketer,,,,,,,,,,,,Y,,,,,,,,,,,,Y,,N,
2024,66164,"TerraForm Renewable Energy Services, LLC",NY,Retail Power Marketer,,Y,,,,,,,,,Y,,,,,,,,,,,,,Y,,N,
2024,66173,Northeastern Power and Gas LLC,NY,Retail Power Marketer,,,,,,,,,,,,,Y,,,,,,,,,,,Y,,N,
2024,66193,Power and Water Resources Pooling Authority,CA,Political Subdivision,,,,,,,,,Y,Y,,,,,,,,,,,,,Y,N,,N,
2024,66332,"Base Texas REP, LLC",TX,Retail Power Marketer,TRE,N,,,,,,,,,Y,,,,,,,,,,,,,Y,,N,
2024,66333,"Light Energy, LLC",TX,Retail Power Marketer,,,,,,,,,,,Y,,,,,,,,,,,,,Y,,N,
2024,66398,Brookfield Renewable Trading and Marketing LP,NY,Retail Power Marketer,,,,,,,,,,,,N,Y,,,Y,,,,,,,N,Y,,N,
2024,66399,Brookfield Renewable Energy Marketing US LLC,NY,Retail Power Marketer,,,,,,,,,,,,Y,Y,,,,Y,,,,,,,Y,,N,
2024,66435,"MEMS Industrial Supply, LLC",TX,Retail Power Marketer,,,,,,,,,,,Y,,,,,,,,,,,,,Y,,N,
2024,66436,Maison Energy LLC,TX,Retail Power Marketer,TRE,Y,,,,,,,,,Y,,,,,,,,,,,,,Y,,N,
2024,66582,Pumpjack Power LLC,TX,Retail Power Marketer,,Y,,,,,,,,,Y,,,,,,,,,,,,,Y,,N,
2024,66678,Polaris Power Services LLC,NY,Retail Power Marketer,,,,,,,,,,,,Y,Y,,,,,,,,,,,Y,,N,
2024,66846,"Transource Energy, LLC",OH,Transmission,,,,,,Y,,Y,,,,Y,,Y,,,,,Y,,,,,,,N,
2024,66851,Gridmatic Retail LLC,TX,Retail Power Marketer,,,,,,,,,,,Y,,,,,,,,,,,,,Y,,N,
2024,66866,University of Massachusetts Amherst,MA,State,,,,,Y,,,,,,,,,,,Y,,Y,N,,Y,,,,,Y,Y
2024,66867,David Energy Supply LLC,,Retail Power Marketer,,,,,,,,,,,Y,Y,Y,,,Y,,,,,,,,,,N,
2024,66909,"AEP Ohio Transmission Company, Inc.",OH,Transmission,,,,,,Y,,,,,,Y,,,,,,,Y,,,,,,,N,
2024,66923,"DCR Transmission, LLC",CT,Transmission,,,,,,,,,Y,Y,,,,,,,,,Y,,,,,,,N,
2024,67055,Mitsui & Co. Energy Marketing and Services,TX,Wholesale Power Marketer,,,,,,,,,,,Y,Y,,,,,,,,,,,Y,,,N,
2024,67076,"FlowX, LLC",TX,Retail Power Marketer,,Y,,,,,,,,,Y,,,,,,,,,,,,,Y,,N,
2024,67099,"Energy Prepay II, LLC",NY,Wholesale Power Marketer,,,,,,,,,,,,,,,,,Y,,,,,,Y,,,N,
2024,67112,Keystone Appalachian Transmission Company,OH,Transmission,,,,,,Y,,,,,,Y,,,,,,,Y,,,,,,,N,
2024,67113,Morongo Transmission LLC,CA,Transmission,,,,,,,,,Y,Y,,,,,,,,,Y,,,,,,,N,
2024,67122,Selfserve Energy Corp.,TX,Retail Power Marketer,,Y,,,,,,,,,Y,,,,,,,,,,,,,Y,,N,
2024,67251,GridLiance Heartland LLC,FL,Transmission,,,,,,,,,,,,,,,Y,,,,Y,,,,,,,N,
2024,88888,Withheld,TX,Retail Power Marketer,TRE,,,,,,,,,,Y,,,,,,,,,,,,Y,Y,,,
2024,88888,Withheld,TX,Retail Power Marketer,,N,,,,,,,,,Y,,,,,,,,,,,,,Y,,,
2024,88888,Withheld,TX,Retail Power Marketer,TRE,Y,,,,,,,,,Y,,,,,,,N,,,,,N,Y,,,
